,<-- Navigate by typing to search,,,,,,,,,,,,,,,,,,,,,,
Branch,Type,Region,Sector,Service,Technology,Parameter,Context,Sub_Context,Target,Source,Unit,2000,2005,2010,2015,2020,2025,2030,2035,2040,2045,2050,Comments
CIMS.CAN.SK,Region,SK,Residential,,,service_request,,,CIMS.CAN.SK.Residential,annual_region,household,401754,415307,437775,473573,493632,514860.357529783,537001.628248767,560095.071458568,584181.634784267,609304.026779789,635506.792655618,
CIMS.CAN.SK.Residential,Sector,SK,Residential,,,service_provide,,,,constant_tech,household,,,,,,,,,,,,
CIMS.CAN.SK.Residential,Sector,SK,Residential,,,competition,Sector,,,,,,,,,,,,,,,,
CIMS.CAN.SK.Residential,Sector,SK,Residential,,,multiplier_price,,,CIMS.CAN.SK.Biodiesel,JCIMS,,1,1,1,1,1,1,1,1,1,1,1,
CIMS.CAN.SK.Residential,Sector,SK,Residential,,,multiplier_price,,,CIMS.Generic Fuels.Biogas,JCIMS,,1,1,1,1,1,1,1,1,1,1,1,
CIMS.CAN.SK.Residential,Sector,SK,Residential,,,multiplier_price,,,CIMS.Generic Fuels.Black Liquor,JCIMS,,1,1,1,1,1,1,1,1,1,1,1,
CIMS.CAN.SK.Residential,Sector,SK,Residential,,,multiplier_price,,,CIMS.Generic Fuels.Coal,JCIMS,,1,1,1,1,1,1,1,1,1,1,1,
CIMS.CAN.SK.Residential,Sector,SK,Residential,,,multiplier_price,,,CIMS.Generic Fuels.Coke,JCIMS,,1,1,1,1,1,1,1,1,1,1,1,
CIMS.CAN.SK.Residential,Sector,SK,Residential,,,multiplier_price,,,CIMS.Generic Fuels.Diesel,JCIMS,,0.4296516178108,0.63580249062989,1.08264801389801,1.1687197472317,1.34575771251316,1.48215472704562,1.60645090798754,1.7123726716099,1.77882944820582,1.79174078039339,1.81388320152717,
CIMS.CAN.SK.Residential,Sector,SK,Residential,,,multiplier_price,,,CIMS.CAN.SK.Electricity,CER,,1.33,1.33,1.33,1.33,1.33,1.33,1.33,1.33,1.33,1.33,1.33,
CIMS.CAN.SK.Residential,Sector,SK,Residential,,,multiplier_price,,,CIMS.CAN.SK.Ethanol,JCIMS,,1,1,1,1,1,1,1,1,1,1,1,
CIMS.CAN.SK.Residential,Sector,SK,Residential,,,multiplier_price,,,CIMS.Generic Fuels.Fuel Oil,CER,,1.78840158684258,1.71715790229396,1.49628862358485,1.42684344516065,1.33714694876229,1.22352053784292,1.18226901696094,1.22534628556976,1.25103178927831,1.27479707418082,1.29583627458191,
CIMS.CAN.SK.Residential,Sector,SK,Residential,,,multiplier_price,,,CIMS.Generic Fuels.Gasoline,JCIMS,,1,1,1,1,1,1,1,1,1,1,1,
CIMS.CAN.SK.Residential,Sector,SK,Residential,,,multiplier_price,,,CIMS.CAN.SK.Hydrogen,JCIMS,,1,1,1,1,1,1,1,1,1,1,1,
CIMS.CAN.SK.Residential,Sector,SK,Residential,,,multiplier_price,,,CIMS.Generic Fuels.Jet Fuel,JCIMS,,1,1,1,1,1,1,1,1,1,1,1,
CIMS.CAN.SK.Residential,Sector,SK,Residential,,,multiplier_price,,,CIMS.Generic Fuels.LPG,JCIMS,,1,1,1,1,1,1,1,1,1,1,1,
CIMS.CAN.SK.Residential,Sector,SK,Residential,,,multiplier_price,,,CIMS.Generic Fuels.Natural Gas,CER,,1.47370059029043,1.56796752929475,2.00259575119984,2.33631157184173,1.82936364051639,1.3919670490177,1.11421139360048,1.19677021384237,1.26936353648776,1.33909904922696,1.39902098987647,
CIMS.CAN.SK.Residential,Sector,SK,Residential,,,multiplier_price,,,CIMS.Generic Fuels.Petroleum Coke,JCIMS,,1,1,1,1,1,1,1,1,1,1,1,
CIMS.CAN.SK.Residential,Sector,SK,Residential,,,multiplier_price,,,CIMS.Generic Fuels.Propane,JCIMS,,1,1,1,1,1,1,1,1,1,1,1,
CIMS.CAN.SK.Residential,Sector,SK,Residential,,,multiplier_price,,,CIMS.Generic Fuels.Refinery Fuel Gas,JCIMS,,1,1,1,1,1,1,1,1,1,1,1,
CIMS.CAN.SK.Residential,Sector,SK,Residential,,,multiplier_price,,,CIMS.Generic Fuels.Solid Biomass,JCIMS,,8.15869115664895,10,32.4452527204579,32.4452527204579,32.4452527204579,32.4452527204579,32.4452527204579,32.4452527204579,32.4452527204579,32.4452527204579,32.4452527204579,
CIMS.CAN.SK.Residential,Sector,SK,Residential,,,multiplier_price,,,CIMS.Generic Fuels.Uranium,JCIMS,,1,1,1,1,1,1,1,1,1,1,1,
CIMS.CAN.SK.Residential,Sector,SK,Residential,,,multiplier_price,,,CIMS.Generic Fuels.Waste Fuel,JCIMS,,1,1,1,1,1,1,1,1,1,1,1,
CIMS.CAN.SK.Residential,Sector,SK,Residential,,,service_request,,,CIMS.CAN.SK.Residential.Dwellings,annual_tech,building,1,1,1,1,1,1,1,1,1,1,1,
CIMS.CAN.SK.Residential.Dwellings,Service,SK,Residential,Dwellings,,service_provide,,,,constant_tech,building,,,,,,,,,,,,
CIMS.CAN.SK.Residential.Dwellings,Service,SK,Residential,Dwellings,,competition,Fixed Ratio,,,,,,,,,,,,,,,,
CIMS.CAN.SK.Residential.Dwellings,Service,SK,Residential,Dwellings,,service_request,,,CIMS.CAN.SK.Residential.Dwellings.Building Type,annual_tech,building,1,1,1,1,1,1,1,1,1,1,1,
CIMS.CAN.SK.Residential.Dwellings,Service,SK,Residential,Dwellings,,service_request,,,CIMS.CAN.SK.Residential.Dwellings.Refrigerators,annual_region,unit,1.251728,1.273339,1.307176132,1.330824561,1.354256124,1.377450828,1.400389546,1.423054075,1.445427183,1.445427183,1.445427183,
CIMS.CAN.SK.Residential.Dwellings,Service,SK,Residential,Dwellings,,service_request,,,CIMS.CAN.SK.Residential.Dwellings.Freezers,annual_region,unit,0.571757,0.534712,0.520323588,0.504664734,0.489153124,0.473807609,0.458646185,0.443685924,0.428942905,0.428942905,0.428942905,
CIMS.CAN.SK.Residential.Dwellings,Service,SK,Residential,Dwellings,,service_request,,,CIMS.CAN.SK.Residential.Dwellings.Ranges,annual_region,unit,1,1,1,1,1,1,1,1,1,1,1,
CIMS.CAN.SK.Residential.Dwellings,Service,SK,Residential,Dwellings,,service_request,,,CIMS.CAN.SK.Residential.Dwellings.Dishwashing,annual_region,unit,1,1,1,1,1,1,1,1,1,1,1,
CIMS.CAN.SK.Residential.Dwellings,Service,SK,Residential,Dwellings,,service_request,,,CIMS.CAN.SK.Residential.Dwellings.Clothes Washing,annual_region,unit,0.751267,0.751267,0.751267,0.751267,0.751267,0.751267,0.751267,0.751267,0.751267,0.751267,0.751267,
CIMS.CAN.SK.Residential.Dwellings,Service,SK,Residential,Dwellings,,service_request,,,CIMS.CAN.SK.Residential.Dwellings.Minor Appliances,annual_region,unit,1,1.192123591,1.361853177,1.57527599,1.814567321,2.080506777,2.373180546,2.691823712,3.03469597,3.03469597,3.03469597,
CIMS.CAN.SK.Residential.Dwellings,Service,SK,Residential,Dwellings,,service_request,,,CIMS.CAN.SK.Residential.Dwellings.Non-appliance Hot Water,annual_region,unit,1.21,1.21,1.21,1.21,1.21,1.21,1.21,1.21,1.21,1.21,1.21,
CIMS.CAN.SK.Residential.Dwellings.Building Type,Service,SK,Residential,Building Type,,service_provide,,,,constant_tech,building,,,,,,,,,,,,
CIMS.CAN.SK.Residential.Dwellings.Building Type,Service,SK,Residential,Building Type,,competition,Tech Compete,,,,,,,,,,,,,,,,
CIMS.CAN.SK.Residential.Dwellings.Building Type,Service,SK,Residential,Building Type,,intercept_retirement,,,,constant_tech,,-2.619,-2.619,-2.619,-2.619,-2.619,-2.619,-2.619,-2.619,-2.619,-2.619,-2.619,
CIMS.CAN.SK.Residential.Dwellings.Building Type,Service,SK,Residential,Building Type,Apartment,technology,,,,,,,,,,,,,,,,,
CIMS.CAN.SK.Residential.Dwellings.Building Type,Service,SK,Residential,Building Type,Apartment,market_share_total,,,,annual_region_tech,%,0.18372685772886,0.18304290560959,0.18143795328651,0.19085547529103,0.19821445935434,0.19831303948527,0.20217978831156,0.20525797257219,0.20735827834604,0.20880908670137,0.20982447569489,
CIMS.CAN.SK.Residential.Dwellings.Building Type,Service,SK,Residential,Building Type,Apartment,service_request,,,CIMS.CAN.SK.Residential.Dwellings.Building Type.High Density,annual_region_tech,m2,87.0307398425752,90.9377918678225,95.6703471024437,101.599840679766,105.207215493893,110.808708805295,115.698993590926,120.00119856374,123.44253412877,126.174727938141,128.331359785219,
CIMS.CAN.SK.Residential.Dwellings.Building Type,Service,SK,Residential,Building Type,Detached,technology,,,,,,,,,,,,,,,,,
CIMS.CAN.SK.Residential.Dwellings.Building Type,Service,SK,Residential,Building Type,Detached,market_share_total,,,,annual_region_tech,%,0.73307297500461,0.72916661650297,0.72630917708869,0.70986732774039,0.69881207053027,0.69264415072711,0.68346186093131,0.6756257582426,0.66962560819955,0.66502033094767,0.66147915638115,
CIMS.CAN.SK.Residential.Dwellings.Building Type,Service,SK,Residential,Building Type,Detached,service_request,,,CIMS.CAN.SK.Residential.Dwellings.Building Type.LowMed Density,annual_region_tech,m2,125.538597354973,131.404625728136,138.26581959995,145.023113030752,148.920442027389,156.651441393742,162.862367869978,168.313986443156,172.660554474777,176.102739728717,178.814485618033,
CIMS.CAN.SK.Residential.Dwellings.Building Type,Service,SK,Residential,Building Type,Attached,technology,,,,,,,,,,,,,,,,,
CIMS.CAN.SK.Residential.Dwellings.Building Type,Service,SK,Residential,Building Type,Attached,market_share_total,,,,annual_region_tech,%,0.05433424433858,0.05917550149648,0.06387070983953,0.07173762017683,0.07597967716842,0.08242993089249,0.08824275901474,0.09342377464896,0.09764617451085,0.10104737852368,0.10376239313242,
CIMS.CAN.SK.Residential.Dwellings.Building Type,Service,SK,Residential,Building Type,Attached,service_request,,,CIMS.CAN.SK.Residential.Dwellings.Building Type.LowMed Density,annual_region_tech,m2,100.050391680792,104.736328125,110.046135688995,117.122420745886,121.233935903589,127.731577845021,133.39490705219,138.377710484949,142.364048456124,145.529302318247,148.027988782215,
CIMS.CAN.SK.Residential.Dwellings.Building Type,Service,SK,Residential,Building Type,Mobile,technology,,,,,,,,,,,,,,,,,
CIMS.CAN.SK.Residential.Dwellings.Building Type,Service,SK,Residential,Building Type,Mobile,market_share_total,,,,annual_region_tech,%,0.0288634338426,0.02861256853364,0.02838215978528,0.02753957679175,0.02699379294697,0.02661287889513,0.02611559174239,0.02569249453625,0.02536993894356,0.02512320382728,0.02493397479155,
CIMS.CAN.SK.Residential.Dwellings.Building Type,Service,SK,Residential,Building Type,Mobile,service_request,,,CIMS.CAN.SK.Residential.Dwellings.Building Type.LowMed Density,annual_region_tech,m2,87.0989996550535,89.2872170327358,91.9919517102616,95.0007667535654,96.360225140713,99.528837801246,102.028946442804,104.207045891652,105.925107174435,107.274429397495,108.330598815217,
CIMS.CAN.SK.Residential.Dwellings.Building Type.High Density,Service,SK,Residential,High Density,,service_provide,,,,constant_tech,m2,,,,,,,,,,,,
CIMS.CAN.SK.Residential.Dwellings.Building Type.High Density,Service,SK,Residential,High Density,,competition,Fixed Ratio,,,,,,,,,,,,,,,,
CIMS.CAN.SK.Residential.Dwellings.Building Type.High Density,Service,SK,Residential,High Density,,service_request,,,CIMS.CAN.SK.Residential.Dwellings.Building Type.High Density.Vintage,annual_tech,m2,1,1,1,1,1,1,1,1,1,1,1,
CIMS.CAN.SK.Residential.Dwellings.Building Type.High Density,Service,SK,Residential,High Density,,service_request,,,CIMS.CAN.SK.Residential.Dwellings.Building Type.High Density.Cooling,annual_region,GJ,0.01507564362963,0.01507564362963,0.01507564362963,0.01507564362963,0.01507564362963,0.01507564362963,0.01507564362963,0.01507564362963,0.01507564362963,0.01507564362963,0.01507564362963,
CIMS.CAN.SK.Residential.Dwellings.Building Type.High Density,Service,SK,Residential,High Density,,service_request,,,CIMS.CAN.SK.Residential.Dwellings.Lighting,annual_tech,m2,1.16,1.16,1.16,1.16,1.16,1.16,1.16,1.16,1.16,1.16,1.16,
CIMS.CAN.SK.Residential.Dwellings.Building Type.High Density,Service,SK,Residential,High Density,,service_request,,,CIMS.CAN.SK.Residential.Dwellings.Solar PV,annual_tech,m2 of roofspace,0.05,0.05,0.05,0.05,0.05,0.05,0.05,0.05,0.05,0.05,0.05,
CIMS.CAN.SK.Residential.Dwellings.Building Type.High Density.Vintage,Service,SK,Residential,Vintage,,service_provide,,,,constant_tech,m2,,,,,,,,,,,,
CIMS.CAN.SK.Residential.Dwellings.Building Type.High Density.Vintage,Service,SK,Residential,Vintage,,competition,Tech Compete,,,,,,,,,,,,,,,,
CIMS.CAN.SK.Residential.Dwellings.Building Type.High Density.Vintage,Service,SK,Residential,Vintage,,discount_rate_financial,,,,constant_tech,%,0.25,0.25,0.25,0.25,0.25,0.25,0.25,0.25,0.25,0.25,0.25,
CIMS.CAN.SK.Residential.Dwellings.Building Type.High Density.Vintage,Service,SK,Residential,Vintage,<1960,technology,,,,,,,,,,,,,,,,,
CIMS.CAN.SK.Residential.Dwellings.Building Type.High Density.Vintage,Service,SK,Residential,Vintage,<1960,market_share_total,,,,annual_region_tech,%,0.24688667496887,,,,,,,,,,,
CIMS.CAN.SK.Residential.Dwellings.Building Type.High Density.Vintage,Service,SK,Residential,Vintage,<1960,available,,,,constant_tech,Year,1945,1945,1945,1945,1945,1945,1945,1945,1945,1945,1945,
CIMS.CAN.SK.Residential.Dwellings.Building Type.High Density.Vintage,Service,SK,Residential,Vintage,<1960,unavailable,,,,constant_tech,Year,2001,2001,2001,2001,2001,2001,2001,2001,2001,2001,2001,
CIMS.CAN.SK.Residential.Dwellings.Building Type.High Density.Vintage,Service,SK,Residential,Vintage,<1960,lifetime,,,,constant_tech,Years,105,105,105,105,105,105,105,105,105,105,105,
CIMS.CAN.SK.Residential.Dwellings.Building Type.High Density.Vintage,Service,SK,Residential,Vintage,<1960,retrofit_existing_max,,,,constant_tech,%,0,0,0,0,0,0,0,0,0,0,0,
CIMS.CAN.SK.Residential.Dwellings.Building Type.High Density.Vintage,Service,SK,Residential,Vintage,<1960,service_request,,,CIMS.CAN.SK.Residential.Dwellings.Building Type.High Density.Vintage.<1960 Bldg Code,annual_tech,GJ,1,1,1,1,1,1,1,1,1,1,1,
CIMS.CAN.SK.Residential.Dwellings.Building Type.High Density.Vintage,Service,SK,Residential,Vintage,1961-1980,technology,,,,,,,,,,,,,,,,,
CIMS.CAN.SK.Residential.Dwellings.Building Type.High Density.Vintage,Service,SK,Residential,Vintage,1961-1980,market_share_total,,,,annual_region_tech,%,0.40333125778331,,,,,,,,,,,
CIMS.CAN.SK.Residential.Dwellings.Building Type.High Density.Vintage,Service,SK,Residential,Vintage,1961-1980,available,,,,constant_tech,Year,1961,1961,1961,1961,1961,1961,1961,1961,1961,1961,1961,
CIMS.CAN.SK.Residential.Dwellings.Building Type.High Density.Vintage,Service,SK,Residential,Vintage,1961-1980,unavailable,,,,constant_tech,Year,2001,2001,2001,2001,2001,2001,2001,2001,2001,2001,2001,
CIMS.CAN.SK.Residential.Dwellings.Building Type.High Density.Vintage,Service,SK,Residential,Vintage,1961-1980,lifetime,,,,constant_tech,Years,185,185,185,185,185,185,185,185,185,185,185,
CIMS.CAN.SK.Residential.Dwellings.Building Type.High Density.Vintage,Service,SK,Residential,Vintage,1961-1980,retrofit_existing_max,,,,constant_tech,%,0,0,0,0,0,0,0,0,0,0,0,
CIMS.CAN.SK.Residential.Dwellings.Building Type.High Density.Vintage,Service,SK,Residential,Vintage,1961-1980,service_request,,,CIMS.CAN.SK.Residential.Dwellings.Building Type.High Density.Vintage.1961-1980 Bldg Code,annual_tech,GJ,1,1,1,1,1,1,1,1,1,1,1,
CIMS.CAN.SK.Residential.Dwellings.Building Type.High Density.Vintage,Service,SK,Residential,Vintage,1981-2000,technology,,,,,,,,,,,,,,,,,
CIMS.CAN.SK.Residential.Dwellings.Building Type.High Density.Vintage,Service,SK,Residential,Vintage,1981-2000,market_share_total,,,,annual_region_tech,%,0.34978206724782,,,,,,,,,,,
CIMS.CAN.SK.Residential.Dwellings.Building Type.High Density.Vintage,Service,SK,Residential,Vintage,1981-2000,available,,,,constant_tech,Year,1981,1981,1981,1981,1981,1981,1981,1981,1981,1981,1981,
CIMS.CAN.SK.Residential.Dwellings.Building Type.High Density.Vintage,Service,SK,Residential,Vintage,1981-2000,unavailable,,,,constant_tech,Year,2001,2001,2001,2001,2001,2001,2001,2001,2001,2001,2001,
CIMS.CAN.SK.Residential.Dwellings.Building Type.High Density.Vintage,Service,SK,Residential,Vintage,1981-2000,lifetime,,,,constant_tech,Years,275,275,275,275,275,275,275,275,275,275,275,
CIMS.CAN.SK.Residential.Dwellings.Building Type.High Density.Vintage,Service,SK,Residential,Vintage,1981-2000,retrofit_existing_max,,,,constant_tech,%,0,0,0,0,0,0,0,0,0,0,0,
CIMS.CAN.SK.Residential.Dwellings.Building Type.High Density.Vintage,Service,SK,Residential,Vintage,1981-2000,service_request,,,CIMS.CAN.SK.Residential.Dwellings.Building Type.High Density.Vintage.1981-2000 Bldg Code,annual_tech,GJ,1,1,1,1,1,1,1,1,1,1,1,
CIMS.CAN.SK.Residential.Dwellings.Building Type.High Density.Vintage,Service,SK,Residential,Vintage,2001-2020,technology,,,,,,,,,,,,,,,,,
CIMS.CAN.SK.Residential.Dwellings.Building Type.High Density.Vintage,Service,SK,Residential,Vintage,2001-2020,market_share_total,,,,annual_region_tech,%,0,,,,,,,,,,,
CIMS.CAN.SK.Residential.Dwellings.Building Type.High Density.Vintage,Service,SK,Residential,Vintage,2001-2020,available,,,,constant_tech,Year,2001,2001,2001,2001,2001,2001,2001,2001,2001,2001,2001,
CIMS.CAN.SK.Residential.Dwellings.Building Type.High Density.Vintage,Service,SK,Residential,Vintage,2001-2020,unavailable,,,,constant_tech,Year,2021,2021,2021,2021,2021,2021,2021,2021,2021,2021,2021,
CIMS.CAN.SK.Residential.Dwellings.Building Type.High Density.Vintage,Service,SK,Residential,Vintage,2001-2020,lifetime,,,,constant_tech,Years,80,80,80,80,80,80,80,80,80,80,80,
CIMS.CAN.SK.Residential.Dwellings.Building Type.High Density.Vintage,Service,SK,Residential,Vintage,2001-2020,retrofit_existing_max,,,,constant_tech,%,0,0,0,0,0,0,0,0,0,0,0,
CIMS.CAN.SK.Residential.Dwellings.Building Type.High Density.Vintage,Service,SK,Residential,Vintage,2001-2020,service_request,,,CIMS.CAN.SK.Residential.Dwellings.Building Type.High Density.Vintage.2001-2020 Bldg Code,annual_tech,GJ,1,1,1,1,1,1,1,1,1,1,1,
CIMS.CAN.SK.Residential.Dwellings.Building Type.High Density.Vintage,Service,SK,Residential,Vintage,2021-2035,technology,,,,,,,,,,,,,,,,,
CIMS.CAN.SK.Residential.Dwellings.Building Type.High Density.Vintage,Service,SK,Residential,Vintage,2021-2035,market_share_total,,,,annual_region_tech,%,0,,,,,,,,,,,
CIMS.CAN.SK.Residential.Dwellings.Building Type.High Density.Vintage,Service,SK,Residential,Vintage,2021-2035,available,,,,constant_tech,Year,2021,2021,2021,2021,2021,2021,2021,2021,2021,2021,2021,
CIMS.CAN.SK.Residential.Dwellings.Building Type.High Density.Vintage,Service,SK,Residential,Vintage,2021-2035,unavailable,,,,constant_tech,Year,2036,2036,2036,2036,2036,2036,2036,2036,2036,2036,2036,
CIMS.CAN.SK.Residential.Dwellings.Building Type.High Density.Vintage,Service,SK,Residential,Vintage,2021-2035,lifetime,,,,constant_tech,Years,80,80,80,80,80,80,80,80,80,80,80,
CIMS.CAN.SK.Residential.Dwellings.Building Type.High Density.Vintage,Service,SK,Residential,Vintage,2021-2035,retrofit_existing_max,,,,constant_tech,%,0,0,0,0,0,0,0,0,0,0,0,
CIMS.CAN.SK.Residential.Dwellings.Building Type.High Density.Vintage,Service,SK,Residential,Vintage,2021-2035,service_request,,,CIMS.CAN.SK.Residential.Dwellings.Building Type.High Density.Vintage.2021-2035 Bldg Code,annual_tech,GJ,1,1,1,1,1,1,1,1,1,1,1,
CIMS.CAN.SK.Residential.Dwellings.Building Type.High Density.Vintage,Service,SK,Residential,Vintage,>2035,technology,,,,,,,,,,,,,,,,,
CIMS.CAN.SK.Residential.Dwellings.Building Type.High Density.Vintage,Service,SK,Residential,Vintage,>2035,market_share_total,,,,annual_tech,%,0,,,,,,,,,,,
CIMS.CAN.SK.Residential.Dwellings.Building Type.High Density.Vintage,Service,SK,Residential,Vintage,>2035,available,,,,constant_tech,Year,2036,2036,2036,2036,2036,2036,2036,2036,2036,2036,2036,
CIMS.CAN.SK.Residential.Dwellings.Building Type.High Density.Vintage,Service,SK,Residential,Vintage,>2035,unavailable,,,,constant_tech,Year,2101,2101,2101,2101,2101,2101,2101,2101,2101,2101,2101,
CIMS.CAN.SK.Residential.Dwellings.Building Type.High Density.Vintage,Service,SK,Residential,Vintage,>2035,lifetime,,,,constant_tech,Years,80,80,80,80,80,80,80,80,80,80,80,
CIMS.CAN.SK.Residential.Dwellings.Building Type.High Density.Vintage,Service,SK,Residential,Vintage,>2035,retrofit_existing_max,,,,constant_tech,%,0,0,0,0,0,0,0,0,0,0,0,
CIMS.CAN.SK.Residential.Dwellings.Building Type.High Density.Vintage,Service,SK,Residential,Vintage,>2035,service_request,,,CIMS.CAN.SK.Residential.Dwellings.Building Type.High Density.Vintage.>2035 Bldg Code,annual_tech,GJ,1,1,1,1,1,1,1,1,1,1,1,
CIMS.CAN.SK.Residential.Dwellings.Building Type.High Density.Vintage.<1960 Bldg Code,Service,SK,Residential,<1960 Bldg Code,,service_provide,,,,constant_tech,m2,,,,,,,,,,,,
CIMS.CAN.SK.Residential.Dwellings.Building Type.High Density.Vintage.<1960 Bldg Code,Service,SK,Residential,<1960 Bldg Code,,competition,Tech Compete,,,,,,,,,,,,,,,,
CIMS.CAN.SK.Residential.Dwellings.Building Type.High Density.Vintage.<1960 Bldg Code,Service,SK,Residential,<1960 Bldg Code,,discount_rate_financial,,,,constant_tech,%,0.25,0.25,0.25,0.25,0.25,0.25,0.25,0.25,0.25,0.25,0.25,
CIMS.CAN.SK.Residential.Dwellings.Building Type.High Density.Vintage.<1960 Bldg Code,Service,SK,Residential,<1960 Bldg Code,,heterogeneity,,,,constant_tech,,10,10,10,10,10,10,10,10,10,10,10,
CIMS.CAN.SK.Residential.Dwellings.Building Type.High Density.Vintage.<1960 Bldg Code,Service,SK,Residential,<1960 Bldg Code,Reference,technology,,,,,,,,,,,,,,,,,
CIMS.CAN.SK.Residential.Dwellings.Building Type.High Density.Vintage.<1960 Bldg Code,Service,SK,Residential,<1960 Bldg Code,Reference,available,,,,constant_tech,Year,1945,1945,1945,1945,1945,1945,1945,1945,1945,1945,1945,
CIMS.CAN.SK.Residential.Dwellings.Building Type.High Density.Vintage.<1960 Bldg Code,Service,SK,Residential,<1960 Bldg Code,Reference,unavailable,,,,constant_tech,Year,2001,2001,2001,2001,2001,2001,2001,2001,2001,2001,2001,
CIMS.CAN.SK.Residential.Dwellings.Building Type.High Density.Vintage.<1960 Bldg Code,Service,SK,Residential,<1960 Bldg Code,Reference,lifetime,,,,constant_tech,Years,105,105,105,105,105,105,105,105,105,105,105,
CIMS.CAN.SK.Residential.Dwellings.Building Type.High Density.Vintage.<1960 Bldg Code,Service,SK,Residential,<1960 Bldg Code,Reference,market_share_total,,,,annual_tech,%,1,,,,,,,,,,,
CIMS.CAN.SK.Residential.Dwellings.Building Type.High Density.Vintage.<1960 Bldg Code,Service,SK,Residential,<1960 Bldg Code,Reference,service_request,,,CIMS.CAN.SK.Residential.Dwellings.Building Type.High Density.Vintage.<1960 Bldg Code.Heating (Cold),annual_region_tech,GJ,0.58686432990248,0.50357432742417,0.60974216804508,0.59612179026963,0.68252065435683,0.68252065435683,0.68252065435683,0.68252065435683,0.68252065435683,0.68252065435683,0.68252065435683,
CIMS.CAN.SK.Residential.Dwellings.Building Type.High Density.Vintage.<1960 Bldg Code,Service,SK,Residential,<1960 Bldg Code,Retrofit Average,technology,,,,,,,,,,,,,,,,,
CIMS.CAN.SK.Residential.Dwellings.Building Type.High Density.Vintage.<1960 Bldg Code,Service,SK,Residential,<1960 Bldg Code,Retrofit Average,available,,,,constant_tech,Year,1945,1945,1945,1945,1945,1945,1945,1945,1945,1945,1945,
CIMS.CAN.SK.Residential.Dwellings.Building Type.High Density.Vintage.<1960 Bldg Code,Service,SK,Residential,<1960 Bldg Code,Retrofit Average,unavailable,,,,constant_tech,Year,2101,2101,2101,2101,2101,2101,2101,2101,2101,2101,2101,
CIMS.CAN.SK.Residential.Dwellings.Building Type.High Density.Vintage.<1960 Bldg Code,Service,SK,Residential,<1960 Bldg Code,Retrofit Average,lifetime,,,,constant_tech,Years,105,105,105,105,105,105,105,105,105,105,105,
CIMS.CAN.SK.Residential.Dwellings.Building Type.High Density.Vintage.<1960 Bldg Code,Service,SK,Residential,<1960 Bldg Code,Retrofit Average,market_share_total,,,,annual_tech,%,0,,,,,,,,,,,
CIMS.CAN.SK.Residential.Dwellings.Building Type.High Density.Vintage.<1960 Bldg Code,Service,SK,Residential,<1960 Bldg Code,Retrofit Average,fcc,,,,constant_tech,$,1565,1565,1565,1565,1565,1565,1565,1565,1565,1565,1565,
CIMS.CAN.SK.Residential.Dwellings.Building Type.High Density.Vintage.<1960 Bldg Code,Service,SK,Residential,<1960 Bldg Code,Retrofit Average,market_share_new_max,,,,constant_tech,%,0,0,0,0,0,0,0,0,0,0,0,
CIMS.CAN.SK.Residential.Dwellings.Building Type.High Density.Vintage.<1960 Bldg Code,Service,SK,Residential,<1960 Bldg Code,Retrofit Average,service_request,,,CIMS.CAN.SK.Residential.Dwellings.Building Type.High Density.Vintage.<1960 Bldg Code.Heating (Cold),annual_region_tech,GJ,0.41080503093173,0.35250202919692,0.42681951763155,0.41728525318874,0.47776445804978,0.47776445804978,0.47776445804978,0.47776445804978,0.47776445804978,0.47776445804978,0.47776445804978,
CIMS.CAN.SK.Residential.Dwellings.Building Type.High Density.Vintage.<1960 Bldg Code,Service,SK,Residential,<1960 Bldg Code,Retrofit Deep,technology,,,,,,,,,,,,,,,,,
CIMS.CAN.SK.Residential.Dwellings.Building Type.High Density.Vintage.<1960 Bldg Code,Service,SK,Residential,<1960 Bldg Code,Retrofit Deep,available,,,,constant_tech,Year,1945,1945,1945,1945,1945,1945,1945,1945,1945,1945,1945,
CIMS.CAN.SK.Residential.Dwellings.Building Type.High Density.Vintage.<1960 Bldg Code,Service,SK,Residential,<1960 Bldg Code,Retrofit Deep,unavailable,,,,constant_tech,Year,2101,2101,2101,2101,2101,2101,2101,2101,2101,2101,2101,
CIMS.CAN.SK.Residential.Dwellings.Building Type.High Density.Vintage.<1960 Bldg Code,Service,SK,Residential,<1960 Bldg Code,Retrofit Deep,lifetime,,,,constant_tech,Years,105,105,105,105,105,105,105,105,105,105,105,
CIMS.CAN.SK.Residential.Dwellings.Building Type.High Density.Vintage.<1960 Bldg Code,Service,SK,Residential,<1960 Bldg Code,Retrofit Deep,market_share_total,,,,annual_tech,%,0,,,,,,,,,,,
CIMS.CAN.SK.Residential.Dwellings.Building Type.High Density.Vintage.<1960 Bldg Code,Service,SK,Residential,<1960 Bldg Code,Retrofit Deep,fcc,,,,constant_tech,$,3130,3130,3130,3130,3130,3130,3130,3130,3130,3130,3130,
CIMS.CAN.SK.Residential.Dwellings.Building Type.High Density.Vintage.<1960 Bldg Code,Service,SK,Residential,<1960 Bldg Code,Retrofit Deep,market_share_new_max,,,,constant_tech,%,0,0,0,0,0,0,0,0,0,0,0,
CIMS.CAN.SK.Residential.Dwellings.Building Type.High Density.Vintage.<1960 Bldg Code,Service,SK,Residential,<1960 Bldg Code,Retrofit Deep,service_request,,,CIMS.CAN.SK.Residential.Dwellings.Building Type.High Density.Vintage.<1960 Bldg Code.Heating (Cold),annual_region_tech,GJ,0.29343216495124,0.25178716371209,0.30487108402254,0.29806089513482,0.34126032717842,0.34126032717842,0.34126032717842,0.34126032717842,0.34126032717842,0.34126032717842,0.34126032717842,
CIMS.CAN.SK.Residential.Dwellings.Building Type.High Density.Vintage.<1960 Bldg Code.Heating (Cold),Service,SK,Residential,Heating (Cold),,service_provide,,,,constant_tech,GJ of heat,,,,,,,,,,,,
CIMS.CAN.SK.Residential.Dwellings.Building Type.High Density.Vintage.<1960 Bldg Code.Heating (Cold),Service,SK,Residential,Heating (Cold),,competition,Tech Compete,,,,,,,,,,,,,,,,
CIMS.CAN.SK.Residential.Dwellings.Building Type.High Density.Vintage.<1960 Bldg Code.Heating (Cold),Service,SK,Residential,Heating (Cold),,discount_rate_financial,,,,constant_tech,%,0.25,0.25,0.25,0.25,0.25,0.25,0.25,0.25,0.25,0.25,0.25,
CIMS.CAN.SK.Residential.Dwellings.Building Type.High Density.Vintage.<1960 Bldg Code.Heating (Cold),Service,SK,Residential,Heating (Cold),,inheritance,intercept_retirement,,,constant_tech,,FALSE,FALSE,FALSE,FALSE,FALSE,FALSE,FALSE,FALSE,FALSE,FALSE,FALSE,
CIMS.CAN.SK.Residential.Dwellings.Building Type.High Density.Vintage.<1960 Bldg Code.Heating (Cold),Service,SK,Residential,Heating (Cold),,heterogeneity,,,,constant_tech,,10,10,10,10,10,10,10,10,10,10,10,
CIMS.CAN.SK.Residential.Dwellings.Building Type.High Density.Vintage.<1960 Bldg Code.Heating (Cold),Service,SK,Residential,Heating (Cold),NG - Existing,technology,,,,,,,,,,,,,,,,,
CIMS.CAN.SK.Residential.Dwellings.Building Type.High Density.Vintage.<1960 Bldg Code.Heating (Cold),Service,SK,Residential,Heating (Cold),NG - Existing,available,,,,constant_tech,Year,1950,1950,1950,1950,1950,1950,1950,1950,1950,1950,1950,
CIMS.CAN.SK.Residential.Dwellings.Building Type.High Density.Vintage.<1960 Bldg Code.Heating (Cold),Service,SK,Residential,Heating (Cold),NG - Existing,unavailable,,,,constant_tech,Year,2001,2001,2001,2001,2001,2001,2001,2001,2001,2001,2001,
CIMS.CAN.SK.Residential.Dwellings.Building Type.High Density.Vintage.<1960 Bldg Code.Heating (Cold),Service,SK,Residential,Heating (Cold),NG - Existing,lifetime,,,,constant_tech,Years,14,14,14,14,14,14,14,14,14,14,14,
CIMS.CAN.SK.Residential.Dwellings.Building Type.High Density.Vintage.<1960 Bldg Code.Heating (Cold),Service,SK,Residential,Heating (Cold),NG - Existing,market_share_total,,,,annual_region_tech,%,0.52326825897877,,,,,,,,,,,
CIMS.CAN.SK.Residential.Dwellings.Building Type.High Density.Vintage.<1960 Bldg Code.Heating (Cold),Service,SK,Residential,Heating (Cold),NG - Existing,output,,,,constant_tech,node unit,31.399776,31.399776,31.399776,31.399776,31.399776,31.399776,31.399776,31.399776,31.399776,31.399776,31.399776,
CIMS.CAN.SK.Residential.Dwellings.Building Type.High Density.Vintage.<1960 Bldg Code.Heating (Cold),Service,SK,Residential,Heating (Cold),NG - Existing,fcc,,,,constant_tech,$,3603.875433,3603.875433,3603.875433,3603.875433,3603.875433,3603.875433,3603.875433,3603.875433,3603.875433,3603.875433,3603.875433,
CIMS.CAN.SK.Residential.Dwellings.Building Type.High Density.Vintage.<1960 Bldg Code.Heating (Cold),Service,SK,Residential,Heating (Cold),NG - Existing,fom,,,,constant_tech,$,75.08073818,75.08073818,75.08073818,75.08073818,75.08073818,75.08073818,75.08073818,75.08073818,75.08073818,75.08073818,75.08073818,
CIMS.CAN.SK.Residential.Dwellings.Building Type.High Density.Vintage.<1960 Bldg Code.Heating (Cold),Service,SK,Residential,Heating (Cold),NG - Existing,service_request,,,CIMS.CAN.SK.Residential.Methane Blend,annual_tech,GJ,1.6935483873,1.6935483873,1.6935483873,1.6935483873,1.6935483873,1.6935483873,1.6935483873,1.6935483873,1.6935483873,1.6935483873,1.6935483873,
CIMS.CAN.SK.Residential.Dwellings.Building Type.High Density.Vintage.<1960 Bldg Code.Heating (Cold),Service,SK,Residential,Heating (Cold),NG - Standard Efficiency,technology,,,,,,,,,,,,,,,,,
CIMS.CAN.SK.Residential.Dwellings.Building Type.High Density.Vintage.<1960 Bldg Code.Heating (Cold),Service,SK,Residential,Heating (Cold),NG - Standard Efficiency,available,,,,constant_tech,Year,1990,1990,1990,1990,1990,1990,1990,1990,1990,1990,1990,
CIMS.CAN.SK.Residential.Dwellings.Building Type.High Density.Vintage.<1960 Bldg Code.Heating (Cold),Service,SK,Residential,Heating (Cold),NG - Standard Efficiency,unavailable,,,,constant_tech,Year,2101,2101,2101,2101,2101,2101,2101,2101,2101,2101,2101,
CIMS.CAN.SK.Residential.Dwellings.Building Type.High Density.Vintage.<1960 Bldg Code.Heating (Cold),Service,SK,Residential,Heating (Cold),NG - Standard Efficiency,lifetime,,,,constant_tech,Years,19,19,19,19,19,19,19,19,19,19,19,
CIMS.CAN.SK.Residential.Dwellings.Building Type.High Density.Vintage.<1960 Bldg Code.Heating (Cold),Service,SK,Residential,Heating (Cold),NG - Standard Efficiency,market_share_total,,,,annual_region_tech,%,0.20232208418571,,,,,,,,,,,
CIMS.CAN.SK.Residential.Dwellings.Building Type.High Density.Vintage.<1960 Bldg Code.Heating (Cold),Service,SK,Residential,Heating (Cold),NG - Standard Efficiency,output,,,,constant_tech,node unit,31.399776,31.399776,31.399776,31.399776,31.399776,31.399776,31.399776,31.399776,31.399776,31.399776,31.399776,
CIMS.CAN.SK.Residential.Dwellings.Building Type.High Density.Vintage.<1960 Bldg Code.Heating (Cold),Service,SK,Residential,Heating (Cold),NG - Standard Efficiency,fcc,,,,constant_tech,$,5005.382545,5005.382545,5005.382545,5005.382545,5005.382545,5005.382545,5005.382545,5005.382545,5005.382545,5005.382545,5005.382545,
CIMS.CAN.SK.Residential.Dwellings.Building Type.High Density.Vintage.<1960 Bldg Code.Heating (Cold),Service,SK,Residential,Heating (Cold),NG - Standard Efficiency,fom,,,,constant_tech,$,162.6749327,162.6749327,162.6749327,162.6749327,162.6749327,162.6749327,162.6749327,162.6749327,162.6749327,162.6749327,162.6749327,
CIMS.CAN.SK.Residential.Dwellings.Building Type.High Density.Vintage.<1960 Bldg Code.Heating (Cold),Service,SK,Residential,Heating (Cold),NG - Standard Efficiency,service_request,,,CIMS.CAN.SK.Residential.Methane Blend,annual_tech,GJ,1.32911392425,1.32911392425,1.32911392425,1.32911392425,1.32911392425,1.32911392425,1.32911392425,1.32911392425,1.32911392425,1.32911392425,1.32911392425,
CIMS.CAN.SK.Residential.Dwellings.Building Type.High Density.Vintage.<1960 Bldg Code.Heating (Cold),Service,SK,Residential,Heating (Cold),NG - High Efficiency,technology,,,,,,,,,,,,,,,,,
CIMS.CAN.SK.Residential.Dwellings.Building Type.High Density.Vintage.<1960 Bldg Code.Heating (Cold),Service,SK,Residential,Heating (Cold),NG - High Efficiency,available,,,,constant_tech,Year,2000,2000,2000,2000,2000,2000,2000,2000,2000,2000,2000,
CIMS.CAN.SK.Residential.Dwellings.Building Type.High Density.Vintage.<1960 Bldg Code.Heating (Cold),Service,SK,Residential,Heating (Cold),NG - High Efficiency,unavailable,,,,constant_tech,Year,2101,2101,2101,2101,2101,2101,2101,2101,2101,2101,2101,
CIMS.CAN.SK.Residential.Dwellings.Building Type.High Density.Vintage.<1960 Bldg Code.Heating (Cold),Service,SK,Residential,Heating (Cold),NG - High Efficiency,lifetime,,,,constant_tech,Years,19,19,19,19,19,19,19,19,19,19,19,
CIMS.CAN.SK.Residential.Dwellings.Building Type.High Density.Vintage.<1960 Bldg Code.Heating (Cold),Service,SK,Residential,Heating (Cold),NG - High Efficiency,market_share_total,,,,annual_region_tech,%,0.16644764472383,,,,,,,,,,,
CIMS.CAN.SK.Residential.Dwellings.Building Type.High Density.Vintage.<1960 Bldg Code.Heating (Cold),Service,SK,Residential,Heating (Cold),NG - High Efficiency,output,,,,constant_tech,node unit,31.399776,31.399776,31.399776,31.399776,31.399776,31.399776,31.399776,31.399776,31.399776,31.399776,31.399776,
CIMS.CAN.SK.Residential.Dwellings.Building Type.High Density.Vintage.<1960 Bldg Code.Heating (Cold),Service,SK,Residential,Heating (Cold),NG - High Efficiency,fcc,,,,constant_tech,$,6231.7012692,6231.7012692,6231.7012692,6231.7012692,6231.7012692,6231.7012692,6231.7012692,6231.7012692,6231.7012692,6231.7012692,6231.7012692,
CIMS.CAN.SK.Residential.Dwellings.Building Type.High Density.Vintage.<1960 Bldg Code.Heating (Cold),Service,SK,Residential,Heating (Cold),NG - High Efficiency,fom,,,,constant_tech,$,162.6749327,162.6749327,162.6749327,162.6749327,162.6749327,162.6749327,162.6749327,162.6749327,162.6749327,162.6749327,162.6749327,
CIMS.CAN.SK.Residential.Dwellings.Building Type.High Density.Vintage.<1960 Bldg Code.Heating (Cold),Service,SK,Residential,Heating (Cold),NG - High Efficiency,service_request,,,CIMS.CAN.SK.Residential.Methane Blend,annual_tech,GJ,1.16666666655,1.16666666655,1.16666666655,1.16666666655,1.16666666655,1.16666666655,1.16666666655,1.16666666655,1.16666666655,1.16666666655,1.16666666655,
CIMS.CAN.SK.Residential.Dwellings.Building Type.High Density.Vintage.<1960 Bldg Code.Heating (Cold),Service,SK,Residential,Heating (Cold),NG - ASHP / NG - backup,technology,,,,,,,,,,,,,,,,,
CIMS.CAN.SK.Residential.Dwellings.Building Type.High Density.Vintage.<1960 Bldg Code.Heating (Cold),Service,SK,Residential,Heating (Cold),NG - ASHP / NG - backup,available,,,,constant_tech,Year,2000,2000,2000,2000,2000,2000,2000,2000,2000,2000,2000,
CIMS.CAN.SK.Residential.Dwellings.Building Type.High Density.Vintage.<1960 Bldg Code.Heating (Cold),Service,SK,Residential,Heating (Cold),NG - ASHP / NG - backup,unavailable,,,,constant_tech,Year,2101,2101,2101,2101,2101,2101,2101,2101,2101,2101,2101,
CIMS.CAN.SK.Residential.Dwellings.Building Type.High Density.Vintage.<1960 Bldg Code.Heating (Cold),Service,SK,Residential,Heating (Cold),NG - ASHP / NG - backup,lifetime,,,,constant_tech,Years,15,15,15,15,15,15,15,15,15,15,15,
CIMS.CAN.SK.Residential.Dwellings.Building Type.High Density.Vintage.<1960 Bldg Code.Heating (Cold),Service,SK,Residential,Heating (Cold),NG - ASHP / NG - backup,market_share_total,,,,annual_region_tech,%,0,,,,,,,,,,,
CIMS.CAN.SK.Residential.Dwellings.Building Type.High Density.Vintage.<1960 Bldg Code.Heating (Cold),Service,SK,Residential,Heating (Cold),NG - ASHP / NG - backup,output,,,,constant_tech,node unit,31.399776,31.399776,31.399776,31.399776,31.399776,31.399776,31.399776,31.399776,31.399776,31.399776,31.399776,
CIMS.CAN.SK.Residential.Dwellings.Building Type.High Density.Vintage.<1960 Bldg Code.Heating (Cold),Service,SK,Residential,Heating (Cold),NG - ASHP / NG - backup,fcc,,,,constant_tech,$,20015.27345,20015.27345,20015.27345,20015.27345,20015.27345,20015.27345,20015.27345,20015.27345,20015.27345,20015.27345,20015.27345,
CIMS.CAN.SK.Residential.Dwellings.Building Type.High Density.Vintage.<1960 Bldg Code.Heating (Cold),Service,SK,Residential,Heating (Cold),NG - ASHP / NG - backup,fom,,,,constant_tech,$,250.2691273,250.2691273,250.2691273,250.2691273,250.2691273,250.2691273,250.2691273,250.2691273,250.2691273,250.2691273,250.2691273,
CIMS.CAN.SK.Residential.Dwellings.Building Type.High Density.Vintage.<1960 Bldg Code.Heating (Cold),Service,SK,Residential,Heating (Cold),NG - ASHP / NG - backup,service_request,,,CIMS.CAN.SK.Residential.Methane Blend,annual_tech,GJ,2.1593627892625,2.1593627892625,2.1593627892625,2.1593627892625,2.1593627892625,2.1593627892625,2.1593627892625,2.1593627892625,2.1593627892625,2.1593627892625,2.1593627892625,
CIMS.CAN.SK.Residential.Dwellings.Building Type.High Density.Vintage.<1960 Bldg Code.Heating (Cold),Service,SK,Residential,Heating (Cold),NG - ASHP / NG - backup,service_request,,,CIMS.CAN.SK.Residential.Dwellings.Building Type.High Density.Cooling,annual_tech,GJ of cooling,-0.004568364,-0.004568364,-0.004568364,-0.004568364,-0.004568364,-0.004568364,-0.004568364,-0.004568364,-0.004568364,-0.004568364,-0.004568364,
CIMS.CAN.SK.Residential.Dwellings.Building Type.High Density.Vintage.<1960 Bldg Code.Heating (Cold),Service,SK,Residential,Heating (Cold),Electric - Standard Efficiency,technology,,,,,,,,,,,,,,,,,
CIMS.CAN.SK.Residential.Dwellings.Building Type.High Density.Vintage.<1960 Bldg Code.Heating (Cold),Service,SK,Residential,Heating (Cold),Electric - Standard Efficiency,available,,,,constant_tech,Year,1950,1950,1950,1950,1950,1950,1950,1950,1950,1950,1950,
CIMS.CAN.SK.Residential.Dwellings.Building Type.High Density.Vintage.<1960 Bldg Code.Heating (Cold),Service,SK,Residential,Heating (Cold),Electric - Standard Efficiency,unavailable,,,,constant_tech,Year,2101,2101,2101,2101,2101,2101,2101,2101,2101,2101,2101,
CIMS.CAN.SK.Residential.Dwellings.Building Type.High Density.Vintage.<1960 Bldg Code.Heating (Cold),Service,SK,Residential,Heating (Cold),Electric - Standard Efficiency,lifetime,,,,constant_tech,Years,22.5,22.5,22.5,22.5,22.5,22.5,22.5,22.5,22.5,22.5,22.5,
CIMS.CAN.SK.Residential.Dwellings.Building Type.High Density.Vintage.<1960 Bldg Code.Heating (Cold),Service,SK,Residential,Heating (Cold),Electric - Standard Efficiency,market_share_total,,,,annual_region_tech,%,0.03344939238346,,,,,,,,,,,
CIMS.CAN.SK.Residential.Dwellings.Building Type.High Density.Vintage.<1960 Bldg Code.Heating (Cold),Service,SK,Residential,Heating (Cold),Electric - Standard Efficiency,output,,,,constant_tech,node unit,31.399776,31.399776,31.399776,31.399776,31.399776,31.399776,31.399776,31.399776,31.399776,31.399776,31.399776,
CIMS.CAN.SK.Residential.Dwellings.Building Type.High Density.Vintage.<1960 Bldg Code.Heating (Cold),Service,SK,Residential,Heating (Cold),Electric - Standard Efficiency,fcc,,,,constant_tech,$,3822.860919,3822.860919,3822.860919,3822.860919,3822.860919,3822.860919,3822.860919,3822.860919,3822.860919,3822.860919,3822.860919,
CIMS.CAN.SK.Residential.Dwellings.Building Type.High Density.Vintage.<1960 Bldg Code.Heating (Cold),Service,SK,Residential,Heating (Cold),Electric - Standard Efficiency,service_request,,,CIMS.CAN.SK.Electricity,annual_tech,GJ,1,1,1,1,1,1,1,1,1,1,1,
CIMS.CAN.SK.Residential.Dwellings.Building Type.High Density.Vintage.<1960 Bldg Code.Heating (Cold),Service,SK,Residential,Heating (Cold),Electric - ASHP / NG - backup,technology,,,,,,,,,,,,,,,,,
CIMS.CAN.SK.Residential.Dwellings.Building Type.High Density.Vintage.<1960 Bldg Code.Heating (Cold),Service,SK,Residential,Heating (Cold),Electric - ASHP / NG - backup,available,,,,constant_tech,Year,2000,2000,2000,2000,2000,2000,2000,2000,2000,2000,2000,
CIMS.CAN.SK.Residential.Dwellings.Building Type.High Density.Vintage.<1960 Bldg Code.Heating (Cold),Service,SK,Residential,Heating (Cold),Electric - ASHP / NG - backup,unavailable,,,,constant_tech,Year,2101,2101,2101,2101,2101,2101,2101,2101,2101,2101,2101,
CIMS.CAN.SK.Residential.Dwellings.Building Type.High Density.Vintage.<1960 Bldg Code.Heating (Cold),Service,SK,Residential,Heating (Cold),Electric - ASHP / NG - backup,lifetime,,,,constant_tech,Years,15.5,15.5,15.5,15.5,15.5,15.5,15.5,15.5,15.5,15.5,15.5,
CIMS.CAN.SK.Residential.Dwellings.Building Type.High Density.Vintage.<1960 Bldg Code.Heating (Cold),Service,SK,Residential,Heating (Cold),Electric - ASHP / NG - backup,market_share_total,,,,annual_region_tech,%,0.00109736767236,,,,,,,,,,,
CIMS.CAN.SK.Residential.Dwellings.Building Type.High Density.Vintage.<1960 Bldg Code.Heating (Cold),Service,SK,Residential,Heating (Cold),Electric - ASHP / NG - backup,output,,,,constant_tech,node unit,31.399776,31.399776,31.399776,31.399776,31.399776,31.399776,31.399776,31.399776,31.399776,31.399776,31.399776,
CIMS.CAN.SK.Residential.Dwellings.Building Type.High Density.Vintage.<1960 Bldg Code.Heating (Cold),Service,SK,Residential,Heating (Cold),Electric - ASHP / NG - backup,fcc,,,,constant_tech,$,9647.874856,9647.874856,9647.874856,9647.874856,9647.874856,9647.874856,9647.874856,9647.874856,9647.874856,9647.874856,9647.874856,
CIMS.CAN.SK.Residential.Dwellings.Building Type.High Density.Vintage.<1960 Bldg Code.Heating (Cold),Service,SK,Residential,Heating (Cold),Electric - ASHP / NG - backup,fom,,,,constant_tech,$,269.0393118,269.0393118,269.0393118,269.0393118,269.0393118,269.0393118,269.0393118,269.0393118,269.0393118,269.0393118,269.0393118,
CIMS.CAN.SK.Residential.Dwellings.Building Type.High Density.Vintage.<1960 Bldg Code.Heating (Cold),Service,SK,Residential,Heating (Cold),Electric - ASHP / NG - backup,service_request,,,CIMS.CAN.SK.Electricity,annual_tech,GJ,0.72747607755,0.72747607755,0.72747607755,0.72747607755,0.72747607755,0.72747607755,0.72747607755,0.72747607755,0.72747607755,0.72747607755,0.72747607755,
CIMS.CAN.SK.Residential.Dwellings.Building Type.High Density.Vintage.<1960 Bldg Code.Heating (Cold),Service,SK,Residential,Heating (Cold),Electric - ASHP / NG - backup,service_request,,,CIMS.CAN.SK.Residential.Methane Blend,annual_tech,GJ,0.0583333333275,0.0583333333275,0.0583333333275,0.0583333333275,0.0583333333275,0.0583333333275,0.0583333333275,0.0583333333275,0.0583333333275,0.0583333333275,0.0583333333275,
CIMS.CAN.SK.Residential.Dwellings.Building Type.High Density.Vintage.<1960 Bldg Code.Heating (Cold),Service,SK,Residential,Heating (Cold),Electric - ASHP / NG - backup,service_request,,,CIMS.CAN.SK.Residential.Dwellings.Building Type.High Density.Cooling,annual_tech,GJ of cooling,-0.004568364,-0.004568364,-0.004568364,-0.004568364,-0.004568364,-0.004568364,-0.004568364,-0.004568364,-0.004568364,-0.004568364,-0.004568364,
CIMS.CAN.SK.Residential.Dwellings.Building Type.High Density.Vintage.<1960 Bldg Code.Heating (Cold),Service,SK,Residential,Heating (Cold),Electric - ASHP / Electric - backup,technology,,,,,,,,,,,,,,,,,
CIMS.CAN.SK.Residential.Dwellings.Building Type.High Density.Vintage.<1960 Bldg Code.Heating (Cold),Service,SK,Residential,Heating (Cold),Electric - ASHP / Electric - backup,available,,,,constant_tech,Year,2000,2000,2000,2000,2000,2000,2000,2000,2000,2000,2000,
CIMS.CAN.SK.Residential.Dwellings.Building Type.High Density.Vintage.<1960 Bldg Code.Heating (Cold),Service,SK,Residential,Heating (Cold),Electric - ASHP / Electric - backup,unavailable,,,,constant_tech,Year,2101,2101,2101,2101,2101,2101,2101,2101,2101,2101,2101,
CIMS.CAN.SK.Residential.Dwellings.Building Type.High Density.Vintage.<1960 Bldg Code.Heating (Cold),Service,SK,Residential,Heating (Cold),Electric - ASHP / Electric - backup,lifetime,,,,constant_tech,Years,15.5,15.5,15.5,15.5,15.5,15.5,15.5,15.5,15.5,15.5,15.5,
CIMS.CAN.SK.Residential.Dwellings.Building Type.High Density.Vintage.<1960 Bldg Code.Heating (Cold),Service,SK,Residential,Heating (Cold),Electric - ASHP / Electric - backup,market_share_total,,,,annual_region_tech,%,0,,,,,,,,,,,
CIMS.CAN.SK.Residential.Dwellings.Building Type.High Density.Vintage.<1960 Bldg Code.Heating (Cold),Service,SK,Residential,Heating (Cold),Electric - ASHP / Electric - backup,output,,,,constant_tech,node unit,31.399776,31.399776,31.399776,31.399776,31.399776,31.399776,31.399776,31.399776,31.399776,31.399776,31.399776,
CIMS.CAN.SK.Residential.Dwellings.Building Type.High Density.Vintage.<1960 Bldg Code.Heating (Cold),Service,SK,Residential,Heating (Cold),Electric - ASHP / Electric - backup,fcc,,,,constant_tech,$,9373.830161,9373.830161,9373.830161,9373.830161,9373.830161,9373.830161,9373.830161,9373.830161,9373.830161,9373.830161,9373.830161,
CIMS.CAN.SK.Residential.Dwellings.Building Type.High Density.Vintage.<1960 Bldg Code.Heating (Cold),Service,SK,Residential,Heating (Cold),Electric - ASHP / Electric - backup,fom,,,,constant_tech,$,106.3643791,106.3643791,106.3643791,106.3643791,106.3643791,106.3643791,106.3643791,106.3643791,106.3643791,106.3643791,106.3643791,
CIMS.CAN.SK.Residential.Dwellings.Building Type.High Density.Vintage.<1960 Bldg Code.Heating (Cold),Service,SK,Residential,Heating (Cold),Electric - ASHP / Electric - backup,service_request,,,CIMS.CAN.SK.Electricity,annual_tech,GJ,0.77747607755,0.77747607755,0.77747607755,0.77747607755,0.77747607755,0.77747607755,0.77747607755,0.77747607755,0.77747607755,0.77747607755,0.77747607755,
CIMS.CAN.SK.Residential.Dwellings.Building Type.High Density.Vintage.<1960 Bldg Code.Heating (Cold),Service,SK,Residential,Heating (Cold),Electric - ASHP / Electric - backup,service_request,,,CIMS.CAN.SK.Residential.Dwellings.Building Type.High Density.Cooling,annual_tech,GJ of cooling,-0.004568364,-0.004568364,-0.004568364,-0.004568364,-0.004568364,-0.004568364,-0.004568364,-0.004568364,-0.004568364,-0.004568364,-0.004568364,
CIMS.CAN.SK.Residential.Dwellings.Building Type.High Density.Vintage.<1960 Bldg Code.Heating (Cold),Service,SK,Residential,Heating (Cold),Heating Oil - Existing,technology,,,,,,,,,,,,,,,,,
CIMS.CAN.SK.Residential.Dwellings.Building Type.High Density.Vintage.<1960 Bldg Code.Heating (Cold),Service,SK,Residential,Heating (Cold),Heating Oil - Existing,available,,,,constant_tech,Year,1950,1950,1950,1950,1950,1950,1950,1950,1950,1950,1950,
CIMS.CAN.SK.Residential.Dwellings.Building Type.High Density.Vintage.<1960 Bldg Code.Heating (Cold),Service,SK,Residential,Heating (Cold),Heating Oil - Existing,unavailable,,,,constant_tech,Year,2001,2001,2001,2001,2001,2001,2001,2001,2001,2001,2001,
CIMS.CAN.SK.Residential.Dwellings.Building Type.High Density.Vintage.<1960 Bldg Code.Heating (Cold),Service,SK,Residential,Heating (Cold),Heating Oil - Existing,lifetime,,,,constant_tech,Years,23,23,23,23,23,23,23,23,23,23,23,
CIMS.CAN.SK.Residential.Dwellings.Building Type.High Density.Vintage.<1960 Bldg Code.Heating (Cold),Service,SK,Residential,Heating (Cold),Heating Oil - Existing,market_share_total,,,,annual_region_tech,%,0.03236557246014,,,,,,,,,,,
CIMS.CAN.SK.Residential.Dwellings.Building Type.High Density.Vintage.<1960 Bldg Code.Heating (Cold),Service,SK,Residential,Heating (Cold),Heating Oil - Existing,output,,,,constant_tech,node unit,31.399776,31.399776,31.399776,31.399776,31.399776,31.399776,31.399776,31.399776,31.399776,31.399776,31.399776,
CIMS.CAN.SK.Residential.Dwellings.Building Type.High Density.Vintage.<1960 Bldg Code.Heating (Cold),Service,SK,Residential,Heating (Cold),Heating Oil - Existing,fcc,,,,constant_tech,$,5943.891772,5943.891772,5943.891772,5943.891772,5943.891772,5943.891772,5943.891772,5943.891772,5943.891772,5943.891772,5943.891772,
CIMS.CAN.SK.Residential.Dwellings.Building Type.High Density.Vintage.<1960 Bldg Code.Heating (Cold),Service,SK,Residential,Heating (Cold),Heating Oil - Existing,fom,,,,constant_tech,$,100.1076509,100.1076509,100.1076509,100.1076509,100.1076509,100.1076509,100.1076509,100.1076509,100.1076509,100.1076509,100.1076509,
CIMS.CAN.SK.Residential.Dwellings.Building Type.High Density.Vintage.<1960 Bldg Code.Heating (Cold),Service,SK,Residential,Heating (Cold),Heating Oil - Existing,service_request,,,CIMS.Generic Fuels.Fuel Oil,annual_tech,GJ,1.666666667,1.666666667,1.666666667,1.666666667,1.666666667,1.666666667,1.666666667,1.666666667,1.666666667,1.666666667,1.666666667,
CIMS.CAN.SK.Residential.Dwellings.Building Type.High Density.Vintage.<1960 Bldg Code.Heating (Cold),Service,SK,Residential,Heating (Cold),Heating Oil - High Efficiency,technology,,,,,,,,,,,,,,,,,
CIMS.CAN.SK.Residential.Dwellings.Building Type.High Density.Vintage.<1960 Bldg Code.Heating (Cold),Service,SK,Residential,Heating (Cold),Heating Oil - High Efficiency,available,,,,constant_tech,Year,2000,2000,2000,2000,2000,2000,2000,2000,2000,2000,2000,
CIMS.CAN.SK.Residential.Dwellings.Building Type.High Density.Vintage.<1960 Bldg Code.Heating (Cold),Service,SK,Residential,Heating (Cold),Heating Oil - High Efficiency,unavailable,,,,constant_tech,Year,2101,2101,2101,2101,2101,2101,2101,2101,2101,2101,2101,
CIMS.CAN.SK.Residential.Dwellings.Building Type.High Density.Vintage.<1960 Bldg Code.Heating (Cold),Service,SK,Residential,Heating (Cold),Heating Oil - High Efficiency,lifetime,,,,constant_tech,Years,23,23,23,23,23,23,23,23,23,23,23,
CIMS.CAN.SK.Residential.Dwellings.Building Type.High Density.Vintage.<1960 Bldg Code.Heating (Cold),Service,SK,Residential,Heating (Cold),Heating Oil - High Efficiency,market_share_total,,,,annual_region_tech,%,0.02112094075569,,,,,,,,,,,
CIMS.CAN.SK.Residential.Dwellings.Building Type.High Density.Vintage.<1960 Bldg Code.Heating (Cold),Service,SK,Residential,Heating (Cold),Heating Oil - High Efficiency,output,,,,constant_tech,node unit,31.399776,31.399776,31.399776,31.399776,31.399776,31.399776,31.399776,31.399776,31.399776,31.399776,31.399776,
CIMS.CAN.SK.Residential.Dwellings.Building Type.High Density.Vintage.<1960 Bldg Code.Heating (Cold),Service,SK,Residential,Heating (Cold),Heating Oil - High Efficiency,fcc,,,,constant_tech,$,9541.510477,9541.510477,9541.510477,9541.510477,9541.510477,9541.510477,9541.510477,9541.510477,9541.510477,9541.510477,9541.510477,
CIMS.CAN.SK.Residential.Dwellings.Building Type.High Density.Vintage.<1960 Bldg Code.Heating (Cold),Service,SK,Residential,Heating (Cold),Heating Oil - High Efficiency,fom,,,,constant_tech,$,100.1076509,100.1076509,100.1076509,100.1076509,100.1076509,100.1076509,100.1076509,100.1076509,100.1076509,100.1076509,100.1076509,
CIMS.CAN.SK.Residential.Dwellings.Building Type.High Density.Vintage.<1960 Bldg Code.Heating (Cold),Service,SK,Residential,Heating (Cold),Heating Oil - High Efficiency,service_request,,,CIMS.Generic Fuels.Fuel Oil,annual_tech,GJ,1.162790698,1.162790698,1.162790698,1.162790698,1.162790698,1.162790698,1.162790698,1.162790698,1.162790698,1.162790698,1.162790698,
CIMS.CAN.SK.Residential.Dwellings.Building Type.High Density.Vintage.<1960 Bldg Code.Heating (Cold),Service,SK,Residential,Heating (Cold),Wood,technology,,,,,,,,,,,,,,,,,
CIMS.CAN.SK.Residential.Dwellings.Building Type.High Density.Vintage.<1960 Bldg Code.Heating (Cold),Service,SK,Residential,Heating (Cold),Wood,available,,,,constant_tech,Year,1950,1950,1950,1950,1950,1950,1950,1950,1950,1950,1950,
CIMS.CAN.SK.Residential.Dwellings.Building Type.High Density.Vintage.<1960 Bldg Code.Heating (Cold),Service,SK,Residential,Heating (Cold),Wood,unavailable,,,,constant_tech,Year,2101,2101,2101,2101,2101,2101,2101,2101,2101,2101,2101,
CIMS.CAN.SK.Residential.Dwellings.Building Type.High Density.Vintage.<1960 Bldg Code.Heating (Cold),Service,SK,Residential,Heating (Cold),Wood,lifetime,,,,constant_tech,Years,18.5,18.5,18.5,18.5,18.5,18.5,18.5,18.5,18.5,18.5,18.5,
CIMS.CAN.SK.Residential.Dwellings.Building Type.High Density.Vintage.<1960 Bldg Code.Heating (Cold),Service,SK,Residential,Heating (Cold),Wood,market_share_total,,,,annual_region_tech,%,0.01992873884004,,,,,,,,,,,
CIMS.CAN.SK.Residential.Dwellings.Building Type.High Density.Vintage.<1960 Bldg Code.Heating (Cold),Service,SK,Residential,Heating (Cold),Wood,output,,,,constant_tech,node unit,31.399776,31.399776,31.399776,31.399776,31.399776,31.399776,31.399776,31.399776,31.399776,31.399776,31.399776,
CIMS.CAN.SK.Residential.Dwellings.Building Type.High Density.Vintage.<1960 Bldg Code.Heating (Cold),Service,SK,Residential,Heating (Cold),Wood,fcc,,,,constant_tech,$,8000.269768,8000.269768,8000.269768,8000.269768,8000.269768,8000.269768,8000.269768,8000.269768,8000.269768,8000.269768,8000.269768,
CIMS.CAN.SK.Residential.Dwellings.Building Type.High Density.Vintage.<1960 Bldg Code.Heating (Cold),Service,SK,Residential,Heating (Cold),Wood,fom,,,,constant_tech,$,250.2691273,250.2691273,250.2691273,250.2691273,250.2691273,250.2691273,250.2691273,250.2691273,250.2691273,250.2691273,250.2691273,
CIMS.CAN.SK.Residential.Dwellings.Building Type.High Density.Vintage.<1960 Bldg Code.Heating (Cold),Service,SK,Residential,Heating (Cold),Wood,service_request,,,CIMS.Generic Fuels.Solid Biomass,annual_tech,GJ,2,2,2,2,2,2,2,2,2,2,2,
CIMS.CAN.SK.Residential.Dwellings.Building Type.High Density.Vintage.1961-1980 Bldg Code,Service,SK,Residential,1961-1980 Bldg Code,,service_provide,,,,constant_tech,m2,,,,,,,,,,,,
CIMS.CAN.SK.Residential.Dwellings.Building Type.High Density.Vintage.1961-1980 Bldg Code,Service,SK,Residential,1961-1980 Bldg Code,,competition,Tech Compete,,,,,,,,,,,,,,,,
CIMS.CAN.SK.Residential.Dwellings.Building Type.High Density.Vintage.1961-1980 Bldg Code,Service,SK,Residential,1961-1980 Bldg Code,,discount_rate_financial,,,,constant_tech,%,0.25,0.25,0.25,0.25,0.25,0.25,0.25,0.25,0.25,0.25,0.25,
CIMS.CAN.SK.Residential.Dwellings.Building Type.High Density.Vintage.1961-1980 Bldg Code,Service,SK,Residential,1961-1980 Bldg Code,,heterogeneity,,,,constant_tech,,10,10,10,10,10,10,10,10,10,10,10,
CIMS.CAN.SK.Residential.Dwellings.Building Type.High Density.Vintage.1961-1980 Bldg Code,Service,SK,Residential,1961-1980 Bldg Code,Reference,technology,,,,,,,,,,,,,,,,,
CIMS.CAN.SK.Residential.Dwellings.Building Type.High Density.Vintage.1961-1980 Bldg Code,Service,SK,Residential,1961-1980 Bldg Code,Reference,available,,,,constant_tech,Year,1961,1961,1961,1961,1961,1961,1961,1961,1961,1961,1961,
CIMS.CAN.SK.Residential.Dwellings.Building Type.High Density.Vintage.1961-1980 Bldg Code,Service,SK,Residential,1961-1980 Bldg Code,Reference,unavailable,,,,constant_tech,Year,2001,2001,2001,2001,2001,2001,2001,2001,2001,2001,2001,
CIMS.CAN.SK.Residential.Dwellings.Building Type.High Density.Vintage.1961-1980 Bldg Code,Service,SK,Residential,1961-1980 Bldg Code,Reference,lifetime,,,,constant_tech,Years,185,185,185,185,185,185,185,185,185,185,185,
CIMS.CAN.SK.Residential.Dwellings.Building Type.High Density.Vintage.1961-1980 Bldg Code,Service,SK,Residential,1961-1980 Bldg Code,Reference,market_share_total,,,,annual_tech,%,1,,,,,,,,,,,
CIMS.CAN.SK.Residential.Dwellings.Building Type.High Density.Vintage.1961-1980 Bldg Code,Service,SK,Residential,1961-1980 Bldg Code,Reference,service_request,,,CIMS.CAN.SK.Residential.Dwellings.Building Type.High Density.Vintage.1961-1980 Bldg Code.Heating (Cold),annual_region_tech,GJ,0.3335505152228,0.29526079050362,0.36086768100151,0.35531229424977,0.40847443312703,0.40847443312703,0.40847443312703,0.40847443312703,0.40847443312703,0.40847443312703,0.40847443312703,
CIMS.CAN.SK.Residential.Dwellings.Building Type.High Density.Vintage.1961-1980 Bldg Code,Service,SK,Residential,1961-1980 Bldg Code,Retrofit Average,technology,,,,,,,,,,,,,,,,,
CIMS.CAN.SK.Residential.Dwellings.Building Type.High Density.Vintage.1961-1980 Bldg Code,Service,SK,Residential,1961-1980 Bldg Code,Retrofit Average,available,,,,constant_tech,Year,1961,1961,1961,1961,1961,1961,1961,1961,1961,1961,1961,
CIMS.CAN.SK.Residential.Dwellings.Building Type.High Density.Vintage.1961-1980 Bldg Code,Service,SK,Residential,1961-1980 Bldg Code,Retrofit Average,unavailable,,,,constant_tech,Year,2101,2101,2101,2101,2101,2101,2101,2101,2101,2101,2101,
CIMS.CAN.SK.Residential.Dwellings.Building Type.High Density.Vintage.1961-1980 Bldg Code,Service,SK,Residential,1961-1980 Bldg Code,Retrofit Average,lifetime,,,,constant_tech,Years,185,185,185,185,185,185,185,185,185,185,185,
CIMS.CAN.SK.Residential.Dwellings.Building Type.High Density.Vintage.1961-1980 Bldg Code,Service,SK,Residential,1961-1980 Bldg Code,Retrofit Average,market_share_total,,,,annual_tech,%,0,,,,,,,,,,,
CIMS.CAN.SK.Residential.Dwellings.Building Type.High Density.Vintage.1961-1980 Bldg Code,Service,SK,Residential,1961-1980 Bldg Code,Retrofit Average,fcc,,,,constant_tech,$,1565,1565,1565,1565,1565,1565,1565,1565,1565,1565,1565,
CIMS.CAN.SK.Residential.Dwellings.Building Type.High Density.Vintage.1961-1980 Bldg Code,Service,SK,Residential,1961-1980 Bldg Code,Retrofit Average,market_share_new_max,,,,constant_tech,%,0,0,0,0,0,0,0,0,0,0,0,
CIMS.CAN.SK.Residential.Dwellings.Building Type.High Density.Vintage.1961-1980 Bldg Code,Service,SK,Residential,1961-1980 Bldg Code,Retrofit Average,service_request,,,CIMS.CAN.SK.Residential.Dwellings.Building Type.High Density.Vintage.1961-1980 Bldg Code.Heating (Cold),annual_region_tech,GJ,0.23348536065596,0.20668255335254,0.25260737670106,0.24871860597484,0.28593210318892,0.28593210318892,0.28593210318892,0.28593210318892,0.28593210318892,0.28593210318892,0.28593210318892,
CIMS.CAN.SK.Residential.Dwellings.Building Type.High Density.Vintage.1961-1980 Bldg Code,Service,SK,Residential,1961-1980 Bldg Code,Retrofit Deep,technology,,,,,,,,,,,,,,,,,
CIMS.CAN.SK.Residential.Dwellings.Building Type.High Density.Vintage.1961-1980 Bldg Code,Service,SK,Residential,1961-1980 Bldg Code,Retrofit Deep,available,,,,constant_tech,Year,1961,1961,1961,1961,1961,1961,1961,1961,1961,1961,1961,
CIMS.CAN.SK.Residential.Dwellings.Building Type.High Density.Vintage.1961-1980 Bldg Code,Service,SK,Residential,1961-1980 Bldg Code,Retrofit Deep,unavailable,,,,constant_tech,Year,2101,2101,2101,2101,2101,2101,2101,2101,2101,2101,2101,
CIMS.CAN.SK.Residential.Dwellings.Building Type.High Density.Vintage.1961-1980 Bldg Code,Service,SK,Residential,1961-1980 Bldg Code,Retrofit Deep,lifetime,,,,constant_tech,Years,185,185,185,185,185,185,185,185,185,185,185,
CIMS.CAN.SK.Residential.Dwellings.Building Type.High Density.Vintage.1961-1980 Bldg Code,Service,SK,Residential,1961-1980 Bldg Code,Retrofit Deep,market_share_total,,,,annual_tech,%,0,,,,,,,,,,,
CIMS.CAN.SK.Residential.Dwellings.Building Type.High Density.Vintage.1961-1980 Bldg Code,Service,SK,Residential,1961-1980 Bldg Code,Retrofit Deep,fcc,,,,constant_tech,$,3130,3130,3130,3130,3130,3130,3130,3130,3130,3130,3130,
CIMS.CAN.SK.Residential.Dwellings.Building Type.High Density.Vintage.1961-1980 Bldg Code,Service,SK,Residential,1961-1980 Bldg Code,Retrofit Deep,market_share_new_max,,,,constant_tech,%,0,0,0,0,0,0,0,0,0,0,0,
CIMS.CAN.SK.Residential.Dwellings.Building Type.High Density.Vintage.1961-1980 Bldg Code,Service,SK,Residential,1961-1980 Bldg Code,Retrofit Deep,service_request,,,CIMS.CAN.SK.Residential.Dwellings.Building Type.High Density.Vintage.1961-1980 Bldg Code.Heating (Cold),annual_region_tech,GJ,0.1667752576114,0.14763039525181,0.18043384050076,0.17765614712488,0.20423721656352,0.20423721656352,0.20423721656352,0.20423721656352,0.20423721656352,0.20423721656352,0.20423721656352,
CIMS.CAN.SK.Residential.Dwellings.Building Type.High Density.Vintage.1961-1980 Bldg Code.Heating (Cold),Service,SK,Residential,Heating (Cold),,service_provide,,,,constant_tech,GJ of heat,,,,,,,,,,,,
CIMS.CAN.SK.Residential.Dwellings.Building Type.High Density.Vintage.1961-1980 Bldg Code.Heating (Cold),Service,SK,Residential,Heating (Cold),,competition,Tech Compete,,,,,,,,,,,,,,,,
CIMS.CAN.SK.Residential.Dwellings.Building Type.High Density.Vintage.1961-1980 Bldg Code.Heating (Cold),Service,SK,Residential,Heating (Cold),,discount_rate_financial,,,,constant_tech,%,0.25,0.25,0.25,0.25,0.25,0.25,0.25,0.25,0.25,0.25,0.25,
CIMS.CAN.SK.Residential.Dwellings.Building Type.High Density.Vintage.1961-1980 Bldg Code.Heating (Cold),Service,SK,Residential,Heating (Cold),,inheritance,intercept_retirement,,,constant_tech,,FALSE,FALSE,FALSE,FALSE,FALSE,FALSE,FALSE,FALSE,FALSE,FALSE,FALSE,
CIMS.CAN.SK.Residential.Dwellings.Building Type.High Density.Vintage.1961-1980 Bldg Code.Heating (Cold),Service,SK,Residential,Heating (Cold),,heterogeneity,,,,constant_tech,,10,10,10,10,10,10,10,10,10,10,10,
CIMS.CAN.SK.Residential.Dwellings.Building Type.High Density.Vintage.1961-1980 Bldg Code.Heating (Cold),Service,SK,Residential,Heating (Cold),NG - Existing,technology,,,,,,,,,,,,,,,,,
CIMS.CAN.SK.Residential.Dwellings.Building Type.High Density.Vintage.1961-1980 Bldg Code.Heating (Cold),Service,SK,Residential,Heating (Cold),NG - Existing,available,,,,constant_tech,Year,1950,1950,1950,1950,1950,1950,1950,1950,1950,1950,1950,
CIMS.CAN.SK.Residential.Dwellings.Building Type.High Density.Vintage.1961-1980 Bldg Code.Heating (Cold),Service,SK,Residential,Heating (Cold),NG - Existing,unavailable,,,,constant_tech,Year,2001,2001,2001,2001,2001,2001,2001,2001,2001,2001,2001,
CIMS.CAN.SK.Residential.Dwellings.Building Type.High Density.Vintage.1961-1980 Bldg Code.Heating (Cold),Service,SK,Residential,Heating (Cold),NG - Existing,lifetime,,,,constant_tech,Years,14,14,14,14,14,14,14,14,14,14,14,
CIMS.CAN.SK.Residential.Dwellings.Building Type.High Density.Vintage.1961-1980 Bldg Code.Heating (Cold),Service,SK,Residential,Heating (Cold),NG - Existing,market_share_total,,,,annual_region_tech,%,0.52326825897877,,,,,,,,,,,
CIMS.CAN.SK.Residential.Dwellings.Building Type.High Density.Vintage.1961-1980 Bldg Code.Heating (Cold),Service,SK,Residential,Heating (Cold),NG - Existing,output,,,,constant_tech,node unit,31.399776,31.399776,31.399776,31.399776,31.399776,31.399776,31.399776,31.399776,31.399776,31.399776,31.399776,
CIMS.CAN.SK.Residential.Dwellings.Building Type.High Density.Vintage.1961-1980 Bldg Code.Heating (Cold),Service,SK,Residential,Heating (Cold),NG - Existing,fcc,,,,constant_tech,$,3603.875433,3603.875433,3603.875433,3603.875433,3603.875433,3603.875433,3603.875433,3603.875433,3603.875433,3603.875433,3603.875433,
CIMS.CAN.SK.Residential.Dwellings.Building Type.High Density.Vintage.1961-1980 Bldg Code.Heating (Cold),Service,SK,Residential,Heating (Cold),NG - Existing,fom,,,,constant_tech,$,75.08073818,75.08073818,75.08073818,75.08073818,75.08073818,75.08073818,75.08073818,75.08073818,75.08073818,75.08073818,75.08073818,
CIMS.CAN.SK.Residential.Dwellings.Building Type.High Density.Vintage.1961-1980 Bldg Code.Heating (Cold),Service,SK,Residential,Heating (Cold),NG - Existing,service_request,,,CIMS.CAN.SK.Residential.Methane Blend,annual_tech,GJ,1.6935483873,1.6935483873,1.6935483873,1.6935483873,1.6935483873,1.6935483873,1.6935483873,1.6935483873,1.6935483873,1.6935483873,1.6935483873,
CIMS.CAN.SK.Residential.Dwellings.Building Type.High Density.Vintage.1961-1980 Bldg Code.Heating (Cold),Service,SK,Residential,Heating (Cold),NG - Standard Efficiency,technology,,,,,,,,,,,,,,,,,
CIMS.CAN.SK.Residential.Dwellings.Building Type.High Density.Vintage.1961-1980 Bldg Code.Heating (Cold),Service,SK,Residential,Heating (Cold),NG - Standard Efficiency,available,,,,constant_tech,Year,1990,1990,1990,1990,1990,1990,1990,1990,1990,1990,1990,
CIMS.CAN.SK.Residential.Dwellings.Building Type.High Density.Vintage.1961-1980 Bldg Code.Heating (Cold),Service,SK,Residential,Heating (Cold),NG - Standard Efficiency,unavailable,,,,constant_tech,Year,2101,2101,2101,2101,2101,2101,2101,2101,2101,2101,2101,
CIMS.CAN.SK.Residential.Dwellings.Building Type.High Density.Vintage.1961-1980 Bldg Code.Heating (Cold),Service,SK,Residential,Heating (Cold),NG - Standard Efficiency,lifetime,,,,constant_tech,Years,19,19,19,19,19,19,19,19,19,19,19,
CIMS.CAN.SK.Residential.Dwellings.Building Type.High Density.Vintage.1961-1980 Bldg Code.Heating (Cold),Service,SK,Residential,Heating (Cold),NG - Standard Efficiency,market_share_total,,,,annual_region_tech,%,0.20232208418571,,,,,,,,,,,
CIMS.CAN.SK.Residential.Dwellings.Building Type.High Density.Vintage.1961-1980 Bldg Code.Heating (Cold),Service,SK,Residential,Heating (Cold),NG - Standard Efficiency,output,,,,constant_tech,node unit,31.399776,31.399776,31.399776,31.399776,31.399776,31.399776,31.399776,31.399776,31.399776,31.399776,31.399776,
CIMS.CAN.SK.Residential.Dwellings.Building Type.High Density.Vintage.1961-1980 Bldg Code.Heating (Cold),Service,SK,Residential,Heating (Cold),NG - Standard Efficiency,fcc,,,,constant_tech,$,5005.382545,5005.382545,5005.382545,5005.382545,5005.382545,5005.382545,5005.382545,5005.382545,5005.382545,5005.382545,5005.382545,
CIMS.CAN.SK.Residential.Dwellings.Building Type.High Density.Vintage.1961-1980 Bldg Code.Heating (Cold),Service,SK,Residential,Heating (Cold),NG - Standard Efficiency,fom,,,,constant_tech,$,162.6749327,162.6749327,162.6749327,162.6749327,162.6749327,162.6749327,162.6749327,162.6749327,162.6749327,162.6749327,162.6749327,
CIMS.CAN.SK.Residential.Dwellings.Building Type.High Density.Vintage.1961-1980 Bldg Code.Heating (Cold),Service,SK,Residential,Heating (Cold),NG - Standard Efficiency,service_request,,,CIMS.CAN.SK.Residential.Methane Blend,annual_tech,GJ,1.32911392425,1.32911392425,1.32911392425,1.32911392425,1.32911392425,1.32911392425,1.32911392425,1.32911392425,1.32911392425,1.32911392425,1.32911392425,
CIMS.CAN.SK.Residential.Dwellings.Building Type.High Density.Vintage.1961-1980 Bldg Code.Heating (Cold),Service,SK,Residential,Heating (Cold),NG - High Efficiency,technology,,,,,,,,,,,,,,,,,
CIMS.CAN.SK.Residential.Dwellings.Building Type.High Density.Vintage.1961-1980 Bldg Code.Heating (Cold),Service,SK,Residential,Heating (Cold),NG - High Efficiency,available,,,,constant_tech,Year,2000,2000,2000,2000,2000,2000,2000,2000,2000,2000,2000,
CIMS.CAN.SK.Residential.Dwellings.Building Type.High Density.Vintage.1961-1980 Bldg Code.Heating (Cold),Service,SK,Residential,Heating (Cold),NG - High Efficiency,unavailable,,,,constant_tech,Year,2101,2101,2101,2101,2101,2101,2101,2101,2101,2101,2101,
CIMS.CAN.SK.Residential.Dwellings.Building Type.High Density.Vintage.1961-1980 Bldg Code.Heating (Cold),Service,SK,Residential,Heating (Cold),NG - High Efficiency,lifetime,,,,constant_tech,Years,19,19,19,19,19,19,19,19,19,19,19,
CIMS.CAN.SK.Residential.Dwellings.Building Type.High Density.Vintage.1961-1980 Bldg Code.Heating (Cold),Service,SK,Residential,Heating (Cold),NG - High Efficiency,market_share_total,,,,annual_region_tech,%,0.16644764472383,,,,,,,,,,,
CIMS.CAN.SK.Residential.Dwellings.Building Type.High Density.Vintage.1961-1980 Bldg Code.Heating (Cold),Service,SK,Residential,Heating (Cold),NG - High Efficiency,output,,,,constant_tech,node unit,31.399776,31.399776,31.399776,31.399776,31.399776,31.399776,31.399776,31.399776,31.399776,31.399776,31.399776,
CIMS.CAN.SK.Residential.Dwellings.Building Type.High Density.Vintage.1961-1980 Bldg Code.Heating (Cold),Service,SK,Residential,Heating (Cold),NG - High Efficiency,fcc,,,,constant_tech,$,6231.7012692,6231.7012692,6231.7012692,6231.7012692,6231.7012692,6231.7012692,6231.7012692,6231.7012692,6231.7012692,6231.7012692,6231.7012692,
CIMS.CAN.SK.Residential.Dwellings.Building Type.High Density.Vintage.1961-1980 Bldg Code.Heating (Cold),Service,SK,Residential,Heating (Cold),NG - High Efficiency,fom,,,,constant_tech,$,162.6749327,162.6749327,162.6749327,162.6749327,162.6749327,162.6749327,162.6749327,162.6749327,162.6749327,162.6749327,162.6749327,
CIMS.CAN.SK.Residential.Dwellings.Building Type.High Density.Vintage.1961-1980 Bldg Code.Heating (Cold),Service,SK,Residential,Heating (Cold),NG - High Efficiency,service_request,,,CIMS.CAN.SK.Residential.Methane Blend,annual_tech,GJ,1.16666666655,1.16666666655,1.16666666655,1.16666666655,1.16666666655,1.16666666655,1.16666666655,1.16666666655,1.16666666655,1.16666666655,1.16666666655,
CIMS.CAN.SK.Residential.Dwellings.Building Type.High Density.Vintage.1961-1980 Bldg Code.Heating (Cold),Service,SK,Residential,Heating (Cold),NG - ASHP / NG - backup,technology,,,,,,,,,,,,,,,,,
CIMS.CAN.SK.Residential.Dwellings.Building Type.High Density.Vintage.1961-1980 Bldg Code.Heating (Cold),Service,SK,Residential,Heating (Cold),NG - ASHP / NG - backup,available,,,,constant_tech,Year,2000,2000,2000,2000,2000,2000,2000,2000,2000,2000,2000,
CIMS.CAN.SK.Residential.Dwellings.Building Type.High Density.Vintage.1961-1980 Bldg Code.Heating (Cold),Service,SK,Residential,Heating (Cold),NG - ASHP / NG - backup,unavailable,,,,constant_tech,Year,2101,2101,2101,2101,2101,2101,2101,2101,2101,2101,2101,
CIMS.CAN.SK.Residential.Dwellings.Building Type.High Density.Vintage.1961-1980 Bldg Code.Heating (Cold),Service,SK,Residential,Heating (Cold),NG - ASHP / NG - backup,lifetime,,,,constant_tech,Years,15,15,15,15,15,15,15,15,15,15,15,
CIMS.CAN.SK.Residential.Dwellings.Building Type.High Density.Vintage.1961-1980 Bldg Code.Heating (Cold),Service,SK,Residential,Heating (Cold),NG - ASHP / NG - backup,market_share_total,,,,annual_region_tech,%,0,,,,,,,,,,,
CIMS.CAN.SK.Residential.Dwellings.Building Type.High Density.Vintage.1961-1980 Bldg Code.Heating (Cold),Service,SK,Residential,Heating (Cold),NG - ASHP / NG - backup,output,,,,constant_tech,node unit,31.399776,31.399776,31.399776,31.399776,31.399776,31.399776,31.399776,31.399776,31.399776,31.399776,31.399776,
CIMS.CAN.SK.Residential.Dwellings.Building Type.High Density.Vintage.1961-1980 Bldg Code.Heating (Cold),Service,SK,Residential,Heating (Cold),NG - ASHP / NG - backup,fcc,,,,constant_tech,$,20015.27345,20015.27345,20015.27345,20015.27345,20015.27345,20015.27345,20015.27345,20015.27345,20015.27345,20015.27345,20015.27345,
CIMS.CAN.SK.Residential.Dwellings.Building Type.High Density.Vintage.1961-1980 Bldg Code.Heating (Cold),Service,SK,Residential,Heating (Cold),NG - ASHP / NG - backup,fom,,,,constant_tech,$,250.2691273,250.2691273,250.2691273,250.2691273,250.2691273,250.2691273,250.2691273,250.2691273,250.2691273,250.2691273,250.2691273,
CIMS.CAN.SK.Residential.Dwellings.Building Type.High Density.Vintage.1961-1980 Bldg Code.Heating (Cold),Service,SK,Residential,Heating (Cold),NG - ASHP / NG - backup,service_request,,,CIMS.CAN.SK.Residential.Methane Blend,annual_tech,GJ,2.1593627892625,2.1593627892625,2.1593627892625,2.1593627892625,2.1593627892625,2.1593627892625,2.1593627892625,2.1593627892625,2.1593627892625,2.1593627892625,2.1593627892625,
CIMS.CAN.SK.Residential.Dwellings.Building Type.High Density.Vintage.1961-1980 Bldg Code.Heating (Cold),Service,SK,Residential,Heating (Cold),NG - ASHP / NG - backup,service_request,,,CIMS.CAN.SK.Residential.Dwellings.Building Type.High Density.Cooling,annual_tech,GJ of cooling,-0.004568364,-0.004568364,-0.004568364,-0.004568364,-0.004568364,-0.004568364,-0.004568364,-0.004568364,-0.004568364,-0.004568364,-0.004568364,
CIMS.CAN.SK.Residential.Dwellings.Building Type.High Density.Vintage.1961-1980 Bldg Code.Heating (Cold),Service,SK,Residential,Heating (Cold),Electric - Standard Efficiency,technology,,,,,,,,,,,,,,,,,
CIMS.CAN.SK.Residential.Dwellings.Building Type.High Density.Vintage.1961-1980 Bldg Code.Heating (Cold),Service,SK,Residential,Heating (Cold),Electric - Standard Efficiency,available,,,,constant_tech,Year,1950,1950,1950,1950,1950,1950,1950,1950,1950,1950,1950,
CIMS.CAN.SK.Residential.Dwellings.Building Type.High Density.Vintage.1961-1980 Bldg Code.Heating (Cold),Service,SK,Residential,Heating (Cold),Electric - Standard Efficiency,unavailable,,,,constant_tech,Year,2101,2101,2101,2101,2101,2101,2101,2101,2101,2101,2101,
CIMS.CAN.SK.Residential.Dwellings.Building Type.High Density.Vintage.1961-1980 Bldg Code.Heating (Cold),Service,SK,Residential,Heating (Cold),Electric - Standard Efficiency,lifetime,,,,constant_tech,Years,22.5,22.5,22.5,22.5,22.5,22.5,22.5,22.5,22.5,22.5,22.5,
CIMS.CAN.SK.Residential.Dwellings.Building Type.High Density.Vintage.1961-1980 Bldg Code.Heating (Cold),Service,SK,Residential,Heating (Cold),Electric - Standard Efficiency,market_share_total,,,,annual_region_tech,%,0.03344939238346,,,,,,,,,,,
CIMS.CAN.SK.Residential.Dwellings.Building Type.High Density.Vintage.1961-1980 Bldg Code.Heating (Cold),Service,SK,Residential,Heating (Cold),Electric - Standard Efficiency,output,,,,constant_tech,node unit,31.399776,31.399776,31.399776,31.399776,31.399776,31.399776,31.399776,31.399776,31.399776,31.399776,31.399776,
CIMS.CAN.SK.Residential.Dwellings.Building Type.High Density.Vintage.1961-1980 Bldg Code.Heating (Cold),Service,SK,Residential,Heating (Cold),Electric - Standard Efficiency,fcc,,,,constant_tech,$,3822.860919,3822.860919,3822.860919,3822.860919,3822.860919,3822.860919,3822.860919,3822.860919,3822.860919,3822.860919,3822.860919,
CIMS.CAN.SK.Residential.Dwellings.Building Type.High Density.Vintage.1961-1980 Bldg Code.Heating (Cold),Service,SK,Residential,Heating (Cold),Electric - Standard Efficiency,service_request,,,CIMS.CAN.SK.Electricity,annual_tech,GJ,1,1,1,1,1,1,1,1,1,1,1,
CIMS.CAN.SK.Residential.Dwellings.Building Type.High Density.Vintage.1961-1980 Bldg Code.Heating (Cold),Service,SK,Residential,Heating (Cold),Electric - ASHP / NG - backup,technology,,,,,,,,,,,,,,,,,
CIMS.CAN.SK.Residential.Dwellings.Building Type.High Density.Vintage.1961-1980 Bldg Code.Heating (Cold),Service,SK,Residential,Heating (Cold),Electric - ASHP / NG - backup,available,,,,constant_tech,Year,2000,2000,2000,2000,2000,2000,2000,2000,2000,2000,2000,
CIMS.CAN.SK.Residential.Dwellings.Building Type.High Density.Vintage.1961-1980 Bldg Code.Heating (Cold),Service,SK,Residential,Heating (Cold),Electric - ASHP / NG - backup,unavailable,,,,constant_tech,Year,2101,2101,2101,2101,2101,2101,2101,2101,2101,2101,2101,
CIMS.CAN.SK.Residential.Dwellings.Building Type.High Density.Vintage.1961-1980 Bldg Code.Heating (Cold),Service,SK,Residential,Heating (Cold),Electric - ASHP / NG - backup,lifetime,,,,constant_tech,Years,15.5,15.5,15.5,15.5,15.5,15.5,15.5,15.5,15.5,15.5,15.5,
CIMS.CAN.SK.Residential.Dwellings.Building Type.High Density.Vintage.1961-1980 Bldg Code.Heating (Cold),Service,SK,Residential,Heating (Cold),Electric - ASHP / NG - backup,market_share_total,,,,annual_region_tech,%,0.00109736767236,,,,,,,,,,,
CIMS.CAN.SK.Residential.Dwellings.Building Type.High Density.Vintage.1961-1980 Bldg Code.Heating (Cold),Service,SK,Residential,Heating (Cold),Electric - ASHP / NG - backup,output,,,,constant_tech,node unit,31.399776,31.399776,31.399776,31.399776,31.399776,31.399776,31.399776,31.399776,31.399776,31.399776,31.399776,
CIMS.CAN.SK.Residential.Dwellings.Building Type.High Density.Vintage.1961-1980 Bldg Code.Heating (Cold),Service,SK,Residential,Heating (Cold),Electric - ASHP / NG - backup,fcc,,,,constant_tech,$,9647.874856,9647.874856,9647.874856,9647.874856,9647.874856,9647.874856,9647.874856,9647.874856,9647.874856,9647.874856,9647.874856,
CIMS.CAN.SK.Residential.Dwellings.Building Type.High Density.Vintage.1961-1980 Bldg Code.Heating (Cold),Service,SK,Residential,Heating (Cold),Electric - ASHP / NG - backup,fom,,,,constant_tech,$,269.0393118,269.0393118,269.0393118,269.0393118,269.0393118,269.0393118,269.0393118,269.0393118,269.0393118,269.0393118,269.0393118,
CIMS.CAN.SK.Residential.Dwellings.Building Type.High Density.Vintage.1961-1980 Bldg Code.Heating (Cold),Service,SK,Residential,Heating (Cold),Electric - ASHP / NG - backup,service_request,,,CIMS.CAN.SK.Electricity,annual_tech,GJ,0.72747607755,0.72747607755,0.72747607755,0.72747607755,0.72747607755,0.72747607755,0.72747607755,0.72747607755,0.72747607755,0.72747607755,0.72747607755,
CIMS.CAN.SK.Residential.Dwellings.Building Type.High Density.Vintage.1961-1980 Bldg Code.Heating (Cold),Service,SK,Residential,Heating (Cold),Electric - ASHP / NG - backup,service_request,,,CIMS.CAN.SK.Residential.Methane Blend,annual_tech,GJ,0.0583333333275,0.0583333333275,0.0583333333275,0.0583333333275,0.0583333333275,0.0583333333275,0.0583333333275,0.0583333333275,0.0583333333275,0.0583333333275,0.0583333333275,
CIMS.CAN.SK.Residential.Dwellings.Building Type.High Density.Vintage.1961-1980 Bldg Code.Heating (Cold),Service,SK,Residential,Heating (Cold),Electric - ASHP / NG - backup,service_request,,,CIMS.CAN.SK.Residential.Dwellings.Building Type.High Density.Cooling,annual_tech,GJ of cooling,-0.004568364,-0.004568364,-0.004568364,-0.004568364,-0.004568364,-0.004568364,-0.004568364,-0.004568364,-0.004568364,-0.004568364,-0.004568364,
CIMS.CAN.SK.Residential.Dwellings.Building Type.High Density.Vintage.1961-1980 Bldg Code.Heating (Cold),Service,SK,Residential,Heating (Cold),Electric - ASHP / Electric - backup,technology,,,,,,,,,,,,,,,,,
CIMS.CAN.SK.Residential.Dwellings.Building Type.High Density.Vintage.1961-1980 Bldg Code.Heating (Cold),Service,SK,Residential,Heating (Cold),Electric - ASHP / Electric - backup,available,,,,constant_tech,Year,2000,2000,2000,2000,2000,2000,2000,2000,2000,2000,2000,
CIMS.CAN.SK.Residential.Dwellings.Building Type.High Density.Vintage.1961-1980 Bldg Code.Heating (Cold),Service,SK,Residential,Heating (Cold),Electric - ASHP / Electric - backup,unavailable,,,,constant_tech,Year,2101,2101,2101,2101,2101,2101,2101,2101,2101,2101,2101,
CIMS.CAN.SK.Residential.Dwellings.Building Type.High Density.Vintage.1961-1980 Bldg Code.Heating (Cold),Service,SK,Residential,Heating (Cold),Electric - ASHP / Electric - backup,lifetime,,,,constant_tech,Years,15.5,15.5,15.5,15.5,15.5,15.5,15.5,15.5,15.5,15.5,15.5,
CIMS.CAN.SK.Residential.Dwellings.Building Type.High Density.Vintage.1961-1980 Bldg Code.Heating (Cold),Service,SK,Residential,Heating (Cold),Electric - ASHP / Electric - backup,market_share_total,,,,annual_region_tech,%,0,,,,,,,,,,,
CIMS.CAN.SK.Residential.Dwellings.Building Type.High Density.Vintage.1961-1980 Bldg Code.Heating (Cold),Service,SK,Residential,Heating (Cold),Electric - ASHP / Electric - backup,output,,,,constant_tech,node unit,31.399776,31.399776,31.399776,31.399776,31.399776,31.399776,31.399776,31.399776,31.399776,31.399776,31.399776,
CIMS.CAN.SK.Residential.Dwellings.Building Type.High Density.Vintage.1961-1980 Bldg Code.Heating (Cold),Service,SK,Residential,Heating (Cold),Electric - ASHP / Electric - backup,fcc,,,,constant_tech,$,9373.830161,9373.830161,9373.830161,9373.830161,9373.830161,9373.830161,9373.830161,9373.830161,9373.830161,9373.830161,9373.830161,
CIMS.CAN.SK.Residential.Dwellings.Building Type.High Density.Vintage.1961-1980 Bldg Code.Heating (Cold),Service,SK,Residential,Heating (Cold),Electric - ASHP / Electric - backup,fom,,,,constant_tech,$,106.3643791,106.3643791,106.3643791,106.3643791,106.3643791,106.3643791,106.3643791,106.3643791,106.3643791,106.3643791,106.3643791,
CIMS.CAN.SK.Residential.Dwellings.Building Type.High Density.Vintage.1961-1980 Bldg Code.Heating (Cold),Service,SK,Residential,Heating (Cold),Electric - ASHP / Electric - backup,service_request,,,CIMS.CAN.SK.Electricity,annual_tech,GJ,0.77747607755,0.77747607755,0.77747607755,0.77747607755,0.77747607755,0.77747607755,0.77747607755,0.77747607755,0.77747607755,0.77747607755,0.77747607755,
CIMS.CAN.SK.Residential.Dwellings.Building Type.High Density.Vintage.1961-1980 Bldg Code.Heating (Cold),Service,SK,Residential,Heating (Cold),Electric - ASHP / Electric - backup,service_request,,,CIMS.CAN.SK.Residential.Dwellings.Building Type.High Density.Cooling,annual_tech,GJ of cooling,-0.004568364,-0.004568364,-0.004568364,-0.004568364,-0.004568364,-0.004568364,-0.004568364,-0.004568364,-0.004568364,-0.004568364,-0.004568364,
CIMS.CAN.SK.Residential.Dwellings.Building Type.High Density.Vintage.1961-1980 Bldg Code.Heating (Cold),Service,SK,Residential,Heating (Cold),Heating Oil - Existing,technology,,,,,,,,,,,,,,,,,
CIMS.CAN.SK.Residential.Dwellings.Building Type.High Density.Vintage.1961-1980 Bldg Code.Heating (Cold),Service,SK,Residential,Heating (Cold),Heating Oil - Existing,available,,,,constant_tech,Year,1950,1950,1950,1950,1950,1950,1950,1950,1950,1950,1950,
CIMS.CAN.SK.Residential.Dwellings.Building Type.High Density.Vintage.1961-1980 Bldg Code.Heating (Cold),Service,SK,Residential,Heating (Cold),Heating Oil - Existing,unavailable,,,,constant_tech,Year,2001,2001,2001,2001,2001,2001,2001,2001,2001,2001,2001,
CIMS.CAN.SK.Residential.Dwellings.Building Type.High Density.Vintage.1961-1980 Bldg Code.Heating (Cold),Service,SK,Residential,Heating (Cold),Heating Oil - Existing,lifetime,,,,constant_tech,Years,23,23,23,23,23,23,23,23,23,23,23,
CIMS.CAN.SK.Residential.Dwellings.Building Type.High Density.Vintage.1961-1980 Bldg Code.Heating (Cold),Service,SK,Residential,Heating (Cold),Heating Oil - Existing,market_share_total,,,,annual_region_tech,%,0.03236557246014,,,,,,,,,,,
CIMS.CAN.SK.Residential.Dwellings.Building Type.High Density.Vintage.1961-1980 Bldg Code.Heating (Cold),Service,SK,Residential,Heating (Cold),Heating Oil - Existing,output,,,,constant_tech,node unit,31.399776,31.399776,31.399776,31.399776,31.399776,31.399776,31.399776,31.399776,31.399776,31.399776,31.399776,
CIMS.CAN.SK.Residential.Dwellings.Building Type.High Density.Vintage.1961-1980 Bldg Code.Heating (Cold),Service,SK,Residential,Heating (Cold),Heating Oil - Existing,fcc,,,,constant_tech,$,5943.891772,5943.891772,5943.891772,5943.891772,5943.891772,5943.891772,5943.891772,5943.891772,5943.891772,5943.891772,5943.891772,
CIMS.CAN.SK.Residential.Dwellings.Building Type.High Density.Vintage.1961-1980 Bldg Code.Heating (Cold),Service,SK,Residential,Heating (Cold),Heating Oil - Existing,fom,,,,constant_tech,$,100.1076509,100.1076509,100.1076509,100.1076509,100.1076509,100.1076509,100.1076509,100.1076509,100.1076509,100.1076509,100.1076509,
CIMS.CAN.SK.Residential.Dwellings.Building Type.High Density.Vintage.1961-1980 Bldg Code.Heating (Cold),Service,SK,Residential,Heating (Cold),Heating Oil - Existing,service_request,,,CIMS.Generic Fuels.Fuel Oil,annual_tech,GJ,1.666666667,1.666666667,1.666666667,1.666666667,1.666666667,1.666666667,1.666666667,1.666666667,1.666666667,1.666666667,1.666666667,
CIMS.CAN.SK.Residential.Dwellings.Building Type.High Density.Vintage.1961-1980 Bldg Code.Heating (Cold),Service,SK,Residential,Heating (Cold),Heating Oil - High Efficiency,technology,,,,,,,,,,,,,,,,,
CIMS.CAN.SK.Residential.Dwellings.Building Type.High Density.Vintage.1961-1980 Bldg Code.Heating (Cold),Service,SK,Residential,Heating (Cold),Heating Oil - High Efficiency,available,,,,constant_tech,Year,2000,2000,2000,2000,2000,2000,2000,2000,2000,2000,2000,
CIMS.CAN.SK.Residential.Dwellings.Building Type.High Density.Vintage.1961-1980 Bldg Code.Heating (Cold),Service,SK,Residential,Heating (Cold),Heating Oil - High Efficiency,unavailable,,,,constant_tech,Year,2101,2101,2101,2101,2101,2101,2101,2101,2101,2101,2101,
CIMS.CAN.SK.Residential.Dwellings.Building Type.High Density.Vintage.1961-1980 Bldg Code.Heating (Cold),Service,SK,Residential,Heating (Cold),Heating Oil - High Efficiency,lifetime,,,,constant_tech,Years,23,23,23,23,23,23,23,23,23,23,23,
CIMS.CAN.SK.Residential.Dwellings.Building Type.High Density.Vintage.1961-1980 Bldg Code.Heating (Cold),Service,SK,Residential,Heating (Cold),Heating Oil - High Efficiency,market_share_total,,,,annual_region_tech,%,0.02112094075569,,,,,,,,,,,
CIMS.CAN.SK.Residential.Dwellings.Building Type.High Density.Vintage.1961-1980 Bldg Code.Heating (Cold),Service,SK,Residential,Heating (Cold),Heating Oil - High Efficiency,output,,,,constant_tech,node unit,31.399776,31.399776,31.399776,31.399776,31.399776,31.399776,31.399776,31.399776,31.399776,31.399776,31.399776,
CIMS.CAN.SK.Residential.Dwellings.Building Type.High Density.Vintage.1961-1980 Bldg Code.Heating (Cold),Service,SK,Residential,Heating (Cold),Heating Oil - High Efficiency,fcc,,,,constant_tech,$,9541.510477,9541.510477,9541.510477,9541.510477,9541.510477,9541.510477,9541.510477,9541.510477,9541.510477,9541.510477,9541.510477,
CIMS.CAN.SK.Residential.Dwellings.Building Type.High Density.Vintage.1961-1980 Bldg Code.Heating (Cold),Service,SK,Residential,Heating (Cold),Heating Oil - High Efficiency,fom,,,,constant_tech,$,100.1076509,100.1076509,100.1076509,100.1076509,100.1076509,100.1076509,100.1076509,100.1076509,100.1076509,100.1076509,100.1076509,
CIMS.CAN.SK.Residential.Dwellings.Building Type.High Density.Vintage.1961-1980 Bldg Code.Heating (Cold),Service,SK,Residential,Heating (Cold),Heating Oil - High Efficiency,service_request,,,CIMS.Generic Fuels.Fuel Oil,annual_tech,GJ,1.162790698,1.162790698,1.162790698,1.162790698,1.162790698,1.162790698,1.162790698,1.162790698,1.162790698,1.162790698,1.162790698,
CIMS.CAN.SK.Residential.Dwellings.Building Type.High Density.Vintage.1961-1980 Bldg Code.Heating (Cold),Service,SK,Residential,Heating (Cold),Wood,technology,,,,,,,,,,,,,,,,,
CIMS.CAN.SK.Residential.Dwellings.Building Type.High Density.Vintage.1961-1980 Bldg Code.Heating (Cold),Service,SK,Residential,Heating (Cold),Wood,available,,,,constant_tech,Year,1950,1950,1950,1950,1950,1950,1950,1950,1950,1950,1950,
CIMS.CAN.SK.Residential.Dwellings.Building Type.High Density.Vintage.1961-1980 Bldg Code.Heating (Cold),Service,SK,Residential,Heating (Cold),Wood,unavailable,,,,constant_tech,Year,2101,2101,2101,2101,2101,2101,2101,2101,2101,2101,2101,
CIMS.CAN.SK.Residential.Dwellings.Building Type.High Density.Vintage.1961-1980 Bldg Code.Heating (Cold),Service,SK,Residential,Heating (Cold),Wood,lifetime,,,,constant_tech,Years,18.5,18.5,18.5,18.5,18.5,18.5,18.5,18.5,18.5,18.5,18.5,
CIMS.CAN.SK.Residential.Dwellings.Building Type.High Density.Vintage.1961-1980 Bldg Code.Heating (Cold),Service,SK,Residential,Heating (Cold),Wood,market_share_total,,,,annual_region_tech,%,0.01992873884004,,,,,,,,,,,
CIMS.CAN.SK.Residential.Dwellings.Building Type.High Density.Vintage.1961-1980 Bldg Code.Heating (Cold),Service,SK,Residential,Heating (Cold),Wood,output,,,,constant_tech,node unit,31.399776,31.399776,31.399776,31.399776,31.399776,31.399776,31.399776,31.399776,31.399776,31.399776,31.399776,
CIMS.CAN.SK.Residential.Dwellings.Building Type.High Density.Vintage.1961-1980 Bldg Code.Heating (Cold),Service,SK,Residential,Heating (Cold),Wood,fcc,,,,constant_tech,$,8000.269768,8000.269768,8000.269768,8000.269768,8000.269768,8000.269768,8000.269768,8000.269768,8000.269768,8000.269768,8000.269768,
CIMS.CAN.SK.Residential.Dwellings.Building Type.High Density.Vintage.1961-1980 Bldg Code.Heating (Cold),Service,SK,Residential,Heating (Cold),Wood,fom,,,,constant_tech,$,250.2691273,250.2691273,250.2691273,250.2691273,250.2691273,250.2691273,250.2691273,250.2691273,250.2691273,250.2691273,250.2691273,
CIMS.CAN.SK.Residential.Dwellings.Building Type.High Density.Vintage.1961-1980 Bldg Code.Heating (Cold),Service,SK,Residential,Heating (Cold),Wood,service_request,,,CIMS.Generic Fuels.Solid Biomass,annual_tech,GJ,2,2,2,2,2,2,2,2,2,2,2,
CIMS.CAN.SK.Residential.Dwellings.Building Type.High Density.Vintage.1981-2000 Bldg Code,Service,SK,Residential,1981-2000 Bldg Code,,service_provide,,,,constant_tech,m2,,,,,,,,,,,,
CIMS.CAN.SK.Residential.Dwellings.Building Type.High Density.Vintage.1981-2000 Bldg Code,Service,SK,Residential,1981-2000 Bldg Code,,competition,Tech Compete,,,,,,,,,,,,,,,,
CIMS.CAN.SK.Residential.Dwellings.Building Type.High Density.Vintage.1981-2000 Bldg Code,Service,SK,Residential,1981-2000 Bldg Code,,discount_rate_financial,,,,constant_tech,%,0.25,0.25,0.25,0.25,0.25,0.25,0.25,0.25,0.25,0.25,0.25,
CIMS.CAN.SK.Residential.Dwellings.Building Type.High Density.Vintage.1981-2000 Bldg Code,Service,SK,Residential,1981-2000 Bldg Code,,heterogeneity,,,,constant_tech,,10,10,10,10,10,10,10,10,10,10,10,
CIMS.CAN.SK.Residential.Dwellings.Building Type.High Density.Vintage.1981-2000 Bldg Code,Service,SK,Residential,1981-2000 Bldg Code,Reference,technology,,,,,,,,,,,,,,,,,
CIMS.CAN.SK.Residential.Dwellings.Building Type.High Density.Vintage.1981-2000 Bldg Code,Service,SK,Residential,1981-2000 Bldg Code,Reference,available,,,,constant_tech,Year,1981,1981,1981,1981,1981,1981,1981,1981,1981,1981,1981,
CIMS.CAN.SK.Residential.Dwellings.Building Type.High Density.Vintage.1981-2000 Bldg Code,Service,SK,Residential,1981-2000 Bldg Code,Reference,unavailable,,,,constant_tech,Year,2001,2001,2001,2001,2001,2001,2001,2001,2001,2001,2001,
CIMS.CAN.SK.Residential.Dwellings.Building Type.High Density.Vintage.1981-2000 Bldg Code,Service,SK,Residential,1981-2000 Bldg Code,Reference,lifetime,,,,constant_tech,Years,275,275,275,275,275,275,275,275,275,275,275,
CIMS.CAN.SK.Residential.Dwellings.Building Type.High Density.Vintage.1981-2000 Bldg Code,Service,SK,Residential,1981-2000 Bldg Code,Reference,market_share_total,,,,annual_tech,%,1,,,,,,,,,,,
CIMS.CAN.SK.Residential.Dwellings.Building Type.High Density.Vintage.1981-2000 Bldg Code,Service,SK,Residential,1981-2000 Bldg Code,Reference,service_request,,,CIMS.CAN.SK.Residential.Dwellings.Building Type.High Density.Vintage.1981-2000 Bldg Code.Heating (Cold),annual_region_tech,GJ,0.21193929747731,0.19068142383638,0.23695617124352,0.23587544040788,0.27226392799768,0.27226392799768,0.27226392799768,0.27226392799768,0.27226392799768,0.27226392799768,0.27226392799768,
CIMS.CAN.SK.Residential.Dwellings.Building Type.High Density.Vintage.1981-2000 Bldg Code,Service,SK,Residential,1981-2000 Bldg Code,Retrofit Average,technology,,,,,,,,,,,,,,,,,
CIMS.CAN.SK.Residential.Dwellings.Building Type.High Density.Vintage.1981-2000 Bldg Code,Service,SK,Residential,1981-2000 Bldg Code,Retrofit Average,available,,,,constant_tech,Year,1981,1981,1981,1981,1981,1981,1981,1981,1981,1981,1981,
CIMS.CAN.SK.Residential.Dwellings.Building Type.High Density.Vintage.1981-2000 Bldg Code,Service,SK,Residential,1981-2000 Bldg Code,Retrofit Average,unavailable,,,,constant_tech,Year,2101,2101,2101,2101,2101,2101,2101,2101,2101,2101,2101,
CIMS.CAN.SK.Residential.Dwellings.Building Type.High Density.Vintage.1981-2000 Bldg Code,Service,SK,Residential,1981-2000 Bldg Code,Retrofit Average,lifetime,,,,constant_tech,Years,275,275,275,275,275,275,275,275,275,275,275,
CIMS.CAN.SK.Residential.Dwellings.Building Type.High Density.Vintage.1981-2000 Bldg Code,Service,SK,Residential,1981-2000 Bldg Code,Retrofit Average,market_share_total,,,,annual_tech,%,0,,,,,,,,,,,
CIMS.CAN.SK.Residential.Dwellings.Building Type.High Density.Vintage.1981-2000 Bldg Code,Service,SK,Residential,1981-2000 Bldg Code,Retrofit Average,fcc,,,,constant_tech,$,1565,1565,1565,1565,1565,1565,1565,1565,1565,1565,1565,
CIMS.CAN.SK.Residential.Dwellings.Building Type.High Density.Vintage.1981-2000 Bldg Code,Service,SK,Residential,1981-2000 Bldg Code,Retrofit Average,market_share_new_max,,,,constant_tech,%,0,0,0,0,0,0,0,0,0,0,0,
CIMS.CAN.SK.Residential.Dwellings.Building Type.High Density.Vintage.1981-2000 Bldg Code,Service,SK,Residential,1981-2000 Bldg Code,Retrofit Average,service_request,,,CIMS.CAN.SK.Residential.Dwellings.Building Type.High Density.Vintage.1981-2000 Bldg Code.Heating (Cold),annual_region_tech,GJ,0.14835750823411,0.13347699668547,0.16586931987046,0.16511280828552,0.19058474959838,0.19058474959838,0.19058474959838,0.19058474959838,0.19058474959838,0.19058474959838,0.19058474959838,
CIMS.CAN.SK.Residential.Dwellings.Building Type.High Density.Vintage.1981-2000 Bldg Code,Service,SK,Residential,1981-2000 Bldg Code,Retrofit Deep,technology,,,,,,,,,,,,,,,,,
CIMS.CAN.SK.Residential.Dwellings.Building Type.High Density.Vintage.1981-2000 Bldg Code,Service,SK,Residential,1981-2000 Bldg Code,Retrofit Deep,available,,,,constant_tech,Year,1981,1981,1981,1981,1981,1981,1981,1981,1981,1981,1981,
CIMS.CAN.SK.Residential.Dwellings.Building Type.High Density.Vintage.1981-2000 Bldg Code,Service,SK,Residential,1981-2000 Bldg Code,Retrofit Deep,unavailable,,,,constant_tech,Year,2101,2101,2101,2101,2101,2101,2101,2101,2101,2101,2101,
CIMS.CAN.SK.Residential.Dwellings.Building Type.High Density.Vintage.1981-2000 Bldg Code,Service,SK,Residential,1981-2000 Bldg Code,Retrofit Deep,lifetime,,,,constant_tech,Years,275,275,275,275,275,275,275,275,275,275,275,
CIMS.CAN.SK.Residential.Dwellings.Building Type.High Density.Vintage.1981-2000 Bldg Code,Service,SK,Residential,1981-2000 Bldg Code,Retrofit Deep,market_share_total,,,,annual_tech,%,0,,,,,,,,,,,
CIMS.CAN.SK.Residential.Dwellings.Building Type.High Density.Vintage.1981-2000 Bldg Code,Service,SK,Residential,1981-2000 Bldg Code,Retrofit Deep,fcc,,,,constant_tech,$,3130,3130,3130,3130,3130,3130,3130,3130,3130,3130,3130,
CIMS.CAN.SK.Residential.Dwellings.Building Type.High Density.Vintage.1981-2000 Bldg Code,Service,SK,Residential,1981-2000 Bldg Code,Retrofit Deep,market_share_new_max,,,,constant_tech,%,0,0,0,0,0,0,0,0,0,0,0,
CIMS.CAN.SK.Residential.Dwellings.Building Type.High Density.Vintage.1981-2000 Bldg Code,Service,SK,Residential,1981-2000 Bldg Code,Retrofit Deep,service_request,,,CIMS.CAN.SK.Residential.Dwellings.Building Type.High Density.Vintage.1981-2000 Bldg Code.Heating (Cold),annual_region_tech,GJ,0.10596964873865,0.09534071191819,0.11847808562176,0.11793772020394,0.13613196399884,0.13613196399884,0.13613196399884,0.13613196399884,0.13613196399884,0.13613196399884,0.13613196399884,
CIMS.CAN.SK.Residential.Dwellings.Building Type.High Density.Vintage.1981-2000 Bldg Code.Heating (Cold),Service,SK,Residential,Heating (Cold),,service_provide,,,,constant_tech,GJ of heat,,,,,,,,,,,,
CIMS.CAN.SK.Residential.Dwellings.Building Type.High Density.Vintage.1981-2000 Bldg Code.Heating (Cold),Service,SK,Residential,Heating (Cold),,competition,Tech Compete,,,,,,,,,,,,,,,,
CIMS.CAN.SK.Residential.Dwellings.Building Type.High Density.Vintage.1981-2000 Bldg Code.Heating (Cold),Service,SK,Residential,Heating (Cold),,discount_rate_financial,,,,constant_tech,%,0.25,0.25,0.25,0.25,0.25,0.25,0.25,0.25,0.25,0.25,0.25,
CIMS.CAN.SK.Residential.Dwellings.Building Type.High Density.Vintage.1981-2000 Bldg Code.Heating (Cold),Service,SK,Residential,Heating (Cold),,inheritance,intercept_retirement,,,constant_tech,,FALSE,FALSE,FALSE,FALSE,FALSE,FALSE,FALSE,FALSE,FALSE,FALSE,FALSE,
CIMS.CAN.SK.Residential.Dwellings.Building Type.High Density.Vintage.1981-2000 Bldg Code.Heating (Cold),Service,SK,Residential,Heating (Cold),,heterogeneity,,,,constant_tech,,10,10,10,10,10,10,10,10,10,10,10,
CIMS.CAN.SK.Residential.Dwellings.Building Type.High Density.Vintage.1981-2000 Bldg Code.Heating (Cold),Service,SK,Residential,Heating (Cold),NG - Existing,technology,,,,,,,,,,,,,,,,,
CIMS.CAN.SK.Residential.Dwellings.Building Type.High Density.Vintage.1981-2000 Bldg Code.Heating (Cold),Service,SK,Residential,Heating (Cold),NG - Existing,available,,,,constant_tech,Year,1950,1950,1950,1950,1950,1950,1950,1950,1950,1950,1950,
CIMS.CAN.SK.Residential.Dwellings.Building Type.High Density.Vintage.1981-2000 Bldg Code.Heating (Cold),Service,SK,Residential,Heating (Cold),NG - Existing,unavailable,,,,constant_tech,Year,2001,2001,2001,2001,2001,2001,2001,2001,2001,2001,2001,
CIMS.CAN.SK.Residential.Dwellings.Building Type.High Density.Vintage.1981-2000 Bldg Code.Heating (Cold),Service,SK,Residential,Heating (Cold),NG - Existing,lifetime,,,,constant_tech,Years,14,14,14,14,14,14,14,14,14,14,14,
CIMS.CAN.SK.Residential.Dwellings.Building Type.High Density.Vintage.1981-2000 Bldg Code.Heating (Cold),Service,SK,Residential,Heating (Cold),NG - Existing,market_share_total,,,,annual_region_tech,%,0.52326825897877,,,,,,,,,,,
CIMS.CAN.SK.Residential.Dwellings.Building Type.High Density.Vintage.1981-2000 Bldg Code.Heating (Cold),Service,SK,Residential,Heating (Cold),NG - Existing,output,,,,constant_tech,node unit,31.399776,31.399776,31.399776,31.399776,31.399776,31.399776,31.399776,31.399776,31.399776,31.399776,31.399776,
CIMS.CAN.SK.Residential.Dwellings.Building Type.High Density.Vintage.1981-2000 Bldg Code.Heating (Cold),Service,SK,Residential,Heating (Cold),NG - Existing,fcc,,,,constant_tech,$,3603.875433,3603.875433,3603.875433,3603.875433,3603.875433,3603.875433,3603.875433,3603.875433,3603.875433,3603.875433,3603.875433,
CIMS.CAN.SK.Residential.Dwellings.Building Type.High Density.Vintage.1981-2000 Bldg Code.Heating (Cold),Service,SK,Residential,Heating (Cold),NG - Existing,fom,,,,constant_tech,$,75.08073818,75.08073818,75.08073818,75.08073818,75.08073818,75.08073818,75.08073818,75.08073818,75.08073818,75.08073818,75.08073818,
CIMS.CAN.SK.Residential.Dwellings.Building Type.High Density.Vintage.1981-2000 Bldg Code.Heating (Cold),Service,SK,Residential,Heating (Cold),NG - Existing,service_request,,,CIMS.CAN.SK.Residential.Methane Blend,annual_tech,GJ,1.6935483873,1.6935483873,1.6935483873,1.6935483873,1.6935483873,1.6935483873,1.6935483873,1.6935483873,1.6935483873,1.6935483873,1.6935483873,
CIMS.CAN.SK.Residential.Dwellings.Building Type.High Density.Vintage.1981-2000 Bldg Code.Heating (Cold),Service,SK,Residential,Heating (Cold),NG - Standard Efficiency,technology,,,,,,,,,,,,,,,,,
CIMS.CAN.SK.Residential.Dwellings.Building Type.High Density.Vintage.1981-2000 Bldg Code.Heating (Cold),Service,SK,Residential,Heating (Cold),NG - Standard Efficiency,available,,,,constant_tech,Year,1990,1990,1990,1990,1990,1990,1990,1990,1990,1990,1990,
CIMS.CAN.SK.Residential.Dwellings.Building Type.High Density.Vintage.1981-2000 Bldg Code.Heating (Cold),Service,SK,Residential,Heating (Cold),NG - Standard Efficiency,unavailable,,,,constant_tech,Year,2101,2101,2101,2101,2101,2101,2101,2101,2101,2101,2101,
CIMS.CAN.SK.Residential.Dwellings.Building Type.High Density.Vintage.1981-2000 Bldg Code.Heating (Cold),Service,SK,Residential,Heating (Cold),NG - Standard Efficiency,lifetime,,,,constant_tech,Years,19,19,19,19,19,19,19,19,19,19,19,
CIMS.CAN.SK.Residential.Dwellings.Building Type.High Density.Vintage.1981-2000 Bldg Code.Heating (Cold),Service,SK,Residential,Heating (Cold),NG - Standard Efficiency,market_share_total,,,,annual_region_tech,%,0.20232208418571,,,,,,,,,,,
CIMS.CAN.SK.Residential.Dwellings.Building Type.High Density.Vintage.1981-2000 Bldg Code.Heating (Cold),Service,SK,Residential,Heating (Cold),NG - Standard Efficiency,output,,,,constant_tech,node unit,31.399776,31.399776,31.399776,31.399776,31.399776,31.399776,31.399776,31.399776,31.399776,31.399776,31.399776,
CIMS.CAN.SK.Residential.Dwellings.Building Type.High Density.Vintage.1981-2000 Bldg Code.Heating (Cold),Service,SK,Residential,Heating (Cold),NG - Standard Efficiency,fcc,,,,constant_tech,$,5005.382545,5005.382545,5005.382545,5005.382545,5005.382545,5005.382545,5005.382545,5005.382545,5005.382545,5005.382545,5005.382545,
CIMS.CAN.SK.Residential.Dwellings.Building Type.High Density.Vintage.1981-2000 Bldg Code.Heating (Cold),Service,SK,Residential,Heating (Cold),NG - Standard Efficiency,fom,,,,constant_tech,$,162.6749327,162.6749327,162.6749327,162.6749327,162.6749327,162.6749327,162.6749327,162.6749327,162.6749327,162.6749327,162.6749327,
CIMS.CAN.SK.Residential.Dwellings.Building Type.High Density.Vintage.1981-2000 Bldg Code.Heating (Cold),Service,SK,Residential,Heating (Cold),NG - Standard Efficiency,service_request,,,CIMS.CAN.SK.Residential.Methane Blend,annual_tech,GJ,1.32911392425,1.32911392425,1.32911392425,1.32911392425,1.32911392425,1.32911392425,1.32911392425,1.32911392425,1.32911392425,1.32911392425,1.32911392425,
CIMS.CAN.SK.Residential.Dwellings.Building Type.High Density.Vintage.1981-2000 Bldg Code.Heating (Cold),Service,SK,Residential,Heating (Cold),NG - High Efficiency,technology,,,,,,,,,,,,,,,,,
CIMS.CAN.SK.Residential.Dwellings.Building Type.High Density.Vintage.1981-2000 Bldg Code.Heating (Cold),Service,SK,Residential,Heating (Cold),NG - High Efficiency,available,,,,constant_tech,Year,2000,2000,2000,2000,2000,2000,2000,2000,2000,2000,2000,
CIMS.CAN.SK.Residential.Dwellings.Building Type.High Density.Vintage.1981-2000 Bldg Code.Heating (Cold),Service,SK,Residential,Heating (Cold),NG - High Efficiency,unavailable,,,,constant_tech,Year,2101,2101,2101,2101,2101,2101,2101,2101,2101,2101,2101,
CIMS.CAN.SK.Residential.Dwellings.Building Type.High Density.Vintage.1981-2000 Bldg Code.Heating (Cold),Service,SK,Residential,Heating (Cold),NG - High Efficiency,lifetime,,,,constant_tech,Years,19,19,19,19,19,19,19,19,19,19,19,
CIMS.CAN.SK.Residential.Dwellings.Building Type.High Density.Vintage.1981-2000 Bldg Code.Heating (Cold),Service,SK,Residential,Heating (Cold),NG - High Efficiency,market_share_total,,,,annual_region_tech,%,0.16644764472383,,,,,,,,,,,
CIMS.CAN.SK.Residential.Dwellings.Building Type.High Density.Vintage.1981-2000 Bldg Code.Heating (Cold),Service,SK,Residential,Heating (Cold),NG - High Efficiency,output,,,,constant_tech,node unit,31.399776,31.399776,31.399776,31.399776,31.399776,31.399776,31.399776,31.399776,31.399776,31.399776,31.399776,
CIMS.CAN.SK.Residential.Dwellings.Building Type.High Density.Vintage.1981-2000 Bldg Code.Heating (Cold),Service,SK,Residential,Heating (Cold),NG - High Efficiency,fcc,,,,constant_tech,$,6231.7012692,6231.7012692,6231.7012692,6231.7012692,6231.7012692,6231.7012692,6231.7012692,6231.7012692,6231.7012692,6231.7012692,6231.7012692,
CIMS.CAN.SK.Residential.Dwellings.Building Type.High Density.Vintage.1981-2000 Bldg Code.Heating (Cold),Service,SK,Residential,Heating (Cold),NG - High Efficiency,fom,,,,constant_tech,$,162.6749327,162.6749327,162.6749327,162.6749327,162.6749327,162.6749327,162.6749327,162.6749327,162.6749327,162.6749327,162.6749327,
CIMS.CAN.SK.Residential.Dwellings.Building Type.High Density.Vintage.1981-2000 Bldg Code.Heating (Cold),Service,SK,Residential,Heating (Cold),NG - High Efficiency,service_request,,,CIMS.CAN.SK.Residential.Methane Blend,annual_tech,GJ,1.16666666655,1.16666666655,1.16666666655,1.16666666655,1.16666666655,1.16666666655,1.16666666655,1.16666666655,1.16666666655,1.16666666655,1.16666666655,
CIMS.CAN.SK.Residential.Dwellings.Building Type.High Density.Vintage.1981-2000 Bldg Code.Heating (Cold),Service,SK,Residential,Heating (Cold),NG - ASHP / NG - backup,technology,,,,,,,,,,,,,,,,,
CIMS.CAN.SK.Residential.Dwellings.Building Type.High Density.Vintage.1981-2000 Bldg Code.Heating (Cold),Service,SK,Residential,Heating (Cold),NG - ASHP / NG - backup,available,,,,constant_tech,Year,2000,2000,2000,2000,2000,2000,2000,2000,2000,2000,2000,
CIMS.CAN.SK.Residential.Dwellings.Building Type.High Density.Vintage.1981-2000 Bldg Code.Heating (Cold),Service,SK,Residential,Heating (Cold),NG - ASHP / NG - backup,unavailable,,,,constant_tech,Year,2101,2101,2101,2101,2101,2101,2101,2101,2101,2101,2101,
CIMS.CAN.SK.Residential.Dwellings.Building Type.High Density.Vintage.1981-2000 Bldg Code.Heating (Cold),Service,SK,Residential,Heating (Cold),NG - ASHP / NG - backup,lifetime,,,,constant_tech,Years,15,15,15,15,15,15,15,15,15,15,15,
CIMS.CAN.SK.Residential.Dwellings.Building Type.High Density.Vintage.1981-2000 Bldg Code.Heating (Cold),Service,SK,Residential,Heating (Cold),NG - ASHP / NG - backup,market_share_total,,,,annual_region_tech,%,0,,,,,,,,,,,
CIMS.CAN.SK.Residential.Dwellings.Building Type.High Density.Vintage.1981-2000 Bldg Code.Heating (Cold),Service,SK,Residential,Heating (Cold),NG - ASHP / NG - backup,output,,,,constant_tech,node unit,31.399776,31.399776,31.399776,31.399776,31.399776,31.399776,31.399776,31.399776,31.399776,31.399776,31.399776,
CIMS.CAN.SK.Residential.Dwellings.Building Type.High Density.Vintage.1981-2000 Bldg Code.Heating (Cold),Service,SK,Residential,Heating (Cold),NG - ASHP / NG - backup,fcc,,,,constant_tech,$,20015.27345,20015.27345,20015.27345,20015.27345,20015.27345,20015.27345,20015.27345,20015.27345,20015.27345,20015.27345,20015.27345,
CIMS.CAN.SK.Residential.Dwellings.Building Type.High Density.Vintage.1981-2000 Bldg Code.Heating (Cold),Service,SK,Residential,Heating (Cold),NG - ASHP / NG - backup,fom,,,,constant_tech,$,250.2691273,250.2691273,250.2691273,250.2691273,250.2691273,250.2691273,250.2691273,250.2691273,250.2691273,250.2691273,250.2691273,
CIMS.CAN.SK.Residential.Dwellings.Building Type.High Density.Vintage.1981-2000 Bldg Code.Heating (Cold),Service,SK,Residential,Heating (Cold),NG - ASHP / NG - backup,service_request,,,CIMS.CAN.SK.Residential.Methane Blend,annual_tech,GJ,2.1593627892625,2.1593627892625,2.1593627892625,2.1593627892625,2.1593627892625,2.1593627892625,2.1593627892625,2.1593627892625,2.1593627892625,2.1593627892625,2.1593627892625,
CIMS.CAN.SK.Residential.Dwellings.Building Type.High Density.Vintage.1981-2000 Bldg Code.Heating (Cold),Service,SK,Residential,Heating (Cold),NG - ASHP / NG - backup,service_request,,,CIMS.CAN.SK.Residential.Dwellings.Building Type.High Density.Cooling,annual_tech,GJ of cooling,-0.004568364,-0.004568364,-0.004568364,-0.004568364,-0.004568364,-0.004568364,-0.004568364,-0.004568364,-0.004568364,-0.004568364,-0.004568364,
CIMS.CAN.SK.Residential.Dwellings.Building Type.High Density.Vintage.1981-2000 Bldg Code.Heating (Cold),Service,SK,Residential,Heating (Cold),Electric - Standard Efficiency,technology,,,,,,,,,,,,,,,,,
CIMS.CAN.SK.Residential.Dwellings.Building Type.High Density.Vintage.1981-2000 Bldg Code.Heating (Cold),Service,SK,Residential,Heating (Cold),Electric - Standard Efficiency,available,,,,constant_tech,Year,1950,1950,1950,1950,1950,1950,1950,1950,1950,1950,1950,
CIMS.CAN.SK.Residential.Dwellings.Building Type.High Density.Vintage.1981-2000 Bldg Code.Heating (Cold),Service,SK,Residential,Heating (Cold),Electric - Standard Efficiency,unavailable,,,,constant_tech,Year,2101,2101,2101,2101,2101,2101,2101,2101,2101,2101,2101,
CIMS.CAN.SK.Residential.Dwellings.Building Type.High Density.Vintage.1981-2000 Bldg Code.Heating (Cold),Service,SK,Residential,Heating (Cold),Electric - Standard Efficiency,lifetime,,,,constant_tech,Years,22.5,22.5,22.5,22.5,22.5,22.5,22.5,22.5,22.5,22.5,22.5,
CIMS.CAN.SK.Residential.Dwellings.Building Type.High Density.Vintage.1981-2000 Bldg Code.Heating (Cold),Service,SK,Residential,Heating (Cold),Electric - Standard Efficiency,market_share_total,,,,annual_region_tech,%,0.03344939238346,,,,,,,,,,,
CIMS.CAN.SK.Residential.Dwellings.Building Type.High Density.Vintage.1981-2000 Bldg Code.Heating (Cold),Service,SK,Residential,Heating (Cold),Electric - Standard Efficiency,output,,,,constant_tech,node unit,31.399776,31.399776,31.399776,31.399776,31.399776,31.399776,31.399776,31.399776,31.399776,31.399776,31.399776,
CIMS.CAN.SK.Residential.Dwellings.Building Type.High Density.Vintage.1981-2000 Bldg Code.Heating (Cold),Service,SK,Residential,Heating (Cold),Electric - Standard Efficiency,fcc,,,,constant_tech,$,3822.860919,3822.860919,3822.860919,3822.860919,3822.860919,3822.860919,3822.860919,3822.860919,3822.860919,3822.860919,3822.860919,
CIMS.CAN.SK.Residential.Dwellings.Building Type.High Density.Vintage.1981-2000 Bldg Code.Heating (Cold),Service,SK,Residential,Heating (Cold),Electric - Standard Efficiency,service_request,,,CIMS.CAN.SK.Electricity,annual_tech,GJ,1,1,1,1,1,1,1,1,1,1,1,
CIMS.CAN.SK.Residential.Dwellings.Building Type.High Density.Vintage.1981-2000 Bldg Code.Heating (Cold),Service,SK,Residential,Heating (Cold),Electric - ASHP / NG - backup,technology,,,,,,,,,,,,,,,,,
CIMS.CAN.SK.Residential.Dwellings.Building Type.High Density.Vintage.1981-2000 Bldg Code.Heating (Cold),Service,SK,Residential,Heating (Cold),Electric - ASHP / NG - backup,available,,,,constant_tech,Year,2000,2000,2000,2000,2000,2000,2000,2000,2000,2000,2000,
CIMS.CAN.SK.Residential.Dwellings.Building Type.High Density.Vintage.1981-2000 Bldg Code.Heating (Cold),Service,SK,Residential,Heating (Cold),Electric - ASHP / NG - backup,unavailable,,,,constant_tech,Year,2101,2101,2101,2101,2101,2101,2101,2101,2101,2101,2101,
CIMS.CAN.SK.Residential.Dwellings.Building Type.High Density.Vintage.1981-2000 Bldg Code.Heating (Cold),Service,SK,Residential,Heating (Cold),Electric - ASHP / NG - backup,lifetime,,,,constant_tech,Years,15.5,15.5,15.5,15.5,15.5,15.5,15.5,15.5,15.5,15.5,15.5,
CIMS.CAN.SK.Residential.Dwellings.Building Type.High Density.Vintage.1981-2000 Bldg Code.Heating (Cold),Service,SK,Residential,Heating (Cold),Electric - ASHP / NG - backup,market_share_total,,,,annual_region_tech,%,0.00109736767236,,,,,,,,,,,
CIMS.CAN.SK.Residential.Dwellings.Building Type.High Density.Vintage.1981-2000 Bldg Code.Heating (Cold),Service,SK,Residential,Heating (Cold),Electric - ASHP / NG - backup,output,,,,constant_tech,node unit,31.399776,31.399776,31.399776,31.399776,31.399776,31.399776,31.399776,31.399776,31.399776,31.399776,31.399776,
CIMS.CAN.SK.Residential.Dwellings.Building Type.High Density.Vintage.1981-2000 Bldg Code.Heating (Cold),Service,SK,Residential,Heating (Cold),Electric - ASHP / NG - backup,fcc,,,,constant_tech,$,9647.874856,9647.874856,9647.874856,9647.874856,9647.874856,9647.874856,9647.874856,9647.874856,9647.874856,9647.874856,9647.874856,
CIMS.CAN.SK.Residential.Dwellings.Building Type.High Density.Vintage.1981-2000 Bldg Code.Heating (Cold),Service,SK,Residential,Heating (Cold),Electric - ASHP / NG - backup,fom,,,,constant_tech,$,269.0393118,269.0393118,269.0393118,269.0393118,269.0393118,269.0393118,269.0393118,269.0393118,269.0393118,269.0393118,269.0393118,
CIMS.CAN.SK.Residential.Dwellings.Building Type.High Density.Vintage.1981-2000 Bldg Code.Heating (Cold),Service,SK,Residential,Heating (Cold),Electric - ASHP / NG - backup,service_request,,,CIMS.CAN.SK.Electricity,annual_tech,GJ,0.72747607755,0.72747607755,0.72747607755,0.72747607755,0.72747607755,0.72747607755,0.72747607755,0.72747607755,0.72747607755,0.72747607755,0.72747607755,
CIMS.CAN.SK.Residential.Dwellings.Building Type.High Density.Vintage.1981-2000 Bldg Code.Heating (Cold),Service,SK,Residential,Heating (Cold),Electric - ASHP / NG - backup,service_request,,,CIMS.CAN.SK.Residential.Methane Blend,annual_tech,GJ,0.0583333333275,0.0583333333275,0.0583333333275,0.0583333333275,0.0583333333275,0.0583333333275,0.0583333333275,0.0583333333275,0.0583333333275,0.0583333333275,0.0583333333275,
CIMS.CAN.SK.Residential.Dwellings.Building Type.High Density.Vintage.1981-2000 Bldg Code.Heating (Cold),Service,SK,Residential,Heating (Cold),Electric - ASHP / NG - backup,service_request,,,CIMS.CAN.SK.Residential.Dwellings.Building Type.High Density.Cooling,annual_tech,GJ of cooling,-0.004568364,-0.004568364,-0.004568364,-0.004568364,-0.004568364,-0.004568364,-0.004568364,-0.004568364,-0.004568364,-0.004568364,-0.004568364,
CIMS.CAN.SK.Residential.Dwellings.Building Type.High Density.Vintage.1981-2000 Bldg Code.Heating (Cold),Service,SK,Residential,Heating (Cold),Electric - ASHP / Electric - backup,technology,,,,,,,,,,,,,,,,,
CIMS.CAN.SK.Residential.Dwellings.Building Type.High Density.Vintage.1981-2000 Bldg Code.Heating (Cold),Service,SK,Residential,Heating (Cold),Electric - ASHP / Electric - backup,available,,,,constant_tech,Year,2000,2000,2000,2000,2000,2000,2000,2000,2000,2000,2000,
CIMS.CAN.SK.Residential.Dwellings.Building Type.High Density.Vintage.1981-2000 Bldg Code.Heating (Cold),Service,SK,Residential,Heating (Cold),Electric - ASHP / Electric - backup,unavailable,,,,constant_tech,Year,2101,2101,2101,2101,2101,2101,2101,2101,2101,2101,2101,
CIMS.CAN.SK.Residential.Dwellings.Building Type.High Density.Vintage.1981-2000 Bldg Code.Heating (Cold),Service,SK,Residential,Heating (Cold),Electric - ASHP / Electric - backup,lifetime,,,,constant_tech,Years,15.5,15.5,15.5,15.5,15.5,15.5,15.5,15.5,15.5,15.5,15.5,
CIMS.CAN.SK.Residential.Dwellings.Building Type.High Density.Vintage.1981-2000 Bldg Code.Heating (Cold),Service,SK,Residential,Heating (Cold),Electric - ASHP / Electric - backup,market_share_total,,,,annual_region_tech,%,0,,,,,,,,,,,
CIMS.CAN.SK.Residential.Dwellings.Building Type.High Density.Vintage.1981-2000 Bldg Code.Heating (Cold),Service,SK,Residential,Heating (Cold),Electric - ASHP / Electric - backup,output,,,,constant_tech,node unit,31.399776,31.399776,31.399776,31.399776,31.399776,31.399776,31.399776,31.399776,31.399776,31.399776,31.399776,
CIMS.CAN.SK.Residential.Dwellings.Building Type.High Density.Vintage.1981-2000 Bldg Code.Heating (Cold),Service,SK,Residential,Heating (Cold),Electric - ASHP / Electric - backup,fcc,,,,constant_tech,$,9373.830161,9373.830161,9373.830161,9373.830161,9373.830161,9373.830161,9373.830161,9373.830161,9373.830161,9373.830161,9373.830161,
CIMS.CAN.SK.Residential.Dwellings.Building Type.High Density.Vintage.1981-2000 Bldg Code.Heating (Cold),Service,SK,Residential,Heating (Cold),Electric - ASHP / Electric - backup,fom,,,,constant_tech,$,106.3643791,106.3643791,106.3643791,106.3643791,106.3643791,106.3643791,106.3643791,106.3643791,106.3643791,106.3643791,106.3643791,
CIMS.CAN.SK.Residential.Dwellings.Building Type.High Density.Vintage.1981-2000 Bldg Code.Heating (Cold),Service,SK,Residential,Heating (Cold),Electric - ASHP / Electric - backup,service_request,,,CIMS.CAN.SK.Electricity,annual_tech,GJ,0.77747607755,0.77747607755,0.77747607755,0.77747607755,0.77747607755,0.77747607755,0.77747607755,0.77747607755,0.77747607755,0.77747607755,0.77747607755,
CIMS.CAN.SK.Residential.Dwellings.Building Type.High Density.Vintage.1981-2000 Bldg Code.Heating (Cold),Service,SK,Residential,Heating (Cold),Electric - ASHP / Electric - backup,service_request,,,CIMS.CAN.SK.Residential.Dwellings.Building Type.High Density.Cooling,annual_tech,GJ of cooling,-0.004568364,-0.004568364,-0.004568364,-0.004568364,-0.004568364,-0.004568364,-0.004568364,-0.004568364,-0.004568364,-0.004568364,-0.004568364,
CIMS.CAN.SK.Residential.Dwellings.Building Type.High Density.Vintage.1981-2000 Bldg Code.Heating (Cold),Service,SK,Residential,Heating (Cold),Heating Oil - Existing,technology,,,,,,,,,,,,,,,,,
CIMS.CAN.SK.Residential.Dwellings.Building Type.High Density.Vintage.1981-2000 Bldg Code.Heating (Cold),Service,SK,Residential,Heating (Cold),Heating Oil - Existing,available,,,,constant_tech,Year,1950,1950,1950,1950,1950,1950,1950,1950,1950,1950,1950,
CIMS.CAN.SK.Residential.Dwellings.Building Type.High Density.Vintage.1981-2000 Bldg Code.Heating (Cold),Service,SK,Residential,Heating (Cold),Heating Oil - Existing,unavailable,,,,constant_tech,Year,2001,2001,2001,2001,2001,2001,2001,2001,2001,2001,2001,
CIMS.CAN.SK.Residential.Dwellings.Building Type.High Density.Vintage.1981-2000 Bldg Code.Heating (Cold),Service,SK,Residential,Heating (Cold),Heating Oil - Existing,lifetime,,,,constant_tech,Years,23,23,23,23,23,23,23,23,23,23,23,
CIMS.CAN.SK.Residential.Dwellings.Building Type.High Density.Vintage.1981-2000 Bldg Code.Heating (Cold),Service,SK,Residential,Heating (Cold),Heating Oil - Existing,market_share_total,,,,annual_region_tech,%,0.03236557246014,,,,,,,,,,,
CIMS.CAN.SK.Residential.Dwellings.Building Type.High Density.Vintage.1981-2000 Bldg Code.Heating (Cold),Service,SK,Residential,Heating (Cold),Heating Oil - Existing,output,,,,constant_tech,node unit,31.399776,31.399776,31.399776,31.399776,31.399776,31.399776,31.399776,31.399776,31.399776,31.399776,31.399776,
CIMS.CAN.SK.Residential.Dwellings.Building Type.High Density.Vintage.1981-2000 Bldg Code.Heating (Cold),Service,SK,Residential,Heating (Cold),Heating Oil - Existing,fcc,,,,constant_tech,$,5943.891772,5943.891772,5943.891772,5943.891772,5943.891772,5943.891772,5943.891772,5943.891772,5943.891772,5943.891772,5943.891772,
CIMS.CAN.SK.Residential.Dwellings.Building Type.High Density.Vintage.1981-2000 Bldg Code.Heating (Cold),Service,SK,Residential,Heating (Cold),Heating Oil - Existing,fom,,,,constant_tech,$,100.1076509,100.1076509,100.1076509,100.1076509,100.1076509,100.1076509,100.1076509,100.1076509,100.1076509,100.1076509,100.1076509,
CIMS.CAN.SK.Residential.Dwellings.Building Type.High Density.Vintage.1981-2000 Bldg Code.Heating (Cold),Service,SK,Residential,Heating (Cold),Heating Oil - Existing,service_request,,,CIMS.Generic Fuels.Fuel Oil,annual_tech,GJ,1.666666667,1.666666667,1.666666667,1.666666667,1.666666667,1.666666667,1.666666667,1.666666667,1.666666667,1.666666667,1.666666667,
CIMS.CAN.SK.Residential.Dwellings.Building Type.High Density.Vintage.1981-2000 Bldg Code.Heating (Cold),Service,SK,Residential,Heating (Cold),Heating Oil - High Efficiency,technology,,,,,,,,,,,,,,,,,
CIMS.CAN.SK.Residential.Dwellings.Building Type.High Density.Vintage.1981-2000 Bldg Code.Heating (Cold),Service,SK,Residential,Heating (Cold),Heating Oil - High Efficiency,available,,,,constant_tech,Year,2000,2000,2000,2000,2000,2000,2000,2000,2000,2000,2000,
CIMS.CAN.SK.Residential.Dwellings.Building Type.High Density.Vintage.1981-2000 Bldg Code.Heating (Cold),Service,SK,Residential,Heating (Cold),Heating Oil - High Efficiency,unavailable,,,,constant_tech,Year,2101,2101,2101,2101,2101,2101,2101,2101,2101,2101,2101,
CIMS.CAN.SK.Residential.Dwellings.Building Type.High Density.Vintage.1981-2000 Bldg Code.Heating (Cold),Service,SK,Residential,Heating (Cold),Heating Oil - High Efficiency,lifetime,,,,constant_tech,Years,23,23,23,23,23,23,23,23,23,23,23,
CIMS.CAN.SK.Residential.Dwellings.Building Type.High Density.Vintage.1981-2000 Bldg Code.Heating (Cold),Service,SK,Residential,Heating (Cold),Heating Oil - High Efficiency,market_share_total,,,,annual_region_tech,%,0.02112094075569,,,,,,,,,,,
CIMS.CAN.SK.Residential.Dwellings.Building Type.High Density.Vintage.1981-2000 Bldg Code.Heating (Cold),Service,SK,Residential,Heating (Cold),Heating Oil - High Efficiency,output,,,,constant_tech,node unit,31.399776,31.399776,31.399776,31.399776,31.399776,31.399776,31.399776,31.399776,31.399776,31.399776,31.399776,
CIMS.CAN.SK.Residential.Dwellings.Building Type.High Density.Vintage.1981-2000 Bldg Code.Heating (Cold),Service,SK,Residential,Heating (Cold),Heating Oil - High Efficiency,fcc,,,,constant_tech,$,9541.510477,9541.510477,9541.510477,9541.510477,9541.510477,9541.510477,9541.510477,9541.510477,9541.510477,9541.510477,9541.510477,
CIMS.CAN.SK.Residential.Dwellings.Building Type.High Density.Vintage.1981-2000 Bldg Code.Heating (Cold),Service,SK,Residential,Heating (Cold),Heating Oil - High Efficiency,fom,,,,constant_tech,$,100.1076509,100.1076509,100.1076509,100.1076509,100.1076509,100.1076509,100.1076509,100.1076509,100.1076509,100.1076509,100.1076509,
CIMS.CAN.SK.Residential.Dwellings.Building Type.High Density.Vintage.1981-2000 Bldg Code.Heating (Cold),Service,SK,Residential,Heating (Cold),Heating Oil - High Efficiency,service_request,,,CIMS.Generic Fuels.Fuel Oil,annual_tech,GJ,1.162790698,1.162790698,1.162790698,1.162790698,1.162790698,1.162790698,1.162790698,1.162790698,1.162790698,1.162790698,1.162790698,
CIMS.CAN.SK.Residential.Dwellings.Building Type.High Density.Vintage.1981-2000 Bldg Code.Heating (Cold),Service,SK,Residential,Heating (Cold),Wood,technology,,,,,,,,,,,,,,,,,
CIMS.CAN.SK.Residential.Dwellings.Building Type.High Density.Vintage.1981-2000 Bldg Code.Heating (Cold),Service,SK,Residential,Heating (Cold),Wood,available,,,,constant_tech,Year,1950,1950,1950,1950,1950,1950,1950,1950,1950,1950,1950,
CIMS.CAN.SK.Residential.Dwellings.Building Type.High Density.Vintage.1981-2000 Bldg Code.Heating (Cold),Service,SK,Residential,Heating (Cold),Wood,unavailable,,,,constant_tech,Year,2101,2101,2101,2101,2101,2101,2101,2101,2101,2101,2101,
CIMS.CAN.SK.Residential.Dwellings.Building Type.High Density.Vintage.1981-2000 Bldg Code.Heating (Cold),Service,SK,Residential,Heating (Cold),Wood,lifetime,,,,constant_tech,Years,18.5,18.5,18.5,18.5,18.5,18.5,18.5,18.5,18.5,18.5,18.5,
CIMS.CAN.SK.Residential.Dwellings.Building Type.High Density.Vintage.1981-2000 Bldg Code.Heating (Cold),Service,SK,Residential,Heating (Cold),Wood,market_share_total,,,,annual_region_tech,%,0.01992873884004,,,,,,,,,,,
CIMS.CAN.SK.Residential.Dwellings.Building Type.High Density.Vintage.1981-2000 Bldg Code.Heating (Cold),Service,SK,Residential,Heating (Cold),Wood,output,,,,constant_tech,node unit,31.399776,31.399776,31.399776,31.399776,31.399776,31.399776,31.399776,31.399776,31.399776,31.399776,31.399776,
CIMS.CAN.SK.Residential.Dwellings.Building Type.High Density.Vintage.1981-2000 Bldg Code.Heating (Cold),Service,SK,Residential,Heating (Cold),Wood,fcc,,,,constant_tech,$,8000.269768,8000.269768,8000.269768,8000.269768,8000.269768,8000.269768,8000.269768,8000.269768,8000.269768,8000.269768,8000.269768,
CIMS.CAN.SK.Residential.Dwellings.Building Type.High Density.Vintage.1981-2000 Bldg Code.Heating (Cold),Service,SK,Residential,Heating (Cold),Wood,fom,,,,constant_tech,$,250.2691273,250.2691273,250.2691273,250.2691273,250.2691273,250.2691273,250.2691273,250.2691273,250.2691273,250.2691273,250.2691273,
CIMS.CAN.SK.Residential.Dwellings.Building Type.High Density.Vintage.1981-2000 Bldg Code.Heating (Cold),Service,SK,Residential,Heating (Cold),Wood,service_request,,,CIMS.Generic Fuels.Solid Biomass,annual_tech,GJ,2,2,2,2,2,2,2,2,2,2,2,
CIMS.CAN.SK.Residential.Dwellings.Building Type.High Density.Vintage.2001-2020 Bldg Code,Service,SK,Residential,2001-2020 Bldg Code,,service_provide,,,,constant_tech,m2,,,,,,,,,,,,
CIMS.CAN.SK.Residential.Dwellings.Building Type.High Density.Vintage.2001-2020 Bldg Code,Service,SK,Residential,2001-2020 Bldg Code,,competition,Tech Compete,,,,,,,,,,,,,,,,
CIMS.CAN.SK.Residential.Dwellings.Building Type.High Density.Vintage.2001-2020 Bldg Code,Service,SK,Residential,2001-2020 Bldg Code,,discount_rate_financial,,,,constant_tech,%,0.25,0.25,0.25,0.25,0.25,0.25,0.25,0.25,0.25,0.25,0.25,
CIMS.CAN.SK.Residential.Dwellings.Building Type.High Density.Vintage.2001-2020 Bldg Code,Service,SK,Residential,2001-2020 Bldg Code,,heterogeneity,,,,constant_tech,,10,10,10,10,10,10,10,10,10,10,10,
CIMS.CAN.SK.Residential.Dwellings.Building Type.High Density.Vintage.2001-2020 Bldg Code,Service,SK,Residential,2001-2020 Bldg Code,Reference,technology,,,,,,,,,,,,,,,,,
CIMS.CAN.SK.Residential.Dwellings.Building Type.High Density.Vintage.2001-2020 Bldg Code,Service,SK,Residential,2001-2020 Bldg Code,Reference,available,,,,constant_tech,Year,2001,2001,2001,2001,2001,2001,2001,2001,2001,2001,2001,
CIMS.CAN.SK.Residential.Dwellings.Building Type.High Density.Vintage.2001-2020 Bldg Code,Service,SK,Residential,2001-2020 Bldg Code,Reference,unavailable,,,,constant_tech,Year,2021,2021,2021,2021,2021,2021,2021,2021,2021,2021,2021,
CIMS.CAN.SK.Residential.Dwellings.Building Type.High Density.Vintage.2001-2020 Bldg Code,Service,SK,Residential,2001-2020 Bldg Code,Reference,lifetime,,,,constant_tech,Years,80,80,80,80,80,80,80,80,80,80,80,
CIMS.CAN.SK.Residential.Dwellings.Building Type.High Density.Vintage.2001-2020 Bldg Code,Service,SK,Residential,2001-2020 Bldg Code,Reference,market_share_total,,,,annual_tech,%,1,,,,,,,,,,,
CIMS.CAN.SK.Residential.Dwellings.Building Type.High Density.Vintage.2001-2020 Bldg Code,Service,SK,Residential,2001-2020 Bldg Code,Reference,service_request,,,CIMS.CAN.SK.Residential.Dwellings.Building Type.High Density.Vintage.2001-2020 Bldg Code.Heating (Cold),annual_region_tech,GJ,0.18794387048998,0.17471992617292,0.2076042924083,0.15569679969397,0.15967645626703,0.15967645626703,0.15967645626703,0.15967645626703,0.15967645626703,0.15967645626703,0.15967645626703,
CIMS.CAN.SK.Residential.Dwellings.Building Type.High Density.Vintage.2001-2020 Bldg Code,Service,SK,Residential,2001-2020 Bldg Code,Retrofit Average,technology,,,,,,,,,,,,,,,,,
CIMS.CAN.SK.Residential.Dwellings.Building Type.High Density.Vintage.2001-2020 Bldg Code,Service,SK,Residential,2001-2020 Bldg Code,Retrofit Average,available,,,,constant_tech,Year,2001,2001,2001,2001,2001,2001,2001,2001,2001,2001,2001,
CIMS.CAN.SK.Residential.Dwellings.Building Type.High Density.Vintage.2001-2020 Bldg Code,Service,SK,Residential,2001-2020 Bldg Code,Retrofit Average,unavailable,,,,constant_tech,Year,2101,2101,2101,2101,2101,2101,2101,2101,2101,2101,2101,
CIMS.CAN.SK.Residential.Dwellings.Building Type.High Density.Vintage.2001-2020 Bldg Code,Service,SK,Residential,2001-2020 Bldg Code,Retrofit Average,lifetime,,,,constant_tech,Years,80,80,80,80,80,80,80,80,80,80,80,
CIMS.CAN.SK.Residential.Dwellings.Building Type.High Density.Vintage.2001-2020 Bldg Code,Service,SK,Residential,2001-2020 Bldg Code,Retrofit Average,market_share_total,,,,annual_tech,%,0,,,,,,,,,,,
CIMS.CAN.SK.Residential.Dwellings.Building Type.High Density.Vintage.2001-2020 Bldg Code,Service,SK,Residential,2001-2020 Bldg Code,Retrofit Average,fcc,,,,constant_tech,$,1565,1565,1565,1565,1565,1565,1565,1565,1565,1565,1565,
CIMS.CAN.SK.Residential.Dwellings.Building Type.High Density.Vintage.2001-2020 Bldg Code,Service,SK,Residential,2001-2020 Bldg Code,Retrofit Average,market_share_new_max,,,,constant_tech,%,0,0,0,0,0,0,0,0,0,0,0,
CIMS.CAN.SK.Residential.Dwellings.Building Type.High Density.Vintage.2001-2020 Bldg Code,Service,SK,Residential,2001-2020 Bldg Code,Retrofit Average,service_request,,,CIMS.CAN.SK.Residential.Dwellings.Building Type.High Density.Vintage.2001-2020 Bldg Code.Heating (Cold),annual_region_tech,GJ,0.13156070934299,0.12230394832104,0.14532300468581,0.10898775978578,0.11177351938692,0.11177351938692,0.11177351938692,0.11177351938692,0.11177351938692,0.11177351938692,0.11177351938692,
CIMS.CAN.SK.Residential.Dwellings.Building Type.High Density.Vintage.2001-2020 Bldg Code,Service,SK,Residential,2001-2020 Bldg Code,Retrofit Deep,technology,,,,,,,,,,,,,,,,,
CIMS.CAN.SK.Residential.Dwellings.Building Type.High Density.Vintage.2001-2020 Bldg Code,Service,SK,Residential,2001-2020 Bldg Code,Retrofit Deep,available,,,,constant_tech,Year,2001,2001,2001,2001,2001,2001,2001,2001,2001,2001,2001,
CIMS.CAN.SK.Residential.Dwellings.Building Type.High Density.Vintage.2001-2020 Bldg Code,Service,SK,Residential,2001-2020 Bldg Code,Retrofit Deep,unavailable,,,,constant_tech,Year,2101,2101,2101,2101,2101,2101,2101,2101,2101,2101,2101,
CIMS.CAN.SK.Residential.Dwellings.Building Type.High Density.Vintage.2001-2020 Bldg Code,Service,SK,Residential,2001-2020 Bldg Code,Retrofit Deep,lifetime,,,,constant_tech,Years,80,80,80,80,80,80,80,80,80,80,80,
CIMS.CAN.SK.Residential.Dwellings.Building Type.High Density.Vintage.2001-2020 Bldg Code,Service,SK,Residential,2001-2020 Bldg Code,Retrofit Deep,market_share_total,,,,annual_tech,%,0,,,,,,,,,,,
CIMS.CAN.SK.Residential.Dwellings.Building Type.High Density.Vintage.2001-2020 Bldg Code,Service,SK,Residential,2001-2020 Bldg Code,Retrofit Deep,fcc,,,,constant_tech,$,3130,3130,3130,3130,3130,3130,3130,3130,3130,3130,3130,
CIMS.CAN.SK.Residential.Dwellings.Building Type.High Density.Vintage.2001-2020 Bldg Code,Service,SK,Residential,2001-2020 Bldg Code,Retrofit Deep,market_share_new_max,,,,constant_tech,%,0,0,0,0,0,0,0,0,0,0,0,
CIMS.CAN.SK.Residential.Dwellings.Building Type.High Density.Vintage.2001-2020 Bldg Code,Service,SK,Residential,2001-2020 Bldg Code,Retrofit Deep,service_request,,,CIMS.CAN.SK.Residential.Dwellings.Building Type.High Density.Vintage.2001-2020 Bldg Code.Heating (Cold),annual_region_tech,GJ,0.09397193524499,0.08735996308646,0.10380214620415,0.07784839984698,0.07983822813352,0.07983822813352,0.07983822813352,0.07983822813352,0.07983822813352,0.07983822813352,0.07983822813352,
CIMS.CAN.SK.Residential.Dwellings.Building Type.High Density.Vintage.2001-2020 Bldg Code.Heating (Cold),Service,SK,Residential,Heating (Cold),,service_provide,,,,constant_tech,GJ of heat,,,,,,,,,,,,
CIMS.CAN.SK.Residential.Dwellings.Building Type.High Density.Vintage.2001-2020 Bldg Code.Heating (Cold),Service,SK,Residential,Heating (Cold),,competition,Tech Compete,,,,,,,,,,,,,,,,
CIMS.CAN.SK.Residential.Dwellings.Building Type.High Density.Vintage.2001-2020 Bldg Code.Heating (Cold),Service,SK,Residential,Heating (Cold),,discount_rate_financial,,,,constant_tech,%,0.25,0.25,0.25,0.25,0.25,0.25,0.25,0.25,0.25,0.25,0.25,
CIMS.CAN.SK.Residential.Dwellings.Building Type.High Density.Vintage.2001-2020 Bldg Code.Heating (Cold),Service,SK,Residential,Heating (Cold),,inheritance,intercept_retirement,,,constant_tech,,FALSE,FALSE,FALSE,FALSE,FALSE,FALSE,FALSE,FALSE,FALSE,FALSE,FALSE,
CIMS.CAN.SK.Residential.Dwellings.Building Type.High Density.Vintage.2001-2020 Bldg Code.Heating (Cold),Service,SK,Residential,Heating (Cold),,heterogeneity,,,,constant_tech,,10,10,10,10,10,10,10,10,10,10,10,
CIMS.CAN.SK.Residential.Dwellings.Building Type.High Density.Vintage.2001-2020 Bldg Code.Heating (Cold),Service,SK,Residential,Heating (Cold),NG - Standard Efficiency,technology,,,,,,,,,,,,,,,,,
CIMS.CAN.SK.Residential.Dwellings.Building Type.High Density.Vintage.2001-2020 Bldg Code.Heating (Cold),Service,SK,Residential,Heating (Cold),NG - Standard Efficiency,available,,,,constant_tech,Year,1990,1990,1990,1990,1990,1990,1990,1990,1990,1990,1990,
CIMS.CAN.SK.Residential.Dwellings.Building Type.High Density.Vintage.2001-2020 Bldg Code.Heating (Cold),Service,SK,Residential,Heating (Cold),NG - Standard Efficiency,unavailable,,,,constant_tech,Year,2101,2101,2101,2101,2101,2101,2101,2101,2101,2101,2101,
CIMS.CAN.SK.Residential.Dwellings.Building Type.High Density.Vintage.2001-2020 Bldg Code.Heating (Cold),Service,SK,Residential,Heating (Cold),NG - Standard Efficiency,lifetime,,,,constant_tech,Years,19,19,19,19,19,19,19,19,19,19,19,
CIMS.CAN.SK.Residential.Dwellings.Building Type.High Density.Vintage.2001-2020 Bldg Code.Heating (Cold),Service,SK,Residential,Heating (Cold),NG - Standard Efficiency,market_share_total,,,,annual_tech,%,1,,,,,,,,,,,
CIMS.CAN.SK.Residential.Dwellings.Building Type.High Density.Vintage.2001-2020 Bldg Code.Heating (Cold),Service,SK,Residential,Heating (Cold),NG - Standard Efficiency,output,,,,constant_tech,node unit,31.399776,31.399776,31.399776,31.399776,31.399776,31.399776,31.399776,31.399776,31.399776,31.399776,31.399776,
CIMS.CAN.SK.Residential.Dwellings.Building Type.High Density.Vintage.2001-2020 Bldg Code.Heating (Cold),Service,SK,Residential,Heating (Cold),NG - Standard Efficiency,fcc,,,,constant_tech,$,5005.382545,5005.382545,5005.382545,5005.382545,5005.382545,5005.382545,5005.382545,5005.382545,5005.382545,5005.382545,5005.382545,
CIMS.CAN.SK.Residential.Dwellings.Building Type.High Density.Vintage.2001-2020 Bldg Code.Heating (Cold),Service,SK,Residential,Heating (Cold),NG - Standard Efficiency,fom,,,,constant_tech,$,162.6749327,162.6749327,162.6749327,162.6749327,162.6749327,162.6749327,162.6749327,162.6749327,162.6749327,162.6749327,162.6749327,
CIMS.CAN.SK.Residential.Dwellings.Building Type.High Density.Vintage.2001-2020 Bldg Code.Heating (Cold),Service,SK,Residential,Heating (Cold),NG - Standard Efficiency,service_request,,,CIMS.CAN.SK.Residential.Methane Blend,annual_tech,GJ,1.32911392425,1.32911392425,1.32911392425,1.32911392425,1.32911392425,1.32911392425,1.32911392425,1.32911392425,1.32911392425,1.32911392425,1.32911392425,
CIMS.CAN.SK.Residential.Dwellings.Building Type.High Density.Vintage.2001-2020 Bldg Code.Heating (Cold),Service,SK,Residential,Heating (Cold),NG - High Efficiency,technology,,,,,,,,,,,,,,,,,
CIMS.CAN.SK.Residential.Dwellings.Building Type.High Density.Vintage.2001-2020 Bldg Code.Heating (Cold),Service,SK,Residential,Heating (Cold),NG - High Efficiency,available,,,,constant_tech,Year,2000,2000,2000,2000,2000,2000,2000,2000,2000,2000,2000,
CIMS.CAN.SK.Residential.Dwellings.Building Type.High Density.Vintage.2001-2020 Bldg Code.Heating (Cold),Service,SK,Residential,Heating (Cold),NG - High Efficiency,unavailable,,,,constant_tech,Year,2101,2101,2101,2101,2101,2101,2101,2101,2101,2101,2101,
CIMS.CAN.SK.Residential.Dwellings.Building Type.High Density.Vintage.2001-2020 Bldg Code.Heating (Cold),Service,SK,Residential,Heating (Cold),NG - High Efficiency,lifetime,,,,constant_tech,Years,19,19,19,19,19,19,19,19,19,19,19,
CIMS.CAN.SK.Residential.Dwellings.Building Type.High Density.Vintage.2001-2020 Bldg Code.Heating (Cold),Service,SK,Residential,Heating (Cold),NG - High Efficiency,market_share_total,,,,annual_tech,%,0,,,,,,,,,,,
CIMS.CAN.SK.Residential.Dwellings.Building Type.High Density.Vintage.2001-2020 Bldg Code.Heating (Cold),Service,SK,Residential,Heating (Cold),NG - High Efficiency,output,,,,constant_tech,node unit,31.399776,31.399776,31.399776,31.399776,31.399776,31.399776,31.399776,31.399776,31.399776,31.399776,31.399776,
CIMS.CAN.SK.Residential.Dwellings.Building Type.High Density.Vintage.2001-2020 Bldg Code.Heating (Cold),Service,SK,Residential,Heating (Cold),NG - High Efficiency,fcc,,,,constant_tech,$,6231.7012692,6231.7012692,6231.7012692,6231.7012692,6231.7012692,6231.7012692,6231.7012692,6231.7012692,6231.7012692,6231.7012692,6231.7012692,
CIMS.CAN.SK.Residential.Dwellings.Building Type.High Density.Vintage.2001-2020 Bldg Code.Heating (Cold),Service,SK,Residential,Heating (Cold),NG - High Efficiency,fom,,,,constant_tech,$,162.6749327,162.6749327,162.6749327,162.6749327,162.6749327,162.6749327,162.6749327,162.6749327,162.6749327,162.6749327,162.6749327,
CIMS.CAN.SK.Residential.Dwellings.Building Type.High Density.Vintage.2001-2020 Bldg Code.Heating (Cold),Service,SK,Residential,Heating (Cold),NG - High Efficiency,service_request,,,CIMS.CAN.SK.Residential.Methane Blend,annual_tech,GJ,1.16666666655,1.16666666655,1.16666666655,1.16666666655,1.16666666655,1.16666666655,1.16666666655,1.16666666655,1.16666666655,1.16666666655,1.16666666655,
CIMS.CAN.SK.Residential.Dwellings.Building Type.High Density.Vintage.2001-2020 Bldg Code.Heating (Cold),Service,SK,Residential,Heating (Cold),NG - ASHP / NG - backup,technology,,,,,,,,,,,,,,,,,
CIMS.CAN.SK.Residential.Dwellings.Building Type.High Density.Vintage.2001-2020 Bldg Code.Heating (Cold),Service,SK,Residential,Heating (Cold),NG - ASHP / NG - backup,available,,,,constant_tech,Year,2000,2000,2000,2000,2000,2000,2000,2000,2000,2000,2000,
CIMS.CAN.SK.Residential.Dwellings.Building Type.High Density.Vintage.2001-2020 Bldg Code.Heating (Cold),Service,SK,Residential,Heating (Cold),NG - ASHP / NG - backup,unavailable,,,,constant_tech,Year,2101,2101,2101,2101,2101,2101,2101,2101,2101,2101,2101,
CIMS.CAN.SK.Residential.Dwellings.Building Type.High Density.Vintage.2001-2020 Bldg Code.Heating (Cold),Service,SK,Residential,Heating (Cold),NG - ASHP / NG - backup,lifetime,,,,constant_tech,Years,15,15,15,15,15,15,15,15,15,15,15,
CIMS.CAN.SK.Residential.Dwellings.Building Type.High Density.Vintage.2001-2020 Bldg Code.Heating (Cold),Service,SK,Residential,Heating (Cold),NG - ASHP / NG - backup,market_share_total,,,,annual_tech,%,0,,,,,,,,,,,
CIMS.CAN.SK.Residential.Dwellings.Building Type.High Density.Vintage.2001-2020 Bldg Code.Heating (Cold),Service,SK,Residential,Heating (Cold),NG - ASHP / NG - backup,output,,,,constant_tech,node unit,31.399776,31.399776,31.399776,31.399776,31.399776,31.399776,31.399776,31.399776,31.399776,31.399776,31.399776,
CIMS.CAN.SK.Residential.Dwellings.Building Type.High Density.Vintage.2001-2020 Bldg Code.Heating (Cold),Service,SK,Residential,Heating (Cold),NG - ASHP / NG - backup,fcc,,,,constant_tech,$,20015.27345,20015.27345,20015.27345,20015.27345,20015.27345,20015.27345,20015.27345,20015.27345,20015.27345,20015.27345,20015.27345,
CIMS.CAN.SK.Residential.Dwellings.Building Type.High Density.Vintage.2001-2020 Bldg Code.Heating (Cold),Service,SK,Residential,Heating (Cold),NG - ASHP / NG - backup,fom,,,,constant_tech,$,250.2691273,250.2691273,250.2691273,250.2691273,250.2691273,250.2691273,250.2691273,250.2691273,250.2691273,250.2691273,250.2691273,
CIMS.CAN.SK.Residential.Dwellings.Building Type.High Density.Vintage.2001-2020 Bldg Code.Heating (Cold),Service,SK,Residential,Heating (Cold),NG - ASHP / NG - backup,service_request,,,CIMS.CAN.SK.Residential.Methane Blend,annual_tech,GJ,2.1593627892625,2.1593627892625,2.1593627892625,2.1593627892625,2.1593627892625,2.1593627892625,2.1593627892625,2.1593627892625,2.1593627892625,2.1593627892625,2.1593627892625,
CIMS.CAN.SK.Residential.Dwellings.Building Type.High Density.Vintage.2001-2020 Bldg Code.Heating (Cold),Service,SK,Residential,Heating (Cold),NG - ASHP / NG - backup,service_request,,,CIMS.CAN.SK.Residential.Dwellings.Building Type.High Density.Cooling,annual_tech,GJ of cooling,-0.004568364,-0.004568364,-0.004568364,-0.004568364,-0.004568364,-0.004568364,-0.004568364,-0.004568364,-0.004568364,-0.004568364,-0.004568364,
CIMS.CAN.SK.Residential.Dwellings.Building Type.High Density.Vintage.2001-2020 Bldg Code.Heating (Cold),Service,SK,Residential,Heating (Cold),Electric - Standard Efficiency,technology,,,,,,,,,,,,,,,,,
CIMS.CAN.SK.Residential.Dwellings.Building Type.High Density.Vintage.2001-2020 Bldg Code.Heating (Cold),Service,SK,Residential,Heating (Cold),Electric - Standard Efficiency,available,,,,constant_tech,Year,1950,1950,1950,1950,1950,1950,1950,1950,1950,1950,1950,
CIMS.CAN.SK.Residential.Dwellings.Building Type.High Density.Vintage.2001-2020 Bldg Code.Heating (Cold),Service,SK,Residential,Heating (Cold),Electric - Standard Efficiency,unavailable,,,,constant_tech,Year,2101,2101,2101,2101,2101,2101,2101,2101,2101,2101,2101,
CIMS.CAN.SK.Residential.Dwellings.Building Type.High Density.Vintage.2001-2020 Bldg Code.Heating (Cold),Service,SK,Residential,Heating (Cold),Electric - Standard Efficiency,lifetime,,,,constant_tech,Years,22.5,22.5,22.5,22.5,22.5,22.5,22.5,22.5,22.5,22.5,22.5,
CIMS.CAN.SK.Residential.Dwellings.Building Type.High Density.Vintage.2001-2020 Bldg Code.Heating (Cold),Service,SK,Residential,Heating (Cold),Electric - Standard Efficiency,market_share_total,,,,annual_tech,%,0,,,,,,,,,,,
CIMS.CAN.SK.Residential.Dwellings.Building Type.High Density.Vintage.2001-2020 Bldg Code.Heating (Cold),Service,SK,Residential,Heating (Cold),Electric - Standard Efficiency,output,,,,constant_tech,node unit,31.399776,31.399776,31.399776,31.399776,31.399776,31.399776,31.399776,31.399776,31.399776,31.399776,31.399776,
CIMS.CAN.SK.Residential.Dwellings.Building Type.High Density.Vintage.2001-2020 Bldg Code.Heating (Cold),Service,SK,Residential,Heating (Cold),Electric - Standard Efficiency,fcc,,,,constant_tech,$,3822.860919,3822.860919,3822.860919,3822.860919,3822.860919,3822.860919,3822.860919,3822.860919,3822.860919,3822.860919,3822.860919,
CIMS.CAN.SK.Residential.Dwellings.Building Type.High Density.Vintage.2001-2020 Bldg Code.Heating (Cold),Service,SK,Residential,Heating (Cold),Electric - Standard Efficiency,service_request,,,CIMS.CAN.SK.Electricity,annual_tech,GJ,1,1,1,1,1,1,1,1,1,1,1,
CIMS.CAN.SK.Residential.Dwellings.Building Type.High Density.Vintage.2001-2020 Bldg Code.Heating (Cold),Service,SK,Residential,Heating (Cold),Electric - ASHP / NG - backup,technology,,,,,,,,,,,,,,,,,
CIMS.CAN.SK.Residential.Dwellings.Building Type.High Density.Vintage.2001-2020 Bldg Code.Heating (Cold),Service,SK,Residential,Heating (Cold),Electric - ASHP / NG - backup,available,,,,constant_tech,Year,2000,2000,2000,2000,2000,2000,2000,2000,2000,2000,2000,
CIMS.CAN.SK.Residential.Dwellings.Building Type.High Density.Vintage.2001-2020 Bldg Code.Heating (Cold),Service,SK,Residential,Heating (Cold),Electric - ASHP / NG - backup,unavailable,,,,constant_tech,Year,2101,2101,2101,2101,2101,2101,2101,2101,2101,2101,2101,
CIMS.CAN.SK.Residential.Dwellings.Building Type.High Density.Vintage.2001-2020 Bldg Code.Heating (Cold),Service,SK,Residential,Heating (Cold),Electric - ASHP / NG - backup,lifetime,,,,constant_tech,Years,15.5,15.5,15.5,15.5,15.5,15.5,15.5,15.5,15.5,15.5,15.5,
CIMS.CAN.SK.Residential.Dwellings.Building Type.High Density.Vintage.2001-2020 Bldg Code.Heating (Cold),Service,SK,Residential,Heating (Cold),Electric - ASHP / NG - backup,market_share_total,,,,annual_tech,%,0,,,,,,,,,,,
CIMS.CAN.SK.Residential.Dwellings.Building Type.High Density.Vintage.2001-2020 Bldg Code.Heating (Cold),Service,SK,Residential,Heating (Cold),Electric - ASHP / NG - backup,output,,,,constant_tech,node unit,31.399776,31.399776,31.399776,31.399776,31.399776,31.399776,31.399776,31.399776,31.399776,31.399776,31.399776,
CIMS.CAN.SK.Residential.Dwellings.Building Type.High Density.Vintage.2001-2020 Bldg Code.Heating (Cold),Service,SK,Residential,Heating (Cold),Electric - ASHP / NG - backup,fcc,,,,constant_tech,$,9647.874856,9647.874856,9647.874856,9647.874856,9647.874856,9647.874856,9647.874856,9647.874856,9647.874856,9647.874856,9647.874856,
CIMS.CAN.SK.Residential.Dwellings.Building Type.High Density.Vintage.2001-2020 Bldg Code.Heating (Cold),Service,SK,Residential,Heating (Cold),Electric - ASHP / NG - backup,fom,,,,constant_tech,$,269.0393118,269.0393118,269.0393118,269.0393118,269.0393118,269.0393118,269.0393118,269.0393118,269.0393118,269.0393118,269.0393118,
CIMS.CAN.SK.Residential.Dwellings.Building Type.High Density.Vintage.2001-2020 Bldg Code.Heating (Cold),Service,SK,Residential,Heating (Cold),Electric - ASHP / NG - backup,service_request,,,CIMS.CAN.SK.Electricity,annual_tech,GJ,0.72747607755,0.72747607755,0.72747607755,0.72747607755,0.72747607755,0.72747607755,0.72747607755,0.72747607755,0.72747607755,0.72747607755,0.72747607755,
CIMS.CAN.SK.Residential.Dwellings.Building Type.High Density.Vintage.2001-2020 Bldg Code.Heating (Cold),Service,SK,Residential,Heating (Cold),Electric - ASHP / NG - backup,service_request,,,CIMS.CAN.SK.Residential.Methane Blend,annual_tech,GJ,0.0583333333275,0.0583333333275,0.0583333333275,0.0583333333275,0.0583333333275,0.0583333333275,0.0583333333275,0.0583333333275,0.0583333333275,0.0583333333275,0.0583333333275,
CIMS.CAN.SK.Residential.Dwellings.Building Type.High Density.Vintage.2001-2020 Bldg Code.Heating (Cold),Service,SK,Residential,Heating (Cold),Electric - ASHP / NG - backup,service_request,,,CIMS.CAN.SK.Residential.Dwellings.Building Type.High Density.Cooling,annual_tech,GJ of cooling,-0.004568364,-0.004568364,-0.004568364,-0.004568364,-0.004568364,-0.004568364,-0.004568364,-0.004568364,-0.004568364,-0.004568364,-0.004568364,
CIMS.CAN.SK.Residential.Dwellings.Building Type.High Density.Vintage.2001-2020 Bldg Code.Heating (Cold),Service,SK,Residential,Heating (Cold),Electric - ASHP / Electric - backup,technology,,,,,,,,,,,,,,,,,
CIMS.CAN.SK.Residential.Dwellings.Building Type.High Density.Vintage.2001-2020 Bldg Code.Heating (Cold),Service,SK,Residential,Heating (Cold),Electric - ASHP / Electric - backup,available,,,,constant_tech,Year,2000,2000,2000,2000,2000,2000,2000,2000,2000,2000,2000,
CIMS.CAN.SK.Residential.Dwellings.Building Type.High Density.Vintage.2001-2020 Bldg Code.Heating (Cold),Service,SK,Residential,Heating (Cold),Electric - ASHP / Electric - backup,unavailable,,,,constant_tech,Year,2101,2101,2101,2101,2101,2101,2101,2101,2101,2101,2101,
CIMS.CAN.SK.Residential.Dwellings.Building Type.High Density.Vintage.2001-2020 Bldg Code.Heating (Cold),Service,SK,Residential,Heating (Cold),Electric - ASHP / Electric - backup,lifetime,,,,constant_tech,Years,15.5,15.5,15.5,15.5,15.5,15.5,15.5,15.5,15.5,15.5,15.5,
CIMS.CAN.SK.Residential.Dwellings.Building Type.High Density.Vintage.2001-2020 Bldg Code.Heating (Cold),Service,SK,Residential,Heating (Cold),Electric - ASHP / Electric - backup,market_share_total,,,,annual_tech,%,0,,,,,,,,,,,
CIMS.CAN.SK.Residential.Dwellings.Building Type.High Density.Vintage.2001-2020 Bldg Code.Heating (Cold),Service,SK,Residential,Heating (Cold),Electric - ASHP / Electric - backup,output,,,,constant_tech,node unit,31.399776,31.399776,31.399776,31.399776,31.399776,31.399776,31.399776,31.399776,31.399776,31.399776,31.399776,
CIMS.CAN.SK.Residential.Dwellings.Building Type.High Density.Vintage.2001-2020 Bldg Code.Heating (Cold),Service,SK,Residential,Heating (Cold),Electric - ASHP / Electric - backup,fcc,,,,constant_tech,$,9373.830161,9373.830161,9373.830161,9373.830161,9373.830161,9373.830161,9373.830161,9373.830161,9373.830161,9373.830161,9373.830161,
CIMS.CAN.SK.Residential.Dwellings.Building Type.High Density.Vintage.2001-2020 Bldg Code.Heating (Cold),Service,SK,Residential,Heating (Cold),Electric - ASHP / Electric - backup,fom,,,,constant_tech,$,106.3643791,106.3643791,106.3643791,106.3643791,106.3643791,106.3643791,106.3643791,106.3643791,106.3643791,106.3643791,106.3643791,
CIMS.CAN.SK.Residential.Dwellings.Building Type.High Density.Vintage.2001-2020 Bldg Code.Heating (Cold),Service,SK,Residential,Heating (Cold),Electric - ASHP / Electric - backup,service_request,,,CIMS.CAN.SK.Electricity,annual_tech,GJ,0.77747607755,0.77747607755,0.77747607755,0.77747607755,0.77747607755,0.77747607755,0.77747607755,0.77747607755,0.77747607755,0.77747607755,0.77747607755,
CIMS.CAN.SK.Residential.Dwellings.Building Type.High Density.Vintage.2001-2020 Bldg Code.Heating (Cold),Service,SK,Residential,Heating (Cold),Electric - ASHP / Electric - backup,service_request,,,CIMS.CAN.SK.Residential.Dwellings.Building Type.High Density.Cooling,annual_tech,GJ of cooling,-0.004568364,-0.004568364,-0.004568364,-0.004568364,-0.004568364,-0.004568364,-0.004568364,-0.004568364,-0.004568364,-0.004568364,-0.004568364,
CIMS.CAN.SK.Residential.Dwellings.Building Type.High Density.Vintage.2001-2020 Bldg Code.Heating (Cold),Service,SK,Residential,Heating (Cold),Electric - GSHP,technology,,,,,,,,,,,,,,,,,
CIMS.CAN.SK.Residential.Dwellings.Building Type.High Density.Vintage.2001-2020 Bldg Code.Heating (Cold),Service,SK,Residential,Heating (Cold),Electric - GSHP,available,,,,constant_tech,Year,2000,2000,2000,2000,2000,2000,2000,2000,2000,2000,2000,
CIMS.CAN.SK.Residential.Dwellings.Building Type.High Density.Vintage.2001-2020 Bldg Code.Heating (Cold),Service,SK,Residential,Heating (Cold),Electric - GSHP,unavailable,,,,constant_tech,Year,2101,2101,2101,2101,2101,2101,2101,2101,2101,2101,2101,
CIMS.CAN.SK.Residential.Dwellings.Building Type.High Density.Vintage.2001-2020 Bldg Code.Heating (Cold),Service,SK,Residential,Heating (Cold),Electric - GSHP,lifetime,,,,constant_tech,Years,20,20,20,20,20,20,20,20,20,20,20,
CIMS.CAN.SK.Residential.Dwellings.Building Type.High Density.Vintage.2001-2020 Bldg Code.Heating (Cold),Service,SK,Residential,Heating (Cold),Electric - GSHP,market_share_total,,,,annual_tech,%,0,,,,,,,,,,,
CIMS.CAN.SK.Residential.Dwellings.Building Type.High Density.Vintage.2001-2020 Bldg Code.Heating (Cold),Service,SK,Residential,Heating (Cold),Electric - GSHP,output,,,,constant_tech,node unit,31.399776,31.399776,31.399776,31.399776,31.399776,31.399776,31.399776,31.399776,31.399776,31.399776,31.399776,
CIMS.CAN.SK.Residential.Dwellings.Building Type.High Density.Vintage.2001-2020 Bldg Code.Heating (Cold),Service,SK,Residential,Heating (Cold),Electric - GSHP,fcc,,,,constant_tech,$,23775.56709,23775.56709,23775.56709,23775.56709,23775.56709,23775.56709,23775.56709,23775.56709,23775.56709,23775.56709,23775.56709,
CIMS.CAN.SK.Residential.Dwellings.Building Type.High Density.Vintage.2001-2020 Bldg Code.Heating (Cold),Service,SK,Residential,Heating (Cold),Electric - GSHP,fom,,,,constant_tech,$,112.6211073,112.6211073,112.6211073,112.6211073,112.6211073,112.6211073,112.6211073,112.6211073,112.6211073,112.6211073,112.6211073,
CIMS.CAN.SK.Residential.Dwellings.Building Type.High Density.Vintage.2001-2020 Bldg Code.Heating (Cold),Service,SK,Residential,Heating (Cold),Electric - GSHP,service_request,,,CIMS.CAN.SK.Electricity,annual_tech,GJ,0.486428472,0.486428472,0.486428472,0.486428472,0.486428472,0.486428472,0.486428472,0.486428472,0.486428472,0.486428472,0.486428472,
CIMS.CAN.SK.Residential.Dwellings.Building Type.High Density.Vintage.2001-2020 Bldg Code.Heating (Cold),Service,SK,Residential,Heating (Cold),Electric - GSHP,service_request,,,CIMS.CAN.SK.Residential.Dwellings.Building Type.High Density.Cooling,annual_tech,GJ of cooling,-0.004568364,-0.004568364,-0.004568364,-0.004568364,-0.004568364,-0.004568364,-0.004568364,-0.004568364,-0.004568364,-0.004568364,-0.004568364,
CIMS.CAN.SK.Residential.Dwellings.Building Type.High Density.Vintage.2001-2020 Bldg Code.Heating (Cold),Service,SK,Residential,Heating (Cold),Heating Oil - Standard Efficiency,technology,,,,,,,,,,,,,,,,,
CIMS.CAN.SK.Residential.Dwellings.Building Type.High Density.Vintage.2001-2020 Bldg Code.Heating (Cold),Service,SK,Residential,Heating (Cold),Heating Oil - Standard Efficiency,available,,,,constant_tech,Year,1950,1950,1950,1950,1950,1950,1950,1950,1950,1950,1950,
CIMS.CAN.SK.Residential.Dwellings.Building Type.High Density.Vintage.2001-2020 Bldg Code.Heating (Cold),Service,SK,Residential,Heating (Cold),Heating Oil - Standard Efficiency,unavailable,,,,constant_tech,Year,2021,2021,2021,2021,2021,2021,2021,2021,2021,2021,2021,
CIMS.CAN.SK.Residential.Dwellings.Building Type.High Density.Vintage.2001-2020 Bldg Code.Heating (Cold),Service,SK,Residential,Heating (Cold),Heating Oil - Standard Efficiency,lifetime,,,,constant_tech,Years,23,23,23,23,23,23,23,23,23,23,23,
CIMS.CAN.SK.Residential.Dwellings.Building Type.High Density.Vintage.2001-2020 Bldg Code.Heating (Cold),Service,SK,Residential,Heating (Cold),Heating Oil - Standard Efficiency,market_share_total,,,,annual_tech,%,0,,,,,,,,,,,
CIMS.CAN.SK.Residential.Dwellings.Building Type.High Density.Vintage.2001-2020 Bldg Code.Heating (Cold),Service,SK,Residential,Heating (Cold),Heating Oil - Standard Efficiency,output,,,,constant_tech,node unit,31.399776,31.399776,31.399776,31.399776,31.399776,31.399776,31.399776,31.399776,31.399776,31.399776,31.399776,
CIMS.CAN.SK.Residential.Dwellings.Building Type.High Density.Vintage.2001-2020 Bldg Code.Heating (Cold),Service,SK,Residential,Heating (Cold),Heating Oil - Standard Efficiency,fcc,,,,constant_tech,$,6444.430027,6444.430027,6444.430027,6444.430027,6444.430027,6444.430027,6444.430027,6444.430027,6444.430027,6444.430027,6444.430027,
CIMS.CAN.SK.Residential.Dwellings.Building Type.High Density.Vintage.2001-2020 Bldg Code.Heating (Cold),Service,SK,Residential,Heating (Cold),Heating Oil - Standard Efficiency,fom,,,,constant_tech,$,100.1076509,100.1076509,100.1076509,100.1076509,100.1076509,100.1076509,100.1076509,100.1076509,100.1076509,100.1076509,100.1076509,
CIMS.CAN.SK.Residential.Dwellings.Building Type.High Density.Vintage.2001-2020 Bldg Code.Heating (Cold),Service,SK,Residential,Heating (Cold),Heating Oil - Standard Efficiency,service_request,,,CIMS.Generic Fuels.Fuel Oil,annual_tech,GJ,1.282051282,1.282051282,1.282051282,1.282051282,1.282051282,1.282051282,1.282051282,1.282051282,1.282051282,1.282051282,1.282051282,
CIMS.CAN.SK.Residential.Dwellings.Building Type.High Density.Vintage.2001-2020 Bldg Code.Heating (Cold),Service,SK,Residential,Heating (Cold),Heating Oil - High Efficiency,technology,,,,,,,,,,,,,,,,,
CIMS.CAN.SK.Residential.Dwellings.Building Type.High Density.Vintage.2001-2020 Bldg Code.Heating (Cold),Service,SK,Residential,Heating (Cold),Heating Oil - High Efficiency,available,,,,constant_tech,Year,2000,2000,2000,2000,2000,2000,2000,2000,2000,2000,2000,
CIMS.CAN.SK.Residential.Dwellings.Building Type.High Density.Vintage.2001-2020 Bldg Code.Heating (Cold),Service,SK,Residential,Heating (Cold),Heating Oil - High Efficiency,unavailable,,,,constant_tech,Year,2101,2101,2101,2101,2101,2101,2101,2101,2101,2101,2101,
CIMS.CAN.SK.Residential.Dwellings.Building Type.High Density.Vintage.2001-2020 Bldg Code.Heating (Cold),Service,SK,Residential,Heating (Cold),Heating Oil - High Efficiency,lifetime,,,,constant_tech,Years,23,23,23,23,23,23,23,23,23,23,23,
CIMS.CAN.SK.Residential.Dwellings.Building Type.High Density.Vintage.2001-2020 Bldg Code.Heating (Cold),Service,SK,Residential,Heating (Cold),Heating Oil - High Efficiency,market_share_total,,,,annual_tech,%,0,,,,,,,,,,,
CIMS.CAN.SK.Residential.Dwellings.Building Type.High Density.Vintage.2001-2020 Bldg Code.Heating (Cold),Service,SK,Residential,Heating (Cold),Heating Oil - High Efficiency,output,,,,constant_tech,node unit,31.399776,31.399776,31.399776,31.399776,31.399776,31.399776,31.399776,31.399776,31.399776,31.399776,31.399776,
CIMS.CAN.SK.Residential.Dwellings.Building Type.High Density.Vintage.2001-2020 Bldg Code.Heating (Cold),Service,SK,Residential,Heating (Cold),Heating Oil - High Efficiency,fcc,,,,constant_tech,$,9541.510477,9541.510477,9541.510477,9541.510477,9541.510477,9541.510477,9541.510477,9541.510477,9541.510477,9541.510477,9541.510477,
CIMS.CAN.SK.Residential.Dwellings.Building Type.High Density.Vintage.2001-2020 Bldg Code.Heating (Cold),Service,SK,Residential,Heating (Cold),Heating Oil - High Efficiency,fom,,,,constant_tech,$,100.1076509,100.1076509,100.1076509,100.1076509,100.1076509,100.1076509,100.1076509,100.1076509,100.1076509,100.1076509,100.1076509,
CIMS.CAN.SK.Residential.Dwellings.Building Type.High Density.Vintage.2001-2020 Bldg Code.Heating (Cold),Service,SK,Residential,Heating (Cold),Heating Oil - High Efficiency,service_request,,,CIMS.Generic Fuels.Fuel Oil,annual_tech,GJ,1.162790698,1.162790698,1.162790698,1.162790698,1.162790698,1.162790698,1.162790698,1.162790698,1.162790698,1.162790698,1.162790698,
CIMS.CAN.SK.Residential.Dwellings.Building Type.High Density.Vintage.2001-2020 Bldg Code.Heating (Cold),Service,SK,Residential,Heating (Cold),Wood,technology,,,,,,,,,,,,,,,,,
CIMS.CAN.SK.Residential.Dwellings.Building Type.High Density.Vintage.2001-2020 Bldg Code.Heating (Cold),Service,SK,Residential,Heating (Cold),Wood,available,,,,constant_tech,Year,1950,1950,1950,1950,1950,1950,1950,1950,1950,1950,1950,
CIMS.CAN.SK.Residential.Dwellings.Building Type.High Density.Vintage.2001-2020 Bldg Code.Heating (Cold),Service,SK,Residential,Heating (Cold),Wood,unavailable,,,,constant_tech,Year,2101,2101,2101,2101,2101,2101,2101,2101,2101,2101,2101,
CIMS.CAN.SK.Residential.Dwellings.Building Type.High Density.Vintage.2001-2020 Bldg Code.Heating (Cold),Service,SK,Residential,Heating (Cold),Wood,lifetime,,,,constant_tech,Years,18.5,18.5,18.5,18.5,18.5,18.5,18.5,18.5,18.5,18.5,18.5,
CIMS.CAN.SK.Residential.Dwellings.Building Type.High Density.Vintage.2001-2020 Bldg Code.Heating (Cold),Service,SK,Residential,Heating (Cold),Wood,market_share_total,,,,annual_tech,%,0,,,,,,,,,,,
CIMS.CAN.SK.Residential.Dwellings.Building Type.High Density.Vintage.2001-2020 Bldg Code.Heating (Cold),Service,SK,Residential,Heating (Cold),Wood,output,,,,constant_tech,node unit,31.399776,31.399776,31.399776,31.399776,31.399776,31.399776,31.399776,31.399776,31.399776,31.399776,31.399776,
CIMS.CAN.SK.Residential.Dwellings.Building Type.High Density.Vintage.2001-2020 Bldg Code.Heating (Cold),Service,SK,Residential,Heating (Cold),Wood,fcc,,,,constant_tech,$,8000.269768,8000.269768,8000.269768,8000.269768,8000.269768,8000.269768,8000.269768,8000.269768,8000.269768,8000.269768,8000.269768,
CIMS.CAN.SK.Residential.Dwellings.Building Type.High Density.Vintage.2001-2020 Bldg Code.Heating (Cold),Service,SK,Residential,Heating (Cold),Wood,fom,,,,constant_tech,$,250.2691273,250.2691273,250.2691273,250.2691273,250.2691273,250.2691273,250.2691273,250.2691273,250.2691273,250.2691273,250.2691273,
CIMS.CAN.SK.Residential.Dwellings.Building Type.High Density.Vintage.2001-2020 Bldg Code.Heating (Cold),Service,SK,Residential,Heating (Cold),Wood,service_request,,,CIMS.Generic Fuels.Solid Biomass,annual_tech,GJ,2,2,2,2,2,2,2,2,2,2,2,
CIMS.CAN.SK.Residential.Dwellings.Building Type.High Density.Vintage.2021-2035 Bldg Code,Service,SK,Residential,2021-2035 Bldg Code,,service_provide,,,,constant_tech,m2,,,,,,,,,,,,
CIMS.CAN.SK.Residential.Dwellings.Building Type.High Density.Vintage.2021-2035 Bldg Code,Service,SK,Residential,2021-2035 Bldg Code,,competition,Tech Compete,,,,,,,,,,,,,,,,
CIMS.CAN.SK.Residential.Dwellings.Building Type.High Density.Vintage.2021-2035 Bldg Code,Service,SK,Residential,2021-2035 Bldg Code,,discount_rate_financial,,,,constant_tech,%,0.25,0.25,0.25,0.25,0.25,0.25,0.25,0.25,0.25,0.25,0.25,
CIMS.CAN.SK.Residential.Dwellings.Building Type.High Density.Vintage.2021-2035 Bldg Code,Service,SK,Residential,2021-2035 Bldg Code,,heterogeneity,,,,constant_tech,,10,10,10,10,10,10,10,10,10,10,10,
CIMS.CAN.SK.Residential.Dwellings.Building Type.High Density.Vintage.2021-2035 Bldg Code,Service,SK,Residential,2021-2035 Bldg Code,Reference,technology,,,,,,,,,,,,,,,,,
CIMS.CAN.SK.Residential.Dwellings.Building Type.High Density.Vintage.2021-2035 Bldg Code,Service,SK,Residential,2021-2035 Bldg Code,Reference,available,,,,constant_tech,Year,2021,2021,2021,2021,2021,2021,2021,2021,2021,2021,2021,
CIMS.CAN.SK.Residential.Dwellings.Building Type.High Density.Vintage.2021-2035 Bldg Code,Service,SK,Residential,2021-2035 Bldg Code,Reference,unavailable,,,,constant_tech,Year,2036,2036,2036,2036,2036,2036,2036,2036,2036,2036,2036,
CIMS.CAN.SK.Residential.Dwellings.Building Type.High Density.Vintage.2021-2035 Bldg Code,Service,SK,Residential,2021-2035 Bldg Code,Reference,lifetime,,,,constant_tech,Years,80,80,80,80,80,80,80,80,80,80,80,
CIMS.CAN.SK.Residential.Dwellings.Building Type.High Density.Vintage.2021-2035 Bldg Code,Service,SK,Residential,2021-2035 Bldg Code,Reference,market_share_total,,,,annual_tech,%,1,,,,,,,,,,,
CIMS.CAN.SK.Residential.Dwellings.Building Type.High Density.Vintage.2021-2035 Bldg Code,Service,SK,Residential,2021-2035 Bldg Code,Reference,service_request,,,CIMS.CAN.SK.Residential.Dwellings.Building Type.High Density.Vintage.2021-2035 Bldg Code.Heating (Cold),annual_region_tech,GJ,0.14095790286749,0.13103994462969,0.15570321930622,0.11677259977047,0.11975734220027,0.11975734220027,0.11975734220027,0.11975734220027,0.11975734220027,0.11975734220027,0.11975734220027,
CIMS.CAN.SK.Residential.Dwellings.Building Type.High Density.Vintage.2021-2035 Bldg Code,Service,SK,Residential,2021-2035 Bldg Code,Retrofit Average,technology,,,,,,,,,,,,,,,,,
CIMS.CAN.SK.Residential.Dwellings.Building Type.High Density.Vintage.2021-2035 Bldg Code,Service,SK,Residential,2021-2035 Bldg Code,Retrofit Average,available,,,,constant_tech,Year,2021,2021,2021,2021,2021,2021,2021,2021,2021,2021,2021,
CIMS.CAN.SK.Residential.Dwellings.Building Type.High Density.Vintage.2021-2035 Bldg Code,Service,SK,Residential,2021-2035 Bldg Code,Retrofit Average,unavailable,,,,constant_tech,Year,2101,2101,2101,2101,2101,2101,2101,2101,2101,2101,2101,
CIMS.CAN.SK.Residential.Dwellings.Building Type.High Density.Vintage.2021-2035 Bldg Code,Service,SK,Residential,2021-2035 Bldg Code,Retrofit Average,lifetime,,,,constant_tech,Years,80,80,80,80,80,80,80,80,80,80,80,
CIMS.CAN.SK.Residential.Dwellings.Building Type.High Density.Vintage.2021-2035 Bldg Code,Service,SK,Residential,2021-2035 Bldg Code,Retrofit Average,market_share_total,,,,annual_tech,%,0,,,,,,,,,,,
CIMS.CAN.SK.Residential.Dwellings.Building Type.High Density.Vintage.2021-2035 Bldg Code,Service,SK,Residential,2021-2035 Bldg Code,Retrofit Average,fcc,,,,constant_tech,$,1565,1565,1565,1565,1565,1565,1565,1565,1565,1565,1565,
CIMS.CAN.SK.Residential.Dwellings.Building Type.High Density.Vintage.2021-2035 Bldg Code,Service,SK,Residential,2021-2035 Bldg Code,Retrofit Average,market_share_new_max,,,,constant_tech,%,0,0,0,0,0,0,0,0,0,0,0,
CIMS.CAN.SK.Residential.Dwellings.Building Type.High Density.Vintage.2021-2035 Bldg Code,Service,SK,Residential,2021-2035 Bldg Code,Retrofit Average,service_request,,,CIMS.CAN.SK.Residential.Dwellings.Building Type.High Density.Vintage.2021-2035 Bldg Code.Heating (Cold),annual_region_tech,GJ,0.09867053200724,0.09172796124078,0.10899225351436,0.08174081983933,0.08383013954019,0.08383013954019,0.08383013954019,0.08383013954019,0.08383013954019,0.08383013954019,0.08383013954019,
CIMS.CAN.SK.Residential.Dwellings.Building Type.High Density.Vintage.2021-2035 Bldg Code,Service,SK,Residential,2021-2035 Bldg Code,Retrofit Deep,technology,,,,,,,,,,,,,,,,,
CIMS.CAN.SK.Residential.Dwellings.Building Type.High Density.Vintage.2021-2035 Bldg Code,Service,SK,Residential,2021-2035 Bldg Code,Retrofit Deep,available,,,,constant_tech,Year,2021,2021,2021,2021,2021,2021,2021,2021,2021,2021,2021,
CIMS.CAN.SK.Residential.Dwellings.Building Type.High Density.Vintage.2021-2035 Bldg Code,Service,SK,Residential,2021-2035 Bldg Code,Retrofit Deep,unavailable,,,,constant_tech,Year,2101,2101,2101,2101,2101,2101,2101,2101,2101,2101,2101,
CIMS.CAN.SK.Residential.Dwellings.Building Type.High Density.Vintage.2021-2035 Bldg Code,Service,SK,Residential,2021-2035 Bldg Code,Retrofit Deep,lifetime,,,,constant_tech,Years,80,80,80,80,80,80,80,80,80,80,80,
CIMS.CAN.SK.Residential.Dwellings.Building Type.High Density.Vintage.2021-2035 Bldg Code,Service,SK,Residential,2021-2035 Bldg Code,Retrofit Deep,market_share_total,,,,annual_tech,%,0,,,,,,,,,,,
CIMS.CAN.SK.Residential.Dwellings.Building Type.High Density.Vintage.2021-2035 Bldg Code,Service,SK,Residential,2021-2035 Bldg Code,Retrofit Deep,fcc,,,,constant_tech,$,3130,3130,3130,3130,3130,3130,3130,3130,3130,3130,3130,
CIMS.CAN.SK.Residential.Dwellings.Building Type.High Density.Vintage.2021-2035 Bldg Code,Service,SK,Residential,2021-2035 Bldg Code,Retrofit Deep,market_share_new_max,,,,constant_tech,%,0,0,0,0,0,0,0,0,0,0,0,
CIMS.CAN.SK.Residential.Dwellings.Building Type.High Density.Vintage.2021-2035 Bldg Code,Service,SK,Residential,2021-2035 Bldg Code,Retrofit Deep,service_request,,,CIMS.CAN.SK.Residential.Dwellings.Building Type.High Density.Vintage.2021-2035 Bldg Code.Heating (Cold),annual_region_tech,GJ,0.07047895143374,0.06551997231484,0.07785160965311,0.05838629988524,0.05987867110014,0.05987867110014,0.05987867110014,0.05987867110014,0.05987867110014,0.05987867110014,0.05987867110014,
CIMS.CAN.SK.Residential.Dwellings.Building Type.High Density.Vintage.2021-2035 Bldg Code.Heating (Cold),Service,SK,Residential,Heating (Cold),,service_provide,,,,constant_tech,GJ of heat,,,,,,,,,,,,
CIMS.CAN.SK.Residential.Dwellings.Building Type.High Density.Vintage.2021-2035 Bldg Code.Heating (Cold),Service,SK,Residential,Heating (Cold),,competition,Tech Compete,,,,,,,,,,,,,,,,
CIMS.CAN.SK.Residential.Dwellings.Building Type.High Density.Vintage.2021-2035 Bldg Code.Heating (Cold),Service,SK,Residential,Heating (Cold),,discount_rate_financial,,,,constant_tech,%,0.25,0.25,0.25,0.25,0.25,0.25,0.25,0.25,0.25,0.25,0.25,
CIMS.CAN.SK.Residential.Dwellings.Building Type.High Density.Vintage.2021-2035 Bldg Code.Heating (Cold),Service,SK,Residential,Heating (Cold),,inheritance,intercept_retirement,,,constant_tech,,FALSE,FALSE,FALSE,FALSE,FALSE,FALSE,FALSE,FALSE,FALSE,FALSE,FALSE,
CIMS.CAN.SK.Residential.Dwellings.Building Type.High Density.Vintage.2021-2035 Bldg Code.Heating (Cold),Service,SK,Residential,Heating (Cold),,heterogeneity,,,,constant_tech,,10,10,10,10,10,10,10,10,10,10,10,
CIMS.CAN.SK.Residential.Dwellings.Building Type.High Density.Vintage.2021-2035 Bldg Code.Heating (Cold),Service,SK,Residential,Heating (Cold),NG - Standard Efficiency,technology,,,,,,,,,,,,,,,,,
CIMS.CAN.SK.Residential.Dwellings.Building Type.High Density.Vintage.2021-2035 Bldg Code.Heating (Cold),Service,SK,Residential,Heating (Cold),NG - Standard Efficiency,available,,,,constant_tech,Year,1990,1990,1990,1990,1990,1990,1990,1990,1990,1990,1990,
CIMS.CAN.SK.Residential.Dwellings.Building Type.High Density.Vintage.2021-2035 Bldg Code.Heating (Cold),Service,SK,Residential,Heating (Cold),NG - Standard Efficiency,unavailable,,,,constant_tech,Year,2101,2101,2101,2101,2101,2101,2101,2101,2101,2101,2101,
CIMS.CAN.SK.Residential.Dwellings.Building Type.High Density.Vintage.2021-2035 Bldg Code.Heating (Cold),Service,SK,Residential,Heating (Cold),NG - Standard Efficiency,lifetime,,,,constant_tech,Years,19,19,19,19,19,19,19,19,19,19,19,
CIMS.CAN.SK.Residential.Dwellings.Building Type.High Density.Vintage.2021-2035 Bldg Code.Heating (Cold),Service,SK,Residential,Heating (Cold),NG - Standard Efficiency,market_share_total,,,,annual_tech,%,1,,,,,,,,,,,
CIMS.CAN.SK.Residential.Dwellings.Building Type.High Density.Vintage.2021-2035 Bldg Code.Heating (Cold),Service,SK,Residential,Heating (Cold),NG - Standard Efficiency,output,,,,constant_tech,node unit,31.399776,31.399776,31.399776,31.399776,31.399776,31.399776,31.399776,31.399776,31.399776,31.399776,31.399776,
CIMS.CAN.SK.Residential.Dwellings.Building Type.High Density.Vintage.2021-2035 Bldg Code.Heating (Cold),Service,SK,Residential,Heating (Cold),NG - Standard Efficiency,fcc,,,,constant_tech,$,5005.382545,5005.382545,5005.382545,5005.382545,5005.382545,5005.382545,5005.382545,5005.382545,5005.382545,5005.382545,5005.382545,
CIMS.CAN.SK.Residential.Dwellings.Building Type.High Density.Vintage.2021-2035 Bldg Code.Heating (Cold),Service,SK,Residential,Heating (Cold),NG - Standard Efficiency,fom,,,,constant_tech,$,162.6749327,162.6749327,162.6749327,162.6749327,162.6749327,162.6749327,162.6749327,162.6749327,162.6749327,162.6749327,162.6749327,
CIMS.CAN.SK.Residential.Dwellings.Building Type.High Density.Vintage.2021-2035 Bldg Code.Heating (Cold),Service,SK,Residential,Heating (Cold),NG - Standard Efficiency,service_request,,,CIMS.CAN.SK.Residential.Methane Blend,annual_tech,GJ,1.32911392425,1.32911392425,1.32911392425,1.32911392425,1.32911392425,1.32911392425,1.32911392425,1.32911392425,1.32911392425,1.32911392425,1.32911392425,
CIMS.CAN.SK.Residential.Dwellings.Building Type.High Density.Vintage.2021-2035 Bldg Code.Heating (Cold),Service,SK,Residential,Heating (Cold),NG - High Efficiency,technology,,,,,,,,,,,,,,,,,
CIMS.CAN.SK.Residential.Dwellings.Building Type.High Density.Vintage.2021-2035 Bldg Code.Heating (Cold),Service,SK,Residential,Heating (Cold),NG - High Efficiency,available,,,,constant_tech,Year,2000,2000,2000,2000,2000,2000,2000,2000,2000,2000,2000,
CIMS.CAN.SK.Residential.Dwellings.Building Type.High Density.Vintage.2021-2035 Bldg Code.Heating (Cold),Service,SK,Residential,Heating (Cold),NG - High Efficiency,unavailable,,,,constant_tech,Year,2101,2101,2101,2101,2101,2101,2101,2101,2101,2101,2101,
CIMS.CAN.SK.Residential.Dwellings.Building Type.High Density.Vintage.2021-2035 Bldg Code.Heating (Cold),Service,SK,Residential,Heating (Cold),NG - High Efficiency,lifetime,,,,constant_tech,Years,19,19,19,19,19,19,19,19,19,19,19,
CIMS.CAN.SK.Residential.Dwellings.Building Type.High Density.Vintage.2021-2035 Bldg Code.Heating (Cold),Service,SK,Residential,Heating (Cold),NG - High Efficiency,market_share_total,,,,annual_tech,%,0,,,,,,,,,,,
CIMS.CAN.SK.Residential.Dwellings.Building Type.High Density.Vintage.2021-2035 Bldg Code.Heating (Cold),Service,SK,Residential,Heating (Cold),NG - High Efficiency,output,,,,constant_tech,node unit,31.399776,31.399776,31.399776,31.399776,31.399776,31.399776,31.399776,31.399776,31.399776,31.399776,31.399776,
CIMS.CAN.SK.Residential.Dwellings.Building Type.High Density.Vintage.2021-2035 Bldg Code.Heating (Cold),Service,SK,Residential,Heating (Cold),NG - High Efficiency,fcc,,,,constant_tech,$,6231.7012692,6231.7012692,6231.7012692,6231.7012692,6231.7012692,6231.7012692,6231.7012692,6231.7012692,6231.7012692,6231.7012692,6231.7012692,
CIMS.CAN.SK.Residential.Dwellings.Building Type.High Density.Vintage.2021-2035 Bldg Code.Heating (Cold),Service,SK,Residential,Heating (Cold),NG - High Efficiency,fom,,,,constant_tech,$,162.6749327,162.6749327,162.6749327,162.6749327,162.6749327,162.6749327,162.6749327,162.6749327,162.6749327,162.6749327,162.6749327,
CIMS.CAN.SK.Residential.Dwellings.Building Type.High Density.Vintage.2021-2035 Bldg Code.Heating (Cold),Service,SK,Residential,Heating (Cold),NG - High Efficiency,service_request,,,CIMS.CAN.SK.Residential.Methane Blend,annual_tech,GJ,1.16666666655,1.16666666655,1.16666666655,1.16666666655,1.16666666655,1.16666666655,1.16666666655,1.16666666655,1.16666666655,1.16666666655,1.16666666655,
CIMS.CAN.SK.Residential.Dwellings.Building Type.High Density.Vintage.2021-2035 Bldg Code.Heating (Cold),Service,SK,Residential,Heating (Cold),NG - ASHP / NG - backup,technology,,,,,,,,,,,,,,,,,
CIMS.CAN.SK.Residential.Dwellings.Building Type.High Density.Vintage.2021-2035 Bldg Code.Heating (Cold),Service,SK,Residential,Heating (Cold),NG - ASHP / NG - backup,available,,,,constant_tech,Year,2000,2000,2000,2000,2000,2000,2000,2000,2000,2000,2000,
CIMS.CAN.SK.Residential.Dwellings.Building Type.High Density.Vintage.2021-2035 Bldg Code.Heating (Cold),Service,SK,Residential,Heating (Cold),NG - ASHP / NG - backup,unavailable,,,,constant_tech,Year,2101,2101,2101,2101,2101,2101,2101,2101,2101,2101,2101,
CIMS.CAN.SK.Residential.Dwellings.Building Type.High Density.Vintage.2021-2035 Bldg Code.Heating (Cold),Service,SK,Residential,Heating (Cold),NG - ASHP / NG - backup,lifetime,,,,constant_tech,Years,15,15,15,15,15,15,15,15,15,15,15,
CIMS.CAN.SK.Residential.Dwellings.Building Type.High Density.Vintage.2021-2035 Bldg Code.Heating (Cold),Service,SK,Residential,Heating (Cold),NG - ASHP / NG - backup,market_share_total,,,,annual_tech,%,0,,,,,,,,,,,
CIMS.CAN.SK.Residential.Dwellings.Building Type.High Density.Vintage.2021-2035 Bldg Code.Heating (Cold),Service,SK,Residential,Heating (Cold),NG - ASHP / NG - backup,output,,,,constant_tech,node unit,31.399776,31.399776,31.399776,31.399776,31.399776,31.399776,31.399776,31.399776,31.399776,31.399776,31.399776,
CIMS.CAN.SK.Residential.Dwellings.Building Type.High Density.Vintage.2021-2035 Bldg Code.Heating (Cold),Service,SK,Residential,Heating (Cold),NG - ASHP / NG - backup,fcc,,,,constant_tech,$,20015.27345,20015.27345,20015.27345,20015.27345,20015.27345,20015.27345,20015.27345,20015.27345,20015.27345,20015.27345,20015.27345,
CIMS.CAN.SK.Residential.Dwellings.Building Type.High Density.Vintage.2021-2035 Bldg Code.Heating (Cold),Service,SK,Residential,Heating (Cold),NG - ASHP / NG - backup,fom,,,,constant_tech,$,250.2691273,250.2691273,250.2691273,250.2691273,250.2691273,250.2691273,250.2691273,250.2691273,250.2691273,250.2691273,250.2691273,
CIMS.CAN.SK.Residential.Dwellings.Building Type.High Density.Vintage.2021-2035 Bldg Code.Heating (Cold),Service,SK,Residential,Heating (Cold),NG - ASHP / NG - backup,service_request,,,CIMS.CAN.SK.Residential.Methane Blend,annual_tech,GJ,2.1593627892625,2.1593627892625,2.1593627892625,2.1593627892625,2.1593627892625,2.1593627892625,2.1593627892625,2.1593627892625,2.1593627892625,2.1593627892625,2.1593627892625,
CIMS.CAN.SK.Residential.Dwellings.Building Type.High Density.Vintage.2021-2035 Bldg Code.Heating (Cold),Service,SK,Residential,Heating (Cold),NG - ASHP / NG - backup,service_request,,,CIMS.CAN.SK.Residential.Dwellings.Building Type.High Density.Cooling,annual_tech,GJ of cooling,-0.004568364,-0.004568364,-0.004568364,-0.004568364,-0.004568364,-0.004568364,-0.004568364,-0.004568364,-0.004568364,-0.004568364,-0.004568364,
CIMS.CAN.SK.Residential.Dwellings.Building Type.High Density.Vintage.2021-2035 Bldg Code.Heating (Cold),Service,SK,Residential,Heating (Cold),Electric - Standard Efficiency,technology,,,,,,,,,,,,,,,,,
CIMS.CAN.SK.Residential.Dwellings.Building Type.High Density.Vintage.2021-2035 Bldg Code.Heating (Cold),Service,SK,Residential,Heating (Cold),Electric - Standard Efficiency,available,,,,constant_tech,Year,1950,1950,1950,1950,1950,1950,1950,1950,1950,1950,1950,
CIMS.CAN.SK.Residential.Dwellings.Building Type.High Density.Vintage.2021-2035 Bldg Code.Heating (Cold),Service,SK,Residential,Heating (Cold),Electric - Standard Efficiency,unavailable,,,,constant_tech,Year,2101,2101,2101,2101,2101,2101,2101,2101,2101,2101,2101,
CIMS.CAN.SK.Residential.Dwellings.Building Type.High Density.Vintage.2021-2035 Bldg Code.Heating (Cold),Service,SK,Residential,Heating (Cold),Electric - Standard Efficiency,lifetime,,,,constant_tech,Years,22.5,22.5,22.5,22.5,22.5,22.5,22.5,22.5,22.5,22.5,22.5,
CIMS.CAN.SK.Residential.Dwellings.Building Type.High Density.Vintage.2021-2035 Bldg Code.Heating (Cold),Service,SK,Residential,Heating (Cold),Electric - Standard Efficiency,market_share_total,,,,annual_tech,%,0,,,,,,,,,,,
CIMS.CAN.SK.Residential.Dwellings.Building Type.High Density.Vintage.2021-2035 Bldg Code.Heating (Cold),Service,SK,Residential,Heating (Cold),Electric - Standard Efficiency,output,,,,constant_tech,node unit,31.399776,31.399776,31.399776,31.399776,31.399776,31.399776,31.399776,31.399776,31.399776,31.399776,31.399776,
CIMS.CAN.SK.Residential.Dwellings.Building Type.High Density.Vintage.2021-2035 Bldg Code.Heating (Cold),Service,SK,Residential,Heating (Cold),Electric - Standard Efficiency,fcc,,,,constant_tech,$,3822.860919,3822.860919,3822.860919,3822.860919,3822.860919,3822.860919,3822.860919,3822.860919,3822.860919,3822.860919,3822.860919,
CIMS.CAN.SK.Residential.Dwellings.Building Type.High Density.Vintage.2021-2035 Bldg Code.Heating (Cold),Service,SK,Residential,Heating (Cold),Electric - Standard Efficiency,service_request,,,CIMS.CAN.SK.Electricity,annual_tech,GJ,1,1,1,1,1,1,1,1,1,1,1,
CIMS.CAN.SK.Residential.Dwellings.Building Type.High Density.Vintage.2021-2035 Bldg Code.Heating (Cold),Service,SK,Residential,Heating (Cold),Electric - ASHP / NG - backup,technology,,,,,,,,,,,,,,,,,
CIMS.CAN.SK.Residential.Dwellings.Building Type.High Density.Vintage.2021-2035 Bldg Code.Heating (Cold),Service,SK,Residential,Heating (Cold),Electric - ASHP / NG - backup,available,,,,constant_tech,Year,2000,2000,2000,2000,2000,2000,2000,2000,2000,2000,2000,
CIMS.CAN.SK.Residential.Dwellings.Building Type.High Density.Vintage.2021-2035 Bldg Code.Heating (Cold),Service,SK,Residential,Heating (Cold),Electric - ASHP / NG - backup,unavailable,,,,constant_tech,Year,2101,2101,2101,2101,2101,2101,2101,2101,2101,2101,2101,
CIMS.CAN.SK.Residential.Dwellings.Building Type.High Density.Vintage.2021-2035 Bldg Code.Heating (Cold),Service,SK,Residential,Heating (Cold),Electric - ASHP / NG - backup,lifetime,,,,constant_tech,Years,15.5,15.5,15.5,15.5,15.5,15.5,15.5,15.5,15.5,15.5,15.5,
CIMS.CAN.SK.Residential.Dwellings.Building Type.High Density.Vintage.2021-2035 Bldg Code.Heating (Cold),Service,SK,Residential,Heating (Cold),Electric - ASHP / NG - backup,market_share_total,,,,annual_tech,%,0,,,,,,,,,,,
CIMS.CAN.SK.Residential.Dwellings.Building Type.High Density.Vintage.2021-2035 Bldg Code.Heating (Cold),Service,SK,Residential,Heating (Cold),Electric - ASHP / NG - backup,output,,,,constant_tech,node unit,31.399776,31.399776,31.399776,31.399776,31.399776,31.399776,31.399776,31.399776,31.399776,31.399776,31.399776,
CIMS.CAN.SK.Residential.Dwellings.Building Type.High Density.Vintage.2021-2035 Bldg Code.Heating (Cold),Service,SK,Residential,Heating (Cold),Electric - ASHP / NG - backup,fcc,,,,constant_tech,$,9647.874856,9647.874856,9647.874856,9647.874856,9647.874856,9647.874856,9647.874856,9647.874856,9647.874856,9647.874856,9647.874856,
CIMS.CAN.SK.Residential.Dwellings.Building Type.High Density.Vintage.2021-2035 Bldg Code.Heating (Cold),Service,SK,Residential,Heating (Cold),Electric - ASHP / NG - backup,fom,,,,constant_tech,$,269.0393118,269.0393118,269.0393118,269.0393118,269.0393118,269.0393118,269.0393118,269.0393118,269.0393118,269.0393118,269.0393118,
CIMS.CAN.SK.Residential.Dwellings.Building Type.High Density.Vintage.2021-2035 Bldg Code.Heating (Cold),Service,SK,Residential,Heating (Cold),Electric - ASHP / NG - backup,service_request,,,CIMS.CAN.SK.Electricity,annual_tech,GJ,0.72747607755,0.72747607755,0.72747607755,0.72747607755,0.72747607755,0.72747607755,0.72747607755,0.72747607755,0.72747607755,0.72747607755,0.72747607755,
CIMS.CAN.SK.Residential.Dwellings.Building Type.High Density.Vintage.2021-2035 Bldg Code.Heating (Cold),Service,SK,Residential,Heating (Cold),Electric - ASHP / NG - backup,service_request,,,CIMS.CAN.SK.Residential.Methane Blend,annual_tech,GJ,0.0583333333275,0.0583333333275,0.0583333333275,0.0583333333275,0.0583333333275,0.0583333333275,0.0583333333275,0.0583333333275,0.0583333333275,0.0583333333275,0.0583333333275,
CIMS.CAN.SK.Residential.Dwellings.Building Type.High Density.Vintage.2021-2035 Bldg Code.Heating (Cold),Service,SK,Residential,Heating (Cold),Electric - ASHP / NG - backup,service_request,,,CIMS.CAN.SK.Residential.Dwellings.Building Type.High Density.Cooling,annual_tech,GJ of cooling,-0.004568364,-0.004568364,-0.004568364,-0.004568364,-0.004568364,-0.004568364,-0.004568364,-0.004568364,-0.004568364,-0.004568364,-0.004568364,
CIMS.CAN.SK.Residential.Dwellings.Building Type.High Density.Vintage.2021-2035 Bldg Code.Heating (Cold),Service,SK,Residential,Heating (Cold),Electric - ASHP / Electric - backup,technology,,,,,,,,,,,,,,,,,
CIMS.CAN.SK.Residential.Dwellings.Building Type.High Density.Vintage.2021-2035 Bldg Code.Heating (Cold),Service,SK,Residential,Heating (Cold),Electric - ASHP / Electric - backup,available,,,,constant_tech,Year,2000,2000,2000,2000,2000,2000,2000,2000,2000,2000,2000,
CIMS.CAN.SK.Residential.Dwellings.Building Type.High Density.Vintage.2021-2035 Bldg Code.Heating (Cold),Service,SK,Residential,Heating (Cold),Electric - ASHP / Electric - backup,unavailable,,,,constant_tech,Year,2101,2101,2101,2101,2101,2101,2101,2101,2101,2101,2101,
CIMS.CAN.SK.Residential.Dwellings.Building Type.High Density.Vintage.2021-2035 Bldg Code.Heating (Cold),Service,SK,Residential,Heating (Cold),Electric - ASHP / Electric - backup,lifetime,,,,constant_tech,Years,15.5,15.5,15.5,15.5,15.5,15.5,15.5,15.5,15.5,15.5,15.5,
CIMS.CAN.SK.Residential.Dwellings.Building Type.High Density.Vintage.2021-2035 Bldg Code.Heating (Cold),Service,SK,Residential,Heating (Cold),Electric - ASHP / Electric - backup,market_share_total,,,,annual_tech,%,0,,,,,,,,,,,
CIMS.CAN.SK.Residential.Dwellings.Building Type.High Density.Vintage.2021-2035 Bldg Code.Heating (Cold),Service,SK,Residential,Heating (Cold),Electric - ASHP / Electric - backup,output,,,,constant_tech,node unit,31.399776,31.399776,31.399776,31.399776,31.399776,31.399776,31.399776,31.399776,31.399776,31.399776,31.399776,
CIMS.CAN.SK.Residential.Dwellings.Building Type.High Density.Vintage.2021-2035 Bldg Code.Heating (Cold),Service,SK,Residential,Heating (Cold),Electric - ASHP / Electric - backup,fcc,,,,constant_tech,$,9373.830161,9373.830161,9373.830161,9373.830161,9373.830161,9373.830161,9373.830161,9373.830161,9373.830161,9373.830161,9373.830161,
CIMS.CAN.SK.Residential.Dwellings.Building Type.High Density.Vintage.2021-2035 Bldg Code.Heating (Cold),Service,SK,Residential,Heating (Cold),Electric - ASHP / Electric - backup,fom,,,,constant_tech,$,106.3643791,106.3643791,106.3643791,106.3643791,106.3643791,106.3643791,106.3643791,106.3643791,106.3643791,106.3643791,106.3643791,
CIMS.CAN.SK.Residential.Dwellings.Building Type.High Density.Vintage.2021-2035 Bldg Code.Heating (Cold),Service,SK,Residential,Heating (Cold),Electric - ASHP / Electric - backup,service_request,,,CIMS.CAN.SK.Electricity,annual_tech,GJ,0.77747607755,0.77747607755,0.77747607755,0.77747607755,0.77747607755,0.77747607755,0.77747607755,0.77747607755,0.77747607755,0.77747607755,0.77747607755,
CIMS.CAN.SK.Residential.Dwellings.Building Type.High Density.Vintage.2021-2035 Bldg Code.Heating (Cold),Service,SK,Residential,Heating (Cold),Electric - ASHP / Electric - backup,service_request,,,CIMS.CAN.SK.Residential.Dwellings.Building Type.High Density.Cooling,annual_tech,GJ of cooling,-0.004568364,-0.004568364,-0.004568364,-0.004568364,-0.004568364,-0.004568364,-0.004568364,-0.004568364,-0.004568364,-0.004568364,-0.004568364,
CIMS.CAN.SK.Residential.Dwellings.Building Type.High Density.Vintage.2021-2035 Bldg Code.Heating (Cold),Service,SK,Residential,Heating (Cold),Electric - GSHP,technology,,,,,,,,,,,,,,,,,
CIMS.CAN.SK.Residential.Dwellings.Building Type.High Density.Vintage.2021-2035 Bldg Code.Heating (Cold),Service,SK,Residential,Heating (Cold),Electric - GSHP,available,,,,constant_tech,Year,2000,2000,2000,2000,2000,2000,2000,2000,2000,2000,2000,
CIMS.CAN.SK.Residential.Dwellings.Building Type.High Density.Vintage.2021-2035 Bldg Code.Heating (Cold),Service,SK,Residential,Heating (Cold),Electric - GSHP,unavailable,,,,constant_tech,Year,2101,2101,2101,2101,2101,2101,2101,2101,2101,2101,2101,
CIMS.CAN.SK.Residential.Dwellings.Building Type.High Density.Vintage.2021-2035 Bldg Code.Heating (Cold),Service,SK,Residential,Heating (Cold),Electric - GSHP,lifetime,,,,constant_tech,Years,20,20,20,20,20,20,20,20,20,20,20,
CIMS.CAN.SK.Residential.Dwellings.Building Type.High Density.Vintage.2021-2035 Bldg Code.Heating (Cold),Service,SK,Residential,Heating (Cold),Electric - GSHP,market_share_total,,,,annual_tech,%,0,,,,,,,,,,,
CIMS.CAN.SK.Residential.Dwellings.Building Type.High Density.Vintage.2021-2035 Bldg Code.Heating (Cold),Service,SK,Residential,Heating (Cold),Electric - GSHP,output,,,,constant_tech,node unit,31.399776,31.399776,31.399776,31.399776,31.399776,31.399776,31.399776,31.399776,31.399776,31.399776,31.399776,
CIMS.CAN.SK.Residential.Dwellings.Building Type.High Density.Vintage.2021-2035 Bldg Code.Heating (Cold),Service,SK,Residential,Heating (Cold),Electric - GSHP,fcc,,,,constant_tech,$,23775.56709,23775.56709,23775.56709,23775.56709,23775.56709,23775.56709,23775.56709,23775.56709,23775.56709,23775.56709,23775.56709,
CIMS.CAN.SK.Residential.Dwellings.Building Type.High Density.Vintage.2021-2035 Bldg Code.Heating (Cold),Service,SK,Residential,Heating (Cold),Electric - GSHP,fom,,,,constant_tech,$,112.6211073,112.6211073,112.6211073,112.6211073,112.6211073,112.6211073,112.6211073,112.6211073,112.6211073,112.6211073,112.6211073,
CIMS.CAN.SK.Residential.Dwellings.Building Type.High Density.Vintage.2021-2035 Bldg Code.Heating (Cold),Service,SK,Residential,Heating (Cold),Electric - GSHP,service_request,,,CIMS.CAN.SK.Electricity,annual_tech,GJ,0.486428472,0.486428472,0.486428472,0.486428472,0.486428472,0.486428472,0.486428472,0.486428472,0.486428472,0.486428472,0.486428472,
CIMS.CAN.SK.Residential.Dwellings.Building Type.High Density.Vintage.2021-2035 Bldg Code.Heating (Cold),Service,SK,Residential,Heating (Cold),Electric - GSHP,service_request,,,CIMS.CAN.SK.Residential.Dwellings.Building Type.High Density.Cooling,annual_tech,GJ of cooling,-0.004568364,-0.004568364,-0.004568364,-0.004568364,-0.004568364,-0.004568364,-0.004568364,-0.004568364,-0.004568364,-0.004568364,-0.004568364,
CIMS.CAN.SK.Residential.Dwellings.Building Type.High Density.Vintage.2021-2035 Bldg Code.Heating (Cold),Service,SK,Residential,Heating (Cold),Heating Oil - Standard Efficiency,technology,,,,,,,,,,,,,,,,,
CIMS.CAN.SK.Residential.Dwellings.Building Type.High Density.Vintage.2021-2035 Bldg Code.Heating (Cold),Service,SK,Residential,Heating (Cold),Heating Oil - Standard Efficiency,available,,,,constant_tech,Year,1950,1950,1950,1950,1950,1950,1950,1950,1950,1950,1950,
CIMS.CAN.SK.Residential.Dwellings.Building Type.High Density.Vintage.2021-2035 Bldg Code.Heating (Cold),Service,SK,Residential,Heating (Cold),Heating Oil - Standard Efficiency,unavailable,,,,constant_tech,Year,2021,2021,2021,2021,2021,2021,2021,2021,2021,2021,2021,
CIMS.CAN.SK.Residential.Dwellings.Building Type.High Density.Vintage.2021-2035 Bldg Code.Heating (Cold),Service,SK,Residential,Heating (Cold),Heating Oil - Standard Efficiency,lifetime,,,,constant_tech,Years,23,23,23,23,23,23,23,23,23,23,23,
CIMS.CAN.SK.Residential.Dwellings.Building Type.High Density.Vintage.2021-2035 Bldg Code.Heating (Cold),Service,SK,Residential,Heating (Cold),Heating Oil - Standard Efficiency,market_share_total,,,,annual_tech,%,0,,,,,,,,,,,
CIMS.CAN.SK.Residential.Dwellings.Building Type.High Density.Vintage.2021-2035 Bldg Code.Heating (Cold),Service,SK,Residential,Heating (Cold),Heating Oil - Standard Efficiency,output,,,,constant_tech,node unit,31.399776,31.399776,31.399776,31.399776,31.399776,31.399776,31.399776,31.399776,31.399776,31.399776,31.399776,
CIMS.CAN.SK.Residential.Dwellings.Building Type.High Density.Vintage.2021-2035 Bldg Code.Heating (Cold),Service,SK,Residential,Heating (Cold),Heating Oil - Standard Efficiency,fcc,,,,constant_tech,$,6444.430027,6444.430027,6444.430027,6444.430027,6444.430027,6444.430027,6444.430027,6444.430027,6444.430027,6444.430027,6444.430027,
CIMS.CAN.SK.Residential.Dwellings.Building Type.High Density.Vintage.2021-2035 Bldg Code.Heating (Cold),Service,SK,Residential,Heating (Cold),Heating Oil - Standard Efficiency,fom,,,,constant_tech,$,100.1076509,100.1076509,100.1076509,100.1076509,100.1076509,100.1076509,100.1076509,100.1076509,100.1076509,100.1076509,100.1076509,
CIMS.CAN.SK.Residential.Dwellings.Building Type.High Density.Vintage.2021-2035 Bldg Code.Heating (Cold),Service,SK,Residential,Heating (Cold),Heating Oil - Standard Efficiency,service_request,,,CIMS.Generic Fuels.Fuel Oil,annual_tech,GJ,1.282051282,1.282051282,1.282051282,1.282051282,1.282051282,1.282051282,1.282051282,1.282051282,1.282051282,1.282051282,1.282051282,
CIMS.CAN.SK.Residential.Dwellings.Building Type.High Density.Vintage.2021-2035 Bldg Code.Heating (Cold),Service,SK,Residential,Heating (Cold),Heating Oil - High Efficiency,technology,,,,,,,,,,,,,,,,,
CIMS.CAN.SK.Residential.Dwellings.Building Type.High Density.Vintage.2021-2035 Bldg Code.Heating (Cold),Service,SK,Residential,Heating (Cold),Heating Oil - High Efficiency,available,,,,constant_tech,Year,2000,2000,2000,2000,2000,2000,2000,2000,2000,2000,2000,
CIMS.CAN.SK.Residential.Dwellings.Building Type.High Density.Vintage.2021-2035 Bldg Code.Heating (Cold),Service,SK,Residential,Heating (Cold),Heating Oil - High Efficiency,unavailable,,,,constant_tech,Year,2101,2101,2101,2101,2101,2101,2101,2101,2101,2101,2101,
CIMS.CAN.SK.Residential.Dwellings.Building Type.High Density.Vintage.2021-2035 Bldg Code.Heating (Cold),Service,SK,Residential,Heating (Cold),Heating Oil - High Efficiency,lifetime,,,,constant_tech,Years,23,23,23,23,23,23,23,23,23,23,23,
CIMS.CAN.SK.Residential.Dwellings.Building Type.High Density.Vintage.2021-2035 Bldg Code.Heating (Cold),Service,SK,Residential,Heating (Cold),Heating Oil - High Efficiency,market_share_total,,,,annual_tech,%,0,,,,,,,,,,,
CIMS.CAN.SK.Residential.Dwellings.Building Type.High Density.Vintage.2021-2035 Bldg Code.Heating (Cold),Service,SK,Residential,Heating (Cold),Heating Oil - High Efficiency,output,,,,constant_tech,node unit,31.399776,31.399776,31.399776,31.399776,31.399776,31.399776,31.399776,31.399776,31.399776,31.399776,31.399776,
CIMS.CAN.SK.Residential.Dwellings.Building Type.High Density.Vintage.2021-2035 Bldg Code.Heating (Cold),Service,SK,Residential,Heating (Cold),Heating Oil - High Efficiency,fcc,,,,constant_tech,$,9541.510477,9541.510477,9541.510477,9541.510477,9541.510477,9541.510477,9541.510477,9541.510477,9541.510477,9541.510477,9541.510477,
CIMS.CAN.SK.Residential.Dwellings.Building Type.High Density.Vintage.2021-2035 Bldg Code.Heating (Cold),Service,SK,Residential,Heating (Cold),Heating Oil - High Efficiency,fom,,,,constant_tech,$,100.1076509,100.1076509,100.1076509,100.1076509,100.1076509,100.1076509,100.1076509,100.1076509,100.1076509,100.1076509,100.1076509,
CIMS.CAN.SK.Residential.Dwellings.Building Type.High Density.Vintage.2021-2035 Bldg Code.Heating (Cold),Service,SK,Residential,Heating (Cold),Heating Oil - High Efficiency,service_request,,,CIMS.Generic Fuels.Fuel Oil,annual_tech,GJ,1.162790698,1.162790698,1.162790698,1.162790698,1.162790698,1.162790698,1.162790698,1.162790698,1.162790698,1.162790698,1.162790698,
CIMS.CAN.SK.Residential.Dwellings.Building Type.High Density.Vintage.2021-2035 Bldg Code.Heating (Cold),Service,SK,Residential,Heating (Cold),Wood,technology,,,,,,,,,,,,,,,,,
CIMS.CAN.SK.Residential.Dwellings.Building Type.High Density.Vintage.2021-2035 Bldg Code.Heating (Cold),Service,SK,Residential,Heating (Cold),Wood,available,,,,constant_tech,Year,1950,1950,1950,1950,1950,1950,1950,1950,1950,1950,1950,
CIMS.CAN.SK.Residential.Dwellings.Building Type.High Density.Vintage.2021-2035 Bldg Code.Heating (Cold),Service,SK,Residential,Heating (Cold),Wood,unavailable,,,,constant_tech,Year,2101,2101,2101,2101,2101,2101,2101,2101,2101,2101,2101,
CIMS.CAN.SK.Residential.Dwellings.Building Type.High Density.Vintage.2021-2035 Bldg Code.Heating (Cold),Service,SK,Residential,Heating (Cold),Wood,lifetime,,,,constant_tech,Years,18.5,18.5,18.5,18.5,18.5,18.5,18.5,18.5,18.5,18.5,18.5,
CIMS.CAN.SK.Residential.Dwellings.Building Type.High Density.Vintage.2021-2035 Bldg Code.Heating (Cold),Service,SK,Residential,Heating (Cold),Wood,market_share_total,,,,annual_tech,%,0,,,,,,,,,,,
CIMS.CAN.SK.Residential.Dwellings.Building Type.High Density.Vintage.2021-2035 Bldg Code.Heating (Cold),Service,SK,Residential,Heating (Cold),Wood,output,,,,constant_tech,node unit,31.399776,31.399776,31.399776,31.399776,31.399776,31.399776,31.399776,31.399776,31.399776,31.399776,31.399776,
CIMS.CAN.SK.Residential.Dwellings.Building Type.High Density.Vintage.2021-2035 Bldg Code.Heating (Cold),Service,SK,Residential,Heating (Cold),Wood,fcc,,,,constant_tech,$,8000.269768,8000.269768,8000.269768,8000.269768,8000.269768,8000.269768,8000.269768,8000.269768,8000.269768,8000.269768,8000.269768,
CIMS.CAN.SK.Residential.Dwellings.Building Type.High Density.Vintage.2021-2035 Bldg Code.Heating (Cold),Service,SK,Residential,Heating (Cold),Wood,fom,,,,constant_tech,$,250.2691273,250.2691273,250.2691273,250.2691273,250.2691273,250.2691273,250.2691273,250.2691273,250.2691273,250.2691273,250.2691273,
CIMS.CAN.SK.Residential.Dwellings.Building Type.High Density.Vintage.2021-2035 Bldg Code.Heating (Cold),Service,SK,Residential,Heating (Cold),Wood,service_request,,,CIMS.Generic Fuels.Solid Biomass,annual_tech,GJ,2,2,2,2,2,2,2,2,2,2,2,
CIMS.CAN.SK.Residential.Dwellings.Building Type.High Density.Vintage.>2035 Bldg Code,Service,SK,Residential,>2035 Bldg Code,,service_provide,,,,constant_tech,m2,,,,,,,,,,,,
CIMS.CAN.SK.Residential.Dwellings.Building Type.High Density.Vintage.>2035 Bldg Code,Service,SK,Residential,>2035 Bldg Code,,competition,Tech Compete,,,,,,,,,,,,,,,,
CIMS.CAN.SK.Residential.Dwellings.Building Type.High Density.Vintage.>2035 Bldg Code,Service,SK,Residential,>2035 Bldg Code,,discount_rate_financial,,,,constant_tech,%,0.25,0.25,0.25,0.25,0.25,0.25,0.25,0.25,0.25,0.25,0.25,
CIMS.CAN.SK.Residential.Dwellings.Building Type.High Density.Vintage.>2035 Bldg Code,Service,SK,Residential,>2035 Bldg Code,,heterogeneity,,,,constant_tech,,10,10,10,10,10,10,10,10,10,10,10,
CIMS.CAN.SK.Residential.Dwellings.Building Type.High Density.Vintage.>2035 Bldg Code,Service,SK,Residential,>2035 Bldg Code,Reference,technology,,,,,,,,,,,,,,,,,
CIMS.CAN.SK.Residential.Dwellings.Building Type.High Density.Vintage.>2035 Bldg Code,Service,SK,Residential,>2035 Bldg Code,Reference,available,,,,constant_tech,Year,2036,2036,2036,2036,2036,2036,2036,2036,2036,2036,2036,
CIMS.CAN.SK.Residential.Dwellings.Building Type.High Density.Vintage.>2035 Bldg Code,Service,SK,Residential,>2035 Bldg Code,Reference,unavailable,,,,constant_tech,Year,2101,2101,2101,2101,2101,2101,2101,2101,2101,2101,2101,
CIMS.CAN.SK.Residential.Dwellings.Building Type.High Density.Vintage.>2035 Bldg Code,Service,SK,Residential,>2035 Bldg Code,Reference,lifetime,,,,constant_tech,Years,80,80,80,80,80,80,80,80,80,80,80,
CIMS.CAN.SK.Residential.Dwellings.Building Type.High Density.Vintage.>2035 Bldg Code,Service,SK,Residential,>2035 Bldg Code,Reference,market_share_total,,,,annual_tech,%,1,,,,,,,,,,,
CIMS.CAN.SK.Residential.Dwellings.Building Type.High Density.Vintage.>2035 Bldg Code,Service,SK,Residential,>2035 Bldg Code,Reference,service_request,,,CIMS.CAN.SK.Residential.Dwellings.Building Type.High Density.Vintage.>2035 Bldg Code.Heating (Cold),annual_region_tech,GJ,0.10571842715061,0.09827995847227,0.11677741447967,0.08757944982786,0.08981800665021,0.08981800665021,0.08981800665021,0.08981800665021,0.08981800665021,0.08981800665021,0.08981800665021,
CIMS.CAN.SK.Residential.Dwellings.Building Type.High Density.Vintage.>2035 Bldg Code,Service,SK,Residential,>2035 Bldg Code,Retrofit Passive,technology,,,,,,,,,,,,,,,,,
CIMS.CAN.SK.Residential.Dwellings.Building Type.High Density.Vintage.>2035 Bldg Code,Service,SK,Residential,>2035 Bldg Code,Retrofit Passive,available,,,,constant_tech,Year,2036,2036,2036,2036,2036,2036,2036,2036,2036,2036,2036,
CIMS.CAN.SK.Residential.Dwellings.Building Type.High Density.Vintage.>2035 Bldg Code,Service,SK,Residential,>2035 Bldg Code,Retrofit Passive,unavailable,,,,constant_tech,Year,2101,2101,2101,2101,2101,2101,2101,2101,2101,2101,2101,
CIMS.CAN.SK.Residential.Dwellings.Building Type.High Density.Vintage.>2035 Bldg Code,Service,SK,Residential,>2035 Bldg Code,Retrofit Passive,lifetime,,,,constant_tech,Years,80,80,80,80,80,80,80,80,80,80,80,
CIMS.CAN.SK.Residential.Dwellings.Building Type.High Density.Vintage.>2035 Bldg Code,Service,SK,Residential,>2035 Bldg Code,Retrofit Passive,market_share_total,,,,annual_tech,%,0,,,,,,,,,,,
CIMS.CAN.SK.Residential.Dwellings.Building Type.High Density.Vintage.>2035 Bldg Code,Service,SK,Residential,>2035 Bldg Code,Retrofit Passive,fcc,,,,constant_tech,$,3130,3130,3130,3130,3130,3130,3130,3130,3130,3130,3130,
CIMS.CAN.SK.Residential.Dwellings.Building Type.High Density.Vintage.>2035 Bldg Code,Service,SK,Residential,>2035 Bldg Code,Retrofit Passive,market_share_new_max,,,,constant_tech,%,0,0,0,0,0,0,0,0,0,0,0,
CIMS.CAN.SK.Residential.Dwellings.Building Type.High Density.Vintage.>2035 Bldg Code.Heating (Cold),Service,SK,Residential,Heating (Cold),,service_provide,,,,constant_tech,GJ of heat,,,,,,,,,,,,
CIMS.CAN.SK.Residential.Dwellings.Building Type.High Density.Vintage.>2035 Bldg Code.Heating (Cold),Service,SK,Residential,Heating (Cold),,competition,Tech Compete,,,,,,,,,,,,,,,,
CIMS.CAN.SK.Residential.Dwellings.Building Type.High Density.Vintage.>2035 Bldg Code.Heating (Cold),Service,SK,Residential,Heating (Cold),,discount_rate_financial,,,,constant_tech,%,0.25,0.25,0.25,0.25,0.25,0.25,0.25,0.25,0.25,0.25,0.25,
CIMS.CAN.SK.Residential.Dwellings.Building Type.High Density.Vintage.>2035 Bldg Code.Heating (Cold),Service,SK,Residential,Heating (Cold),,inheritance,intercept_retirement,,,constant_tech,,FALSE,FALSE,FALSE,FALSE,FALSE,FALSE,FALSE,FALSE,FALSE,FALSE,FALSE,
CIMS.CAN.SK.Residential.Dwellings.Building Type.High Density.Vintage.>2035 Bldg Code.Heating (Cold),Service,SK,Residential,Heating (Cold),,heterogeneity,,,,constant_tech,,10,10,10,10,10,10,10,10,10,10,10,
CIMS.CAN.SK.Residential.Dwellings.Building Type.High Density.Vintage.>2035 Bldg Code.Heating (Cold),Service,SK,Residential,Heating (Cold),NG - Standard Efficiency,technology,,,,,,,,,,,,,,,,,
CIMS.CAN.SK.Residential.Dwellings.Building Type.High Density.Vintage.>2035 Bldg Code.Heating (Cold),Service,SK,Residential,Heating (Cold),NG - Standard Efficiency,available,,,,constant_tech,Year,1990,1990,1990,1990,1990,1990,1990,1990,1990,1990,1990,
CIMS.CAN.SK.Residential.Dwellings.Building Type.High Density.Vintage.>2035 Bldg Code.Heating (Cold),Service,SK,Residential,Heating (Cold),NG - Standard Efficiency,unavailable,,,,constant_tech,Year,2101,2101,2101,2101,2101,2101,2101,2101,2101,2101,2101,
CIMS.CAN.SK.Residential.Dwellings.Building Type.High Density.Vintage.>2035 Bldg Code.Heating (Cold),Service,SK,Residential,Heating (Cold),NG - Standard Efficiency,lifetime,,,,constant_tech,Years,19,19,19,19,19,19,19,19,19,19,19,
CIMS.CAN.SK.Residential.Dwellings.Building Type.High Density.Vintage.>2035 Bldg Code.Heating (Cold),Service,SK,Residential,Heating (Cold),NG - Standard Efficiency,market_share_total,,,,annual_tech,%,1,,,,,,,,,,,
CIMS.CAN.SK.Residential.Dwellings.Building Type.High Density.Vintage.>2035 Bldg Code.Heating (Cold),Service,SK,Residential,Heating (Cold),NG - Standard Efficiency,output,,,,constant_tech,node unit,31.399776,31.399776,31.399776,31.399776,31.399776,31.399776,31.399776,31.399776,31.399776,31.399776,31.399776,
CIMS.CAN.SK.Residential.Dwellings.Building Type.High Density.Vintage.>2035 Bldg Code.Heating (Cold),Service,SK,Residential,Heating (Cold),NG - Standard Efficiency,fcc,,,,constant_tech,$,5005.382545,5005.382545,5005.382545,5005.382545,5005.382545,5005.382545,5005.382545,5005.382545,5005.382545,5005.382545,5005.382545,
CIMS.CAN.SK.Residential.Dwellings.Building Type.High Density.Vintage.>2035 Bldg Code.Heating (Cold),Service,SK,Residential,Heating (Cold),NG - Standard Efficiency,fom,,,,constant_tech,$,162.6749327,162.6749327,162.6749327,162.6749327,162.6749327,162.6749327,162.6749327,162.6749327,162.6749327,162.6749327,162.6749327,
CIMS.CAN.SK.Residential.Dwellings.Building Type.High Density.Vintage.>2035 Bldg Code.Heating (Cold),Service,SK,Residential,Heating (Cold),NG - Standard Efficiency,service_request,,,CIMS.CAN.SK.Residential.Methane Blend,annual_tech,GJ,1.32911392425,1.32911392425,1.32911392425,1.32911392425,1.32911392425,1.32911392425,1.32911392425,1.32911392425,1.32911392425,1.32911392425,1.32911392425,
CIMS.CAN.SK.Residential.Dwellings.Building Type.High Density.Vintage.>2035 Bldg Code.Heating (Cold),Service,SK,Residential,Heating (Cold),NG - High Efficiency,technology,,,,,,,,,,,,,,,,,
CIMS.CAN.SK.Residential.Dwellings.Building Type.High Density.Vintage.>2035 Bldg Code.Heating (Cold),Service,SK,Residential,Heating (Cold),NG - High Efficiency,available,,,,constant_tech,Year,2000,2000,2000,2000,2000,2000,2000,2000,2000,2000,2000,
CIMS.CAN.SK.Residential.Dwellings.Building Type.High Density.Vintage.>2035 Bldg Code.Heating (Cold),Service,SK,Residential,Heating (Cold),NG - High Efficiency,unavailable,,,,constant_tech,Year,2101,2101,2101,2101,2101,2101,2101,2101,2101,2101,2101,
CIMS.CAN.SK.Residential.Dwellings.Building Type.High Density.Vintage.>2035 Bldg Code.Heating (Cold),Service,SK,Residential,Heating (Cold),NG - High Efficiency,lifetime,,,,constant_tech,Years,19,19,19,19,19,19,19,19,19,19,19,
CIMS.CAN.SK.Residential.Dwellings.Building Type.High Density.Vintage.>2035 Bldg Code.Heating (Cold),Service,SK,Residential,Heating (Cold),NG - High Efficiency,market_share_total,,,,annual_tech,%,0,,,,,,,,,,,
CIMS.CAN.SK.Residential.Dwellings.Building Type.High Density.Vintage.>2035 Bldg Code.Heating (Cold),Service,SK,Residential,Heating (Cold),NG - High Efficiency,output,,,,constant_tech,node unit,31.399776,31.399776,31.399776,31.399776,31.399776,31.399776,31.399776,31.399776,31.399776,31.399776,31.399776,
CIMS.CAN.SK.Residential.Dwellings.Building Type.High Density.Vintage.>2035 Bldg Code.Heating (Cold),Service,SK,Residential,Heating (Cold),NG - High Efficiency,fcc,,,,constant_tech,$,6231.7012692,6231.7012692,6231.7012692,6231.7012692,6231.7012692,6231.7012692,6231.7012692,6231.7012692,6231.7012692,6231.7012692,6231.7012692,
CIMS.CAN.SK.Residential.Dwellings.Building Type.High Density.Vintage.>2035 Bldg Code.Heating (Cold),Service,SK,Residential,Heating (Cold),NG - High Efficiency,fom,,,,constant_tech,$,162.6749327,162.6749327,162.6749327,162.6749327,162.6749327,162.6749327,162.6749327,162.6749327,162.6749327,162.6749327,162.6749327,
CIMS.CAN.SK.Residential.Dwellings.Building Type.High Density.Vintage.>2035 Bldg Code.Heating (Cold),Service,SK,Residential,Heating (Cold),NG - High Efficiency,service_request,,,CIMS.CAN.SK.Residential.Methane Blend,annual_tech,GJ,1.16666666655,1.16666666655,1.16666666655,1.16666666655,1.16666666655,1.16666666655,1.16666666655,1.16666666655,1.16666666655,1.16666666655,1.16666666655,
CIMS.CAN.SK.Residential.Dwellings.Building Type.High Density.Vintage.>2035 Bldg Code.Heating (Cold),Service,SK,Residential,Heating (Cold),NG - ASHP / NG - backup,technology,,,,,,,,,,,,,,,,,
CIMS.CAN.SK.Residential.Dwellings.Building Type.High Density.Vintage.>2035 Bldg Code.Heating (Cold),Service,SK,Residential,Heating (Cold),NG - ASHP / NG - backup,available,,,,constant_tech,Year,2000,2000,2000,2000,2000,2000,2000,2000,2000,2000,2000,
CIMS.CAN.SK.Residential.Dwellings.Building Type.High Density.Vintage.>2035 Bldg Code.Heating (Cold),Service,SK,Residential,Heating (Cold),NG - ASHP / NG - backup,unavailable,,,,constant_tech,Year,2101,2101,2101,2101,2101,2101,2101,2101,2101,2101,2101,
CIMS.CAN.SK.Residential.Dwellings.Building Type.High Density.Vintage.>2035 Bldg Code.Heating (Cold),Service,SK,Residential,Heating (Cold),NG - ASHP / NG - backup,lifetime,,,,constant_tech,Years,15,15,15,15,15,15,15,15,15,15,15,
CIMS.CAN.SK.Residential.Dwellings.Building Type.High Density.Vintage.>2035 Bldg Code.Heating (Cold),Service,SK,Residential,Heating (Cold),NG - ASHP / NG - backup,market_share_total,,,,annual_tech,%,0,,,,,,,,,,,
CIMS.CAN.SK.Residential.Dwellings.Building Type.High Density.Vintage.>2035 Bldg Code.Heating (Cold),Service,SK,Residential,Heating (Cold),NG - ASHP / NG - backup,output,,,,constant_tech,node unit,31.399776,31.399776,31.399776,31.399776,31.399776,31.399776,31.399776,31.399776,31.399776,31.399776,31.399776,
CIMS.CAN.SK.Residential.Dwellings.Building Type.High Density.Vintage.>2035 Bldg Code.Heating (Cold),Service,SK,Residential,Heating (Cold),NG - ASHP / NG - backup,fcc,,,,constant_tech,$,20015.27345,20015.27345,20015.27345,20015.27345,20015.27345,20015.27345,20015.27345,20015.27345,20015.27345,20015.27345,20015.27345,
CIMS.CAN.SK.Residential.Dwellings.Building Type.High Density.Vintage.>2035 Bldg Code.Heating (Cold),Service,SK,Residential,Heating (Cold),NG - ASHP / NG - backup,fom,,,,constant_tech,$,250.2691273,250.2691273,250.2691273,250.2691273,250.2691273,250.2691273,250.2691273,250.2691273,250.2691273,250.2691273,250.2691273,
CIMS.CAN.SK.Residential.Dwellings.Building Type.High Density.Vintage.>2035 Bldg Code.Heating (Cold),Service,SK,Residential,Heating (Cold),NG - ASHP / NG - backup,service_request,,,CIMS.CAN.SK.Residential.Methane Blend,annual_tech,GJ,2.1593627892625,2.1593627892625,2.1593627892625,2.1593627892625,2.1593627892625,2.1593627892625,2.1593627892625,2.1593627892625,2.1593627892625,2.1593627892625,2.1593627892625,
CIMS.CAN.SK.Residential.Dwellings.Building Type.High Density.Vintage.>2035 Bldg Code.Heating (Cold),Service,SK,Residential,Heating (Cold),NG - ASHP / NG - backup,service_request,,,CIMS.CAN.SK.Residential.Dwellings.Building Type.High Density.Cooling,annual_tech,GJ of cooling,-0.004568364,-0.004568364,-0.004568364,-0.004568364,-0.004568364,-0.004568364,-0.004568364,-0.004568364,-0.004568364,-0.004568364,-0.004568364,
CIMS.CAN.SK.Residential.Dwellings.Building Type.High Density.Vintage.>2035 Bldg Code.Heating (Cold),Service,SK,Residential,Heating (Cold),Electric - Standard Efficiency,technology,,,,,,,,,,,,,,,,,
CIMS.CAN.SK.Residential.Dwellings.Building Type.High Density.Vintage.>2035 Bldg Code.Heating (Cold),Service,SK,Residential,Heating (Cold),Electric - Standard Efficiency,available,,,,constant_tech,Year,1950,1950,1950,1950,1950,1950,1950,1950,1950,1950,1950,
CIMS.CAN.SK.Residential.Dwellings.Building Type.High Density.Vintage.>2035 Bldg Code.Heating (Cold),Service,SK,Residential,Heating (Cold),Electric - Standard Efficiency,unavailable,,,,constant_tech,Year,2101,2101,2101,2101,2101,2101,2101,2101,2101,2101,2101,
CIMS.CAN.SK.Residential.Dwellings.Building Type.High Density.Vintage.>2035 Bldg Code.Heating (Cold),Service,SK,Residential,Heating (Cold),Electric - Standard Efficiency,lifetime,,,,constant_tech,Years,22.5,22.5,22.5,22.5,22.5,22.5,22.5,22.5,22.5,22.5,22.5,
CIMS.CAN.SK.Residential.Dwellings.Building Type.High Density.Vintage.>2035 Bldg Code.Heating (Cold),Service,SK,Residential,Heating (Cold),Electric - Standard Efficiency,market_share_total,,,,annual_tech,%,0,,,,,,,,,,,
CIMS.CAN.SK.Residential.Dwellings.Building Type.High Density.Vintage.>2035 Bldg Code.Heating (Cold),Service,SK,Residential,Heating (Cold),Electric - Standard Efficiency,output,,,,constant_tech,node unit,31.399776,31.399776,31.399776,31.399776,31.399776,31.399776,31.399776,31.399776,31.399776,31.399776,31.399776,
CIMS.CAN.SK.Residential.Dwellings.Building Type.High Density.Vintage.>2035 Bldg Code.Heating (Cold),Service,SK,Residential,Heating (Cold),Electric - Standard Efficiency,fcc,,,,constant_tech,$,3822.860919,3822.860919,3822.860919,3822.860919,3822.860919,3822.860919,3822.860919,3822.860919,3822.860919,3822.860919,3822.860919,
CIMS.CAN.SK.Residential.Dwellings.Building Type.High Density.Vintage.>2035 Bldg Code.Heating (Cold),Service,SK,Residential,Heating (Cold),Electric - Standard Efficiency,service_request,,,CIMS.CAN.SK.Electricity,annual_tech,GJ,1,1,1,1,1,1,1,1,1,1,1,
CIMS.CAN.SK.Residential.Dwellings.Building Type.High Density.Vintage.>2035 Bldg Code.Heating (Cold),Service,SK,Residential,Heating (Cold),Electric - ASHP / NG - backup,technology,,,,,,,,,,,,,,,,,
CIMS.CAN.SK.Residential.Dwellings.Building Type.High Density.Vintage.>2035 Bldg Code.Heating (Cold),Service,SK,Residential,Heating (Cold),Electric - ASHP / NG - backup,available,,,,constant_tech,Year,2000,2000,2000,2000,2000,2000,2000,2000,2000,2000,2000,
CIMS.CAN.SK.Residential.Dwellings.Building Type.High Density.Vintage.>2035 Bldg Code.Heating (Cold),Service,SK,Residential,Heating (Cold),Electric - ASHP / NG - backup,unavailable,,,,constant_tech,Year,2101,2101,2101,2101,2101,2101,2101,2101,2101,2101,2101,
CIMS.CAN.SK.Residential.Dwellings.Building Type.High Density.Vintage.>2035 Bldg Code.Heating (Cold),Service,SK,Residential,Heating (Cold),Electric - ASHP / NG - backup,lifetime,,,,constant_tech,Years,15.5,15.5,15.5,15.5,15.5,15.5,15.5,15.5,15.5,15.5,15.5,
CIMS.CAN.SK.Residential.Dwellings.Building Type.High Density.Vintage.>2035 Bldg Code.Heating (Cold),Service,SK,Residential,Heating (Cold),Electric - ASHP / NG - backup,market_share_total,,,,annual_tech,%,0,,,,,,,,,,,
CIMS.CAN.SK.Residential.Dwellings.Building Type.High Density.Vintage.>2035 Bldg Code.Heating (Cold),Service,SK,Residential,Heating (Cold),Electric - ASHP / NG - backup,output,,,,constant_tech,node unit,31.399776,31.399776,31.399776,31.399776,31.399776,31.399776,31.399776,31.399776,31.399776,31.399776,31.399776,
CIMS.CAN.SK.Residential.Dwellings.Building Type.High Density.Vintage.>2035 Bldg Code.Heating (Cold),Service,SK,Residential,Heating (Cold),Electric - ASHP / NG - backup,fcc,,,,constant_tech,$,9647.874856,9647.874856,9647.874856,9647.874856,9647.874856,9647.874856,9647.874856,9647.874856,9647.874856,9647.874856,9647.874856,
CIMS.CAN.SK.Residential.Dwellings.Building Type.High Density.Vintage.>2035 Bldg Code.Heating (Cold),Service,SK,Residential,Heating (Cold),Electric - ASHP / NG - backup,fom,,,,constant_tech,$,269.0393118,269.0393118,269.0393118,269.0393118,269.0393118,269.0393118,269.0393118,269.0393118,269.0393118,269.0393118,269.0393118,
CIMS.CAN.SK.Residential.Dwellings.Building Type.High Density.Vintage.>2035 Bldg Code.Heating (Cold),Service,SK,Residential,Heating (Cold),Electric - ASHP / NG - backup,service_request,,,CIMS.CAN.SK.Electricity,annual_tech,GJ,0.72747607755,0.72747607755,0.72747607755,0.72747607755,0.72747607755,0.72747607755,0.72747607755,0.72747607755,0.72747607755,0.72747607755,0.72747607755,
CIMS.CAN.SK.Residential.Dwellings.Building Type.High Density.Vintage.>2035 Bldg Code.Heating (Cold),Service,SK,Residential,Heating (Cold),Electric - ASHP / NG - backup,service_request,,,CIMS.CAN.SK.Residential.Methane Blend,annual_tech,GJ,0.0583333333275,0.0583333333275,0.0583333333275,0.0583333333275,0.0583333333275,0.0583333333275,0.0583333333275,0.0583333333275,0.0583333333275,0.0583333333275,0.0583333333275,
CIMS.CAN.SK.Residential.Dwellings.Building Type.High Density.Vintage.>2035 Bldg Code.Heating (Cold),Service,SK,Residential,Heating (Cold),Electric - ASHP / NG - backup,service_request,,,CIMS.CAN.SK.Residential.Dwellings.Building Type.High Density.Cooling,annual_tech,GJ of cooling,-0.004568364,-0.004568364,-0.004568364,-0.004568364,-0.004568364,-0.004568364,-0.004568364,-0.004568364,-0.004568364,-0.004568364,-0.004568364,
CIMS.CAN.SK.Residential.Dwellings.Building Type.High Density.Vintage.>2035 Bldg Code.Heating (Cold),Service,SK,Residential,Heating (Cold),Electric - ASHP / Electric - backup,technology,,,,,,,,,,,,,,,,,
CIMS.CAN.SK.Residential.Dwellings.Building Type.High Density.Vintage.>2035 Bldg Code.Heating (Cold),Service,SK,Residential,Heating (Cold),Electric - ASHP / Electric - backup,available,,,,constant_tech,Year,2000,2000,2000,2000,2000,2000,2000,2000,2000,2000,2000,
CIMS.CAN.SK.Residential.Dwellings.Building Type.High Density.Vintage.>2035 Bldg Code.Heating (Cold),Service,SK,Residential,Heating (Cold),Electric - ASHP / Electric - backup,unavailable,,,,constant_tech,Year,2101,2101,2101,2101,2101,2101,2101,2101,2101,2101,2101,
CIMS.CAN.SK.Residential.Dwellings.Building Type.High Density.Vintage.>2035 Bldg Code.Heating (Cold),Service,SK,Residential,Heating (Cold),Electric - ASHP / Electric - backup,lifetime,,,,constant_tech,Years,15.5,15.5,15.5,15.5,15.5,15.5,15.5,15.5,15.5,15.5,15.5,
CIMS.CAN.SK.Residential.Dwellings.Building Type.High Density.Vintage.>2035 Bldg Code.Heating (Cold),Service,SK,Residential,Heating (Cold),Electric - ASHP / Electric - backup,market_share_total,,,,annual_tech,%,0,,,,,,,,,,,
CIMS.CAN.SK.Residential.Dwellings.Building Type.High Density.Vintage.>2035 Bldg Code.Heating (Cold),Service,SK,Residential,Heating (Cold),Electric - ASHP / Electric - backup,output,,,,constant_tech,node unit,31.399776,31.399776,31.399776,31.399776,31.399776,31.399776,31.399776,31.399776,31.399776,31.399776,31.399776,
CIMS.CAN.SK.Residential.Dwellings.Building Type.High Density.Vintage.>2035 Bldg Code.Heating (Cold),Service,SK,Residential,Heating (Cold),Electric - ASHP / Electric - backup,fcc,,,,constant_tech,$,9373.830161,9373.830161,9373.830161,9373.830161,9373.830161,9373.830161,9373.830161,9373.830161,9373.830161,9373.830161,9373.830161,
CIMS.CAN.SK.Residential.Dwellings.Building Type.High Density.Vintage.>2035 Bldg Code.Heating (Cold),Service,SK,Residential,Heating (Cold),Electric - ASHP / Electric - backup,fom,,,,constant_tech,$,106.3643791,106.3643791,106.3643791,106.3643791,106.3643791,106.3643791,106.3643791,106.3643791,106.3643791,106.3643791,106.3643791,
CIMS.CAN.SK.Residential.Dwellings.Building Type.High Density.Vintage.>2035 Bldg Code.Heating (Cold),Service,SK,Residential,Heating (Cold),Electric - ASHP / Electric - backup,service_request,,,CIMS.CAN.SK.Electricity,annual_tech,GJ,0.77747607755,0.77747607755,0.77747607755,0.77747607755,0.77747607755,0.77747607755,0.77747607755,0.77747607755,0.77747607755,0.77747607755,0.77747607755,
CIMS.CAN.SK.Residential.Dwellings.Building Type.High Density.Vintage.>2035 Bldg Code.Heating (Cold),Service,SK,Residential,Heating (Cold),Electric - ASHP / Electric - backup,service_request,,,CIMS.CAN.SK.Residential.Dwellings.Building Type.High Density.Cooling,annual_tech,GJ of cooling,-0.004568364,-0.004568364,-0.004568364,-0.004568364,-0.004568364,-0.004568364,-0.004568364,-0.004568364,-0.004568364,-0.004568364,-0.004568364,
CIMS.CAN.SK.Residential.Dwellings.Building Type.High Density.Vintage.>2035 Bldg Code.Heating (Cold),Service,SK,Residential,Heating (Cold),Electric - GSHP,technology,,,,,,,,,,,,,,,,,
CIMS.CAN.SK.Residential.Dwellings.Building Type.High Density.Vintage.>2035 Bldg Code.Heating (Cold),Service,SK,Residential,Heating (Cold),Electric - GSHP,available,,,,constant_tech,Year,2000,2000,2000,2000,2000,2000,2000,2000,2000,2000,2000,
CIMS.CAN.SK.Residential.Dwellings.Building Type.High Density.Vintage.>2035 Bldg Code.Heating (Cold),Service,SK,Residential,Heating (Cold),Electric - GSHP,unavailable,,,,constant_tech,Year,2101,2101,2101,2101,2101,2101,2101,2101,2101,2101,2101,
CIMS.CAN.SK.Residential.Dwellings.Building Type.High Density.Vintage.>2035 Bldg Code.Heating (Cold),Service,SK,Residential,Heating (Cold),Electric - GSHP,lifetime,,,,constant_tech,Years,20,20,20,20,20,20,20,20,20,20,20,
CIMS.CAN.SK.Residential.Dwellings.Building Type.High Density.Vintage.>2035 Bldg Code.Heating (Cold),Service,SK,Residential,Heating (Cold),Electric - GSHP,market_share_total,,,,annual_tech,%,0,,,,,,,,,,,
CIMS.CAN.SK.Residential.Dwellings.Building Type.High Density.Vintage.>2035 Bldg Code.Heating (Cold),Service,SK,Residential,Heating (Cold),Electric - GSHP,output,,,,constant_tech,node unit,31.399776,31.399776,31.399776,31.399776,31.399776,31.399776,31.399776,31.399776,31.399776,31.399776,31.399776,
CIMS.CAN.SK.Residential.Dwellings.Building Type.High Density.Vintage.>2035 Bldg Code.Heating (Cold),Service,SK,Residential,Heating (Cold),Electric - GSHP,fcc,,,,constant_tech,$,23775.56709,23775.56709,23775.56709,23775.56709,23775.56709,23775.56709,23775.56709,23775.56709,23775.56709,23775.56709,23775.56709,
CIMS.CAN.SK.Residential.Dwellings.Building Type.High Density.Vintage.>2035 Bldg Code.Heating (Cold),Service,SK,Residential,Heating (Cold),Electric - GSHP,fom,,,,constant_tech,$,112.6211073,112.6211073,112.6211073,112.6211073,112.6211073,112.6211073,112.6211073,112.6211073,112.6211073,112.6211073,112.6211073,
CIMS.CAN.SK.Residential.Dwellings.Building Type.High Density.Vintage.>2035 Bldg Code.Heating (Cold),Service,SK,Residential,Heating (Cold),Electric - GSHP,service_request,,,CIMS.CAN.SK.Electricity,annual_tech,GJ,0.486428472,0.486428472,0.486428472,0.486428472,0.486428472,0.486428472,0.486428472,0.486428472,0.486428472,0.486428472,0.486428472,
CIMS.CAN.SK.Residential.Dwellings.Building Type.High Density.Vintage.>2035 Bldg Code.Heating (Cold),Service,SK,Residential,Heating (Cold),Electric - GSHP,service_request,,,CIMS.CAN.SK.Residential.Dwellings.Building Type.High Density.Cooling,annual_tech,GJ of cooling,-0.004568364,-0.004568364,-0.004568364,-0.004568364,-0.004568364,-0.004568364,-0.004568364,-0.004568364,-0.004568364,-0.004568364,-0.004568364,
CIMS.CAN.SK.Residential.Dwellings.Building Type.High Density.Vintage.>2035 Bldg Code.Heating (Cold),Service,SK,Residential,Heating (Cold),Heating Oil - Standard Efficiency,technology,,,,,,,,,,,,,,,,,
CIMS.CAN.SK.Residential.Dwellings.Building Type.High Density.Vintage.>2035 Bldg Code.Heating (Cold),Service,SK,Residential,Heating (Cold),Heating Oil - Standard Efficiency,available,,,,constant_tech,Year,1950,1950,1950,1950,1950,1950,1950,1950,1950,1950,1950,
CIMS.CAN.SK.Residential.Dwellings.Building Type.High Density.Vintage.>2035 Bldg Code.Heating (Cold),Service,SK,Residential,Heating (Cold),Heating Oil - Standard Efficiency,unavailable,,,,constant_tech,Year,2021,2021,2021,2021,2021,2021,2021,2021,2021,2021,2021,
CIMS.CAN.SK.Residential.Dwellings.Building Type.High Density.Vintage.>2035 Bldg Code.Heating (Cold),Service,SK,Residential,Heating (Cold),Heating Oil - Standard Efficiency,lifetime,,,,constant_tech,Years,23,23,23,23,23,23,23,23,23,23,23,
CIMS.CAN.SK.Residential.Dwellings.Building Type.High Density.Vintage.>2035 Bldg Code.Heating (Cold),Service,SK,Residential,Heating (Cold),Heating Oil - Standard Efficiency,market_share_total,,,,annual_tech,%,0,,,,,,,,,,,
CIMS.CAN.SK.Residential.Dwellings.Building Type.High Density.Vintage.>2035 Bldg Code.Heating (Cold),Service,SK,Residential,Heating (Cold),Heating Oil - Standard Efficiency,output,,,,constant_tech,node unit,31.399776,31.399776,31.399776,31.399776,31.399776,31.399776,31.399776,31.399776,31.399776,31.399776,31.399776,
CIMS.CAN.SK.Residential.Dwellings.Building Type.High Density.Vintage.>2035 Bldg Code.Heating (Cold),Service,SK,Residential,Heating (Cold),Heating Oil - Standard Efficiency,fcc,,,,constant_tech,$,6444.430027,6444.430027,6444.430027,6444.430027,6444.430027,6444.430027,6444.430027,6444.430027,6444.430027,6444.430027,6444.430027,
CIMS.CAN.SK.Residential.Dwellings.Building Type.High Density.Vintage.>2035 Bldg Code.Heating (Cold),Service,SK,Residential,Heating (Cold),Heating Oil - Standard Efficiency,fom,,,,constant_tech,$,100.1076509,100.1076509,100.1076509,100.1076509,100.1076509,100.1076509,100.1076509,100.1076509,100.1076509,100.1076509,100.1076509,
CIMS.CAN.SK.Residential.Dwellings.Building Type.High Density.Vintage.>2035 Bldg Code.Heating (Cold),Service,SK,Residential,Heating (Cold),Heating Oil - Standard Efficiency,service_request,,,CIMS.Generic Fuels.Fuel Oil,annual_tech,GJ,1.282051282,1.282051282,1.282051282,1.282051282,1.282051282,1.282051282,1.282051282,1.282051282,1.282051282,1.282051282,1.282051282,
CIMS.CAN.SK.Residential.Dwellings.Building Type.High Density.Vintage.>2035 Bldg Code.Heating (Cold),Service,SK,Residential,Heating (Cold),Heating Oil - High Efficiency,technology,,,,,,,,,,,,,,,,,
CIMS.CAN.SK.Residential.Dwellings.Building Type.High Density.Vintage.>2035 Bldg Code.Heating (Cold),Service,SK,Residential,Heating (Cold),Heating Oil - High Efficiency,available,,,,constant_tech,Year,2000,2000,2000,2000,2000,2000,2000,2000,2000,2000,2000,
CIMS.CAN.SK.Residential.Dwellings.Building Type.High Density.Vintage.>2035 Bldg Code.Heating (Cold),Service,SK,Residential,Heating (Cold),Heating Oil - High Efficiency,unavailable,,,,constant_tech,Year,2101,2101,2101,2101,2101,2101,2101,2101,2101,2101,2101,
CIMS.CAN.SK.Residential.Dwellings.Building Type.High Density.Vintage.>2035 Bldg Code.Heating (Cold),Service,SK,Residential,Heating (Cold),Heating Oil - High Efficiency,lifetime,,,,constant_tech,Years,23,23,23,23,23,23,23,23,23,23,23,
CIMS.CAN.SK.Residential.Dwellings.Building Type.High Density.Vintage.>2035 Bldg Code.Heating (Cold),Service,SK,Residential,Heating (Cold),Heating Oil - High Efficiency,market_share_total,,,,annual_tech,%,0,,,,,,,,,,,
CIMS.CAN.SK.Residential.Dwellings.Building Type.High Density.Vintage.>2035 Bldg Code.Heating (Cold),Service,SK,Residential,Heating (Cold),Heating Oil - High Efficiency,output,,,,constant_tech,node unit,31.399776,31.399776,31.399776,31.399776,31.399776,31.399776,31.399776,31.399776,31.399776,31.399776,31.399776,
CIMS.CAN.SK.Residential.Dwellings.Building Type.High Density.Vintage.>2035 Bldg Code.Heating (Cold),Service,SK,Residential,Heating (Cold),Heating Oil - High Efficiency,fcc,,,,constant_tech,$,9541.510477,9541.510477,9541.510477,9541.510477,9541.510477,9541.510477,9541.510477,9541.510477,9541.510477,9541.510477,9541.510477,
CIMS.CAN.SK.Residential.Dwellings.Building Type.High Density.Vintage.>2035 Bldg Code.Heating (Cold),Service,SK,Residential,Heating (Cold),Heating Oil - High Efficiency,fom,,,,constant_tech,$,100.1076509,100.1076509,100.1076509,100.1076509,100.1076509,100.1076509,100.1076509,100.1076509,100.1076509,100.1076509,100.1076509,
CIMS.CAN.SK.Residential.Dwellings.Building Type.High Density.Vintage.>2035 Bldg Code.Heating (Cold),Service,SK,Residential,Heating (Cold),Heating Oil - High Efficiency,service_request,,,CIMS.Generic Fuels.Fuel Oil,annual_tech,GJ,1.162790698,1.162790698,1.162790698,1.162790698,1.162790698,1.162790698,1.162790698,1.162790698,1.162790698,1.162790698,1.162790698,
CIMS.CAN.SK.Residential.Dwellings.Building Type.High Density.Vintage.>2035 Bldg Code.Heating (Cold),Service,SK,Residential,Heating (Cold),Wood,technology,,,,,,,,,,,,,,,,,
CIMS.CAN.SK.Residential.Dwellings.Building Type.High Density.Vintage.>2035 Bldg Code.Heating (Cold),Service,SK,Residential,Heating (Cold),Wood,available,,,,constant_tech,Year,1950,1950,1950,1950,1950,1950,1950,1950,1950,1950,1950,
CIMS.CAN.SK.Residential.Dwellings.Building Type.High Density.Vintage.>2035 Bldg Code.Heating (Cold),Service,SK,Residential,Heating (Cold),Wood,unavailable,,,,constant_tech,Year,2101,2101,2101,2101,2101,2101,2101,2101,2101,2101,2101,
CIMS.CAN.SK.Residential.Dwellings.Building Type.High Density.Vintage.>2035 Bldg Code.Heating (Cold),Service,SK,Residential,Heating (Cold),Wood,lifetime,,,,constant_tech,Years,18.5,18.5,18.5,18.5,18.5,18.5,18.5,18.5,18.5,18.5,18.5,
CIMS.CAN.SK.Residential.Dwellings.Building Type.High Density.Vintage.>2035 Bldg Code.Heating (Cold),Service,SK,Residential,Heating (Cold),Wood,market_share_total,,,,annual_tech,%,0,,,,,,,,,,,
CIMS.CAN.SK.Residential.Dwellings.Building Type.High Density.Vintage.>2035 Bldg Code.Heating (Cold),Service,SK,Residential,Heating (Cold),Wood,output,,,,constant_tech,node unit,31.399776,31.399776,31.399776,31.399776,31.399776,31.399776,31.399776,31.399776,31.399776,31.399776,31.399776,
CIMS.CAN.SK.Residential.Dwellings.Building Type.High Density.Vintage.>2035 Bldg Code.Heating (Cold),Service,SK,Residential,Heating (Cold),Wood,fcc,,,,constant_tech,$,8000.269768,8000.269768,8000.269768,8000.269768,8000.269768,8000.269768,8000.269768,8000.269768,8000.269768,8000.269768,8000.269768,
CIMS.CAN.SK.Residential.Dwellings.Building Type.High Density.Vintage.>2035 Bldg Code.Heating (Cold),Service,SK,Residential,Heating (Cold),Wood,fom,,,,constant_tech,$,250.2691273,250.2691273,250.2691273,250.2691273,250.2691273,250.2691273,250.2691273,250.2691273,250.2691273,250.2691273,250.2691273,
CIMS.CAN.SK.Residential.Dwellings.Building Type.High Density.Vintage.>2035 Bldg Code.Heating (Cold),Service,SK,Residential,Heating (Cold),Wood,service_request,,,CIMS.Generic Fuels.Solid Biomass,annual_tech,GJ,2,2,2,2,2,2,2,2,2,2,2,
CIMS.CAN.SK.Residential.Dwellings.Building Type.High Density.Cooling,Service,SK,Residential,Cooling,,service_provide,,,,constant_tech,GJ of cooling,,,,,,,,,,,,
CIMS.CAN.SK.Residential.Dwellings.Building Type.High Density.Cooling,Service,SK,Residential,Cooling,,competition,Fixed Ratio,,,,,,,,,,,,,,,,
CIMS.CAN.SK.Residential.Dwellings.Building Type.High Density.Cooling,Service,SK,Residential,Cooling,,inheritance,intercept_retirement,,,constant_tech,,FALSE,FALSE,FALSE,FALSE,FALSE,FALSE,FALSE,FALSE,FALSE,FALSE,FALSE,
CIMS.CAN.SK.Residential.Dwellings.Building Type.High Density.Cooling,Service,SK,Residential,Cooling,,service_request,,,CIMS.CAN.SK.Residential.Dwellings.Building Type.High Density.Cooling.Central,annual_region,GJ,0.82208248303355,0.86445887160303,0.85820916161427,0.86433897072195,0.86359267121875,0.86359267121875,0.86359267121875,0.86359267121875,0.86359267121875,0.86359267121875,0.86359267121875,
CIMS.CAN.SK.Residential.Dwellings.Building Type.High Density.Cooling,Service,SK,Residential,Cooling,,service_request,,,CIMS.CAN.SK.Residential.Dwellings.Building Type.High Density.Cooling.Room,annual_region,GJ,0.17791751696645,0.13554112839697,0.14179083838573,0.13566102927805,0.13640732878125,0.13640732878125,0.13640732878125,0.13640732878125,0.13640732878125,0.13640732878125,0.13640732878125,
CIMS.CAN.SK.Residential.Dwellings.Building Type.High Density.Cooling.Central,Service,SK,Residential,Central,,service_provide,,,,constant_tech,GJ of cooling,,,,,,,,,,,,
CIMS.CAN.SK.Residential.Dwellings.Building Type.High Density.Cooling.Central,Service,SK,Residential,Central,,competition,Tech Compete,,,,,,,,,,,,,,,,
CIMS.CAN.SK.Residential.Dwellings.Building Type.High Density.Cooling.Central,Service,SK,Residential,Central,,discount_rate_financial,,,,constant_tech,%,0.25,0.25,0.25,0.25,0.25,0.25,0.25,0.25,0.25,0.25,0.25,
CIMS.CAN.SK.Residential.Dwellings.Building Type.High Density.Cooling.Central,Service,SK,Residential,Central,,heterogeneity,,,,constant_tech,,10,10,10,10,10,10,10,10,10,10,10,
CIMS.CAN.SK.Residential.Dwellings.Building Type.High Density.Cooling.Central,Service,SK,Residential,Central,Central - Existing,technology,,,,,,,,,,,,,,,,,
CIMS.CAN.SK.Residential.Dwellings.Building Type.High Density.Cooling.Central,Service,SK,Residential,Central,Central - Existing,available,,,,constant_tech,Year,1990,1990,1990,1990,1990,1990,1990,1990,1990,1990,1990,
CIMS.CAN.SK.Residential.Dwellings.Building Type.High Density.Cooling.Central,Service,SK,Residential,Central,Central - Existing,unavailable,,,,constant_tech,Year,2001,2001,2001,2001,2001,2001,2001,2001,2001,2001,2001,
CIMS.CAN.SK.Residential.Dwellings.Building Type.High Density.Cooling.Central,Service,SK,Residential,Central,Central - Existing,lifetime,,,,constant_tech,Years,18,18,18,18,18,18,18,18,18,18,18,
CIMS.CAN.SK.Residential.Dwellings.Building Type.High Density.Cooling.Central,Service,SK,Residential,Central,Central - Existing,market_share_total,,,,annual_tech,%,1,,,,,,,,,,,
CIMS.CAN.SK.Residential.Dwellings.Building Type.High Density.Cooling.Central,Service,SK,Residential,Central,Central - Existing,output,,,,constant_tech,node unit,12.76,12.76,12.76,12.76,12.76,12.76,12.76,12.76,12.76,12.76,12.76,
CIMS.CAN.SK.Residential.Dwellings.Building Type.High Density.Cooling.Central,Service,SK,Residential,Central,Central - Existing,fcc,,,,constant_tech,$,5005.38,5005.38,5005.38,5005.38,5005.38,5005.38,5005.38,5005.38,5005.38,5005.38,5005.38,
CIMS.CAN.SK.Residential.Dwellings.Building Type.High Density.Cooling.Central,Service,SK,Residential,Central,Central - Existing,fom,,,,constant_tech,$,106.36,106.36,106.36,106.36,106.36,106.36,106.36,106.36,106.36,106.36,106.36,
CIMS.CAN.SK.Residential.Dwellings.Building Type.High Density.Cooling.Central,Service,SK,Residential,Central,Central - Existing,service_request,,,CIMS.CAN.SK.Electricity,annual_tech,GJ,0.355812796,0.355812796,0.355812796,0.355812796,0.355812796,0.355812796,0.355812796,0.355812796,0.355812796,0.355812796,0.355812796,
CIMS.CAN.SK.Residential.Dwellings.Building Type.High Density.Cooling.Central,Service,SK,Residential,Central,Central - SEER 12,technology,,,,,,,,,,,,,,,,,
CIMS.CAN.SK.Residential.Dwellings.Building Type.High Density.Cooling.Central,Service,SK,Residential,Central,Central - SEER 12,available,,,,constant_tech,Year,2000,2000,2000,2000,2000,2000,2000,2000,2000,2000,2000,
CIMS.CAN.SK.Residential.Dwellings.Building Type.High Density.Cooling.Central,Service,SK,Residential,Central,Central - SEER 12,unavailable,,,,constant_tech,Year,2101,2101,2101,2101,2101,2101,2101,2101,2101,2101,2101,
CIMS.CAN.SK.Residential.Dwellings.Building Type.High Density.Cooling.Central,Service,SK,Residential,Central,Central - SEER 12,lifetime,,,,constant_tech,Years,18,18,18,18,18,18,18,18,18,18,18,
CIMS.CAN.SK.Residential.Dwellings.Building Type.High Density.Cooling.Central,Service,SK,Residential,Central,Central - SEER 12,market_share_total,,,,annual_tech,%,0,,,,,,,,,,,
CIMS.CAN.SK.Residential.Dwellings.Building Type.High Density.Cooling.Central,Service,SK,Residential,Central,Central - SEER 12,output,,,,constant_tech,node unit,16.03,16.03,16.03,16.03,16.03,16.03,16.03,16.03,16.03,16.03,16.03,
CIMS.CAN.SK.Residential.Dwellings.Building Type.High Density.Cooling.Central,Service,SK,Residential,Central,Central - SEER 12,fcc,,,,constant_tech,$,6569.56,6569.56,6569.56,6569.56,6569.56,6569.56,6569.56,6569.56,6569.56,6569.56,6569.56,
CIMS.CAN.SK.Residential.Dwellings.Building Type.High Density.Cooling.Central,Service,SK,Residential,Central,Central - SEER 12,fom,,,,constant_tech,$,106.36,106.36,106.36,106.36,106.36,106.36,106.36,106.36,106.36,106.36,106.36,
CIMS.CAN.SK.Residential.Dwellings.Building Type.High Density.Cooling.Central,Service,SK,Residential,Central,Central - SEER 12,service_request,,,CIMS.CAN.SK.Electricity,annual_tech,GJ,0.284345097,0.284345097,0.284345097,0.284345097,0.284345097,0.284345097,0.284345097,0.284345097,0.284345097,0.284345097,0.284345097,
CIMS.CAN.SK.Residential.Dwellings.Building Type.High Density.Cooling.Central,Service,SK,Residential,Central,Central - SEER 14,technology,,,,,,,,,,,,,,,,,
CIMS.CAN.SK.Residential.Dwellings.Building Type.High Density.Cooling.Central,Service,SK,Residential,Central,Central - SEER 14,available,,,,constant_tech,Year,2015,2015,2015,2015,2015,2015,2015,2015,2015,2015,2015,
CIMS.CAN.SK.Residential.Dwellings.Building Type.High Density.Cooling.Central,Service,SK,Residential,Central,Central - SEER 14,unavailable,,,,constant_tech,Year,2101,2101,2101,2101,2101,2101,2101,2101,2101,2101,2101,
CIMS.CAN.SK.Residential.Dwellings.Building Type.High Density.Cooling.Central,Service,SK,Residential,Central,Central - SEER 14,lifetime,,,,constant_tech,Years,18,18,18,18,18,18,18,18,18,18,18,
CIMS.CAN.SK.Residential.Dwellings.Building Type.High Density.Cooling.Central,Service,SK,Residential,Central,Central - SEER 14,market_share_total,,,,annual_tech,%,0,,,,,,,,,,,
CIMS.CAN.SK.Residential.Dwellings.Building Type.High Density.Cooling.Central,Service,SK,Residential,Central,Central - SEER 14,output,,,,constant_tech,node unit,18.7,18.7,18.7,18.7,18.7,18.7,18.7,18.7,18.7,18.7,18.7,
CIMS.CAN.SK.Residential.Dwellings.Building Type.High Density.Cooling.Central,Service,SK,Residential,Central,Central - SEER 14,fcc,,,,constant_tech,$,7483.05,7483.05,7483.05,7483.05,7483.05,7483.05,7483.05,7483.05,7483.05,7483.05,7483.05,
CIMS.CAN.SK.Residential.Dwellings.Building Type.High Density.Cooling.Central,Service,SK,Residential,Central,Central - SEER 14,fom,,,,constant_tech,$,106.36,106.36,106.36,106.36,106.36,106.36,106.36,106.36,106.36,106.36,106.36,
CIMS.CAN.SK.Residential.Dwellings.Building Type.High Density.Cooling.Central,Service,SK,Residential,Central,Central - SEER 14,service_request,,,CIMS.CAN.SK.Electricity,annual_tech,GJ,0.243724369,0.243724369,0.243724369,0.243724369,0.243724369,0.243724369,0.243724369,0.243724369,0.243724369,0.243724369,0.243724369,
CIMS.CAN.SK.Residential.Dwellings.Building Type.High Density.Cooling.Room,Service,SK,Residential,Room,,service_provide,,,,constant_tech,GJ of cooling,,,,,,,,,,,,
CIMS.CAN.SK.Residential.Dwellings.Building Type.High Density.Cooling.Room,Service,SK,Residential,Room,,competition,Tech Compete,,,,,,,,,,,,,,,,
CIMS.CAN.SK.Residential.Dwellings.Building Type.High Density.Cooling.Room,Service,SK,Residential,Room,,discount_rate_financial,,,,constant_tech,%,0.25,0.25,0.25,0.25,0.25,0.25,0.25,0.25,0.25,0.25,0.25,
CIMS.CAN.SK.Residential.Dwellings.Building Type.High Density.Cooling.Room,Service,SK,Residential,Room,,heterogeneity,,,,constant_tech,,10,10,10,10,10,10,10,10,10,10,10,
CIMS.CAN.SK.Residential.Dwellings.Building Type.High Density.Cooling.Room,Service,SK,Residential,Room,Room - Existing,technology,,,,,,,,,,,,,,,,,
CIMS.CAN.SK.Residential.Dwellings.Building Type.High Density.Cooling.Room,Service,SK,Residential,Room,Room - Existing,available,,,,constant_tech,Year,1990,1990,1990,1990,1990,1990,1990,1990,1990,1990,1990,
CIMS.CAN.SK.Residential.Dwellings.Building Type.High Density.Cooling.Room,Service,SK,Residential,Room,Room - Existing,unavailable,,,,constant_tech,Year,2001,2001,2001,2001,2001,2001,2001,2001,2001,2001,2001,
CIMS.CAN.SK.Residential.Dwellings.Building Type.High Density.Cooling.Room,Service,SK,Residential,Room,Room - Existing,lifetime,,,,constant_tech,Years,13,13,13,13,13,13,13,13,13,13,13,
CIMS.CAN.SK.Residential.Dwellings.Building Type.High Density.Cooling.Room,Service,SK,Residential,Room,Room - Existing,market_share_total,,,,annual_tech,%,1,,,,,,,,,,,
CIMS.CAN.SK.Residential.Dwellings.Building Type.High Density.Cooling.Room,Service,SK,Residential,Room,Room - Existing,output,,,,constant_tech,node unit,3.06,3.06,3.06,3.06,3.06,3.06,3.06,3.06,3.06,3.06,3.06,
CIMS.CAN.SK.Residential.Dwellings.Building Type.High Density.Cooling.Room,Service,SK,Residential,Room,Room - Existing,fcc,,,,constant_tech,$,919.74,919.74,919.74,919.74,919.74,919.74,919.74,919.74,919.74,919.74,919.74,
CIMS.CAN.SK.Residential.Dwellings.Building Type.High Density.Cooling.Room,Service,SK,Residential,Room,Room - Existing,service_request,,,CIMS.CAN.SK.Electricity,annual_tech,GJ,0.413347416,0.413347416,0.413347416,0.413347416,0.413347416,0.413347416,0.413347416,0.413347416,0.413347416,0.413347416,0.413347416,
CIMS.CAN.SK.Residential.Dwellings.Building Type.High Density.Cooling.Room,Service,SK,Residential,Room,Room - CEER 10,technology,,,,,,,,,,,,,,,,,
CIMS.CAN.SK.Residential.Dwellings.Building Type.High Density.Cooling.Room,Service,SK,Residential,Room,Room - CEER 10,available,,,,constant_tech,Year,2000,2000,2000,2000,2000,2000,2000,2000,2000,2000,2000,
CIMS.CAN.SK.Residential.Dwellings.Building Type.High Density.Cooling.Room,Service,SK,Residential,Room,Room - CEER 10,unavailable,,,,constant_tech,Year,2101,2101,2101,2101,2101,2101,2101,2101,2101,2101,2101,
CIMS.CAN.SK.Residential.Dwellings.Building Type.High Density.Cooling.Room,Service,SK,Residential,Room,Room - CEER 10,lifetime,,,,constant_tech,Years,13,13,13,13,13,13,13,13,13,13,13,
CIMS.CAN.SK.Residential.Dwellings.Building Type.High Density.Cooling.Room,Service,SK,Residential,Room,Room - CEER 10,market_share_total,,,,annual_tech,%,0,,,,,,,,,,,
CIMS.CAN.SK.Residential.Dwellings.Building Type.High Density.Cooling.Room,Service,SK,Residential,Room,Room - CEER 10,output,,,,constant_tech,node unit,3.71,3.71,3.71,3.71,3.71,3.71,3.71,3.71,3.71,3.71,3.71,
CIMS.CAN.SK.Residential.Dwellings.Building Type.High Density.Cooling.Room,Service,SK,Residential,Room,Room - CEER 10,fcc,,,,constant_tech,$,700.75,700.75,700.75,700.75,700.75,700.75,700.75,700.75,700.75,700.75,700.75,
CIMS.CAN.SK.Residential.Dwellings.Building Type.High Density.Cooling.Room,Service,SK,Residential,Room,Room - CEER 10,service_request,,,CIMS.CAN.SK.Electricity,annual_tech,GJ,0.341214117,0.341214117,0.341214117,0.341214117,0.341214117,0.341214117,0.341214117,0.341214117,0.341214117,0.341214117,0.341214117,
CIMS.CAN.SK.Residential.Dwellings.Building Type.High Density.Cooling.Room,Service,SK,Residential,Room,Room - CEER 12,technology,,,,,,,,,,,,,,,,,
CIMS.CAN.SK.Residential.Dwellings.Building Type.High Density.Cooling.Room,Service,SK,Residential,Room,Room - CEER 12,available,,,,constant_tech,Year,2015,2015,2015,2015,2015,2015,2015,2015,2015,2015,2015,
CIMS.CAN.SK.Residential.Dwellings.Building Type.High Density.Cooling.Room,Service,SK,Residential,Room,Room - CEER 12,unavailable,,,,constant_tech,Year,2101,2101,2101,2101,2101,2101,2101,2101,2101,2101,2101,
CIMS.CAN.SK.Residential.Dwellings.Building Type.High Density.Cooling.Room,Service,SK,Residential,Room,Room - CEER 12,lifetime,,,,constant_tech,Years,13,13,13,13,13,13,13,13,13,13,13,
CIMS.CAN.SK.Residential.Dwellings.Building Type.High Density.Cooling.Room,Service,SK,Residential,Room,Room - CEER 12,market_share_total,,,,annual_tech,%,0,,,,,,,,,,,
CIMS.CAN.SK.Residential.Dwellings.Building Type.High Density.Cooling.Room,Service,SK,Residential,Room,Room - CEER 12,output,,,,constant_tech,node unit,4.45,4.45,4.45,4.45,4.45,4.45,4.45,4.45,4.45,4.45,4.45,
CIMS.CAN.SK.Residential.Dwellings.Building Type.High Density.Cooling.Room,Service,SK,Residential,Room,Room - CEER 12,fcc,,,,constant_tech,$,707.01,707.01,707.01,707.01,707.01,707.01,707.01,707.01,707.01,707.01,707.01,
CIMS.CAN.SK.Residential.Dwellings.Building Type.High Density.Cooling.Room,Service,SK,Residential,Room,Room - CEER 12,service_request,,,CIMS.CAN.SK.Electricity,annual_tech,GJ,0.284345097,0.284345097,0.284345097,0.284345097,0.284345097,0.284345097,0.284345097,0.284345097,0.284345097,0.284345097,0.284345097,
CIMS.CAN.SK.Residential.Dwellings.Building Type.High Density.Cooling.Room,Service,SK,Residential,Room,Room - CEER 14,technology,,,,,,,,,,,,,,,,,
CIMS.CAN.SK.Residential.Dwellings.Building Type.High Density.Cooling.Room,Service,SK,Residential,Room,Room - CEER 14,available,,,,constant_tech,Year,2015,2015,2015,2015,2015,2015,2015,2015,2015,2015,2015,
CIMS.CAN.SK.Residential.Dwellings.Building Type.High Density.Cooling.Room,Service,SK,Residential,Room,Room - CEER 14,unavailable,,,,constant_tech,Year,2101,2101,2101,2101,2101,2101,2101,2101,2101,2101,2101,
CIMS.CAN.SK.Residential.Dwellings.Building Type.High Density.Cooling.Room,Service,SK,Residential,Room,Room - CEER 14,lifetime,,,,constant_tech,Years,18,18,18,18,18,18,18,18,18,18,18,
CIMS.CAN.SK.Residential.Dwellings.Building Type.High Density.Cooling.Room,Service,SK,Residential,Room,Room - CEER 14,market_share_total,,,,annual_tech,%,0,,,,,,,,,,,
CIMS.CAN.SK.Residential.Dwellings.Building Type.High Density.Cooling.Room,Service,SK,Residential,Room,Room - CEER 14,output,,,,constant_tech,node unit,5.19,5.19,5.19,5.19,5.19,5.19,5.19,5.19,5.19,5.19,5.19,
CIMS.CAN.SK.Residential.Dwellings.Building Type.High Density.Cooling.Room,Service,SK,Residential,Room,Room - CEER 14,fcc,,,,constant_tech,$,844.66,844.66,844.66,844.66,844.66,844.66,844.66,844.66,844.66,844.66,844.66,
CIMS.CAN.SK.Residential.Dwellings.Building Type.High Density.Cooling.Room,Service,SK,Residential,Room,Room - CEER 14,service_request,,,CIMS.CAN.SK.Electricity,annual_tech,GJ,0.243724369,0.243724369,0.243724369,0.243724369,0.243724369,0.243724369,0.243724369,0.243724369,0.243724369,0.243724369,0.243724369,
CIMS.CAN.SK.Residential.Dwellings.Building Type.LowMed Density,Service,SK,Residential,LowMed Density,,service_provide,,,,constant_tech,m2,,,,,,,,,,,,
CIMS.CAN.SK.Residential.Dwellings.Building Type.LowMed Density,Service,SK,Residential,LowMed Density,,competition,Fixed Ratio,,,,,,,,,,,,,,,,
CIMS.CAN.SK.Residential.Dwellings.Building Type.LowMed Density,Service,SK,Residential,LowMed Density,,service_request,,,CIMS.CAN.SK.Residential.Dwellings.Building Type.LowMed Density.Vintage,annual_tech,m2,1,1,1,1,1,1,1,1,1,1,1,
CIMS.CAN.SK.Residential.Dwellings.Building Type.LowMed Density,Service,SK,Residential,LowMed Density,,service_request,,,CIMS.CAN.SK.Residential.Dwellings.Building Type.LowMed Density.Cooling,annual_region,GJ,0.01507564362963,0.01507564362963,0.01507564362963,0.01507564362963,0.01507564362963,0.01507564362963,0.01507564362963,0.01507564362963,0.01507564362963,0.01507564362963,0.01507564362963,
CIMS.CAN.SK.Residential.Dwellings.Building Type.LowMed Density,Service,SK,Residential,LowMed Density,,service_request,,,CIMS.CAN.SK.Residential.Dwellings.Lighting,annual_tech,m2,1.16,1.16,1.16,1.16,1.16,1.16,1.16,1.16,1.16,1.16,1.16,
CIMS.CAN.SK.Residential.Dwellings.Building Type.LowMed Density,Service,SK,Residential,LowMed Density,,service_request,,,CIMS.CAN.SK.Residential.Dwellings.Solar PV,annual_tech,m2 of roofspace,0.25,0.25,0.25,0.25,0.25,0.25,0.25,0.25,0.25,0.25,0.25,
CIMS.CAN.SK.Residential.Dwellings.Building Type.LowMed Density.Vintage,Service,SK,Residential,Vintage,,service_provide,,,,constant_tech,m2,,,,,,,,,,,,
CIMS.CAN.SK.Residential.Dwellings.Building Type.LowMed Density.Vintage,Service,SK,Residential,Vintage,,competition,Tech Compete,,,,,,,,,,,,,,,,
CIMS.CAN.SK.Residential.Dwellings.Building Type.LowMed Density.Vintage,Service,SK,Residential,Vintage,,discount_rate_financial,,,,constant_tech,%,0.25,0.25,0.25,0.25,0.25,0.25,0.25,0.25,0.25,0.25,0.25,
CIMS.CAN.SK.Residential.Dwellings.Building Type.LowMed Density.Vintage,Service,SK,Residential,Vintage,<1960,technology,,,,,,,,,,,,,,,,,
CIMS.CAN.SK.Residential.Dwellings.Building Type.LowMed Density.Vintage,Service,SK,Residential,Vintage,<1960,market_share_total,,,,annual_region_tech,%,0.25419509037494,,,,,,,,,,,
CIMS.CAN.SK.Residential.Dwellings.Building Type.LowMed Density.Vintage,Service,SK,Residential,Vintage,<1960,available,,,,constant_tech,Year,1945,1945,1945,1945,1945,1945,1945,1945,1945,1945,1945,
CIMS.CAN.SK.Residential.Dwellings.Building Type.LowMed Density.Vintage,Service,SK,Residential,Vintage,<1960,unavailable,,,,constant_tech,Year,2001,2001,2001,2001,2001,2001,2001,2001,2001,2001,2001,
CIMS.CAN.SK.Residential.Dwellings.Building Type.LowMed Density.Vintage,Service,SK,Residential,Vintage,<1960,lifetime,,,,constant_tech,Years,90,90,90,90,90,90,90,90,90,90,90,
CIMS.CAN.SK.Residential.Dwellings.Building Type.LowMed Density.Vintage,Service,SK,Residential,Vintage,<1960,retrofit_existing_max,,,,constant_tech,%,0,0,0,0,0,0,0,0,0,0,0,
CIMS.CAN.SK.Residential.Dwellings.Building Type.LowMed Density.Vintage,Service,SK,Residential,Vintage,<1960,service_request,,,CIMS.CAN.SK.Residential.Dwellings.Building Type.LowMed Density.Vintage.<1960 Bldg Code,annual_tech,GJ,1,1,1,1,1,1,1,1,1,1,1,
CIMS.CAN.SK.Residential.Dwellings.Building Type.LowMed Density.Vintage,Service,SK,Residential,Vintage,1961-1980,technology,,,,,,,,,,,,,,,,,
CIMS.CAN.SK.Residential.Dwellings.Building Type.LowMed Density.Vintage,Service,SK,Residential,Vintage,1961-1980,market_share_total,,,,annual_region_tech,%,0.41101927002938,,,,,,,,,,,
CIMS.CAN.SK.Residential.Dwellings.Building Type.LowMed Density.Vintage,Service,SK,Residential,Vintage,1961-1980,available,,,,constant_tech,Year,1961,1961,1961,1961,1961,1961,1961,1961,1961,1961,1961,
CIMS.CAN.SK.Residential.Dwellings.Building Type.LowMed Density.Vintage,Service,SK,Residential,Vintage,1961-1980,unavailable,,,,constant_tech,Year,2001,2001,2001,2001,2001,2001,2001,2001,2001,2001,2001,
CIMS.CAN.SK.Residential.Dwellings.Building Type.LowMed Density.Vintage,Service,SK,Residential,Vintage,1961-1980,lifetime,,,,constant_tech,Years,180,180,180,180,180,180,180,180,180,180,180,
CIMS.CAN.SK.Residential.Dwellings.Building Type.LowMed Density.Vintage,Service,SK,Residential,Vintage,1961-1980,retrofit_existing_max,,,,constant_tech,%,0,0,0,0,0,0,0,0,0,0,0,
CIMS.CAN.SK.Residential.Dwellings.Building Type.LowMed Density.Vintage,Service,SK,Residential,Vintage,1961-1980,service_request,,,CIMS.CAN.SK.Residential.Dwellings.Building Type.LowMed Density.Vintage.1961-1980 Bldg Code,annual_tech,GJ,1,1,1,1,1,1,1,1,1,1,1,
CIMS.CAN.SK.Residential.Dwellings.Building Type.LowMed Density.Vintage,Service,SK,Residential,Vintage,1981-2000,technology,,,,,,,,,,,,,,,,,
CIMS.CAN.SK.Residential.Dwellings.Building Type.LowMed Density.Vintage,Service,SK,Residential,Vintage,1981-2000,market_share_total,,,,annual_region_tech,%,0.33478563959568,,,,,,,,,,,
CIMS.CAN.SK.Residential.Dwellings.Building Type.LowMed Density.Vintage,Service,SK,Residential,Vintage,1981-2000,available,,,,constant_tech,Year,1981,1981,1981,1981,1981,1981,1981,1981,1981,1981,1981,
CIMS.CAN.SK.Residential.Dwellings.Building Type.LowMed Density.Vintage,Service,SK,Residential,Vintage,1981-2000,unavailable,,,,constant_tech,Year,2001,2001,2001,2001,2001,2001,2001,2001,2001,2001,2001,
CIMS.CAN.SK.Residential.Dwellings.Building Type.LowMed Density.Vintage,Service,SK,Residential,Vintage,1981-2000,lifetime,,,,constant_tech,Years,250,250,250,250,250,250,250,250,250,250,250,
CIMS.CAN.SK.Residential.Dwellings.Building Type.LowMed Density.Vintage,Service,SK,Residential,Vintage,1981-2000,retrofit_existing_max,,,,constant_tech,%,0,0,0,0,0,0,0,0,0,0,0,
CIMS.CAN.SK.Residential.Dwellings.Building Type.LowMed Density.Vintage,Service,SK,Residential,Vintage,1981-2000,service_request,,,CIMS.CAN.SK.Residential.Dwellings.Building Type.LowMed Density.Vintage.1981-2000 Bldg Code,annual_tech,GJ,1,1,1,1,1,1,1,1,1,1,1,
CIMS.CAN.SK.Residential.Dwellings.Building Type.LowMed Density.Vintage,Service,SK,Residential,Vintage,2001-2020,technology,,,,,,,,,,,,,,,,,
CIMS.CAN.SK.Residential.Dwellings.Building Type.LowMed Density.Vintage,Service,SK,Residential,Vintage,2001-2020,market_share_total,,,,annual_region_tech,%,0,,,,,,,,,,,
CIMS.CAN.SK.Residential.Dwellings.Building Type.LowMed Density.Vintage,Service,SK,Residential,Vintage,2001-2020,available,,,,constant_tech,Year,2001,2001,2001,2001,2001,2001,2001,2001,2001,2001,2001,
CIMS.CAN.SK.Residential.Dwellings.Building Type.LowMed Density.Vintage,Service,SK,Residential,Vintage,2001-2020,unavailable,,,,constant_tech,Year,2021,2021,2021,2021,2021,2021,2021,2021,2021,2021,2021,
CIMS.CAN.SK.Residential.Dwellings.Building Type.LowMed Density.Vintage,Service,SK,Residential,Vintage,2001-2020,lifetime,,,,constant_tech,Years,65,65,65,65,65,65,65,65,65,65,65,
CIMS.CAN.SK.Residential.Dwellings.Building Type.LowMed Density.Vintage,Service,SK,Residential,Vintage,2001-2020,retrofit_existing_max,,,,constant_tech,%,0,0,0,0,0,0,0,0,0,0,0,
CIMS.CAN.SK.Residential.Dwellings.Building Type.LowMed Density.Vintage,Service,SK,Residential,Vintage,2001-2020,service_request,,,CIMS.CAN.SK.Residential.Dwellings.Building Type.LowMed Density.Vintage.2001-2020 Bldg Code,annual_tech,GJ,1,1,1,1,1,1,1,1,1,1,1,
CIMS.CAN.SK.Residential.Dwellings.Building Type.LowMed Density.Vintage,Service,SK,Residential,Vintage,2021-2035,technology,,,,,,,,,,,,,,,,,
CIMS.CAN.SK.Residential.Dwellings.Building Type.LowMed Density.Vintage,Service,SK,Residential,Vintage,2021-2035,market_share_total,,,,annual_region_tech,%,0,,,,,,,,,,,
CIMS.CAN.SK.Residential.Dwellings.Building Type.LowMed Density.Vintage,Service,SK,Residential,Vintage,2021-2035,available,,,,constant_tech,Year,2021,2021,2021,2021,2021,2021,2021,2021,2021,2021,2021,
CIMS.CAN.SK.Residential.Dwellings.Building Type.LowMed Density.Vintage,Service,SK,Residential,Vintage,2021-2035,unavailable,,,,constant_tech,Year,2036,2036,2036,2036,2036,2036,2036,2036,2036,2036,2036,
CIMS.CAN.SK.Residential.Dwellings.Building Type.LowMed Density.Vintage,Service,SK,Residential,Vintage,2021-2035,lifetime,,,,constant_tech,Years,65,65,65,65,65,65,65,65,65,65,65,
CIMS.CAN.SK.Residential.Dwellings.Building Type.LowMed Density.Vintage,Service,SK,Residential,Vintage,2021-2035,retrofit_existing_max,,,,constant_tech,%,0,0,0,0,0,0,0,0,0,0,0,
CIMS.CAN.SK.Residential.Dwellings.Building Type.LowMed Density.Vintage,Service,SK,Residential,Vintage,2021-2035,service_request,,,CIMS.CAN.SK.Residential.Dwellings.Building Type.LowMed Density.Vintage.2021-2035 Bldg Code,annual_tech,GJ,1,1,1,1,1,1,1,1,1,1,1,
CIMS.CAN.SK.Residential.Dwellings.Building Type.LowMed Density.Vintage,Service,SK,Residential,Vintage,>2035,technology,,,,,,,,,,,,,,,,,
CIMS.CAN.SK.Residential.Dwellings.Building Type.LowMed Density.Vintage,Service,SK,Residential,Vintage,>2035,market_share_total,,,,annual_tech,%,0,,,,,,,,,,,
CIMS.CAN.SK.Residential.Dwellings.Building Type.LowMed Density.Vintage,Service,SK,Residential,Vintage,>2035,available,,,,constant_tech,Year,2036,2036,2036,2036,2036,2036,2036,2036,2036,2036,2036,
CIMS.CAN.SK.Residential.Dwellings.Building Type.LowMed Density.Vintage,Service,SK,Residential,Vintage,>2035,unavailable,,,,constant_tech,Year,2101,2101,2101,2101,2101,2101,2101,2101,2101,2101,2101,
CIMS.CAN.SK.Residential.Dwellings.Building Type.LowMed Density.Vintage,Service,SK,Residential,Vintage,>2035,lifetime,,,,constant_tech,Years,65,65,65,65,65,65,65,65,65,65,65,
CIMS.CAN.SK.Residential.Dwellings.Building Type.LowMed Density.Vintage,Service,SK,Residential,Vintage,>2035,retrofit_existing_max,,,,constant_tech,%,0,0,0,0,0,0,0,0,0,0,0,
CIMS.CAN.SK.Residential.Dwellings.Building Type.LowMed Density.Vintage,Service,SK,Residential,Vintage,>2035,service_request,,,CIMS.CAN.SK.Residential.Dwellings.Building Type.LowMed Density.Vintage.>2035 Bldg Code,annual_tech,GJ,1,1,1,1,1,1,1,1,1,1,1,
CIMS.CAN.SK.Residential.Dwellings.Building Type.LowMed Density.Vintage.<1960 Bldg Code,Service,SK,Residential,<1960 Bldg Code,,service_provide,,,,constant_tech,m2,,,,,,,,,,,,
CIMS.CAN.SK.Residential.Dwellings.Building Type.LowMed Density.Vintage.<1960 Bldg Code,Service,SK,Residential,<1960 Bldg Code,,competition,Tech Compete,,,,,,,,,,,,,,,,
CIMS.CAN.SK.Residential.Dwellings.Building Type.LowMed Density.Vintage.<1960 Bldg Code,Service,SK,Residential,<1960 Bldg Code,,discount_rate_financial,,,,constant_tech,%,0.25,0.25,0.25,0.25,0.25,0.25,0.25,0.25,0.25,0.25,0.25,
CIMS.CAN.SK.Residential.Dwellings.Building Type.LowMed Density.Vintage.<1960 Bldg Code,Service,SK,Residential,<1960 Bldg Code,,heterogeneity,,,,constant_tech,,10,10,10,10,10,10,10,10,10,10,10,
CIMS.CAN.SK.Residential.Dwellings.Building Type.LowMed Density.Vintage.<1960 Bldg Code,Service,SK,Residential,<1960 Bldg Code,Reference,technology,,,,,,,,,,,,,,,,,
CIMS.CAN.SK.Residential.Dwellings.Building Type.LowMed Density.Vintage.<1960 Bldg Code,Service,SK,Residential,<1960 Bldg Code,Reference,available,,,,constant_tech,Year,1945,1945,1945,1945,1945,1945,1945,1945,1945,1945,1945,
CIMS.CAN.SK.Residential.Dwellings.Building Type.LowMed Density.Vintage.<1960 Bldg Code,Service,SK,Residential,<1960 Bldg Code,Reference,unavailable,,,,constant_tech,Year,2001,2001,2001,2001,2001,2001,2001,2001,2001,2001,2001,
CIMS.CAN.SK.Residential.Dwellings.Building Type.LowMed Density.Vintage.<1960 Bldg Code,Service,SK,Residential,<1960 Bldg Code,Reference,lifetime,,,,constant_tech,Years,90,90,90,90,90,90,90,90,90,90,90,
CIMS.CAN.SK.Residential.Dwellings.Building Type.LowMed Density.Vintage.<1960 Bldg Code,Service,SK,Residential,<1960 Bldg Code,Reference,market_share_total,,,,annual_tech,%,1,,,,,,,,,,,
CIMS.CAN.SK.Residential.Dwellings.Building Type.LowMed Density.Vintage.<1960 Bldg Code,Service,SK,Residential,<1960 Bldg Code,Reference,service_request,,,CIMS.CAN.SK.Residential.Dwellings.Building Type.LowMed Density.Vintage.<1960 Bldg Code.Heating (Cold),annual_region_tech,GJ,0.85974476963464,0.73472362478821,0.89331847812579,0.84091184237716,0.95529078984797,0.95529078984797,0.95529078984797,0.95529078984797,0.95529078984797,0.95529078984797,0.95529078984797,
CIMS.CAN.SK.Residential.Dwellings.Building Type.LowMed Density.Vintage.<1960 Bldg Code,Service,SK,Residential,<1960 Bldg Code,Retrofit Average,technology,,,,,,,,,,,,,,,,,
CIMS.CAN.SK.Residential.Dwellings.Building Type.LowMed Density.Vintage.<1960 Bldg Code,Service,SK,Residential,<1960 Bldg Code,Retrofit Average,available,,,,constant_tech,Year,1945,1945,1945,1945,1945,1945,1945,1945,1945,1945,1945,
CIMS.CAN.SK.Residential.Dwellings.Building Type.LowMed Density.Vintage.<1960 Bldg Code,Service,SK,Residential,<1960 Bldg Code,Retrofit Average,unavailable,,,,constant_tech,Year,2101,2101,2101,2101,2101,2101,2101,2101,2101,2101,2101,
CIMS.CAN.SK.Residential.Dwellings.Building Type.LowMed Density.Vintage.<1960 Bldg Code,Service,SK,Residential,<1960 Bldg Code,Retrofit Average,lifetime,,,,constant_tech,Years,90,90,90,90,90,90,90,90,90,90,90,
CIMS.CAN.SK.Residential.Dwellings.Building Type.LowMed Density.Vintage.<1960 Bldg Code,Service,SK,Residential,<1960 Bldg Code,Retrofit Average,market_share_total,,,,annual_tech,%,0,,,,,,,,,,,
CIMS.CAN.SK.Residential.Dwellings.Building Type.LowMed Density.Vintage.<1960 Bldg Code,Service,SK,Residential,<1960 Bldg Code,Retrofit Average,fcc,,,,constant_tech,$,1565,1565,1565,1565,1565,1565,1565,1565,1565,1565,1565,
CIMS.CAN.SK.Residential.Dwellings.Building Type.LowMed Density.Vintage.<1960 Bldg Code,Service,SK,Residential,<1960 Bldg Code,Retrofit Average,market_share_new_max,,,,constant_tech,%,0,0,0,0,0,0,0,0,0,0,0,
CIMS.CAN.SK.Residential.Dwellings.Building Type.LowMed Density.Vintage.<1960 Bldg Code,Service,SK,Residential,<1960 Bldg Code,Retrofit Average,service_request,,,CIMS.CAN.SK.Residential.Dwellings.Building Type.LowMed Density.Vintage.<1960 Bldg Code.Heating (Cold),annual_region_tech,GJ,0.60182133874425,0.51430653735175,0.62532293468805,0.58863828966401,0.66870355289358,0.66870355289358,0.66870355289358,0.66870355289358,0.66870355289358,0.66870355289358,0.66870355289358,
CIMS.CAN.SK.Residential.Dwellings.Building Type.LowMed Density.Vintage.<1960 Bldg Code,Service,SK,Residential,<1960 Bldg Code,Retrofit Deep,technology,,,,,,,,,,,,,,,,,
CIMS.CAN.SK.Residential.Dwellings.Building Type.LowMed Density.Vintage.<1960 Bldg Code,Service,SK,Residential,<1960 Bldg Code,Retrofit Deep,available,,,,constant_tech,Year,1945,1945,1945,1945,1945,1945,1945,1945,1945,1945,1945,
CIMS.CAN.SK.Residential.Dwellings.Building Type.LowMed Density.Vintage.<1960 Bldg Code,Service,SK,Residential,<1960 Bldg Code,Retrofit Deep,unavailable,,,,constant_tech,Year,2101,2101,2101,2101,2101,2101,2101,2101,2101,2101,2101,
CIMS.CAN.SK.Residential.Dwellings.Building Type.LowMed Density.Vintage.<1960 Bldg Code,Service,SK,Residential,<1960 Bldg Code,Retrofit Deep,lifetime,,,,constant_tech,Years,90,90,90,90,90,90,90,90,90,90,90,
CIMS.CAN.SK.Residential.Dwellings.Building Type.LowMed Density.Vintage.<1960 Bldg Code,Service,SK,Residential,<1960 Bldg Code,Retrofit Deep,market_share_total,,,,annual_tech,%,0,,,,,,,,,,,
CIMS.CAN.SK.Residential.Dwellings.Building Type.LowMed Density.Vintage.<1960 Bldg Code,Service,SK,Residential,<1960 Bldg Code,Retrofit Deep,fcc,,,,constant_tech,$,3130,3130,3130,3130,3130,3130,3130,3130,3130,3130,3130,
CIMS.CAN.SK.Residential.Dwellings.Building Type.LowMed Density.Vintage.<1960 Bldg Code,Service,SK,Residential,<1960 Bldg Code,Retrofit Deep,market_share_new_max,,,,constant_tech,%,0,0,0,0,0,0,0,0,0,0,0,
CIMS.CAN.SK.Residential.Dwellings.Building Type.LowMed Density.Vintage.<1960 Bldg Code,Service,SK,Residential,<1960 Bldg Code,Retrofit Deep,service_request,,,CIMS.CAN.SK.Residential.Dwellings.Building Type.LowMed Density.Vintage.<1960 Bldg Code.Heating (Cold),annual_region_tech,GJ,0.42987238481732,0.3673618123941,0.44665923906289,0.42045592118858,0.47764539492398,0.47764539492398,0.47764539492398,0.47764539492398,0.47764539492398,0.47764539492398,0.47764539492398,
CIMS.CAN.SK.Residential.Dwellings.Building Type.LowMed Density.Vintage.<1960 Bldg Code.Heating (Cold),Service,SK,Residential,Heating (Cold),,service_provide,,,,constant_tech,GJ of heat,,,,,,,,,,,,
CIMS.CAN.SK.Residential.Dwellings.Building Type.LowMed Density.Vintage.<1960 Bldg Code.Heating (Cold),Service,SK,Residential,Heating (Cold),,competition,Tech Compete,,,,,,,,,,,,,,,,
CIMS.CAN.SK.Residential.Dwellings.Building Type.LowMed Density.Vintage.<1960 Bldg Code.Heating (Cold),Service,SK,Residential,Heating (Cold),,discount_rate_financial,,,,constant_tech,%,0.25,0.25,0.25,0.25,0.25,0.25,0.25,0.25,0.25,0.25,0.25,
CIMS.CAN.SK.Residential.Dwellings.Building Type.LowMed Density.Vintage.<1960 Bldg Code.Heating (Cold),Service,SK,Residential,Heating (Cold),,inheritance,intercept_retirement,,,constant_tech,,FALSE,FALSE,FALSE,FALSE,FALSE,FALSE,FALSE,FALSE,FALSE,FALSE,FALSE,
CIMS.CAN.SK.Residential.Dwellings.Building Type.LowMed Density.Vintage.<1960 Bldg Code.Heating (Cold),Service,SK,Residential,Heating (Cold),,heterogeneity,,,,constant_tech,,10,10,10,10,10,10,10,10,10,10,10,
CIMS.CAN.SK.Residential.Dwellings.Building Type.LowMed Density.Vintage.<1960 Bldg Code.Heating (Cold),Service,SK,Residential,Heating (Cold),NG - Existing,technology,,,,,,,,,,,,,,,,,
CIMS.CAN.SK.Residential.Dwellings.Building Type.LowMed Density.Vintage.<1960 Bldg Code.Heating (Cold),Service,SK,Residential,Heating (Cold),NG - Existing,available,,,,constant_tech,Year,1950,1950,1950,1950,1950,1950,1950,1950,1950,1950,1950,
CIMS.CAN.SK.Residential.Dwellings.Building Type.LowMed Density.Vintage.<1960 Bldg Code.Heating (Cold),Service,SK,Residential,Heating (Cold),NG - Existing,unavailable,,,,constant_tech,Year,2001,2001,2001,2001,2001,2001,2001,2001,2001,2001,2001,
CIMS.CAN.SK.Residential.Dwellings.Building Type.LowMed Density.Vintage.<1960 Bldg Code.Heating (Cold),Service,SK,Residential,Heating (Cold),NG - Existing,lifetime,,,,constant_tech,Years,14,14,14,14,14,14,14,14,14,14,14,
CIMS.CAN.SK.Residential.Dwellings.Building Type.LowMed Density.Vintage.<1960 Bldg Code.Heating (Cold),Service,SK,Residential,Heating (Cold),NG - Existing,market_share_total,,,,annual_region_tech,%,0.4982893212173,,,,,,,,,,,
CIMS.CAN.SK.Residential.Dwellings.Building Type.LowMed Density.Vintage.<1960 Bldg Code.Heating (Cold),Service,SK,Residential,Heating (Cold),NG - Existing,output,,,,constant_tech,node unit,31.399776,31.399776,31.399776,31.399776,31.399776,31.399776,31.399776,31.399776,31.399776,31.399776,31.399776,
CIMS.CAN.SK.Residential.Dwellings.Building Type.LowMed Density.Vintage.<1960 Bldg Code.Heating (Cold),Service,SK,Residential,Heating (Cold),NG - Existing,fcc,,,,constant_tech,$,3603.875433,3603.875433,3603.875433,3603.875433,3603.875433,3603.875433,3603.875433,3603.875433,3603.875433,3603.875433,3603.875433,
CIMS.CAN.SK.Residential.Dwellings.Building Type.LowMed Density.Vintage.<1960 Bldg Code.Heating (Cold),Service,SK,Residential,Heating (Cold),NG - Existing,fom,,,,constant_tech,$,75.08073818,75.08073818,75.08073818,75.08073818,75.08073818,75.08073818,75.08073818,75.08073818,75.08073818,75.08073818,75.08073818,
CIMS.CAN.SK.Residential.Dwellings.Building Type.LowMed Density.Vintage.<1960 Bldg Code.Heating (Cold),Service,SK,Residential,Heating (Cold),NG - Existing,service_request,,,CIMS.CAN.SK.Residential.Methane Blend,annual_tech,GJ,1.6935483873,1.6935483873,1.6935483873,1.6935483873,1.6935483873,1.6935483873,1.6935483873,1.6935483873,1.6935483873,1.6935483873,1.6935483873,
CIMS.CAN.SK.Residential.Dwellings.Building Type.LowMed Density.Vintage.<1960 Bldg Code.Heating (Cold),Service,SK,Residential,Heating (Cold),NG - Standard Efficiency,technology,,,,,,,,,,,,,,,,,
CIMS.CAN.SK.Residential.Dwellings.Building Type.LowMed Density.Vintage.<1960 Bldg Code.Heating (Cold),Service,SK,Residential,Heating (Cold),NG - Standard Efficiency,available,,,,constant_tech,Year,1990,1990,1990,1990,1990,1990,1990,1990,1990,1990,1990,
CIMS.CAN.SK.Residential.Dwellings.Building Type.LowMed Density.Vintage.<1960 Bldg Code.Heating (Cold),Service,SK,Residential,Heating (Cold),NG - Standard Efficiency,unavailable,,,,constant_tech,Year,2101,2101,2101,2101,2101,2101,2101,2101,2101,2101,2101,
CIMS.CAN.SK.Residential.Dwellings.Building Type.LowMed Density.Vintage.<1960 Bldg Code.Heating (Cold),Service,SK,Residential,Heating (Cold),NG - Standard Efficiency,lifetime,,,,constant_tech,Years,19,19,19,19,19,19,19,19,19,19,19,
CIMS.CAN.SK.Residential.Dwellings.Building Type.LowMed Density.Vintage.<1960 Bldg Code.Heating (Cold),Service,SK,Residential,Heating (Cold),NG - Standard Efficiency,market_share_total,,,,annual_region_tech,%,0.21936024882601,,,,,,,,,,,
CIMS.CAN.SK.Residential.Dwellings.Building Type.LowMed Density.Vintage.<1960 Bldg Code.Heating (Cold),Service,SK,Residential,Heating (Cold),NG - Standard Efficiency,output,,,,constant_tech,node unit,31.399776,31.399776,31.399776,31.399776,31.399776,31.399776,31.399776,31.399776,31.399776,31.399776,31.399776,
CIMS.CAN.SK.Residential.Dwellings.Building Type.LowMed Density.Vintage.<1960 Bldg Code.Heating (Cold),Service,SK,Residential,Heating (Cold),NG - Standard Efficiency,fcc,,,,constant_tech,$,5005.382545,5005.382545,5005.382545,5005.382545,5005.382545,5005.382545,5005.382545,5005.382545,5005.382545,5005.382545,5005.382545,
CIMS.CAN.SK.Residential.Dwellings.Building Type.LowMed Density.Vintage.<1960 Bldg Code.Heating (Cold),Service,SK,Residential,Heating (Cold),NG - Standard Efficiency,fom,,,,constant_tech,$,162.6749327,162.6749327,162.6749327,162.6749327,162.6749327,162.6749327,162.6749327,162.6749327,162.6749327,162.6749327,162.6749327,
CIMS.CAN.SK.Residential.Dwellings.Building Type.LowMed Density.Vintage.<1960 Bldg Code.Heating (Cold),Service,SK,Residential,Heating (Cold),NG - Standard Efficiency,service_request,,,CIMS.CAN.SK.Residential.Methane Blend,annual_tech,GJ,1.32911392425,1.32911392425,1.32911392425,1.32911392425,1.32911392425,1.32911392425,1.32911392425,1.32911392425,1.32911392425,1.32911392425,1.32911392425,
CIMS.CAN.SK.Residential.Dwellings.Building Type.LowMed Density.Vintage.<1960 Bldg Code.Heating (Cold),Service,SK,Residential,Heating (Cold),NG - High Efficiency,technology,,,,,,,,,,,,,,,,,
CIMS.CAN.SK.Residential.Dwellings.Building Type.LowMed Density.Vintage.<1960 Bldg Code.Heating (Cold),Service,SK,Residential,Heating (Cold),NG - High Efficiency,available,,,,constant_tech,Year,2000,2000,2000,2000,2000,2000,2000,2000,2000,2000,2000,
CIMS.CAN.SK.Residential.Dwellings.Building Type.LowMed Density.Vintage.<1960 Bldg Code.Heating (Cold),Service,SK,Residential,Heating (Cold),NG - High Efficiency,unavailable,,,,constant_tech,Year,2101,2101,2101,2101,2101,2101,2101,2101,2101,2101,2101,
CIMS.CAN.SK.Residential.Dwellings.Building Type.LowMed Density.Vintage.<1960 Bldg Code.Heating (Cold),Service,SK,Residential,Heating (Cold),NG - High Efficiency,lifetime,,,,constant_tech,Years,19,19,19,19,19,19,19,19,19,19,19,
CIMS.CAN.SK.Residential.Dwellings.Building Type.LowMed Density.Vintage.<1960 Bldg Code.Heating (Cold),Service,SK,Residential,Heating (Cold),NG - High Efficiency,market_share_total,,,,annual_region_tech,%,0.16145331463073,,,,,,,,,,,
CIMS.CAN.SK.Residential.Dwellings.Building Type.LowMed Density.Vintage.<1960 Bldg Code.Heating (Cold),Service,SK,Residential,Heating (Cold),NG - High Efficiency,output,,,,constant_tech,node unit,31.399776,31.399776,31.399776,31.399776,31.399776,31.399776,31.399776,31.399776,31.399776,31.399776,31.399776,
CIMS.CAN.SK.Residential.Dwellings.Building Type.LowMed Density.Vintage.<1960 Bldg Code.Heating (Cold),Service,SK,Residential,Heating (Cold),NG - High Efficiency,fcc,,,,constant_tech,$,6231.7012692,6231.7012692,6231.7012692,6231.7012692,6231.7012692,6231.7012692,6231.7012692,6231.7012692,6231.7012692,6231.7012692,6231.7012692,
CIMS.CAN.SK.Residential.Dwellings.Building Type.LowMed Density.Vintage.<1960 Bldg Code.Heating (Cold),Service,SK,Residential,Heating (Cold),NG - High Efficiency,fom,,,,constant_tech,$,162.6749327,162.6749327,162.6749327,162.6749327,162.6749327,162.6749327,162.6749327,162.6749327,162.6749327,162.6749327,162.6749327,
CIMS.CAN.SK.Residential.Dwellings.Building Type.LowMed Density.Vintage.<1960 Bldg Code.Heating (Cold),Service,SK,Residential,Heating (Cold),NG - High Efficiency,service_request,,,CIMS.CAN.SK.Residential.Methane Blend,annual_tech,GJ,1.16666666655,1.16666666655,1.16666666655,1.16666666655,1.16666666655,1.16666666655,1.16666666655,1.16666666655,1.16666666655,1.16666666655,1.16666666655,
CIMS.CAN.SK.Residential.Dwellings.Building Type.LowMed Density.Vintage.<1960 Bldg Code.Heating (Cold),Service,SK,Residential,Heating (Cold),NG - ASHP / NG - backup,technology,,,,,,,,,,,,,,,,,
CIMS.CAN.SK.Residential.Dwellings.Building Type.LowMed Density.Vintage.<1960 Bldg Code.Heating (Cold),Service,SK,Residential,Heating (Cold),NG - ASHP / NG - backup,available,,,,constant_tech,Year,2000,2000,2000,2000,2000,2000,2000,2000,2000,2000,2000,
CIMS.CAN.SK.Residential.Dwellings.Building Type.LowMed Density.Vintage.<1960 Bldg Code.Heating (Cold),Service,SK,Residential,Heating (Cold),NG - ASHP / NG - backup,unavailable,,,,constant_tech,Year,2101,2101,2101,2101,2101,2101,2101,2101,2101,2101,2101,
CIMS.CAN.SK.Residential.Dwellings.Building Type.LowMed Density.Vintage.<1960 Bldg Code.Heating (Cold),Service,SK,Residential,Heating (Cold),NG - ASHP / NG - backup,lifetime,,,,constant_tech,Years,15,15,15,15,15,15,15,15,15,15,15,
CIMS.CAN.SK.Residential.Dwellings.Building Type.LowMed Density.Vintage.<1960 Bldg Code.Heating (Cold),Service,SK,Residential,Heating (Cold),NG - ASHP / NG - backup,market_share_total,,,,annual_region_tech,%,0,,,,,,,,,,,
CIMS.CAN.SK.Residential.Dwellings.Building Type.LowMed Density.Vintage.<1960 Bldg Code.Heating (Cold),Service,SK,Residential,Heating (Cold),NG - ASHP / NG - backup,output,,,,constant_tech,node unit,31.399776,31.399776,31.399776,31.399776,31.399776,31.399776,31.399776,31.399776,31.399776,31.399776,31.399776,
CIMS.CAN.SK.Residential.Dwellings.Building Type.LowMed Density.Vintage.<1960 Bldg Code.Heating (Cold),Service,SK,Residential,Heating (Cold),NG - ASHP / NG - backup,fcc,,,,constant_tech,$,20015.27345,20015.27345,20015.27345,20015.27345,20015.27345,20015.27345,20015.27345,20015.27345,20015.27345,20015.27345,20015.27345,
CIMS.CAN.SK.Residential.Dwellings.Building Type.LowMed Density.Vintage.<1960 Bldg Code.Heating (Cold),Service,SK,Residential,Heating (Cold),NG - ASHP / NG - backup,fom,,,,constant_tech,$,250.2691273,250.2691273,250.2691273,250.2691273,250.2691273,250.2691273,250.2691273,250.2691273,250.2691273,250.2691273,250.2691273,
CIMS.CAN.SK.Residential.Dwellings.Building Type.LowMed Density.Vintage.<1960 Bldg Code.Heating (Cold),Service,SK,Residential,Heating (Cold),NG - ASHP / NG - backup,service_request,,,CIMS.CAN.SK.Residential.Methane Blend,annual_tech,GJ,2.1593627892625,2.1593627892625,2.1593627892625,2.1593627892625,2.1593627892625,2.1593627892625,2.1593627892625,2.1593627892625,2.1593627892625,2.1593627892625,2.1593627892625,
CIMS.CAN.SK.Residential.Dwellings.Building Type.LowMed Density.Vintage.<1960 Bldg Code.Heating (Cold),Service,SK,Residential,Heating (Cold),NG - ASHP / NG - backup,service_request,,,CIMS.CAN.SK.Residential.Dwellings.Building Type.LowMed Density.Cooling,annual_tech,GJ of cooling,-0.004568364,-0.004568364,-0.004568364,-0.004568364,-0.004568364,-0.004568364,-0.004568364,-0.004568364,-0.004568364,-0.004568364,-0.004568364,
CIMS.CAN.SK.Residential.Dwellings.Building Type.LowMed Density.Vintage.<1960 Bldg Code.Heating (Cold),Service,SK,Residential,Heating (Cold),Electric - Standard Efficiency,technology,,,,,,,,,,,,,,,,,
CIMS.CAN.SK.Residential.Dwellings.Building Type.LowMed Density.Vintage.<1960 Bldg Code.Heating (Cold),Service,SK,Residential,Heating (Cold),Electric - Standard Efficiency,available,,,,constant_tech,Year,1950,1950,1950,1950,1950,1950,1950,1950,1950,1950,1950,
CIMS.CAN.SK.Residential.Dwellings.Building Type.LowMed Density.Vintage.<1960 Bldg Code.Heating (Cold),Service,SK,Residential,Heating (Cold),Electric - Standard Efficiency,unavailable,,,,constant_tech,Year,2101,2101,2101,2101,2101,2101,2101,2101,2101,2101,2101,
CIMS.CAN.SK.Residential.Dwellings.Building Type.LowMed Density.Vintage.<1960 Bldg Code.Heating (Cold),Service,SK,Residential,Heating (Cold),Electric - Standard Efficiency,lifetime,,,,constant_tech,Years,22.5,22.5,22.5,22.5,22.5,22.5,22.5,22.5,22.5,22.5,22.5,
CIMS.CAN.SK.Residential.Dwellings.Building Type.LowMed Density.Vintage.<1960 Bldg Code.Heating (Cold),Service,SK,Residential,Heating (Cold),Electric - Standard Efficiency,market_share_total,,,,annual_region_tech,%,0.02779471854608,,,,,,,,,,,
CIMS.CAN.SK.Residential.Dwellings.Building Type.LowMed Density.Vintage.<1960 Bldg Code.Heating (Cold),Service,SK,Residential,Heating (Cold),Electric - Standard Efficiency,output,,,,constant_tech,node unit,31.399776,31.399776,31.399776,31.399776,31.399776,31.399776,31.399776,31.399776,31.399776,31.399776,31.399776,
CIMS.CAN.SK.Residential.Dwellings.Building Type.LowMed Density.Vintage.<1960 Bldg Code.Heating (Cold),Service,SK,Residential,Heating (Cold),Electric - Standard Efficiency,fcc,,,,constant_tech,$,3822.860919,3822.860919,3822.860919,3822.860919,3822.860919,3822.860919,3822.860919,3822.860919,3822.860919,3822.860919,3822.860919,
CIMS.CAN.SK.Residential.Dwellings.Building Type.LowMed Density.Vintage.<1960 Bldg Code.Heating (Cold),Service,SK,Residential,Heating (Cold),Electric - Standard Efficiency,service_request,,,CIMS.CAN.SK.Electricity,annual_tech,GJ,1,1,1,1,1,1,1,1,1,1,1,
CIMS.CAN.SK.Residential.Dwellings.Building Type.LowMed Density.Vintage.<1960 Bldg Code.Heating (Cold),Service,SK,Residential,Heating (Cold),Electric - ASHP / NG - backup,technology,,,,,,,,,,,,,,,,,
CIMS.CAN.SK.Residential.Dwellings.Building Type.LowMed Density.Vintage.<1960 Bldg Code.Heating (Cold),Service,SK,Residential,Heating (Cold),Electric - ASHP / NG - backup,available,,,,constant_tech,Year,2000,2000,2000,2000,2000,2000,2000,2000,2000,2000,2000,
CIMS.CAN.SK.Residential.Dwellings.Building Type.LowMed Density.Vintage.<1960 Bldg Code.Heating (Cold),Service,SK,Residential,Heating (Cold),Electric - ASHP / NG - backup,unavailable,,,,constant_tech,Year,2101,2101,2101,2101,2101,2101,2101,2101,2101,2101,2101,
CIMS.CAN.SK.Residential.Dwellings.Building Type.LowMed Density.Vintage.<1960 Bldg Code.Heating (Cold),Service,SK,Residential,Heating (Cold),Electric - ASHP / NG - backup,lifetime,,,,constant_tech,Years,15.5,15.5,15.5,15.5,15.5,15.5,15.5,15.5,15.5,15.5,15.5,
CIMS.CAN.SK.Residential.Dwellings.Building Type.LowMed Density.Vintage.<1960 Bldg Code.Heating (Cold),Service,SK,Residential,Heating (Cold),Electric - ASHP / NG - backup,market_share_total,,,,annual_region_tech,%,0.02034213575654,,,,,,,,,,,
CIMS.CAN.SK.Residential.Dwellings.Building Type.LowMed Density.Vintage.<1960 Bldg Code.Heating (Cold),Service,SK,Residential,Heating (Cold),Electric - ASHP / NG - backup,output,,,,constant_tech,node unit,31.399776,31.399776,31.399776,31.399776,31.399776,31.399776,31.399776,31.399776,31.399776,31.399776,31.399776,
CIMS.CAN.SK.Residential.Dwellings.Building Type.LowMed Density.Vintage.<1960 Bldg Code.Heating (Cold),Service,SK,Residential,Heating (Cold),Electric - ASHP / NG - backup,fcc,,,,constant_tech,$,9647.874856,9647.874856,9647.874856,9647.874856,9647.874856,9647.874856,9647.874856,9647.874856,9647.874856,9647.874856,9647.874856,
CIMS.CAN.SK.Residential.Dwellings.Building Type.LowMed Density.Vintage.<1960 Bldg Code.Heating (Cold),Service,SK,Residential,Heating (Cold),Electric - ASHP / NG - backup,fom,,,,constant_tech,$,269.0393118,269.0393118,269.0393118,269.0393118,269.0393118,269.0393118,269.0393118,269.0393118,269.0393118,269.0393118,269.0393118,
CIMS.CAN.SK.Residential.Dwellings.Building Type.LowMed Density.Vintage.<1960 Bldg Code.Heating (Cold),Service,SK,Residential,Heating (Cold),Electric - ASHP / NG - backup,service_request,,,CIMS.CAN.SK.Electricity,annual_tech,GJ,0.72747607755,0.72747607755,0.72747607755,0.72747607755,0.72747607755,0.72747607755,0.72747607755,0.72747607755,0.72747607755,0.72747607755,0.72747607755,
CIMS.CAN.SK.Residential.Dwellings.Building Type.LowMed Density.Vintage.<1960 Bldg Code.Heating (Cold),Service,SK,Residential,Heating (Cold),Electric - ASHP / NG - backup,service_request,,,CIMS.CAN.SK.Residential.Methane Blend,annual_tech,GJ,0.0583333333275,0.0583333333275,0.0583333333275,0.0583333333275,0.0583333333275,0.0583333333275,0.0583333333275,0.0583333333275,0.0583333333275,0.0583333333275,0.0583333333275,
CIMS.CAN.SK.Residential.Dwellings.Building Type.LowMed Density.Vintage.<1960 Bldg Code.Heating (Cold),Service,SK,Residential,Heating (Cold),Electric - ASHP / NG - backup,service_request,,,CIMS.CAN.SK.Residential.Dwellings.Building Type.LowMed Density.Cooling,annual_tech,GJ of cooling,-0.004568364,-0.004568364,-0.004568364,-0.004568364,-0.004568364,-0.004568364,-0.004568364,-0.004568364,-0.004568364,-0.004568364,-0.004568364,
CIMS.CAN.SK.Residential.Dwellings.Building Type.LowMed Density.Vintage.<1960 Bldg Code.Heating (Cold),Service,SK,Residential,Heating (Cold),Electric - ASHP / Electric - backup,technology,,,,,,,,,,,,,,,,,
CIMS.CAN.SK.Residential.Dwellings.Building Type.LowMed Density.Vintage.<1960 Bldg Code.Heating (Cold),Service,SK,Residential,Heating (Cold),Electric - ASHP / Electric - backup,available,,,,constant_tech,Year,2000,2000,2000,2000,2000,2000,2000,2000,2000,2000,2000,
CIMS.CAN.SK.Residential.Dwellings.Building Type.LowMed Density.Vintage.<1960 Bldg Code.Heating (Cold),Service,SK,Residential,Heating (Cold),Electric - ASHP / Electric - backup,unavailable,,,,constant_tech,Year,2101,2101,2101,2101,2101,2101,2101,2101,2101,2101,2101,
CIMS.CAN.SK.Residential.Dwellings.Building Type.LowMed Density.Vintage.<1960 Bldg Code.Heating (Cold),Service,SK,Residential,Heating (Cold),Electric - ASHP / Electric - backup,lifetime,,,,constant_tech,Years,15.5,15.5,15.5,15.5,15.5,15.5,15.5,15.5,15.5,15.5,15.5,
CIMS.CAN.SK.Residential.Dwellings.Building Type.LowMed Density.Vintage.<1960 Bldg Code.Heating (Cold),Service,SK,Residential,Heating (Cold),Electric - ASHP / Electric - backup,market_share_total,,,,annual_region_tech,%,0,,,,,,,,,,,
CIMS.CAN.SK.Residential.Dwellings.Building Type.LowMed Density.Vintage.<1960 Bldg Code.Heating (Cold),Service,SK,Residential,Heating (Cold),Electric - ASHP / Electric - backup,output,,,,constant_tech,node unit,31.399776,31.399776,31.399776,31.399776,31.399776,31.399776,31.399776,31.399776,31.399776,31.399776,31.399776,
CIMS.CAN.SK.Residential.Dwellings.Building Type.LowMed Density.Vintage.<1960 Bldg Code.Heating (Cold),Service,SK,Residential,Heating (Cold),Electric - ASHP / Electric - backup,fcc,,,,constant_tech,$,9373.830161,9373.830161,9373.830161,9373.830161,9373.830161,9373.830161,9373.830161,9373.830161,9373.830161,9373.830161,9373.830161,
CIMS.CAN.SK.Residential.Dwellings.Building Type.LowMed Density.Vintage.<1960 Bldg Code.Heating (Cold),Service,SK,Residential,Heating (Cold),Electric - ASHP / Electric - backup,fom,,,,constant_tech,$,106.3643791,106.3643791,106.3643791,106.3643791,106.3643791,106.3643791,106.3643791,106.3643791,106.3643791,106.3643791,106.3643791,
CIMS.CAN.SK.Residential.Dwellings.Building Type.LowMed Density.Vintage.<1960 Bldg Code.Heating (Cold),Service,SK,Residential,Heating (Cold),Electric - ASHP / Electric - backup,service_request,,,CIMS.CAN.SK.Electricity,annual_tech,GJ,0.77747607755,0.77747607755,0.77747607755,0.77747607755,0.77747607755,0.77747607755,0.77747607755,0.77747607755,0.77747607755,0.77747607755,0.77747607755,
CIMS.CAN.SK.Residential.Dwellings.Building Type.LowMed Density.Vintage.<1960 Bldg Code.Heating (Cold),Service,SK,Residential,Heating (Cold),Electric - ASHP / Electric - backup,service_request,,,CIMS.CAN.SK.Residential.Dwellings.Building Type.LowMed Density.Cooling,annual_tech,GJ of cooling,-0.004568364,-0.004568364,-0.004568364,-0.004568364,-0.004568364,-0.004568364,-0.004568364,-0.004568364,-0.004568364,-0.004568364,-0.004568364,
CIMS.CAN.SK.Residential.Dwellings.Building Type.LowMed Density.Vintage.<1960 Bldg Code.Heating (Cold),Service,SK,Residential,Heating (Cold),Heating Oil - Existing,technology,,,,,,,,,,,,,,,,,
CIMS.CAN.SK.Residential.Dwellings.Building Type.LowMed Density.Vintage.<1960 Bldg Code.Heating (Cold),Service,SK,Residential,Heating (Cold),Heating Oil - Existing,available,,,,constant_tech,Year,1950,1950,1950,1950,1950,1950,1950,1950,1950,1950,1950,
CIMS.CAN.SK.Residential.Dwellings.Building Type.LowMed Density.Vintage.<1960 Bldg Code.Heating (Cold),Service,SK,Residential,Heating (Cold),Heating Oil - Existing,unavailable,,,,constant_tech,Year,2001,2001,2001,2001,2001,2001,2001,2001,2001,2001,2001,
CIMS.CAN.SK.Residential.Dwellings.Building Type.LowMed Density.Vintage.<1960 Bldg Code.Heating (Cold),Service,SK,Residential,Heating (Cold),Heating Oil - Existing,lifetime,,,,constant_tech,Years,23,23,23,23,23,23,23,23,23,23,23,
CIMS.CAN.SK.Residential.Dwellings.Building Type.LowMed Density.Vintage.<1960 Bldg Code.Heating (Cold),Service,SK,Residential,Heating (Cold),Heating Oil - Existing,market_share_total,,,,annual_region_tech,%,0.01813746417028,,,,,,,,,,,
CIMS.CAN.SK.Residential.Dwellings.Building Type.LowMed Density.Vintage.<1960 Bldg Code.Heating (Cold),Service,SK,Residential,Heating (Cold),Heating Oil - Existing,output,,,,constant_tech,node unit,31.399776,31.399776,31.399776,31.399776,31.399776,31.399776,31.399776,31.399776,31.399776,31.399776,31.399776,
CIMS.CAN.SK.Residential.Dwellings.Building Type.LowMed Density.Vintage.<1960 Bldg Code.Heating (Cold),Service,SK,Residential,Heating (Cold),Heating Oil - Existing,fcc,,,,constant_tech,$,5943.891772,5943.891772,5943.891772,5943.891772,5943.891772,5943.891772,5943.891772,5943.891772,5943.891772,5943.891772,5943.891772,
CIMS.CAN.SK.Residential.Dwellings.Building Type.LowMed Density.Vintage.<1960 Bldg Code.Heating (Cold),Service,SK,Residential,Heating (Cold),Heating Oil - Existing,fom,,,,constant_tech,$,100.1076509,100.1076509,100.1076509,100.1076509,100.1076509,100.1076509,100.1076509,100.1076509,100.1076509,100.1076509,100.1076509,
CIMS.CAN.SK.Residential.Dwellings.Building Type.LowMed Density.Vintage.<1960 Bldg Code.Heating (Cold),Service,SK,Residential,Heating (Cold),Heating Oil - Existing,service_request,,,CIMS.Generic Fuels.Fuel Oil,annual_tech,GJ,1.666666667,1.666666667,1.666666667,1.666666667,1.666666667,1.666666667,1.666666667,1.666666667,1.666666667,1.666666667,1.666666667,
CIMS.CAN.SK.Residential.Dwellings.Building Type.LowMed Density.Vintage.<1960 Bldg Code.Heating (Cold),Service,SK,Residential,Heating (Cold),Heating Oil - High Efficiency,technology,,,,,,,,,,,,,,,,,
CIMS.CAN.SK.Residential.Dwellings.Building Type.LowMed Density.Vintage.<1960 Bldg Code.Heating (Cold),Service,SK,Residential,Heating (Cold),Heating Oil - High Efficiency,available,,,,constant_tech,Year,2000,2000,2000,2000,2000,2000,2000,2000,2000,2000,2000,
CIMS.CAN.SK.Residential.Dwellings.Building Type.LowMed Density.Vintage.<1960 Bldg Code.Heating (Cold),Service,SK,Residential,Heating (Cold),Heating Oil - High Efficiency,unavailable,,,,constant_tech,Year,2101,2101,2101,2101,2101,2101,2101,2101,2101,2101,2101,
CIMS.CAN.SK.Residential.Dwellings.Building Type.LowMed Density.Vintage.<1960 Bldg Code.Heating (Cold),Service,SK,Residential,Heating (Cold),Heating Oil - High Efficiency,lifetime,,,,constant_tech,Years,23,23,23,23,23,23,23,23,23,23,23,
CIMS.CAN.SK.Residential.Dwellings.Building Type.LowMed Density.Vintage.<1960 Bldg Code.Heating (Cold),Service,SK,Residential,Heating (Cold),Heating Oil - High Efficiency,market_share_total,,,,annual_region_tech,%,0.02038177715436,,,,,,,,,,,
CIMS.CAN.SK.Residential.Dwellings.Building Type.LowMed Density.Vintage.<1960 Bldg Code.Heating (Cold),Service,SK,Residential,Heating (Cold),Heating Oil - High Efficiency,output,,,,constant_tech,node unit,31.399776,31.399776,31.399776,31.399776,31.399776,31.399776,31.399776,31.399776,31.399776,31.399776,31.399776,
CIMS.CAN.SK.Residential.Dwellings.Building Type.LowMed Density.Vintage.<1960 Bldg Code.Heating (Cold),Service,SK,Residential,Heating (Cold),Heating Oil - High Efficiency,fcc,,,,constant_tech,$,9541.510477,9541.510477,9541.510477,9541.510477,9541.510477,9541.510477,9541.510477,9541.510477,9541.510477,9541.510477,9541.510477,
CIMS.CAN.SK.Residential.Dwellings.Building Type.LowMed Density.Vintage.<1960 Bldg Code.Heating (Cold),Service,SK,Residential,Heating (Cold),Heating Oil - High Efficiency,fom,,,,constant_tech,$,100.1076509,100.1076509,100.1076509,100.1076509,100.1076509,100.1076509,100.1076509,100.1076509,100.1076509,100.1076509,100.1076509,
CIMS.CAN.SK.Residential.Dwellings.Building Type.LowMed Density.Vintage.<1960 Bldg Code.Heating (Cold),Service,SK,Residential,Heating (Cold),Heating Oil - High Efficiency,service_request,,,CIMS.Generic Fuels.Fuel Oil,annual_tech,GJ,1.162790698,1.162790698,1.162790698,1.162790698,1.162790698,1.162790698,1.162790698,1.162790698,1.162790698,1.162790698,1.162790698,
CIMS.CAN.SK.Residential.Dwellings.Building Type.LowMed Density.Vintage.<1960 Bldg Code.Heating (Cold),Service,SK,Residential,Heating (Cold),Wood,technology,,,,,,,,,,,,,,,,,
CIMS.CAN.SK.Residential.Dwellings.Building Type.LowMed Density.Vintage.<1960 Bldg Code.Heating (Cold),Service,SK,Residential,Heating (Cold),Wood,available,,,,constant_tech,Year,1950,1950,1950,1950,1950,1950,1950,1950,1950,1950,1950,
CIMS.CAN.SK.Residential.Dwellings.Building Type.LowMed Density.Vintage.<1960 Bldg Code.Heating (Cold),Service,SK,Residential,Heating (Cold),Wood,unavailable,,,,constant_tech,Year,2101,2101,2101,2101,2101,2101,2101,2101,2101,2101,2101,
CIMS.CAN.SK.Residential.Dwellings.Building Type.LowMed Density.Vintage.<1960 Bldg Code.Heating (Cold),Service,SK,Residential,Heating (Cold),Wood,lifetime,,,,constant_tech,Years,18.5,18.5,18.5,18.5,18.5,18.5,18.5,18.5,18.5,18.5,18.5,
CIMS.CAN.SK.Residential.Dwellings.Building Type.LowMed Density.Vintage.<1960 Bldg Code.Heating (Cold),Service,SK,Residential,Heating (Cold),Wood,market_share_total,,,,annual_region_tech,%,0.03424101969873,,,,,,,,,,,
CIMS.CAN.SK.Residential.Dwellings.Building Type.LowMed Density.Vintage.<1960 Bldg Code.Heating (Cold),Service,SK,Residential,Heating (Cold),Wood,output,,,,constant_tech,node unit,31.399776,31.399776,31.399776,31.399776,31.399776,31.399776,31.399776,31.399776,31.399776,31.399776,31.399776,
CIMS.CAN.SK.Residential.Dwellings.Building Type.LowMed Density.Vintage.<1960 Bldg Code.Heating (Cold),Service,SK,Residential,Heating (Cold),Wood,fcc,,,,constant_tech,$,8000.269768,8000.269768,8000.269768,8000.269768,8000.269768,8000.269768,8000.269768,8000.269768,8000.269768,8000.269768,8000.269768,
CIMS.CAN.SK.Residential.Dwellings.Building Type.LowMed Density.Vintage.<1960 Bldg Code.Heating (Cold),Service,SK,Residential,Heating (Cold),Wood,fom,,,,constant_tech,$,250.2691273,250.2691273,250.2691273,250.2691273,250.2691273,250.2691273,250.2691273,250.2691273,250.2691273,250.2691273,250.2691273,
CIMS.CAN.SK.Residential.Dwellings.Building Type.LowMed Density.Vintage.<1960 Bldg Code.Heating (Cold),Service,SK,Residential,Heating (Cold),Wood,service_request,,,CIMS.Generic Fuels.Solid Biomass,annual_tech,GJ,2,2,2,2,2,2,2,2,2,2,2,
CIMS.CAN.SK.Residential.Dwellings.Building Type.LowMed Density.Vintage.1961-1980 Bldg Code,Service,SK,Residential,1961-1980 Bldg Code,,service_provide,,,,constant_tech,m2,,,,,,,,,,,,
CIMS.CAN.SK.Residential.Dwellings.Building Type.LowMed Density.Vintage.1961-1980 Bldg Code,Service,SK,Residential,1961-1980 Bldg Code,,competition,Tech Compete,,,,,,,,,,,,,,,,
CIMS.CAN.SK.Residential.Dwellings.Building Type.LowMed Density.Vintage.1961-1980 Bldg Code,Service,SK,Residential,1961-1980 Bldg Code,,discount_rate_financial,,,,constant_tech,%,0.25,0.25,0.25,0.25,0.25,0.25,0.25,0.25,0.25,0.25,0.25,
CIMS.CAN.SK.Residential.Dwellings.Building Type.LowMed Density.Vintage.1961-1980 Bldg Code,Service,SK,Residential,1961-1980 Bldg Code,,heterogeneity,,,,constant_tech,,10,10,10,10,10,10,10,10,10,10,10,
CIMS.CAN.SK.Residential.Dwellings.Building Type.LowMed Density.Vintage.1961-1980 Bldg Code,Service,SK,Residential,1961-1980 Bldg Code,Reference,technology,,,,,,,,,,,,,,,,,
CIMS.CAN.SK.Residential.Dwellings.Building Type.LowMed Density.Vintage.1961-1980 Bldg Code,Service,SK,Residential,1961-1980 Bldg Code,Reference,available,,,,constant_tech,Year,1961,1961,1961,1961,1961,1961,1961,1961,1961,1961,1961,
CIMS.CAN.SK.Residential.Dwellings.Building Type.LowMed Density.Vintage.1961-1980 Bldg Code,Service,SK,Residential,1961-1980 Bldg Code,Reference,unavailable,,,,constant_tech,Year,2001,2001,2001,2001,2001,2001,2001,2001,2001,2001,2001,
CIMS.CAN.SK.Residential.Dwellings.Building Type.LowMed Density.Vintage.1961-1980 Bldg Code,Service,SK,Residential,1961-1980 Bldg Code,Reference,lifetime,,,,constant_tech,Years,180,180,180,180,180,180,180,180,180,180,180,
CIMS.CAN.SK.Residential.Dwellings.Building Type.LowMed Density.Vintage.1961-1980 Bldg Code,Service,SK,Residential,1961-1980 Bldg Code,Reference,market_share_total,,,,annual_tech,%,1,,,,,,,,,,,
CIMS.CAN.SK.Residential.Dwellings.Building Type.LowMed Density.Vintage.1961-1980 Bldg Code,Service,SK,Residential,1961-1980 Bldg Code,Reference,service_request,,,CIMS.CAN.SK.Residential.Dwellings.Building Type.LowMed Density.Vintage.1961-1980 Bldg Code.Heating (Cold),annual_region_tech,GJ,0.49417570129872,0.42787466884218,0.52159296710942,0.49381686228981,0.56262401524951,0.56262401524951,0.56262401524951,0.56262401524951,0.56262401524951,0.56262401524951,0.56262401524951,
CIMS.CAN.SK.Residential.Dwellings.Building Type.LowMed Density.Vintage.1961-1980 Bldg Code,Service,SK,Residential,1961-1980 Bldg Code,Retrofit Average,technology,,,,,,,,,,,,,,,,,
CIMS.CAN.SK.Residential.Dwellings.Building Type.LowMed Density.Vintage.1961-1980 Bldg Code,Service,SK,Residential,1961-1980 Bldg Code,Retrofit Average,available,,,,constant_tech,Year,1961,1961,1961,1961,1961,1961,1961,1961,1961,1961,1961,
CIMS.CAN.SK.Residential.Dwellings.Building Type.LowMed Density.Vintage.1961-1980 Bldg Code,Service,SK,Residential,1961-1980 Bldg Code,Retrofit Average,unavailable,,,,constant_tech,Year,2101,2101,2101,2101,2101,2101,2101,2101,2101,2101,2101,
CIMS.CAN.SK.Residential.Dwellings.Building Type.LowMed Density.Vintage.1961-1980 Bldg Code,Service,SK,Residential,1961-1980 Bldg Code,Retrofit Average,lifetime,,,,constant_tech,Years,180,180,180,180,180,180,180,180,180,180,180,
CIMS.CAN.SK.Residential.Dwellings.Building Type.LowMed Density.Vintage.1961-1980 Bldg Code,Service,SK,Residential,1961-1980 Bldg Code,Retrofit Average,market_share_total,,,,annual_tech,%,0,,,,,,,,,,,
CIMS.CAN.SK.Residential.Dwellings.Building Type.LowMed Density.Vintage.1961-1980 Bldg Code,Service,SK,Residential,1961-1980 Bldg Code,Retrofit Average,fcc,,,,constant_tech,$,1565,1565,1565,1565,1565,1565,1565,1565,1565,1565,1565,
CIMS.CAN.SK.Residential.Dwellings.Building Type.LowMed Density.Vintage.1961-1980 Bldg Code,Service,SK,Residential,1961-1980 Bldg Code,Retrofit Average,market_share_new_max,,,,constant_tech,%,0,0,0,0,0,0,0,0,0,0,0,
CIMS.CAN.SK.Residential.Dwellings.Building Type.LowMed Density.Vintage.1961-1980 Bldg Code,Service,SK,Residential,1961-1980 Bldg Code,Retrofit Average,service_request,,,CIMS.CAN.SK.Residential.Dwellings.Building Type.LowMed Density.Vintage.1961-1980 Bldg Code.Heating (Cold),annual_region_tech,GJ,0.34592299090911,0.29951226818953,0.3651150769766,0.34567180360286,0.39383681067466,0.39383681067466,0.39383681067466,0.39383681067466,0.39383681067466,0.39383681067466,0.39383681067466,
CIMS.CAN.SK.Residential.Dwellings.Building Type.LowMed Density.Vintage.1961-1980 Bldg Code,Service,SK,Residential,1961-1980 Bldg Code,Retrofit Deep,technology,,,,,,,,,,,,,,,,,
CIMS.CAN.SK.Residential.Dwellings.Building Type.LowMed Density.Vintage.1961-1980 Bldg Code,Service,SK,Residential,1961-1980 Bldg Code,Retrofit Deep,available,,,,constant_tech,Year,1961,1961,1961,1961,1961,1961,1961,1961,1961,1961,1961,
CIMS.CAN.SK.Residential.Dwellings.Building Type.LowMed Density.Vintage.1961-1980 Bldg Code,Service,SK,Residential,1961-1980 Bldg Code,Retrofit Deep,unavailable,,,,constant_tech,Year,2101,2101,2101,2101,2101,2101,2101,2101,2101,2101,2101,
CIMS.CAN.SK.Residential.Dwellings.Building Type.LowMed Density.Vintage.1961-1980 Bldg Code,Service,SK,Residential,1961-1980 Bldg Code,Retrofit Deep,lifetime,,,,constant_tech,Years,180,180,180,180,180,180,180,180,180,180,180,
CIMS.CAN.SK.Residential.Dwellings.Building Type.LowMed Density.Vintage.1961-1980 Bldg Code,Service,SK,Residential,1961-1980 Bldg Code,Retrofit Deep,market_share_total,,,,annual_tech,%,0,,,,,,,,,,,
CIMS.CAN.SK.Residential.Dwellings.Building Type.LowMed Density.Vintage.1961-1980 Bldg Code,Service,SK,Residential,1961-1980 Bldg Code,Retrofit Deep,fcc,,,,constant_tech,$,3130,3130,3130,3130,3130,3130,3130,3130,3130,3130,3130,
CIMS.CAN.SK.Residential.Dwellings.Building Type.LowMed Density.Vintage.1961-1980 Bldg Code,Service,SK,Residential,1961-1980 Bldg Code,Retrofit Deep,market_share_new_max,,,,constant_tech,%,0,0,0,0,0,0,0,0,0,0,0,
CIMS.CAN.SK.Residential.Dwellings.Building Type.LowMed Density.Vintage.1961-1980 Bldg Code,Service,SK,Residential,1961-1980 Bldg Code,Retrofit Deep,service_request,,,CIMS.CAN.SK.Residential.Dwellings.Building Type.LowMed Density.Vintage.1961-1980 Bldg Code.Heating (Cold),annual_region_tech,GJ,0.24708785064936,0.21393733442109,0.26079648355471,0.2469084311449,0.28131200762476,0.28131200762476,0.28131200762476,0.28131200762476,0.28131200762476,0.28131200762476,0.28131200762476,
CIMS.CAN.SK.Residential.Dwellings.Building Type.LowMed Density.Vintage.1961-1980 Bldg Code.Heating (Cold),Service,SK,Residential,Heating (Cold),,service_provide,,,,constant_tech,GJ of heat,,,,,,,,,,,,
CIMS.CAN.SK.Residential.Dwellings.Building Type.LowMed Density.Vintage.1961-1980 Bldg Code.Heating (Cold),Service,SK,Residential,Heating (Cold),,competition,Tech Compete,,,,,,,,,,,,,,,,
CIMS.CAN.SK.Residential.Dwellings.Building Type.LowMed Density.Vintage.1961-1980 Bldg Code.Heating (Cold),Service,SK,Residential,Heating (Cold),,discount_rate_financial,,,,constant_tech,%,0.25,0.25,0.25,0.25,0.25,0.25,0.25,0.25,0.25,0.25,0.25,
CIMS.CAN.SK.Residential.Dwellings.Building Type.LowMed Density.Vintage.1961-1980 Bldg Code.Heating (Cold),Service,SK,Residential,Heating (Cold),,inheritance,intercept_retirement,,,constant_tech,,FALSE,FALSE,FALSE,FALSE,FALSE,FALSE,FALSE,FALSE,FALSE,FALSE,FALSE,
CIMS.CAN.SK.Residential.Dwellings.Building Type.LowMed Density.Vintage.1961-1980 Bldg Code.Heating (Cold),Service,SK,Residential,Heating (Cold),,heterogeneity,,,,constant_tech,,10,10,10,10,10,10,10,10,10,10,10,
CIMS.CAN.SK.Residential.Dwellings.Building Type.LowMed Density.Vintage.1961-1980 Bldg Code.Heating (Cold),Service,SK,Residential,Heating (Cold),NG - Existing,technology,,,,,,,,,,,,,,,,,
CIMS.CAN.SK.Residential.Dwellings.Building Type.LowMed Density.Vintage.1961-1980 Bldg Code.Heating (Cold),Service,SK,Residential,Heating (Cold),NG - Existing,available,,,,constant_tech,Year,1950,1950,1950,1950,1950,1950,1950,1950,1950,1950,1950,
CIMS.CAN.SK.Residential.Dwellings.Building Type.LowMed Density.Vintage.1961-1980 Bldg Code.Heating (Cold),Service,SK,Residential,Heating (Cold),NG - Existing,unavailable,,,,constant_tech,Year,2001,2001,2001,2001,2001,2001,2001,2001,2001,2001,2001,
CIMS.CAN.SK.Residential.Dwellings.Building Type.LowMed Density.Vintage.1961-1980 Bldg Code.Heating (Cold),Service,SK,Residential,Heating (Cold),NG - Existing,lifetime,,,,constant_tech,Years,14,14,14,14,14,14,14,14,14,14,14,
CIMS.CAN.SK.Residential.Dwellings.Building Type.LowMed Density.Vintage.1961-1980 Bldg Code.Heating (Cold),Service,SK,Residential,Heating (Cold),NG - Existing,market_share_total,,,,annual_region_tech,%,0.4982893212173,,,,,,,,,,,
CIMS.CAN.SK.Residential.Dwellings.Building Type.LowMed Density.Vintage.1961-1980 Bldg Code.Heating (Cold),Service,SK,Residential,Heating (Cold),NG - Existing,output,,,,constant_tech,node unit,31.399776,31.399776,31.399776,31.399776,31.399776,31.399776,31.399776,31.399776,31.399776,31.399776,31.399776,
CIMS.CAN.SK.Residential.Dwellings.Building Type.LowMed Density.Vintage.1961-1980 Bldg Code.Heating (Cold),Service,SK,Residential,Heating (Cold),NG - Existing,fcc,,,,constant_tech,$,3603.875433,3603.875433,3603.875433,3603.875433,3603.875433,3603.875433,3603.875433,3603.875433,3603.875433,3603.875433,3603.875433,
CIMS.CAN.SK.Residential.Dwellings.Building Type.LowMed Density.Vintage.1961-1980 Bldg Code.Heating (Cold),Service,SK,Residential,Heating (Cold),NG - Existing,fom,,,,constant_tech,$,75.08073818,75.08073818,75.08073818,75.08073818,75.08073818,75.08073818,75.08073818,75.08073818,75.08073818,75.08073818,75.08073818,
CIMS.CAN.SK.Residential.Dwellings.Building Type.LowMed Density.Vintage.1961-1980 Bldg Code.Heating (Cold),Service,SK,Residential,Heating (Cold),NG - Existing,service_request,,,CIMS.CAN.SK.Residential.Methane Blend,annual_tech,GJ,1.6935483873,1.6935483873,1.6935483873,1.6935483873,1.6935483873,1.6935483873,1.6935483873,1.6935483873,1.6935483873,1.6935483873,1.6935483873,
CIMS.CAN.SK.Residential.Dwellings.Building Type.LowMed Density.Vintage.1961-1980 Bldg Code.Heating (Cold),Service,SK,Residential,Heating (Cold),NG - Standard Efficiency,technology,,,,,,,,,,,,,,,,,
CIMS.CAN.SK.Residential.Dwellings.Building Type.LowMed Density.Vintage.1961-1980 Bldg Code.Heating (Cold),Service,SK,Residential,Heating (Cold),NG - Standard Efficiency,available,,,,constant_tech,Year,1990,1990,1990,1990,1990,1990,1990,1990,1990,1990,1990,
CIMS.CAN.SK.Residential.Dwellings.Building Type.LowMed Density.Vintage.1961-1980 Bldg Code.Heating (Cold),Service,SK,Residential,Heating (Cold),NG - Standard Efficiency,unavailable,,,,constant_tech,Year,2101,2101,2101,2101,2101,2101,2101,2101,2101,2101,2101,
CIMS.CAN.SK.Residential.Dwellings.Building Type.LowMed Density.Vintage.1961-1980 Bldg Code.Heating (Cold),Service,SK,Residential,Heating (Cold),NG - Standard Efficiency,lifetime,,,,constant_tech,Years,19,19,19,19,19,19,19,19,19,19,19,
CIMS.CAN.SK.Residential.Dwellings.Building Type.LowMed Density.Vintage.1961-1980 Bldg Code.Heating (Cold),Service,SK,Residential,Heating (Cold),NG - Standard Efficiency,market_share_total,,,,annual_region_tech,%,0.21936024882601,,,,,,,,,,,
CIMS.CAN.SK.Residential.Dwellings.Building Type.LowMed Density.Vintage.1961-1980 Bldg Code.Heating (Cold),Service,SK,Residential,Heating (Cold),NG - Standard Efficiency,output,,,,constant_tech,node unit,31.399776,31.399776,31.399776,31.399776,31.399776,31.399776,31.399776,31.399776,31.399776,31.399776,31.399776,
CIMS.CAN.SK.Residential.Dwellings.Building Type.LowMed Density.Vintage.1961-1980 Bldg Code.Heating (Cold),Service,SK,Residential,Heating (Cold),NG - Standard Efficiency,fcc,,,,constant_tech,$,5005.382545,5005.382545,5005.382545,5005.382545,5005.382545,5005.382545,5005.382545,5005.382545,5005.382545,5005.382545,5005.382545,
CIMS.CAN.SK.Residential.Dwellings.Building Type.LowMed Density.Vintage.1961-1980 Bldg Code.Heating (Cold),Service,SK,Residential,Heating (Cold),NG - Standard Efficiency,fom,,,,constant_tech,$,162.6749327,162.6749327,162.6749327,162.6749327,162.6749327,162.6749327,162.6749327,162.6749327,162.6749327,162.6749327,162.6749327,
CIMS.CAN.SK.Residential.Dwellings.Building Type.LowMed Density.Vintage.1961-1980 Bldg Code.Heating (Cold),Service,SK,Residential,Heating (Cold),NG - Standard Efficiency,service_request,,,CIMS.CAN.SK.Residential.Methane Blend,annual_tech,GJ,1.32911392425,1.32911392425,1.32911392425,1.32911392425,1.32911392425,1.32911392425,1.32911392425,1.32911392425,1.32911392425,1.32911392425,1.32911392425,
CIMS.CAN.SK.Residential.Dwellings.Building Type.LowMed Density.Vintage.1961-1980 Bldg Code.Heating (Cold),Service,SK,Residential,Heating (Cold),NG - High Efficiency,technology,,,,,,,,,,,,,,,,,
CIMS.CAN.SK.Residential.Dwellings.Building Type.LowMed Density.Vintage.1961-1980 Bldg Code.Heating (Cold),Service,SK,Residential,Heating (Cold),NG - High Efficiency,available,,,,constant_tech,Year,2000,2000,2000,2000,2000,2000,2000,2000,2000,2000,2000,
CIMS.CAN.SK.Residential.Dwellings.Building Type.LowMed Density.Vintage.1961-1980 Bldg Code.Heating (Cold),Service,SK,Residential,Heating (Cold),NG - High Efficiency,unavailable,,,,constant_tech,Year,2101,2101,2101,2101,2101,2101,2101,2101,2101,2101,2101,
CIMS.CAN.SK.Residential.Dwellings.Building Type.LowMed Density.Vintage.1961-1980 Bldg Code.Heating (Cold),Service,SK,Residential,Heating (Cold),NG - High Efficiency,lifetime,,,,constant_tech,Years,19,19,19,19,19,19,19,19,19,19,19,
CIMS.CAN.SK.Residential.Dwellings.Building Type.LowMed Density.Vintage.1961-1980 Bldg Code.Heating (Cold),Service,SK,Residential,Heating (Cold),NG - High Efficiency,market_share_total,,,,annual_region_tech,%,0.16145331463073,,,,,,,,,,,
CIMS.CAN.SK.Residential.Dwellings.Building Type.LowMed Density.Vintage.1961-1980 Bldg Code.Heating (Cold),Service,SK,Residential,Heating (Cold),NG - High Efficiency,output,,,,constant_tech,node unit,31.399776,31.399776,31.399776,31.399776,31.399776,31.399776,31.399776,31.399776,31.399776,31.399776,31.399776,
CIMS.CAN.SK.Residential.Dwellings.Building Type.LowMed Density.Vintage.1961-1980 Bldg Code.Heating (Cold),Service,SK,Residential,Heating (Cold),NG - High Efficiency,fcc,,,,constant_tech,$,6231.7012692,6231.7012692,6231.7012692,6231.7012692,6231.7012692,6231.7012692,6231.7012692,6231.7012692,6231.7012692,6231.7012692,6231.7012692,
CIMS.CAN.SK.Residential.Dwellings.Building Type.LowMed Density.Vintage.1961-1980 Bldg Code.Heating (Cold),Service,SK,Residential,Heating (Cold),NG - High Efficiency,fom,,,,constant_tech,$,162.6749327,162.6749327,162.6749327,162.6749327,162.6749327,162.6749327,162.6749327,162.6749327,162.6749327,162.6749327,162.6749327,
CIMS.CAN.SK.Residential.Dwellings.Building Type.LowMed Density.Vintage.1961-1980 Bldg Code.Heating (Cold),Service,SK,Residential,Heating (Cold),NG - High Efficiency,service_request,,,CIMS.CAN.SK.Residential.Methane Blend,annual_tech,GJ,1.16666666655,1.16666666655,1.16666666655,1.16666666655,1.16666666655,1.16666666655,1.16666666655,1.16666666655,1.16666666655,1.16666666655,1.16666666655,
CIMS.CAN.SK.Residential.Dwellings.Building Type.LowMed Density.Vintage.1961-1980 Bldg Code.Heating (Cold),Service,SK,Residential,Heating (Cold),NG - ASHP / NG - backup,technology,,,,,,,,,,,,,,,,,
CIMS.CAN.SK.Residential.Dwellings.Building Type.LowMed Density.Vintage.1961-1980 Bldg Code.Heating (Cold),Service,SK,Residential,Heating (Cold),NG - ASHP / NG - backup,available,,,,constant_tech,Year,2000,2000,2000,2000,2000,2000,2000,2000,2000,2000,2000,
CIMS.CAN.SK.Residential.Dwellings.Building Type.LowMed Density.Vintage.1961-1980 Bldg Code.Heating (Cold),Service,SK,Residential,Heating (Cold),NG - ASHP / NG - backup,unavailable,,,,constant_tech,Year,2101,2101,2101,2101,2101,2101,2101,2101,2101,2101,2101,
CIMS.CAN.SK.Residential.Dwellings.Building Type.LowMed Density.Vintage.1961-1980 Bldg Code.Heating (Cold),Service,SK,Residential,Heating (Cold),NG - ASHP / NG - backup,lifetime,,,,constant_tech,Years,15,15,15,15,15,15,15,15,15,15,15,
CIMS.CAN.SK.Residential.Dwellings.Building Type.LowMed Density.Vintage.1961-1980 Bldg Code.Heating (Cold),Service,SK,Residential,Heating (Cold),NG - ASHP / NG - backup,market_share_total,,,,annual_region_tech,%,0,,,,,,,,,,,
CIMS.CAN.SK.Residential.Dwellings.Building Type.LowMed Density.Vintage.1961-1980 Bldg Code.Heating (Cold),Service,SK,Residential,Heating (Cold),NG - ASHP / NG - backup,output,,,,constant_tech,node unit,31.399776,31.399776,31.399776,31.399776,31.399776,31.399776,31.399776,31.399776,31.399776,31.399776,31.399776,
CIMS.CAN.SK.Residential.Dwellings.Building Type.LowMed Density.Vintage.1961-1980 Bldg Code.Heating (Cold),Service,SK,Residential,Heating (Cold),NG - ASHP / NG - backup,fcc,,,,constant_tech,$,20015.27345,20015.27345,20015.27345,20015.27345,20015.27345,20015.27345,20015.27345,20015.27345,20015.27345,20015.27345,20015.27345,
CIMS.CAN.SK.Residential.Dwellings.Building Type.LowMed Density.Vintage.1961-1980 Bldg Code.Heating (Cold),Service,SK,Residential,Heating (Cold),NG - ASHP / NG - backup,fom,,,,constant_tech,$,250.2691273,250.2691273,250.2691273,250.2691273,250.2691273,250.2691273,250.2691273,250.2691273,250.2691273,250.2691273,250.2691273,
CIMS.CAN.SK.Residential.Dwellings.Building Type.LowMed Density.Vintage.1961-1980 Bldg Code.Heating (Cold),Service,SK,Residential,Heating (Cold),NG - ASHP / NG - backup,service_request,,,CIMS.CAN.SK.Residential.Methane Blend,annual_tech,GJ,2.1593627892625,2.1593627892625,2.1593627892625,2.1593627892625,2.1593627892625,2.1593627892625,2.1593627892625,2.1593627892625,2.1593627892625,2.1593627892625,2.1593627892625,
CIMS.CAN.SK.Residential.Dwellings.Building Type.LowMed Density.Vintage.1961-1980 Bldg Code.Heating (Cold),Service,SK,Residential,Heating (Cold),NG - ASHP / NG - backup,service_request,,,CIMS.CAN.SK.Residential.Dwellings.Building Type.LowMed Density.Cooling,annual_tech,GJ of cooling,-0.004568364,-0.004568364,-0.004568364,-0.004568364,-0.004568364,-0.004568364,-0.004568364,-0.004568364,-0.004568364,-0.004568364,-0.004568364,
CIMS.CAN.SK.Residential.Dwellings.Building Type.LowMed Density.Vintage.1961-1980 Bldg Code.Heating (Cold),Service,SK,Residential,Heating (Cold),Electric - Standard Efficiency,technology,,,,,,,,,,,,,,,,,
CIMS.CAN.SK.Residential.Dwellings.Building Type.LowMed Density.Vintage.1961-1980 Bldg Code.Heating (Cold),Service,SK,Residential,Heating (Cold),Electric - Standard Efficiency,available,,,,constant_tech,Year,1950,1950,1950,1950,1950,1950,1950,1950,1950,1950,1950,
CIMS.CAN.SK.Residential.Dwellings.Building Type.LowMed Density.Vintage.1961-1980 Bldg Code.Heating (Cold),Service,SK,Residential,Heating (Cold),Electric - Standard Efficiency,unavailable,,,,constant_tech,Year,2101,2101,2101,2101,2101,2101,2101,2101,2101,2101,2101,
CIMS.CAN.SK.Residential.Dwellings.Building Type.LowMed Density.Vintage.1961-1980 Bldg Code.Heating (Cold),Service,SK,Residential,Heating (Cold),Electric - Standard Efficiency,lifetime,,,,constant_tech,Years,22.5,22.5,22.5,22.5,22.5,22.5,22.5,22.5,22.5,22.5,22.5,
CIMS.CAN.SK.Residential.Dwellings.Building Type.LowMed Density.Vintage.1961-1980 Bldg Code.Heating (Cold),Service,SK,Residential,Heating (Cold),Electric - Standard Efficiency,market_share_total,,,,annual_region_tech,%,0.02779471854608,,,,,,,,,,,
CIMS.CAN.SK.Residential.Dwellings.Building Type.LowMed Density.Vintage.1961-1980 Bldg Code.Heating (Cold),Service,SK,Residential,Heating (Cold),Electric - Standard Efficiency,output,,,,constant_tech,node unit,31.399776,31.399776,31.399776,31.399776,31.399776,31.399776,31.399776,31.399776,31.399776,31.399776,31.399776,
CIMS.CAN.SK.Residential.Dwellings.Building Type.LowMed Density.Vintage.1961-1980 Bldg Code.Heating (Cold),Service,SK,Residential,Heating (Cold),Electric - Standard Efficiency,fcc,,,,constant_tech,$,3822.860919,3822.860919,3822.860919,3822.860919,3822.860919,3822.860919,3822.860919,3822.860919,3822.860919,3822.860919,3822.860919,
CIMS.CAN.SK.Residential.Dwellings.Building Type.LowMed Density.Vintage.1961-1980 Bldg Code.Heating (Cold),Service,SK,Residential,Heating (Cold),Electric - Standard Efficiency,service_request,,,CIMS.CAN.SK.Electricity,annual_tech,GJ,1,1,1,1,1,1,1,1,1,1,1,
CIMS.CAN.SK.Residential.Dwellings.Building Type.LowMed Density.Vintage.1961-1980 Bldg Code.Heating (Cold),Service,SK,Residential,Heating (Cold),Electric - ASHP / NG - backup,technology,,,,,,,,,,,,,,,,,
CIMS.CAN.SK.Residential.Dwellings.Building Type.LowMed Density.Vintage.1961-1980 Bldg Code.Heating (Cold),Service,SK,Residential,Heating (Cold),Electric - ASHP / NG - backup,available,,,,constant_tech,Year,2000,2000,2000,2000,2000,2000,2000,2000,2000,2000,2000,
CIMS.CAN.SK.Residential.Dwellings.Building Type.LowMed Density.Vintage.1961-1980 Bldg Code.Heating (Cold),Service,SK,Residential,Heating (Cold),Electric - ASHP / NG - backup,unavailable,,,,constant_tech,Year,2101,2101,2101,2101,2101,2101,2101,2101,2101,2101,2101,
CIMS.CAN.SK.Residential.Dwellings.Building Type.LowMed Density.Vintage.1961-1980 Bldg Code.Heating (Cold),Service,SK,Residential,Heating (Cold),Electric - ASHP / NG - backup,lifetime,,,,constant_tech,Years,15.5,15.5,15.5,15.5,15.5,15.5,15.5,15.5,15.5,15.5,15.5,
CIMS.CAN.SK.Residential.Dwellings.Building Type.LowMed Density.Vintage.1961-1980 Bldg Code.Heating (Cold),Service,SK,Residential,Heating (Cold),Electric - ASHP / NG - backup,market_share_total,,,,annual_region_tech,%,0.02034213575654,,,,,,,,,,,
CIMS.CAN.SK.Residential.Dwellings.Building Type.LowMed Density.Vintage.1961-1980 Bldg Code.Heating (Cold),Service,SK,Residential,Heating (Cold),Electric - ASHP / NG - backup,output,,,,constant_tech,node unit,31.399776,31.399776,31.399776,31.399776,31.399776,31.399776,31.399776,31.399776,31.399776,31.399776,31.399776,
CIMS.CAN.SK.Residential.Dwellings.Building Type.LowMed Density.Vintage.1961-1980 Bldg Code.Heating (Cold),Service,SK,Residential,Heating (Cold),Electric - ASHP / NG - backup,fcc,,,,constant_tech,$,9647.874856,9647.874856,9647.874856,9647.874856,9647.874856,9647.874856,9647.874856,9647.874856,9647.874856,9647.874856,9647.874856,
CIMS.CAN.SK.Residential.Dwellings.Building Type.LowMed Density.Vintage.1961-1980 Bldg Code.Heating (Cold),Service,SK,Residential,Heating (Cold),Electric - ASHP / NG - backup,fom,,,,constant_tech,$,269.0393118,269.0393118,269.0393118,269.0393118,269.0393118,269.0393118,269.0393118,269.0393118,269.0393118,269.0393118,269.0393118,
CIMS.CAN.SK.Residential.Dwellings.Building Type.LowMed Density.Vintage.1961-1980 Bldg Code.Heating (Cold),Service,SK,Residential,Heating (Cold),Electric - ASHP / NG - backup,service_request,,,CIMS.CAN.SK.Electricity,annual_tech,GJ,0.72747607755,0.72747607755,0.72747607755,0.72747607755,0.72747607755,0.72747607755,0.72747607755,0.72747607755,0.72747607755,0.72747607755,0.72747607755,
CIMS.CAN.SK.Residential.Dwellings.Building Type.LowMed Density.Vintage.1961-1980 Bldg Code.Heating (Cold),Service,SK,Residential,Heating (Cold),Electric - ASHP / NG - backup,service_request,,,CIMS.CAN.SK.Residential.Methane Blend,annual_tech,GJ,0.0583333333275,0.0583333333275,0.0583333333275,0.0583333333275,0.0583333333275,0.0583333333275,0.0583333333275,0.0583333333275,0.0583333333275,0.0583333333275,0.0583333333275,
CIMS.CAN.SK.Residential.Dwellings.Building Type.LowMed Density.Vintage.1961-1980 Bldg Code.Heating (Cold),Service,SK,Residential,Heating (Cold),Electric - ASHP / NG - backup,service_request,,,CIMS.CAN.SK.Residential.Dwellings.Building Type.LowMed Density.Cooling,annual_tech,GJ of cooling,-0.004568364,-0.004568364,-0.004568364,-0.004568364,-0.004568364,-0.004568364,-0.004568364,-0.004568364,-0.004568364,-0.004568364,-0.004568364,
CIMS.CAN.SK.Residential.Dwellings.Building Type.LowMed Density.Vintage.1961-1980 Bldg Code.Heating (Cold),Service,SK,Residential,Heating (Cold),Electric - ASHP / Electric - backup,technology,,,,,,,,,,,,,,,,,
CIMS.CAN.SK.Residential.Dwellings.Building Type.LowMed Density.Vintage.1961-1980 Bldg Code.Heating (Cold),Service,SK,Residential,Heating (Cold),Electric - ASHP / Electric - backup,available,,,,constant_tech,Year,2000,2000,2000,2000,2000,2000,2000,2000,2000,2000,2000,
CIMS.CAN.SK.Residential.Dwellings.Building Type.LowMed Density.Vintage.1961-1980 Bldg Code.Heating (Cold),Service,SK,Residential,Heating (Cold),Electric - ASHP / Electric - backup,unavailable,,,,constant_tech,Year,2101,2101,2101,2101,2101,2101,2101,2101,2101,2101,2101,
CIMS.CAN.SK.Residential.Dwellings.Building Type.LowMed Density.Vintage.1961-1980 Bldg Code.Heating (Cold),Service,SK,Residential,Heating (Cold),Electric - ASHP / Electric - backup,lifetime,,,,constant_tech,Years,15.5,15.5,15.5,15.5,15.5,15.5,15.5,15.5,15.5,15.5,15.5,
CIMS.CAN.SK.Residential.Dwellings.Building Type.LowMed Density.Vintage.1961-1980 Bldg Code.Heating (Cold),Service,SK,Residential,Heating (Cold),Electric - ASHP / Electric - backup,market_share_total,,,,annual_region_tech,%,0,,,,,,,,,,,
CIMS.CAN.SK.Residential.Dwellings.Building Type.LowMed Density.Vintage.1961-1980 Bldg Code.Heating (Cold),Service,SK,Residential,Heating (Cold),Electric - ASHP / Electric - backup,output,,,,constant_tech,node unit,31.399776,31.399776,31.399776,31.399776,31.399776,31.399776,31.399776,31.399776,31.399776,31.399776,31.399776,
CIMS.CAN.SK.Residential.Dwellings.Building Type.LowMed Density.Vintage.1961-1980 Bldg Code.Heating (Cold),Service,SK,Residential,Heating (Cold),Electric - ASHP / Electric - backup,fcc,,,,constant_tech,$,9373.830161,9373.830161,9373.830161,9373.830161,9373.830161,9373.830161,9373.830161,9373.830161,9373.830161,9373.830161,9373.830161,
CIMS.CAN.SK.Residential.Dwellings.Building Type.LowMed Density.Vintage.1961-1980 Bldg Code.Heating (Cold),Service,SK,Residential,Heating (Cold),Electric - ASHP / Electric - backup,fom,,,,constant_tech,$,106.3643791,106.3643791,106.3643791,106.3643791,106.3643791,106.3643791,106.3643791,106.3643791,106.3643791,106.3643791,106.3643791,
CIMS.CAN.SK.Residential.Dwellings.Building Type.LowMed Density.Vintage.1961-1980 Bldg Code.Heating (Cold),Service,SK,Residential,Heating (Cold),Electric - ASHP / Electric - backup,service_request,,,CIMS.CAN.SK.Electricity,annual_tech,GJ,0.77747607755,0.77747607755,0.77747607755,0.77747607755,0.77747607755,0.77747607755,0.77747607755,0.77747607755,0.77747607755,0.77747607755,0.77747607755,
CIMS.CAN.SK.Residential.Dwellings.Building Type.LowMed Density.Vintage.1961-1980 Bldg Code.Heating (Cold),Service,SK,Residential,Heating (Cold),Electric - ASHP / Electric - backup,service_request,,,CIMS.CAN.SK.Residential.Dwellings.Building Type.LowMed Density.Cooling,annual_tech,GJ of cooling,-0.004568364,-0.004568364,-0.004568364,-0.004568364,-0.004568364,-0.004568364,-0.004568364,-0.004568364,-0.004568364,-0.004568364,-0.004568364,
CIMS.CAN.SK.Residential.Dwellings.Building Type.LowMed Density.Vintage.1961-1980 Bldg Code.Heating (Cold),Service,SK,Residential,Heating (Cold),Heating Oil - Existing,technology,,,,,,,,,,,,,,,,,
CIMS.CAN.SK.Residential.Dwellings.Building Type.LowMed Density.Vintage.1961-1980 Bldg Code.Heating (Cold),Service,SK,Residential,Heating (Cold),Heating Oil - Existing,available,,,,constant_tech,Year,1950,1950,1950,1950,1950,1950,1950,1950,1950,1950,1950,
CIMS.CAN.SK.Residential.Dwellings.Building Type.LowMed Density.Vintage.1961-1980 Bldg Code.Heating (Cold),Service,SK,Residential,Heating (Cold),Heating Oil - Existing,unavailable,,,,constant_tech,Year,2001,2001,2001,2001,2001,2001,2001,2001,2001,2001,2001,
CIMS.CAN.SK.Residential.Dwellings.Building Type.LowMed Density.Vintage.1961-1980 Bldg Code.Heating (Cold),Service,SK,Residential,Heating (Cold),Heating Oil - Existing,lifetime,,,,constant_tech,Years,23,23,23,23,23,23,23,23,23,23,23,
CIMS.CAN.SK.Residential.Dwellings.Building Type.LowMed Density.Vintage.1961-1980 Bldg Code.Heating (Cold),Service,SK,Residential,Heating (Cold),Heating Oil - Existing,market_share_total,,,,annual_region_tech,%,0.01813746417028,,,,,,,,,,,
CIMS.CAN.SK.Residential.Dwellings.Building Type.LowMed Density.Vintage.1961-1980 Bldg Code.Heating (Cold),Service,SK,Residential,Heating (Cold),Heating Oil - Existing,output,,,,constant_tech,node unit,31.399776,31.399776,31.399776,31.399776,31.399776,31.399776,31.399776,31.399776,31.399776,31.399776,31.399776,
CIMS.CAN.SK.Residential.Dwellings.Building Type.LowMed Density.Vintage.1961-1980 Bldg Code.Heating (Cold),Service,SK,Residential,Heating (Cold),Heating Oil - Existing,fcc,,,,constant_tech,$,5943.891772,5943.891772,5943.891772,5943.891772,5943.891772,5943.891772,5943.891772,5943.891772,5943.891772,5943.891772,5943.891772,
CIMS.CAN.SK.Residential.Dwellings.Building Type.LowMed Density.Vintage.1961-1980 Bldg Code.Heating (Cold),Service,SK,Residential,Heating (Cold),Heating Oil - Existing,fom,,,,constant_tech,$,100.1076509,100.1076509,100.1076509,100.1076509,100.1076509,100.1076509,100.1076509,100.1076509,100.1076509,100.1076509,100.1076509,
CIMS.CAN.SK.Residential.Dwellings.Building Type.LowMed Density.Vintage.1961-1980 Bldg Code.Heating (Cold),Service,SK,Residential,Heating (Cold),Heating Oil - Existing,service_request,,,CIMS.Generic Fuels.Fuel Oil,annual_tech,GJ,1.666666667,1.666666667,1.666666667,1.666666667,1.666666667,1.666666667,1.666666667,1.666666667,1.666666667,1.666666667,1.666666667,
CIMS.CAN.SK.Residential.Dwellings.Building Type.LowMed Density.Vintage.1961-1980 Bldg Code.Heating (Cold),Service,SK,Residential,Heating (Cold),Heating Oil - High Efficiency,technology,,,,,,,,,,,,,,,,,
CIMS.CAN.SK.Residential.Dwellings.Building Type.LowMed Density.Vintage.1961-1980 Bldg Code.Heating (Cold),Service,SK,Residential,Heating (Cold),Heating Oil - High Efficiency,available,,,,constant_tech,Year,2000,2000,2000,2000,2000,2000,2000,2000,2000,2000,2000,
CIMS.CAN.SK.Residential.Dwellings.Building Type.LowMed Density.Vintage.1961-1980 Bldg Code.Heating (Cold),Service,SK,Residential,Heating (Cold),Heating Oil - High Efficiency,unavailable,,,,constant_tech,Year,2101,2101,2101,2101,2101,2101,2101,2101,2101,2101,2101,
CIMS.CAN.SK.Residential.Dwellings.Building Type.LowMed Density.Vintage.1961-1980 Bldg Code.Heating (Cold),Service,SK,Residential,Heating (Cold),Heating Oil - High Efficiency,lifetime,,,,constant_tech,Years,23,23,23,23,23,23,23,23,23,23,23,
CIMS.CAN.SK.Residential.Dwellings.Building Type.LowMed Density.Vintage.1961-1980 Bldg Code.Heating (Cold),Service,SK,Residential,Heating (Cold),Heating Oil - High Efficiency,market_share_total,,,,annual_region_tech,%,0.02038177715436,,,,,,,,,,,
CIMS.CAN.SK.Residential.Dwellings.Building Type.LowMed Density.Vintage.1961-1980 Bldg Code.Heating (Cold),Service,SK,Residential,Heating (Cold),Heating Oil - High Efficiency,output,,,,constant_tech,node unit,31.399776,31.399776,31.399776,31.399776,31.399776,31.399776,31.399776,31.399776,31.399776,31.399776,31.399776,
CIMS.CAN.SK.Residential.Dwellings.Building Type.LowMed Density.Vintage.1961-1980 Bldg Code.Heating (Cold),Service,SK,Residential,Heating (Cold),Heating Oil - High Efficiency,fcc,,,,constant_tech,$,9541.510477,9541.510477,9541.510477,9541.510477,9541.510477,9541.510477,9541.510477,9541.510477,9541.510477,9541.510477,9541.510477,
CIMS.CAN.SK.Residential.Dwellings.Building Type.LowMed Density.Vintage.1961-1980 Bldg Code.Heating (Cold),Service,SK,Residential,Heating (Cold),Heating Oil - High Efficiency,fom,,,,constant_tech,$,100.1076509,100.1076509,100.1076509,100.1076509,100.1076509,100.1076509,100.1076509,100.1076509,100.1076509,100.1076509,100.1076509,
CIMS.CAN.SK.Residential.Dwellings.Building Type.LowMed Density.Vintage.1961-1980 Bldg Code.Heating (Cold),Service,SK,Residential,Heating (Cold),Heating Oil - High Efficiency,service_request,,,CIMS.Generic Fuels.Fuel Oil,annual_tech,GJ,1.162790698,1.162790698,1.162790698,1.162790698,1.162790698,1.162790698,1.162790698,1.162790698,1.162790698,1.162790698,1.162790698,
CIMS.CAN.SK.Residential.Dwellings.Building Type.LowMed Density.Vintage.1961-1980 Bldg Code.Heating (Cold),Service,SK,Residential,Heating (Cold),Wood,technology,,,,,,,,,,,,,,,,,
CIMS.CAN.SK.Residential.Dwellings.Building Type.LowMed Density.Vintage.1961-1980 Bldg Code.Heating (Cold),Service,SK,Residential,Heating (Cold),Wood,available,,,,constant_tech,Year,1950,1950,1950,1950,1950,1950,1950,1950,1950,1950,1950,
CIMS.CAN.SK.Residential.Dwellings.Building Type.LowMed Density.Vintage.1961-1980 Bldg Code.Heating (Cold),Service,SK,Residential,Heating (Cold),Wood,unavailable,,,,constant_tech,Year,2101,2101,2101,2101,2101,2101,2101,2101,2101,2101,2101,
CIMS.CAN.SK.Residential.Dwellings.Building Type.LowMed Density.Vintage.1961-1980 Bldg Code.Heating (Cold),Service,SK,Residential,Heating (Cold),Wood,lifetime,,,,constant_tech,Years,18.5,18.5,18.5,18.5,18.5,18.5,18.5,18.5,18.5,18.5,18.5,
CIMS.CAN.SK.Residential.Dwellings.Building Type.LowMed Density.Vintage.1961-1980 Bldg Code.Heating (Cold),Service,SK,Residential,Heating (Cold),Wood,market_share_total,,,,annual_region_tech,%,0.03424101969873,,,,,,,,,,,
CIMS.CAN.SK.Residential.Dwellings.Building Type.LowMed Density.Vintage.1961-1980 Bldg Code.Heating (Cold),Service,SK,Residential,Heating (Cold),Wood,output,,,,constant_tech,node unit,31.399776,31.399776,31.399776,31.399776,31.399776,31.399776,31.399776,31.399776,31.399776,31.399776,31.399776,
CIMS.CAN.SK.Residential.Dwellings.Building Type.LowMed Density.Vintage.1961-1980 Bldg Code.Heating (Cold),Service,SK,Residential,Heating (Cold),Wood,fcc,,,,constant_tech,$,8000.269768,8000.269768,8000.269768,8000.269768,8000.269768,8000.269768,8000.269768,8000.269768,8000.269768,8000.269768,8000.269768,
CIMS.CAN.SK.Residential.Dwellings.Building Type.LowMed Density.Vintage.1961-1980 Bldg Code.Heating (Cold),Service,SK,Residential,Heating (Cold),Wood,fom,,,,constant_tech,$,250.2691273,250.2691273,250.2691273,250.2691273,250.2691273,250.2691273,250.2691273,250.2691273,250.2691273,250.2691273,250.2691273,
CIMS.CAN.SK.Residential.Dwellings.Building Type.LowMed Density.Vintage.1961-1980 Bldg Code.Heating (Cold),Service,SK,Residential,Heating (Cold),Wood,service_request,,,CIMS.Generic Fuels.Solid Biomass,annual_tech,GJ,2,2,2,2,2,2,2,2,2,2,2,
CIMS.CAN.SK.Residential.Dwellings.Building Type.LowMed Density.Vintage.1981-2000 Bldg Code,Service,SK,Residential,1981-2000 Bldg Code,,service_provide,,,,constant_tech,m2,,,,,,,,,,,,
CIMS.CAN.SK.Residential.Dwellings.Building Type.LowMed Density.Vintage.1981-2000 Bldg Code,Service,SK,Residential,1981-2000 Bldg Code,,competition,Tech Compete,,,,,,,,,,,,,,,,
CIMS.CAN.SK.Residential.Dwellings.Building Type.LowMed Density.Vintage.1981-2000 Bldg Code,Service,SK,Residential,1981-2000 Bldg Code,,discount_rate_financial,,,,constant_tech,%,0.25,0.25,0.25,0.25,0.25,0.25,0.25,0.25,0.25,0.25,0.25,
CIMS.CAN.SK.Residential.Dwellings.Building Type.LowMed Density.Vintage.1981-2000 Bldg Code,Service,SK,Residential,1981-2000 Bldg Code,,heterogeneity,,,,constant_tech,,10,10,10,10,10,10,10,10,10,10,10,
CIMS.CAN.SK.Residential.Dwellings.Building Type.LowMed Density.Vintage.1981-2000 Bldg Code,Service,SK,Residential,1981-2000 Bldg Code,Reference,technology,,,,,,,,,,,,,,,,,
CIMS.CAN.SK.Residential.Dwellings.Building Type.LowMed Density.Vintage.1981-2000 Bldg Code,Service,SK,Residential,1981-2000 Bldg Code,Reference,available,,,,constant_tech,Year,1981,1981,1981,1981,1981,1981,1981,1981,1981,1981,1981,
CIMS.CAN.SK.Residential.Dwellings.Building Type.LowMed Density.Vintage.1981-2000 Bldg Code,Service,SK,Residential,1981-2000 Bldg Code,Reference,unavailable,,,,constant_tech,Year,2001,2001,2001,2001,2001,2001,2001,2001,2001,2001,2001,
CIMS.CAN.SK.Residential.Dwellings.Building Type.LowMed Density.Vintage.1981-2000 Bldg Code,Service,SK,Residential,1981-2000 Bldg Code,Reference,lifetime,,,,constant_tech,Years,250,250,250,250,250,250,250,250,250,250,250,
CIMS.CAN.SK.Residential.Dwellings.Building Type.LowMed Density.Vintage.1981-2000 Bldg Code,Service,SK,Residential,1981-2000 Bldg Code,Reference,market_share_total,,,,annual_tech,%,1,,,,,,,,,,,
CIMS.CAN.SK.Residential.Dwellings.Building Type.LowMed Density.Vintage.1981-2000 Bldg Code,Service,SK,Residential,1981-2000 Bldg Code,Reference,service_request,,,CIMS.CAN.SK.Residential.Dwellings.Building Type.LowMed Density.Vintage.1981-2000 Bldg Code.Heating (Cold),annual_region_tech,GJ,0.34292669599529,0.3003073566142,0.36658239450073,0.34795703440415,0.39627488937532,0.39627488937532,0.39627488937532,0.39627488937532,0.39627488937532,0.39627488937532,0.39627488937532,
CIMS.CAN.SK.Residential.Dwellings.Building Type.LowMed Density.Vintage.1981-2000 Bldg Code,Service,SK,Residential,1981-2000 Bldg Code,Retrofit Average,technology,,,,,,,,,,,,,,,,,
CIMS.CAN.SK.Residential.Dwellings.Building Type.LowMed Density.Vintage.1981-2000 Bldg Code,Service,SK,Residential,1981-2000 Bldg Code,Retrofit Average,available,,,,constant_tech,Year,1981,1981,1981,1981,1981,1981,1981,1981,1981,1981,1981,
CIMS.CAN.SK.Residential.Dwellings.Building Type.LowMed Density.Vintage.1981-2000 Bldg Code,Service,SK,Residential,1981-2000 Bldg Code,Retrofit Average,unavailable,,,,constant_tech,Year,2101,2101,2101,2101,2101,2101,2101,2101,2101,2101,2101,
CIMS.CAN.SK.Residential.Dwellings.Building Type.LowMed Density.Vintage.1981-2000 Bldg Code,Service,SK,Residential,1981-2000 Bldg Code,Retrofit Average,lifetime,,,,constant_tech,Years,250,250,250,250,250,250,250,250,250,250,250,
CIMS.CAN.SK.Residential.Dwellings.Building Type.LowMed Density.Vintage.1981-2000 Bldg Code,Service,SK,Residential,1981-2000 Bldg Code,Retrofit Average,market_share_total,,,,annual_tech,%,0,,,,,,,,,,,
CIMS.CAN.SK.Residential.Dwellings.Building Type.LowMed Density.Vintage.1981-2000 Bldg Code,Service,SK,Residential,1981-2000 Bldg Code,Retrofit Average,fcc,,,,constant_tech,$,1565,1565,1565,1565,1565,1565,1565,1565,1565,1565,1565,
CIMS.CAN.SK.Residential.Dwellings.Building Type.LowMed Density.Vintage.1981-2000 Bldg Code,Service,SK,Residential,1981-2000 Bldg Code,Retrofit Average,market_share_new_max,,,,constant_tech,%,0,0,0,0,0,0,0,0,0,0,0,
CIMS.CAN.SK.Residential.Dwellings.Building Type.LowMed Density.Vintage.1981-2000 Bldg Code,Service,SK,Residential,1981-2000 Bldg Code,Retrofit Average,service_request,,,CIMS.CAN.SK.Residential.Dwellings.Building Type.LowMed Density.Vintage.1981-2000 Bldg Code.Heating (Cold),annual_region_tech,GJ,0.24004868719671,0.21021514962994,0.25660767615051,0.24356992408291,0.27739242256272,0.27739242256272,0.27739242256272,0.27739242256272,0.27739242256272,0.27739242256272,0.27739242256272,
CIMS.CAN.SK.Residential.Dwellings.Building Type.LowMed Density.Vintage.1981-2000 Bldg Code,Service,SK,Residential,1981-2000 Bldg Code,Retrofit Deep,technology,,,,,,,,,,,,,,,,,
CIMS.CAN.SK.Residential.Dwellings.Building Type.LowMed Density.Vintage.1981-2000 Bldg Code,Service,SK,Residential,1981-2000 Bldg Code,Retrofit Deep,available,,,,constant_tech,Year,1981,1981,1981,1981,1981,1981,1981,1981,1981,1981,1981,
CIMS.CAN.SK.Residential.Dwellings.Building Type.LowMed Density.Vintage.1981-2000 Bldg Code,Service,SK,Residential,1981-2000 Bldg Code,Retrofit Deep,unavailable,,,,constant_tech,Year,2101,2101,2101,2101,2101,2101,2101,2101,2101,2101,2101,
CIMS.CAN.SK.Residential.Dwellings.Building Type.LowMed Density.Vintage.1981-2000 Bldg Code,Service,SK,Residential,1981-2000 Bldg Code,Retrofit Deep,lifetime,,,,constant_tech,Years,250,250,250,250,250,250,250,250,250,250,250,
CIMS.CAN.SK.Residential.Dwellings.Building Type.LowMed Density.Vintage.1981-2000 Bldg Code,Service,SK,Residential,1981-2000 Bldg Code,Retrofit Deep,market_share_total,,,,annual_tech,%,0,,,,,,,,,,,
CIMS.CAN.SK.Residential.Dwellings.Building Type.LowMed Density.Vintage.1981-2000 Bldg Code,Service,SK,Residential,1981-2000 Bldg Code,Retrofit Deep,fcc,,,,constant_tech,$,3130,3130,3130,3130,3130,3130,3130,3130,3130,3130,3130,
CIMS.CAN.SK.Residential.Dwellings.Building Type.LowMed Density.Vintage.1981-2000 Bldg Code,Service,SK,Residential,1981-2000 Bldg Code,Retrofit Deep,market_share_new_max,,,,constant_tech,%,0,0,0,0,0,0,0,0,0,0,0,
CIMS.CAN.SK.Residential.Dwellings.Building Type.LowMed Density.Vintage.1981-2000 Bldg Code,Service,SK,Residential,1981-2000 Bldg Code,Retrofit Deep,service_request,,,CIMS.CAN.SK.Residential.Dwellings.Building Type.LowMed Density.Vintage.1981-2000 Bldg Code.Heating (Cold),annual_region_tech,GJ,0.17146334799765,0.1501536783071,0.18329119725036,0.17397851720208,0.19813744468766,0.19813744468766,0.19813744468766,0.19813744468766,0.19813744468766,0.19813744468766,0.19813744468766,
CIMS.CAN.SK.Residential.Dwellings.Building Type.LowMed Density.Vintage.1981-2000 Bldg Code.Heating (Cold),Service,SK,Residential,Heating (Cold),,service_provide,,,,constant_tech,GJ of heat,,,,,,,,,,,,
CIMS.CAN.SK.Residential.Dwellings.Building Type.LowMed Density.Vintage.1981-2000 Bldg Code.Heating (Cold),Service,SK,Residential,Heating (Cold),,competition,Tech Compete,,,,,,,,,,,,,,,,
CIMS.CAN.SK.Residential.Dwellings.Building Type.LowMed Density.Vintage.1981-2000 Bldg Code.Heating (Cold),Service,SK,Residential,Heating (Cold),,discount_rate_financial,,,,constant_tech,%,0.25,0.25,0.25,0.25,0.25,0.25,0.25,0.25,0.25,0.25,0.25,
CIMS.CAN.SK.Residential.Dwellings.Building Type.LowMed Density.Vintage.1981-2000 Bldg Code.Heating (Cold),Service,SK,Residential,Heating (Cold),,inheritance,intercept_retirement,,,constant_tech,,FALSE,FALSE,FALSE,FALSE,FALSE,FALSE,FALSE,FALSE,FALSE,FALSE,FALSE,
CIMS.CAN.SK.Residential.Dwellings.Building Type.LowMed Density.Vintage.1981-2000 Bldg Code.Heating (Cold),Service,SK,Residential,Heating (Cold),,heterogeneity,,,,constant_tech,,10,10,10,10,10,10,10,10,10,10,10,
CIMS.CAN.SK.Residential.Dwellings.Building Type.LowMed Density.Vintage.1981-2000 Bldg Code.Heating (Cold),Service,SK,Residential,Heating (Cold),NG - Existing,technology,,,,,,,,,,,,,,,,,
CIMS.CAN.SK.Residential.Dwellings.Building Type.LowMed Density.Vintage.1981-2000 Bldg Code.Heating (Cold),Service,SK,Residential,Heating (Cold),NG - Existing,available,,,,constant_tech,Year,1950,1950,1950,1950,1950,1950,1950,1950,1950,1950,1950,
CIMS.CAN.SK.Residential.Dwellings.Building Type.LowMed Density.Vintage.1981-2000 Bldg Code.Heating (Cold),Service,SK,Residential,Heating (Cold),NG - Existing,unavailable,,,,constant_tech,Year,2001,2001,2001,2001,2001,2001,2001,2001,2001,2001,2001,
CIMS.CAN.SK.Residential.Dwellings.Building Type.LowMed Density.Vintage.1981-2000 Bldg Code.Heating (Cold),Service,SK,Residential,Heating (Cold),NG - Existing,lifetime,,,,constant_tech,Years,14,14,14,14,14,14,14,14,14,14,14,
CIMS.CAN.SK.Residential.Dwellings.Building Type.LowMed Density.Vintage.1981-2000 Bldg Code.Heating (Cold),Service,SK,Residential,Heating (Cold),NG - Existing,market_share_total,,,,annual_region_tech,%,0.4982893212173,,,,,,,,,,,
CIMS.CAN.SK.Residential.Dwellings.Building Type.LowMed Density.Vintage.1981-2000 Bldg Code.Heating (Cold),Service,SK,Residential,Heating (Cold),NG - Existing,output,,,,constant_tech,node unit,31.399776,31.399776,31.399776,31.399776,31.399776,31.399776,31.399776,31.399776,31.399776,31.399776,31.399776,
CIMS.CAN.SK.Residential.Dwellings.Building Type.LowMed Density.Vintage.1981-2000 Bldg Code.Heating (Cold),Service,SK,Residential,Heating (Cold),NG - Existing,fcc,,,,constant_tech,$,3603.875433,3603.875433,3603.875433,3603.875433,3603.875433,3603.875433,3603.875433,3603.875433,3603.875433,3603.875433,3603.875433,
CIMS.CAN.SK.Residential.Dwellings.Building Type.LowMed Density.Vintage.1981-2000 Bldg Code.Heating (Cold),Service,SK,Residential,Heating (Cold),NG - Existing,fom,,,,constant_tech,$,75.08073818,75.08073818,75.08073818,75.08073818,75.08073818,75.08073818,75.08073818,75.08073818,75.08073818,75.08073818,75.08073818,
CIMS.CAN.SK.Residential.Dwellings.Building Type.LowMed Density.Vintage.1981-2000 Bldg Code.Heating (Cold),Service,SK,Residential,Heating (Cold),NG - Existing,service_request,,,CIMS.CAN.SK.Residential.Methane Blend,annual_tech,GJ,1.6935483873,1.6935483873,1.6935483873,1.6935483873,1.6935483873,1.6935483873,1.6935483873,1.6935483873,1.6935483873,1.6935483873,1.6935483873,
CIMS.CAN.SK.Residential.Dwellings.Building Type.LowMed Density.Vintage.1981-2000 Bldg Code.Heating (Cold),Service,SK,Residential,Heating (Cold),NG - Standard Efficiency,technology,,,,,,,,,,,,,,,,,
CIMS.CAN.SK.Residential.Dwellings.Building Type.LowMed Density.Vintage.1981-2000 Bldg Code.Heating (Cold),Service,SK,Residential,Heating (Cold),NG - Standard Efficiency,available,,,,constant_tech,Year,1990,1990,1990,1990,1990,1990,1990,1990,1990,1990,1990,
CIMS.CAN.SK.Residential.Dwellings.Building Type.LowMed Density.Vintage.1981-2000 Bldg Code.Heating (Cold),Service,SK,Residential,Heating (Cold),NG - Standard Efficiency,unavailable,,,,constant_tech,Year,2101,2101,2101,2101,2101,2101,2101,2101,2101,2101,2101,
CIMS.CAN.SK.Residential.Dwellings.Building Type.LowMed Density.Vintage.1981-2000 Bldg Code.Heating (Cold),Service,SK,Residential,Heating (Cold),NG - Standard Efficiency,lifetime,,,,constant_tech,Years,19,19,19,19,19,19,19,19,19,19,19,
CIMS.CAN.SK.Residential.Dwellings.Building Type.LowMed Density.Vintage.1981-2000 Bldg Code.Heating (Cold),Service,SK,Residential,Heating (Cold),NG - Standard Efficiency,market_share_total,,,,annual_region_tech,%,0.21936024882601,,,,,,,,,,,
CIMS.CAN.SK.Residential.Dwellings.Building Type.LowMed Density.Vintage.1981-2000 Bldg Code.Heating (Cold),Service,SK,Residential,Heating (Cold),NG - Standard Efficiency,output,,,,constant_tech,node unit,31.399776,31.399776,31.399776,31.399776,31.399776,31.399776,31.399776,31.399776,31.399776,31.399776,31.399776,
CIMS.CAN.SK.Residential.Dwellings.Building Type.LowMed Density.Vintage.1981-2000 Bldg Code.Heating (Cold),Service,SK,Residential,Heating (Cold),NG - Standard Efficiency,fcc,,,,constant_tech,$,5005.382545,5005.382545,5005.382545,5005.382545,5005.382545,5005.382545,5005.382545,5005.382545,5005.382545,5005.382545,5005.382545,
CIMS.CAN.SK.Residential.Dwellings.Building Type.LowMed Density.Vintage.1981-2000 Bldg Code.Heating (Cold),Service,SK,Residential,Heating (Cold),NG - Standard Efficiency,fom,,,,constant_tech,$,162.6749327,162.6749327,162.6749327,162.6749327,162.6749327,162.6749327,162.6749327,162.6749327,162.6749327,162.6749327,162.6749327,
CIMS.CAN.SK.Residential.Dwellings.Building Type.LowMed Density.Vintage.1981-2000 Bldg Code.Heating (Cold),Service,SK,Residential,Heating (Cold),NG - Standard Efficiency,service_request,,,CIMS.CAN.SK.Residential.Methane Blend,annual_tech,GJ,1.32911392425,1.32911392425,1.32911392425,1.32911392425,1.32911392425,1.32911392425,1.32911392425,1.32911392425,1.32911392425,1.32911392425,1.32911392425,
CIMS.CAN.SK.Residential.Dwellings.Building Type.LowMed Density.Vintage.1981-2000 Bldg Code.Heating (Cold),Service,SK,Residential,Heating (Cold),NG - High Efficiency,technology,,,,,,,,,,,,,,,,,
CIMS.CAN.SK.Residential.Dwellings.Building Type.LowMed Density.Vintage.1981-2000 Bldg Code.Heating (Cold),Service,SK,Residential,Heating (Cold),NG - High Efficiency,available,,,,constant_tech,Year,2000,2000,2000,2000,2000,2000,2000,2000,2000,2000,2000,
CIMS.CAN.SK.Residential.Dwellings.Building Type.LowMed Density.Vintage.1981-2000 Bldg Code.Heating (Cold),Service,SK,Residential,Heating (Cold),NG - High Efficiency,unavailable,,,,constant_tech,Year,2101,2101,2101,2101,2101,2101,2101,2101,2101,2101,2101,
CIMS.CAN.SK.Residential.Dwellings.Building Type.LowMed Density.Vintage.1981-2000 Bldg Code.Heating (Cold),Service,SK,Residential,Heating (Cold),NG - High Efficiency,lifetime,,,,constant_tech,Years,19,19,19,19,19,19,19,19,19,19,19,
CIMS.CAN.SK.Residential.Dwellings.Building Type.LowMed Density.Vintage.1981-2000 Bldg Code.Heating (Cold),Service,SK,Residential,Heating (Cold),NG - High Efficiency,market_share_total,,,,annual_region_tech,%,0.16145331463073,,,,,,,,,,,
CIMS.CAN.SK.Residential.Dwellings.Building Type.LowMed Density.Vintage.1981-2000 Bldg Code.Heating (Cold),Service,SK,Residential,Heating (Cold),NG - High Efficiency,output,,,,constant_tech,node unit,31.399776,31.399776,31.399776,31.399776,31.399776,31.399776,31.399776,31.399776,31.399776,31.399776,31.399776,
CIMS.CAN.SK.Residential.Dwellings.Building Type.LowMed Density.Vintage.1981-2000 Bldg Code.Heating (Cold),Service,SK,Residential,Heating (Cold),NG - High Efficiency,fcc,,,,constant_tech,$,6231.7012692,6231.7012692,6231.7012692,6231.7012692,6231.7012692,6231.7012692,6231.7012692,6231.7012692,6231.7012692,6231.7012692,6231.7012692,
CIMS.CAN.SK.Residential.Dwellings.Building Type.LowMed Density.Vintage.1981-2000 Bldg Code.Heating (Cold),Service,SK,Residential,Heating (Cold),NG - High Efficiency,fom,,,,constant_tech,$,162.6749327,162.6749327,162.6749327,162.6749327,162.6749327,162.6749327,162.6749327,162.6749327,162.6749327,162.6749327,162.6749327,
CIMS.CAN.SK.Residential.Dwellings.Building Type.LowMed Density.Vintage.1981-2000 Bldg Code.Heating (Cold),Service,SK,Residential,Heating (Cold),NG - High Efficiency,service_request,,,CIMS.CAN.SK.Residential.Methane Blend,annual_tech,GJ,1.16666666655,1.16666666655,1.16666666655,1.16666666655,1.16666666655,1.16666666655,1.16666666655,1.16666666655,1.16666666655,1.16666666655,1.16666666655,
CIMS.CAN.SK.Residential.Dwellings.Building Type.LowMed Density.Vintage.1981-2000 Bldg Code.Heating (Cold),Service,SK,Residential,Heating (Cold),NG - ASHP / NG - backup,technology,,,,,,,,,,,,,,,,,
CIMS.CAN.SK.Residential.Dwellings.Building Type.LowMed Density.Vintage.1981-2000 Bldg Code.Heating (Cold),Service,SK,Residential,Heating (Cold),NG - ASHP / NG - backup,available,,,,constant_tech,Year,2000,2000,2000,2000,2000,2000,2000,2000,2000,2000,2000,
CIMS.CAN.SK.Residential.Dwellings.Building Type.LowMed Density.Vintage.1981-2000 Bldg Code.Heating (Cold),Service,SK,Residential,Heating (Cold),NG - ASHP / NG - backup,unavailable,,,,constant_tech,Year,2101,2101,2101,2101,2101,2101,2101,2101,2101,2101,2101,
CIMS.CAN.SK.Residential.Dwellings.Building Type.LowMed Density.Vintage.1981-2000 Bldg Code.Heating (Cold),Service,SK,Residential,Heating (Cold),NG - ASHP / NG - backup,lifetime,,,,constant_tech,Years,15,15,15,15,15,15,15,15,15,15,15,
CIMS.CAN.SK.Residential.Dwellings.Building Type.LowMed Density.Vintage.1981-2000 Bldg Code.Heating (Cold),Service,SK,Residential,Heating (Cold),NG - ASHP / NG - backup,market_share_total,,,,annual_region_tech,%,0,,,,,,,,,,,
CIMS.CAN.SK.Residential.Dwellings.Building Type.LowMed Density.Vintage.1981-2000 Bldg Code.Heating (Cold),Service,SK,Residential,Heating (Cold),NG - ASHP / NG - backup,output,,,,constant_tech,node unit,31.399776,31.399776,31.399776,31.399776,31.399776,31.399776,31.399776,31.399776,31.399776,31.399776,31.399776,
CIMS.CAN.SK.Residential.Dwellings.Building Type.LowMed Density.Vintage.1981-2000 Bldg Code.Heating (Cold),Service,SK,Residential,Heating (Cold),NG - ASHP / NG - backup,fcc,,,,constant_tech,$,20015.27345,20015.27345,20015.27345,20015.27345,20015.27345,20015.27345,20015.27345,20015.27345,20015.27345,20015.27345,20015.27345,
CIMS.CAN.SK.Residential.Dwellings.Building Type.LowMed Density.Vintage.1981-2000 Bldg Code.Heating (Cold),Service,SK,Residential,Heating (Cold),NG - ASHP / NG - backup,fom,,,,constant_tech,$,250.2691273,250.2691273,250.2691273,250.2691273,250.2691273,250.2691273,250.2691273,250.2691273,250.2691273,250.2691273,250.2691273,
CIMS.CAN.SK.Residential.Dwellings.Building Type.LowMed Density.Vintage.1981-2000 Bldg Code.Heating (Cold),Service,SK,Residential,Heating (Cold),NG - ASHP / NG - backup,service_request,,,CIMS.CAN.SK.Residential.Methane Blend,annual_tech,GJ,2.1593627892625,2.1593627892625,2.1593627892625,2.1593627892625,2.1593627892625,2.1593627892625,2.1593627892625,2.1593627892625,2.1593627892625,2.1593627892625,2.1593627892625,
CIMS.CAN.SK.Residential.Dwellings.Building Type.LowMed Density.Vintage.1981-2000 Bldg Code.Heating (Cold),Service,SK,Residential,Heating (Cold),NG - ASHP / NG - backup,service_request,,,CIMS.CAN.SK.Residential.Dwellings.Building Type.LowMed Density.Cooling,annual_tech,GJ of cooling,-0.004568364,-0.004568364,-0.004568364,-0.004568364,-0.004568364,-0.004568364,-0.004568364,-0.004568364,-0.004568364,-0.004568364,-0.004568364,
CIMS.CAN.SK.Residential.Dwellings.Building Type.LowMed Density.Vintage.1981-2000 Bldg Code.Heating (Cold),Service,SK,Residential,Heating (Cold),Electric - Standard Efficiency,technology,,,,,,,,,,,,,,,,,
CIMS.CAN.SK.Residential.Dwellings.Building Type.LowMed Density.Vintage.1981-2000 Bldg Code.Heating (Cold),Service,SK,Residential,Heating (Cold),Electric - Standard Efficiency,available,,,,constant_tech,Year,1950,1950,1950,1950,1950,1950,1950,1950,1950,1950,1950,
CIMS.CAN.SK.Residential.Dwellings.Building Type.LowMed Density.Vintage.1981-2000 Bldg Code.Heating (Cold),Service,SK,Residential,Heating (Cold),Electric - Standard Efficiency,unavailable,,,,constant_tech,Year,2101,2101,2101,2101,2101,2101,2101,2101,2101,2101,2101,
CIMS.CAN.SK.Residential.Dwellings.Building Type.LowMed Density.Vintage.1981-2000 Bldg Code.Heating (Cold),Service,SK,Residential,Heating (Cold),Electric - Standard Efficiency,lifetime,,,,constant_tech,Years,22.5,22.5,22.5,22.5,22.5,22.5,22.5,22.5,22.5,22.5,22.5,
CIMS.CAN.SK.Residential.Dwellings.Building Type.LowMed Density.Vintage.1981-2000 Bldg Code.Heating (Cold),Service,SK,Residential,Heating (Cold),Electric - Standard Efficiency,market_share_total,,,,annual_region_tech,%,0.02779471854608,,,,,,,,,,,
CIMS.CAN.SK.Residential.Dwellings.Building Type.LowMed Density.Vintage.1981-2000 Bldg Code.Heating (Cold),Service,SK,Residential,Heating (Cold),Electric - Standard Efficiency,output,,,,constant_tech,node unit,31.399776,31.399776,31.399776,31.399776,31.399776,31.399776,31.399776,31.399776,31.399776,31.399776,31.399776,
CIMS.CAN.SK.Residential.Dwellings.Building Type.LowMed Density.Vintage.1981-2000 Bldg Code.Heating (Cold),Service,SK,Residential,Heating (Cold),Electric - Standard Efficiency,fcc,,,,constant_tech,$,3822.860919,3822.860919,3822.860919,3822.860919,3822.860919,3822.860919,3822.860919,3822.860919,3822.860919,3822.860919,3822.860919,
CIMS.CAN.SK.Residential.Dwellings.Building Type.LowMed Density.Vintage.1981-2000 Bldg Code.Heating (Cold),Service,SK,Residential,Heating (Cold),Electric - Standard Efficiency,service_request,,,CIMS.CAN.SK.Electricity,annual_tech,GJ,1,1,1,1,1,1,1,1,1,1,1,
CIMS.CAN.SK.Residential.Dwellings.Building Type.LowMed Density.Vintage.1981-2000 Bldg Code.Heating (Cold),Service,SK,Residential,Heating (Cold),Electric - ASHP / NG - backup,technology,,,,,,,,,,,,,,,,,
CIMS.CAN.SK.Residential.Dwellings.Building Type.LowMed Density.Vintage.1981-2000 Bldg Code.Heating (Cold),Service,SK,Residential,Heating (Cold),Electric - ASHP / NG - backup,available,,,,constant_tech,Year,2000,2000,2000,2000,2000,2000,2000,2000,2000,2000,2000,
CIMS.CAN.SK.Residential.Dwellings.Building Type.LowMed Density.Vintage.1981-2000 Bldg Code.Heating (Cold),Service,SK,Residential,Heating (Cold),Electric - ASHP / NG - backup,unavailable,,,,constant_tech,Year,2101,2101,2101,2101,2101,2101,2101,2101,2101,2101,2101,
CIMS.CAN.SK.Residential.Dwellings.Building Type.LowMed Density.Vintage.1981-2000 Bldg Code.Heating (Cold),Service,SK,Residential,Heating (Cold),Electric - ASHP / NG - backup,lifetime,,,,constant_tech,Years,15.5,15.5,15.5,15.5,15.5,15.5,15.5,15.5,15.5,15.5,15.5,
CIMS.CAN.SK.Residential.Dwellings.Building Type.LowMed Density.Vintage.1981-2000 Bldg Code.Heating (Cold),Service,SK,Residential,Heating (Cold),Electric - ASHP / NG - backup,market_share_total,,,,annual_region_tech,%,0.02034213575654,,,,,,,,,,,
CIMS.CAN.SK.Residential.Dwellings.Building Type.LowMed Density.Vintage.1981-2000 Bldg Code.Heating (Cold),Service,SK,Residential,Heating (Cold),Electric - ASHP / NG - backup,output,,,,constant_tech,node unit,31.399776,31.399776,31.399776,31.399776,31.399776,31.399776,31.399776,31.399776,31.399776,31.399776,31.399776,
CIMS.CAN.SK.Residential.Dwellings.Building Type.LowMed Density.Vintage.1981-2000 Bldg Code.Heating (Cold),Service,SK,Residential,Heating (Cold),Electric - ASHP / NG - backup,fcc,,,,constant_tech,$,9647.874856,9647.874856,9647.874856,9647.874856,9647.874856,9647.874856,9647.874856,9647.874856,9647.874856,9647.874856,9647.874856,
CIMS.CAN.SK.Residential.Dwellings.Building Type.LowMed Density.Vintage.1981-2000 Bldg Code.Heating (Cold),Service,SK,Residential,Heating (Cold),Electric - ASHP / NG - backup,fom,,,,constant_tech,$,269.0393118,269.0393118,269.0393118,269.0393118,269.0393118,269.0393118,269.0393118,269.0393118,269.0393118,269.0393118,269.0393118,
CIMS.CAN.SK.Residential.Dwellings.Building Type.LowMed Density.Vintage.1981-2000 Bldg Code.Heating (Cold),Service,SK,Residential,Heating (Cold),Electric - ASHP / NG - backup,service_request,,,CIMS.CAN.SK.Electricity,annual_tech,GJ,0.72747607755,0.72747607755,0.72747607755,0.72747607755,0.72747607755,0.72747607755,0.72747607755,0.72747607755,0.72747607755,0.72747607755,0.72747607755,
CIMS.CAN.SK.Residential.Dwellings.Building Type.LowMed Density.Vintage.1981-2000 Bldg Code.Heating (Cold),Service,SK,Residential,Heating (Cold),Electric - ASHP / NG - backup,service_request,,,CIMS.CAN.SK.Residential.Methane Blend,annual_tech,GJ,0.0583333333275,0.0583333333275,0.0583333333275,0.0583333333275,0.0583333333275,0.0583333333275,0.0583333333275,0.0583333333275,0.0583333333275,0.0583333333275,0.0583333333275,
CIMS.CAN.SK.Residential.Dwellings.Building Type.LowMed Density.Vintage.1981-2000 Bldg Code.Heating (Cold),Service,SK,Residential,Heating (Cold),Electric - ASHP / NG - backup,service_request,,,CIMS.CAN.SK.Residential.Dwellings.Building Type.LowMed Density.Cooling,annual_tech,GJ of cooling,-0.004568364,-0.004568364,-0.004568364,-0.004568364,-0.004568364,-0.004568364,-0.004568364,-0.004568364,-0.004568364,-0.004568364,-0.004568364,
CIMS.CAN.SK.Residential.Dwellings.Building Type.LowMed Density.Vintage.1981-2000 Bldg Code.Heating (Cold),Service,SK,Residential,Heating (Cold),Electric - ASHP / Electric - backup,technology,,,,,,,,,,,,,,,,,
CIMS.CAN.SK.Residential.Dwellings.Building Type.LowMed Density.Vintage.1981-2000 Bldg Code.Heating (Cold),Service,SK,Residential,Heating (Cold),Electric - ASHP / Electric - backup,available,,,,constant_tech,Year,2000,2000,2000,2000,2000,2000,2000,2000,2000,2000,2000,
CIMS.CAN.SK.Residential.Dwellings.Building Type.LowMed Density.Vintage.1981-2000 Bldg Code.Heating (Cold),Service,SK,Residential,Heating (Cold),Electric - ASHP / Electric - backup,unavailable,,,,constant_tech,Year,2101,2101,2101,2101,2101,2101,2101,2101,2101,2101,2101,
CIMS.CAN.SK.Residential.Dwellings.Building Type.LowMed Density.Vintage.1981-2000 Bldg Code.Heating (Cold),Service,SK,Residential,Heating (Cold),Electric - ASHP / Electric - backup,lifetime,,,,constant_tech,Years,15.5,15.5,15.5,15.5,15.5,15.5,15.5,15.5,15.5,15.5,15.5,
CIMS.CAN.SK.Residential.Dwellings.Building Type.LowMed Density.Vintage.1981-2000 Bldg Code.Heating (Cold),Service,SK,Residential,Heating (Cold),Electric - ASHP / Electric - backup,market_share_total,,,,annual_region_tech,%,0,,,,,,,,,,,
CIMS.CAN.SK.Residential.Dwellings.Building Type.LowMed Density.Vintage.1981-2000 Bldg Code.Heating (Cold),Service,SK,Residential,Heating (Cold),Electric - ASHP / Electric - backup,output,,,,constant_tech,node unit,31.399776,31.399776,31.399776,31.399776,31.399776,31.399776,31.399776,31.399776,31.399776,31.399776,31.399776,
CIMS.CAN.SK.Residential.Dwellings.Building Type.LowMed Density.Vintage.1981-2000 Bldg Code.Heating (Cold),Service,SK,Residential,Heating (Cold),Electric - ASHP / Electric - backup,fcc,,,,constant_tech,$,9373.830161,9373.830161,9373.830161,9373.830161,9373.830161,9373.830161,9373.830161,9373.830161,9373.830161,9373.830161,9373.830161,
CIMS.CAN.SK.Residential.Dwellings.Building Type.LowMed Density.Vintage.1981-2000 Bldg Code.Heating (Cold),Service,SK,Residential,Heating (Cold),Electric - ASHP / Electric - backup,fom,,,,constant_tech,$,106.3643791,106.3643791,106.3643791,106.3643791,106.3643791,106.3643791,106.3643791,106.3643791,106.3643791,106.3643791,106.3643791,
CIMS.CAN.SK.Residential.Dwellings.Building Type.LowMed Density.Vintage.1981-2000 Bldg Code.Heating (Cold),Service,SK,Residential,Heating (Cold),Electric - ASHP / Electric - backup,service_request,,,CIMS.CAN.SK.Electricity,annual_tech,GJ,0.77747607755,0.77747607755,0.77747607755,0.77747607755,0.77747607755,0.77747607755,0.77747607755,0.77747607755,0.77747607755,0.77747607755,0.77747607755,
CIMS.CAN.SK.Residential.Dwellings.Building Type.LowMed Density.Vintage.1981-2000 Bldg Code.Heating (Cold),Service,SK,Residential,Heating (Cold),Electric - ASHP / Electric - backup,service_request,,,CIMS.CAN.SK.Residential.Dwellings.Building Type.LowMed Density.Cooling,annual_tech,GJ of cooling,-0.004568364,-0.004568364,-0.004568364,-0.004568364,-0.004568364,-0.004568364,-0.004568364,-0.004568364,-0.004568364,-0.004568364,-0.004568364,
CIMS.CAN.SK.Residential.Dwellings.Building Type.LowMed Density.Vintage.1981-2000 Bldg Code.Heating (Cold),Service,SK,Residential,Heating (Cold),Heating Oil - Existing,technology,,,,,,,,,,,,,,,,,
CIMS.CAN.SK.Residential.Dwellings.Building Type.LowMed Density.Vintage.1981-2000 Bldg Code.Heating (Cold),Service,SK,Residential,Heating (Cold),Heating Oil - Existing,available,,,,constant_tech,Year,1950,1950,1950,1950,1950,1950,1950,1950,1950,1950,1950,
CIMS.CAN.SK.Residential.Dwellings.Building Type.LowMed Density.Vintage.1981-2000 Bldg Code.Heating (Cold),Service,SK,Residential,Heating (Cold),Heating Oil - Existing,unavailable,,,,constant_tech,Year,2001,2001,2001,2001,2001,2001,2001,2001,2001,2001,2001,
CIMS.CAN.SK.Residential.Dwellings.Building Type.LowMed Density.Vintage.1981-2000 Bldg Code.Heating (Cold),Service,SK,Residential,Heating (Cold),Heating Oil - Existing,lifetime,,,,constant_tech,Years,23,23,23,23,23,23,23,23,23,23,23,
CIMS.CAN.SK.Residential.Dwellings.Building Type.LowMed Density.Vintage.1981-2000 Bldg Code.Heating (Cold),Service,SK,Residential,Heating (Cold),Heating Oil - Existing,market_share_total,,,,annual_region_tech,%,0.01813746417028,,,,,,,,,,,
CIMS.CAN.SK.Residential.Dwellings.Building Type.LowMed Density.Vintage.1981-2000 Bldg Code.Heating (Cold),Service,SK,Residential,Heating (Cold),Heating Oil - Existing,output,,,,constant_tech,node unit,31.399776,31.399776,31.399776,31.399776,31.399776,31.399776,31.399776,31.399776,31.399776,31.399776,31.399776,
CIMS.CAN.SK.Residential.Dwellings.Building Type.LowMed Density.Vintage.1981-2000 Bldg Code.Heating (Cold),Service,SK,Residential,Heating (Cold),Heating Oil - Existing,fcc,,,,constant_tech,$,5943.891772,5943.891772,5943.891772,5943.891772,5943.891772,5943.891772,5943.891772,5943.891772,5943.891772,5943.891772,5943.891772,
CIMS.CAN.SK.Residential.Dwellings.Building Type.LowMed Density.Vintage.1981-2000 Bldg Code.Heating (Cold),Service,SK,Residential,Heating (Cold),Heating Oil - Existing,fom,,,,constant_tech,$,100.1076509,100.1076509,100.1076509,100.1076509,100.1076509,100.1076509,100.1076509,100.1076509,100.1076509,100.1076509,100.1076509,
CIMS.CAN.SK.Residential.Dwellings.Building Type.LowMed Density.Vintage.1981-2000 Bldg Code.Heating (Cold),Service,SK,Residential,Heating (Cold),Heating Oil - Existing,service_request,,,CIMS.Generic Fuels.Fuel Oil,annual_tech,GJ,1.666666667,1.666666667,1.666666667,1.666666667,1.666666667,1.666666667,1.666666667,1.666666667,1.666666667,1.666666667,1.666666667,
CIMS.CAN.SK.Residential.Dwellings.Building Type.LowMed Density.Vintage.1981-2000 Bldg Code.Heating (Cold),Service,SK,Residential,Heating (Cold),Heating Oil - High Efficiency,technology,,,,,,,,,,,,,,,,,
CIMS.CAN.SK.Residential.Dwellings.Building Type.LowMed Density.Vintage.1981-2000 Bldg Code.Heating (Cold),Service,SK,Residential,Heating (Cold),Heating Oil - High Efficiency,available,,,,constant_tech,Year,2000,2000,2000,2000,2000,2000,2000,2000,2000,2000,2000,
CIMS.CAN.SK.Residential.Dwellings.Building Type.LowMed Density.Vintage.1981-2000 Bldg Code.Heating (Cold),Service,SK,Residential,Heating (Cold),Heating Oil - High Efficiency,unavailable,,,,constant_tech,Year,2101,2101,2101,2101,2101,2101,2101,2101,2101,2101,2101,
CIMS.CAN.SK.Residential.Dwellings.Building Type.LowMed Density.Vintage.1981-2000 Bldg Code.Heating (Cold),Service,SK,Residential,Heating (Cold),Heating Oil - High Efficiency,lifetime,,,,constant_tech,Years,23,23,23,23,23,23,23,23,23,23,23,
CIMS.CAN.SK.Residential.Dwellings.Building Type.LowMed Density.Vintage.1981-2000 Bldg Code.Heating (Cold),Service,SK,Residential,Heating (Cold),Heating Oil - High Efficiency,market_share_total,,,,annual_region_tech,%,0.02038177715436,,,,,,,,,,,
CIMS.CAN.SK.Residential.Dwellings.Building Type.LowMed Density.Vintage.1981-2000 Bldg Code.Heating (Cold),Service,SK,Residential,Heating (Cold),Heating Oil - High Efficiency,output,,,,constant_tech,node unit,31.399776,31.399776,31.399776,31.399776,31.399776,31.399776,31.399776,31.399776,31.399776,31.399776,31.399776,
CIMS.CAN.SK.Residential.Dwellings.Building Type.LowMed Density.Vintage.1981-2000 Bldg Code.Heating (Cold),Service,SK,Residential,Heating (Cold),Heating Oil - High Efficiency,fcc,,,,constant_tech,$,9541.510477,9541.510477,9541.510477,9541.510477,9541.510477,9541.510477,9541.510477,9541.510477,9541.510477,9541.510477,9541.510477,
CIMS.CAN.SK.Residential.Dwellings.Building Type.LowMed Density.Vintage.1981-2000 Bldg Code.Heating (Cold),Service,SK,Residential,Heating (Cold),Heating Oil - High Efficiency,fom,,,,constant_tech,$,100.1076509,100.1076509,100.1076509,100.1076509,100.1076509,100.1076509,100.1076509,100.1076509,100.1076509,100.1076509,100.1076509,
CIMS.CAN.SK.Residential.Dwellings.Building Type.LowMed Density.Vintage.1981-2000 Bldg Code.Heating (Cold),Service,SK,Residential,Heating (Cold),Heating Oil - High Efficiency,service_request,,,CIMS.Generic Fuels.Fuel Oil,annual_tech,GJ,1.162790698,1.162790698,1.162790698,1.162790698,1.162790698,1.162790698,1.162790698,1.162790698,1.162790698,1.162790698,1.162790698,
CIMS.CAN.SK.Residential.Dwellings.Building Type.LowMed Density.Vintage.1981-2000 Bldg Code.Heating (Cold),Service,SK,Residential,Heating (Cold),Wood,technology,,,,,,,,,,,,,,,,,
CIMS.CAN.SK.Residential.Dwellings.Building Type.LowMed Density.Vintage.1981-2000 Bldg Code.Heating (Cold),Service,SK,Residential,Heating (Cold),Wood,available,,,,constant_tech,Year,1950,1950,1950,1950,1950,1950,1950,1950,1950,1950,1950,
CIMS.CAN.SK.Residential.Dwellings.Building Type.LowMed Density.Vintage.1981-2000 Bldg Code.Heating (Cold),Service,SK,Residential,Heating (Cold),Wood,unavailable,,,,constant_tech,Year,2101,2101,2101,2101,2101,2101,2101,2101,2101,2101,2101,
CIMS.CAN.SK.Residential.Dwellings.Building Type.LowMed Density.Vintage.1981-2000 Bldg Code.Heating (Cold),Service,SK,Residential,Heating (Cold),Wood,lifetime,,,,constant_tech,Years,18.5,18.5,18.5,18.5,18.5,18.5,18.5,18.5,18.5,18.5,18.5,
CIMS.CAN.SK.Residential.Dwellings.Building Type.LowMed Density.Vintage.1981-2000 Bldg Code.Heating (Cold),Service,SK,Residential,Heating (Cold),Wood,market_share_total,,,,annual_region_tech,%,0.03424101969873,,,,,,,,,,,
CIMS.CAN.SK.Residential.Dwellings.Building Type.LowMed Density.Vintage.1981-2000 Bldg Code.Heating (Cold),Service,SK,Residential,Heating (Cold),Wood,output,,,,constant_tech,node unit,31.399776,31.399776,31.399776,31.399776,31.399776,31.399776,31.399776,31.399776,31.399776,31.399776,31.399776,
CIMS.CAN.SK.Residential.Dwellings.Building Type.LowMed Density.Vintage.1981-2000 Bldg Code.Heating (Cold),Service,SK,Residential,Heating (Cold),Wood,fcc,,,,constant_tech,$,8000.269768,8000.269768,8000.269768,8000.269768,8000.269768,8000.269768,8000.269768,8000.269768,8000.269768,8000.269768,8000.269768,
CIMS.CAN.SK.Residential.Dwellings.Building Type.LowMed Density.Vintage.1981-2000 Bldg Code.Heating (Cold),Service,SK,Residential,Heating (Cold),Wood,fom,,,,constant_tech,$,250.2691273,250.2691273,250.2691273,250.2691273,250.2691273,250.2691273,250.2691273,250.2691273,250.2691273,250.2691273,250.2691273,
CIMS.CAN.SK.Residential.Dwellings.Building Type.LowMed Density.Vintage.1981-2000 Bldg Code.Heating (Cold),Service,SK,Residential,Heating (Cold),Wood,service_request,,,CIMS.Generic Fuels.Solid Biomass,annual_tech,GJ,2,2,2,2,2,2,2,2,2,2,2,
CIMS.CAN.SK.Residential.Dwellings.Building Type.LowMed Density.Vintage.2001-2020 Bldg Code,Service,SK,Residential,2001-2020 Bldg Code,,service_provide,,,,constant_tech,m2,,,,,,,,,,,,
CIMS.CAN.SK.Residential.Dwellings.Building Type.LowMed Density.Vintage.2001-2020 Bldg Code,Service,SK,Residential,2001-2020 Bldg Code,,competition,Tech Compete,,,,,,,,,,,,,,,,
CIMS.CAN.SK.Residential.Dwellings.Building Type.LowMed Density.Vintage.2001-2020 Bldg Code,Service,SK,Residential,2001-2020 Bldg Code,,discount_rate_financial,,,,constant_tech,%,0.25,0.25,0.25,0.25,0.25,0.25,0.25,0.25,0.25,0.25,0.25,
CIMS.CAN.SK.Residential.Dwellings.Building Type.LowMed Density.Vintage.2001-2020 Bldg Code,Service,SK,Residential,2001-2020 Bldg Code,,heterogeneity,,,,constant_tech,,10,10,10,10,10,10,10,10,10,10,10,
CIMS.CAN.SK.Residential.Dwellings.Building Type.LowMed Density.Vintage.2001-2020 Bldg Code,Service,SK,Residential,2001-2020 Bldg Code,Reference,technology,,,,,,,,,,,,,,,,,
CIMS.CAN.SK.Residential.Dwellings.Building Type.LowMed Density.Vintage.2001-2020 Bldg Code,Service,SK,Residential,2001-2020 Bldg Code,Reference,available,,,,constant_tech,Year,2001,2001,2001,2001,2001,2001,2001,2001,2001,2001,2001,
CIMS.CAN.SK.Residential.Dwellings.Building Type.LowMed Density.Vintage.2001-2020 Bldg Code,Service,SK,Residential,2001-2020 Bldg Code,Reference,unavailable,,,,constant_tech,Year,2021,2021,2021,2021,2021,2021,2021,2021,2021,2021,2021,
CIMS.CAN.SK.Residential.Dwellings.Building Type.LowMed Density.Vintage.2001-2020 Bldg Code,Service,SK,Residential,2001-2020 Bldg Code,Reference,lifetime,,,,constant_tech,Years,65,65,65,65,65,65,65,65,65,65,65,
CIMS.CAN.SK.Residential.Dwellings.Building Type.LowMed Density.Vintage.2001-2020 Bldg Code,Service,SK,Residential,2001-2020 Bldg Code,Reference,market_share_total,,,,annual_tech,%,1,,,,,,,,,,,
CIMS.CAN.SK.Residential.Dwellings.Building Type.LowMed Density.Vintage.2001-2020 Bldg Code,Service,SK,Residential,2001-2020 Bldg Code,Reference,service_request,,,CIMS.CAN.SK.Residential.Dwellings.Building Type.LowMed Density.Vintage.2001-2020 Bldg Code.Heating (Cold),annual_region_tech,GJ,0.26563174236565,0.24540423613423,0.27719671161192,0.25850142088293,0.28870587799911,0.28870587799911,0.28870587799911,0.28870587799911,0.28870587799911,0.28870587799911,0.28870587799911,
CIMS.CAN.SK.Residential.Dwellings.Building Type.LowMed Density.Vintage.2001-2020 Bldg Code,Service,SK,Residential,2001-2020 Bldg Code,Retrofit Average,technology,,,,,,,,,,,,,,,,,
CIMS.CAN.SK.Residential.Dwellings.Building Type.LowMed Density.Vintage.2001-2020 Bldg Code,Service,SK,Residential,2001-2020 Bldg Code,Retrofit Average,available,,,,constant_tech,Year,2001,2001,2001,2001,2001,2001,2001,2001,2001,2001,2001,
CIMS.CAN.SK.Residential.Dwellings.Building Type.LowMed Density.Vintage.2001-2020 Bldg Code,Service,SK,Residential,2001-2020 Bldg Code,Retrofit Average,unavailable,,,,constant_tech,Year,2101,2101,2101,2101,2101,2101,2101,2101,2101,2101,2101,
CIMS.CAN.SK.Residential.Dwellings.Building Type.LowMed Density.Vintage.2001-2020 Bldg Code,Service,SK,Residential,2001-2020 Bldg Code,Retrofit Average,lifetime,,,,constant_tech,Years,65,65,65,65,65,65,65,65,65,65,65,
CIMS.CAN.SK.Residential.Dwellings.Building Type.LowMed Density.Vintage.2001-2020 Bldg Code,Service,SK,Residential,2001-2020 Bldg Code,Retrofit Average,market_share_total,,,,annual_tech,%,0,,,,,,,,,,,
CIMS.CAN.SK.Residential.Dwellings.Building Type.LowMed Density.Vintage.2001-2020 Bldg Code,Service,SK,Residential,2001-2020 Bldg Code,Retrofit Average,fcc,,,,constant_tech,$,1565,1565,1565,1565,1565,1565,1565,1565,1565,1565,1565,
CIMS.CAN.SK.Residential.Dwellings.Building Type.LowMed Density.Vintage.2001-2020 Bldg Code,Service,SK,Residential,2001-2020 Bldg Code,Retrofit Average,market_share_new_max,,,,constant_tech,%,0,0,0,0,0,0,0,0,0,0,0,
CIMS.CAN.SK.Residential.Dwellings.Building Type.LowMed Density.Vintage.2001-2020 Bldg Code,Service,SK,Residential,2001-2020 Bldg Code,Retrofit Average,service_request,,,CIMS.CAN.SK.Residential.Dwellings.Building Type.LowMed Density.Vintage.2001-2020 Bldg Code.Heating (Cold),annual_region_tech,GJ,0.18594221965595,0.17178296529396,0.19403769812834,0.18095099461805,0.20209411459938,0.20209411459938,0.20209411459938,0.20209411459938,0.20209411459938,0.20209411459938,0.20209411459938,
CIMS.CAN.SK.Residential.Dwellings.Building Type.LowMed Density.Vintage.2001-2020 Bldg Code,Service,SK,Residential,2001-2020 Bldg Code,Retrofit Deep,technology,,,,,,,,,,,,,,,,,
CIMS.CAN.SK.Residential.Dwellings.Building Type.LowMed Density.Vintage.2001-2020 Bldg Code,Service,SK,Residential,2001-2020 Bldg Code,Retrofit Deep,available,,,,constant_tech,Year,2001,2001,2001,2001,2001,2001,2001,2001,2001,2001,2001,
CIMS.CAN.SK.Residential.Dwellings.Building Type.LowMed Density.Vintage.2001-2020 Bldg Code,Service,SK,Residential,2001-2020 Bldg Code,Retrofit Deep,unavailable,,,,constant_tech,Year,2101,2101,2101,2101,2101,2101,2101,2101,2101,2101,2101,
CIMS.CAN.SK.Residential.Dwellings.Building Type.LowMed Density.Vintage.2001-2020 Bldg Code,Service,SK,Residential,2001-2020 Bldg Code,Retrofit Deep,lifetime,,,,constant_tech,Years,65,65,65,65,65,65,65,65,65,65,65,
CIMS.CAN.SK.Residential.Dwellings.Building Type.LowMed Density.Vintage.2001-2020 Bldg Code,Service,SK,Residential,2001-2020 Bldg Code,Retrofit Deep,market_share_total,,,,annual_tech,%,0,,,,,,,,,,,
CIMS.CAN.SK.Residential.Dwellings.Building Type.LowMed Density.Vintage.2001-2020 Bldg Code,Service,SK,Residential,2001-2020 Bldg Code,Retrofit Deep,fcc,,,,constant_tech,$,3130,3130,3130,3130,3130,3130,3130,3130,3130,3130,3130,
CIMS.CAN.SK.Residential.Dwellings.Building Type.LowMed Density.Vintage.2001-2020 Bldg Code,Service,SK,Residential,2001-2020 Bldg Code,Retrofit Deep,market_share_new_max,,,,constant_tech,%,0,0,0,0,0,0,0,0,0,0,0,
CIMS.CAN.SK.Residential.Dwellings.Building Type.LowMed Density.Vintage.2001-2020 Bldg Code,Service,SK,Residential,2001-2020 Bldg Code,Retrofit Deep,service_request,,,CIMS.CAN.SK.Residential.Dwellings.Building Type.LowMed Density.Vintage.2001-2020 Bldg Code.Heating (Cold),annual_region_tech,GJ,0.13281587118282,0.12270211806712,0.13859835580596,0.12925071044147,0.14435293899956,0.14435293899956,0.14435293899956,0.14435293899956,0.14435293899956,0.14435293899956,0.14435293899956,
CIMS.CAN.SK.Residential.Dwellings.Building Type.LowMed Density.Vintage.2001-2020 Bldg Code.Heating (Cold),Service,SK,Residential,Heating (Cold),,service_provide,,,,constant_tech,GJ of heat,,,,,,,,,,,,
CIMS.CAN.SK.Residential.Dwellings.Building Type.LowMed Density.Vintage.2001-2020 Bldg Code.Heating (Cold),Service,SK,Residential,Heating (Cold),,competition,Tech Compete,,,,,,,,,,,,,,,,
CIMS.CAN.SK.Residential.Dwellings.Building Type.LowMed Density.Vintage.2001-2020 Bldg Code.Heating (Cold),Service,SK,Residential,Heating (Cold),,discount_rate_financial,,,,constant_tech,%,0.25,0.25,0.25,0.25,0.25,0.25,0.25,0.25,0.25,0.25,0.25,
CIMS.CAN.SK.Residential.Dwellings.Building Type.LowMed Density.Vintage.2001-2020 Bldg Code.Heating (Cold),Service,SK,Residential,Heating (Cold),,inheritance,intercept_retirement,,,constant_tech,,FALSE,FALSE,FALSE,FALSE,FALSE,FALSE,FALSE,FALSE,FALSE,FALSE,FALSE,
CIMS.CAN.SK.Residential.Dwellings.Building Type.LowMed Density.Vintage.2001-2020 Bldg Code.Heating (Cold),Service,SK,Residential,Heating (Cold),,heterogeneity,,,,constant_tech,,10,10,10,10,10,10,10,10,10,10,10,
CIMS.CAN.SK.Residential.Dwellings.Building Type.LowMed Density.Vintage.2001-2020 Bldg Code.Heating (Cold),Service,SK,Residential,Heating (Cold),NG - Standard Efficiency,technology,,,,,,,,,,,,,,,,,
CIMS.CAN.SK.Residential.Dwellings.Building Type.LowMed Density.Vintage.2001-2020 Bldg Code.Heating (Cold),Service,SK,Residential,Heating (Cold),NG - Standard Efficiency,available,,,,constant_tech,Year,1990,1990,1990,1990,1990,1990,1990,1990,1990,1990,1990,
CIMS.CAN.SK.Residential.Dwellings.Building Type.LowMed Density.Vintage.2001-2020 Bldg Code.Heating (Cold),Service,SK,Residential,Heating (Cold),NG - Standard Efficiency,unavailable,,,,constant_tech,Year,2101,2101,2101,2101,2101,2101,2101,2101,2101,2101,2101,
CIMS.CAN.SK.Residential.Dwellings.Building Type.LowMed Density.Vintage.2001-2020 Bldg Code.Heating (Cold),Service,SK,Residential,Heating (Cold),NG - Standard Efficiency,lifetime,,,,constant_tech,Years,19,19,19,19,19,19,19,19,19,19,19,
CIMS.CAN.SK.Residential.Dwellings.Building Type.LowMed Density.Vintage.2001-2020 Bldg Code.Heating (Cold),Service,SK,Residential,Heating (Cold),NG - Standard Efficiency,market_share_total,,,,annual_tech,%,1,,,,,,,,,,,
CIMS.CAN.SK.Residential.Dwellings.Building Type.LowMed Density.Vintage.2001-2020 Bldg Code.Heating (Cold),Service,SK,Residential,Heating (Cold),NG - Standard Efficiency,output,,,,constant_tech,node unit,31.399776,31.399776,31.399776,31.399776,31.399776,31.399776,31.399776,31.399776,31.399776,31.399776,31.399776,
CIMS.CAN.SK.Residential.Dwellings.Building Type.LowMed Density.Vintage.2001-2020 Bldg Code.Heating (Cold),Service,SK,Residential,Heating (Cold),NG - Standard Efficiency,fcc,,,,constant_tech,$,5005.382545,5005.382545,5005.382545,5005.382545,5005.382545,5005.382545,5005.382545,5005.382545,5005.382545,5005.382545,5005.382545,
CIMS.CAN.SK.Residential.Dwellings.Building Type.LowMed Density.Vintage.2001-2020 Bldg Code.Heating (Cold),Service,SK,Residential,Heating (Cold),NG - Standard Efficiency,fom,,,,constant_tech,$,162.6749327,162.6749327,162.6749327,162.6749327,162.6749327,162.6749327,162.6749327,162.6749327,162.6749327,162.6749327,162.6749327,
CIMS.CAN.SK.Residential.Dwellings.Building Type.LowMed Density.Vintage.2001-2020 Bldg Code.Heating (Cold),Service,SK,Residential,Heating (Cold),NG - Standard Efficiency,service_request,,,CIMS.CAN.SK.Residential.Methane Blend,annual_tech,GJ,1.32911392425,1.32911392425,1.32911392425,1.32911392425,1.32911392425,1.32911392425,1.32911392425,1.32911392425,1.32911392425,1.32911392425,1.32911392425,
CIMS.CAN.SK.Residential.Dwellings.Building Type.LowMed Density.Vintage.2001-2020 Bldg Code.Heating (Cold),Service,SK,Residential,Heating (Cold),NG - High Efficiency,technology,,,,,,,,,,,,,,,,,
CIMS.CAN.SK.Residential.Dwellings.Building Type.LowMed Density.Vintage.2001-2020 Bldg Code.Heating (Cold),Service,SK,Residential,Heating (Cold),NG - High Efficiency,available,,,,constant_tech,Year,2000,2000,2000,2000,2000,2000,2000,2000,2000,2000,2000,
CIMS.CAN.SK.Residential.Dwellings.Building Type.LowMed Density.Vintage.2001-2020 Bldg Code.Heating (Cold),Service,SK,Residential,Heating (Cold),NG - High Efficiency,unavailable,,,,constant_tech,Year,2101,2101,2101,2101,2101,2101,2101,2101,2101,2101,2101,
CIMS.CAN.SK.Residential.Dwellings.Building Type.LowMed Density.Vintage.2001-2020 Bldg Code.Heating (Cold),Service,SK,Residential,Heating (Cold),NG - High Efficiency,lifetime,,,,constant_tech,Years,19,19,19,19,19,19,19,19,19,19,19,
CIMS.CAN.SK.Residential.Dwellings.Building Type.LowMed Density.Vintage.2001-2020 Bldg Code.Heating (Cold),Service,SK,Residential,Heating (Cold),NG - High Efficiency,market_share_total,,,,annual_tech,%,0,,,,,,,,,,,
CIMS.CAN.SK.Residential.Dwellings.Building Type.LowMed Density.Vintage.2001-2020 Bldg Code.Heating (Cold),Service,SK,Residential,Heating (Cold),NG - High Efficiency,output,,,,constant_tech,node unit,31.399776,31.399776,31.399776,31.399776,31.399776,31.399776,31.399776,31.399776,31.399776,31.399776,31.399776,
CIMS.CAN.SK.Residential.Dwellings.Building Type.LowMed Density.Vintage.2001-2020 Bldg Code.Heating (Cold),Service,SK,Residential,Heating (Cold),NG - High Efficiency,fcc,,,,constant_tech,$,6231.7012692,6231.7012692,6231.7012692,6231.7012692,6231.7012692,6231.7012692,6231.7012692,6231.7012692,6231.7012692,6231.7012692,6231.7012692,
CIMS.CAN.SK.Residential.Dwellings.Building Type.LowMed Density.Vintage.2001-2020 Bldg Code.Heating (Cold),Service,SK,Residential,Heating (Cold),NG - High Efficiency,fom,,,,constant_tech,$,162.6749327,162.6749327,162.6749327,162.6749327,162.6749327,162.6749327,162.6749327,162.6749327,162.6749327,162.6749327,162.6749327,
CIMS.CAN.SK.Residential.Dwellings.Building Type.LowMed Density.Vintage.2001-2020 Bldg Code.Heating (Cold),Service,SK,Residential,Heating (Cold),NG - High Efficiency,service_request,,,CIMS.CAN.SK.Residential.Methane Blend,annual_tech,GJ,1.16666666655,1.16666666655,1.16666666655,1.16666666655,1.16666666655,1.16666666655,1.16666666655,1.16666666655,1.16666666655,1.16666666655,1.16666666655,
CIMS.CAN.SK.Residential.Dwellings.Building Type.LowMed Density.Vintage.2001-2020 Bldg Code.Heating (Cold),Service,SK,Residential,Heating (Cold),NG - ASHP / NG - backup,technology,,,,,,,,,,,,,,,,,
CIMS.CAN.SK.Residential.Dwellings.Building Type.LowMed Density.Vintage.2001-2020 Bldg Code.Heating (Cold),Service,SK,Residential,Heating (Cold),NG - ASHP / NG - backup,available,,,,constant_tech,Year,2000,2000,2000,2000,2000,2000,2000,2000,2000,2000,2000,
CIMS.CAN.SK.Residential.Dwellings.Building Type.LowMed Density.Vintage.2001-2020 Bldg Code.Heating (Cold),Service,SK,Residential,Heating (Cold),NG - ASHP / NG - backup,unavailable,,,,constant_tech,Year,2101,2101,2101,2101,2101,2101,2101,2101,2101,2101,2101,
CIMS.CAN.SK.Residential.Dwellings.Building Type.LowMed Density.Vintage.2001-2020 Bldg Code.Heating (Cold),Service,SK,Residential,Heating (Cold),NG - ASHP / NG - backup,lifetime,,,,constant_tech,Years,15,15,15,15,15,15,15,15,15,15,15,
CIMS.CAN.SK.Residential.Dwellings.Building Type.LowMed Density.Vintage.2001-2020 Bldg Code.Heating (Cold),Service,SK,Residential,Heating (Cold),NG - ASHP / NG - backup,market_share_total,,,,annual_tech,%,0,,,,,,,,,,,
CIMS.CAN.SK.Residential.Dwellings.Building Type.LowMed Density.Vintage.2001-2020 Bldg Code.Heating (Cold),Service,SK,Residential,Heating (Cold),NG - ASHP / NG - backup,output,,,,constant_tech,node unit,31.399776,31.399776,31.399776,31.399776,31.399776,31.399776,31.399776,31.399776,31.399776,31.399776,31.399776,
CIMS.CAN.SK.Residential.Dwellings.Building Type.LowMed Density.Vintage.2001-2020 Bldg Code.Heating (Cold),Service,SK,Residential,Heating (Cold),NG - ASHP / NG - backup,fcc,,,,constant_tech,$,20015.27345,20015.27345,20015.27345,20015.27345,20015.27345,20015.27345,20015.27345,20015.27345,20015.27345,20015.27345,20015.27345,
CIMS.CAN.SK.Residential.Dwellings.Building Type.LowMed Density.Vintage.2001-2020 Bldg Code.Heating (Cold),Service,SK,Residential,Heating (Cold),NG - ASHP / NG - backup,fom,,,,constant_tech,$,250.2691273,250.2691273,250.2691273,250.2691273,250.2691273,250.2691273,250.2691273,250.2691273,250.2691273,250.2691273,250.2691273,
CIMS.CAN.SK.Residential.Dwellings.Building Type.LowMed Density.Vintage.2001-2020 Bldg Code.Heating (Cold),Service,SK,Residential,Heating (Cold),NG - ASHP / NG - backup,service_request,,,CIMS.CAN.SK.Residential.Methane Blend,annual_tech,GJ,2.1593627892625,2.1593627892625,2.1593627892625,2.1593627892625,2.1593627892625,2.1593627892625,2.1593627892625,2.1593627892625,2.1593627892625,2.1593627892625,2.1593627892625,
CIMS.CAN.SK.Residential.Dwellings.Building Type.LowMed Density.Vintage.2001-2020 Bldg Code.Heating (Cold),Service,SK,Residential,Heating (Cold),NG - ASHP / NG - backup,service_request,,,CIMS.CAN.SK.Residential.Dwellings.Building Type.LowMed Density.Cooling,annual_tech,GJ of cooling,-0.004568364,-0.004568364,-0.004568364,-0.004568364,-0.004568364,-0.004568364,-0.004568364,-0.004568364,-0.004568364,-0.004568364,-0.004568364,
CIMS.CAN.SK.Residential.Dwellings.Building Type.LowMed Density.Vintage.2001-2020 Bldg Code.Heating (Cold),Service,SK,Residential,Heating (Cold),Electric - Standard Efficiency,technology,,,,,,,,,,,,,,,,,
CIMS.CAN.SK.Residential.Dwellings.Building Type.LowMed Density.Vintage.2001-2020 Bldg Code.Heating (Cold),Service,SK,Residential,Heating (Cold),Electric - Standard Efficiency,available,,,,constant_tech,Year,1950,1950,1950,1950,1950,1950,1950,1950,1950,1950,1950,
CIMS.CAN.SK.Residential.Dwellings.Building Type.LowMed Density.Vintage.2001-2020 Bldg Code.Heating (Cold),Service,SK,Residential,Heating (Cold),Electric - Standard Efficiency,unavailable,,,,constant_tech,Year,2101,2101,2101,2101,2101,2101,2101,2101,2101,2101,2101,
CIMS.CAN.SK.Residential.Dwellings.Building Type.LowMed Density.Vintage.2001-2020 Bldg Code.Heating (Cold),Service,SK,Residential,Heating (Cold),Electric - Standard Efficiency,lifetime,,,,constant_tech,Years,22.5,22.5,22.5,22.5,22.5,22.5,22.5,22.5,22.5,22.5,22.5,
CIMS.CAN.SK.Residential.Dwellings.Building Type.LowMed Density.Vintage.2001-2020 Bldg Code.Heating (Cold),Service,SK,Residential,Heating (Cold),Electric - Standard Efficiency,market_share_total,,,,annual_tech,%,0,,,,,,,,,,,
CIMS.CAN.SK.Residential.Dwellings.Building Type.LowMed Density.Vintage.2001-2020 Bldg Code.Heating (Cold),Service,SK,Residential,Heating (Cold),Electric - Standard Efficiency,output,,,,constant_tech,node unit,31.399776,31.399776,31.399776,31.399776,31.399776,31.399776,31.399776,31.399776,31.399776,31.399776,31.399776,
CIMS.CAN.SK.Residential.Dwellings.Building Type.LowMed Density.Vintage.2001-2020 Bldg Code.Heating (Cold),Service,SK,Residential,Heating (Cold),Electric - Standard Efficiency,fcc,,,,constant_tech,$,3822.860919,3822.860919,3822.860919,3822.860919,3822.860919,3822.860919,3822.860919,3822.860919,3822.860919,3822.860919,3822.860919,
CIMS.CAN.SK.Residential.Dwellings.Building Type.LowMed Density.Vintage.2001-2020 Bldg Code.Heating (Cold),Service,SK,Residential,Heating (Cold),Electric - Standard Efficiency,service_request,,,CIMS.CAN.SK.Electricity,annual_tech,GJ,1,1,1,1,1,1,1,1,1,1,1,
CIMS.CAN.SK.Residential.Dwellings.Building Type.LowMed Density.Vintage.2001-2020 Bldg Code.Heating (Cold),Service,SK,Residential,Heating (Cold),Electric - ASHP / NG - backup,technology,,,,,,,,,,,,,,,,,
CIMS.CAN.SK.Residential.Dwellings.Building Type.LowMed Density.Vintage.2001-2020 Bldg Code.Heating (Cold),Service,SK,Residential,Heating (Cold),Electric - ASHP / NG - backup,available,,,,constant_tech,Year,2000,2000,2000,2000,2000,2000,2000,2000,2000,2000,2000,
CIMS.CAN.SK.Residential.Dwellings.Building Type.LowMed Density.Vintage.2001-2020 Bldg Code.Heating (Cold),Service,SK,Residential,Heating (Cold),Electric - ASHP / NG - backup,unavailable,,,,constant_tech,Year,2101,2101,2101,2101,2101,2101,2101,2101,2101,2101,2101,
CIMS.CAN.SK.Residential.Dwellings.Building Type.LowMed Density.Vintage.2001-2020 Bldg Code.Heating (Cold),Service,SK,Residential,Heating (Cold),Electric - ASHP / NG - backup,lifetime,,,,constant_tech,Years,15.5,15.5,15.5,15.5,15.5,15.5,15.5,15.5,15.5,15.5,15.5,
CIMS.CAN.SK.Residential.Dwellings.Building Type.LowMed Density.Vintage.2001-2020 Bldg Code.Heating (Cold),Service,SK,Residential,Heating (Cold),Electric - ASHP / NG - backup,market_share_total,,,,annual_tech,%,0,,,,,,,,,,,
CIMS.CAN.SK.Residential.Dwellings.Building Type.LowMed Density.Vintage.2001-2020 Bldg Code.Heating (Cold),Service,SK,Residential,Heating (Cold),Electric - ASHP / NG - backup,output,,,,constant_tech,node unit,31.399776,31.399776,31.399776,31.399776,31.399776,31.399776,31.399776,31.399776,31.399776,31.399776,31.399776,
CIMS.CAN.SK.Residential.Dwellings.Building Type.LowMed Density.Vintage.2001-2020 Bldg Code.Heating (Cold),Service,SK,Residential,Heating (Cold),Electric - ASHP / NG - backup,fcc,,,,constant_tech,$,9647.874856,9647.874856,9647.874856,9647.874856,9647.874856,9647.874856,9647.874856,9647.874856,9647.874856,9647.874856,9647.874856,
CIMS.CAN.SK.Residential.Dwellings.Building Type.LowMed Density.Vintage.2001-2020 Bldg Code.Heating (Cold),Service,SK,Residential,Heating (Cold),Electric - ASHP / NG - backup,fom,,,,constant_tech,$,269.0393118,269.0393118,269.0393118,269.0393118,269.0393118,269.0393118,269.0393118,269.0393118,269.0393118,269.0393118,269.0393118,
CIMS.CAN.SK.Residential.Dwellings.Building Type.LowMed Density.Vintage.2001-2020 Bldg Code.Heating (Cold),Service,SK,Residential,Heating (Cold),Electric - ASHP / NG - backup,service_request,,,CIMS.CAN.SK.Electricity,annual_tech,GJ,0.72747607755,0.72747607755,0.72747607755,0.72747607755,0.72747607755,0.72747607755,0.72747607755,0.72747607755,0.72747607755,0.72747607755,0.72747607755,
CIMS.CAN.SK.Residential.Dwellings.Building Type.LowMed Density.Vintage.2001-2020 Bldg Code.Heating (Cold),Service,SK,Residential,Heating (Cold),Electric - ASHP / NG - backup,service_request,,,CIMS.CAN.SK.Residential.Methane Blend,annual_tech,GJ,0.0583333333275,0.0583333333275,0.0583333333275,0.0583333333275,0.0583333333275,0.0583333333275,0.0583333333275,0.0583333333275,0.0583333333275,0.0583333333275,0.0583333333275,
CIMS.CAN.SK.Residential.Dwellings.Building Type.LowMed Density.Vintage.2001-2020 Bldg Code.Heating (Cold),Service,SK,Residential,Heating (Cold),Electric - ASHP / NG - backup,service_request,,,CIMS.CAN.SK.Residential.Dwellings.Building Type.LowMed Density.Cooling,annual_tech,GJ of cooling,-0.004568364,-0.004568364,-0.004568364,-0.004568364,-0.004568364,-0.004568364,-0.004568364,-0.004568364,-0.004568364,-0.004568364,-0.004568364,
CIMS.CAN.SK.Residential.Dwellings.Building Type.LowMed Density.Vintage.2001-2020 Bldg Code.Heating (Cold),Service,SK,Residential,Heating (Cold),Electric - ASHP / Electric - backup,technology,,,,,,,,,,,,,,,,,
CIMS.CAN.SK.Residential.Dwellings.Building Type.LowMed Density.Vintage.2001-2020 Bldg Code.Heating (Cold),Service,SK,Residential,Heating (Cold),Electric - ASHP / Electric - backup,available,,,,constant_tech,Year,2000,2000,2000,2000,2000,2000,2000,2000,2000,2000,2000,
CIMS.CAN.SK.Residential.Dwellings.Building Type.LowMed Density.Vintage.2001-2020 Bldg Code.Heating (Cold),Service,SK,Residential,Heating (Cold),Electric - ASHP / Electric - backup,unavailable,,,,constant_tech,Year,2101,2101,2101,2101,2101,2101,2101,2101,2101,2101,2101,
CIMS.CAN.SK.Residential.Dwellings.Building Type.LowMed Density.Vintage.2001-2020 Bldg Code.Heating (Cold),Service,SK,Residential,Heating (Cold),Electric - ASHP / Electric - backup,lifetime,,,,constant_tech,Years,15.5,15.5,15.5,15.5,15.5,15.5,15.5,15.5,15.5,15.5,15.5,
CIMS.CAN.SK.Residential.Dwellings.Building Type.LowMed Density.Vintage.2001-2020 Bldg Code.Heating (Cold),Service,SK,Residential,Heating (Cold),Electric - ASHP / Electric - backup,market_share_total,,,,annual_tech,%,0,,,,,,,,,,,
CIMS.CAN.SK.Residential.Dwellings.Building Type.LowMed Density.Vintage.2001-2020 Bldg Code.Heating (Cold),Service,SK,Residential,Heating (Cold),Electric - ASHP / Electric - backup,output,,,,constant_tech,node unit,31.399776,31.399776,31.399776,31.399776,31.399776,31.399776,31.399776,31.399776,31.399776,31.399776,31.399776,
CIMS.CAN.SK.Residential.Dwellings.Building Type.LowMed Density.Vintage.2001-2020 Bldg Code.Heating (Cold),Service,SK,Residential,Heating (Cold),Electric - ASHP / Electric - backup,fcc,,,,constant_tech,$,9373.830161,9373.830161,9373.830161,9373.830161,9373.830161,9373.830161,9373.830161,9373.830161,9373.830161,9373.830161,9373.830161,
CIMS.CAN.SK.Residential.Dwellings.Building Type.LowMed Density.Vintage.2001-2020 Bldg Code.Heating (Cold),Service,SK,Residential,Heating (Cold),Electric - ASHP / Electric - backup,fom,,,,constant_tech,$,106.3643791,106.3643791,106.3643791,106.3643791,106.3643791,106.3643791,106.3643791,106.3643791,106.3643791,106.3643791,106.3643791,
CIMS.CAN.SK.Residential.Dwellings.Building Type.LowMed Density.Vintage.2001-2020 Bldg Code.Heating (Cold),Service,SK,Residential,Heating (Cold),Electric - ASHP / Electric - backup,service_request,,,CIMS.CAN.SK.Electricity,annual_tech,GJ,0.77747607755,0.77747607755,0.77747607755,0.77747607755,0.77747607755,0.77747607755,0.77747607755,0.77747607755,0.77747607755,0.77747607755,0.77747607755,
CIMS.CAN.SK.Residential.Dwellings.Building Type.LowMed Density.Vintage.2001-2020 Bldg Code.Heating (Cold),Service,SK,Residential,Heating (Cold),Electric - ASHP / Electric - backup,service_request,,,CIMS.CAN.SK.Residential.Dwellings.Building Type.LowMed Density.Cooling,annual_tech,GJ of cooling,-0.004568364,-0.004568364,-0.004568364,-0.004568364,-0.004568364,-0.004568364,-0.004568364,-0.004568364,-0.004568364,-0.004568364,-0.004568364,
CIMS.CAN.SK.Residential.Dwellings.Building Type.LowMed Density.Vintage.2001-2020 Bldg Code.Heating (Cold),Service,SK,Residential,Heating (Cold),Electric - GSHP,technology,,,,,,,,,,,,,,,,,
CIMS.CAN.SK.Residential.Dwellings.Building Type.LowMed Density.Vintage.2001-2020 Bldg Code.Heating (Cold),Service,SK,Residential,Heating (Cold),Electric - GSHP,available,,,,constant_tech,Year,2000,2000,2000,2000,2000,2000,2000,2000,2000,2000,2000,
CIMS.CAN.SK.Residential.Dwellings.Building Type.LowMed Density.Vintage.2001-2020 Bldg Code.Heating (Cold),Service,SK,Residential,Heating (Cold),Electric - GSHP,unavailable,,,,constant_tech,Year,2101,2101,2101,2101,2101,2101,2101,2101,2101,2101,2101,
CIMS.CAN.SK.Residential.Dwellings.Building Type.LowMed Density.Vintage.2001-2020 Bldg Code.Heating (Cold),Service,SK,Residential,Heating (Cold),Electric - GSHP,lifetime,,,,constant_tech,Years,20,20,20,20,20,20,20,20,20,20,20,
CIMS.CAN.SK.Residential.Dwellings.Building Type.LowMed Density.Vintage.2001-2020 Bldg Code.Heating (Cold),Service,SK,Residential,Heating (Cold),Electric - GSHP,market_share_total,,,,annual_tech,%,0,,,,,,,,,,,
CIMS.CAN.SK.Residential.Dwellings.Building Type.LowMed Density.Vintage.2001-2020 Bldg Code.Heating (Cold),Service,SK,Residential,Heating (Cold),Electric - GSHP,output,,,,constant_tech,node unit,31.399776,31.399776,31.399776,31.399776,31.399776,31.399776,31.399776,31.399776,31.399776,31.399776,31.399776,
CIMS.CAN.SK.Residential.Dwellings.Building Type.LowMed Density.Vintage.2001-2020 Bldg Code.Heating (Cold),Service,SK,Residential,Heating (Cold),Electric - GSHP,fcc,,,,constant_tech,$,23775.56709,23775.56709,23775.56709,23775.56709,23775.56709,23775.56709,23775.56709,23775.56709,23775.56709,23775.56709,23775.56709,
CIMS.CAN.SK.Residential.Dwellings.Building Type.LowMed Density.Vintage.2001-2020 Bldg Code.Heating (Cold),Service,SK,Residential,Heating (Cold),Electric - GSHP,fom,,,,constant_tech,$,112.6211073,112.6211073,112.6211073,112.6211073,112.6211073,112.6211073,112.6211073,112.6211073,112.6211073,112.6211073,112.6211073,
CIMS.CAN.SK.Residential.Dwellings.Building Type.LowMed Density.Vintage.2001-2020 Bldg Code.Heating (Cold),Service,SK,Residential,Heating (Cold),Electric - GSHP,service_request,,,CIMS.CAN.SK.Electricity,annual_tech,GJ,0.486428472,0.486428472,0.486428472,0.486428472,0.486428472,0.486428472,0.486428472,0.486428472,0.486428472,0.486428472,0.486428472,
CIMS.CAN.SK.Residential.Dwellings.Building Type.LowMed Density.Vintage.2001-2020 Bldg Code.Heating (Cold),Service,SK,Residential,Heating (Cold),Electric - GSHP,service_request,,,CIMS.CAN.SK.Residential.Dwellings.Building Type.LowMed Density.Cooling,annual_tech,GJ of cooling,-0.004568364,-0.004568364,-0.004568364,-0.004568364,-0.004568364,-0.004568364,-0.004568364,-0.004568364,-0.004568364,-0.004568364,-0.004568364,
CIMS.CAN.SK.Residential.Dwellings.Building Type.LowMed Density.Vintage.2001-2020 Bldg Code.Heating (Cold),Service,SK,Residential,Heating (Cold),Heating Oil - Standard Efficiency,technology,,,,,,,,,,,,,,,,,
CIMS.CAN.SK.Residential.Dwellings.Building Type.LowMed Density.Vintage.2001-2020 Bldg Code.Heating (Cold),Service,SK,Residential,Heating (Cold),Heating Oil - Standard Efficiency,available,,,,constant_tech,Year,1950,1950,1950,1950,1950,1950,1950,1950,1950,1950,1950,
CIMS.CAN.SK.Residential.Dwellings.Building Type.LowMed Density.Vintage.2001-2020 Bldg Code.Heating (Cold),Service,SK,Residential,Heating (Cold),Heating Oil - Standard Efficiency,unavailable,,,,constant_tech,Year,2021,2021,2021,2021,2021,2021,2021,2021,2021,2021,2021,
CIMS.CAN.SK.Residential.Dwellings.Building Type.LowMed Density.Vintage.2001-2020 Bldg Code.Heating (Cold),Service,SK,Residential,Heating (Cold),Heating Oil - Standard Efficiency,lifetime,,,,constant_tech,Years,23,23,23,23,23,23,23,23,23,23,23,
CIMS.CAN.SK.Residential.Dwellings.Building Type.LowMed Density.Vintage.2001-2020 Bldg Code.Heating (Cold),Service,SK,Residential,Heating (Cold),Heating Oil - Standard Efficiency,market_share_total,,,,annual_tech,%,0,,,,,,,,,,,
CIMS.CAN.SK.Residential.Dwellings.Building Type.LowMed Density.Vintage.2001-2020 Bldg Code.Heating (Cold),Service,SK,Residential,Heating (Cold),Heating Oil - Standard Efficiency,output,,,,constant_tech,node unit,31.399776,31.399776,31.399776,31.399776,31.399776,31.399776,31.399776,31.399776,31.399776,31.399776,31.399776,
CIMS.CAN.SK.Residential.Dwellings.Building Type.LowMed Density.Vintage.2001-2020 Bldg Code.Heating (Cold),Service,SK,Residential,Heating (Cold),Heating Oil - Standard Efficiency,fcc,,,,constant_tech,$,6444.430027,6444.430027,6444.430027,6444.430027,6444.430027,6444.430027,6444.430027,6444.430027,6444.430027,6444.430027,6444.430027,
CIMS.CAN.SK.Residential.Dwellings.Building Type.LowMed Density.Vintage.2001-2020 Bldg Code.Heating (Cold),Service,SK,Residential,Heating (Cold),Heating Oil - Standard Efficiency,fom,,,,constant_tech,$,100.1076509,100.1076509,100.1076509,100.1076509,100.1076509,100.1076509,100.1076509,100.1076509,100.1076509,100.1076509,100.1076509,
CIMS.CAN.SK.Residential.Dwellings.Building Type.LowMed Density.Vintage.2001-2020 Bldg Code.Heating (Cold),Service,SK,Residential,Heating (Cold),Heating Oil - Standard Efficiency,service_request,,,CIMS.Generic Fuels.Fuel Oil,annual_tech,GJ,1.282051282,1.282051282,1.282051282,1.282051282,1.282051282,1.282051282,1.282051282,1.282051282,1.282051282,1.282051282,1.282051282,
CIMS.CAN.SK.Residential.Dwellings.Building Type.LowMed Density.Vintage.2001-2020 Bldg Code.Heating (Cold),Service,SK,Residential,Heating (Cold),Heating Oil - High Efficiency,technology,,,,,,,,,,,,,,,,,
CIMS.CAN.SK.Residential.Dwellings.Building Type.LowMed Density.Vintage.2001-2020 Bldg Code.Heating (Cold),Service,SK,Residential,Heating (Cold),Heating Oil - High Efficiency,available,,,,constant_tech,Year,2000,2000,2000,2000,2000,2000,2000,2000,2000,2000,2000,
CIMS.CAN.SK.Residential.Dwellings.Building Type.LowMed Density.Vintage.2001-2020 Bldg Code.Heating (Cold),Service,SK,Residential,Heating (Cold),Heating Oil - High Efficiency,unavailable,,,,constant_tech,Year,2101,2101,2101,2101,2101,2101,2101,2101,2101,2101,2101,
CIMS.CAN.SK.Residential.Dwellings.Building Type.LowMed Density.Vintage.2001-2020 Bldg Code.Heating (Cold),Service,SK,Residential,Heating (Cold),Heating Oil - High Efficiency,lifetime,,,,constant_tech,Years,23,23,23,23,23,23,23,23,23,23,23,
CIMS.CAN.SK.Residential.Dwellings.Building Type.LowMed Density.Vintage.2001-2020 Bldg Code.Heating (Cold),Service,SK,Residential,Heating (Cold),Heating Oil - High Efficiency,market_share_total,,,,annual_tech,%,0,,,,,,,,,,,
CIMS.CAN.SK.Residential.Dwellings.Building Type.LowMed Density.Vintage.2001-2020 Bldg Code.Heating (Cold),Service,SK,Residential,Heating (Cold),Heating Oil - High Efficiency,output,,,,constant_tech,node unit,31.399776,31.399776,31.399776,31.399776,31.399776,31.399776,31.399776,31.399776,31.399776,31.399776,31.399776,
CIMS.CAN.SK.Residential.Dwellings.Building Type.LowMed Density.Vintage.2001-2020 Bldg Code.Heating (Cold),Service,SK,Residential,Heating (Cold),Heating Oil - High Efficiency,fcc,,,,constant_tech,$,9541.510477,9541.510477,9541.510477,9541.510477,9541.510477,9541.510477,9541.510477,9541.510477,9541.510477,9541.510477,9541.510477,
CIMS.CAN.SK.Residential.Dwellings.Building Type.LowMed Density.Vintage.2001-2020 Bldg Code.Heating (Cold),Service,SK,Residential,Heating (Cold),Heating Oil - High Efficiency,fom,,,,constant_tech,$,100.1076509,100.1076509,100.1076509,100.1076509,100.1076509,100.1076509,100.1076509,100.1076509,100.1076509,100.1076509,100.1076509,
CIMS.CAN.SK.Residential.Dwellings.Building Type.LowMed Density.Vintage.2001-2020 Bldg Code.Heating (Cold),Service,SK,Residential,Heating (Cold),Heating Oil - High Efficiency,service_request,,,CIMS.Generic Fuels.Fuel Oil,annual_tech,GJ,1.162790698,1.162790698,1.162790698,1.162790698,1.162790698,1.162790698,1.162790698,1.162790698,1.162790698,1.162790698,1.162790698,
CIMS.CAN.SK.Residential.Dwellings.Building Type.LowMed Density.Vintage.2001-2020 Bldg Code.Heating (Cold),Service,SK,Residential,Heating (Cold),Wood,technology,,,,,,,,,,,,,,,,,
CIMS.CAN.SK.Residential.Dwellings.Building Type.LowMed Density.Vintage.2001-2020 Bldg Code.Heating (Cold),Service,SK,Residential,Heating (Cold),Wood,available,,,,constant_tech,Year,1950,1950,1950,1950,1950,1950,1950,1950,1950,1950,1950,
CIMS.CAN.SK.Residential.Dwellings.Building Type.LowMed Density.Vintage.2001-2020 Bldg Code.Heating (Cold),Service,SK,Residential,Heating (Cold),Wood,unavailable,,,,constant_tech,Year,2101,2101,2101,2101,2101,2101,2101,2101,2101,2101,2101,
CIMS.CAN.SK.Residential.Dwellings.Building Type.LowMed Density.Vintage.2001-2020 Bldg Code.Heating (Cold),Service,SK,Residential,Heating (Cold),Wood,lifetime,,,,constant_tech,Years,18.5,18.5,18.5,18.5,18.5,18.5,18.5,18.5,18.5,18.5,18.5,
CIMS.CAN.SK.Residential.Dwellings.Building Type.LowMed Density.Vintage.2001-2020 Bldg Code.Heating (Cold),Service,SK,Residential,Heating (Cold),Wood,market_share_total,,,,annual_tech,%,0,,,,,,,,,,,
CIMS.CAN.SK.Residential.Dwellings.Building Type.LowMed Density.Vintage.2001-2020 Bldg Code.Heating (Cold),Service,SK,Residential,Heating (Cold),Wood,output,,,,constant_tech,node unit,31.399776,31.399776,31.399776,31.399776,31.399776,31.399776,31.399776,31.399776,31.399776,31.399776,31.399776,
CIMS.CAN.SK.Residential.Dwellings.Building Type.LowMed Density.Vintage.2001-2020 Bldg Code.Heating (Cold),Service,SK,Residential,Heating (Cold),Wood,fcc,,,,constant_tech,$,8000.269768,8000.269768,8000.269768,8000.269768,8000.269768,8000.269768,8000.269768,8000.269768,8000.269768,8000.269768,8000.269768,
CIMS.CAN.SK.Residential.Dwellings.Building Type.LowMed Density.Vintage.2001-2020 Bldg Code.Heating (Cold),Service,SK,Residential,Heating (Cold),Wood,fom,,,,constant_tech,$,250.2691273,250.2691273,250.2691273,250.2691273,250.2691273,250.2691273,250.2691273,250.2691273,250.2691273,250.2691273,250.2691273,
CIMS.CAN.SK.Residential.Dwellings.Building Type.LowMed Density.Vintage.2001-2020 Bldg Code.Heating (Cold),Service,SK,Residential,Heating (Cold),Wood,service_request,,,CIMS.Generic Fuels.Solid Biomass,annual_tech,GJ,2,2,2,2,2,2,2,2,2,2,2,
CIMS.CAN.SK.Residential.Dwellings.Building Type.LowMed Density.Vintage.2021-2035 Bldg Code,Service,SK,Residential,2021-2035 Bldg Code,,service_provide,,,,constant_tech,m2,,,,,,,,,,,,
CIMS.CAN.SK.Residential.Dwellings.Building Type.LowMed Density.Vintage.2021-2035 Bldg Code,Service,SK,Residential,2021-2035 Bldg Code,,competition,Tech Compete,,,,,,,,,,,,,,,,
CIMS.CAN.SK.Residential.Dwellings.Building Type.LowMed Density.Vintage.2021-2035 Bldg Code,Service,SK,Residential,2021-2035 Bldg Code,,discount_rate_financial,,,,constant_tech,%,0.25,0.25,0.25,0.25,0.25,0.25,0.25,0.25,0.25,0.25,0.25,
CIMS.CAN.SK.Residential.Dwellings.Building Type.LowMed Density.Vintage.2021-2035 Bldg Code,Service,SK,Residential,2021-2035 Bldg Code,,heterogeneity,,,,constant_tech,,10,10,10,10,10,10,10,10,10,10,10,
CIMS.CAN.SK.Residential.Dwellings.Building Type.LowMed Density.Vintage.2021-2035 Bldg Code,Service,SK,Residential,2021-2035 Bldg Code,Reference,technology,,,,,,,,,,,,,,,,,
CIMS.CAN.SK.Residential.Dwellings.Building Type.LowMed Density.Vintage.2021-2035 Bldg Code,Service,SK,Residential,2021-2035 Bldg Code,Reference,available,,,,constant_tech,Year,2021,2021,2021,2021,2021,2021,2021,2021,2021,2021,2021,
CIMS.CAN.SK.Residential.Dwellings.Building Type.LowMed Density.Vintage.2021-2035 Bldg Code,Service,SK,Residential,2021-2035 Bldg Code,Reference,unavailable,,,,constant_tech,Year,2036,2036,2036,2036,2036,2036,2036,2036,2036,2036,2036,
CIMS.CAN.SK.Residential.Dwellings.Building Type.LowMed Density.Vintage.2021-2035 Bldg Code,Service,SK,Residential,2021-2035 Bldg Code,Reference,lifetime,,,,constant_tech,Years,65,65,65,65,65,65,65,65,65,65,65,
CIMS.CAN.SK.Residential.Dwellings.Building Type.LowMed Density.Vintage.2021-2035 Bldg Code,Service,SK,Residential,2021-2035 Bldg Code,Reference,market_share_total,,,,annual_tech,%,1,,,,,,,,,,,
CIMS.CAN.SK.Residential.Dwellings.Building Type.LowMed Density.Vintage.2021-2035 Bldg Code,Service,SK,Residential,2021-2035 Bldg Code,Reference,service_request,,,CIMS.CAN.SK.Residential.Dwellings.Building Type.LowMed Density.Vintage.2021-2035 Bldg Code.Heating (Cold),annual_region_tech,GJ,0.19922380677424,0.18405317710067,0.20789753370894,0.1938760656622,0.21652940849933,0.21652940849933,0.21652940849933,0.21652940849933,0.21652940849933,0.21652940849933,0.21652940849933,
CIMS.CAN.SK.Residential.Dwellings.Building Type.LowMed Density.Vintage.2021-2035 Bldg Code,Service,SK,Residential,2021-2035 Bldg Code,Retrofit Average,technology,,,,,,,,,,,,,,,,,
CIMS.CAN.SK.Residential.Dwellings.Building Type.LowMed Density.Vintage.2021-2035 Bldg Code,Service,SK,Residential,2021-2035 Bldg Code,Retrofit Average,available,,,,constant_tech,Year,2021,2021,2021,2021,2021,2021,2021,2021,2021,2021,2021,
CIMS.CAN.SK.Residential.Dwellings.Building Type.LowMed Density.Vintage.2021-2035 Bldg Code,Service,SK,Residential,2021-2035 Bldg Code,Retrofit Average,unavailable,,,,constant_tech,Year,2101,2101,2101,2101,2101,2101,2101,2101,2101,2101,2101,
CIMS.CAN.SK.Residential.Dwellings.Building Type.LowMed Density.Vintage.2021-2035 Bldg Code,Service,SK,Residential,2021-2035 Bldg Code,Retrofit Average,lifetime,,,,constant_tech,Years,65,65,65,65,65,65,65,65,65,65,65,
CIMS.CAN.SK.Residential.Dwellings.Building Type.LowMed Density.Vintage.2021-2035 Bldg Code,Service,SK,Residential,2021-2035 Bldg Code,Retrofit Average,market_share_total,,,,annual_tech,%,0,,,,,,,,,,,
CIMS.CAN.SK.Residential.Dwellings.Building Type.LowMed Density.Vintage.2021-2035 Bldg Code,Service,SK,Residential,2021-2035 Bldg Code,Retrofit Average,fcc,,,,constant_tech,$,1565,1565,1565,1565,1565,1565,1565,1565,1565,1565,1565,
CIMS.CAN.SK.Residential.Dwellings.Building Type.LowMed Density.Vintage.2021-2035 Bldg Code,Service,SK,Residential,2021-2035 Bldg Code,Retrofit Average,market_share_new_max,,,,constant_tech,%,0,0,0,0,0,0,0,0,0,0,0,
CIMS.CAN.SK.Residential.Dwellings.Building Type.LowMed Density.Vintage.2021-2035 Bldg Code,Service,SK,Residential,2021-2035 Bldg Code,Retrofit Average,service_request,,,CIMS.CAN.SK.Residential.Dwellings.Building Type.LowMed Density.Vintage.2021-2035 Bldg Code.Heating (Cold),annual_region_tech,GJ,0.13945666474197,0.12883722397047,0.14552827359626,0.13571324596354,0.15157058594953,0.15157058594953,0.15157058594953,0.15157058594953,0.15157058594953,0.15157058594953,0.15157058594953,
CIMS.CAN.SK.Residential.Dwellings.Building Type.LowMed Density.Vintage.2021-2035 Bldg Code,Service,SK,Residential,2021-2035 Bldg Code,Retrofit Deep,technology,,,,,,,,,,,,,,,,,
CIMS.CAN.SK.Residential.Dwellings.Building Type.LowMed Density.Vintage.2021-2035 Bldg Code,Service,SK,Residential,2021-2035 Bldg Code,Retrofit Deep,available,,,,constant_tech,Year,2021,2021,2021,2021,2021,2021,2021,2021,2021,2021,2021,
CIMS.CAN.SK.Residential.Dwellings.Building Type.LowMed Density.Vintage.2021-2035 Bldg Code,Service,SK,Residential,2021-2035 Bldg Code,Retrofit Deep,unavailable,,,,constant_tech,Year,2101,2101,2101,2101,2101,2101,2101,2101,2101,2101,2101,
CIMS.CAN.SK.Residential.Dwellings.Building Type.LowMed Density.Vintage.2021-2035 Bldg Code,Service,SK,Residential,2021-2035 Bldg Code,Retrofit Deep,lifetime,,,,constant_tech,Years,65,65,65,65,65,65,65,65,65,65,65,
CIMS.CAN.SK.Residential.Dwellings.Building Type.LowMed Density.Vintage.2021-2035 Bldg Code,Service,SK,Residential,2021-2035 Bldg Code,Retrofit Deep,market_share_total,,,,annual_tech,%,0,,,,,,,,,,,
CIMS.CAN.SK.Residential.Dwellings.Building Type.LowMed Density.Vintage.2021-2035 Bldg Code,Service,SK,Residential,2021-2035 Bldg Code,Retrofit Deep,fcc,,,,constant_tech,$,3130,3130,3130,3130,3130,3130,3130,3130,3130,3130,3130,
CIMS.CAN.SK.Residential.Dwellings.Building Type.LowMed Density.Vintage.2021-2035 Bldg Code,Service,SK,Residential,2021-2035 Bldg Code,Retrofit Deep,market_share_new_max,,,,constant_tech,%,0,0,0,0,0,0,0,0,0,0,0,
CIMS.CAN.SK.Residential.Dwellings.Building Type.LowMed Density.Vintage.2021-2035 Bldg Code,Service,SK,Residential,2021-2035 Bldg Code,Retrofit Deep,service_request,,,CIMS.CAN.SK.Residential.Dwellings.Building Type.LowMed Density.Vintage.2021-2035 Bldg Code.Heating (Cold),annual_region_tech,GJ,0.09961190338712,0.09202658855034,0.10394876685447,0.0969380328311,0.10826470424967,0.10826470424967,0.10826470424967,0.10826470424967,0.10826470424967,0.10826470424967,0.10826470424967,
CIMS.CAN.SK.Residential.Dwellings.Building Type.LowMed Density.Vintage.2021-2035 Bldg Code.Heating (Cold),Service,SK,Residential,Heating (Cold),,service_provide,,,,constant_tech,GJ of heat,,,,,,,,,,,,
CIMS.CAN.SK.Residential.Dwellings.Building Type.LowMed Density.Vintage.2021-2035 Bldg Code.Heating (Cold),Service,SK,Residential,Heating (Cold),,competition,Tech Compete,,,,,,,,,,,,,,,,
CIMS.CAN.SK.Residential.Dwellings.Building Type.LowMed Density.Vintage.2021-2035 Bldg Code.Heating (Cold),Service,SK,Residential,Heating (Cold),,discount_rate_financial,,,,constant_tech,%,0.25,0.25,0.25,0.25,0.25,0.25,0.25,0.25,0.25,0.25,0.25,
CIMS.CAN.SK.Residential.Dwellings.Building Type.LowMed Density.Vintage.2021-2035 Bldg Code.Heating (Cold),Service,SK,Residential,Heating (Cold),,inheritance,intercept_retirement,,,constant_tech,,FALSE,FALSE,FALSE,FALSE,FALSE,FALSE,FALSE,FALSE,FALSE,FALSE,FALSE,
CIMS.CAN.SK.Residential.Dwellings.Building Type.LowMed Density.Vintage.2021-2035 Bldg Code.Heating (Cold),Service,SK,Residential,Heating (Cold),,heterogeneity,,,,constant_tech,,10,10,10,10,10,10,10,10,10,10,10,
CIMS.CAN.SK.Residential.Dwellings.Building Type.LowMed Density.Vintage.2021-2035 Bldg Code.Heating (Cold),Service,SK,Residential,Heating (Cold),NG - Standard Efficiency,technology,,,,,,,,,,,,,,,,,
CIMS.CAN.SK.Residential.Dwellings.Building Type.LowMed Density.Vintage.2021-2035 Bldg Code.Heating (Cold),Service,SK,Residential,Heating (Cold),NG - Standard Efficiency,available,,,,constant_tech,Year,1990,1990,1990,1990,1990,1990,1990,1990,1990,1990,1990,
CIMS.CAN.SK.Residential.Dwellings.Building Type.LowMed Density.Vintage.2021-2035 Bldg Code.Heating (Cold),Service,SK,Residential,Heating (Cold),NG - Standard Efficiency,unavailable,,,,constant_tech,Year,2101,2101,2101,2101,2101,2101,2101,2101,2101,2101,2101,
CIMS.CAN.SK.Residential.Dwellings.Building Type.LowMed Density.Vintage.2021-2035 Bldg Code.Heating (Cold),Service,SK,Residential,Heating (Cold),NG - Standard Efficiency,lifetime,,,,constant_tech,Years,19,19,19,19,19,19,19,19,19,19,19,
CIMS.CAN.SK.Residential.Dwellings.Building Type.LowMed Density.Vintage.2021-2035 Bldg Code.Heating (Cold),Service,SK,Residential,Heating (Cold),NG - Standard Efficiency,market_share_total,,,,annual_tech,%,1,,,,,,,,,,,
CIMS.CAN.SK.Residential.Dwellings.Building Type.LowMed Density.Vintage.2021-2035 Bldg Code.Heating (Cold),Service,SK,Residential,Heating (Cold),NG - Standard Efficiency,output,,,,constant_tech,node unit,31.399776,31.399776,31.399776,31.399776,31.399776,31.399776,31.399776,31.399776,31.399776,31.399776,31.399776,
CIMS.CAN.SK.Residential.Dwellings.Building Type.LowMed Density.Vintage.2021-2035 Bldg Code.Heating (Cold),Service,SK,Residential,Heating (Cold),NG - Standard Efficiency,fcc,,,,constant_tech,$,5005.382545,5005.382545,5005.382545,5005.382545,5005.382545,5005.382545,5005.382545,5005.382545,5005.382545,5005.382545,5005.382545,
CIMS.CAN.SK.Residential.Dwellings.Building Type.LowMed Density.Vintage.2021-2035 Bldg Code.Heating (Cold),Service,SK,Residential,Heating (Cold),NG - Standard Efficiency,fom,,,,constant_tech,$,162.6749327,162.6749327,162.6749327,162.6749327,162.6749327,162.6749327,162.6749327,162.6749327,162.6749327,162.6749327,162.6749327,
CIMS.CAN.SK.Residential.Dwellings.Building Type.LowMed Density.Vintage.2021-2035 Bldg Code.Heating (Cold),Service,SK,Residential,Heating (Cold),NG - Standard Efficiency,service_request,,,CIMS.CAN.SK.Residential.Methane Blend,annual_tech,GJ,1.32911392425,1.32911392425,1.32911392425,1.32911392425,1.32911392425,1.32911392425,1.32911392425,1.32911392425,1.32911392425,1.32911392425,1.32911392425,
CIMS.CAN.SK.Residential.Dwellings.Building Type.LowMed Density.Vintage.2021-2035 Bldg Code.Heating (Cold),Service,SK,Residential,Heating (Cold),NG - High Efficiency,technology,,,,,,,,,,,,,,,,,
CIMS.CAN.SK.Residential.Dwellings.Building Type.LowMed Density.Vintage.2021-2035 Bldg Code.Heating (Cold),Service,SK,Residential,Heating (Cold),NG - High Efficiency,available,,,,constant_tech,Year,2000,2000,2000,2000,2000,2000,2000,2000,2000,2000,2000,
CIMS.CAN.SK.Residential.Dwellings.Building Type.LowMed Density.Vintage.2021-2035 Bldg Code.Heating (Cold),Service,SK,Residential,Heating (Cold),NG - High Efficiency,unavailable,,,,constant_tech,Year,2101,2101,2101,2101,2101,2101,2101,2101,2101,2101,2101,
CIMS.CAN.SK.Residential.Dwellings.Building Type.LowMed Density.Vintage.2021-2035 Bldg Code.Heating (Cold),Service,SK,Residential,Heating (Cold),NG - High Efficiency,lifetime,,,,constant_tech,Years,19,19,19,19,19,19,19,19,19,19,19,
CIMS.CAN.SK.Residential.Dwellings.Building Type.LowMed Density.Vintage.2021-2035 Bldg Code.Heating (Cold),Service,SK,Residential,Heating (Cold),NG - High Efficiency,market_share_total,,,,annual_tech,%,0,,,,,,,,,,,
CIMS.CAN.SK.Residential.Dwellings.Building Type.LowMed Density.Vintage.2021-2035 Bldg Code.Heating (Cold),Service,SK,Residential,Heating (Cold),NG - High Efficiency,output,,,,constant_tech,node unit,31.399776,31.399776,31.399776,31.399776,31.399776,31.399776,31.399776,31.399776,31.399776,31.399776,31.399776,
CIMS.CAN.SK.Residential.Dwellings.Building Type.LowMed Density.Vintage.2021-2035 Bldg Code.Heating (Cold),Service,SK,Residential,Heating (Cold),NG - High Efficiency,fcc,,,,constant_tech,$,6231.7012692,6231.7012692,6231.7012692,6231.7012692,6231.7012692,6231.7012692,6231.7012692,6231.7012692,6231.7012692,6231.7012692,6231.7012692,
CIMS.CAN.SK.Residential.Dwellings.Building Type.LowMed Density.Vintage.2021-2035 Bldg Code.Heating (Cold),Service,SK,Residential,Heating (Cold),NG - High Efficiency,fom,,,,constant_tech,$,162.6749327,162.6749327,162.6749327,162.6749327,162.6749327,162.6749327,162.6749327,162.6749327,162.6749327,162.6749327,162.6749327,
CIMS.CAN.SK.Residential.Dwellings.Building Type.LowMed Density.Vintage.2021-2035 Bldg Code.Heating (Cold),Service,SK,Residential,Heating (Cold),NG - High Efficiency,service_request,,,CIMS.CAN.SK.Residential.Methane Blend,annual_tech,GJ,1.16666666655,1.16666666655,1.16666666655,1.16666666655,1.16666666655,1.16666666655,1.16666666655,1.16666666655,1.16666666655,1.16666666655,1.16666666655,
CIMS.CAN.SK.Residential.Dwellings.Building Type.LowMed Density.Vintage.2021-2035 Bldg Code.Heating (Cold),Service,SK,Residential,Heating (Cold),NG - ASHP / NG - backup,technology,,,,,,,,,,,,,,,,,
CIMS.CAN.SK.Residential.Dwellings.Building Type.LowMed Density.Vintage.2021-2035 Bldg Code.Heating (Cold),Service,SK,Residential,Heating (Cold),NG - ASHP / NG - backup,available,,,,constant_tech,Year,2000,2000,2000,2000,2000,2000,2000,2000,2000,2000,2000,
CIMS.CAN.SK.Residential.Dwellings.Building Type.LowMed Density.Vintage.2021-2035 Bldg Code.Heating (Cold),Service,SK,Residential,Heating (Cold),NG - ASHP / NG - backup,unavailable,,,,constant_tech,Year,2101,2101,2101,2101,2101,2101,2101,2101,2101,2101,2101,
CIMS.CAN.SK.Residential.Dwellings.Building Type.LowMed Density.Vintage.2021-2035 Bldg Code.Heating (Cold),Service,SK,Residential,Heating (Cold),NG - ASHP / NG - backup,lifetime,,,,constant_tech,Years,15,15,15,15,15,15,15,15,15,15,15,
CIMS.CAN.SK.Residential.Dwellings.Building Type.LowMed Density.Vintage.2021-2035 Bldg Code.Heating (Cold),Service,SK,Residential,Heating (Cold),NG - ASHP / NG - backup,market_share_total,,,,annual_tech,%,0,,,,,,,,,,,
CIMS.CAN.SK.Residential.Dwellings.Building Type.LowMed Density.Vintage.2021-2035 Bldg Code.Heating (Cold),Service,SK,Residential,Heating (Cold),NG - ASHP / NG - backup,output,,,,constant_tech,node unit,31.399776,31.399776,31.399776,31.399776,31.399776,31.399776,31.399776,31.399776,31.399776,31.399776,31.399776,
CIMS.CAN.SK.Residential.Dwellings.Building Type.LowMed Density.Vintage.2021-2035 Bldg Code.Heating (Cold),Service,SK,Residential,Heating (Cold),NG - ASHP / NG - backup,fcc,,,,constant_tech,$,20015.27345,20015.27345,20015.27345,20015.27345,20015.27345,20015.27345,20015.27345,20015.27345,20015.27345,20015.27345,20015.27345,
CIMS.CAN.SK.Residential.Dwellings.Building Type.LowMed Density.Vintage.2021-2035 Bldg Code.Heating (Cold),Service,SK,Residential,Heating (Cold),NG - ASHP / NG - backup,fom,,,,constant_tech,$,250.2691273,250.2691273,250.2691273,250.2691273,250.2691273,250.2691273,250.2691273,250.2691273,250.2691273,250.2691273,250.2691273,
CIMS.CAN.SK.Residential.Dwellings.Building Type.LowMed Density.Vintage.2021-2035 Bldg Code.Heating (Cold),Service,SK,Residential,Heating (Cold),NG - ASHP / NG - backup,service_request,,,CIMS.CAN.SK.Residential.Methane Blend,annual_tech,GJ,2.1593627892625,2.1593627892625,2.1593627892625,2.1593627892625,2.1593627892625,2.1593627892625,2.1593627892625,2.1593627892625,2.1593627892625,2.1593627892625,2.1593627892625,
CIMS.CAN.SK.Residential.Dwellings.Building Type.LowMed Density.Vintage.2021-2035 Bldg Code.Heating (Cold),Service,SK,Residential,Heating (Cold),NG - ASHP / NG - backup,service_request,,,CIMS.CAN.SK.Residential.Dwellings.Building Type.LowMed Density.Cooling,annual_tech,GJ of cooling,-0.004568364,-0.004568364,-0.004568364,-0.004568364,-0.004568364,-0.004568364,-0.004568364,-0.004568364,-0.004568364,-0.004568364,-0.004568364,
CIMS.CAN.SK.Residential.Dwellings.Building Type.LowMed Density.Vintage.2021-2035 Bldg Code.Heating (Cold),Service,SK,Residential,Heating (Cold),Electric - Standard Efficiency,technology,,,,,,,,,,,,,,,,,
CIMS.CAN.SK.Residential.Dwellings.Building Type.LowMed Density.Vintage.2021-2035 Bldg Code.Heating (Cold),Service,SK,Residential,Heating (Cold),Electric - Standard Efficiency,available,,,,constant_tech,Year,1950,1950,1950,1950,1950,1950,1950,1950,1950,1950,1950,
CIMS.CAN.SK.Residential.Dwellings.Building Type.LowMed Density.Vintage.2021-2035 Bldg Code.Heating (Cold),Service,SK,Residential,Heating (Cold),Electric - Standard Efficiency,unavailable,,,,constant_tech,Year,2101,2101,2101,2101,2101,2101,2101,2101,2101,2101,2101,
CIMS.CAN.SK.Residential.Dwellings.Building Type.LowMed Density.Vintage.2021-2035 Bldg Code.Heating (Cold),Service,SK,Residential,Heating (Cold),Electric - Standard Efficiency,lifetime,,,,constant_tech,Years,22.5,22.5,22.5,22.5,22.5,22.5,22.5,22.5,22.5,22.5,22.5,
CIMS.CAN.SK.Residential.Dwellings.Building Type.LowMed Density.Vintage.2021-2035 Bldg Code.Heating (Cold),Service,SK,Residential,Heating (Cold),Electric - Standard Efficiency,market_share_total,,,,annual_tech,%,0,,,,,,,,,,,
CIMS.CAN.SK.Residential.Dwellings.Building Type.LowMed Density.Vintage.2021-2035 Bldg Code.Heating (Cold),Service,SK,Residential,Heating (Cold),Electric - Standard Efficiency,output,,,,constant_tech,node unit,31.399776,31.399776,31.399776,31.399776,31.399776,31.399776,31.399776,31.399776,31.399776,31.399776,31.399776,
CIMS.CAN.SK.Residential.Dwellings.Building Type.LowMed Density.Vintage.2021-2035 Bldg Code.Heating (Cold),Service,SK,Residential,Heating (Cold),Electric - Standard Efficiency,fcc,,,,constant_tech,$,3822.860919,3822.860919,3822.860919,3822.860919,3822.860919,3822.860919,3822.860919,3822.860919,3822.860919,3822.860919,3822.860919,
CIMS.CAN.SK.Residential.Dwellings.Building Type.LowMed Density.Vintage.2021-2035 Bldg Code.Heating (Cold),Service,SK,Residential,Heating (Cold),Electric - Standard Efficiency,service_request,,,CIMS.CAN.SK.Electricity,annual_tech,GJ,1,1,1,1,1,1,1,1,1,1,1,
CIMS.CAN.SK.Residential.Dwellings.Building Type.LowMed Density.Vintage.2021-2035 Bldg Code.Heating (Cold),Service,SK,Residential,Heating (Cold),Electric - ASHP / NG - backup,technology,,,,,,,,,,,,,,,,,
CIMS.CAN.SK.Residential.Dwellings.Building Type.LowMed Density.Vintage.2021-2035 Bldg Code.Heating (Cold),Service,SK,Residential,Heating (Cold),Electric - ASHP / NG - backup,available,,,,constant_tech,Year,2000,2000,2000,2000,2000,2000,2000,2000,2000,2000,2000,
CIMS.CAN.SK.Residential.Dwellings.Building Type.LowMed Density.Vintage.2021-2035 Bldg Code.Heating (Cold),Service,SK,Residential,Heating (Cold),Electric - ASHP / NG - backup,unavailable,,,,constant_tech,Year,2101,2101,2101,2101,2101,2101,2101,2101,2101,2101,2101,
CIMS.CAN.SK.Residential.Dwellings.Building Type.LowMed Density.Vintage.2021-2035 Bldg Code.Heating (Cold),Service,SK,Residential,Heating (Cold),Electric - ASHP / NG - backup,lifetime,,,,constant_tech,Years,15.5,15.5,15.5,15.5,15.5,15.5,15.5,15.5,15.5,15.5,15.5,
CIMS.CAN.SK.Residential.Dwellings.Building Type.LowMed Density.Vintage.2021-2035 Bldg Code.Heating (Cold),Service,SK,Residential,Heating (Cold),Electric - ASHP / NG - backup,market_share_total,,,,annual_tech,%,0,,,,,,,,,,,
CIMS.CAN.SK.Residential.Dwellings.Building Type.LowMed Density.Vintage.2021-2035 Bldg Code.Heating (Cold),Service,SK,Residential,Heating (Cold),Electric - ASHP / NG - backup,output,,,,constant_tech,node unit,31.399776,31.399776,31.399776,31.399776,31.399776,31.399776,31.399776,31.399776,31.399776,31.399776,31.399776,
CIMS.CAN.SK.Residential.Dwellings.Building Type.LowMed Density.Vintage.2021-2035 Bldg Code.Heating (Cold),Service,SK,Residential,Heating (Cold),Electric - ASHP / NG - backup,fcc,,,,constant_tech,$,9647.874856,9647.874856,9647.874856,9647.874856,9647.874856,9647.874856,9647.874856,9647.874856,9647.874856,9647.874856,9647.874856,
CIMS.CAN.SK.Residential.Dwellings.Building Type.LowMed Density.Vintage.2021-2035 Bldg Code.Heating (Cold),Service,SK,Residential,Heating (Cold),Electric - ASHP / NG - backup,fom,,,,constant_tech,$,269.0393118,269.0393118,269.0393118,269.0393118,269.0393118,269.0393118,269.0393118,269.0393118,269.0393118,269.0393118,269.0393118,
CIMS.CAN.SK.Residential.Dwellings.Building Type.LowMed Density.Vintage.2021-2035 Bldg Code.Heating (Cold),Service,SK,Residential,Heating (Cold),Electric - ASHP / NG - backup,service_request,,,CIMS.CAN.SK.Electricity,annual_tech,GJ,0.72747607755,0.72747607755,0.72747607755,0.72747607755,0.72747607755,0.72747607755,0.72747607755,0.72747607755,0.72747607755,0.72747607755,0.72747607755,
CIMS.CAN.SK.Residential.Dwellings.Building Type.LowMed Density.Vintage.2021-2035 Bldg Code.Heating (Cold),Service,SK,Residential,Heating (Cold),Electric - ASHP / NG - backup,service_request,,,CIMS.CAN.SK.Residential.Methane Blend,annual_tech,GJ,0.0583333333275,0.0583333333275,0.0583333333275,0.0583333333275,0.0583333333275,0.0583333333275,0.0583333333275,0.0583333333275,0.0583333333275,0.0583333333275,0.0583333333275,
CIMS.CAN.SK.Residential.Dwellings.Building Type.LowMed Density.Vintage.2021-2035 Bldg Code.Heating (Cold),Service,SK,Residential,Heating (Cold),Electric - ASHP / NG - backup,service_request,,,CIMS.CAN.SK.Residential.Dwellings.Building Type.LowMed Density.Cooling,annual_tech,GJ of cooling,-0.004568364,-0.004568364,-0.004568364,-0.004568364,-0.004568364,-0.004568364,-0.004568364,-0.004568364,-0.004568364,-0.004568364,-0.004568364,
CIMS.CAN.SK.Residential.Dwellings.Building Type.LowMed Density.Vintage.2021-2035 Bldg Code.Heating (Cold),Service,SK,Residential,Heating (Cold),Electric - ASHP / Electric - backup,technology,,,,,,,,,,,,,,,,,
CIMS.CAN.SK.Residential.Dwellings.Building Type.LowMed Density.Vintage.2021-2035 Bldg Code.Heating (Cold),Service,SK,Residential,Heating (Cold),Electric - ASHP / Electric - backup,available,,,,constant_tech,Year,2000,2000,2000,2000,2000,2000,2000,2000,2000,2000,2000,
CIMS.CAN.SK.Residential.Dwellings.Building Type.LowMed Density.Vintage.2021-2035 Bldg Code.Heating (Cold),Service,SK,Residential,Heating (Cold),Electric - ASHP / Electric - backup,unavailable,,,,constant_tech,Year,2101,2101,2101,2101,2101,2101,2101,2101,2101,2101,2101,
CIMS.CAN.SK.Residential.Dwellings.Building Type.LowMed Density.Vintage.2021-2035 Bldg Code.Heating (Cold),Service,SK,Residential,Heating (Cold),Electric - ASHP / Electric - backup,lifetime,,,,constant_tech,Years,15.5,15.5,15.5,15.5,15.5,15.5,15.5,15.5,15.5,15.5,15.5,
CIMS.CAN.SK.Residential.Dwellings.Building Type.LowMed Density.Vintage.2021-2035 Bldg Code.Heating (Cold),Service,SK,Residential,Heating (Cold),Electric - ASHP / Electric - backup,market_share_total,,,,annual_tech,%,0,,,,,,,,,,,
CIMS.CAN.SK.Residential.Dwellings.Building Type.LowMed Density.Vintage.2021-2035 Bldg Code.Heating (Cold),Service,SK,Residential,Heating (Cold),Electric - ASHP / Electric - backup,output,,,,constant_tech,node unit,31.399776,31.399776,31.399776,31.399776,31.399776,31.399776,31.399776,31.399776,31.399776,31.399776,31.399776,
CIMS.CAN.SK.Residential.Dwellings.Building Type.LowMed Density.Vintage.2021-2035 Bldg Code.Heating (Cold),Service,SK,Residential,Heating (Cold),Electric - ASHP / Electric - backup,fcc,,,,constant_tech,$,9373.830161,9373.830161,9373.830161,9373.830161,9373.830161,9373.830161,9373.830161,9373.830161,9373.830161,9373.830161,9373.830161,
CIMS.CAN.SK.Residential.Dwellings.Building Type.LowMed Density.Vintage.2021-2035 Bldg Code.Heating (Cold),Service,SK,Residential,Heating (Cold),Electric - ASHP / Electric - backup,fom,,,,constant_tech,$,106.3643791,106.3643791,106.3643791,106.3643791,106.3643791,106.3643791,106.3643791,106.3643791,106.3643791,106.3643791,106.3643791,
CIMS.CAN.SK.Residential.Dwellings.Building Type.LowMed Density.Vintage.2021-2035 Bldg Code.Heating (Cold),Service,SK,Residential,Heating (Cold),Electric - ASHP / Electric - backup,service_request,,,CIMS.CAN.SK.Electricity,annual_tech,GJ,0.77747607755,0.77747607755,0.77747607755,0.77747607755,0.77747607755,0.77747607755,0.77747607755,0.77747607755,0.77747607755,0.77747607755,0.77747607755,
CIMS.CAN.SK.Residential.Dwellings.Building Type.LowMed Density.Vintage.2021-2035 Bldg Code.Heating (Cold),Service,SK,Residential,Heating (Cold),Electric - ASHP / Electric - backup,service_request,,,CIMS.CAN.SK.Residential.Dwellings.Building Type.LowMed Density.Cooling,annual_tech,GJ of cooling,-0.004568364,-0.004568364,-0.004568364,-0.004568364,-0.004568364,-0.004568364,-0.004568364,-0.004568364,-0.004568364,-0.004568364,-0.004568364,
CIMS.CAN.SK.Residential.Dwellings.Building Type.LowMed Density.Vintage.2021-2035 Bldg Code.Heating (Cold),Service,SK,Residential,Heating (Cold),Electric - GSHP,technology,,,,,,,,,,,,,,,,,
CIMS.CAN.SK.Residential.Dwellings.Building Type.LowMed Density.Vintage.2021-2035 Bldg Code.Heating (Cold),Service,SK,Residential,Heating (Cold),Electric - GSHP,available,,,,constant_tech,Year,2000,2000,2000,2000,2000,2000,2000,2000,2000,2000,2000,
CIMS.CAN.SK.Residential.Dwellings.Building Type.LowMed Density.Vintage.2021-2035 Bldg Code.Heating (Cold),Service,SK,Residential,Heating (Cold),Electric - GSHP,unavailable,,,,constant_tech,Year,2101,2101,2101,2101,2101,2101,2101,2101,2101,2101,2101,
CIMS.CAN.SK.Residential.Dwellings.Building Type.LowMed Density.Vintage.2021-2035 Bldg Code.Heating (Cold),Service,SK,Residential,Heating (Cold),Electric - GSHP,lifetime,,,,constant_tech,Years,20,20,20,20,20,20,20,20,20,20,20,
CIMS.CAN.SK.Residential.Dwellings.Building Type.LowMed Density.Vintage.2021-2035 Bldg Code.Heating (Cold),Service,SK,Residential,Heating (Cold),Electric - GSHP,market_share_total,,,,annual_tech,%,0,,,,,,,,,,,
CIMS.CAN.SK.Residential.Dwellings.Building Type.LowMed Density.Vintage.2021-2035 Bldg Code.Heating (Cold),Service,SK,Residential,Heating (Cold),Electric - GSHP,output,,,,constant_tech,node unit,31.399776,31.399776,31.399776,31.399776,31.399776,31.399776,31.399776,31.399776,31.399776,31.399776,31.399776,
CIMS.CAN.SK.Residential.Dwellings.Building Type.LowMed Density.Vintage.2021-2035 Bldg Code.Heating (Cold),Service,SK,Residential,Heating (Cold),Electric - GSHP,fcc,,,,constant_tech,$,23775.56709,23775.56709,23775.56709,23775.56709,23775.56709,23775.56709,23775.56709,23775.56709,23775.56709,23775.56709,23775.56709,
CIMS.CAN.SK.Residential.Dwellings.Building Type.LowMed Density.Vintage.2021-2035 Bldg Code.Heating (Cold),Service,SK,Residential,Heating (Cold),Electric - GSHP,fom,,,,constant_tech,$,112.6211073,112.6211073,112.6211073,112.6211073,112.6211073,112.6211073,112.6211073,112.6211073,112.6211073,112.6211073,112.6211073,
CIMS.CAN.SK.Residential.Dwellings.Building Type.LowMed Density.Vintage.2021-2035 Bldg Code.Heating (Cold),Service,SK,Residential,Heating (Cold),Electric - GSHP,service_request,,,CIMS.CAN.SK.Electricity,annual_tech,GJ,0.486428472,0.486428472,0.486428472,0.486428472,0.486428472,0.486428472,0.486428472,0.486428472,0.486428472,0.486428472,0.486428472,
CIMS.CAN.SK.Residential.Dwellings.Building Type.LowMed Density.Vintage.2021-2035 Bldg Code.Heating (Cold),Service,SK,Residential,Heating (Cold),Electric - GSHP,service_request,,,CIMS.CAN.SK.Residential.Dwellings.Building Type.LowMed Density.Cooling,annual_tech,GJ of cooling,-0.004568364,-0.004568364,-0.004568364,-0.004568364,-0.004568364,-0.004568364,-0.004568364,-0.004568364,-0.004568364,-0.004568364,-0.004568364,
CIMS.CAN.SK.Residential.Dwellings.Building Type.LowMed Density.Vintage.2021-2035 Bldg Code.Heating (Cold),Service,SK,Residential,Heating (Cold),Heating Oil - Standard Efficiency,technology,,,,,,,,,,,,,,,,,
CIMS.CAN.SK.Residential.Dwellings.Building Type.LowMed Density.Vintage.2021-2035 Bldg Code.Heating (Cold),Service,SK,Residential,Heating (Cold),Heating Oil - Standard Efficiency,available,,,,constant_tech,Year,1950,1950,1950,1950,1950,1950,1950,1950,1950,1950,1950,
CIMS.CAN.SK.Residential.Dwellings.Building Type.LowMed Density.Vintage.2021-2035 Bldg Code.Heating (Cold),Service,SK,Residential,Heating (Cold),Heating Oil - Standard Efficiency,unavailable,,,,constant_tech,Year,2021,2021,2021,2021,2021,2021,2021,2021,2021,2021,2021,
CIMS.CAN.SK.Residential.Dwellings.Building Type.LowMed Density.Vintage.2021-2035 Bldg Code.Heating (Cold),Service,SK,Residential,Heating (Cold),Heating Oil - Standard Efficiency,lifetime,,,,constant_tech,Years,23,23,23,23,23,23,23,23,23,23,23,
CIMS.CAN.SK.Residential.Dwellings.Building Type.LowMed Density.Vintage.2021-2035 Bldg Code.Heating (Cold),Service,SK,Residential,Heating (Cold),Heating Oil - Standard Efficiency,market_share_total,,,,annual_tech,%,0,,,,,,,,,,,
CIMS.CAN.SK.Residential.Dwellings.Building Type.LowMed Density.Vintage.2021-2035 Bldg Code.Heating (Cold),Service,SK,Residential,Heating (Cold),Heating Oil - Standard Efficiency,output,,,,constant_tech,node unit,31.399776,31.399776,31.399776,31.399776,31.399776,31.399776,31.399776,31.399776,31.399776,31.399776,31.399776,
CIMS.CAN.SK.Residential.Dwellings.Building Type.LowMed Density.Vintage.2021-2035 Bldg Code.Heating (Cold),Service,SK,Residential,Heating (Cold),Heating Oil - Standard Efficiency,fcc,,,,constant_tech,$,6444.430027,6444.430027,6444.430027,6444.430027,6444.430027,6444.430027,6444.430027,6444.430027,6444.430027,6444.430027,6444.430027,
CIMS.CAN.SK.Residential.Dwellings.Building Type.LowMed Density.Vintage.2021-2035 Bldg Code.Heating (Cold),Service,SK,Residential,Heating (Cold),Heating Oil - Standard Efficiency,fom,,,,constant_tech,$,100.1076509,100.1076509,100.1076509,100.1076509,100.1076509,100.1076509,100.1076509,100.1076509,100.1076509,100.1076509,100.1076509,
CIMS.CAN.SK.Residential.Dwellings.Building Type.LowMed Density.Vintage.2021-2035 Bldg Code.Heating (Cold),Service,SK,Residential,Heating (Cold),Heating Oil - Standard Efficiency,service_request,,,CIMS.Generic Fuels.Fuel Oil,annual_tech,GJ,1.282051282,1.282051282,1.282051282,1.282051282,1.282051282,1.282051282,1.282051282,1.282051282,1.282051282,1.282051282,1.282051282,
CIMS.CAN.SK.Residential.Dwellings.Building Type.LowMed Density.Vintage.2021-2035 Bldg Code.Heating (Cold),Service,SK,Residential,Heating (Cold),Heating Oil - High Efficiency,technology,,,,,,,,,,,,,,,,,
CIMS.CAN.SK.Residential.Dwellings.Building Type.LowMed Density.Vintage.2021-2035 Bldg Code.Heating (Cold),Service,SK,Residential,Heating (Cold),Heating Oil - High Efficiency,available,,,,constant_tech,Year,2000,2000,2000,2000,2000,2000,2000,2000,2000,2000,2000,
CIMS.CAN.SK.Residential.Dwellings.Building Type.LowMed Density.Vintage.2021-2035 Bldg Code.Heating (Cold),Service,SK,Residential,Heating (Cold),Heating Oil - High Efficiency,unavailable,,,,constant_tech,Year,2101,2101,2101,2101,2101,2101,2101,2101,2101,2101,2101,
CIMS.CAN.SK.Residential.Dwellings.Building Type.LowMed Density.Vintage.2021-2035 Bldg Code.Heating (Cold),Service,SK,Residential,Heating (Cold),Heating Oil - High Efficiency,lifetime,,,,constant_tech,Years,23,23,23,23,23,23,23,23,23,23,23,
CIMS.CAN.SK.Residential.Dwellings.Building Type.LowMed Density.Vintage.2021-2035 Bldg Code.Heating (Cold),Service,SK,Residential,Heating (Cold),Heating Oil - High Efficiency,market_share_total,,,,annual_tech,%,0,,,,,,,,,,,
CIMS.CAN.SK.Residential.Dwellings.Building Type.LowMed Density.Vintage.2021-2035 Bldg Code.Heating (Cold),Service,SK,Residential,Heating (Cold),Heating Oil - High Efficiency,output,,,,constant_tech,node unit,31.399776,31.399776,31.399776,31.399776,31.399776,31.399776,31.399776,31.399776,31.399776,31.399776,31.399776,
CIMS.CAN.SK.Residential.Dwellings.Building Type.LowMed Density.Vintage.2021-2035 Bldg Code.Heating (Cold),Service,SK,Residential,Heating (Cold),Heating Oil - High Efficiency,fcc,,,,constant_tech,$,9541.510477,9541.510477,9541.510477,9541.510477,9541.510477,9541.510477,9541.510477,9541.510477,9541.510477,9541.510477,9541.510477,
CIMS.CAN.SK.Residential.Dwellings.Building Type.LowMed Density.Vintage.2021-2035 Bldg Code.Heating (Cold),Service,SK,Residential,Heating (Cold),Heating Oil - High Efficiency,fom,,,,constant_tech,$,100.1076509,100.1076509,100.1076509,100.1076509,100.1076509,100.1076509,100.1076509,100.1076509,100.1076509,100.1076509,100.1076509,
CIMS.CAN.SK.Residential.Dwellings.Building Type.LowMed Density.Vintage.2021-2035 Bldg Code.Heating (Cold),Service,SK,Residential,Heating (Cold),Heating Oil - High Efficiency,service_request,,,CIMS.Generic Fuels.Fuel Oil,annual_tech,GJ,1.162790698,1.162790698,1.162790698,1.162790698,1.162790698,1.162790698,1.162790698,1.162790698,1.162790698,1.162790698,1.162790698,
CIMS.CAN.SK.Residential.Dwellings.Building Type.LowMed Density.Vintage.2021-2035 Bldg Code.Heating (Cold),Service,SK,Residential,Heating (Cold),Wood,technology,,,,,,,,,,,,,,,,,
CIMS.CAN.SK.Residential.Dwellings.Building Type.LowMed Density.Vintage.2021-2035 Bldg Code.Heating (Cold),Service,SK,Residential,Heating (Cold),Wood,available,,,,constant_tech,Year,1950,1950,1950,1950,1950,1950,1950,1950,1950,1950,1950,
CIMS.CAN.SK.Residential.Dwellings.Building Type.LowMed Density.Vintage.2021-2035 Bldg Code.Heating (Cold),Service,SK,Residential,Heating (Cold),Wood,unavailable,,,,constant_tech,Year,2101,2101,2101,2101,2101,2101,2101,2101,2101,2101,2101,
CIMS.CAN.SK.Residential.Dwellings.Building Type.LowMed Density.Vintage.2021-2035 Bldg Code.Heating (Cold),Service,SK,Residential,Heating (Cold),Wood,lifetime,,,,constant_tech,Years,18.5,18.5,18.5,18.5,18.5,18.5,18.5,18.5,18.5,18.5,18.5,
CIMS.CAN.SK.Residential.Dwellings.Building Type.LowMed Density.Vintage.2021-2035 Bldg Code.Heating (Cold),Service,SK,Residential,Heating (Cold),Wood,market_share_total,,,,annual_tech,%,0,,,,,,,,,,,
CIMS.CAN.SK.Residential.Dwellings.Building Type.LowMed Density.Vintage.2021-2035 Bldg Code.Heating (Cold),Service,SK,Residential,Heating (Cold),Wood,output,,,,constant_tech,node unit,31.399776,31.399776,31.399776,31.399776,31.399776,31.399776,31.399776,31.399776,31.399776,31.399776,31.399776,
CIMS.CAN.SK.Residential.Dwellings.Building Type.LowMed Density.Vintage.2021-2035 Bldg Code.Heating (Cold),Service,SK,Residential,Heating (Cold),Wood,fcc,,,,constant_tech,$,8000.269768,8000.269768,8000.269768,8000.269768,8000.269768,8000.269768,8000.269768,8000.269768,8000.269768,8000.269768,8000.269768,
CIMS.CAN.SK.Residential.Dwellings.Building Type.LowMed Density.Vintage.2021-2035 Bldg Code.Heating (Cold),Service,SK,Residential,Heating (Cold),Wood,fom,,,,constant_tech,$,250.2691273,250.2691273,250.2691273,250.2691273,250.2691273,250.2691273,250.2691273,250.2691273,250.2691273,250.2691273,250.2691273,
CIMS.CAN.SK.Residential.Dwellings.Building Type.LowMed Density.Vintage.2021-2035 Bldg Code.Heating (Cold),Service,SK,Residential,Heating (Cold),Wood,service_request,,,CIMS.Generic Fuels.Solid Biomass,annual_tech,GJ,2,2,2,2,2,2,2,2,2,2,2,
CIMS.CAN.SK.Residential.Dwellings.Building Type.LowMed Density.Vintage.>2035 Bldg Code,Service,SK,Residential,>2035 Bldg Code,,service_provide,,,,constant_tech,m2,,,,,,,,,,,,
CIMS.CAN.SK.Residential.Dwellings.Building Type.LowMed Density.Vintage.>2035 Bldg Code,Service,SK,Residential,>2035 Bldg Code,,competition,Tech Compete,,,,,,,,,,,,,,,,
CIMS.CAN.SK.Residential.Dwellings.Building Type.LowMed Density.Vintage.>2035 Bldg Code,Service,SK,Residential,>2035 Bldg Code,,discount_rate_financial,,,,constant_tech,%,0.25,0.25,0.25,0.25,0.25,0.25,0.25,0.25,0.25,0.25,0.25,
CIMS.CAN.SK.Residential.Dwellings.Building Type.LowMed Density.Vintage.>2035 Bldg Code,Service,SK,Residential,>2035 Bldg Code,,heterogeneity,,,,constant_tech,,10,10,10,10,10,10,10,10,10,10,10,
CIMS.CAN.SK.Residential.Dwellings.Building Type.LowMed Density.Vintage.>2035 Bldg Code,Service,SK,Residential,>2035 Bldg Code,Reference,technology,,,,,,,,,,,,,,,,,
CIMS.CAN.SK.Residential.Dwellings.Building Type.LowMed Density.Vintage.>2035 Bldg Code,Service,SK,Residential,>2035 Bldg Code,Reference,available,,,,constant_tech,Year,2036,2036,2036,2036,2036,2036,2036,2036,2036,2036,2036,
CIMS.CAN.SK.Residential.Dwellings.Building Type.LowMed Density.Vintage.>2035 Bldg Code,Service,SK,Residential,>2035 Bldg Code,Reference,unavailable,,,,constant_tech,Year,2101,2101,2101,2101,2101,2101,2101,2101,2101,2101,2101,
CIMS.CAN.SK.Residential.Dwellings.Building Type.LowMed Density.Vintage.>2035 Bldg Code,Service,SK,Residential,>2035 Bldg Code,Reference,lifetime,,,,constant_tech,Years,65,65,65,65,65,65,65,65,65,65,65,
CIMS.CAN.SK.Residential.Dwellings.Building Type.LowMed Density.Vintage.>2035 Bldg Code,Service,SK,Residential,>2035 Bldg Code,Reference,market_share_total,,,,annual_tech,%,1,,,,,,,,,,,
CIMS.CAN.SK.Residential.Dwellings.Building Type.LowMed Density.Vintage.>2035 Bldg Code,Service,SK,Residential,>2035 Bldg Code,Reference,service_request,,,CIMS.CAN.SK.Residential.Dwellings.Building Type.LowMed Density.Vintage.>2035 Bldg Code.Heating (Cold),annual_region_tech,GJ,0.14941785508068,0.1380398828255,0.1559231502817,0.14540704924665,0.1623970563745,0.1623970563745,0.1623970563745,0.1623970563745,0.1623970563745,0.1623970563745,0.1623970563745,
CIMS.CAN.SK.Residential.Dwellings.Building Type.LowMed Density.Vintage.>2035 Bldg Code,Service,SK,Residential,>2035 Bldg Code,Retrofit Passive,technology,,,,,,,,,,,,,,,,,
CIMS.CAN.SK.Residential.Dwellings.Building Type.LowMed Density.Vintage.>2035 Bldg Code,Service,SK,Residential,>2035 Bldg Code,Retrofit Passive,available,,,,constant_tech,Year,2036,2036,2036,2036,2036,2036,2036,2036,2036,2036,2036,
CIMS.CAN.SK.Residential.Dwellings.Building Type.LowMed Density.Vintage.>2035 Bldg Code,Service,SK,Residential,>2035 Bldg Code,Retrofit Passive,unavailable,,,,constant_tech,Year,2101,2101,2101,2101,2101,2101,2101,2101,2101,2101,2101,
CIMS.CAN.SK.Residential.Dwellings.Building Type.LowMed Density.Vintage.>2035 Bldg Code,Service,SK,Residential,>2035 Bldg Code,Retrofit Passive,lifetime,,,,constant_tech,Years,65,65,65,65,65,65,65,65,65,65,65,
CIMS.CAN.SK.Residential.Dwellings.Building Type.LowMed Density.Vintage.>2035 Bldg Code,Service,SK,Residential,>2035 Bldg Code,Retrofit Passive,market_share_total,,,,annual_tech,%,0,,,,,,,,,,,
CIMS.CAN.SK.Residential.Dwellings.Building Type.LowMed Density.Vintage.>2035 Bldg Code,Service,SK,Residential,>2035 Bldg Code,Retrofit Passive,fcc,,,,constant_tech,$,3130,3130,3130,3130,3130,3130,3130,3130,3130,3130,3130,
CIMS.CAN.SK.Residential.Dwellings.Building Type.LowMed Density.Vintage.>2035 Bldg Code,Service,SK,Residential,>2035 Bldg Code,Retrofit Passive,market_share_new_max,,,,constant_tech,%,0,0,0,0,0,0,0,0,0,0,0,
CIMS.CAN.SK.Residential.Dwellings.Building Type.LowMed Density.Vintage.>2035 Bldg Code.Heating (Cold),Service,SK,Residential,Heating (Cold),,service_provide,,,,constant_tech,GJ of heat,,,,,,,,,,,,
CIMS.CAN.SK.Residential.Dwellings.Building Type.LowMed Density.Vintage.>2035 Bldg Code.Heating (Cold),Service,SK,Residential,Heating (Cold),,competition,Tech Compete,,,,,,,,,,,,,,,,
CIMS.CAN.SK.Residential.Dwellings.Building Type.LowMed Density.Vintage.>2035 Bldg Code.Heating (Cold),Service,SK,Residential,Heating (Cold),,discount_rate_financial,,,,constant_tech,%,0.25,0.25,0.25,0.25,0.25,0.25,0.25,0.25,0.25,0.25,0.25,
CIMS.CAN.SK.Residential.Dwellings.Building Type.LowMed Density.Vintage.>2035 Bldg Code.Heating (Cold),Service,SK,Residential,Heating (Cold),,inheritance,intercept_retirement,,,constant_tech,,FALSE,FALSE,FALSE,FALSE,FALSE,FALSE,FALSE,FALSE,FALSE,FALSE,FALSE,
CIMS.CAN.SK.Residential.Dwellings.Building Type.LowMed Density.Vintage.>2035 Bldg Code.Heating (Cold),Service,SK,Residential,Heating (Cold),,heterogeneity,,,,constant_tech,,10,10,10,10,10,10,10,10,10,10,10,
CIMS.CAN.SK.Residential.Dwellings.Building Type.LowMed Density.Vintage.>2035 Bldg Code.Heating (Cold),Service,SK,Residential,Heating (Cold),NG - Standard Efficiency,technology,,,,,,,,,,,,,,,,,
CIMS.CAN.SK.Residential.Dwellings.Building Type.LowMed Density.Vintage.>2035 Bldg Code.Heating (Cold),Service,SK,Residential,Heating (Cold),NG - Standard Efficiency,available,,,,constant_tech,Year,1990,1990,1990,1990,1990,1990,1990,1990,1990,1990,1990,
CIMS.CAN.SK.Residential.Dwellings.Building Type.LowMed Density.Vintage.>2035 Bldg Code.Heating (Cold),Service,SK,Residential,Heating (Cold),NG - Standard Efficiency,unavailable,,,,constant_tech,Year,2101,2101,2101,2101,2101,2101,2101,2101,2101,2101,2101,
CIMS.CAN.SK.Residential.Dwellings.Building Type.LowMed Density.Vintage.>2035 Bldg Code.Heating (Cold),Service,SK,Residential,Heating (Cold),NG - Standard Efficiency,lifetime,,,,constant_tech,Years,19,19,19,19,19,19,19,19,19,19,19,
CIMS.CAN.SK.Residential.Dwellings.Building Type.LowMed Density.Vintage.>2035 Bldg Code.Heating (Cold),Service,SK,Residential,Heating (Cold),NG - Standard Efficiency,market_share_total,,,,annual_tech,%,1,,,,,,,,,,,
CIMS.CAN.SK.Residential.Dwellings.Building Type.LowMed Density.Vintage.>2035 Bldg Code.Heating (Cold),Service,SK,Residential,Heating (Cold),NG - Standard Efficiency,output,,,,constant_tech,node unit,31.399776,31.399776,31.399776,31.399776,31.399776,31.399776,31.399776,31.399776,31.399776,31.399776,31.399776,
CIMS.CAN.SK.Residential.Dwellings.Building Type.LowMed Density.Vintage.>2035 Bldg Code.Heating (Cold),Service,SK,Residential,Heating (Cold),NG - Standard Efficiency,fcc,,,,constant_tech,$,5005.382545,5005.382545,5005.382545,5005.382545,5005.382545,5005.382545,5005.382545,5005.382545,5005.382545,5005.382545,5005.382545,
CIMS.CAN.SK.Residential.Dwellings.Building Type.LowMed Density.Vintage.>2035 Bldg Code.Heating (Cold),Service,SK,Residential,Heating (Cold),NG - Standard Efficiency,fom,,,,constant_tech,$,162.6749327,162.6749327,162.6749327,162.6749327,162.6749327,162.6749327,162.6749327,162.6749327,162.6749327,162.6749327,162.6749327,
CIMS.CAN.SK.Residential.Dwellings.Building Type.LowMed Density.Vintage.>2035 Bldg Code.Heating (Cold),Service,SK,Residential,Heating (Cold),NG - Standard Efficiency,service_request,,,CIMS.CAN.SK.Residential.Methane Blend,annual_tech,GJ,1.32911392425,1.32911392425,1.32911392425,1.32911392425,1.32911392425,1.32911392425,1.32911392425,1.32911392425,1.32911392425,1.32911392425,1.32911392425,
CIMS.CAN.SK.Residential.Dwellings.Building Type.LowMed Density.Vintage.>2035 Bldg Code.Heating (Cold),Service,SK,Residential,Heating (Cold),NG - High Efficiency,technology,,,,,,,,,,,,,,,,,
CIMS.CAN.SK.Residential.Dwellings.Building Type.LowMed Density.Vintage.>2035 Bldg Code.Heating (Cold),Service,SK,Residential,Heating (Cold),NG - High Efficiency,available,,,,constant_tech,Year,2000,2000,2000,2000,2000,2000,2000,2000,2000,2000,2000,
CIMS.CAN.SK.Residential.Dwellings.Building Type.LowMed Density.Vintage.>2035 Bldg Code.Heating (Cold),Service,SK,Residential,Heating (Cold),NG - High Efficiency,unavailable,,,,constant_tech,Year,2101,2101,2101,2101,2101,2101,2101,2101,2101,2101,2101,
CIMS.CAN.SK.Residential.Dwellings.Building Type.LowMed Density.Vintage.>2035 Bldg Code.Heating (Cold),Service,SK,Residential,Heating (Cold),NG - High Efficiency,lifetime,,,,constant_tech,Years,19,19,19,19,19,19,19,19,19,19,19,
CIMS.CAN.SK.Residential.Dwellings.Building Type.LowMed Density.Vintage.>2035 Bldg Code.Heating (Cold),Service,SK,Residential,Heating (Cold),NG - High Efficiency,market_share_total,,,,annual_tech,%,0,,,,,,,,,,,
CIMS.CAN.SK.Residential.Dwellings.Building Type.LowMed Density.Vintage.>2035 Bldg Code.Heating (Cold),Service,SK,Residential,Heating (Cold),NG - High Efficiency,output,,,,constant_tech,node unit,31.399776,31.399776,31.399776,31.399776,31.399776,31.399776,31.399776,31.399776,31.399776,31.399776,31.399776,
CIMS.CAN.SK.Residential.Dwellings.Building Type.LowMed Density.Vintage.>2035 Bldg Code.Heating (Cold),Service,SK,Residential,Heating (Cold),NG - High Efficiency,fcc,,,,constant_tech,$,6231.7012692,6231.7012692,6231.7012692,6231.7012692,6231.7012692,6231.7012692,6231.7012692,6231.7012692,6231.7012692,6231.7012692,6231.7012692,
CIMS.CAN.SK.Residential.Dwellings.Building Type.LowMed Density.Vintage.>2035 Bldg Code.Heating (Cold),Service,SK,Residential,Heating (Cold),NG - High Efficiency,fom,,,,constant_tech,$,162.6749327,162.6749327,162.6749327,162.6749327,162.6749327,162.6749327,162.6749327,162.6749327,162.6749327,162.6749327,162.6749327,
CIMS.CAN.SK.Residential.Dwellings.Building Type.LowMed Density.Vintage.>2035 Bldg Code.Heating (Cold),Service,SK,Residential,Heating (Cold),NG - High Efficiency,service_request,,,CIMS.CAN.SK.Residential.Methane Blend,annual_tech,GJ,1.16666666655,1.16666666655,1.16666666655,1.16666666655,1.16666666655,1.16666666655,1.16666666655,1.16666666655,1.16666666655,1.16666666655,1.16666666655,
CIMS.CAN.SK.Residential.Dwellings.Building Type.LowMed Density.Vintage.>2035 Bldg Code.Heating (Cold),Service,SK,Residential,Heating (Cold),NG - ASHP / NG - backup,technology,,,,,,,,,,,,,,,,,
CIMS.CAN.SK.Residential.Dwellings.Building Type.LowMed Density.Vintage.>2035 Bldg Code.Heating (Cold),Service,SK,Residential,Heating (Cold),NG - ASHP / NG - backup,available,,,,constant_tech,Year,2000,2000,2000,2000,2000,2000,2000,2000,2000,2000,2000,
CIMS.CAN.SK.Residential.Dwellings.Building Type.LowMed Density.Vintage.>2035 Bldg Code.Heating (Cold),Service,SK,Residential,Heating (Cold),NG - ASHP / NG - backup,unavailable,,,,constant_tech,Year,2101,2101,2101,2101,2101,2101,2101,2101,2101,2101,2101,
CIMS.CAN.SK.Residential.Dwellings.Building Type.LowMed Density.Vintage.>2035 Bldg Code.Heating (Cold),Service,SK,Residential,Heating (Cold),NG - ASHP / NG - backup,lifetime,,,,constant_tech,Years,15,15,15,15,15,15,15,15,15,15,15,
CIMS.CAN.SK.Residential.Dwellings.Building Type.LowMed Density.Vintage.>2035 Bldg Code.Heating (Cold),Service,SK,Residential,Heating (Cold),NG - ASHP / NG - backup,market_share_total,,,,annual_tech,%,0,,,,,,,,,,,
CIMS.CAN.SK.Residential.Dwellings.Building Type.LowMed Density.Vintage.>2035 Bldg Code.Heating (Cold),Service,SK,Residential,Heating (Cold),NG - ASHP / NG - backup,output,,,,constant_tech,node unit,31.399776,31.399776,31.399776,31.399776,31.399776,31.399776,31.399776,31.399776,31.399776,31.399776,31.399776,
CIMS.CAN.SK.Residential.Dwellings.Building Type.LowMed Density.Vintage.>2035 Bldg Code.Heating (Cold),Service,SK,Residential,Heating (Cold),NG - ASHP / NG - backup,fcc,,,,constant_tech,$,20015.27345,20015.27345,20015.27345,20015.27345,20015.27345,20015.27345,20015.27345,20015.27345,20015.27345,20015.27345,20015.27345,
CIMS.CAN.SK.Residential.Dwellings.Building Type.LowMed Density.Vintage.>2035 Bldg Code.Heating (Cold),Service,SK,Residential,Heating (Cold),NG - ASHP / NG - backup,fom,,,,constant_tech,$,250.2691273,250.2691273,250.2691273,250.2691273,250.2691273,250.2691273,250.2691273,250.2691273,250.2691273,250.2691273,250.2691273,
CIMS.CAN.SK.Residential.Dwellings.Building Type.LowMed Density.Vintage.>2035 Bldg Code.Heating (Cold),Service,SK,Residential,Heating (Cold),NG - ASHP / NG - backup,service_request,,,CIMS.CAN.SK.Residential.Methane Blend,annual_tech,GJ,2.1593627892625,2.1593627892625,2.1593627892625,2.1593627892625,2.1593627892625,2.1593627892625,2.1593627892625,2.1593627892625,2.1593627892625,2.1593627892625,2.1593627892625,
CIMS.CAN.SK.Residential.Dwellings.Building Type.LowMed Density.Vintage.>2035 Bldg Code.Heating (Cold),Service,SK,Residential,Heating (Cold),NG - ASHP / NG - backup,service_request,,,CIMS.CAN.SK.Residential.Dwellings.Building Type.LowMed Density.Cooling,annual_tech,GJ of cooling,-0.004568364,-0.004568364,-0.004568364,-0.004568364,-0.004568364,-0.004568364,-0.004568364,-0.004568364,-0.004568364,-0.004568364,-0.004568364,
CIMS.CAN.SK.Residential.Dwellings.Building Type.LowMed Density.Vintage.>2035 Bldg Code.Heating (Cold),Service,SK,Residential,Heating (Cold),Electric - Standard Efficiency,technology,,,,,,,,,,,,,,,,,
CIMS.CAN.SK.Residential.Dwellings.Building Type.LowMed Density.Vintage.>2035 Bldg Code.Heating (Cold),Service,SK,Residential,Heating (Cold),Electric - Standard Efficiency,available,,,,constant_tech,Year,1950,1950,1950,1950,1950,1950,1950,1950,1950,1950,1950,
CIMS.CAN.SK.Residential.Dwellings.Building Type.LowMed Density.Vintage.>2035 Bldg Code.Heating (Cold),Service,SK,Residential,Heating (Cold),Electric - Standard Efficiency,unavailable,,,,constant_tech,Year,2101,2101,2101,2101,2101,2101,2101,2101,2101,2101,2101,
CIMS.CAN.SK.Residential.Dwellings.Building Type.LowMed Density.Vintage.>2035 Bldg Code.Heating (Cold),Service,SK,Residential,Heating (Cold),Electric - Standard Efficiency,lifetime,,,,constant_tech,Years,22.5,22.5,22.5,22.5,22.5,22.5,22.5,22.5,22.5,22.5,22.5,
CIMS.CAN.SK.Residential.Dwellings.Building Type.LowMed Density.Vintage.>2035 Bldg Code.Heating (Cold),Service,SK,Residential,Heating (Cold),Electric - Standard Efficiency,market_share_total,,,,annual_tech,%,0,,,,,,,,,,,
CIMS.CAN.SK.Residential.Dwellings.Building Type.LowMed Density.Vintage.>2035 Bldg Code.Heating (Cold),Service,SK,Residential,Heating (Cold),Electric - Standard Efficiency,output,,,,constant_tech,node unit,31.399776,31.399776,31.399776,31.399776,31.399776,31.399776,31.399776,31.399776,31.399776,31.399776,31.399776,
CIMS.CAN.SK.Residential.Dwellings.Building Type.LowMed Density.Vintage.>2035 Bldg Code.Heating (Cold),Service,SK,Residential,Heating (Cold),Electric - Standard Efficiency,fcc,,,,constant_tech,$,3822.860919,3822.860919,3822.860919,3822.860919,3822.860919,3822.860919,3822.860919,3822.860919,3822.860919,3822.860919,3822.860919,
CIMS.CAN.SK.Residential.Dwellings.Building Type.LowMed Density.Vintage.>2035 Bldg Code.Heating (Cold),Service,SK,Residential,Heating (Cold),Electric - Standard Efficiency,service_request,,,CIMS.CAN.SK.Electricity,annual_tech,GJ,1,1,1,1,1,1,1,1,1,1,1,
CIMS.CAN.SK.Residential.Dwellings.Building Type.LowMed Density.Vintage.>2035 Bldg Code.Heating (Cold),Service,SK,Residential,Heating (Cold),Electric - ASHP / NG - backup,technology,,,,,,,,,,,,,,,,,
CIMS.CAN.SK.Residential.Dwellings.Building Type.LowMed Density.Vintage.>2035 Bldg Code.Heating (Cold),Service,SK,Residential,Heating (Cold),Electric - ASHP / NG - backup,available,,,,constant_tech,Year,2000,2000,2000,2000,2000,2000,2000,2000,2000,2000,2000,
CIMS.CAN.SK.Residential.Dwellings.Building Type.LowMed Density.Vintage.>2035 Bldg Code.Heating (Cold),Service,SK,Residential,Heating (Cold),Electric - ASHP / NG - backup,unavailable,,,,constant_tech,Year,2101,2101,2101,2101,2101,2101,2101,2101,2101,2101,2101,
CIMS.CAN.SK.Residential.Dwellings.Building Type.LowMed Density.Vintage.>2035 Bldg Code.Heating (Cold),Service,SK,Residential,Heating (Cold),Electric - ASHP / NG - backup,lifetime,,,,constant_tech,Years,15.5,15.5,15.5,15.5,15.5,15.5,15.5,15.5,15.5,15.5,15.5,
CIMS.CAN.SK.Residential.Dwellings.Building Type.LowMed Density.Vintage.>2035 Bldg Code.Heating (Cold),Service,SK,Residential,Heating (Cold),Electric - ASHP / NG - backup,market_share_total,,,,annual_tech,%,0,,,,,,,,,,,
CIMS.CAN.SK.Residential.Dwellings.Building Type.LowMed Density.Vintage.>2035 Bldg Code.Heating (Cold),Service,SK,Residential,Heating (Cold),Electric - ASHP / NG - backup,output,,,,constant_tech,node unit,31.399776,31.399776,31.399776,31.399776,31.399776,31.399776,31.399776,31.399776,31.399776,31.399776,31.399776,
CIMS.CAN.SK.Residential.Dwellings.Building Type.LowMed Density.Vintage.>2035 Bldg Code.Heating (Cold),Service,SK,Residential,Heating (Cold),Electric - ASHP / NG - backup,fcc,,,,constant_tech,$,9647.874856,9647.874856,9647.874856,9647.874856,9647.874856,9647.874856,9647.874856,9647.874856,9647.874856,9647.874856,9647.874856,
CIMS.CAN.SK.Residential.Dwellings.Building Type.LowMed Density.Vintage.>2035 Bldg Code.Heating (Cold),Service,SK,Residential,Heating (Cold),Electric - ASHP / NG - backup,fom,,,,constant_tech,$,269.0393118,269.0393118,269.0393118,269.0393118,269.0393118,269.0393118,269.0393118,269.0393118,269.0393118,269.0393118,269.0393118,
CIMS.CAN.SK.Residential.Dwellings.Building Type.LowMed Density.Vintage.>2035 Bldg Code.Heating (Cold),Service,SK,Residential,Heating (Cold),Electric - ASHP / NG - backup,service_request,,,CIMS.CAN.SK.Electricity,annual_tech,GJ,0.72747607755,0.72747607755,0.72747607755,0.72747607755,0.72747607755,0.72747607755,0.72747607755,0.72747607755,0.72747607755,0.72747607755,0.72747607755,
CIMS.CAN.SK.Residential.Dwellings.Building Type.LowMed Density.Vintage.>2035 Bldg Code.Heating (Cold),Service,SK,Residential,Heating (Cold),Electric - ASHP / NG - backup,service_request,,,CIMS.CAN.SK.Residential.Methane Blend,annual_tech,GJ,0.0583333333275,0.0583333333275,0.0583333333275,0.0583333333275,0.0583333333275,0.0583333333275,0.0583333333275,0.0583333333275,0.0583333333275,0.0583333333275,0.0583333333275,
CIMS.CAN.SK.Residential.Dwellings.Building Type.LowMed Density.Vintage.>2035 Bldg Code.Heating (Cold),Service,SK,Residential,Heating (Cold),Electric - ASHP / NG - backup,service_request,,,CIMS.CAN.SK.Residential.Dwellings.Building Type.LowMed Density.Cooling,annual_tech,GJ of cooling,-0.004568364,-0.004568364,-0.004568364,-0.004568364,-0.004568364,-0.004568364,-0.004568364,-0.004568364,-0.004568364,-0.004568364,-0.004568364,
CIMS.CAN.SK.Residential.Dwellings.Building Type.LowMed Density.Vintage.>2035 Bldg Code.Heating (Cold),Service,SK,Residential,Heating (Cold),Electric - ASHP / Electric - backup,technology,,,,,,,,,,,,,,,,,
CIMS.CAN.SK.Residential.Dwellings.Building Type.LowMed Density.Vintage.>2035 Bldg Code.Heating (Cold),Service,SK,Residential,Heating (Cold),Electric - ASHP / Electric - backup,available,,,,constant_tech,Year,2000,2000,2000,2000,2000,2000,2000,2000,2000,2000,2000,
CIMS.CAN.SK.Residential.Dwellings.Building Type.LowMed Density.Vintage.>2035 Bldg Code.Heating (Cold),Service,SK,Residential,Heating (Cold),Electric - ASHP / Electric - backup,unavailable,,,,constant_tech,Year,2101,2101,2101,2101,2101,2101,2101,2101,2101,2101,2101,
CIMS.CAN.SK.Residential.Dwellings.Building Type.LowMed Density.Vintage.>2035 Bldg Code.Heating (Cold),Service,SK,Residential,Heating (Cold),Electric - ASHP / Electric - backup,lifetime,,,,constant_tech,Years,15.5,15.5,15.5,15.5,15.5,15.5,15.5,15.5,15.5,15.5,15.5,
CIMS.CAN.SK.Residential.Dwellings.Building Type.LowMed Density.Vintage.>2035 Bldg Code.Heating (Cold),Service,SK,Residential,Heating (Cold),Electric - ASHP / Electric - backup,market_share_total,,,,annual_tech,%,0,,,,,,,,,,,
CIMS.CAN.SK.Residential.Dwellings.Building Type.LowMed Density.Vintage.>2035 Bldg Code.Heating (Cold),Service,SK,Residential,Heating (Cold),Electric - ASHP / Electric - backup,output,,,,constant_tech,node unit,31.399776,31.399776,31.399776,31.399776,31.399776,31.399776,31.399776,31.399776,31.399776,31.399776,31.399776,
CIMS.CAN.SK.Residential.Dwellings.Building Type.LowMed Density.Vintage.>2035 Bldg Code.Heating (Cold),Service,SK,Residential,Heating (Cold),Electric - ASHP / Electric - backup,fcc,,,,constant_tech,$,9373.830161,9373.830161,9373.830161,9373.830161,9373.830161,9373.830161,9373.830161,9373.830161,9373.830161,9373.830161,9373.830161,
CIMS.CAN.SK.Residential.Dwellings.Building Type.LowMed Density.Vintage.>2035 Bldg Code.Heating (Cold),Service,SK,Residential,Heating (Cold),Electric - ASHP / Electric - backup,fom,,,,constant_tech,$,106.3643791,106.3643791,106.3643791,106.3643791,106.3643791,106.3643791,106.3643791,106.3643791,106.3643791,106.3643791,106.3643791,
CIMS.CAN.SK.Residential.Dwellings.Building Type.LowMed Density.Vintage.>2035 Bldg Code.Heating (Cold),Service,SK,Residential,Heating (Cold),Electric - ASHP / Electric - backup,service_request,,,CIMS.CAN.SK.Electricity,annual_tech,GJ,0.77747607755,0.77747607755,0.77747607755,0.77747607755,0.77747607755,0.77747607755,0.77747607755,0.77747607755,0.77747607755,0.77747607755,0.77747607755,
CIMS.CAN.SK.Residential.Dwellings.Building Type.LowMed Density.Vintage.>2035 Bldg Code.Heating (Cold),Service,SK,Residential,Heating (Cold),Electric - ASHP / Electric - backup,service_request,,,CIMS.CAN.SK.Residential.Dwellings.Building Type.LowMed Density.Cooling,annual_tech,GJ of cooling,-0.004568364,-0.004568364,-0.004568364,-0.004568364,-0.004568364,-0.004568364,-0.004568364,-0.004568364,-0.004568364,-0.004568364,-0.004568364,
CIMS.CAN.SK.Residential.Dwellings.Building Type.LowMed Density.Vintage.>2035 Bldg Code.Heating (Cold),Service,SK,Residential,Heating (Cold),Electric - GSHP,technology,,,,,,,,,,,,,,,,,
CIMS.CAN.SK.Residential.Dwellings.Building Type.LowMed Density.Vintage.>2035 Bldg Code.Heating (Cold),Service,SK,Residential,Heating (Cold),Electric - GSHP,available,,,,constant_tech,Year,2000,2000,2000,2000,2000,2000,2000,2000,2000,2000,2000,
CIMS.CAN.SK.Residential.Dwellings.Building Type.LowMed Density.Vintage.>2035 Bldg Code.Heating (Cold),Service,SK,Residential,Heating (Cold),Electric - GSHP,unavailable,,,,constant_tech,Year,2101,2101,2101,2101,2101,2101,2101,2101,2101,2101,2101,
CIMS.CAN.SK.Residential.Dwellings.Building Type.LowMed Density.Vintage.>2035 Bldg Code.Heating (Cold),Service,SK,Residential,Heating (Cold),Electric - GSHP,lifetime,,,,constant_tech,Years,20,20,20,20,20,20,20,20,20,20,20,
CIMS.CAN.SK.Residential.Dwellings.Building Type.LowMed Density.Vintage.>2035 Bldg Code.Heating (Cold),Service,SK,Residential,Heating (Cold),Electric - GSHP,market_share_total,,,,annual_tech,%,0,,,,,,,,,,,
CIMS.CAN.SK.Residential.Dwellings.Building Type.LowMed Density.Vintage.>2035 Bldg Code.Heating (Cold),Service,SK,Residential,Heating (Cold),Electric - GSHP,output,,,,constant_tech,node unit,31.399776,31.399776,31.399776,31.399776,31.399776,31.399776,31.399776,31.399776,31.399776,31.399776,31.399776,
CIMS.CAN.SK.Residential.Dwellings.Building Type.LowMed Density.Vintage.>2035 Bldg Code.Heating (Cold),Service,SK,Residential,Heating (Cold),Electric - GSHP,fcc,,,,constant_tech,$,23775.56709,23775.56709,23775.56709,23775.56709,23775.56709,23775.56709,23775.56709,23775.56709,23775.56709,23775.56709,23775.56709,
CIMS.CAN.SK.Residential.Dwellings.Building Type.LowMed Density.Vintage.>2035 Bldg Code.Heating (Cold),Service,SK,Residential,Heating (Cold),Electric - GSHP,fom,,,,constant_tech,$,112.6211073,112.6211073,112.6211073,112.6211073,112.6211073,112.6211073,112.6211073,112.6211073,112.6211073,112.6211073,112.6211073,
CIMS.CAN.SK.Residential.Dwellings.Building Type.LowMed Density.Vintage.>2035 Bldg Code.Heating (Cold),Service,SK,Residential,Heating (Cold),Electric - GSHP,service_request,,,CIMS.CAN.SK.Electricity,annual_tech,GJ,0.486428472,0.486428472,0.486428472,0.486428472,0.486428472,0.486428472,0.486428472,0.486428472,0.486428472,0.486428472,0.486428472,
CIMS.CAN.SK.Residential.Dwellings.Building Type.LowMed Density.Vintage.>2035 Bldg Code.Heating (Cold),Service,SK,Residential,Heating (Cold),Electric - GSHP,service_request,,,CIMS.CAN.SK.Residential.Dwellings.Building Type.LowMed Density.Cooling,annual_tech,GJ of cooling,-0.004568364,-0.004568364,-0.004568364,-0.004568364,-0.004568364,-0.004568364,-0.004568364,-0.004568364,-0.004568364,-0.004568364,-0.004568364,
CIMS.CAN.SK.Residential.Dwellings.Building Type.LowMed Density.Vintage.>2035 Bldg Code.Heating (Cold),Service,SK,Residential,Heating (Cold),Heating Oil - Standard Efficiency,technology,,,,,,,,,,,,,,,,,
CIMS.CAN.SK.Residential.Dwellings.Building Type.LowMed Density.Vintage.>2035 Bldg Code.Heating (Cold),Service,SK,Residential,Heating (Cold),Heating Oil - Standard Efficiency,available,,,,constant_tech,Year,1950,1950,1950,1950,1950,1950,1950,1950,1950,1950,1950,
CIMS.CAN.SK.Residential.Dwellings.Building Type.LowMed Density.Vintage.>2035 Bldg Code.Heating (Cold),Service,SK,Residential,Heating (Cold),Heating Oil - Standard Efficiency,unavailable,,,,constant_tech,Year,2021,2021,2021,2021,2021,2021,2021,2021,2021,2021,2021,
CIMS.CAN.SK.Residential.Dwellings.Building Type.LowMed Density.Vintage.>2035 Bldg Code.Heating (Cold),Service,SK,Residential,Heating (Cold),Heating Oil - Standard Efficiency,lifetime,,,,constant_tech,Years,23,23,23,23,23,23,23,23,23,23,23,
CIMS.CAN.SK.Residential.Dwellings.Building Type.LowMed Density.Vintage.>2035 Bldg Code.Heating (Cold),Service,SK,Residential,Heating (Cold),Heating Oil - Standard Efficiency,market_share_total,,,,annual_tech,%,0,,,,,,,,,,,
CIMS.CAN.SK.Residential.Dwellings.Building Type.LowMed Density.Vintage.>2035 Bldg Code.Heating (Cold),Service,SK,Residential,Heating (Cold),Heating Oil - Standard Efficiency,output,,,,constant_tech,node unit,31.399776,31.399776,31.399776,31.399776,31.399776,31.399776,31.399776,31.399776,31.399776,31.399776,31.399776,
CIMS.CAN.SK.Residential.Dwellings.Building Type.LowMed Density.Vintage.>2035 Bldg Code.Heating (Cold),Service,SK,Residential,Heating (Cold),Heating Oil - Standard Efficiency,fcc,,,,constant_tech,$,6444.430027,6444.430027,6444.430027,6444.430027,6444.430027,6444.430027,6444.430027,6444.430027,6444.430027,6444.430027,6444.430027,
CIMS.CAN.SK.Residential.Dwellings.Building Type.LowMed Density.Vintage.>2035 Bldg Code.Heating (Cold),Service,SK,Residential,Heating (Cold),Heating Oil - Standard Efficiency,fom,,,,constant_tech,$,100.1076509,100.1076509,100.1076509,100.1076509,100.1076509,100.1076509,100.1076509,100.1076509,100.1076509,100.1076509,100.1076509,
CIMS.CAN.SK.Residential.Dwellings.Building Type.LowMed Density.Vintage.>2035 Bldg Code.Heating (Cold),Service,SK,Residential,Heating (Cold),Heating Oil - Standard Efficiency,service_request,,,CIMS.Generic Fuels.Fuel Oil,annual_tech,GJ,1.282051282,1.282051282,1.282051282,1.282051282,1.282051282,1.282051282,1.282051282,1.282051282,1.282051282,1.282051282,1.282051282,
CIMS.CAN.SK.Residential.Dwellings.Building Type.LowMed Density.Vintage.>2035 Bldg Code.Heating (Cold),Service,SK,Residential,Heating (Cold),Heating Oil - High Efficiency,technology,,,,,,,,,,,,,,,,,
CIMS.CAN.SK.Residential.Dwellings.Building Type.LowMed Density.Vintage.>2035 Bldg Code.Heating (Cold),Service,SK,Residential,Heating (Cold),Heating Oil - High Efficiency,available,,,,constant_tech,Year,2000,2000,2000,2000,2000,2000,2000,2000,2000,2000,2000,
CIMS.CAN.SK.Residential.Dwellings.Building Type.LowMed Density.Vintage.>2035 Bldg Code.Heating (Cold),Service,SK,Residential,Heating (Cold),Heating Oil - High Efficiency,unavailable,,,,constant_tech,Year,2101,2101,2101,2101,2101,2101,2101,2101,2101,2101,2101,
CIMS.CAN.SK.Residential.Dwellings.Building Type.LowMed Density.Vintage.>2035 Bldg Code.Heating (Cold),Service,SK,Residential,Heating (Cold),Heating Oil - High Efficiency,lifetime,,,,constant_tech,Years,23,23,23,23,23,23,23,23,23,23,23,
CIMS.CAN.SK.Residential.Dwellings.Building Type.LowMed Density.Vintage.>2035 Bldg Code.Heating (Cold),Service,SK,Residential,Heating (Cold),Heating Oil - High Efficiency,market_share_total,,,,annual_tech,%,0,,,,,,,,,,,
CIMS.CAN.SK.Residential.Dwellings.Building Type.LowMed Density.Vintage.>2035 Bldg Code.Heating (Cold),Service,SK,Residential,Heating (Cold),Heating Oil - High Efficiency,output,,,,constant_tech,node unit,31.399776,31.399776,31.399776,31.399776,31.399776,31.399776,31.399776,31.399776,31.399776,31.399776,31.399776,
CIMS.CAN.SK.Residential.Dwellings.Building Type.LowMed Density.Vintage.>2035 Bldg Code.Heating (Cold),Service,SK,Residential,Heating (Cold),Heating Oil - High Efficiency,fcc,,,,constant_tech,$,9541.510477,9541.510477,9541.510477,9541.510477,9541.510477,9541.510477,9541.510477,9541.510477,9541.510477,9541.510477,9541.510477,
CIMS.CAN.SK.Residential.Dwellings.Building Type.LowMed Density.Vintage.>2035 Bldg Code.Heating (Cold),Service,SK,Residential,Heating (Cold),Heating Oil - High Efficiency,fom,,,,constant_tech,$,100.1076509,100.1076509,100.1076509,100.1076509,100.1076509,100.1076509,100.1076509,100.1076509,100.1076509,100.1076509,100.1076509,
CIMS.CAN.SK.Residential.Dwellings.Building Type.LowMed Density.Vintage.>2035 Bldg Code.Heating (Cold),Service,SK,Residential,Heating (Cold),Heating Oil - High Efficiency,service_request,,,CIMS.Generic Fuels.Fuel Oil,annual_tech,GJ,1.162790698,1.162790698,1.162790698,1.162790698,1.162790698,1.162790698,1.162790698,1.162790698,1.162790698,1.162790698,1.162790698,
CIMS.CAN.SK.Residential.Dwellings.Building Type.LowMed Density.Vintage.>2035 Bldg Code.Heating (Cold),Service,SK,Residential,Heating (Cold),Wood,technology,,,,,,,,,,,,,,,,,
CIMS.CAN.SK.Residential.Dwellings.Building Type.LowMed Density.Vintage.>2035 Bldg Code.Heating (Cold),Service,SK,Residential,Heating (Cold),Wood,available,,,,constant_tech,Year,1950,1950,1950,1950,1950,1950,1950,1950,1950,1950,1950,
CIMS.CAN.SK.Residential.Dwellings.Building Type.LowMed Density.Vintage.>2035 Bldg Code.Heating (Cold),Service,SK,Residential,Heating (Cold),Wood,unavailable,,,,constant_tech,Year,2101,2101,2101,2101,2101,2101,2101,2101,2101,2101,2101,
CIMS.CAN.SK.Residential.Dwellings.Building Type.LowMed Density.Vintage.>2035 Bldg Code.Heating (Cold),Service,SK,Residential,Heating (Cold),Wood,lifetime,,,,constant_tech,Years,18.5,18.5,18.5,18.5,18.5,18.5,18.5,18.5,18.5,18.5,18.5,
CIMS.CAN.SK.Residential.Dwellings.Building Type.LowMed Density.Vintage.>2035 Bldg Code.Heating (Cold),Service,SK,Residential,Heating (Cold),Wood,market_share_total,,,,annual_tech,%,0,,,,,,,,,,,
CIMS.CAN.SK.Residential.Dwellings.Building Type.LowMed Density.Vintage.>2035 Bldg Code.Heating (Cold),Service,SK,Residential,Heating (Cold),Wood,output,,,,constant_tech,node unit,31.399776,31.399776,31.399776,31.399776,31.399776,31.399776,31.399776,31.399776,31.399776,31.399776,31.399776,
CIMS.CAN.SK.Residential.Dwellings.Building Type.LowMed Density.Vintage.>2035 Bldg Code.Heating (Cold),Service,SK,Residential,Heating (Cold),Wood,fcc,,,,constant_tech,$,8000.269768,8000.269768,8000.269768,8000.269768,8000.269768,8000.269768,8000.269768,8000.269768,8000.269768,8000.269768,8000.269768,
CIMS.CAN.SK.Residential.Dwellings.Building Type.LowMed Density.Vintage.>2035 Bldg Code.Heating (Cold),Service,SK,Residential,Heating (Cold),Wood,fom,,,,constant_tech,$,250.2691273,250.2691273,250.2691273,250.2691273,250.2691273,250.2691273,250.2691273,250.2691273,250.2691273,250.2691273,250.2691273,
CIMS.CAN.SK.Residential.Dwellings.Building Type.LowMed Density.Vintage.>2035 Bldg Code.Heating (Cold),Service,SK,Residential,Heating (Cold),Wood,service_request,,,CIMS.Generic Fuels.Solid Biomass,annual_tech,GJ,2,2,2,2,2,2,2,2,2,2,2,
CIMS.CAN.SK.Residential.Dwellings.Building Type.LowMed Density.Cooling,Service,SK,Residential,Cooling,,service_provide,,,,constant_tech,GJ of cooling,,,,,,,,,,,,
CIMS.CAN.SK.Residential.Dwellings.Building Type.LowMed Density.Cooling,Service,SK,Residential,Cooling,,competition,Fixed Ratio,,,,,,,,,,,,,,,,
CIMS.CAN.SK.Residential.Dwellings.Building Type.LowMed Density.Cooling,Service,SK,Residential,Cooling,,inheritance,intercept_retirement,,,constant_tech,,FALSE,FALSE,FALSE,FALSE,FALSE,FALSE,FALSE,FALSE,FALSE,FALSE,FALSE,
CIMS.CAN.SK.Residential.Dwellings.Building Type.LowMed Density.Cooling,Service,SK,Residential,Cooling,,service_request,,,CIMS.CAN.SK.Residential.Dwellings.Building Type.LowMed Density.Cooling.Central,annual_region,GJ,0.82208248303355,0.86445887160303,0.85820916161427,0.86433897072195,0.86359267121875,0.86359267121875,0.86359267121875,0.86359267121875,0.86359267121875,0.86359267121875,0.86359267121875,
CIMS.CAN.SK.Residential.Dwellings.Building Type.LowMed Density.Cooling,Service,SK,Residential,Cooling,,service_request,,,CIMS.CAN.SK.Residential.Dwellings.Building Type.LowMed Density.Cooling.Room,annual_region,GJ,0.17791751696645,0.13554112839697,0.14179083838573,0.13566102927805,0.13640732878125,0.13640732878125,0.13640732878125,0.13640732878125,0.13640732878125,0.13640732878125,0.13640732878125,
CIMS.CAN.SK.Residential.Dwellings.Building Type.LowMed Density.Cooling.Central,Service,SK,Residential,Central,,service_provide,,,,constant_tech,GJ of cooling,,,,,,,,,,,,
CIMS.CAN.SK.Residential.Dwellings.Building Type.LowMed Density.Cooling.Central,Service,SK,Residential,Central,,competition,Tech Compete,,,,,,,,,,,,,,,,
CIMS.CAN.SK.Residential.Dwellings.Building Type.LowMed Density.Cooling.Central,Service,SK,Residential,Central,,discount_rate_financial,,,,constant_tech,%,0.25,0.25,0.25,0.25,0.25,0.25,0.25,0.25,0.25,0.25,0.25,
CIMS.CAN.SK.Residential.Dwellings.Building Type.LowMed Density.Cooling.Central,Service,SK,Residential,Central,,heterogeneity,,,,constant_tech,,10,10,10,10,10,10,10,10,10,10,10,
CIMS.CAN.SK.Residential.Dwellings.Building Type.LowMed Density.Cooling.Central,Service,SK,Residential,Central,Central - Existing,technology,,,,,,,,,,,,,,,,,
CIMS.CAN.SK.Residential.Dwellings.Building Type.LowMed Density.Cooling.Central,Service,SK,Residential,Central,Central - Existing,available,,,,constant_tech,Year,1990,1990,1990,1990,1990,1990,1990,1990,1990,1990,1990,
CIMS.CAN.SK.Residential.Dwellings.Building Type.LowMed Density.Cooling.Central,Service,SK,Residential,Central,Central - Existing,unavailable,,,,constant_tech,Year,2001,2001,2001,2001,2001,2001,2001,2001,2001,2001,2001,
CIMS.CAN.SK.Residential.Dwellings.Building Type.LowMed Density.Cooling.Central,Service,SK,Residential,Central,Central - Existing,lifetime,,,,constant_tech,Years,18,18,18,18,18,18,18,18,18,18,18,
CIMS.CAN.SK.Residential.Dwellings.Building Type.LowMed Density.Cooling.Central,Service,SK,Residential,Central,Central - Existing,market_share_total,,,,annual_tech,%,1,,,,,,,,,,,
CIMS.CAN.SK.Residential.Dwellings.Building Type.LowMed Density.Cooling.Central,Service,SK,Residential,Central,Central - Existing,output,,,,constant_tech,node unit,12.76,12.76,12.76,12.76,12.76,12.76,12.76,12.76,12.76,12.76,12.76,
CIMS.CAN.SK.Residential.Dwellings.Building Type.LowMed Density.Cooling.Central,Service,SK,Residential,Central,Central - Existing,fcc,,,,constant_tech,$,5005.38,5005.38,5005.38,5005.38,5005.38,5005.38,5005.38,5005.38,5005.38,5005.38,5005.38,
CIMS.CAN.SK.Residential.Dwellings.Building Type.LowMed Density.Cooling.Central,Service,SK,Residential,Central,Central - Existing,fom,,,,constant_tech,$,106.36,106.36,106.36,106.36,106.36,106.36,106.36,106.36,106.36,106.36,106.36,
CIMS.CAN.SK.Residential.Dwellings.Building Type.LowMed Density.Cooling.Central,Service,SK,Residential,Central,Central - Existing,service_request,,,CIMS.CAN.SK.Electricity,annual_tech,GJ,0.355812796,0.355812796,0.355812796,0.355812796,0.355812796,0.355812796,0.355812796,0.355812796,0.355812796,0.355812796,0.355812796,
CIMS.CAN.SK.Residential.Dwellings.Building Type.LowMed Density.Cooling.Central,Service,SK,Residential,Central,Central - SEER 12,technology,,,,,,,,,,,,,,,,,
CIMS.CAN.SK.Residential.Dwellings.Building Type.LowMed Density.Cooling.Central,Service,SK,Residential,Central,Central - SEER 12,available,,,,constant_tech,Year,2000,2000,2000,2000,2000,2000,2000,2000,2000,2000,2000,
CIMS.CAN.SK.Residential.Dwellings.Building Type.LowMed Density.Cooling.Central,Service,SK,Residential,Central,Central - SEER 12,unavailable,,,,constant_tech,Year,2101,2101,2101,2101,2101,2101,2101,2101,2101,2101,2101,
CIMS.CAN.SK.Residential.Dwellings.Building Type.LowMed Density.Cooling.Central,Service,SK,Residential,Central,Central - SEER 12,lifetime,,,,constant_tech,Years,18,18,18,18,18,18,18,18,18,18,18,
CIMS.CAN.SK.Residential.Dwellings.Building Type.LowMed Density.Cooling.Central,Service,SK,Residential,Central,Central - SEER 12,market_share_total,,,,annual_tech,%,0,,,,,,,,,,,
CIMS.CAN.SK.Residential.Dwellings.Building Type.LowMed Density.Cooling.Central,Service,SK,Residential,Central,Central - SEER 12,output,,,,constant_tech,node unit,16.03,16.03,16.03,16.03,16.03,16.03,16.03,16.03,16.03,16.03,16.03,
CIMS.CAN.SK.Residential.Dwellings.Building Type.LowMed Density.Cooling.Central,Service,SK,Residential,Central,Central - SEER 12,fcc,,,,constant_tech,$,6569.56,6569.56,6569.56,6569.56,6569.56,6569.56,6569.56,6569.56,6569.56,6569.56,6569.56,
CIMS.CAN.SK.Residential.Dwellings.Building Type.LowMed Density.Cooling.Central,Service,SK,Residential,Central,Central - SEER 12,fom,,,,constant_tech,$,106.36,106.36,106.36,106.36,106.36,106.36,106.36,106.36,106.36,106.36,106.36,
CIMS.CAN.SK.Residential.Dwellings.Building Type.LowMed Density.Cooling.Central,Service,SK,Residential,Central,Central - SEER 12,service_request,,,CIMS.CAN.SK.Electricity,annual_tech,GJ,0.284345097,0.284345097,0.284345097,0.284345097,0.284345097,0.284345097,0.284345097,0.284345097,0.284345097,0.284345097,0.284345097,
CIMS.CAN.SK.Residential.Dwellings.Building Type.LowMed Density.Cooling.Central,Service,SK,Residential,Central,Central - SEER 14,technology,,,,,,,,,,,,,,,,,
CIMS.CAN.SK.Residential.Dwellings.Building Type.LowMed Density.Cooling.Central,Service,SK,Residential,Central,Central - SEER 14,available,,,,constant_tech,Year,2015,2015,2015,2015,2015,2015,2015,2015,2015,2015,2015,
CIMS.CAN.SK.Residential.Dwellings.Building Type.LowMed Density.Cooling.Central,Service,SK,Residential,Central,Central - SEER 14,unavailable,,,,constant_tech,Year,2101,2101,2101,2101,2101,2101,2101,2101,2101,2101,2101,
CIMS.CAN.SK.Residential.Dwellings.Building Type.LowMed Density.Cooling.Central,Service,SK,Residential,Central,Central - SEER 14,lifetime,,,,constant_tech,Years,18,18,18,18,18,18,18,18,18,18,18,
CIMS.CAN.SK.Residential.Dwellings.Building Type.LowMed Density.Cooling.Central,Service,SK,Residential,Central,Central - SEER 14,market_share_total,,,,annual_tech,%,0,,,,,,,,,,,
CIMS.CAN.SK.Residential.Dwellings.Building Type.LowMed Density.Cooling.Central,Service,SK,Residential,Central,Central - SEER 14,output,,,,constant_tech,node unit,18.7,18.7,18.7,18.7,18.7,18.7,18.7,18.7,18.7,18.7,18.7,
CIMS.CAN.SK.Residential.Dwellings.Building Type.LowMed Density.Cooling.Central,Service,SK,Residential,Central,Central - SEER 14,fcc,,,,constant_tech,$,7483.05,7483.05,7483.05,7483.05,7483.05,7483.05,7483.05,7483.05,7483.05,7483.05,7483.05,
CIMS.CAN.SK.Residential.Dwellings.Building Type.LowMed Density.Cooling.Central,Service,SK,Residential,Central,Central - SEER 14,fom,,,,constant_tech,$,106.36,106.36,106.36,106.36,106.36,106.36,106.36,106.36,106.36,106.36,106.36,
CIMS.CAN.SK.Residential.Dwellings.Building Type.LowMed Density.Cooling.Central,Service,SK,Residential,Central,Central - SEER 14,service_request,,,CIMS.CAN.SK.Electricity,annual_tech,GJ,0.243724369,0.243724369,0.243724369,0.243724369,0.243724369,0.243724369,0.243724369,0.243724369,0.243724369,0.243724369,0.243724369,
CIMS.CAN.SK.Residential.Dwellings.Building Type.LowMed Density.Cooling.Room,Service,SK,Residential,Room,,service_provide,,,,constant_tech,GJ of cooling,,,,,,,,,,,,
CIMS.CAN.SK.Residential.Dwellings.Building Type.LowMed Density.Cooling.Room,Service,SK,Residential,Room,,competition,Tech Compete,,,,,,,,,,,,,,,,
CIMS.CAN.SK.Residential.Dwellings.Building Type.LowMed Density.Cooling.Room,Service,SK,Residential,Room,,discount_rate_financial,,,,constant_tech,%,0.25,0.25,0.25,0.25,0.25,0.25,0.25,0.25,0.25,0.25,0.25,
CIMS.CAN.SK.Residential.Dwellings.Building Type.LowMed Density.Cooling.Room,Service,SK,Residential,Room,,heterogeneity,,,,constant_tech,,10,10,10,10,10,10,10,10,10,10,10,
CIMS.CAN.SK.Residential.Dwellings.Building Type.LowMed Density.Cooling.Room,Service,SK,Residential,Room,Room - Existing,technology,,,,,,,,,,,,,,,,,
CIMS.CAN.SK.Residential.Dwellings.Building Type.LowMed Density.Cooling.Room,Service,SK,Residential,Room,Room - Existing,available,,,,constant_tech,Year,1990,1990,1990,1990,1990,1990,1990,1990,1990,1990,1990,
CIMS.CAN.SK.Residential.Dwellings.Building Type.LowMed Density.Cooling.Room,Service,SK,Residential,Room,Room - Existing,unavailable,,,,constant_tech,Year,2001,2001,2001,2001,2001,2001,2001,2001,2001,2001,2001,
CIMS.CAN.SK.Residential.Dwellings.Building Type.LowMed Density.Cooling.Room,Service,SK,Residential,Room,Room - Existing,lifetime,,,,constant_tech,Years,13,13,13,13,13,13,13,13,13,13,13,
CIMS.CAN.SK.Residential.Dwellings.Building Type.LowMed Density.Cooling.Room,Service,SK,Residential,Room,Room - Existing,market_share_total,,,,annual_tech,%,1,,,,,,,,,,,
CIMS.CAN.SK.Residential.Dwellings.Building Type.LowMed Density.Cooling.Room,Service,SK,Residential,Room,Room - Existing,output,,,,constant_tech,node unit,3.06,3.06,3.06,3.06,3.06,3.06,3.06,3.06,3.06,3.06,3.06,
CIMS.CAN.SK.Residential.Dwellings.Building Type.LowMed Density.Cooling.Room,Service,SK,Residential,Room,Room - Existing,fcc,,,,constant_tech,$,919.74,919.74,919.74,919.74,919.74,919.74,919.74,919.74,919.74,919.74,919.74,
CIMS.CAN.SK.Residential.Dwellings.Building Type.LowMed Density.Cooling.Room,Service,SK,Residential,Room,Room - Existing,service_request,,,CIMS.CAN.SK.Electricity,annual_tech,GJ,0.413347416,0.413347416,0.413347416,0.413347416,0.413347416,0.413347416,0.413347416,0.413347416,0.413347416,0.413347416,0.413347416,
CIMS.CAN.SK.Residential.Dwellings.Building Type.LowMed Density.Cooling.Room,Service,SK,Residential,Room,Room - CEER 10,technology,,,,,,,,,,,,,,,,,
CIMS.CAN.SK.Residential.Dwellings.Building Type.LowMed Density.Cooling.Room,Service,SK,Residential,Room,Room - CEER 10,available,,,,constant_tech,Year,2000,2000,2000,2000,2000,2000,2000,2000,2000,2000,2000,
CIMS.CAN.SK.Residential.Dwellings.Building Type.LowMed Density.Cooling.Room,Service,SK,Residential,Room,Room - CEER 10,unavailable,,,,constant_tech,Year,2101,2101,2101,2101,2101,2101,2101,2101,2101,2101,2101,
CIMS.CAN.SK.Residential.Dwellings.Building Type.LowMed Density.Cooling.Room,Service,SK,Residential,Room,Room - CEER 10,lifetime,,,,constant_tech,Years,13,13,13,13,13,13,13,13,13,13,13,
CIMS.CAN.SK.Residential.Dwellings.Building Type.LowMed Density.Cooling.Room,Service,SK,Residential,Room,Room - CEER 10,market_share_total,,,,annual_tech,%,0,,,,,,,,,,,
CIMS.CAN.SK.Residential.Dwellings.Building Type.LowMed Density.Cooling.Room,Service,SK,Residential,Room,Room - CEER 10,output,,,,constant_tech,node unit,3.71,3.71,3.71,3.71,3.71,3.71,3.71,3.71,3.71,3.71,3.71,
CIMS.CAN.SK.Residential.Dwellings.Building Type.LowMed Density.Cooling.Room,Service,SK,Residential,Room,Room - CEER 10,fcc,,,,constant_tech,$,700.75,700.75,700.75,700.75,700.75,700.75,700.75,700.75,700.75,700.75,700.75,
CIMS.CAN.SK.Residential.Dwellings.Building Type.LowMed Density.Cooling.Room,Service,SK,Residential,Room,Room - CEER 10,service_request,,,CIMS.CAN.SK.Electricity,annual_tech,GJ,0.341214117,0.341214117,0.341214117,0.341214117,0.341214117,0.341214117,0.341214117,0.341214117,0.341214117,0.341214117,0.341214117,
CIMS.CAN.SK.Residential.Dwellings.Building Type.LowMed Density.Cooling.Room,Service,SK,Residential,Room,Room - CEER 12,technology,,,,,,,,,,,,,,,,,
CIMS.CAN.SK.Residential.Dwellings.Building Type.LowMed Density.Cooling.Room,Service,SK,Residential,Room,Room - CEER 12,available,,,,constant_tech,Year,2015,2015,2015,2015,2015,2015,2015,2015,2015,2015,2015,
CIMS.CAN.SK.Residential.Dwellings.Building Type.LowMed Density.Cooling.Room,Service,SK,Residential,Room,Room - CEER 12,unavailable,,,,constant_tech,Year,2101,2101,2101,2101,2101,2101,2101,2101,2101,2101,2101,
CIMS.CAN.SK.Residential.Dwellings.Building Type.LowMed Density.Cooling.Room,Service,SK,Residential,Room,Room - CEER 12,lifetime,,,,constant_tech,Years,13,13,13,13,13,13,13,13,13,13,13,
CIMS.CAN.SK.Residential.Dwellings.Building Type.LowMed Density.Cooling.Room,Service,SK,Residential,Room,Room - CEER 12,market_share_total,,,,annual_tech,%,0,,,,,,,,,,,
CIMS.CAN.SK.Residential.Dwellings.Building Type.LowMed Density.Cooling.Room,Service,SK,Residential,Room,Room - CEER 12,output,,,,constant_tech,node unit,4.45,4.45,4.45,4.45,4.45,4.45,4.45,4.45,4.45,4.45,4.45,
CIMS.CAN.SK.Residential.Dwellings.Building Type.LowMed Density.Cooling.Room,Service,SK,Residential,Room,Room - CEER 12,fcc,,,,constant_tech,$,707.01,707.01,707.01,707.01,707.01,707.01,707.01,707.01,707.01,707.01,707.01,
CIMS.CAN.SK.Residential.Dwellings.Building Type.LowMed Density.Cooling.Room,Service,SK,Residential,Room,Room - CEER 12,service_request,,,CIMS.CAN.SK.Electricity,annual_tech,GJ,0.284345097,0.284345097,0.284345097,0.284345097,0.284345097,0.284345097,0.284345097,0.284345097,0.284345097,0.284345097,0.284345097,
CIMS.CAN.SK.Residential.Dwellings.Building Type.LowMed Density.Cooling.Room,Service,SK,Residential,Room,Room - CEER 14,technology,,,,,,,,,,,,,,,,,
CIMS.CAN.SK.Residential.Dwellings.Building Type.LowMed Density.Cooling.Room,Service,SK,Residential,Room,Room - CEER 14,available,,,,constant_tech,Year,2015,2015,2015,2015,2015,2015,2015,2015,2015,2015,2015,
CIMS.CAN.SK.Residential.Dwellings.Building Type.LowMed Density.Cooling.Room,Service,SK,Residential,Room,Room - CEER 14,unavailable,,,,constant_tech,Year,2101,2101,2101,2101,2101,2101,2101,2101,2101,2101,2101,
CIMS.CAN.SK.Residential.Dwellings.Building Type.LowMed Density.Cooling.Room,Service,SK,Residential,Room,Room - CEER 14,lifetime,,,,constant_tech,Years,18,18,18,18,18,18,18,18,18,18,18,
CIMS.CAN.SK.Residential.Dwellings.Building Type.LowMed Density.Cooling.Room,Service,SK,Residential,Room,Room - CEER 14,market_share_total,,,,annual_tech,%,0,,,,,,,,,,,
CIMS.CAN.SK.Residential.Dwellings.Building Type.LowMed Density.Cooling.Room,Service,SK,Residential,Room,Room - CEER 14,output,,,,constant_tech,node unit,5.19,5.19,5.19,5.19,5.19,5.19,5.19,5.19,5.19,5.19,5.19,
CIMS.CAN.SK.Residential.Dwellings.Building Type.LowMed Density.Cooling.Room,Service,SK,Residential,Room,Room - CEER 14,fcc,,,,constant_tech,$,844.66,844.66,844.66,844.66,844.66,844.66,844.66,844.66,844.66,844.66,844.66,
CIMS.CAN.SK.Residential.Dwellings.Building Type.LowMed Density.Cooling.Room,Service,SK,Residential,Room,Room - CEER 14,service_request,,,CIMS.CAN.SK.Electricity,annual_tech,GJ,0.243724369,0.243724369,0.243724369,0.243724369,0.243724369,0.243724369,0.243724369,0.243724369,0.243724369,0.243724369,0.243724369,
CIMS.CAN.SK.Residential.Water Heating,Service,SK,Residential,Water Heating,,service_provide,,,,constant_tech,GJ,,,,,,,,,,,,
CIMS.CAN.SK.Residential.Water Heating,Service,SK,Residential,Water Heating,,competition,Fixed Ratio,,,,,,,,,,,,,,,,
CIMS.CAN.SK.Residential.Water Heating,Service,SK,Residential,Water Heating,,service_request,,,CIMS.CAN.SK.Residential.Water Heating.LowMed Density,annual_region,GJ,0.86139909115388,0.86562240201545,0.86755771144071,0.86890139243143,0.868731839804,0.868731839804,0.868731839804,0.868731839804,0.868731839804,0.868731839804,0.868731839804,
CIMS.CAN.SK.Residential.Water Heating,Service,SK,Residential,Water Heating,,service_request,,,CIMS.CAN.SK.Residential.Water Heating.High Density,annual_region,GJ,0.13860090884612,0.13437759798455,0.13244228855929,0.13109860756857,0.131268160196,0.131268160196,0.131268160196,0.131268160196,0.131268160196,0.131268160196,0.131268160196,
CIMS.CAN.SK.Residential.Water Heating.LowMed Density,Service,SK,Residential,LowMed Density,,service_provide,,,,constant_tech,GJ,,,,,,,,,,,,
CIMS.CAN.SK.Residential.Water Heating.LowMed Density,Service,SK,Residential,LowMed Density,,competition,Tech Compete,,,,,,,,,,,,,,,,
CIMS.CAN.SK.Residential.Water Heating.LowMed Density,Service,SK,Residential,LowMed Density,,discount_rate_financial,,,,constant_tech,%,0.3,0.3,0.3,0.3,0.3,0.3,0.3,0.3,0.3,0.3,0.3,
CIMS.CAN.SK.Residential.Water Heating.LowMed Density,Service,SK,Residential,LowMed Density,,discount_rate_retrofit,,,,constant_tech,%,0.65,0.65,0.65,0.65,0.65,0.65,0.65,0.65,0.65,0.65,0.65,
CIMS.CAN.SK.Residential.Water Heating.LowMed Density,Service,SK,Residential,LowMed Density,,heterogeneity,,,,constant_tech,,10,10,10,10,10,10,10,10,10,10,10,
CIMS.CAN.SK.Residential.Water Heating.LowMed Density,Service,SK,Residential,LowMed Density,Electric - Storage - Existing,technology,,,,,,,,,,,,,,,,,
CIMS.CAN.SK.Residential.Water Heating.LowMed Density,Service,SK,Residential,LowMed Density,Electric - Storage - Existing,available,,,,constant_tech,Year,1990,1990,1990,1990,1990,1990,1990,1990,1990,1990,1990,
CIMS.CAN.SK.Residential.Water Heating.LowMed Density,Service,SK,Residential,LowMed Density,Electric - Storage - Existing,unavailable,,,,constant_tech,Year,2001,2001,2001,2001,2001,2001,2001,2001,2001,2001,2001,
CIMS.CAN.SK.Residential.Water Heating.LowMed Density,Service,SK,Residential,LowMed Density,Electric - Storage - Existing,lifetime,,,,constant_tech,Years,13,13,13,13,13,13,13,13,13,13,13,
CIMS.CAN.SK.Residential.Water Heating.LowMed Density,Service,SK,Residential,LowMed Density,Electric - Storage - Existing,market_share_total,,,,annual_region_tech,%,0.09843332002271,,,,,,,,,,,
CIMS.CAN.SK.Residential.Water Heating.LowMed Density,Service,SK,Residential,LowMed Density,Electric - Storage - Existing,output,,,,constant_tech,node unit,68.62,68.62,68.62,68.62,68.62,68.62,68.62,68.62,68.62,68.62,68.62,
CIMS.CAN.SK.Residential.Water Heating.LowMed Density,Service,SK,Residential,LowMed Density,Electric - Storage - Existing,fcc,,,,constant_tech,$,529.5832173,529.5832173,529.5832173,529.5832173,529.5832173,529.5832173,529.5832173,529.5832173,529.5832173,529.5832173,529.5832173,
CIMS.CAN.SK.Residential.Water Heating.LowMed Density,Service,SK,Residential,LowMed Density,Electric - Storage - Existing,service_request,,,CIMS.CAN.SK.Electricity,annual_tech,GJ,0.211064258,0.211064258,0.211064258,0.211064258,0.211064258,0.211064258,0.211064258,0.211064258,0.211064258,0.211064258,0.211064258,
CIMS.CAN.SK.Residential.Water Heating.LowMed Density,Service,SK,Residential,LowMed Density,Electric - Storage - Efficient,technology,,,,,,,,,,,,,,,,,
CIMS.CAN.SK.Residential.Water Heating.LowMed Density,Service,SK,Residential,LowMed Density,Electric - Storage - Efficient,available,,,,constant_tech,Year,1990,1990,1990,1990,1990,1990,1990,1990,1990,1990,1990,
CIMS.CAN.SK.Residential.Water Heating.LowMed Density,Service,SK,Residential,LowMed Density,Electric - Storage - Efficient,unavailable,,,,constant_tech,Year,2101,2101,2101,2101,2101,2101,2101,2101,2101,2101,2101,
CIMS.CAN.SK.Residential.Water Heating.LowMed Density,Service,SK,Residential,LowMed Density,Electric - Storage - Efficient,lifetime,,,,constant_tech,Years,13,13,13,13,13,13,13,13,13,13,13,
CIMS.CAN.SK.Residential.Water Heating.LowMed Density,Service,SK,Residential,LowMed Density,Electric - Storage - Efficient,market_share_total,,,,annual_region_tech,%,0,,,,,,,,,,,
CIMS.CAN.SK.Residential.Water Heating.LowMed Density,Service,SK,Residential,LowMed Density,Electric - Storage - Efficient,output,,,,constant_tech,node unit,68.62,68.62,68.62,68.62,68.62,68.62,68.62,68.62,68.62,68.62,68.62,
CIMS.CAN.SK.Residential.Water Heating.LowMed Density,Service,SK,Residential,LowMed Density,Electric - Storage - Efficient,fcc,,,,constant_tech,$,1654.033122,1654.033122,1654.033122,1654.033122,1654.033122,1654.033122,1654.033122,1654.033122,1654.033122,1654.033122,1654.033122,
CIMS.CAN.SK.Residential.Water Heating.LowMed Density,Service,SK,Residential,LowMed Density,Electric - Storage - Efficient,service_request,,,CIMS.CAN.SK.Electricity,annual_tech,GJ,0.195512155,0.195512155,0.195512155,0.195512155,0.195512155,0.195512155,0.195512155,0.195512155,0.195512155,0.195512155,0.195512155,
CIMS.CAN.SK.Residential.Water Heating.LowMed Density,Service,SK,Residential,LowMed Density,Electric - ASHP,technology,,,,,,,,,,,,,,,,,
CIMS.CAN.SK.Residential.Water Heating.LowMed Density,Service,SK,Residential,LowMed Density,Electric - ASHP,available,,,,constant_tech,Year,2000,2000,2000,2000,2000,2000,2000,2000,2000,2000,2000,
CIMS.CAN.SK.Residential.Water Heating.LowMed Density,Service,SK,Residential,LowMed Density,Electric - ASHP,unavailable,,,,constant_tech,Year,2101,2101,2101,2101,2101,2101,2101,2101,2101,2101,2101,
CIMS.CAN.SK.Residential.Water Heating.LowMed Density,Service,SK,Residential,LowMed Density,Electric - ASHP,lifetime,,,,constant_tech,Years,13,13,13,13,13,13,13,13,13,13,13,
CIMS.CAN.SK.Residential.Water Heating.LowMed Density,Service,SK,Residential,LowMed Density,Electric - ASHP,market_share_total,,,,annual_region_tech,%,0,,,,,,,,,,,
CIMS.CAN.SK.Residential.Water Heating.LowMed Density,Service,SK,Residential,LowMed Density,Electric - ASHP,output,,,,constant_tech,node unit,68.62,68.62,68.62,68.62,68.62,68.62,68.62,68.62,68.62,68.62,68.62,
CIMS.CAN.SK.Residential.Water Heating.LowMed Density,Service,SK,Residential,LowMed Density,Electric - ASHP,fcc,,,,constant_tech,$,2599.194906,2599.194906,2599.194906,2599.194906,2599.194906,2599.194906,2599.194906,2599.194906,2599.194906,2599.194906,2599.194906,
CIMS.CAN.SK.Residential.Water Heating.LowMed Density,Service,SK,Residential,LowMed Density,Electric - ASHP,fom,,,,constant_tech,$,27.0046224,27.0046224,27.0046224,27.0046224,27.0046224,27.0046224,27.0046224,27.0046224,27.0046224,27.0046224,27.0046224,
CIMS.CAN.SK.Residential.Water Heating.LowMed Density,Service,SK,Residential,LowMed Density,Electric - ASHP,service_request,,,CIMS.CAN.SK.Electricity,annual_tech,GJ,0.061912182,0.061912182,0.061912182,0.061912182,0.061912182,0.061912182,0.061912182,0.061912182,0.061912182,0.061912182,0.061912182,
CIMS.CAN.SK.Residential.Water Heating.LowMed Density,Service,SK,Residential,LowMed Density,Solar - Electric backup,technology,,,,,,,,,,,,,,,,,
CIMS.CAN.SK.Residential.Water Heating.LowMed Density,Service,SK,Residential,LowMed Density,Solar - Electric backup,available,,,,constant_tech,Year,2000,2000,2000,2000,2000,2000,2000,2000,2000,2000,2000,
CIMS.CAN.SK.Residential.Water Heating.LowMed Density,Service,SK,Residential,LowMed Density,Solar - Electric backup,unavailable,,,,constant_tech,Year,2101,2101,2101,2101,2101,2101,2101,2101,2101,2101,2101,
CIMS.CAN.SK.Residential.Water Heating.LowMed Density,Service,SK,Residential,LowMed Density,Solar - Electric backup,lifetime,,,,constant_tech,Years,22.5,22.5,22.5,22.5,22.5,22.5,22.5,22.5,22.5,22.5,22.5,
CIMS.CAN.SK.Residential.Water Heating.LowMed Density,Service,SK,Residential,LowMed Density,Solar - Electric backup,market_share_total,,,,annual_tech,%,0,,,,,,,,,,,
CIMS.CAN.SK.Residential.Water Heating.LowMed Density,Service,SK,Residential,LowMed Density,Solar - Electric backup,output,,,,constant_tech,node unit,68.62,68.62,68.62,68.62,68.62,68.62,68.62,68.62,68.62,68.62,68.62,
CIMS.CAN.SK.Residential.Water Heating.LowMed Density,Service,SK,Residential,LowMed Density,Solar - Electric backup,fcc,,,,constant_tech,$,12152.08008,12152.08008,12152.08008,12152.08008,12152.08008,12152.08008,12152.08008,12152.08008,12152.08008,12152.08008,12152.08008,
CIMS.CAN.SK.Residential.Water Heating.LowMed Density,Service,SK,Residential,LowMed Density,Solar - Electric backup,fom,,,,constant_tech,$,33.755778,33.755778,33.755778,33.755778,33.755778,33.755778,33.755778,33.755778,33.755778,33.755778,33.755778,
CIMS.CAN.SK.Residential.Water Heating.LowMed Density,Service,SK,Residential,LowMed Density,Solar - Electric backup,service_request,,,CIMS.CAN.SK.Electricity,annual_tech,GJ,0.097756078,0.097756078,0.097756078,0.097756078,0.097756078,0.097756078,0.097756078,0.097756078,0.097756078,0.097756078,0.097756078,
CIMS.CAN.SK.Residential.Water Heating.LowMed Density,Service,SK,Residential,LowMed Density,NG - Storage - Existing,technology,,,,,,,,,,,,,,,,,
CIMS.CAN.SK.Residential.Water Heating.LowMed Density,Service,SK,Residential,LowMed Density,NG - Storage - Existing,available,,,,constant_tech,Year,1990,1990,1990,1990,1990,1990,1990,1990,1990,1990,1990,
CIMS.CAN.SK.Residential.Water Heating.LowMed Density,Service,SK,Residential,LowMed Density,NG - Storage - Existing,unavailable,,,,constant_tech,Year,2001,2001,2001,2001,2001,2001,2001,2001,2001,2001,2001,
CIMS.CAN.SK.Residential.Water Heating.LowMed Density,Service,SK,Residential,LowMed Density,NG - Storage - Existing,lifetime,,,,constant_tech,Years,13,13,13,13,13,13,13,13,13,13,13,
CIMS.CAN.SK.Residential.Water Heating.LowMed Density,Service,SK,Residential,LowMed Density,NG - Storage - Existing,market_share_total,,,,annual_region_tech,%,0.41568702814035,,,,,,,,,,,
CIMS.CAN.SK.Residential.Water Heating.LowMed Density,Service,SK,Residential,LowMed Density,NG - Storage - Existing,output,,,,constant_tech,node unit,68.62,68.62,68.62,68.62,68.62,68.62,68.62,68.62,68.62,68.62,68.62,
CIMS.CAN.SK.Residential.Water Heating.LowMed Density,Service,SK,Residential,LowMed Density,NG - Storage - Existing,fcc,,,,constant_tech,$,1417.742676,1417.742676,1417.742676,1417.742676,1417.742676,1417.742676,1417.742676,1417.742676,1417.742676,1417.742676,1417.742676,
CIMS.CAN.SK.Residential.Water Heating.LowMed Density,Service,SK,Residential,LowMed Density,NG - Storage - Existing,service_request,,,CIMS.CAN.SK.Residential.Methane Blend,annual_tech,GJ,0.320235427,0.320235427,0.320235427,0.320235427,0.320235427,0.320235427,0.320235427,0.320235427,0.320235427,0.320235427,0.320235427,
CIMS.CAN.SK.Residential.Water Heating.LowMed Density,Service,SK,Residential,LowMed Density,NG - Storage - Standard,technology,,,,,,,,,,,,,,,,,
CIMS.CAN.SK.Residential.Water Heating.LowMed Density,Service,SK,Residential,LowMed Density,NG - Storage - Standard,available,,,,constant_tech,Year,1990,1990,1990,1990,1990,1990,1990,1990,1990,1990,1990,
CIMS.CAN.SK.Residential.Water Heating.LowMed Density,Service,SK,Residential,LowMed Density,NG - Storage - Standard,unavailable,,,,constant_tech,Year,2101,2101,2101,2101,2101,2101,2101,2101,2101,2101,2101,
CIMS.CAN.SK.Residential.Water Heating.LowMed Density,Service,SK,Residential,LowMed Density,NG - Storage - Standard,lifetime,,,,constant_tech,Years,13,13,13,13,13,13,13,13,13,13,13,
CIMS.CAN.SK.Residential.Water Heating.LowMed Density,Service,SK,Residential,LowMed Density,NG - Storage - Standard,market_share_total,,,,annual_region_tech,%,0.30632900733788,,,,,,,,,,,
CIMS.CAN.SK.Residential.Water Heating.LowMed Density,Service,SK,Residential,LowMed Density,NG - Storage - Standard,output,,,,constant_tech,node unit,68.62,68.62,68.62,68.62,68.62,68.62,68.62,68.62,68.62,68.62,68.62,
CIMS.CAN.SK.Residential.Water Heating.LowMed Density,Service,SK,Residential,LowMed Density,NG - Storage - Standard,fcc,,,,constant_tech,$,1147.696452,1147.696452,1147.696452,1147.696452,1147.696452,1147.696452,1147.696452,1147.696452,1147.696452,1147.696452,1147.696452,
CIMS.CAN.SK.Residential.Water Heating.LowMed Density,Service,SK,Residential,LowMed Density,NG - Storage - Standard,service_request,,,CIMS.CAN.SK.Residential.Methane Blend,annual_tech,GJ,0.299575077,0.299575077,0.299575077,0.299575077,0.299575077,0.299575077,0.299575077,0.299575077,0.299575077,0.299575077,0.299575077,
CIMS.CAN.SK.Residential.Water Heating.LowMed Density,Service,SK,Residential,LowMed Density,NG - Storage - Efficient,technology,,,,,,,,,,,,,,,,,
CIMS.CAN.SK.Residential.Water Heating.LowMed Density,Service,SK,Residential,LowMed Density,NG - Storage - Efficient,available,,,,constant_tech,Year,2000,2000,2000,2000,2000,2000,2000,2000,2000,2000,2000,
CIMS.CAN.SK.Residential.Water Heating.LowMed Density,Service,SK,Residential,LowMed Density,NG - Storage - Efficient,unavailable,,,,constant_tech,Year,2101,2101,2101,2101,2101,2101,2101,2101,2101,2101,2101,
CIMS.CAN.SK.Residential.Water Heating.LowMed Density,Service,SK,Residential,LowMed Density,NG - Storage - Efficient,lifetime,,,,constant_tech,Years,13,13,13,13,13,13,13,13,13,13,13,
CIMS.CAN.SK.Residential.Water Heating.LowMed Density,Service,SK,Residential,LowMed Density,NG - Storage - Efficient,market_share_total,,,,annual_region_tech,%,0.17642903902098,,,,,,,,,,,
CIMS.CAN.SK.Residential.Water Heating.LowMed Density,Service,SK,Residential,LowMed Density,NG - Storage - Efficient,output,,,,constant_tech,node unit,68.62,68.62,68.62,68.62,68.62,68.62,68.62,68.62,68.62,68.62,68.62,
CIMS.CAN.SK.Residential.Water Heating.LowMed Density,Service,SK,Residential,LowMed Density,NG - Storage - Efficient,fcc,,,,constant_tech,$,2666.706462,2666.706462,2666.706462,2666.706462,2666.706462,2666.706462,2666.706462,2666.706462,2666.706462,2666.706462,2666.706462,
CIMS.CAN.SK.Residential.Water Heating.LowMed Density,Service,SK,Residential,LowMed Density,NG - Storage - Efficient,service_request,,,CIMS.CAN.SK.Residential.Methane Blend,annual_tech,GJ,0.22930438,0.22930438,0.22930438,0.22930438,0.22930438,0.22930438,0.22930438,0.22930438,0.22930438,0.22930438,0.22930438,
CIMS.CAN.SK.Residential.Water Heating.LowMed Density,Service,SK,Residential,LowMed Density,NG - ASHP,technology,,,,,,,,,,,,,,,,,
CIMS.CAN.SK.Residential.Water Heating.LowMed Density,Service,SK,Residential,LowMed Density,NG - ASHP,available,,,,constant_tech,Year,2000,2000,2000,2000,2000,2000,2000,2000,2000,2000,2000,
CIMS.CAN.SK.Residential.Water Heating.LowMed Density,Service,SK,Residential,LowMed Density,NG - ASHP,unavailable,,,,constant_tech,Year,2101,2101,2101,2101,2101,2101,2101,2101,2101,2101,2101,
CIMS.CAN.SK.Residential.Water Heating.LowMed Density,Service,SK,Residential,LowMed Density,NG - ASHP,lifetime,,,,constant_tech,Years,13,13,13,13,13,13,13,13,13,13,13,
CIMS.CAN.SK.Residential.Water Heating.LowMed Density,Service,SK,Residential,LowMed Density,NG - ASHP,market_share_total,,,,annual_region_tech,%,0,,,,,,,,,,,
CIMS.CAN.SK.Residential.Water Heating.LowMed Density,Service,SK,Residential,LowMed Density,NG - ASHP,output,,,,constant_tech,node unit,68.62,68.62,68.62,68.62,68.62,68.62,68.62,68.62,68.62,68.62,68.62,
CIMS.CAN.SK.Residential.Water Heating.LowMed Density,Service,SK,Residential,LowMed Density,NG - ASHP,fcc,,,,constant_tech,$,3000,3000,3000,3000,3000,3000,3000,3000,3000,3000,3000,
CIMS.CAN.SK.Residential.Water Heating.LowMed Density,Service,SK,Residential,LowMed Density,NG - ASHP,fom,,,,constant_tech,$,25,25,25,25,25,25,25,25,25,25,25,
CIMS.CAN.SK.Residential.Water Heating.LowMed Density,Service,SK,Residential,LowMed Density,NG - ASHP,service_request,,,CIMS.CAN.SK.Residential.Methane Blend,annual_tech,GJ,0.123824364,0.123824364,0.123824364,0.123824364,0.123824364,0.123824364,0.123824364,0.123824364,0.123824364,0.123824364,0.123824364,
CIMS.CAN.SK.Residential.Water Heating.LowMed Density,Service,SK,Residential,LowMed Density,Solar - NG backup,technology,,,,,,,,,,,,,,,,,
CIMS.CAN.SK.Residential.Water Heating.LowMed Density,Service,SK,Residential,LowMed Density,Solar - NG backup,available,,,,constant_tech,Year,2000,2000,2000,2000,2000,2000,2000,2000,2000,2000,2000,
CIMS.CAN.SK.Residential.Water Heating.LowMed Density,Service,SK,Residential,LowMed Density,Solar - NG backup,unavailable,,,,constant_tech,Year,2101,2101,2101,2101,2101,2101,2101,2101,2101,2101,2101,
CIMS.CAN.SK.Residential.Water Heating.LowMed Density,Service,SK,Residential,LowMed Density,Solar - NG backup,lifetime,,,,constant_tech,Years,22.5,22.5,22.5,22.5,22.5,22.5,22.5,22.5,22.5,22.5,22.5,
CIMS.CAN.SK.Residential.Water Heating.LowMed Density,Service,SK,Residential,LowMed Density,Solar - NG backup,market_share_total,,,,annual_tech,%,0,,,,,,,,,,,
CIMS.CAN.SK.Residential.Water Heating.LowMed Density,Service,SK,Residential,LowMed Density,Solar - NG backup,output,,,,constant_tech,node unit,68.62,68.62,68.62,68.62,68.62,68.62,68.62,68.62,68.62,68.62,68.62,
CIMS.CAN.SK.Residential.Water Heating.LowMed Density,Service,SK,Residential,LowMed Density,Solar - NG backup,fcc,,,,constant_tech,$,12152.08008,12152.08008,12152.08008,12152.08008,12152.08008,12152.08008,12152.08008,12152.08008,12152.08008,12152.08008,12152.08008,
CIMS.CAN.SK.Residential.Water Heating.LowMed Density,Service,SK,Residential,LowMed Density,Solar - NG backup,fom,,,,constant_tech,$,33.755778,33.755778,33.755778,33.755778,33.755778,33.755778,33.755778,33.755778,33.755778,33.755778,33.755778,
CIMS.CAN.SK.Residential.Water Heating.LowMed Density,Service,SK,Residential,LowMed Density,Solar - NG backup,service_request,,,CIMS.CAN.SK.Residential.Methane Blend,annual_tech,GJ,0.11465219,0.11465219,0.11465219,0.11465219,0.11465219,0.11465219,0.11465219,0.11465219,0.11465219,0.11465219,0.11465219,
CIMS.CAN.SK.Residential.Water Heating.LowMed Density,Service,SK,Residential,LowMed Density,NG - Tankless - Standard,technology,,,,,,,,,,,,,,,,,
CIMS.CAN.SK.Residential.Water Heating.LowMed Density,Service,SK,Residential,LowMed Density,NG - Tankless - Standard,available,,,,constant_tech,Year,2000,2000,2000,2000,2000,2000,2000,2000,2000,2000,2000,
CIMS.CAN.SK.Residential.Water Heating.LowMed Density,Service,SK,Residential,LowMed Density,NG - Tankless - Standard,unavailable,,,,constant_tech,Year,2101,2101,2101,2101,2101,2101,2101,2101,2101,2101,2101,
CIMS.CAN.SK.Residential.Water Heating.LowMed Density,Service,SK,Residential,LowMed Density,NG - Tankless - Standard,lifetime,,,,constant_tech,Years,19,19,19,19,19,19,19,19,19,19,19,
CIMS.CAN.SK.Residential.Water Heating.LowMed Density,Service,SK,Residential,LowMed Density,NG - Tankless - Standard,market_share_total,,,,annual_region_tech,%,0,,,,,,,,,,,
CIMS.CAN.SK.Residential.Water Heating.LowMed Density,Service,SK,Residential,LowMed Density,NG - Tankless - Standard,output,,,,constant_tech,node unit,68.62,68.62,68.62,68.62,68.62,68.62,68.62,68.62,68.62,68.62,68.62,
CIMS.CAN.SK.Residential.Water Heating.LowMed Density,Service,SK,Residential,LowMed Density,NG - Tankless - Standard,fcc,,,,constant_tech,$,1282.719564,1282.719564,1282.719564,1282.719564,1282.719564,1282.719564,1282.719564,1282.719564,1282.719564,1282.719564,1282.719564,
CIMS.CAN.SK.Residential.Water Heating.LowMed Density,Service,SK,Residential,LowMed Density,NG - Tankless - Standard,fom,,,,constant_tech,$,121.5208008,121.5208008,121.5208008,121.5208008,121.5208008,121.5208008,121.5208008,121.5208008,121.5208008,121.5208008,121.5208008,
CIMS.CAN.SK.Residential.Water Heating.LowMed Density,Service,SK,Residential,LowMed Density,NG - Tankless - Standard,service_request,,,CIMS.CAN.SK.Residential.Methane Blend,annual_tech,GJ,0.22930438,0.22930438,0.22930438,0.22930438,0.22930438,0.22930438,0.22930438,0.22930438,0.22930438,0.22930438,0.22930438,
CIMS.CAN.SK.Residential.Water Heating.LowMed Density,Service,SK,Residential,LowMed Density,NG - Tankless - Efficient,technology,,,,,,,,,,,,,,,,,
CIMS.CAN.SK.Residential.Water Heating.LowMed Density,Service,SK,Residential,LowMed Density,NG - Tankless - Efficient,available,,,,constant_tech,Year,2000,2000,2000,2000,2000,2000,2000,2000,2000,2000,2000,
CIMS.CAN.SK.Residential.Water Heating.LowMed Density,Service,SK,Residential,LowMed Density,NG - Tankless - Efficient,unavailable,,,,constant_tech,Year,2101,2101,2101,2101,2101,2101,2101,2101,2101,2101,2101,
CIMS.CAN.SK.Residential.Water Heating.LowMed Density,Service,SK,Residential,LowMed Density,NG - Tankless - Efficient,lifetime,,,,constant_tech,Years,19,19,19,19,19,19,19,19,19,19,19,
CIMS.CAN.SK.Residential.Water Heating.LowMed Density,Service,SK,Residential,LowMed Density,NG - Tankless - Efficient,market_share_total,,,,annual_region_tech,%,0,,,,,,,,,,,
CIMS.CAN.SK.Residential.Water Heating.LowMed Density,Service,SK,Residential,LowMed Density,NG - Tankless - Efficient,output,,,,constant_tech,node unit,68.62,68.62,68.62,68.62,68.62,68.62,68.62,68.62,68.62,68.62,68.62,
CIMS.CAN.SK.Residential.Water Heating.LowMed Density,Service,SK,Residential,LowMed Density,NG - Tankless - Efficient,fcc,,,,constant_tech,$,3308.066244,3308.066244,3308.066244,3308.066244,3308.066244,3308.066244,3308.066244,3308.066244,3308.066244,3308.066244,3308.066244,
CIMS.CAN.SK.Residential.Water Heating.LowMed Density,Service,SK,Residential,LowMed Density,NG - Tankless - Efficient,fom,,,,constant_tech,$,175.5300456,175.5300456,175.5300456,175.5300456,175.5300456,175.5300456,175.5300456,175.5300456,175.5300456,175.5300456,175.5300456,
CIMS.CAN.SK.Residential.Water Heating.LowMed Density,Service,SK,Residential,LowMed Density,NG - Tankless - Efficient,service_request,,,CIMS.CAN.SK.Residential.Methane Blend,annual_tech,GJ,0.191480977,0.191480977,0.191480977,0.191480977,0.191480977,0.191480977,0.191480977,0.191480977,0.191480977,0.191480977,0.191480977,
CIMS.CAN.SK.Residential.Water Heating.LowMed Density,Service,SK,Residential,LowMed Density,Oil - Storage - Existing,technology,,,,,,,,,,,,,,,,,
CIMS.CAN.SK.Residential.Water Heating.LowMed Density,Service,SK,Residential,LowMed Density,Oil - Storage - Existing,available,,,,constant_tech,Year,1990,1990,1990,1990,1990,1990,1990,1990,1990,1990,1990,
CIMS.CAN.SK.Residential.Water Heating.LowMed Density,Service,SK,Residential,LowMed Density,Oil - Storage - Existing,unavailable,,,,constant_tech,Year,2001,2001,2001,2001,2001,2001,2001,2001,2001,2001,2001,
CIMS.CAN.SK.Residential.Water Heating.LowMed Density,Service,SK,Residential,LowMed Density,Oil - Storage - Existing,lifetime,,,,constant_tech,Years,16,16,16,16,16,16,16,16,16,16,16,
CIMS.CAN.SK.Residential.Water Heating.LowMed Density,Service,SK,Residential,LowMed Density,Oil - Storage - Existing,market_share_total,,,,annual_region_tech,%,0.00220948909693,,,,,,,,,,,
CIMS.CAN.SK.Residential.Water Heating.LowMed Density,Service,SK,Residential,LowMed Density,Oil - Storage - Existing,output,,,,constant_tech,node unit,68.62,68.62,68.62,68.62,68.62,68.62,68.62,68.62,68.62,68.62,68.62,
CIMS.CAN.SK.Residential.Water Heating.LowMed Density,Service,SK,Residential,LowMed Density,Oil - Storage - Existing,fcc,,,,constant_tech,$,2767.973796,2767.973796,2767.973796,2767.973796,2767.973796,2767.973796,2767.973796,2767.973796,2767.973796,2767.973796,2767.973796,
CIMS.CAN.SK.Residential.Water Heating.LowMed Density,Service,SK,Residential,LowMed Density,Oil - Storage - Existing,fom,,,,constant_tech,$,243.0416016,243.0416016,243.0416016,243.0416016,243.0416016,243.0416016,243.0416016,243.0416016,243.0416016,243.0416016,243.0416016,
CIMS.CAN.SK.Residential.Water Heating.LowMed Density,Service,SK,Residential,LowMed Density,Oil - Storage - Existing,service_request,,,CIMS.Generic Fuels.Fuel Oil,annual_tech,GJ,0.364189309,0.364189309,0.364189309,0.364189309,0.364189309,0.364189309,0.364189309,0.364189309,0.364189309,0.364189309,0.364189309,
CIMS.CAN.SK.Residential.Water Heating.LowMed Density,Service,SK,Residential,LowMed Density,Oil - Storage - Efficient,technology,,,,,,,,,,,,,,,,,
CIMS.CAN.SK.Residential.Water Heating.LowMed Density,Service,SK,Residential,LowMed Density,Oil - Storage - Efficient,available,,,,constant_tech,Year,2000,2000,2000,2000,2000,2000,2000,2000,2000,2000,2000,
CIMS.CAN.SK.Residential.Water Heating.LowMed Density,Service,SK,Residential,LowMed Density,Oil - Storage - Efficient,unavailable,,,,constant_tech,Year,2101,2101,2101,2101,2101,2101,2101,2101,2101,2101,2101,
CIMS.CAN.SK.Residential.Water Heating.LowMed Density,Service,SK,Residential,LowMed Density,Oil - Storage - Efficient,lifetime,,,,constant_tech,Years,16,16,16,16,16,16,16,16,16,16,16,
CIMS.CAN.SK.Residential.Water Heating.LowMed Density,Service,SK,Residential,LowMed Density,Oil - Storage - Efficient,market_share_total,,,,annual_region_tech,%,0.00091222058751,,,,,,,,,,,
CIMS.CAN.SK.Residential.Water Heating.LowMed Density,Service,SK,Residential,LowMed Density,Oil - Storage - Efficient,output,,,,constant_tech,node unit,68.62,68.62,68.62,68.62,68.62,68.62,68.62,68.62,68.62,68.62,68.62,
CIMS.CAN.SK.Residential.Water Heating.LowMed Density,Service,SK,Residential,LowMed Density,Oil - Storage - Efficient,fcc,,,,constant_tech,$,3409.333578,3409.333578,3409.333578,3409.333578,3409.333578,3409.333578,3409.333578,3409.333578,3409.333578,3409.333578,3409.333578,
CIMS.CAN.SK.Residential.Water Heating.LowMed Density,Service,SK,Residential,LowMed Density,Oil - Storage - Efficient,fom,,,,constant_tech,$,243.0416016,243.0416016,243.0416016,243.0416016,243.0416016,243.0416016,243.0416016,243.0416016,243.0416016,243.0416016,243.0416016,
CIMS.CAN.SK.Residential.Water Heating.LowMed Density,Service,SK,Residential,LowMed Density,Oil - Storage - Efficient,service_request,,,CIMS.Generic Fuels.Fuel Oil,annual_tech,GJ,0.269183402,0.269183402,0.269183402,0.269183402,0.269183402,0.269183402,0.269183402,0.269183402,0.269183402,0.269183402,0.269183402,
CIMS.CAN.SK.Residential.Water Heating.High Density,Service,SK,Residential,High Density,,service_provide,,,,constant_tech,GJ,,,,,,,,,,,,
CIMS.CAN.SK.Residential.Water Heating.High Density,Service,SK,Residential,High Density,,competition,Tech Compete,,,,,,,,,,,,,,,,
CIMS.CAN.SK.Residential.Water Heating.High Density,Service,SK,Residential,High Density,,discount_rate_financial,,,,constant_tech,%,0.3,0.3,0.3,0.3,0.3,0.3,0.3,0.3,0.3,0.3,0.3,
CIMS.CAN.SK.Residential.Water Heating.High Density,Service,SK,Residential,High Density,,discount_rate_retrofit,,,,constant_tech,%,0.65,0.65,0.65,0.65,0.65,0.65,0.65,0.65,0.65,0.65,0.65,
CIMS.CAN.SK.Residential.Water Heating.High Density,Service,SK,Residential,High Density,,heterogeneity,,,,constant_tech,,10,10,10,10,10,10,10,10,10,10,10,
CIMS.CAN.SK.Residential.Water Heating.High Density,Service,SK,Residential,High Density,Electric - Storage - Existing,technology,,,,,,,,,,,,,,,,,
CIMS.CAN.SK.Residential.Water Heating.High Density,Service,SK,Residential,High Density,Electric - Storage - Existing,available,,,,constant_tech,Year,1990,1990,1990,1990,1990,1990,1990,1990,1990,1990,1990,
CIMS.CAN.SK.Residential.Water Heating.High Density,Service,SK,Residential,High Density,Electric - Storage - Existing,unavailable,,,,constant_tech,Year,2001,2001,2001,2001,2001,2001,2001,2001,2001,2001,2001,
CIMS.CAN.SK.Residential.Water Heating.High Density,Service,SK,Residential,High Density,Electric - Storage - Existing,lifetime,,,,constant_tech,Years,13,13,13,13,13,13,13,13,13,13,13,
CIMS.CAN.SK.Residential.Water Heating.High Density,Service,SK,Residential,High Density,Electric - Storage - Existing,market_share_total,,,,annual_region_tech,%,0.09843332002271,,,,,,,,,,,
CIMS.CAN.SK.Residential.Water Heating.High Density,Service,SK,Residential,High Density,Electric - Storage - Existing,output,,,,constant_tech,node unit,642.4,642.4,642.4,642.4,642.4,642.4,642.4,642.4,642.4,642.4,642.4,
CIMS.CAN.SK.Residential.Water Heating.High Density,Service,SK,Residential,High Density,Electric - Storage - Existing,fcc,,,,constant_tech,$,2647.9,2647.9,2647.9,2647.9,2647.9,2647.9,2647.9,2647.9,2647.9,2647.9,2647.9,
CIMS.CAN.SK.Residential.Water Heating.High Density,Service,SK,Residential,High Density,Electric - Storage - Existing,service_request,,,CIMS.CAN.SK.Electricity,annual_tech,GJ,0.211064258,0.211064258,0.211064258,0.211064258,0.211064258,0.211064258,0.211064258,0.211064258,0.211064258,0.211064258,0.211064258,
CIMS.CAN.SK.Residential.Water Heating.High Density,Service,SK,Residential,High Density,Electric - Storage - Efficient,technology,,,,,,,,,,,,,,,,,
CIMS.CAN.SK.Residential.Water Heating.High Density,Service,SK,Residential,High Density,Electric - Storage - Efficient,available,,,,constant_tech,Year,2000,2000,2000,2000,2000,2000,2000,2000,2000,2000,2000,
CIMS.CAN.SK.Residential.Water Heating.High Density,Service,SK,Residential,High Density,Electric - Storage - Efficient,unavailable,,,,constant_tech,Year,2101,2101,2101,2101,2101,2101,2101,2101,2101,2101,2101,
CIMS.CAN.SK.Residential.Water Heating.High Density,Service,SK,Residential,High Density,Electric - Storage - Efficient,lifetime,,,,constant_tech,Years,13,13,13,13,13,13,13,13,13,13,13,
CIMS.CAN.SK.Residential.Water Heating.High Density,Service,SK,Residential,High Density,Electric - Storage - Efficient,market_share_total,,,,annual_region_tech,%,0,,,,,,,,,,,
CIMS.CAN.SK.Residential.Water Heating.High Density,Service,SK,Residential,High Density,Electric - Storage - Efficient,output,,,,constant_tech,node unit,642.4,642.4,642.4,642.4,642.4,642.4,642.4,642.4,642.4,642.4,642.4,
CIMS.CAN.SK.Residential.Water Heating.High Density,Service,SK,Residential,High Density,Electric - Storage - Efficient,fcc,,,,constant_tech,$,8270.16561,8270.16561,8270.16561,8270.16561,8270.16561,8270.16561,8270.16561,8270.16561,8270.16561,8270.16561,8270.16561,
CIMS.CAN.SK.Residential.Water Heating.High Density,Service,SK,Residential,High Density,Electric - Storage - Efficient,service_request,,,CIMS.CAN.SK.Electricity,annual_tech,GJ,0.195512155,0.195512155,0.195512155,0.195512155,0.195512155,0.195512155,0.195512155,0.195512155,0.195512155,0.195512155,0.195512155,
CIMS.CAN.SK.Residential.Water Heating.High Density,Service,SK,Residential,High Density,Electric - ASHP,technology,,,,,,,,,,,,,,,,,
CIMS.CAN.SK.Residential.Water Heating.High Density,Service,SK,Residential,High Density,Electric - ASHP,available,,,,constant_tech,Year,2000,2000,2000,2000,2000,2000,2000,2000,2000,2000,2000,
CIMS.CAN.SK.Residential.Water Heating.High Density,Service,SK,Residential,High Density,Electric - ASHP,unavailable,,,,constant_tech,Year,2101,2101,2101,2101,2101,2101,2101,2101,2101,2101,2101,
CIMS.CAN.SK.Residential.Water Heating.High Density,Service,SK,Residential,High Density,Electric - ASHP,lifetime,,,,constant_tech,Years,13,13,13,13,13,13,13,13,13,13,13,
CIMS.CAN.SK.Residential.Water Heating.High Density,Service,SK,Residential,High Density,Electric - ASHP,market_share_total,,,,annual_region_tech,%,0,,,,,,,,,,,
CIMS.CAN.SK.Residential.Water Heating.High Density,Service,SK,Residential,High Density,Electric - ASHP,output,,,,constant_tech,node unit,642.4,642.4,642.4,642.4,642.4,642.4,642.4,642.4,642.4,642.4,642.4,
CIMS.CAN.SK.Residential.Water Heating.High Density,Service,SK,Residential,High Density,Electric - ASHP,fcc,,,,constant_tech,$,12995.97453,12995.97453,12995.97453,12995.97453,12995.97453,12995.97453,12995.97453,12995.97453,12995.97453,12995.97453,12995.97453,
CIMS.CAN.SK.Residential.Water Heating.High Density,Service,SK,Residential,High Density,Electric - ASHP,fom,,,,constant_tech,$,27.0046224,27.0046224,27.0046224,27.0046224,27.0046224,27.0046224,27.0046224,27.0046224,27.0046224,27.0046224,27.0046224,
CIMS.CAN.SK.Residential.Water Heating.High Density,Service,SK,Residential,High Density,Electric - ASHP,service_request,,,CIMS.CAN.SK.Electricity,annual_tech,GJ,0.061912182,0.061912182,0.061912182,0.061912182,0.061912182,0.061912182,0.061912182,0.061912182,0.061912182,0.061912182,0.061912182,
CIMS.CAN.SK.Residential.Water Heating.High Density,Service,SK,Residential,High Density,NG - Storage - Existing,technology,,,,,,,,,,,,,,,,,
CIMS.CAN.SK.Residential.Water Heating.High Density,Service,SK,Residential,High Density,NG - Storage - Existing,available,,,,constant_tech,Year,1990,1990,1990,1990,1990,1990,1990,1990,1990,1990,1990,
CIMS.CAN.SK.Residential.Water Heating.High Density,Service,SK,Residential,High Density,NG - Storage - Existing,unavailable,,,,constant_tech,Year,2001,2001,2001,2001,2001,2001,2001,2001,2001,2001,2001,
CIMS.CAN.SK.Residential.Water Heating.High Density,Service,SK,Residential,High Density,NG - Storage - Existing,lifetime,,,,constant_tech,Years,13,13,13,13,13,13,13,13,13,13,13,
CIMS.CAN.SK.Residential.Water Heating.High Density,Service,SK,Residential,High Density,NG - Storage - Existing,market_share_total,,,,annual_region_tech,%,0.41568702814035,,,,,,,,,,,
CIMS.CAN.SK.Residential.Water Heating.High Density,Service,SK,Residential,High Density,NG - Storage - Existing,output,,,,constant_tech,node unit,642.4,642.4,642.4,642.4,642.4,642.4,642.4,642.4,642.4,642.4,642.4,
CIMS.CAN.SK.Residential.Water Heating.High Density,Service,SK,Residential,High Density,NG - Storage - Existing,fcc,,,,constant_tech,$,7088.7,7088.7,7088.7,7088.7,7088.7,7088.7,7088.7,7088.7,7088.7,7088.7,7088.7,
CIMS.CAN.SK.Residential.Water Heating.High Density,Service,SK,Residential,High Density,NG - Storage - Existing,service_request,,,CIMS.CAN.SK.Residential.Methane Blend,annual_tech,GJ,0.320235427,0.320235427,0.320235427,0.320235427,0.320235427,0.320235427,0.320235427,0.320235427,0.320235427,0.320235427,0.320235427,
CIMS.CAN.SK.Residential.Water Heating.High Density,Service,SK,Residential,High Density,NG - Storage - Standard,technology,,,,,,,,,,,,,,,,,
CIMS.CAN.SK.Residential.Water Heating.High Density,Service,SK,Residential,High Density,NG - Storage - Standard,available,,,,constant_tech,Year,2000,2000,2000,2000,2000,2000,2000,2000,2000,2000,2000,
CIMS.CAN.SK.Residential.Water Heating.High Density,Service,SK,Residential,High Density,NG - Storage - Standard,unavailable,,,,constant_tech,Year,2101,2101,2101,2101,2101,2101,2101,2101,2101,2101,2101,
CIMS.CAN.SK.Residential.Water Heating.High Density,Service,SK,Residential,High Density,NG - Storage - Standard,lifetime,,,,constant_tech,Years,13,13,13,13,13,13,13,13,13,13,13,
CIMS.CAN.SK.Residential.Water Heating.High Density,Service,SK,Residential,High Density,NG - Storage - Standard,market_share_total,,,,annual_region_tech,%,0.30632900733788,,,,,,,,,,,
CIMS.CAN.SK.Residential.Water Heating.High Density,Service,SK,Residential,High Density,NG - Storage - Standard,output,,,,constant_tech,node unit,642.4,642.4,642.4,642.4,642.4,642.4,642.4,642.4,642.4,642.4,642.4,
CIMS.CAN.SK.Residential.Water Heating.High Density,Service,SK,Residential,High Density,NG - Storage - Standard,fcc,,,,constant_tech,$,5738.48226,5738.48226,5738.48226,5738.48226,5738.48226,5738.48226,5738.48226,5738.48226,5738.48226,5738.48226,5738.48226,
CIMS.CAN.SK.Residential.Water Heating.High Density,Service,SK,Residential,High Density,NG - Storage - Standard,service_request,,,CIMS.CAN.SK.Residential.Methane Blend,annual_tech,GJ,0.299575077,0.299575077,0.299575077,0.299575077,0.299575077,0.299575077,0.299575077,0.299575077,0.299575077,0.299575077,0.299575077,
CIMS.CAN.SK.Residential.Water Heating.High Density,Service,SK,Residential,High Density,NG - Storage - Efficient,technology,,,,,,,,,,,,,,,,,
CIMS.CAN.SK.Residential.Water Heating.High Density,Service,SK,Residential,High Density,NG - Storage - Efficient,available,,,,constant_tech,Year,2000,2000,2000,2000,2000,2000,2000,2000,2000,2000,2000,
CIMS.CAN.SK.Residential.Water Heating.High Density,Service,SK,Residential,High Density,NG - Storage - Efficient,unavailable,,,,constant_tech,Year,2101,2101,2101,2101,2101,2101,2101,2101,2101,2101,2101,
CIMS.CAN.SK.Residential.Water Heating.High Density,Service,SK,Residential,High Density,NG - Storage - Efficient,lifetime,,,,constant_tech,Years,13,13,13,13,13,13,13,13,13,13,13,
CIMS.CAN.SK.Residential.Water Heating.High Density,Service,SK,Residential,High Density,NG - Storage - Efficient,market_share_total,,,,annual_region_tech,%,0.17642903902098,,,,,,,,,,,
CIMS.CAN.SK.Residential.Water Heating.High Density,Service,SK,Residential,High Density,NG - Storage - Efficient,output,,,,constant_tech,node unit,642.4,642.4,642.4,642.4,642.4,642.4,642.4,642.4,642.4,642.4,642.4,
CIMS.CAN.SK.Residential.Water Heating.High Density,Service,SK,Residential,High Density,NG - Storage - Efficient,fcc,,,,constant_tech,$,13333.53231,13333.53231,13333.53231,13333.53231,13333.53231,13333.53231,13333.53231,13333.53231,13333.53231,13333.53231,13333.53231,
CIMS.CAN.SK.Residential.Water Heating.High Density,Service,SK,Residential,High Density,NG - Storage - Efficient,service_request,,,CIMS.CAN.SK.Residential.Methane Blend,annual_tech,GJ,0.22930438,0.22930438,0.22930438,0.22930438,0.22930438,0.22930438,0.22930438,0.22930438,0.22930438,0.22930438,0.22930438,
CIMS.CAN.SK.Residential.Water Heating.High Density,Service,SK,Residential,High Density,NG - ASHP,technology,,,,,,,,,,,,,,,,,
CIMS.CAN.SK.Residential.Water Heating.High Density,Service,SK,Residential,High Density,NG - ASHP,available,,,,constant_tech,Year,2000,2000,2000,2000,2000,2000,2000,2000,2000,2000,2000,
CIMS.CAN.SK.Residential.Water Heating.High Density,Service,SK,Residential,High Density,NG - ASHP,unavailable,,,,constant_tech,Year,2101,2101,2101,2101,2101,2101,2101,2101,2101,2101,2101,
CIMS.CAN.SK.Residential.Water Heating.High Density,Service,SK,Residential,High Density,NG - ASHP,lifetime,,,,constant_tech,Years,13,13,13,13,13,13,13,13,13,13,13,
CIMS.CAN.SK.Residential.Water Heating.High Density,Service,SK,Residential,High Density,NG - ASHP,market_share_total,,,,annual_region_tech,%,0,,,,,,,,,,,
CIMS.CAN.SK.Residential.Water Heating.High Density,Service,SK,Residential,High Density,NG - ASHP,output,,,,constant_tech,node unit,642.4,642.4,642.4,642.4,642.4,642.4,642.4,642.4,642.4,642.4,642.4,
CIMS.CAN.SK.Residential.Water Heating.High Density,Service,SK,Residential,High Density,NG - ASHP,fcc,,,,constant_tech,$,15000,15000,15000,15000,15000,15000,15000,15000,15000,15000,15000,
CIMS.CAN.SK.Residential.Water Heating.High Density,Service,SK,Residential,High Density,NG - ASHP,fom,,,,constant_tech,$,125,125,125,125,125,125,125,125,125,125,125,
CIMS.CAN.SK.Residential.Water Heating.High Density,Service,SK,Residential,High Density,NG - ASHP,service_request,,,CIMS.CAN.SK.Residential.Methane Blend,annual_tech,GJ,0.123824364,0.123824364,0.123824364,0.123824364,0.123824364,0.123824364,0.123824364,0.123824364,0.123824364,0.123824364,0.123824364,
CIMS.CAN.SK.Residential.Water Heating.High Density,Service,SK,Residential,High Density,NG - Tankless - Standard,technology,,,,,,,,,,,,,,,,,
CIMS.CAN.SK.Residential.Water Heating.High Density,Service,SK,Residential,High Density,NG - Tankless - Standard,available,,,,constant_tech,Year,2000,2000,2000,2000,2000,2000,2000,2000,2000,2000,2000,
CIMS.CAN.SK.Residential.Water Heating.High Density,Service,SK,Residential,High Density,NG - Tankless - Standard,unavailable,,,,constant_tech,Year,2101,2101,2101,2101,2101,2101,2101,2101,2101,2101,2101,
CIMS.CAN.SK.Residential.Water Heating.High Density,Service,SK,Residential,High Density,NG - Tankless - Standard,lifetime,,,,constant_tech,Years,19,19,19,19,19,19,19,19,19,19,19,
CIMS.CAN.SK.Residential.Water Heating.High Density,Service,SK,Residential,High Density,NG - Tankless - Standard,market_share_total,,,,annual_region_tech,%,0,,,,,,,,,,,
CIMS.CAN.SK.Residential.Water Heating.High Density,Service,SK,Residential,High Density,NG - Tankless - Standard,output,,,,constant_tech,node unit,642.4,642.4,642.4,642.4,642.4,642.4,642.4,642.4,642.4,642.4,642.4,
CIMS.CAN.SK.Residential.Water Heating.High Density,Service,SK,Residential,High Density,NG - Tankless - Standard,fcc,,,,constant_tech,$,6413.59782,6413.59782,6413.59782,6413.59782,6413.59782,6413.59782,6413.59782,6413.59782,6413.59782,6413.59782,6413.59782,
CIMS.CAN.SK.Residential.Water Heating.High Density,Service,SK,Residential,High Density,NG - Tankless - Standard,fom,,,,constant_tech,$,121.5208008,121.5208008,121.5208008,121.5208008,121.5208008,121.5208008,121.5208008,121.5208008,121.5208008,121.5208008,121.5208008,
CIMS.CAN.SK.Residential.Water Heating.High Density,Service,SK,Residential,High Density,NG - Tankless - Standard,service_request,,,CIMS.CAN.SK.Residential.Methane Blend,annual_tech,GJ,0.22930438,0.22930438,0.22930438,0.22930438,0.22930438,0.22930438,0.22930438,0.22930438,0.22930438,0.22930438,0.22930438,
CIMS.CAN.SK.Residential.Water Heating.High Density,Service,SK,Residential,High Density,NG - Tankless - Efficient,technology,,,,,,,,,,,,,,,,,
CIMS.CAN.SK.Residential.Water Heating.High Density,Service,SK,Residential,High Density,NG - Tankless - Efficient,available,,,,constant_tech,Year,2000,2000,2000,2000,2000,2000,2000,2000,2000,2000,2000,
CIMS.CAN.SK.Residential.Water Heating.High Density,Service,SK,Residential,High Density,NG - Tankless - Efficient,unavailable,,,,constant_tech,Year,2101,2101,2101,2101,2101,2101,2101,2101,2101,2101,2101,
CIMS.CAN.SK.Residential.Water Heating.High Density,Service,SK,Residential,High Density,NG - Tankless - Efficient,lifetime,,,,constant_tech,Years,19,19,19,19,19,19,19,19,19,19,19,
CIMS.CAN.SK.Residential.Water Heating.High Density,Service,SK,Residential,High Density,NG - Tankless - Efficient,market_share_total,,,,annual_region_tech,%,0,,,,,,,,,,,
CIMS.CAN.SK.Residential.Water Heating.High Density,Service,SK,Residential,High Density,NG - Tankless - Efficient,output,,,,constant_tech,node unit,642.4,642.4,642.4,642.4,642.4,642.4,642.4,642.4,642.4,642.4,642.4,
CIMS.CAN.SK.Residential.Water Heating.High Density,Service,SK,Residential,High Density,NG - Tankless - Efficient,fcc,,,,constant_tech,$,16540.33122,16540.33122,16540.33122,16540.33122,16540.33122,16540.33122,16540.33122,16540.33122,16540.33122,16540.33122,16540.33122,
CIMS.CAN.SK.Residential.Water Heating.High Density,Service,SK,Residential,High Density,NG - Tankless - Efficient,fom,,,,constant_tech,$,175.5300456,175.5300456,175.5300456,175.5300456,175.5300456,175.5300456,175.5300456,175.5300456,175.5300456,175.5300456,175.5300456,
CIMS.CAN.SK.Residential.Water Heating.High Density,Service,SK,Residential,High Density,NG - Tankless - Efficient,service_request,,,CIMS.CAN.SK.Residential.Methane Blend,annual_tech,GJ,0.191480977,0.191480977,0.191480977,0.191480977,0.191480977,0.191480977,0.191480977,0.191480977,0.191480977,0.191480977,0.191480977,
CIMS.CAN.SK.Residential.Water Heating.High Density,Service,SK,Residential,High Density,Oil - Storage - Existing,technology,,,,,,,,,,,,,,,,,
CIMS.CAN.SK.Residential.Water Heating.High Density,Service,SK,Residential,High Density,Oil - Storage - Existing,available,,,,constant_tech,Year,1990,1990,1990,1990,1990,1990,1990,1990,1990,1990,1990,
CIMS.CAN.SK.Residential.Water Heating.High Density,Service,SK,Residential,High Density,Oil - Storage - Existing,unavailable,,,,constant_tech,Year,2001,2001,2001,2001,2001,2001,2001,2001,2001,2001,2001,
CIMS.CAN.SK.Residential.Water Heating.High Density,Service,SK,Residential,High Density,Oil - Storage - Existing,lifetime,,,,constant_tech,Years,16,16,16,16,16,16,16,16,16,16,16,
CIMS.CAN.SK.Residential.Water Heating.High Density,Service,SK,Residential,High Density,Oil - Storage - Existing,market_share_total,,,,annual_region_tech,%,0.00220948909693,,,,,,,,,,,
CIMS.CAN.SK.Residential.Water Heating.High Density,Service,SK,Residential,High Density,Oil - Storage - Existing,output,,,,constant_tech,node unit,642.4,642.4,642.4,642.4,642.4,642.4,642.4,642.4,642.4,642.4,642.4,
CIMS.CAN.SK.Residential.Water Heating.High Density,Service,SK,Residential,High Density,Oil - Storage - Existing,fcc,,,,constant_tech,$,13839.86898,13839.86898,13839.86898,13839.86898,13839.86898,13839.86898,13839.86898,13839.86898,13839.86898,13839.86898,13839.86898,
CIMS.CAN.SK.Residential.Water Heating.High Density,Service,SK,Residential,High Density,Oil - Storage - Existing,fom,,,,constant_tech,$,243.0416016,243.0416016,243.0416016,243.0416016,243.0416016,243.0416016,243.0416016,243.0416016,243.0416016,243.0416016,243.0416016,
CIMS.CAN.SK.Residential.Water Heating.High Density,Service,SK,Residential,High Density,Oil - Storage - Existing,service_request,,,CIMS.Generic Fuels.Fuel Oil,annual_tech,GJ,0.364189309,0.364189309,0.364189309,0.364189309,0.364189309,0.364189309,0.364189309,0.364189309,0.364189309,0.364189309,0.364189309,
CIMS.CAN.SK.Residential.Water Heating.High Density,Service,SK,Residential,High Density,Oil - Storage - Efficient,technology,,,,,,,,,,,,,,,,,
CIMS.CAN.SK.Residential.Water Heating.High Density,Service,SK,Residential,High Density,Oil - Storage - Efficient,available,,,,constant_tech,Year,2000,2000,2000,2000,2000,2000,2000,2000,2000,2000,2000,
CIMS.CAN.SK.Residential.Water Heating.High Density,Service,SK,Residential,High Density,Oil - Storage - Efficient,unavailable,,,,constant_tech,Year,2101,2101,2101,2101,2101,2101,2101,2101,2101,2101,2101,
CIMS.CAN.SK.Residential.Water Heating.High Density,Service,SK,Residential,High Density,Oil - Storage - Efficient,lifetime,,,,constant_tech,Years,16,16,16,16,16,16,16,16,16,16,16,
CIMS.CAN.SK.Residential.Water Heating.High Density,Service,SK,Residential,High Density,Oil - Storage - Efficient,market_share_total,,,,annual_region_tech,%,0.00091222058751,,,,,,,,,,,
CIMS.CAN.SK.Residential.Water Heating.High Density,Service,SK,Residential,High Density,Oil - Storage - Efficient,output,,,,constant_tech,node unit,642.4,642.4,642.4,642.4,642.4,642.4,642.4,642.4,642.4,642.4,642.4,
CIMS.CAN.SK.Residential.Water Heating.High Density,Service,SK,Residential,High Density,Oil - Storage - Efficient,fcc,,,,constant_tech,$,17046.66789,17046.66789,17046.66789,17046.66789,17046.66789,17046.66789,17046.66789,17046.66789,17046.66789,17046.66789,17046.66789,
CIMS.CAN.SK.Residential.Water Heating.High Density,Service,SK,Residential,High Density,Oil - Storage - Efficient,fom,,,,constant_tech,$,243.0416016,243.0416016,243.0416016,243.0416016,243.0416016,243.0416016,243.0416016,243.0416016,243.0416016,243.0416016,243.0416016,
CIMS.CAN.SK.Residential.Water Heating.High Density,Service,SK,Residential,High Density,Oil - Storage - Efficient,service_request,,,CIMS.Generic Fuels.Fuel Oil,annual_tech,GJ,0.269183402,0.269183402,0.269183402,0.269183402,0.269183402,0.269183402,0.269183402,0.269183402,0.269183402,0.269183402,0.269183402,
CIMS.CAN.SK.Residential.Dwellings.Lighting,Service,SK,Residential,Lighting,,service_provide,,,,constant_tech,m2,,,,,,,,,,,,
CIMS.CAN.SK.Residential.Dwellings.Lighting,Service,SK,Residential,Lighting,,competition,Tech Compete,,,,,,,,,,,,,,,,
CIMS.CAN.SK.Residential.Dwellings.Lighting,Service,SK,Residential,Lighting,,discount_rate_financial,,,,constant_tech,%,0.25,0.25,0.25,0.25,0.25,0.25,0.25,0.25,0.25,0.25,0.25,
CIMS.CAN.SK.Residential.Dwellings.Lighting,Service,SK,Residential,Lighting,,heterogeneity,,,,constant_tech,,10,10,10,10,10,10,10,10,10,10,10,
CIMS.CAN.SK.Residential.Dwellings.Lighting,Service,SK,Residential,Lighting,,retrofit_existing_max,,,,constant_tech,%,0,0,0,0,0,0,0,0,0,0,0,
CIMS.CAN.SK.Residential.Dwellings.Lighting,Service,SK,Residential,Lighting,Incandescent,technology,,,,,,,,,,,,,,,,,
CIMS.CAN.SK.Residential.Dwellings.Lighting,Service,SK,Residential,Lighting,Incandescent,available,,,,constant_tech,Year,1950,1950,1950,1950,1950,1950,1950,1950,1950,1950,1950,
CIMS.CAN.SK.Residential.Dwellings.Lighting,Service,SK,Residential,Lighting,Incandescent,unavailable,,,,constant_tech,Year,2101,2101,2101,2101,2101,2101,2101,2101,2101,2101,2101,
CIMS.CAN.SK.Residential.Dwellings.Lighting,Service,SK,Residential,Lighting,Incandescent,lifetime,,,,constant_tech,Years,5,5,5,5,5,5,5,5,5,5,5,
CIMS.CAN.SK.Residential.Dwellings.Lighting,Service,SK,Residential,Lighting,Incandescent,market_share_total,,,,annual_tech,%,0.9,,,,,,,,,,,
CIMS.CAN.SK.Residential.Dwellings.Lighting,Service,SK,Residential,Lighting,Incandescent,output,,,,constant_tech,node unit,4.2,4.2,4.2,4.2,4.2,4.2,4.2,4.2,4.2,4.2,4.2,
CIMS.CAN.SK.Residential.Dwellings.Lighting,Service,SK,Residential,Lighting,Incandescent,fcc,,,,constant_tech,$,3,3,3,3,3,3,3,3,3,3,3,
CIMS.CAN.SK.Residential.Dwellings.Lighting,Service,SK,Residential,Lighting,Incandescent,service_request,,,CIMS.CAN.SK.Electricity,annual_tech,GJ,0.031,0.031,0.031,0.031,0.031,0.031,0.031,0.031,0.031,0.031,0.031,
CIMS.CAN.SK.Residential.Dwellings.Lighting,Service,SK,Residential,Lighting,CFL,technology,,,,,,,,,,,,,,,,,
CIMS.CAN.SK.Residential.Dwellings.Lighting,Service,SK,Residential,Lighting,CFL,available,,,,constant_tech,Year,2000,2000,2000,2000,2000,2000,2000,2000,2000,2000,2000,
CIMS.CAN.SK.Residential.Dwellings.Lighting,Service,SK,Residential,Lighting,CFL,unavailable,,,,constant_tech,Year,2101,2101,2101,2101,2101,2101,2101,2101,2101,2101,2101,
CIMS.CAN.SK.Residential.Dwellings.Lighting,Service,SK,Residential,Lighting,CFL,lifetime,,,,constant_tech,Years,8,8,8,8,8,8,8,8,8,8,8,
CIMS.CAN.SK.Residential.Dwellings.Lighting,Service,SK,Residential,Lighting,CFL,market_share_total,,,,annual_tech,%,0.38,,,,,,,,,,,
CIMS.CAN.SK.Residential.Dwellings.Lighting,Service,SK,Residential,Lighting,CFL,output,,,,constant_tech,node unit,4.2,4.2,4.2,4.2,4.2,4.2,4.2,4.2,4.2,4.2,4.2,
CIMS.CAN.SK.Residential.Dwellings.Lighting,Service,SK,Residential,Lighting,CFL,fcc,,,,constant_tech,$,6,6,6,6,6,6,6,6,6,6,6,
CIMS.CAN.SK.Residential.Dwellings.Lighting,Service,SK,Residential,Lighting,CFL,service_request,,,CIMS.CAN.SK.Electricity,annual_tech,GJ,0.010460877,0.010460877,0.010460877,0.010460877,0.010460877,0.010460877,0.010460877,0.010460877,0.010460877,0.010460877,0.010460877,
CIMS.CAN.SK.Residential.Dwellings.Lighting,Service,SK,Residential,Lighting,LED,technology,,,,,,,,,,,,,,,,,
CIMS.CAN.SK.Residential.Dwellings.Lighting,Service,SK,Residential,Lighting,LED,available,,,,constant_tech,Year,2010,2010,2010,2010,2010,2010,2010,2010,2010,2010,2010,
CIMS.CAN.SK.Residential.Dwellings.Lighting,Service,SK,Residential,Lighting,LED,unavailable,,,,constant_tech,Year,2101,2101,2101,2101,2101,2101,2101,2101,2101,2101,2101,
CIMS.CAN.SK.Residential.Dwellings.Lighting,Service,SK,Residential,Lighting,LED,lifetime,,,,constant_tech,Years,13,13,13,13,13,13,13,13,13,13,13,
CIMS.CAN.SK.Residential.Dwellings.Lighting,Service,SK,Residential,Lighting,LED,market_share_total,,,,annual_tech,%,0.02,,,,,,,,,,,
CIMS.CAN.SK.Residential.Dwellings.Lighting,Service,SK,Residential,Lighting,LED,output,,,,constant_tech,node unit,4.2,4.2,4.2,4.2,4.2,4.2,4.2,4.2,4.2,4.2,4.2,
CIMS.CAN.SK.Residential.Dwellings.Lighting,Service,SK,Residential,Lighting,LED,fcc,,,,constant_tech,$,20,20,20,20,20,20,20,20,20,20,20,
CIMS.CAN.SK.Residential.Dwellings.Lighting,Service,SK,Residential,Lighting,LED,service_request,,,CIMS.CAN.SK.Electricity,annual_tech,GJ,0.008366882,0.008366882,0.008366882,0.008366882,0.008366882,0.008366882,0.008366882,0.008366882,0.008366882,0.008366882,0.008366882,
CIMS.CAN.SK.Residential.Dwellings.Solar PV,Service,SK,Residential,Solar PV,,service_provide,,,,constant_tech,m2 of roofspace,,,,,,,,,,,,
CIMS.CAN.SK.Residential.Dwellings.Solar PV,Service,SK,Residential,Solar PV,,competition,Tech Compete,,,,,,,,,,,,,,,,
CIMS.CAN.SK.Residential.Dwellings.Solar PV,Service,SK,Residential,Solar PV,,discount_rate_financial,,,,constant_tech,%,0.25,0.25,0.25,0.25,0.25,0.25,0.25,0.25,0.25,0.25,0.25,
CIMS.CAN.SK.Residential.Dwellings.Solar PV,Service,SK,Residential,Solar PV,,heterogeneity,,,,constant_tech,,10,10,10,10,10,10,10,10,10,10,10,
CIMS.CAN.SK.Residential.Dwellings.Solar PV,Service,SK,Residential,Solar PV,No Solar,technology,,,,,,,,,,,,,,,,,
CIMS.CAN.SK.Residential.Dwellings.Solar PV,Service,SK,Residential,Solar PV,No Solar,available,,,,constant_tech,Year,1950,1950,1950,1950,1950,1950,1950,1950,1950,1950,1950,
CIMS.CAN.SK.Residential.Dwellings.Solar PV,Service,SK,Residential,Solar PV,No Solar,unavailable,,,,constant_tech,Year,2101,2101,2101,2101,2101,2101,2101,2101,2101,2101,2101,
CIMS.CAN.SK.Residential.Dwellings.Solar PV,Service,SK,Residential,Solar PV,No Solar,lifetime,,,,constant_tech,Years,20,20,20,20,20,20,20,20,20,20,20,
CIMS.CAN.SK.Residential.Dwellings.Solar PV,Service,SK,Residential,Solar PV,No Solar,market_share_total,,,,annual_tech,%,1,,,,,,,,,,,
CIMS.CAN.SK.Residential.Dwellings.Solar PV,Service,SK,Residential,Solar PV,Solar PV,technology,,,,,,,,,,,,,,,,,
CIMS.CAN.SK.Residential.Dwellings.Solar PV,Service,SK,Residential,Solar PV,Solar PV,available,,,,constant_tech,Year,2015,2015,2015,2015,2015,2015,2015,2015,2015,2015,2015,
CIMS.CAN.SK.Residential.Dwellings.Solar PV,Service,SK,Residential,Solar PV,Solar PV,unavailable,,,,constant_tech,Year,2101,2101,2101,2101,2101,2101,2101,2101,2101,2101,2101,
CIMS.CAN.SK.Residential.Dwellings.Solar PV,Service,SK,Residential,Solar PV,Solar PV,lifetime,,,,constant_tech,Years,20,20,20,20,20,20,20,20,20,20,20,
CIMS.CAN.SK.Residential.Dwellings.Solar PV,Service,SK,Residential,Solar PV,Solar PV,market_share_total,,,,annual_tech,%,0,,,,,,,,,,,
CIMS.CAN.SK.Residential.Dwellings.Solar PV,Service,SK,Residential,Solar PV,Solar PV,fcc,,,,constant_tech,$,1382.747625,1382.747625,1382.747625,1382.747625,1382.747625,1382.747625,1382.747625,1382.747625,1382.747625,1382.747625,1382.747625,
CIMS.CAN.SK.Residential.Dwellings.Solar PV,Service,SK,Residential,Solar PV,Solar PV,service_request,,,CIMS.CAN.SK.Electricity,annual_tech,GJ,-0.638648353,-0.638648353,-0.638648353,-0.638648353,-0.638648353,-0.638648353,-0.638648353,-0.638648353,-0.638648353,-0.638648353,-0.638648353,
CIMS.CAN.SK.Residential.Dwellings.Refrigerators,Service,SK,Residential,Refrigerators,,service_provide,,,,constant_tech,unit,,,,,,,,,,,,
CIMS.CAN.SK.Residential.Dwellings.Refrigerators,Service,SK,Residential,Refrigerators,,competition,Tech Compete,,,,,,,,,,,,,,,,
CIMS.CAN.SK.Residential.Dwellings.Refrigerators,Service,SK,Residential,Refrigerators,,discount_rate_financial,,,,constant_tech,%,0.3,0.3,0.3,0.3,0.3,0.3,0.3,0.3,0.3,0.3,0.3,
CIMS.CAN.SK.Residential.Dwellings.Refrigerators,Service,SK,Residential,Refrigerators,,discount_rate_retrofit,,,,constant_tech,%,0.65,0.65,0.65,0.65,0.65,0.65,0.65,0.65,0.65,0.65,0.65,
CIMS.CAN.SK.Residential.Dwellings.Refrigerators,Service,SK,Residential,Refrigerators,,heterogeneity,,,,constant_tech,,10,10,10,10,10,10,10,10,10,10,10,
CIMS.CAN.SK.Residential.Dwellings.Refrigerators,Service,SK,Residential,Refrigerators,Existing,technology,,,,,,,,,,,,,,,,,
CIMS.CAN.SK.Residential.Dwellings.Refrigerators,Service,SK,Residential,Refrigerators,Existing,available,,,,constant_tech,Year,1985,1985,1985,1985,1985,1985,1985,1985,1985,1985,1985,
CIMS.CAN.SK.Residential.Dwellings.Refrigerators,Service,SK,Residential,Refrigerators,Existing,unavailable,,,,constant_tech,Year,2001,2001,2001,2001,2001,2001,2001,2001,2001,2001,2001,
CIMS.CAN.SK.Residential.Dwellings.Refrigerators,Service,SK,Residential,Refrigerators,Existing,lifetime,,,,constant_tech,Years,17,17,17,17,17,17,17,17,17,17,17,
CIMS.CAN.SK.Residential.Dwellings.Refrigerators,Service,SK,Residential,Refrigerators,Existing,market_share_total,,,,annual_tech,%,1,,,,,,,,,,,
CIMS.CAN.SK.Residential.Dwellings.Refrigerators,Service,SK,Residential,Refrigerators,Existing,fcc,,,,constant_tech,$,802.3109244,802.3109244,802.3109244,802.3109244,802.3109244,802.3109244,802.3109244,802.3109244,802.3109244,802.3109244,802.3109244,
CIMS.CAN.SK.Residential.Dwellings.Refrigerators,Service,SK,Residential,Refrigerators,Existing,fom,,,,constant_tech,$,4.999716432,4.999716432,4.999716432,4.999716432,4.999716432,4.999716432,4.999716432,4.999716432,4.999716432,4.999716432,4.999716432,
CIMS.CAN.SK.Residential.Dwellings.Refrigerators,Service,SK,Residential,Refrigerators,Existing,service_request,,,CIMS.CAN.SK.Electricity,annual_tech,GJ,3.402,3.402,3.402,3.402,3.402,3.402,3.402,3.402,3.402,3.402,3.402,
CIMS.CAN.SK.Residential.Dwellings.Refrigerators,Service,SK,Residential,Refrigerators,Std,technology,,,,,,,,,,,,,,,,,
CIMS.CAN.SK.Residential.Dwellings.Refrigerators,Service,SK,Residential,Refrigerators,Std,available,,,,constant_tech,Year,2000,2000,2000,2000,2000,2000,2000,2000,2000,2000,2000,
CIMS.CAN.SK.Residential.Dwellings.Refrigerators,Service,SK,Residential,Refrigerators,Std,unavailable,,,,constant_tech,Year,2101,2101,2101,2101,2101,2101,2101,2101,2101,2101,2101,
CIMS.CAN.SK.Residential.Dwellings.Refrigerators,Service,SK,Residential,Refrigerators,Std,lifetime,,,,constant_tech,Years,17,17,17,17,17,17,17,17,17,17,17,
CIMS.CAN.SK.Residential.Dwellings.Refrigerators,Service,SK,Residential,Refrigerators,Std,market_share_total,,,,annual_tech,%,0,,,,,,,,,,,
CIMS.CAN.SK.Residential.Dwellings.Refrigerators,Service,SK,Residential,Refrigerators,Std,fcc,,,,constant_tech,$,802.3109244,802.3109244,802.3109244,802.3109244,802.3109244,802.3109244,802.3109244,802.3109244,802.3109244,802.3109244,802.3109244,
CIMS.CAN.SK.Residential.Dwellings.Refrigerators,Service,SK,Residential,Refrigerators,Std,fom,,,,constant_tech,$,4.999716432,4.999716432,4.999716432,4.999716432,4.999716432,4.999716432,4.999716432,4.999716432,4.999716432,4.999716432,4.999716432,
CIMS.CAN.SK.Residential.Dwellings.Refrigerators,Service,SK,Residential,Refrigerators,Std,service_request,,,CIMS.CAN.SK.Electricity,annual_tech,GJ,1.746828,1.746828,1.746828,1.746828,1.746828,1.746828,1.746828,1.746828,1.746828,1.746828,1.746828,
CIMS.CAN.SK.Residential.Dwellings.Refrigerators,Service,SK,Residential,Refrigerators,Medium Efficiency,technology,,,,,,,,,,,,,,,,,
CIMS.CAN.SK.Residential.Dwellings.Refrigerators,Service,SK,Residential,Refrigerators,Medium Efficiency,available,,,,constant_tech,Year,2000,2000,2000,2000,2000,2000,2000,2000,2000,2000,2000,
CIMS.CAN.SK.Residential.Dwellings.Refrigerators,Service,SK,Residential,Refrigerators,Medium Efficiency,unavailable,,,,constant_tech,Year,2101,2101,2101,2101,2101,2101,2101,2101,2101,2101,2101,
CIMS.CAN.SK.Residential.Dwellings.Refrigerators,Service,SK,Residential,Refrigerators,Medium Efficiency,lifetime,,,,constant_tech,Years,17,17,17,17,17,17,17,17,17,17,17,
CIMS.CAN.SK.Residential.Dwellings.Refrigerators,Service,SK,Residential,Refrigerators,Medium Efficiency,market_share_total,,,,annual_tech,%,0,,,,,,,,,,,
CIMS.CAN.SK.Residential.Dwellings.Refrigerators,Service,SK,Residential,Refrigerators,Medium Efficiency,fcc,,,,constant_tech,$,907.2211008,907.2211008,907.2211008,907.2211008,907.2211008,907.2211008,907.2211008,907.2211008,907.2211008,907.2211008,907.2211008,
CIMS.CAN.SK.Residential.Dwellings.Refrigerators,Service,SK,Residential,Refrigerators,Medium Efficiency,fom,,,,constant_tech,$,4.999716432,4.999716432,4.999716432,4.999716432,4.999716432,4.999716432,4.999716432,4.999716432,4.999716432,4.999716432,4.999716432,
CIMS.CAN.SK.Residential.Dwellings.Refrigerators,Service,SK,Residential,Refrigerators,Medium Efficiency,service_request,,,CIMS.CAN.SK.Electricity,annual_tech,GJ,1.566828,1.566828,1.566828,1.566828,1.566828,1.566828,1.566828,1.566828,1.566828,1.566828,1.566828,
CIMS.CAN.SK.Residential.Dwellings.Refrigerators,Service,SK,Residential,Refrigerators,High Efficiency,technology,,,,,,,,,,,,,,,,,
CIMS.CAN.SK.Residential.Dwellings.Refrigerators,Service,SK,Residential,Refrigerators,High Efficiency,available,,,,constant_tech,Year,2000,2000,2000,2000,2000,2000,2000,2000,2000,2000,2000,
CIMS.CAN.SK.Residential.Dwellings.Refrigerators,Service,SK,Residential,Refrigerators,High Efficiency,unavailable,,,,constant_tech,Year,2101,2101,2101,2101,2101,2101,2101,2101,2101,2101,2101,
CIMS.CAN.SK.Residential.Dwellings.Refrigerators,Service,SK,Residential,Refrigerators,High Efficiency,lifetime,,,,constant_tech,Years,17,17,17,17,17,17,17,17,17,17,17,
CIMS.CAN.SK.Residential.Dwellings.Refrigerators,Service,SK,Residential,Refrigerators,High Efficiency,market_share_total,,,,annual_tech,%,0,,,,,,,,,,,
CIMS.CAN.SK.Residential.Dwellings.Refrigerators,Service,SK,Residential,Refrigerators,High Efficiency,fcc,,,,constant_tech,$,987.1247601,987.1247601,987.1247601,987.1247601,987.1247601,987.1247601,987.1247601,987.1247601,987.1247601,987.1247601,987.1247601,
CIMS.CAN.SK.Residential.Dwellings.Refrigerators,Service,SK,Residential,Refrigerators,High Efficiency,fom,,,,constant_tech,$,4.999716432,4.999716432,4.999716432,4.999716432,4.999716432,4.999716432,4.999716432,4.999716432,4.999716432,4.999716432,4.999716432,
CIMS.CAN.SK.Residential.Dwellings.Refrigerators,Service,SK,Residential,Refrigerators,High Efficiency,service_request,,,CIMS.CAN.SK.Electricity,annual_tech,GJ,1.222075234,1.222075234,1.222075234,1.222075234,1.222075234,1.222075234,1.222075234,1.222075234,1.222075234,1.222075234,1.222075234,
CIMS.CAN.SK.Residential.Dwellings.Freezers,Service,SK,Residential,Freezers,,service_provide,,,,constant_tech,unit,,,,,,,,,,,,
CIMS.CAN.SK.Residential.Dwellings.Freezers,Service,SK,Residential,Freezers,,competition,Tech Compete,,,,,,,,,,,,,,,,
CIMS.CAN.SK.Residential.Dwellings.Freezers,Service,SK,Residential,Freezers,,discount_rate_financial,,,,constant_tech,%,0.3,0.3,0.3,0.3,0.3,0.3,0.3,0.3,0.3,0.3,0.3,
CIMS.CAN.SK.Residential.Dwellings.Freezers,Service,SK,Residential,Freezers,,discount_rate_retrofit,,,,constant_tech,%,0.65,0.65,0.65,0.65,0.65,0.65,0.65,0.65,0.65,0.65,0.65,
CIMS.CAN.SK.Residential.Dwellings.Freezers,Service,SK,Residential,Freezers,,heterogeneity,,,,constant_tech,,10,10,10,10,10,10,10,10,10,10,10,
CIMS.CAN.SK.Residential.Dwellings.Freezers,Service,SK,Residential,Freezers,Existing,technology,,,,,,,,,,,,,,,,,
CIMS.CAN.SK.Residential.Dwellings.Freezers,Service,SK,Residential,Freezers,Existing,available,,,,constant_tech,Year,1982,1982,1982,1982,1982,1982,1982,1982,1982,1982,1982,
CIMS.CAN.SK.Residential.Dwellings.Freezers,Service,SK,Residential,Freezers,Existing,unavailable,,,,constant_tech,Year,2001,2001,2001,2001,2001,2001,2001,2001,2001,2001,2001,
CIMS.CAN.SK.Residential.Dwellings.Freezers,Service,SK,Residential,Freezers,Existing,lifetime,,,,constant_tech,Years,21,21,21,21,21,21,21,21,21,21,21,
CIMS.CAN.SK.Residential.Dwellings.Freezers,Service,SK,Residential,Freezers,Existing,market_share_total,,,,annual_tech,%,0.9,,,,,,,,,,,
CIMS.CAN.SK.Residential.Dwellings.Freezers,Service,SK,Residential,Freezers,Existing,fcc,,,,constant_tech,$,483.9889976,483.9889976,483.9889976,483.9889976,483.9889976,483.9889976,483.9889976,483.9889976,483.9889976,483.9889976,483.9889976,
CIMS.CAN.SK.Residential.Dwellings.Freezers,Service,SK,Residential,Freezers,Existing,fom,,,,constant_tech,$,12.49929108,12.49929108,12.49929108,12.49929108,12.49929108,12.49929108,12.49929108,12.49929108,12.49929108,12.49929108,12.49929108,
CIMS.CAN.SK.Residential.Dwellings.Freezers,Service,SK,Residential,Freezers,Existing,service_request,,,CIMS.CAN.SK.Electricity,annual_tech,GJ,2.25,2.25,2.25,2.25,2.25,2.25,2.25,2.25,2.25,2.25,2.25,
CIMS.CAN.SK.Residential.Dwellings.Freezers,Service,SK,Residential,Freezers,Std,technology,,,,,,,,,,,,,,,,,
CIMS.CAN.SK.Residential.Dwellings.Freezers,Service,SK,Residential,Freezers,Std,available,,,,constant_tech,Year,1988,1988,1988,1988,1988,1988,1988,1988,1988,1988,1988,
CIMS.CAN.SK.Residential.Dwellings.Freezers,Service,SK,Residential,Freezers,Std,unavailable,,,,constant_tech,Year,2101,2101,2101,2101,2101,2101,2101,2101,2101,2101,2101,
CIMS.CAN.SK.Residential.Dwellings.Freezers,Service,SK,Residential,Freezers,Std,lifetime,,,,constant_tech,Years,21,21,21,21,21,21,21,21,21,21,21,
CIMS.CAN.SK.Residential.Dwellings.Freezers,Service,SK,Residential,Freezers,Std,market_share_total,,,,annual_tech,%,0.1,,,,,,,,,,,
CIMS.CAN.SK.Residential.Dwellings.Freezers,Service,SK,Residential,Freezers,Std,fcc,,,,constant_tech,$,483.9889976,483.9889976,483.9889976,483.9889976,483.9889976,483.9889976,483.9889976,483.9889976,483.9889976,483.9889976,483.9889976,
CIMS.CAN.SK.Residential.Dwellings.Freezers,Service,SK,Residential,Freezers,Std,fom,,,,constant_tech,$,12.49929108,12.49929108,12.49929108,12.49929108,12.49929108,12.49929108,12.49929108,12.49929108,12.49929108,12.49929108,12.49929108,
CIMS.CAN.SK.Residential.Dwellings.Freezers,Service,SK,Residential,Freezers,Std,service_request,,,CIMS.CAN.SK.Electricity,annual_tech,GJ,1.4076,1.4076,1.4076,1.4076,1.4076,1.4076,1.4076,1.4076,1.4076,1.4076,1.4076,
CIMS.CAN.SK.Residential.Dwellings.Freezers,Service,SK,Residential,Freezers,High Efficiency,technology,,,,,,,,,,,,,,,,,
CIMS.CAN.SK.Residential.Dwellings.Freezers,Service,SK,Residential,Freezers,High Efficiency,available,,,,constant_tech,Year,1988,1988,1988,1988,1988,1988,1988,1988,1988,1988,1988,
CIMS.CAN.SK.Residential.Dwellings.Freezers,Service,SK,Residential,Freezers,High Efficiency,unavailable,,,,constant_tech,Year,2101,2101,2101,2101,2101,2101,2101,2101,2101,2101,2101,
CIMS.CAN.SK.Residential.Dwellings.Freezers,Service,SK,Residential,Freezers,High Efficiency,lifetime,,,,constant_tech,Years,21,21,21,21,21,21,21,21,21,21,21,
CIMS.CAN.SK.Residential.Dwellings.Freezers,Service,SK,Residential,Freezers,High Efficiency,market_share_total,,,,annual_tech,%,0,,,,,,,,,,,
CIMS.CAN.SK.Residential.Dwellings.Freezers,Service,SK,Residential,Freezers,High Efficiency,fcc,,,,constant_tech,$,616.952975,616.952975,616.952975,616.952975,616.952975,616.952975,616.952975,616.952975,616.952975,616.952975,616.952975,
CIMS.CAN.SK.Residential.Dwellings.Freezers,Service,SK,Residential,Freezers,High Efficiency,fom,,,,constant_tech,$,12.49929108,12.49929108,12.49929108,12.49929108,12.49929108,12.49929108,12.49929108,12.49929108,12.49929108,12.49929108,12.49929108,
CIMS.CAN.SK.Residential.Dwellings.Freezers,Service,SK,Residential,Freezers,High Efficiency,service_request,,,CIMS.CAN.SK.Electricity,annual_tech,GJ,1.175265246,1.175265246,1.175265246,1.175265246,1.175265246,1.175265246,1.175265246,1.175265246,1.175265246,1.175265246,1.175265246,
CIMS.CAN.SK.Residential.Dwellings.Ranges,Service,SK,Residential,Ranges,,service_provide,,,,constant_tech,unit,,,,,,,,,,,,
CIMS.CAN.SK.Residential.Dwellings.Ranges,Service,SK,Residential,Ranges,,competition,Tech Compete,,,,,,,,,,,,,,,,
CIMS.CAN.SK.Residential.Dwellings.Ranges,Service,SK,Residential,Ranges,,discount_rate_financial,,,,constant_tech,%,0.3,0.3,0.3,0.3,0.3,0.3,0.3,0.3,0.3,0.3,0.3,
CIMS.CAN.SK.Residential.Dwellings.Ranges,Service,SK,Residential,Ranges,,discount_rate_retrofit,,,,constant_tech,%,0.65,0.65,0.65,0.65,0.65,0.65,0.65,0.65,0.65,0.65,0.65,
CIMS.CAN.SK.Residential.Dwellings.Ranges,Service,SK,Residential,Ranges,,heterogeneity,,,,constant_tech,,10,10,10,10,10,10,10,10,10,10,10,
CIMS.CAN.SK.Residential.Dwellings.Ranges,Service,SK,Residential,Ranges,Electric existing,technology,,,,,,,,,,,,,,,,,
CIMS.CAN.SK.Residential.Dwellings.Ranges,Service,SK,Residential,Ranges,Electric existing,available,,,,constant_tech,Year,1980,1980,1980,1980,1980,1980,1980,1980,1980,1980,1980,
CIMS.CAN.SK.Residential.Dwellings.Ranges,Service,SK,Residential,Ranges,Electric existing,unavailable,,,,constant_tech,Year,2001,2001,2001,2001,2001,2001,2001,2001,2001,2001,2001,
CIMS.CAN.SK.Residential.Dwellings.Ranges,Service,SK,Residential,Ranges,Electric existing,lifetime,,,,constant_tech,Years,20,20,20,20,20,20,20,20,20,20,20,
CIMS.CAN.SK.Residential.Dwellings.Ranges,Service,SK,Residential,Ranges,Electric existing,market_share_total,,,,annual_tech,%,0.9,,,,,,,,,,,
CIMS.CAN.SK.Residential.Dwellings.Ranges,Service,SK,Residential,Ranges,Electric existing,fcc,,,,constant_tech,$,755.0038388,755.0038388,755.0038388,755.0038388,755.0038388,755.0038388,755.0038388,755.0038388,755.0038388,755.0038388,755.0038388,
CIMS.CAN.SK.Residential.Dwellings.Ranges,Service,SK,Residential,Ranges,Electric existing,fom,,,,constant_tech,$,12.49929108,12.49929108,12.49929108,12.49929108,12.49929108,12.49929108,12.49929108,12.49929108,12.49929108,12.49929108,12.49929108,
CIMS.CAN.SK.Residential.Dwellings.Ranges,Service,SK,Residential,Ranges,Electric existing,service_request,,,CIMS.CAN.SK.Electricity,annual_tech,GJ,3.00456,3.00456,3.00456,3.00456,3.00456,3.00456,3.00456,3.00456,3.00456,3.00456,3.00456,
CIMS.CAN.SK.Residential.Dwellings.Ranges,Service,SK,Residential,Ranges,Electric Std,technology,,,,,,,,,,,,,,,,,
CIMS.CAN.SK.Residential.Dwellings.Ranges,Service,SK,Residential,Ranges,Electric Std,available,,,,constant_tech,Year,2000,2000,2000,2000,2000,2000,2000,2000,2000,2000,2000,
CIMS.CAN.SK.Residential.Dwellings.Ranges,Service,SK,Residential,Ranges,Electric Std,unavailable,,,,constant_tech,Year,2101,2101,2101,2101,2101,2101,2101,2101,2101,2101,2101,
CIMS.CAN.SK.Residential.Dwellings.Ranges,Service,SK,Residential,Ranges,Electric Std,lifetime,,,,constant_tech,Years,20,20,20,20,20,20,20,20,20,20,20,
CIMS.CAN.SK.Residential.Dwellings.Ranges,Service,SK,Residential,Ranges,Electric Std,market_share_total,,,,annual_tech,%,0,,,,,,,,,,,
CIMS.CAN.SK.Residential.Dwellings.Ranges,Service,SK,Residential,Ranges,Electric Std,fcc,,,,constant_tech,$,755.0038388,755.0038388,755.0038388,755.0038388,755.0038388,755.0038388,755.0038388,755.0038388,755.0038388,755.0038388,755.0038388,
CIMS.CAN.SK.Residential.Dwellings.Ranges,Service,SK,Residential,Ranges,Electric Std,fom,,,,constant_tech,$,12.49929108,12.49929108,12.49929108,12.49929108,12.49929108,12.49929108,12.49929108,12.49929108,12.49929108,12.49929108,12.49929108,
CIMS.CAN.SK.Residential.Dwellings.Ranges,Service,SK,Residential,Ranges,Electric Std,service_request,,,CIMS.CAN.SK.Electricity,annual_tech,GJ,2.303496,2.303496,2.303496,2.303496,2.303496,2.303496,2.303496,2.303496,2.303496,2.303496,2.303496,
CIMS.CAN.SK.Residential.Dwellings.Ranges,Service,SK,Residential,Ranges,Electric Induction,technology,,,,,,,,,,,,,,,,,
CIMS.CAN.SK.Residential.Dwellings.Ranges,Service,SK,Residential,Ranges,Electric Induction,available,,,,constant_tech,Year,2020,2020,2020,2020,2020,2020,2020,2020,2020,2020,2020,
CIMS.CAN.SK.Residential.Dwellings.Ranges,Service,SK,Residential,Ranges,Electric Induction,unavailable,,,,constant_tech,Year,2101,2101,2101,2101,2101,2101,2101,2101,2101,2101,2101,
CIMS.CAN.SK.Residential.Dwellings.Ranges,Service,SK,Residential,Ranges,Electric Induction,lifetime,,,,constant_tech,Years,20,20,20,20,20,20,20,20,20,20,20,
CIMS.CAN.SK.Residential.Dwellings.Ranges,Service,SK,Residential,Ranges,Electric Induction,market_share_total,,,,annual_tech,%,0,,,,,,,,,,,
CIMS.CAN.SK.Residential.Dwellings.Ranges,Service,SK,Residential,Ranges,Electric Induction,fcc,,,,constant_tech,$,3665.067179,3665.067179,3665.067179,3665.067179,3665.067179,3665.067179,3665.067179,3665.067179,3665.067179,3665.067179,3665.067179,
CIMS.CAN.SK.Residential.Dwellings.Ranges,Service,SK,Residential,Ranges,Electric Induction,fom,,,,constant_tech,$,12.49929108,12.49929108,12.49929108,12.49929108,12.49929108,12.49929108,12.49929108,12.49929108,12.49929108,12.49929108,12.49929108,
CIMS.CAN.SK.Residential.Dwellings.Ranges,Service,SK,Residential,Ranges,Electric Induction,service_request,,,CIMS.CAN.SK.Electricity,annual_tech,GJ,1.151748,1.151748,1.151748,1.151748,1.151748,1.151748,1.151748,1.151748,1.151748,1.151748,1.151748,
CIMS.CAN.SK.Residential.Dwellings.Ranges,Service,SK,Residential,Ranges,NG existing,technology,,,,,,,,,,,,,,,,,
CIMS.CAN.SK.Residential.Dwellings.Ranges,Service,SK,Residential,Ranges,NG existing,available,,,,constant_tech,Year,1980,1980,1980,1980,1980,1980,1980,1980,1980,1980,1980,
CIMS.CAN.SK.Residential.Dwellings.Ranges,Service,SK,Residential,Ranges,NG existing,unavailable,,,,constant_tech,Year,2001,2001,2001,2001,2001,2001,2001,2001,2001,2001,2001,
CIMS.CAN.SK.Residential.Dwellings.Ranges,Service,SK,Residential,Ranges,NG existing,lifetime,,,,constant_tech,Years,20,20,20,20,20,20,20,20,20,20,20,
CIMS.CAN.SK.Residential.Dwellings.Ranges,Service,SK,Residential,Ranges,NG existing,market_share_total,,,,annual_tech,%,0.1,,,,,,,,,,,
CIMS.CAN.SK.Residential.Dwellings.Ranges,Service,SK,Residential,Ranges,NG existing,fcc,,,,constant_tech,$,1604.621849,1604.621849,1604.621849,1604.621849,1604.621849,1604.621849,1604.621849,1604.621849,1604.621849,1604.621849,1604.621849,
CIMS.CAN.SK.Residential.Dwellings.Ranges,Service,SK,Residential,Ranges,NG existing,fom,,,,constant_tech,$,12.49929108,12.49929108,12.49929108,12.49929108,12.49929108,12.49929108,12.49929108,12.49929108,12.49929108,12.49929108,12.49929108,
CIMS.CAN.SK.Residential.Dwellings.Ranges,Service,SK,Residential,Ranges,NG existing,service_request,,,CIMS.CAN.SK.Residential.Methane Blend,annual_tech,GJ,5.107752,5.107752,5.107752,5.107752,5.107752,5.107752,5.107752,5.107752,5.107752,5.107752,5.107752,
CIMS.CAN.SK.Residential.Dwellings.Ranges,Service,SK,Residential,Ranges,NG Std,technology,,,,,,,,,,,,,,,,,
CIMS.CAN.SK.Residential.Dwellings.Ranges,Service,SK,Residential,Ranges,NG Std,available,,,,constant_tech,Year,2000,2000,2000,2000,2000,2000,2000,2000,2000,2000,2000,
CIMS.CAN.SK.Residential.Dwellings.Ranges,Service,SK,Residential,Ranges,NG Std,unavailable,,,,constant_tech,Year,2101,2101,2101,2101,2101,2101,2101,2101,2101,2101,2101,
CIMS.CAN.SK.Residential.Dwellings.Ranges,Service,SK,Residential,Ranges,NG Std,lifetime,,,,constant_tech,Years,20,20,20,20,20,20,20,20,20,20,20,
CIMS.CAN.SK.Residential.Dwellings.Ranges,Service,SK,Residential,Ranges,NG Std,market_share_total,,,,annual_tech,%,0,,,,,,,,,,,
CIMS.CAN.SK.Residential.Dwellings.Ranges,Service,SK,Residential,Ranges,NG Std,fcc,,,,constant_tech,$,1604.621849,1604.621849,1604.621849,1604.621849,1604.621849,1604.621849,1604.621849,1604.621849,1604.621849,1604.621849,1604.621849,
CIMS.CAN.SK.Residential.Dwellings.Ranges,Service,SK,Residential,Ranges,NG Std,fom,,,,constant_tech,$,12.49929108,12.49929108,12.49929108,12.49929108,12.49929108,12.49929108,12.49929108,12.49929108,12.49929108,12.49929108,12.49929108,
CIMS.CAN.SK.Residential.Dwellings.Ranges,Service,SK,Residential,Ranges,NG Std,service_request,,,CIMS.CAN.SK.Residential.Methane Blend,annual_tech,GJ,4.722552,4.722552,4.722552,4.722552,4.722552,4.722552,4.722552,4.722552,4.722552,4.722552,4.722552,
CIMS.CAN.SK.Residential.Dwellings.Dishwashing,Service,SK,Residential,Dishwashing,,service_provide,,,,constant_tech,unit,,,,,,,,,,,,
CIMS.CAN.SK.Residential.Dwellings.Dishwashing,Service,SK,Residential,Dishwashing,,competition,Fixed Ratio,,,,,,,,,,,,,,,,
CIMS.CAN.SK.Residential.Dwellings.Dishwashing,Service,SK,Residential,Dishwashing,,service_request,,,CIMS.CAN.SK.Residential.Dwellings.Dishwashing.Machine,annual_tech,GJ,0.6,0.63,0.69,0.71,0.72,0.73,0.75,0.76,0.77,0.77,0.77,
CIMS.CAN.SK.Residential.Dwellings.Dishwashing,Service,SK,Residential,Dishwashing,,service_request,,,CIMS.CAN.SK.Residential.Dwellings.Dishwashing.Non-machine,annual_tech,GJ,0.4,0.37,0.31,0.29,0.28,0.27,0.25,0.24,0.23,0.23,0.23,
CIMS.CAN.SK.Residential.Dwellings.Dishwashing.Machine,Service,SK,Residential,Machine,,service_provide,,,,constant_tech,unit,,,,,,,,,,,,
CIMS.CAN.SK.Residential.Dwellings.Dishwashing.Machine,Service,SK,Residential,Machine,,competition,Tech Compete,,,,,,,,,,,,,,,,
CIMS.CAN.SK.Residential.Dwellings.Dishwashing.Machine,Service,SK,Residential,Machine,,discount_rate_financial,,,,constant_tech,%,0.3,0.3,0.3,0.3,0.3,0.3,0.3,0.3,0.3,0.3,0.3,
CIMS.CAN.SK.Residential.Dwellings.Dishwashing.Machine,Service,SK,Residential,Machine,,discount_rate_retrofit,,,,constant_tech,%,0.65,0.65,0.65,0.65,0.65,0.65,0.65,0.65,0.65,0.65,0.65,
CIMS.CAN.SK.Residential.Dwellings.Dishwashing.Machine,Service,SK,Residential,Machine,,heterogeneity,,,,constant_tech,,10,10,10,10,10,10,10,10,10,10,10,
CIMS.CAN.SK.Residential.Dwellings.Dishwashing.Machine,Service,SK,Residential,Machine,Existing,technology,,,,,,,,,,,,,,,,,
CIMS.CAN.SK.Residential.Dwellings.Dishwashing.Machine,Service,SK,Residential,Machine,Existing,available,,,,constant_tech,Year,1987,1987,1987,1987,1987,1987,1987,1987,1987,1987,1987,
CIMS.CAN.SK.Residential.Dwellings.Dishwashing.Machine,Service,SK,Residential,Machine,Existing,unavailable,,,,constant_tech,Year,2001,2001,2001,2001,2001,2001,2001,2001,2001,2001,2001,
CIMS.CAN.SK.Residential.Dwellings.Dishwashing.Machine,Service,SK,Residential,Machine,Existing,lifetime,,,,constant_tech,Years,13,13,13,13,13,13,13,13,13,13,13,
CIMS.CAN.SK.Residential.Dwellings.Dishwashing.Machine,Service,SK,Residential,Machine,Existing,market_share_total,,,,annual_tech,%,1,,,,,,,,,,,
CIMS.CAN.SK.Residential.Dwellings.Dishwashing.Machine,Service,SK,Residential,Machine,Existing,fcc,,,,constant_tech,$,746.4445802,746.4445802,746.4445802,746.4445802,746.4445802,746.4445802,746.4445802,746.4445802,746.4445802,746.4445802,746.4445802,
CIMS.CAN.SK.Residential.Dwellings.Dishwashing.Machine,Service,SK,Residential,Machine,Existing,fom,,,,constant_tech,$,11.24936197,11.24936197,11.24936197,11.24936197,11.24936197,11.24936197,11.24936197,11.24936197,11.24936197,11.24936197,11.24936197,
CIMS.CAN.SK.Residential.Dwellings.Dishwashing.Machine,Service,SK,Residential,Machine,Existing,service_request,,,CIMS.CAN.SK.Electricity,annual_tech,GJ,0.45,0.45,0.45,0.45,0.45,0.45,0.45,0.45,0.45,0.45,0.45,
CIMS.CAN.SK.Residential.Dwellings.Dishwashing.Machine,Service,SK,Residential,Machine,Existing,service_request,,,CIMS.CAN.SK.Residential.Water Heating,annual_tech,GJ,10.6921,10.6921,10.6921,10.6921,10.6921,10.6921,10.6921,10.6921,10.6921,10.6921,10.6921,
CIMS.CAN.SK.Residential.Dwellings.Dishwashing.Machine,Service,SK,Residential,Machine,Std (46% Eff),technology,,,,,,,,,,,,,,,,,
CIMS.CAN.SK.Residential.Dwellings.Dishwashing.Machine,Service,SK,Residential,Machine,Std (46% Eff),available,,,,constant_tech,Year,2000,2000,2000,2000,2000,2000,2000,2000,2000,2000,2000,
CIMS.CAN.SK.Residential.Dwellings.Dishwashing.Machine,Service,SK,Residential,Machine,Std (46% Eff),unavailable,,,,constant_tech,Year,2101,2101,2101,2101,2101,2101,2101,2101,2101,2101,2101,
CIMS.CAN.SK.Residential.Dwellings.Dishwashing.Machine,Service,SK,Residential,Machine,Std (46% Eff),lifetime,,,,constant_tech,Years,13,13,13,13,13,13,13,13,13,13,13,
CIMS.CAN.SK.Residential.Dwellings.Dishwashing.Machine,Service,SK,Residential,Machine,Std (46% Eff),market_share_total,,,,annual_tech,%,0,,,,,,,,,,,
CIMS.CAN.SK.Residential.Dwellings.Dishwashing.Machine,Service,SK,Residential,Machine,Std (46% Eff),fcc,,,,constant_tech,$,746.4445802,746.4445802,746.4445802,746.4445802,746.4445802,746.4445802,746.4445802,746.4445802,746.4445802,746.4445802,746.4445802,
CIMS.CAN.SK.Residential.Dwellings.Dishwashing.Machine,Service,SK,Residential,Machine,Std (46% Eff),fom,,,,constant_tech,$,11.24936197,11.24936197,11.24936197,11.24936197,11.24936197,11.24936197,11.24936197,11.24936197,11.24936197,11.24936197,11.24936197,
CIMS.CAN.SK.Residential.Dwellings.Dishwashing.Machine,Service,SK,Residential,Machine,Std (46% Eff),service_request,,,CIMS.CAN.SK.Electricity,annual_tech,GJ,0.823339659,0.823339659,0.823339659,0.823339659,0.823339659,0.823339659,0.823339659,0.823339659,0.823339659,0.823339659,0.823339659,
CIMS.CAN.SK.Residential.Dwellings.Dishwashing.Machine,Service,SK,Residential,Machine,Std (46% Eff),service_request,,,CIMS.CAN.SK.Residential.Water Heating,annual_tech,GJ,4.6402,4.6402,4.6402,4.6402,4.6402,4.6402,4.6402,4.6402,4.6402,4.6402,4.6402,
CIMS.CAN.SK.Residential.Dwellings.Dishwashing.Machine,Service,SK,Residential,Machine,High (58% Eff),technology,,,,,,,,,,,,,,,,,
CIMS.CAN.SK.Residential.Dwellings.Dishwashing.Machine,Service,SK,Residential,Machine,High (58% Eff),available,,,,constant_tech,Year,2000,2000,2000,2000,2000,2000,2000,2000,2000,2000,2000,
CIMS.CAN.SK.Residential.Dwellings.Dishwashing.Machine,Service,SK,Residential,Machine,High (58% Eff),unavailable,,,,constant_tech,Year,2101,2101,2101,2101,2101,2101,2101,2101,2101,2101,2101,
CIMS.CAN.SK.Residential.Dwellings.Dishwashing.Machine,Service,SK,Residential,Machine,High (58% Eff),lifetime,,,,constant_tech,Years,13,13,13,13,13,13,13,13,13,13,13,
CIMS.CAN.SK.Residential.Dwellings.Dishwashing.Machine,Service,SK,Residential,Machine,High (58% Eff),market_share_total,,,,annual_tech,%,0,,,,,,,,,,,
CIMS.CAN.SK.Residential.Dwellings.Dishwashing.Machine,Service,SK,Residential,Machine,High (58% Eff),fcc,,,,constant_tech,$,755.9939778,755.9939778,755.9939778,755.9939778,755.9939778,755.9939778,755.9939778,755.9939778,755.9939778,755.9939778,755.9939778,
CIMS.CAN.SK.Residential.Dwellings.Dishwashing.Machine,Service,SK,Residential,Machine,High (58% Eff),fom,,,,constant_tech,$,11.24936197,11.24936197,11.24936197,11.24936197,11.24936197,11.24936197,11.24936197,11.24936197,11.24936197,11.24936197,11.24936197,
CIMS.CAN.SK.Residential.Dwellings.Dishwashing.Machine,Service,SK,Residential,Machine,High (58% Eff),service_request,,,CIMS.CAN.SK.Electricity,annual_tech,GJ,0.6129,0.6129,0.6129,0.6129,0.6129,0.6129,0.6129,0.6129,0.6129,0.6129,0.6129,
CIMS.CAN.SK.Residential.Dwellings.Dishwashing.Machine,Service,SK,Residential,Machine,High (58% Eff),service_request,,,CIMS.CAN.SK.Residential.Water Heating,annual_tech,GJ,3.4372,3.4372,3.4372,3.4372,3.4372,3.4372,3.4372,3.4372,3.4372,3.4372,3.4372,
CIMS.CAN.SK.Residential.Dwellings.Dishwashing.Machine,Service,SK,Residential,Machine,Top (94% Eff),technology,,,,,,,,,,,,,,,,,
CIMS.CAN.SK.Residential.Dwellings.Dishwashing.Machine,Service,SK,Residential,Machine,Top (94% Eff),available,,,,constant_tech,Year,2000,2000,2000,2000,2000,2000,2000,2000,2000,2000,2000,
CIMS.CAN.SK.Residential.Dwellings.Dishwashing.Machine,Service,SK,Residential,Machine,Top (94% Eff),unavailable,,,,constant_tech,Year,2101,2101,2101,2101,2101,2101,2101,2101,2101,2101,2101,
CIMS.CAN.SK.Residential.Dwellings.Dishwashing.Machine,Service,SK,Residential,Machine,Top (94% Eff),lifetime,,,,constant_tech,Years,13,13,13,13,13,13,13,13,13,13,13,
CIMS.CAN.SK.Residential.Dwellings.Dishwashing.Machine,Service,SK,Residential,Machine,Top (94% Eff),market_share_total,,,,annual_tech,%,0,,,,,,,,,,,
CIMS.CAN.SK.Residential.Dwellings.Dishwashing.Machine,Service,SK,Residential,Machine,Top (94% Eff),fcc,,,,constant_tech,$,1707.750607,1707.750607,1707.750607,1707.750607,1707.750607,1707.750607,1707.750607,1707.750607,1707.750607,1707.750607,1707.750607,
CIMS.CAN.SK.Residential.Dwellings.Dishwashing.Machine,Service,SK,Residential,Machine,Top (94% Eff),fom,,,,constant_tech,$,11.24936197,11.24936197,11.24936197,11.24936197,11.24936197,11.24936197,11.24936197,11.24936197,11.24936197,11.24936197,11.24936197,
CIMS.CAN.SK.Residential.Dwellings.Dishwashing.Machine,Service,SK,Residential,Machine,Top (94% Eff),service_request,,,CIMS.CAN.SK.Electricity,annual_tech,GJ,0.057391782,0.057391782,0.057391782,0.057391782,0.057391782,0.057391782,0.057391782,0.057391782,0.057391782,0.057391782,0.057391782,
CIMS.CAN.SK.Residential.Dwellings.Dishwashing.Machine,Service,SK,Residential,Machine,Top (94% Eff),service_request,,,CIMS.CAN.SK.Residential.Water Heating,annual_tech,GJ,3.9527,3.9527,3.9527,3.9527,3.9527,3.9527,3.9527,3.9527,3.9527,3.9527,3.9527,
CIMS.CAN.SK.Residential.Dwellings.Dishwashing.Non-machine,Service,SK,Residential,Non-machine,,service_provide,,,,constant_tech,unit,,,,,,,,,,,,
CIMS.CAN.SK.Residential.Dwellings.Dishwashing.Non-machine,Service,SK,Residential,Non-machine,,competition,Tech Compete,,,,,,,,,,,,,,,,
CIMS.CAN.SK.Residential.Dwellings.Dishwashing.Non-machine,Service,SK,Residential,Non-machine,,discount_rate_financial,,,,constant_tech,%,0.3,0.3,0.3,0.3,0.3,0.3,0.3,0.3,0.3,0.3,0.3,
CIMS.CAN.SK.Residential.Dwellings.Dishwashing.Non-machine,Service,SK,Residential,Non-machine,,discount_rate_retrofit,,,,constant_tech,%,0.65,0.65,0.65,0.65,0.65,0.65,0.65,0.65,0.65,0.65,0.65,
CIMS.CAN.SK.Residential.Dwellings.Dishwashing.Non-machine,Service,SK,Residential,Non-machine,,heterogeneity,,,,constant_tech,,10,10,10,10,10,10,10,10,10,10,10,
CIMS.CAN.SK.Residential.Dwellings.Dishwashing.Non-machine,Service,SK,Residential,Non-machine,Hot water,technology,,,,,,,,,,,,,,,,,
CIMS.CAN.SK.Residential.Dwellings.Dishwashing.Non-machine,Service,SK,Residential,Non-machine,Hot water,available,,,,constant_tech,Year,1990,1990,1990,1990,1990,1990,1990,1990,1990,1990,1990,
CIMS.CAN.SK.Residential.Dwellings.Dishwashing.Non-machine,Service,SK,Residential,Non-machine,Hot water,unavailable,,,,constant_tech,Year,2101,2101,2101,2101,2101,2101,2101,2101,2101,2101,2101,
CIMS.CAN.SK.Residential.Dwellings.Dishwashing.Non-machine,Service,SK,Residential,Non-machine,Hot water,lifetime,,,,constant_tech,Years,10,10,10,10,10,10,10,10,10,10,10,
CIMS.CAN.SK.Residential.Dwellings.Dishwashing.Non-machine,Service,SK,Residential,Non-machine,Hot water,market_share_total,,,,annual_tech,%,0.9,,,,,,,,,,,
CIMS.CAN.SK.Residential.Dwellings.Dishwashing.Non-machine,Service,SK,Residential,Non-machine,Hot water,fcc,,,,constant_tech,$,1.22168906,1.22168906,1.22168906,1.22168906,1.22168906,1.22168906,1.22168906,1.22168906,1.22168906,1.22168906,1.22168906,
CIMS.CAN.SK.Residential.Dwellings.Dishwashing.Non-machine,Service,SK,Residential,Non-machine,Hot water,fom,,,,constant_tech,$,0.624964554,0.624964554,0.624964554,0.624964554,0.624964554,0.624964554,0.624964554,0.624964554,0.624964554,0.624964554,0.624964554,
CIMS.CAN.SK.Residential.Dwellings.Dishwashing.Non-machine,Service,SK,Residential,Non-machine,Hot water,service_request,,,CIMS.CAN.SK.Residential.Water Heating,annual_tech,GJ,10.6945,10.6945,10.6945,10.6945,10.6945,10.6945,10.6945,10.6945,10.6945,10.6945,10.6945,
CIMS.CAN.SK.Residential.Dwellings.Dishwashing.Non-machine,Service,SK,Residential,Non-machine,How water aerator,technology,,,,,,,,,,,,,,,,,
CIMS.CAN.SK.Residential.Dwellings.Dishwashing.Non-machine,Service,SK,Residential,Non-machine,How water aerator,available,,,,constant_tech,Year,1990,1990,1990,1990,1990,1990,1990,1990,1990,1990,1990,
CIMS.CAN.SK.Residential.Dwellings.Dishwashing.Non-machine,Service,SK,Residential,Non-machine,How water aerator,unavailable,,,,constant_tech,Year,2101,2101,2101,2101,2101,2101,2101,2101,2101,2101,2101,
CIMS.CAN.SK.Residential.Dwellings.Dishwashing.Non-machine,Service,SK,Residential,Non-machine,How water aerator,lifetime,,,,constant_tech,Years,10,10,10,10,10,10,10,10,10,10,10,
CIMS.CAN.SK.Residential.Dwellings.Dishwashing.Non-machine,Service,SK,Residential,Non-machine,How water aerator,market_share_total,,,,annual_tech,%,0.1,,,,,,,,,,,
CIMS.CAN.SK.Residential.Dwellings.Dishwashing.Non-machine,Service,SK,Residential,Non-machine,How water aerator,fcc,,,,constant_tech,$,8.667134438,8.667134438,8.667134438,8.667134438,8.667134438,8.667134438,8.667134438,8.667134438,8.667134438,8.667134438,8.667134438,
CIMS.CAN.SK.Residential.Dwellings.Dishwashing.Non-machine,Service,SK,Residential,Non-machine,How water aerator,fom,,,,constant_tech,$,0.624964554,0.624964554,0.624964554,0.624964554,0.624964554,0.624964554,0.624964554,0.624964554,0.624964554,0.624964554,0.624964554,
CIMS.CAN.SK.Residential.Dwellings.Dishwashing.Non-machine,Service,SK,Residential,Non-machine,How water aerator,service_request,,,CIMS.CAN.SK.Residential.Water Heating,annual_tech,GJ,10.0528,10.0528,10.0528,10.0528,10.0528,10.0528,10.0528,10.0528,10.0528,10.0528,10.0528,
CIMS.CAN.SK.Residential.Dwellings.Clothes Washing,Service,SK,Residential,Clothes Washing,,service_provide,,,,constant_tech,unit,,,,,,,,,,,,
CIMS.CAN.SK.Residential.Dwellings.Clothes Washing,Service,SK,Residential,Clothes Washing,,competition,Tech Compete,,,,,,,,,,,,,,,,
CIMS.CAN.SK.Residential.Dwellings.Clothes Washing,Service,SK,Residential,Clothes Washing,,discount_rate_financial,,,,constant_tech,%,0.3,0.3,0.3,0.3,0.3,0.3,0.3,0.3,0.3,0.3,0.3,
CIMS.CAN.SK.Residential.Dwellings.Clothes Washing,Service,SK,Residential,Clothes Washing,,discount_rate_retrofit,,,,constant_tech,%,0.65,0.65,0.65,0.65,0.65,0.65,0.65,0.65,0.65,0.65,0.65,
CIMS.CAN.SK.Residential.Dwellings.Clothes Washing,Service,SK,Residential,Clothes Washing,,heterogeneity,,,,constant_tech,,10,10,10,10,10,10,10,10,10,10,10,
CIMS.CAN.SK.Residential.Dwellings.Clothes Washing,Service,SK,Residential,Clothes Washing,Existing,technology,,,,,,,,,,,,,,,,,
CIMS.CAN.SK.Residential.Dwellings.Clothes Washing,Service,SK,Residential,Clothes Washing,Existing,available,,,,constant_tech,Year,1980,1980,1980,1980,1980,1980,1980,1980,1980,1980,1980,
CIMS.CAN.SK.Residential.Dwellings.Clothes Washing,Service,SK,Residential,Clothes Washing,Existing,unavailable,,,,constant_tech,Year,2001,2001,2001,2001,2001,2001,2001,2001,2001,2001,2001,
CIMS.CAN.SK.Residential.Dwellings.Clothes Washing,Service,SK,Residential,Clothes Washing,Existing,lifetime,,,,constant_tech,Years,14,14,14,14,14,14,14,14,14,14,14,
CIMS.CAN.SK.Residential.Dwellings.Clothes Washing,Service,SK,Residential,Clothes Washing,Existing,market_share_total,,,,annual_tech,%,1,,,,,,,,,,,
CIMS.CAN.SK.Residential.Dwellings.Clothes Washing,Service,SK,Residential,Clothes Washing,Existing,fcc,,,,constant_tech,$,670.1496679,670.1496679,670.1496679,670.1496679,670.1496679,670.1496679,670.1496679,670.1496679,670.1496679,670.1496679,670.1496679,
CIMS.CAN.SK.Residential.Dwellings.Clothes Washing,Service,SK,Residential,Clothes Washing,Existing,fom,,,,constant_tech,$,9.999432865,9.999432865,9.999432865,9.999432865,9.999432865,9.999432865,9.999432865,9.999432865,9.999432865,9.999432865,9.999432865,
CIMS.CAN.SK.Residential.Dwellings.Clothes Washing,Service,SK,Residential,Clothes Washing,Existing,service_request,,,CIMS.CAN.SK.Electricity,annual_tech,GJ,0.335,0.335,0.335,0.335,0.335,0.335,0.335,0.335,0.335,0.335,0.335,
CIMS.CAN.SK.Residential.Dwellings.Clothes Washing,Service,SK,Residential,Clothes Washing,Existing,service_request,,,CIMS.CAN.SK.Residential.Water Heating,annual_tech,GJ,19.8567,19.8567,19.8567,19.8567,19.8567,19.8567,19.8567,19.8567,19.8567,19.8567,19.8567,
CIMS.CAN.SK.Residential.Dwellings.Clothes Washing,Service,SK,Residential,Clothes Washing,Existing,service_request,,,CIMS.CAN.SK.Residential.Clothes Drying,annual_tech,GJ,327.6,327.6,327.6,327.6,327.6,327.6,327.6,327.6,327.6,327.6,327.6,
CIMS.CAN.SK.Residential.Dwellings.Clothes Washing,Service,SK,Residential,Clothes Washing,Std,technology,,,,,,,,,,,,,,,,,
CIMS.CAN.SK.Residential.Dwellings.Clothes Washing,Service,SK,Residential,Clothes Washing,Std,available,,,,constant_tech,Year,2000,2000,2000,2000,2000,2000,2000,2000,2000,2000,2000,
CIMS.CAN.SK.Residential.Dwellings.Clothes Washing,Service,SK,Residential,Clothes Washing,Std,unavailable,,,,constant_tech,Year,2101,2101,2101,2101,2101,2101,2101,2101,2101,2101,2101,
CIMS.CAN.SK.Residential.Dwellings.Clothes Washing,Service,SK,Residential,Clothes Washing,Std,lifetime,,,,constant_tech,Years,14,14,14,14,14,14,14,14,14,14,14,
CIMS.CAN.SK.Residential.Dwellings.Clothes Washing,Service,SK,Residential,Clothes Washing,Std,market_share_total,,,,annual_tech,%,0,,,,,,,,,,,
CIMS.CAN.SK.Residential.Dwellings.Clothes Washing,Service,SK,Residential,Clothes Washing,Std,fcc,,,,constant_tech,$,861.0617714,861.0617714,861.0617714,861.0617714,861.0617714,861.0617714,861.0617714,861.0617714,861.0617714,861.0617714,861.0617714,
CIMS.CAN.SK.Residential.Dwellings.Clothes Washing,Service,SK,Residential,Clothes Washing,Std,fom,,,,constant_tech,$,9.999432865,9.999432865,9.999432865,9.999432865,9.999432865,9.999432865,9.999432865,9.999432865,9.999432865,9.999432865,9.999432865,
CIMS.CAN.SK.Residential.Dwellings.Clothes Washing,Service,SK,Residential,Clothes Washing,Std,service_request,,,CIMS.CAN.SK.Electricity,annual_tech,GJ,0.265,0.265,0.265,0.265,0.265,0.265,0.265,0.265,0.265,0.265,0.265,
CIMS.CAN.SK.Residential.Dwellings.Clothes Washing,Service,SK,Residential,Clothes Washing,Std,service_request,,,CIMS.CAN.SK.Residential.Water Heating,annual_tech,GJ,5.2928,5.2928,5.2928,5.2928,5.2928,5.2928,5.2928,5.2928,5.2928,5.2928,5.2928,
CIMS.CAN.SK.Residential.Dwellings.Clothes Washing,Service,SK,Residential,Clothes Washing,Std,service_request,,,CIMS.CAN.SK.Residential.Clothes Drying,annual_tech,GJ,307.94,307.94,307.94,307.94,307.94,307.94,307.94,307.94,307.94,307.94,307.94,
CIMS.CAN.SK.Residential.Dwellings.Clothes Washing,Service,SK,Residential,Clothes Washing,High Efficiency,technology,,,,,,,,,,,,,,,,,
CIMS.CAN.SK.Residential.Dwellings.Clothes Washing,Service,SK,Residential,Clothes Washing,High Efficiency,available,,,,constant_tech,Year,2000,2000,2000,2000,2000,2000,2000,2000,2000,2000,2000,
CIMS.CAN.SK.Residential.Dwellings.Clothes Washing,Service,SK,Residential,Clothes Washing,High Efficiency,unavailable,,,,constant_tech,Year,2101,2101,2101,2101,2101,2101,2101,2101,2101,2101,2101,
CIMS.CAN.SK.Residential.Dwellings.Clothes Washing,Service,SK,Residential,Clothes Washing,High Efficiency,lifetime,,,,constant_tech,Years,14,14,14,14,14,14,14,14,14,14,14,
CIMS.CAN.SK.Residential.Dwellings.Clothes Washing,Service,SK,Residential,Clothes Washing,High Efficiency,market_share_total,,,,annual_tech,%,0,,,,,,,,,,,
CIMS.CAN.SK.Residential.Dwellings.Clothes Washing,Service,SK,Residential,Clothes Washing,High Efficiency,fcc,,,,constant_tech,$,1059.216899,1059.216899,1059.216899,1059.216899,1059.216899,1059.216899,1059.216899,1059.216899,1059.216899,1059.216899,1059.216899,
CIMS.CAN.SK.Residential.Dwellings.Clothes Washing,Service,SK,Residential,Clothes Washing,High Efficiency,fom,,,,constant_tech,$,9.999432865,9.999432865,9.999432865,9.999432865,9.999432865,9.999432865,9.999432865,9.999432865,9.999432865,9.999432865,9.999432865,
CIMS.CAN.SK.Residential.Dwellings.Clothes Washing,Service,SK,Residential,Clothes Washing,High Efficiency,service_request,,,CIMS.CAN.SK.Electricity,annual_tech,GJ,0.186,0.186,0.186,0.186,0.186,0.186,0.186,0.186,0.186,0.186,0.186,
CIMS.CAN.SK.Residential.Dwellings.Clothes Washing,Service,SK,Residential,Clothes Washing,High Efficiency,service_request,,,CIMS.CAN.SK.Residential.Water Heating,annual_tech,GJ,3.42,3.42,3.42,3.42,3.42,3.42,3.42,3.42,3.42,3.42,3.42,
CIMS.CAN.SK.Residential.Dwellings.Clothes Washing,Service,SK,Residential,Clothes Washing,High Efficiency,service_request,,,CIMS.CAN.SK.Residential.Clothes Drying,annual_tech,GJ,307.94,307.94,307.94,307.94,307.94,307.94,307.94,307.94,307.94,307.94,307.94,
CIMS.CAN.SK.Residential.Dwellings.Clothes Washing,Service,SK,Residential,Clothes Washing,Steam,technology,,,,,,,,,,,,,,,,,
CIMS.CAN.SK.Residential.Dwellings.Clothes Washing,Service,SK,Residential,Clothes Washing,Steam,available,,,,constant_tech,Year,2000,2000,2000,2000,2000,2000,2000,2000,2000,2000,2000,
CIMS.CAN.SK.Residential.Dwellings.Clothes Washing,Service,SK,Residential,Clothes Washing,Steam,unavailable,,,,constant_tech,Year,2101,2101,2101,2101,2101,2101,2101,2101,2101,2101,2101,
CIMS.CAN.SK.Residential.Dwellings.Clothes Washing,Service,SK,Residential,Clothes Washing,Steam,lifetime,,,,constant_tech,Years,14,14,14,14,14,14,14,14,14,14,14,
CIMS.CAN.SK.Residential.Dwellings.Clothes Washing,Service,SK,Residential,Clothes Washing,Steam,market_share_total,,,,annual_tech,%,0,,,,,,,,,,,
CIMS.CAN.SK.Residential.Dwellings.Clothes Washing,Service,SK,Residential,Clothes Washing,Steam,fcc,,,,constant_tech,$,2443.378119,2443.378119,2443.378119,2443.378119,2443.378119,2443.378119,2443.378119,2443.378119,2443.378119,2443.378119,2443.378119,
CIMS.CAN.SK.Residential.Dwellings.Clothes Washing,Service,SK,Residential,Clothes Washing,Steam,fom,,,,constant_tech,$,9.999432865,9.999432865,9.999432865,9.999432865,9.999432865,9.999432865,9.999432865,9.999432865,9.999432865,9.999432865,9.999432865,
CIMS.CAN.SK.Residential.Dwellings.Clothes Washing,Service,SK,Residential,Clothes Washing,Steam,service_request,,,CIMS.CAN.SK.Electricity,annual_tech,GJ,0.084269,0.084269,0.084269,0.084269,0.084269,0.084269,0.084269,0.084269,0.084269,0.084269,0.084269,
CIMS.CAN.SK.Residential.Dwellings.Clothes Washing,Service,SK,Residential,Clothes Washing,Steam,service_request,,,CIMS.CAN.SK.Residential.Water Heating,annual_tech,GJ,2.05,2.05,2.05,2.05,2.05,2.05,2.05,2.05,2.05,2.05,2.05,
CIMS.CAN.SK.Residential.Dwellings.Clothes Washing,Service,SK,Residential,Clothes Washing,Steam,service_request,,,CIMS.CAN.SK.Residential.Clothes Drying,annual_tech,GJ,163.8,163.8,163.8,163.8,163.8,163.8,163.8,163.8,163.8,163.8,163.8,
CIMS.CAN.SK.Residential.Dwellings.Minor Appliances,Service,SK,Residential,Minor Appliances,,service_provide,,,,constant_tech,unit,,,,,,,,,,,,
CIMS.CAN.SK.Residential.Dwellings.Minor Appliances,Service,SK,Residential,Minor Appliances,,competition,Tech Compete,,,,,,,,,,,,,,,,
CIMS.CAN.SK.Residential.Dwellings.Minor Appliances,Service,SK,Residential,Minor Appliances,,discount_rate_financial,,,,constant_tech,%,0.3,0.3,0.3,0.3,0.3,0.3,0.3,0.3,0.3,0.3,0.3,
CIMS.CAN.SK.Residential.Dwellings.Minor Appliances,Service,SK,Residential,Minor Appliances,,discount_rate_retrofit,,,,constant_tech,%,0.65,0.65,0.65,0.65,0.65,0.65,0.65,0.65,0.65,0.65,0.65,
CIMS.CAN.SK.Residential.Dwellings.Minor Appliances,Service,SK,Residential,Minor Appliances,,heterogeneity,,,,constant_tech,,10,10,10,10,10,10,10,10,10,10,10,
CIMS.CAN.SK.Residential.Dwellings.Minor Appliances,Service,SK,Residential,Minor Appliances,Existing,technology,,,,,,,,,,,,,,,,,
CIMS.CAN.SK.Residential.Dwellings.Minor Appliances,Service,SK,Residential,Minor Appliances,Existing,available,,,,constant_tech,Year,2000,2000,2000,2000,2000,2000,2000,2000,2000,2000,2000,
CIMS.CAN.SK.Residential.Dwellings.Minor Appliances,Service,SK,Residential,Minor Appliances,Existing,unavailable,,,,constant_tech,Year,2001,2001,2001,2001,2001,2001,2001,2001,2001,2001,2001,
CIMS.CAN.SK.Residential.Dwellings.Minor Appliances,Service,SK,Residential,Minor Appliances,Existing,lifetime,,,,constant_tech,Years,20,20,20,20,20,20,20,20,20,20,20,
CIMS.CAN.SK.Residential.Dwellings.Minor Appliances,Service,SK,Residential,Minor Appliances,Existing,market_share_total,,,,annual_tech,%,1,,,,,,,,,,,
CIMS.CAN.SK.Residential.Dwellings.Minor Appliances,Service,SK,Residential,Minor Appliances,Existing,fcc,,,,constant_tech,$,3318.45543,3318.45543,3318.45543,3318.45543,3318.45543,3318.45543,3318.45543,3318.45543,3318.45543,3318.45543,3318.45543,
CIMS.CAN.SK.Residential.Dwellings.Minor Appliances,Service,SK,Residential,Minor Appliances,Existing,fom,,,,constant_tech,$,31.2482277,31.2482277,31.2482277,31.2482277,31.2482277,31.2482277,31.2482277,31.2482277,31.2482277,31.2482277,31.2482277,
CIMS.CAN.SK.Residential.Dwellings.Minor Appliances,Service,SK,Residential,Minor Appliances,Existing,service_request,,,CIMS.CAN.SK.Electricity,annual_tech,GJ,5.044338336,5.044338336,5.044338336,5.044338336,5.044338336,5.044338336,5.044338336,5.044338336,5.044338336,5.044338336,5.044338336,
CIMS.CAN.SK.Residential.Dwellings.Minor Appliances,Service,SK,Residential,Minor Appliances,New,technology,,,,,,,,,,,,,,,,,
CIMS.CAN.SK.Residential.Dwellings.Minor Appliances,Service,SK,Residential,Minor Appliances,New,available,,,,constant_tech,Year,2000,2000,2000,2000,2000,2000,2000,2000,2000,2000,2000,
CIMS.CAN.SK.Residential.Dwellings.Minor Appliances,Service,SK,Residential,Minor Appliances,New,unavailable,,,,constant_tech,Year,2101,2101,2101,2101,2101,2101,2101,2101,2101,2101,2101,
CIMS.CAN.SK.Residential.Dwellings.Minor Appliances,Service,SK,Residential,Minor Appliances,New,lifetime,,,,constant_tech,Years,20,20,20,20,20,20,20,20,20,20,20,
CIMS.CAN.SK.Residential.Dwellings.Minor Appliances,Service,SK,Residential,Minor Appliances,New,market_share_total,,,,annual_tech,%,0,,,,,,,,,,,
CIMS.CAN.SK.Residential.Dwellings.Minor Appliances,Service,SK,Residential,Minor Appliances,New,fcc,,,,constant_tech,$,4977.683145,4977.683145,4977.683145,4977.683145,4977.683145,4977.683145,4977.683145,4977.683145,4977.683145,4977.683145,4977.683145,
CIMS.CAN.SK.Residential.Dwellings.Minor Appliances,Service,SK,Residential,Minor Appliances,New,fom,,,,constant_tech,$,31.2482277,31.2482277,31.2482277,31.2482277,31.2482277,31.2482277,31.2482277,31.2482277,31.2482277,31.2482277,31.2482277,
CIMS.CAN.SK.Residential.Dwellings.Minor Appliances,Service,SK,Residential,Minor Appliances,New,service_request,,,CIMS.CAN.SK.Electricity,annual_tech,GJ,7.566507503,7.566507503,7.566507503,7.566507503,7.566507503,7.566507503,7.566507503,7.566507503,7.566507503,7.566507503,7.566507503,
CIMS.CAN.SK.Residential.Dwellings.Minor Appliances,Service,SK,Residential,Minor Appliances,New 1W standby,technology,,,,,,,,,,,,,,,,,
CIMS.CAN.SK.Residential.Dwellings.Minor Appliances,Service,SK,Residential,Minor Appliances,New 1W standby,available,,,,constant_tech,Year,2010,2010,2010,2010,2010,2010,2010,2010,2010,2010,2010,
CIMS.CAN.SK.Residential.Dwellings.Minor Appliances,Service,SK,Residential,Minor Appliances,New 1W standby,unavailable,,,,constant_tech,Year,2101,2101,2101,2101,2101,2101,2101,2101,2101,2101,2101,
CIMS.CAN.SK.Residential.Dwellings.Minor Appliances,Service,SK,Residential,Minor Appliances,New 1W standby,lifetime,,,,constant_tech,Years,20,20,20,20,20,20,20,20,20,20,20,
CIMS.CAN.SK.Residential.Dwellings.Minor Appliances,Service,SK,Residential,Minor Appliances,New 1W standby,market_share_total,,,,annual_tech,%,0,,,,,,,,,,,
CIMS.CAN.SK.Residential.Dwellings.Minor Appliances,Service,SK,Residential,Minor Appliances,New 1W standby,fcc,,,,constant_tech,$,5022.644649,5022.644649,5022.644649,5022.644649,5022.644649,5022.644649,5022.644649,5022.644649,5022.644649,5022.644649,5022.644649,
CIMS.CAN.SK.Residential.Dwellings.Minor Appliances,Service,SK,Residential,Minor Appliances,New 1W standby,fom,,,,constant_tech,$,31.2482277,31.2482277,31.2482277,31.2482277,31.2482277,31.2482277,31.2482277,31.2482277,31.2482277,31.2482277,31.2482277,
CIMS.CAN.SK.Residential.Dwellings.Minor Appliances,Service,SK,Residential,Minor Appliances,New 1W standby,service_request,,,CIMS.CAN.SK.Electricity,annual_tech,GJ,6.612507503,6.612507503,6.612507503,6.612507503,6.612507503,6.612507503,6.612507503,6.612507503,6.612507503,6.612507503,6.612507503,
CIMS.CAN.SK.Residential.Dwellings.Minor Appliances,Service,SK,Residential,Minor Appliances,New PV panels,technology,,,,,,,,,,,,,,,,,
CIMS.CAN.SK.Residential.Dwellings.Minor Appliances,Service,SK,Residential,Minor Appliances,New PV panels,available,,,,constant_tech,Year,2020,2020,2020,2020,2020,2020,2020,2020,2020,2020,2020,
CIMS.CAN.SK.Residential.Dwellings.Minor Appliances,Service,SK,Residential,Minor Appliances,New PV panels,unavailable,,,,constant_tech,Year,2101,2101,2101,2101,2101,2101,2101,2101,2101,2101,2101,
CIMS.CAN.SK.Residential.Dwellings.Minor Appliances,Service,SK,Residential,Minor Appliances,New PV panels,lifetime,,,,constant_tech,Years,20,20,20,20,20,20,20,20,20,20,20,
CIMS.CAN.SK.Residential.Dwellings.Minor Appliances,Service,SK,Residential,Minor Appliances,New PV panels,market_share_total,,,,annual_tech,%,0,,,,,,,,,,,
CIMS.CAN.SK.Residential.Dwellings.Minor Appliances,Service,SK,Residential,Minor Appliances,New PV panels,fcc,,,,constant_tech,$,22981.47382,22981.47382,22981.47382,22981.47382,22981.47382,22981.47382,22981.47382,22981.47382,22981.47382,22981.47382,22981.47382,
CIMS.CAN.SK.Residential.Dwellings.Minor Appliances,Service,SK,Residential,Minor Appliances,New PV panels,fom,,,,constant_tech,$,31.2482277,31.2482277,31.2482277,31.2482277,31.2482277,31.2482277,31.2482277,31.2482277,31.2482277,31.2482277,31.2482277,
CIMS.CAN.SK.Residential.Dwellings.Minor Appliances,Service,SK,Residential,Minor Appliances,New PV panels,service_request,,,CIMS.CAN.SK.Electricity,annual_tech,GJ,-4.28901148,-4.28901148,-4.28901148,-4.28901148,-4.28901148,-4.28901148,-4.28901148,-4.28901148,-4.28901148,-4.28901148,-4.28901148,
CIMS.CAN.SK.Residential.Dwellings.Non-appliance Hot Water,Service,SK,Residential,Non-appliance Hot Water,,service_provide,,,,constant_tech,unit,,,,,,,,,,,,
CIMS.CAN.SK.Residential.Dwellings.Non-appliance Hot Water,Service,SK,Residential,Non-appliance Hot Water,,competition,Tech Compete,,,,,,,,,,,,,,,,
CIMS.CAN.SK.Residential.Dwellings.Non-appliance Hot Water,Service,SK,Residential,Non-appliance Hot Water,,discount_rate_financial,,,,constant_tech,%,0.3,0.3,0.3,0.3,0.3,0.3,0.3,0.3,0.3,0.3,0.3,
CIMS.CAN.SK.Residential.Dwellings.Non-appliance Hot Water,Service,SK,Residential,Non-appliance Hot Water,,discount_rate_retrofit,,,,constant_tech,%,0.65,0.65,0.65,0.65,0.65,0.65,0.65,0.65,0.65,0.65,0.65,
CIMS.CAN.SK.Residential.Dwellings.Non-appliance Hot Water,Service,SK,Residential,Non-appliance Hot Water,,heterogeneity,,,,constant_tech,,10,10,10,10,10,10,10,10,10,10,10,
CIMS.CAN.SK.Residential.Dwellings.Non-appliance Hot Water,Service,SK,Residential,Non-appliance Hot Water,Std use,technology,,,,,,,,,,,,,,,,,
CIMS.CAN.SK.Residential.Dwellings.Non-appliance Hot Water,Service,SK,Residential,Non-appliance Hot Water,Std use,available,,,,constant_tech,Year,1990,1990,1990,1990,1990,1990,1990,1990,1990,1990,1990,
CIMS.CAN.SK.Residential.Dwellings.Non-appliance Hot Water,Service,SK,Residential,Non-appliance Hot Water,Std use,unavailable,,,,constant_tech,Year,2001,2001,2001,2001,2001,2001,2001,2001,2001,2001,2001,
CIMS.CAN.SK.Residential.Dwellings.Non-appliance Hot Water,Service,SK,Residential,Non-appliance Hot Water,Std use,lifetime,,,,constant_tech,Years,10,10,10,10,10,10,10,10,10,10,10,
CIMS.CAN.SK.Residential.Dwellings.Non-appliance Hot Water,Service,SK,Residential,Non-appliance Hot Water,Std use,market_share_total,,,,annual_tech,%,0.7,,,,,,,,,,,
CIMS.CAN.SK.Residential.Dwellings.Non-appliance Hot Water,Service,SK,Residential,Non-appliance Hot Water,Std use,fcc,,,,constant_tech,$,10.95937842,10.95937842,10.95937842,10.95937842,10.95937842,10.95937842,10.95937842,10.95937842,10.95937842,10.95937842,10.95937842,
CIMS.CAN.SK.Residential.Dwellings.Non-appliance Hot Water,Service,SK,Residential,Non-appliance Hot Water,Std use,fom,,,,constant_tech,$,0.624964554,0.624964554,0.624964554,0.624964554,0.624964554,0.624964554,0.624964554,0.624964554,0.624964554,0.624964554,0.624964554,
CIMS.CAN.SK.Residential.Dwellings.Non-appliance Hot Water,Service,SK,Residential,Non-appliance Hot Water,Std use,service_request,,,CIMS.CAN.SK.Residential.Water Heating,annual_tech,GJ,41.172,41.172,41.172,41.172,41.172,41.172,41.172,41.172,41.172,41.172,41.172,
CIMS.CAN.SK.Residential.Dwellings.Non-appliance Hot Water,Service,SK,Residential,Non-appliance Hot Water,Low flow devices,technology,,,,,,,,,,,,,,,,,
CIMS.CAN.SK.Residential.Dwellings.Non-appliance Hot Water,Service,SK,Residential,Non-appliance Hot Water,Low flow devices,available,,,,constant_tech,Year,1990,1990,1990,1990,1990,1990,1990,1990,1990,1990,1990,
CIMS.CAN.SK.Residential.Dwellings.Non-appliance Hot Water,Service,SK,Residential,Non-appliance Hot Water,Low flow devices,unavailable,,,,constant_tech,Year,2101,2101,2101,2101,2101,2101,2101,2101,2101,2101,2101,
CIMS.CAN.SK.Residential.Dwellings.Non-appliance Hot Water,Service,SK,Residential,Non-appliance Hot Water,Low flow devices,lifetime,,,,constant_tech,Years,10,10,10,10,10,10,10,10,10,10,10,
CIMS.CAN.SK.Residential.Dwellings.Non-appliance Hot Water,Service,SK,Residential,Non-appliance Hot Water,Low flow devices,market_share_total,,,,annual_tech,%,0.3,,,,,,,,,,,
CIMS.CAN.SK.Residential.Dwellings.Non-appliance Hot Water,Service,SK,Residential,Non-appliance Hot Water,Low flow devices,fcc,,,,constant_tech,$,22.46470588,22.46470588,22.46470588,22.46470588,22.46470588,22.46470588,22.46470588,22.46470588,22.46470588,22.46470588,22.46470588,
CIMS.CAN.SK.Residential.Dwellings.Non-appliance Hot Water,Service,SK,Residential,Non-appliance Hot Water,Low flow devices,fom,,,,constant_tech,$,0.624964554,0.624964554,0.624964554,0.624964554,0.624964554,0.624964554,0.624964554,0.624964554,0.624964554,0.624964554,0.624964554,
CIMS.CAN.SK.Residential.Dwellings.Non-appliance Hot Water,Service,SK,Residential,Non-appliance Hot Water,Low flow devices,service_request,,,CIMS.CAN.SK.Residential.Water Heating,annual_tech,GJ,34.6,34.6,34.6,34.6,34.6,34.6,34.6,34.6,34.6,34.6,34.6,
CIMS.CAN.SK.Residential.Clothes Drying,Service,SK,Residential,Clothes Drying,,service_provide,,,,constant_tech,GJ,,,,,,,,,,,,
CIMS.CAN.SK.Residential.Clothes Drying,Service,SK,Residential,Clothes Drying,,competition,Fixed Ratio,,,,,,,,,,,,,,,,
CIMS.CAN.SK.Residential.Clothes Drying,Service,SK,Residential,Clothes Drying,,service_request,,,CIMS.CAN.SK.Residential.Clothes Drying.Machine,annual_tech,GJ,0.77,0.8,0.83,0.84,0.85,0.85,0.85,0.85,0.85,0.85,0.85,
CIMS.CAN.SK.Residential.Clothes Drying,Service,SK,Residential,Clothes Drying,,service_request,,,CIMS.CAN.SK.Residential.Clothes Drying.Air dry,annual_tech,GJ,0.23,0.2,0.17,0.16,0.15,0.15,0.15,0.15,0.15,0.15,0.15,
CIMS.CAN.SK.Residential.Clothes Drying.Machine,Service,SK,Residential,Machine,,service_provide,,,,constant_tech,GJ,,,,,,,,,,,,
CIMS.CAN.SK.Residential.Clothes Drying.Machine,Service,SK,Residential,Machine,,competition,Tech Compete,,,,,,,,,,,,,,,,
CIMS.CAN.SK.Residential.Clothes Drying.Machine,Service,SK,Residential,Machine,,discount_rate_financial,,,,constant_tech,%,0.3,0.3,0.3,0.3,0.3,0.3,0.3,0.3,0.3,0.3,0.3,
CIMS.CAN.SK.Residential.Clothes Drying.Machine,Service,SK,Residential,Machine,,discount_rate_retrofit,,,,constant_tech,%,0.65,0.65,0.65,0.65,0.65,0.65,0.65,0.65,0.65,0.65,0.65,
CIMS.CAN.SK.Residential.Clothes Drying.Machine,Service,SK,Residential,Machine,,heterogeneity,,,,constant_tech,,10,10,10,10,10,10,10,10,10,10,10,
CIMS.CAN.SK.Residential.Clothes Drying.Machine,Service,SK,Residential,Machine,Electric existing,technology,,,,,,,,,,,,,,,,,
CIMS.CAN.SK.Residential.Clothes Drying.Machine,Service,SK,Residential,Machine,Electric existing,available,,,,constant_tech,Year,1988,1988,1988,1988,1988,1988,1988,1988,1988,1988,1988,
CIMS.CAN.SK.Residential.Clothes Drying.Machine,Service,SK,Residential,Machine,Electric existing,unavailable,,,,constant_tech,Year,2001,2001,2001,2001,2001,2001,2001,2001,2001,2001,2001,
CIMS.CAN.SK.Residential.Clothes Drying.Machine,Service,SK,Residential,Machine,Electric existing,lifetime,,,,constant_tech,Years,18,18,18,18,18,18,18,18,18,18,18,
CIMS.CAN.SK.Residential.Clothes Drying.Machine,Service,SK,Residential,Machine,Electric existing,market_share_total,,,,annual_tech,%,0.98,,,,,,,,,,,
CIMS.CAN.SK.Residential.Clothes Drying.Machine,Service,SK,Residential,Machine,Electric existing,output,,,,constant_tech,node unit,327.6,327.6,327.6,327.6,327.6,327.6,327.6,327.6,327.6,327.6,327.6,
CIMS.CAN.SK.Residential.Clothes Drying.Machine,Service,SK,Residential,Machine,Electric existing,fcc,,,,constant_tech,$,473.102285,473.102285,473.102285,473.102285,473.102285,473.102285,473.102285,473.102285,473.102285,473.102285,473.102285,
CIMS.CAN.SK.Residential.Clothes Drying.Machine,Service,SK,Residential,Machine,Electric existing,fom,,,,constant_tech,$,11.24936197,11.24936197,11.24936197,11.24936197,11.24936197,11.24936197,11.24936197,11.24936197,11.24936197,11.24936197,11.24936197,
CIMS.CAN.SK.Residential.Clothes Drying.Machine,Service,SK,Residential,Machine,Electric existing,service_request,,,CIMS.CAN.SK.Electricity,annual_tech,GJ,0.01545885,0.01545885,0.01545885,0.01545885,0.01545885,0.01545885,0.01545885,0.01545885,0.01545885,0.01545885,0.01545885,
CIMS.CAN.SK.Residential.Clothes Drying.Machine,Service,SK,Residential,Machine,Electric Std,technology,,,,,,,,,,,,,,,,,
CIMS.CAN.SK.Residential.Clothes Drying.Machine,Service,SK,Residential,Machine,Electric Std,available,,,,constant_tech,Year,1988,1988,1988,1988,1988,1988,1988,1988,1988,1988,1988,
CIMS.CAN.SK.Residential.Clothes Drying.Machine,Service,SK,Residential,Machine,Electric Std,unavailable,,,,constant_tech,Year,2101,2101,2101,2101,2101,2101,2101,2101,2101,2101,2101,
CIMS.CAN.SK.Residential.Clothes Drying.Machine,Service,SK,Residential,Machine,Electric Std,lifetime,,,,constant_tech,Years,18,18,18,18,18,18,18,18,18,18,18,
CIMS.CAN.SK.Residential.Clothes Drying.Machine,Service,SK,Residential,Machine,Electric Std,market_share_total,,,,annual_tech,%,0,,,,,,,,,,,
CIMS.CAN.SK.Residential.Clothes Drying.Machine,Service,SK,Residential,Machine,Electric Std,output,,,,constant_tech,node unit,327.6,327.6,327.6,327.6,327.6,327.6,327.6,327.6,327.6,327.6,327.6,
CIMS.CAN.SK.Residential.Clothes Drying.Machine,Service,SK,Residential,Machine,Electric Std,fcc,,,,constant_tech,$,473.102285,473.102285,473.102285,473.102285,473.102285,473.102285,473.102285,473.102285,473.102285,473.102285,473.102285,
CIMS.CAN.SK.Residential.Clothes Drying.Machine,Service,SK,Residential,Machine,Electric Std,fom,,,,constant_tech,$,11.24936197,11.24936197,11.24936197,11.24936197,11.24936197,11.24936197,11.24936197,11.24936197,11.24936197,11.24936197,11.24936197,
CIMS.CAN.SK.Residential.Clothes Drying.Machine,Service,SK,Residential,Machine,Electric Std,service_request,,,CIMS.CAN.SK.Electricity,annual_tech,GJ,0.0135,0.0135,0.0135,0.0135,0.0135,0.0135,0.0135,0.0135,0.0135,0.0135,0.0135,
CIMS.CAN.SK.Residential.Clothes Drying.Machine,Service,SK,Residential,Machine,Electric heat pump,technology,,,,,,,,,,,,,,,,,
CIMS.CAN.SK.Residential.Clothes Drying.Machine,Service,SK,Residential,Machine,Electric heat pump,available,,,,constant_tech,Year,2000,2000,2000,2000,2000,2000,2000,2000,2000,2000,2000,
CIMS.CAN.SK.Residential.Clothes Drying.Machine,Service,SK,Residential,Machine,Electric heat pump,unavailable,,,,constant_tech,Year,2101,2101,2101,2101,2101,2101,2101,2101,2101,2101,2101,
CIMS.CAN.SK.Residential.Clothes Drying.Machine,Service,SK,Residential,Machine,Electric heat pump,lifetime,,,,constant_tech,Years,18,18,18,18,18,18,18,18,18,18,18,
CIMS.CAN.SK.Residential.Clothes Drying.Machine,Service,SK,Residential,Machine,Electric heat pump,market_share_total,,,,annual_tech,%,0,,,,,,,,,,,
CIMS.CAN.SK.Residential.Clothes Drying.Machine,Service,SK,Residential,Machine,Electric heat pump,output,,,,constant_tech,node unit,327.6,327.6,327.6,327.6,327.6,327.6,327.6,327.6,327.6,327.6,327.6,
CIMS.CAN.SK.Residential.Clothes Drying.Machine,Service,SK,Residential,Machine,Electric heat pump,fcc,,,,constant_tech,$,839.6668906,839.6668906,839.6668906,839.6668906,839.6668906,839.6668906,839.6668906,839.6668906,839.6668906,839.6668906,839.6668906,
CIMS.CAN.SK.Residential.Clothes Drying.Machine,Service,SK,Residential,Machine,Electric heat pump,fom,,,,constant_tech,$,11.24936197,11.24936197,11.24936197,11.24936197,11.24936197,11.24936197,11.24936197,11.24936197,11.24936197,11.24936197,11.24936197,
CIMS.CAN.SK.Residential.Clothes Drying.Machine,Service,SK,Residential,Machine,Electric heat pump,service_request,,,CIMS.CAN.SK.Electricity,annual_tech,GJ,0.0054,0.0054,0.0054,0.0054,0.0054,0.0054,0.0054,0.0054,0.0054,0.0054,0.0054,
CIMS.CAN.SK.Residential.Clothes Drying.Machine,Service,SK,Residential,Machine,NG existing,technology,,,,,,,,,,,,,,,,,
CIMS.CAN.SK.Residential.Clothes Drying.Machine,Service,SK,Residential,Machine,NG existing,available,,,,constant_tech,Year,1988,1988,1988,1988,1988,1988,1988,1988,1988,1988,1988,
CIMS.CAN.SK.Residential.Clothes Drying.Machine,Service,SK,Residential,Machine,NG existing,unavailable,,,,constant_tech,Year,2001,2001,2001,2001,2001,2001,2001,2001,2001,2001,2001,
CIMS.CAN.SK.Residential.Clothes Drying.Machine,Service,SK,Residential,Machine,NG existing,lifetime,,,,constant_tech,Years,18,18,18,18,18,18,18,18,18,18,18,
CIMS.CAN.SK.Residential.Clothes Drying.Machine,Service,SK,Residential,Machine,NG existing,market_share_total,,,,annual_tech,%,0.02,,,,,,,,,,,
CIMS.CAN.SK.Residential.Clothes Drying.Machine,Service,SK,Residential,Machine,NG existing,output,,,,constant_tech,node unit,327.6,327.6,327.6,327.6,327.6,327.6,327.6,327.6,327.6,327.6,327.6,
CIMS.CAN.SK.Residential.Clothes Drying.Machine,Service,SK,Residential,Machine,NG existing,fcc,,,,constant_tech,$,506.2771403,506.2771403,506.2771403,506.2771403,506.2771403,506.2771403,506.2771403,506.2771403,506.2771403,506.2771403,506.2771403,
CIMS.CAN.SK.Residential.Clothes Drying.Machine,Service,SK,Residential,Machine,NG existing,fom,,,,constant_tech,$,11.24936197,11.24936197,11.24936197,11.24936197,11.24936197,11.24936197,11.24936197,11.24936197,11.24936197,11.24936197,11.24936197,
CIMS.CAN.SK.Residential.Clothes Drying.Machine,Service,SK,Residential,Machine,NG existing,service_request,,,CIMS.CAN.SK.Residential.Methane Blend,annual_tech,GJ,0.0139158,0.0139158,0.0139158,0.0139158,0.0139158,0.0139158,0.0139158,0.0139158,0.0139158,0.0139158,0.0139158,
CIMS.CAN.SK.Residential.Clothes Drying.Machine,Service,SK,Residential,Machine,NG Std,technology,,,,,,,,,,,,,,,,,
CIMS.CAN.SK.Residential.Clothes Drying.Machine,Service,SK,Residential,Machine,NG Std,available,,,,constant_tech,Year,1988,1988,1988,1988,1988,1988,1988,1988,1988,1988,1988,
CIMS.CAN.SK.Residential.Clothes Drying.Machine,Service,SK,Residential,Machine,NG Std,unavailable,,,,constant_tech,Year,2101,2101,2101,2101,2101,2101,2101,2101,2101,2101,2101,
CIMS.CAN.SK.Residential.Clothes Drying.Machine,Service,SK,Residential,Machine,NG Std,lifetime,,,,constant_tech,Years,18,18,18,18,18,18,18,18,18,18,18,
CIMS.CAN.SK.Residential.Clothes Drying.Machine,Service,SK,Residential,Machine,NG Std,market_share_total,,,,annual_tech,%,0,,,,,,,,,,,
CIMS.CAN.SK.Residential.Clothes Drying.Machine,Service,SK,Residential,Machine,NG Std,output,,,,constant_tech,node unit,327.6,327.6,327.6,327.6,327.6,327.6,327.6,327.6,327.6,327.6,327.6,
CIMS.CAN.SK.Residential.Clothes Drying.Machine,Service,SK,Residential,Machine,NG Std,fcc,,,,constant_tech,$,506.2771403,506.2771403,506.2771403,506.2771403,506.2771403,506.2771403,506.2771403,506.2771403,506.2771403,506.2771403,506.2771403,
CIMS.CAN.SK.Residential.Clothes Drying.Machine,Service,SK,Residential,Machine,NG Std,fom,,,,constant_tech,$,11.24936197,11.24936197,11.24936197,11.24936197,11.24936197,11.24936197,11.24936197,11.24936197,11.24936197,11.24936197,11.24936197,
CIMS.CAN.SK.Residential.Clothes Drying.Machine,Service,SK,Residential,Machine,NG Std,service_request,,,CIMS.CAN.SK.Residential.Methane Blend,annual_tech,GJ,0.0130545,0.0130545,0.0130545,0.0130545,0.0130545,0.0130545,0.0130545,0.0130545,0.0130545,0.0130545,0.0130545,
CIMS.CAN.SK.Residential.Clothes Drying.Machine,Service,SK,Residential,Machine,NG heat pump,technology,,,,,,,,,,,,,,,,,
CIMS.CAN.SK.Residential.Clothes Drying.Machine,Service,SK,Residential,Machine,NG heat pump,available,,,,constant_tech,Year,2000,2000,2000,2000,2000,2000,2000,2000,2000,2000,2000,
CIMS.CAN.SK.Residential.Clothes Drying.Machine,Service,SK,Residential,Machine,NG heat pump,unavailable,,,,constant_tech,Year,2101,2101,2101,2101,2101,2101,2101,2101,2101,2101,2101,
CIMS.CAN.SK.Residential.Clothes Drying.Machine,Service,SK,Residential,Machine,NG heat pump,lifetime,,,,constant_tech,Years,18,18,18,18,18,18,18,18,18,18,18,
CIMS.CAN.SK.Residential.Clothes Drying.Machine,Service,SK,Residential,Machine,NG heat pump,market_share_total,,,,annual_tech,%,0,,,,,,,,,,,
CIMS.CAN.SK.Residential.Clothes Drying.Machine,Service,SK,Residential,Machine,NG heat pump,output,,,,constant_tech,node unit,327.6,327.6,327.6,327.6,327.6,327.6,327.6,327.6,327.6,327.6,327.6,
CIMS.CAN.SK.Residential.Clothes Drying.Machine,Service,SK,Residential,Machine,NG heat pump,fcc,,,,constant_tech,$,872.7746641,872.7746641,872.7746641,872.7746641,872.7746641,872.7746641,872.7746641,872.7746641,872.7746641,872.7746641,872.7746641,
CIMS.CAN.SK.Residential.Clothes Drying.Machine,Service,SK,Residential,Machine,NG heat pump,fom,,,,constant_tech,$,11.24936197,11.24936197,11.24936197,11.24936197,11.24936197,11.24936197,11.24936197,11.24936197,11.24936197,11.24936197,11.24936197,
CIMS.CAN.SK.Residential.Clothes Drying.Machine,Service,SK,Residential,Machine,NG heat pump,service_request,,,CIMS.CAN.SK.Residential.Methane Blend,annual_tech,GJ,0.0044388,0.0044388,0.0044388,0.0044388,0.0044388,0.0044388,0.0044388,0.0044388,0.0044388,0.0044388,0.0044388,
CIMS.CAN.SK.Residential.Clothes Drying.Air dry,Service,SK,Residential,Air dry,,service_provide,,,,constant_tech,GJ,,,,,,,,,,,,
CIMS.CAN.SK.Residential.Clothes Drying.Air dry,Service,SK,Residential,Air dry,,competition,Tech Compete,,,,,,,,,,,,,,,,
CIMS.CAN.SK.Residential.Clothes Drying.Air dry,Service,SK,Residential,Air dry,,discount_rate_financial,,,,constant_tech,%,0.3,0.3,0.3,0.3,0.3,0.3,0.3,0.3,0.3,0.3,0.3,
CIMS.CAN.SK.Residential.Clothes Drying.Air dry,Service,SK,Residential,Air dry,,heterogeneity,,,,constant_tech,,10,10,10,10,10,10,10,10,10,10,10,
CIMS.CAN.SK.Residential.Clothes Drying.Air dry,Service,SK,Residential,Air dry,Air dry clothes,technology,,,,,,,,,,,,,,,,,
CIMS.CAN.SK.Residential.Clothes Drying.Air dry,Service,SK,Residential,Air dry,Air dry clothes,available,,,,constant_tech,Year,1990,1990,1990,1990,1990,1990,1990,1990,1990,1990,1990,
CIMS.CAN.SK.Residential.Clothes Drying.Air dry,Service,SK,Residential,Air dry,Air dry clothes,unavailable,,,,constant_tech,Year,2101,2101,2101,2101,2101,2101,2101,2101,2101,2101,2101,
CIMS.CAN.SK.Residential.Clothes Drying.Air dry,Service,SK,Residential,Air dry,Air dry clothes,lifetime,,,,constant_tech,Years,5,5,5,5,5,5,5,5,5,5,5,
CIMS.CAN.SK.Residential.Clothes Drying.Air dry,Service,SK,Residential,Air dry,Air dry clothes,market_share_total,,,,annual_tech,%,1,,,,,,,,,,,
CIMS.CAN.SK.Residential.Methane Blend,Service,SK,Residential,Methane Blend,,service_provide,,,,constant_tech,GJ,,,,,,,,,,,,
CIMS.CAN.SK.Residential.Methane Blend,Service,SK,Residential,Methane Blend,,competition,Tech Compete,,,,,,,,,,,,,,,,
CIMS.CAN.SK.Residential.Methane Blend,Service,SK,Residential,Methane Blend,,heterogeneity,,,,constant_tech,,15,15,15,15,15,15,15,15,15,15,15,
CIMS.CAN.SK.Residential.Methane Blend,Service,SK,Residential,Methane Blend,NG,technology,,,,,,,,,,,,,,,,,
CIMS.CAN.SK.Residential.Methane Blend,Service,SK,Residential,Methane Blend,NG,available,,,,constant_tech,Year,1950,1950,1950,1950,1950,1950,1950,1950,1950,1950,1950,
CIMS.CAN.SK.Residential.Methane Blend,Service,SK,Residential,Methane Blend,NG,unavailable,,,,constant_tech,Year,2101,2101,2101,2101,2101,2101,2101,2101,2101,2101,2101,
CIMS.CAN.SK.Residential.Methane Blend,Service,SK,Residential,Methane Blend,NG,lifetime,,,,constant_tech,Years,5,5,5,5,5,5,5,5,5,5,5,
CIMS.CAN.SK.Residential.Methane Blend,Service,SK,Residential,Methane Blend,NG,market_share_total,,,,annual_tech,%,1,,,,,,,,,,,
CIMS.CAN.SK.Residential.Methane Blend,Service,SK,Residential,Methane Blend,NG,service_request,,,CIMS.Generic Fuels.Natural Gas,annual_tech,GJ,1,1,1,1,1,1,1,1,1,1,1,
CIMS.CAN.SK.Residential.Methane Blend,Service,SK,Residential,Methane Blend,Biogas,technology,,,,,,,,,,,,,,,,,
CIMS.CAN.SK.Residential.Methane Blend,Service,SK,Residential,Methane Blend,Biogas,available,,,,constant_tech,Year,2010,2010,2010,2010,2010,2010,2010,2010,2010,2010,2010,
CIMS.CAN.SK.Residential.Methane Blend,Service,SK,Residential,Methane Blend,Biogas,unavailable,,,,constant_tech,Year,2101,2101,2101,2101,2101,2101,2101,2101,2101,2101,2101,
CIMS.CAN.SK.Residential.Methane Blend,Service,SK,Residential,Methane Blend,Biogas,lifetime,,,,constant_tech,Years,5,5,5,5,5,5,5,5,5,5,5,
CIMS.CAN.SK.Residential.Methane Blend,Service,SK,Residential,Methane Blend,Biogas,market_share_total,,,,annual_tech,%,0,,,,,,,,,,,
CIMS.CAN.SK.Residential.Methane Blend,Service,SK,Residential,Methane Blend,Biogas,service_request,,,CIMS.Generic Fuels.Biogas,annual_tech,GJ,1,1,1,1,1,1,1,1,1,1,1,
CIMS.CAN.SK.Residential.Methane Blend,Service,SK,Residential,Methane Blend,Biomass Gasification,technology,,,,,,,,,,,,,,,,,
CIMS.CAN.SK.Residential.Methane Blend,Service,SK,Residential,Methane Blend,Biomass Gasification,available,,,,constant_tech,Year,2030,2030,2030,2030,2030,2030,2030,2030,2030,2030,2030,
CIMS.CAN.SK.Residential.Methane Blend,Service,SK,Residential,Methane Blend,Biomass Gasification,unavailable,,,,constant_tech,Year,2101,2101,2101,2101,2101,2101,2101,2101,2101,2101,2101,
CIMS.CAN.SK.Residential.Methane Blend,Service,SK,Residential,Methane Blend,Biomass Gasification,lifetime,,,,constant_tech,Years,5,5,5,5,5,5,5,5,5,5,5,
CIMS.CAN.SK.Residential.Methane Blend,Service,SK,Residential,Methane Blend,Biomass Gasification,market_share_total,,,,annual_tech,%,0,,,,,,,,,,,
CIMS.CAN.SK.Residential.Methane Blend,Service,SK,Residential,Methane Blend,Biomass Gasification,service_request,,,CIMS.Generic Fuels.Solid Biomass,annual_tech,GJ,1,1,1,1,1,1,1,1,1,1,1,
CIMS.CAN.SK.Residential.Methane Blend,Service,SK,Residential,Methane Blend,H2,technology,,,,,,,,,,,,,,,,,
CIMS.CAN.SK.Residential.Methane Blend,Service,SK,Residential,Methane Blend,H2,available,,,,constant_tech,Year,2025,2025,2025,2025,2025,2025,2025,2025,2025,2025,2025,
CIMS.CAN.SK.Residential.Methane Blend,Service,SK,Residential,Methane Blend,H2,unavailable,,,,constant_tech,Year,2101,2101,2101,2101,2101,2101,2101,2101,2101,2101,2101,
CIMS.CAN.SK.Residential.Methane Blend,Service,SK,Residential,Methane Blend,H2,lifetime,,,,constant_tech,Years,5,5,5,5,5,5,5,5,5,5,5,
CIMS.CAN.SK.Residential.Methane Blend,Service,SK,Residential,Methane Blend,H2,market_share_total,,,,annual_tech,%,0,,,,,,,,,,,
CIMS.CAN.SK.Residential.Methane Blend,Service,SK,Residential,Methane Blend,H2,market_share_new_max,,,,constant_tech,%,0.15,0.15,0.15,0.15,0.15,0.15,0.15,0.15,0.15,0.15,0.15,
CIMS.CAN.SK.Residential.Methane Blend,Service,SK,Residential,Methane Blend,H2,service_request,,,CIMS.CAN.SK.Hydrogen,annual_tech,GJ,1,1,1,1,1,1,1,1,1,1,1,
