,<-- Navigate by typing to search,,,,,,,,,,,,,,,,,,,,,,
Branch,Type,Region,Sector,Service,Technology,Parameter,Context,Sub_Context,Target,Source,Unit,2000,2005,2010,2015,2020,2025,2030,2035,2040,2045,2050,Comments
CIMS.CAN.MB,Region,MB,Residential,,,service_request,,,CIMS.CAN.MB.Residential,annual_region,household,448946,467279,492655,520201,549182,570497.632139109,592640.596881052,615643.005834401,639538.216969109,664360.882992058,690147.001600228,
CIMS.CAN.MB.Residential,Sector,MB,Residential,,,service_provide,,,,constant_tech,household,,,,,,,,,,,,
CIMS.CAN.MB.Residential,Sector,MB,Residential,,,competition,Sector,,,,,,,,,,,,,,,,
CIMS.CAN.MB.Residential,Sector,MB,Residential,,,multiplier_price,,,CIMS.CAN.MB.Biodiesel,JCIMS,,1,1,1,1,1,1,1,1,1,1,1,
CIMS.CAN.MB.Residential,Sector,MB,Residential,,,multiplier_price,,,CIMS.Generic Fuels.Biogas,JCIMS,,1,1,1,1,1,1,1,1,1,1,1,
CIMS.CAN.MB.Residential,Sector,MB,Residential,,,multiplier_price,,,CIMS.Generic Fuels.Black Liquor,JCIMS,,1,1,1,1,1,1,1,1,1,1,1,
CIMS.CAN.MB.Residential,Sector,MB,Residential,,,multiplier_price,,,CIMS.Generic Fuels.Coal,JCIMS,,1,1,1,1,1,1,1,1,1,1,1,
CIMS.CAN.MB.Residential,Sector,MB,Residential,,,multiplier_price,,,CIMS.Generic Fuels.Coke,JCIMS,,1,1,1,1,1,1,1,1,1,1,1,
CIMS.CAN.MB.Residential,Sector,MB,Residential,,,multiplier_price,,,CIMS.Generic Fuels.Diesel,JCIMS,,0.38922817434577,0.61275097987025,1.03029113152423,1.15752940059997,1.32086755315264,1.45128533447694,1.57046269207327,1.67252746504728,1.73583622228292,1.74843549542387,1.77004274770533,
CIMS.CAN.MB.Residential,Sector,MB,Residential,,,multiplier_price,,,CIMS.CAN.MB.Electricity,CER,,1.33,1.33,1.33,1.33,1.33,1.33,1.33,1.33,1.33,1.33,1.33,
CIMS.CAN.MB.Residential,Sector,MB,Residential,,,multiplier_price,,,CIMS.CAN.MB.Ethanol,JCIMS,,1,1,1,1,1,1,1,1,1,1,1,
CIMS.CAN.MB.Residential,Sector,MB,Residential,,,multiplier_price,,,CIMS.Generic Fuels.Fuel Oil,CER,,1.7909250699696,1.70500073751207,1.51919170727263,1.4607953227453,1.35758573490404,1.24491723073408,1.20459159425678,1.24798589990997,1.27415408894958,1.29916559574568,1.3213136510509,
CIMS.CAN.MB.Residential,Sector,MB,Residential,,,multiplier_price,,,CIMS.Generic Fuels.Gasoline,JCIMS,,1,1,1,1,1,1,1,1,1,1,1,
CIMS.CAN.MB.Residential,Sector,MB,Residential,,,multiplier_price,,,CIMS.CAN.MB.Hydrogen,JCIMS,,1,1,1,1,1,1,1,1,1,1,1,
CIMS.CAN.MB.Residential,Sector,MB,Residential,,,multiplier_price,,,CIMS.Generic Fuels.Jet Fuel,JCIMS,,1,1,1,1,1,1,1,1,1,1,1,
CIMS.CAN.MB.Residential,Sector,MB,Residential,,,multiplier_price,,,CIMS.Generic Fuels.LPG,JCIMS,,1,1,1,1,1,1,1,1,1,1,1,
CIMS.CAN.MB.Residential,Sector,MB,Residential,,,multiplier_price,,,CIMS.Generic Fuels.Natural Gas,CER,,1.66176531597738,1.73065596908875,2.06592400245017,2.41509609950692,1.75914096465391,1.2987355877574,1.04775409015296,1.13082968292021,1.19865303171415,1.26300659491606,1.3193559942123,
CIMS.CAN.MB.Residential,Sector,MB,Residential,,,multiplier_price,,,CIMS.Generic Fuels.Petroleum Coke,JCIMS,,1,1,1,1,1,1,1,1,1,1,1,
CIMS.CAN.MB.Residential,Sector,MB,Residential,,,multiplier_price,,,CIMS.Generic Fuels.Propane,JCIMS,,1,1,1,1,1,1,1,1,1,1,1,
CIMS.CAN.MB.Residential,Sector,MB,Residential,,,multiplier_price,,,CIMS.Generic Fuels.Refinery Fuel Gas,JCIMS,,1,1,1,1,1,1,1,1,1,1,1,
CIMS.CAN.MB.Residential,Sector,MB,Residential,,,multiplier_price,,,CIMS.Generic Fuels.Solid Biomass,JCIMS,,8.15869115664895,10,32.4452527204579,32.4452527204579,32.4452527204579,32.4452527204579,32.4452527204579,32.4452527204579,32.4452527204579,32.4452527204579,32.4452527204579,
CIMS.CAN.MB.Residential,Sector,MB,Residential,,,multiplier_price,,,CIMS.Generic Fuels.Uranium,JCIMS,,1,1,1,1,1,1,1,1,1,1,1,
CIMS.CAN.MB.Residential,Sector,MB,Residential,,,multiplier_price,,,CIMS.Generic Fuels.Waste Fuel,JCIMS,,1,1,1,1,1,1,1,1,1,1,1,
CIMS.CAN.MB.Residential,Sector,MB,Residential,,,service_request,,,CIMS.CAN.MB.Residential.Dwellings,annual_tech,building,1,1,1,1,1,1,1,1,1,1,1,
CIMS.CAN.MB.Residential.Dwellings,Service,MB,Residential,Dwellings,,service_provide,,,,constant_tech,building,,,,,,,,,,,,
CIMS.CAN.MB.Residential.Dwellings,Service,MB,Residential,Dwellings,,competition,Fixed Ratio,,,,,,,,,,,,,,,,
CIMS.CAN.MB.Residential.Dwellings,Service,MB,Residential,Dwellings,,service_request,,,CIMS.CAN.MB.Residential.Dwellings.Building Type,annual_tech,building,1,1,1,1,1,1,1,1,1,1,1,
CIMS.CAN.MB.Residential.Dwellings,Service,MB,Residential,Dwellings,,service_request,,,CIMS.CAN.MB.Residential.Dwellings.Refrigerators,annual_region,unit,1.251728,1.273339,1.307176132,1.330824561,1.354256124,1.377450828,1.400389546,1.423054075,1.445427183,1.445427183,1.445427183,
CIMS.CAN.MB.Residential.Dwellings,Service,MB,Residential,Dwellings,,service_request,,,CIMS.CAN.MB.Residential.Dwellings.Freezers,annual_region,unit,0.571757,0.534712,0.520323588,0.504664734,0.489153124,0.473807609,0.458646185,0.443685924,0.428942905,0.428942905,0.428942905,
CIMS.CAN.MB.Residential.Dwellings,Service,MB,Residential,Dwellings,,service_request,,,CIMS.CAN.MB.Residential.Dwellings.Ranges,annual_region,unit,1,1,1,1,1,1,1,1,1,1,1,
CIMS.CAN.MB.Residential.Dwellings,Service,MB,Residential,Dwellings,,service_request,,,CIMS.CAN.MB.Residential.Dwellings.Dishwashing,annual_region,unit,1,1,1,1,1,1,1,1,1,1,1,
CIMS.CAN.MB.Residential.Dwellings,Service,MB,Residential,Dwellings,,service_request,,,CIMS.CAN.MB.Residential.Dwellings.Clothes Washing,annual_region,unit,0.751267,0.751267,0.751267,0.751267,0.751267,0.751267,0.751267,0.751267,0.751267,0.751267,0.751267,
CIMS.CAN.MB.Residential.Dwellings,Service,MB,Residential,Dwellings,,service_request,,,CIMS.CAN.MB.Residential.Dwellings.Minor Appliances,annual_region,unit,1,1.192123591,1.361853177,1.57527599,1.814567321,2.080506777,2.373180546,2.691823712,3.03469597,3.03469597,3.03469597,
CIMS.CAN.MB.Residential.Dwellings,Service,MB,Residential,Dwellings,,service_request,,,CIMS.CAN.MB.Residential.Dwellings.Non-appliance Hot Water,annual_region,unit,1.21,1.21,1.21,1.21,1.21,1.21,1.21,1.21,1.21,1.21,1.21,
CIMS.CAN.MB.Residential.Dwellings.Building Type,Service,MB,Residential,Building Type,,service_provide,,,,constant_tech,building,,,,,,,,,,,,
CIMS.CAN.MB.Residential.Dwellings.Building Type,Service,MB,Residential,Building Type,,competition,Tech Compete,,,,,,,,,,,,,,,,
CIMS.CAN.MB.Residential.Dwellings.Building Type,Service,MB,Residential,Building Type,,intercept_retirement,,,,constant_tech,,-2.619,-2.619,-2.619,-2.619,-2.619,-2.619,-2.619,-2.619,-2.619,-2.619,-2.619,
CIMS.CAN.MB.Residential.Dwellings.Building Type,Service,MB,Residential,Building Type,Apartment,technology,,,,,,,,,,,,,,,,,
CIMS.CAN.MB.Residential.Dwellings.Building Type,Service,MB,Residential,Building Type,Apartment,market_share_total,,,,annual_region_tech,%,0.2410623994868,0.23816820357859,0.23915924937329,0.24185074615389,0.25056356544825,0.24800291542568,0.25022758938642,0.25206980275157,0.25341589871858,0.25440907179034,0.25514816326158,
CIMS.CAN.MB.Residential.Dwellings.Building Type,Service,MB,Residential,Building Type,Apartment,service_request,,,CIMS.CAN.MB.Residential.Dwellings.Building Type.High Density,annual_region_tech,m2,82.6434062684802,86.9072970860177,91.9005627084695,96.3508755196286,100.570473456633,105.479210068776,110.064574127334,114.097178588355,117.321317229922,119.880121541466,121.899309477199,
CIMS.CAN.MB.Residential.Dwellings.Building Type,Service,MB,Residential,Building Type,Detached,technology,,,,,,,,,,,,,,,,,
CIMS.CAN.MB.Residential.Dwellings.Building Type,Service,MB,Residential,Building Type,Detached,market_share_total,,,,annual_region_tech,%,0.67262877940777,0.67624267300692,0.67410865615898,0.66682686115559,0.65278359450965,0.65524842703544,0.65037556691217,0.64620369731802,0.64299442647763,0.64052237524531,0.63861624000571,
CIMS.CAN.MB.Residential.Dwellings.Building Type,Service,MB,Residential,Building Type,Detached,service_request,,,CIMS.CAN.MB.Residential.Dwellings.Building Type.LowMed Density,annual_region_tech,m2,124.729281328856,130.594251789591,137.035799134606,140.064113651826,144.589773415119,150.467740561157,155.402792354567,159.719353903609,163.143690738019,165.844991460674,167.966659646154,
CIMS.CAN.MB.Residential.Dwellings.Building Type,Service,MB,Residential,Building Type,Attached,technology,,,,,,,,,,,,,,,,,
CIMS.CAN.MB.Residential.Dwellings.Building Type,Service,MB,Residential,Building Type,Attached,market_share_total,,,,annual_region_tech,%,0.06370922115355,0.06290460303159,0.06421735291431,0.06917902887538,0.07510260715027,0.0751961028756,0.07811075478796,0.08066792386941,0.08270543125036,0.08431818831035,0.08558822073281,
CIMS.CAN.MB.Residential.Dwellings.Building Type,Service,MB,Residential,Building Type,Attached,service_request,,,CIMS.CAN.MB.Residential.Dwellings.Building Type.LowMed Density,annual_region_tech,m2,100.062932662052,103.11628223447,107.595536871385,113.679939978326,119.020487331798,123.354276336374,128.292744982979,132.628321514973,136.086045608687,138.824925630328,140.982974598913,
CIMS.CAN.MB.Residential.Dwellings.Building Type,Service,MB,Residential,Building Type,Mobile,technology,,,,,,,,,,,,,,,,,
CIMS.CAN.MB.Residential.Dwellings.Building Type,Service,MB,Residential,Building Type,Mobile,market_share_total,,,,annual_region_tech,%,0.02259959995189,0.0226845203829,0.02251474155342,0.02214336381514,0.02155023289183,0.02155255466329,0.02128608891345,0.021058576061,0.02088424355343,0.02075036465401,0.02064737599991,
CIMS.CAN.MB.Residential.Dwellings.Building Type,Service,MB,Residential,Building Type,Mobile,service_request,,,CIMS.CAN.MB.Residential.Dwellings.Building Type.LowMed Density,annual_region_tech,m2,87.9164202641435,90,92.4089433826181,94.9735220071187,96.2399662019434,99.0136678229251,101.234517230108,103.16660876524,104.687551580714,105.880197664269,106.812601868081,
CIMS.CAN.MB.Residential.Dwellings.Building Type.High Density,Service,MB,Residential,High Density,,service_provide,,,,constant_tech,m2,,,,,,,,,,,,
CIMS.CAN.MB.Residential.Dwellings.Building Type.High Density,Service,MB,Residential,High Density,,competition,Fixed Ratio,,,,,,,,,,,,,,,,
CIMS.CAN.MB.Residential.Dwellings.Building Type.High Density,Service,MB,Residential,High Density,,service_request,,,CIMS.CAN.MB.Residential.Dwellings.Building Type.High Density.Vintage,annual_tech,m2,1,1,1,1,1,1,1,1,1,1,1,
CIMS.CAN.MB.Residential.Dwellings.Building Type.High Density,Service,MB,Residential,High Density,,service_request,,,CIMS.CAN.MB.Residential.Dwellings.Building Type.High Density.Cooling,annual_region,GJ,0.03695594844704,0.03695594844704,0.03695594844704,0.03695594844704,0.03695594844704,0.03695594844704,0.03695594844704,0.03695594844704,0.03695594844704,0.03695594844704,0.03695594844704,
CIMS.CAN.MB.Residential.Dwellings.Building Type.High Density,Service,MB,Residential,High Density,,service_request,,,CIMS.CAN.MB.Residential.Dwellings.Lighting,annual_tech,m2,1.16,1.16,1.16,1.16,1.16,1.16,1.16,1.16,1.16,1.16,1.16,
CIMS.CAN.MB.Residential.Dwellings.Building Type.High Density,Service,MB,Residential,High Density,,service_request,,,CIMS.CAN.MB.Residential.Dwellings.Solar PV,annual_tech,m2 of roofspace,0.05,0.05,0.05,0.05,0.05,0.05,0.05,0.05,0.05,0.05,0.05,
CIMS.CAN.MB.Residential.Dwellings.Building Type.High Density.Vintage,Service,MB,Residential,Vintage,,service_provide,,,,constant_tech,m2,,,,,,,,,,,,
CIMS.CAN.MB.Residential.Dwellings.Building Type.High Density.Vintage,Service,MB,Residential,Vintage,,competition,Tech Compete,,,,,,,,,,,,,,,,
CIMS.CAN.MB.Residential.Dwellings.Building Type.High Density.Vintage,Service,MB,Residential,Vintage,,discount_rate_financial,,,,constant_tech,%,0.25,0.25,0.25,0.25,0.25,0.25,0.25,0.25,0.25,0.25,0.25,
CIMS.CAN.MB.Residential.Dwellings.Building Type.High Density.Vintage,Service,MB,Residential,Vintage,<1960,technology,,,,,,,,,,,,,,,,,
CIMS.CAN.MB.Residential.Dwellings.Building Type.High Density.Vintage,Service,MB,Residential,Vintage,<1960,market_share_total,,,,annual_region_tech,%,0.29866935032987,,,,,,,,,,,
CIMS.CAN.MB.Residential.Dwellings.Building Type.High Density.Vintage,Service,MB,Residential,Vintage,<1960,available,,,,constant_tech,Year,1945,1945,1945,1945,1945,1945,1945,1945,1945,1945,1945,
CIMS.CAN.MB.Residential.Dwellings.Building Type.High Density.Vintage,Service,MB,Residential,Vintage,<1960,unavailable,,,,constant_tech,Year,2001,2001,2001,2001,2001,2001,2001,2001,2001,2001,2001,
CIMS.CAN.MB.Residential.Dwellings.Building Type.High Density.Vintage,Service,MB,Residential,Vintage,<1960,lifetime,,,,constant_tech,Years,105,105,105,105,105,105,105,105,105,105,105,
CIMS.CAN.MB.Residential.Dwellings.Building Type.High Density.Vintage,Service,MB,Residential,Vintage,<1960,retrofit_existing_max,,,,constant_tech,%,0,0,0,0,0,0,0,0,0,0,0,
CIMS.CAN.MB.Residential.Dwellings.Building Type.High Density.Vintage,Service,MB,Residential,Vintage,<1960,service_request,,,CIMS.CAN.MB.Residential.Dwellings.Building Type.High Density.Vintage.<1960 Bldg Code,annual_tech,GJ,1,1,1,1,1,1,1,1,1,1,1,
CIMS.CAN.MB.Residential.Dwellings.Building Type.High Density.Vintage,Service,MB,Residential,Vintage,1961-1980,technology,,,,,,,,,,,,,,,,,
CIMS.CAN.MB.Residential.Dwellings.Building Type.High Density.Vintage,Service,MB,Residential,Vintage,1961-1980,market_share_total,,,,annual_region_tech,%,0.35267807223527,,,,,,,,,,,
CIMS.CAN.MB.Residential.Dwellings.Building Type.High Density.Vintage,Service,MB,Residential,Vintage,1961-1980,available,,,,constant_tech,Year,1961,1961,1961,1961,1961,1961,1961,1961,1961,1961,1961,
CIMS.CAN.MB.Residential.Dwellings.Building Type.High Density.Vintage,Service,MB,Residential,Vintage,1961-1980,unavailable,,,,constant_tech,Year,2001,2001,2001,2001,2001,2001,2001,2001,2001,2001,2001,
CIMS.CAN.MB.Residential.Dwellings.Building Type.High Density.Vintage,Service,MB,Residential,Vintage,1961-1980,lifetime,,,,constant_tech,Years,185,185,185,185,185,185,185,185,185,185,185,
CIMS.CAN.MB.Residential.Dwellings.Building Type.High Density.Vintage,Service,MB,Residential,Vintage,1961-1980,retrofit_existing_max,,,,constant_tech,%,0,0,0,0,0,0,0,0,0,0,0,
CIMS.CAN.MB.Residential.Dwellings.Building Type.High Density.Vintage,Service,MB,Residential,Vintage,1961-1980,service_request,,,CIMS.CAN.MB.Residential.Dwellings.Building Type.High Density.Vintage.1961-1980 Bldg Code,annual_tech,GJ,1,1,1,1,1,1,1,1,1,1,1,
CIMS.CAN.MB.Residential.Dwellings.Building Type.High Density.Vintage,Service,MB,Residential,Vintage,1981-2000,technology,,,,,,,,,,,,,,,,,
CIMS.CAN.MB.Residential.Dwellings.Building Type.High Density.Vintage,Service,MB,Residential,Vintage,1981-2000,market_share_total,,,,annual_region_tech,%,0.34865257743487,,,,,,,,,,,
CIMS.CAN.MB.Residential.Dwellings.Building Type.High Density.Vintage,Service,MB,Residential,Vintage,1981-2000,available,,,,constant_tech,Year,1981,1981,1981,1981,1981,1981,1981,1981,1981,1981,1981,
CIMS.CAN.MB.Residential.Dwellings.Building Type.High Density.Vintage,Service,MB,Residential,Vintage,1981-2000,unavailable,,,,constant_tech,Year,2001,2001,2001,2001,2001,2001,2001,2001,2001,2001,2001,
CIMS.CAN.MB.Residential.Dwellings.Building Type.High Density.Vintage,Service,MB,Residential,Vintage,1981-2000,lifetime,,,,constant_tech,Years,275,275,275,275,275,275,275,275,275,275,275,
CIMS.CAN.MB.Residential.Dwellings.Building Type.High Density.Vintage,Service,MB,Residential,Vintage,1981-2000,retrofit_existing_max,,,,constant_tech,%,0,0,0,0,0,0,0,0,0,0,0,
CIMS.CAN.MB.Residential.Dwellings.Building Type.High Density.Vintage,Service,MB,Residential,Vintage,1981-2000,service_request,,,CIMS.CAN.MB.Residential.Dwellings.Building Type.High Density.Vintage.1981-2000 Bldg Code,annual_tech,GJ,1,1,1,1,1,1,1,1,1,1,1,
CIMS.CAN.MB.Residential.Dwellings.Building Type.High Density.Vintage,Service,MB,Residential,Vintage,2001-2020,technology,,,,,,,,,,,,,,,,,
CIMS.CAN.MB.Residential.Dwellings.Building Type.High Density.Vintage,Service,MB,Residential,Vintage,2001-2020,market_share_total,,,,annual_region_tech,%,0,,,,,,,,,,,
CIMS.CAN.MB.Residential.Dwellings.Building Type.High Density.Vintage,Service,MB,Residential,Vintage,2001-2020,available,,,,constant_tech,Year,2001,2001,2001,2001,2001,2001,2001,2001,2001,2001,2001,
CIMS.CAN.MB.Residential.Dwellings.Building Type.High Density.Vintage,Service,MB,Residential,Vintage,2001-2020,unavailable,,,,constant_tech,Year,2021,2021,2021,2021,2021,2021,2021,2021,2021,2021,2021,
CIMS.CAN.MB.Residential.Dwellings.Building Type.High Density.Vintage,Service,MB,Residential,Vintage,2001-2020,lifetime,,,,constant_tech,Years,80,80,80,80,80,80,80,80,80,80,80,
CIMS.CAN.MB.Residential.Dwellings.Building Type.High Density.Vintage,Service,MB,Residential,Vintage,2001-2020,retrofit_existing_max,,,,constant_tech,%,0,0,0,0,0,0,0,0,0,0,0,
CIMS.CAN.MB.Residential.Dwellings.Building Type.High Density.Vintage,Service,MB,Residential,Vintage,2001-2020,service_request,,,CIMS.CAN.MB.Residential.Dwellings.Building Type.High Density.Vintage.2001-2020 Bldg Code,annual_tech,GJ,1,1,1,1,1,1,1,1,1,1,1,
CIMS.CAN.MB.Residential.Dwellings.Building Type.High Density.Vintage,Service,MB,Residential,Vintage,2021-2035,technology,,,,,,,,,,,,,,,,,
CIMS.CAN.MB.Residential.Dwellings.Building Type.High Density.Vintage,Service,MB,Residential,Vintage,2021-2035,market_share_total,,,,annual_region_tech,%,0,,,,,,,,,,,
CIMS.CAN.MB.Residential.Dwellings.Building Type.High Density.Vintage,Service,MB,Residential,Vintage,2021-2035,available,,,,constant_tech,Year,2021,2021,2021,2021,2021,2021,2021,2021,2021,2021,2021,
CIMS.CAN.MB.Residential.Dwellings.Building Type.High Density.Vintage,Service,MB,Residential,Vintage,2021-2035,unavailable,,,,constant_tech,Year,2036,2036,2036,2036,2036,2036,2036,2036,2036,2036,2036,
CIMS.CAN.MB.Residential.Dwellings.Building Type.High Density.Vintage,Service,MB,Residential,Vintage,2021-2035,lifetime,,,,constant_tech,Years,80,80,80,80,80,80,80,80,80,80,80,
CIMS.CAN.MB.Residential.Dwellings.Building Type.High Density.Vintage,Service,MB,Residential,Vintage,2021-2035,retrofit_existing_max,,,,constant_tech,%,0,0,0,0,0,0,0,0,0,0,0,
CIMS.CAN.MB.Residential.Dwellings.Building Type.High Density.Vintage,Service,MB,Residential,Vintage,2021-2035,service_request,,,CIMS.CAN.MB.Residential.Dwellings.Building Type.High Density.Vintage.2021-2035 Bldg Code,annual_tech,GJ,1,1,1,1,1,1,1,1,1,1,1,
CIMS.CAN.MB.Residential.Dwellings.Building Type.High Density.Vintage,Service,MB,Residential,Vintage,>2035,technology,,,,,,,,,,,,,,,,,
CIMS.CAN.MB.Residential.Dwellings.Building Type.High Density.Vintage,Service,MB,Residential,Vintage,>2035,market_share_total,,,,annual_tech,%,0,,,,,,,,,,,
CIMS.CAN.MB.Residential.Dwellings.Building Type.High Density.Vintage,Service,MB,Residential,Vintage,>2035,available,,,,constant_tech,Year,2036,2036,2036,2036,2036,2036,2036,2036,2036,2036,2036,
CIMS.CAN.MB.Residential.Dwellings.Building Type.High Density.Vintage,Service,MB,Residential,Vintage,>2035,unavailable,,,,constant_tech,Year,2101,2101,2101,2101,2101,2101,2101,2101,2101,2101,2101,
CIMS.CAN.MB.Residential.Dwellings.Building Type.High Density.Vintage,Service,MB,Residential,Vintage,>2035,lifetime,,,,constant_tech,Years,80,80,80,80,80,80,80,80,80,80,80,
CIMS.CAN.MB.Residential.Dwellings.Building Type.High Density.Vintage,Service,MB,Residential,Vintage,>2035,retrofit_existing_max,,,,constant_tech,%,0,0,0,0,0,0,0,0,0,0,0,
CIMS.CAN.MB.Residential.Dwellings.Building Type.High Density.Vintage,Service,MB,Residential,Vintage,>2035,service_request,,,CIMS.CAN.MB.Residential.Dwellings.Building Type.High Density.Vintage.>2035 Bldg Code,annual_tech,GJ,1,1,1,1,1,1,1,1,1,1,1,
CIMS.CAN.MB.Residential.Dwellings.Building Type.High Density.Vintage.<1960 Bldg Code,Service,MB,Residential,<1960 Bldg Code,,service_provide,,,,constant_tech,m2,,,,,,,,,,,,
CIMS.CAN.MB.Residential.Dwellings.Building Type.High Density.Vintage.<1960 Bldg Code,Service,MB,Residential,<1960 Bldg Code,,competition,Tech Compete,,,,,,,,,,,,,,,,
CIMS.CAN.MB.Residential.Dwellings.Building Type.High Density.Vintage.<1960 Bldg Code,Service,MB,Residential,<1960 Bldg Code,,discount_rate_financial,,,,constant_tech,%,0.25,0.25,0.25,0.25,0.25,0.25,0.25,0.25,0.25,0.25,0.25,
CIMS.CAN.MB.Residential.Dwellings.Building Type.High Density.Vintage.<1960 Bldg Code,Service,MB,Residential,<1960 Bldg Code,,heterogeneity,,,,constant_tech,,10,10,10,10,10,10,10,10,10,10,10,
CIMS.CAN.MB.Residential.Dwellings.Building Type.High Density.Vintage.<1960 Bldg Code,Service,MB,Residential,<1960 Bldg Code,Reference,technology,,,,,,,,,,,,,,,,,
CIMS.CAN.MB.Residential.Dwellings.Building Type.High Density.Vintage.<1960 Bldg Code,Service,MB,Residential,<1960 Bldg Code,Reference,available,,,,constant_tech,Year,1945,1945,1945,1945,1945,1945,1945,1945,1945,1945,1945,
CIMS.CAN.MB.Residential.Dwellings.Building Type.High Density.Vintage.<1960 Bldg Code,Service,MB,Residential,<1960 Bldg Code,Reference,unavailable,,,,constant_tech,Year,2001,2001,2001,2001,2001,2001,2001,2001,2001,2001,2001,
CIMS.CAN.MB.Residential.Dwellings.Building Type.High Density.Vintage.<1960 Bldg Code,Service,MB,Residential,<1960 Bldg Code,Reference,lifetime,,,,constant_tech,Years,105,105,105,105,105,105,105,105,105,105,105,
CIMS.CAN.MB.Residential.Dwellings.Building Type.High Density.Vintage.<1960 Bldg Code,Service,MB,Residential,<1960 Bldg Code,Reference,market_share_total,,,,annual_tech,%,1,,,,,,,,,,,
CIMS.CAN.MB.Residential.Dwellings.Building Type.High Density.Vintage.<1960 Bldg Code,Service,MB,Residential,<1960 Bldg Code,Reference,service_request,,,CIMS.CAN.MB.Residential.Dwellings.Building Type.High Density.Vintage.<1960 Bldg Code.Heating (Cold),annual_region_tech,GJ,0.43163718450583,0.39145223564314,0.40081127074525,0.42687202094369,0.47473091307747,0.47473091307747,0.47473091307747,0.47473091307747,0.47473091307747,0.47473091307747,0.47473091307747,
CIMS.CAN.MB.Residential.Dwellings.Building Type.High Density.Vintage.<1960 Bldg Code,Service,MB,Residential,<1960 Bldg Code,Retrofit Average,technology,,,,,,,,,,,,,,,,,
CIMS.CAN.MB.Residential.Dwellings.Building Type.High Density.Vintage.<1960 Bldg Code,Service,MB,Residential,<1960 Bldg Code,Retrofit Average,available,,,,constant_tech,Year,1945,1945,1945,1945,1945,1945,1945,1945,1945,1945,1945,
CIMS.CAN.MB.Residential.Dwellings.Building Type.High Density.Vintage.<1960 Bldg Code,Service,MB,Residential,<1960 Bldg Code,Retrofit Average,unavailable,,,,constant_tech,Year,2101,2101,2101,2101,2101,2101,2101,2101,2101,2101,2101,
CIMS.CAN.MB.Residential.Dwellings.Building Type.High Density.Vintage.<1960 Bldg Code,Service,MB,Residential,<1960 Bldg Code,Retrofit Average,lifetime,,,,constant_tech,Years,105,105,105,105,105,105,105,105,105,105,105,
CIMS.CAN.MB.Residential.Dwellings.Building Type.High Density.Vintage.<1960 Bldg Code,Service,MB,Residential,<1960 Bldg Code,Retrofit Average,market_share_total,,,,annual_tech,%,0,,,,,,,,,,,
CIMS.CAN.MB.Residential.Dwellings.Building Type.High Density.Vintage.<1960 Bldg Code,Service,MB,Residential,<1960 Bldg Code,Retrofit Average,fcc,,,,constant_tech,$,1565,1565,1565,1565,1565,1565,1565,1565,1565,1565,1565,
CIMS.CAN.MB.Residential.Dwellings.Building Type.High Density.Vintage.<1960 Bldg Code,Service,MB,Residential,<1960 Bldg Code,Retrofit Average,market_share_new_max,,,,constant_tech,%,0,0,0,0,0,0,0,0,0,0,0,
CIMS.CAN.MB.Residential.Dwellings.Building Type.High Density.Vintage.<1960 Bldg Code,Service,MB,Residential,<1960 Bldg Code,Retrofit Average,service_request,,,CIMS.CAN.MB.Residential.Dwellings.Building Type.High Density.Vintage.<1960 Bldg Code.Heating (Cold),annual_region_tech,GJ,0.30214602915408,0.2740165649502,0.28056788952167,0.29881041466058,0.33231163915423,0.33231163915423,0.33231163915423,0.33231163915423,0.33231163915423,0.33231163915423,0.33231163915423,
CIMS.CAN.MB.Residential.Dwellings.Building Type.High Density.Vintage.<1960 Bldg Code,Service,MB,Residential,<1960 Bldg Code,Retrofit Deep,technology,,,,,,,,,,,,,,,,,
CIMS.CAN.MB.Residential.Dwellings.Building Type.High Density.Vintage.<1960 Bldg Code,Service,MB,Residential,<1960 Bldg Code,Retrofit Deep,available,,,,constant_tech,Year,1945,1945,1945,1945,1945,1945,1945,1945,1945,1945,1945,
CIMS.CAN.MB.Residential.Dwellings.Building Type.High Density.Vintage.<1960 Bldg Code,Service,MB,Residential,<1960 Bldg Code,Retrofit Deep,unavailable,,,,constant_tech,Year,2101,2101,2101,2101,2101,2101,2101,2101,2101,2101,2101,
CIMS.CAN.MB.Residential.Dwellings.Building Type.High Density.Vintage.<1960 Bldg Code,Service,MB,Residential,<1960 Bldg Code,Retrofit Deep,lifetime,,,,constant_tech,Years,105,105,105,105,105,105,105,105,105,105,105,
CIMS.CAN.MB.Residential.Dwellings.Building Type.High Density.Vintage.<1960 Bldg Code,Service,MB,Residential,<1960 Bldg Code,Retrofit Deep,market_share_total,,,,annual_tech,%,0,,,,,,,,,,,
CIMS.CAN.MB.Residential.Dwellings.Building Type.High Density.Vintage.<1960 Bldg Code,Service,MB,Residential,<1960 Bldg Code,Retrofit Deep,fcc,,,,constant_tech,$,3130,3130,3130,3130,3130,3130,3130,3130,3130,3130,3130,
CIMS.CAN.MB.Residential.Dwellings.Building Type.High Density.Vintage.<1960 Bldg Code,Service,MB,Residential,<1960 Bldg Code,Retrofit Deep,market_share_new_max,,,,constant_tech,%,0,0,0,0,0,0,0,0,0,0,0,
CIMS.CAN.MB.Residential.Dwellings.Building Type.High Density.Vintage.<1960 Bldg Code,Service,MB,Residential,<1960 Bldg Code,Retrofit Deep,service_request,,,CIMS.CAN.MB.Residential.Dwellings.Building Type.High Density.Vintage.<1960 Bldg Code.Heating (Cold),annual_region_tech,GJ,0.21581859225292,0.19572611782157,0.20040563537262,0.21343601047184,0.23736545653874,0.23736545653874,0.23736545653874,0.23736545653874,0.23736545653874,0.23736545653874,0.23736545653874,
CIMS.CAN.MB.Residential.Dwellings.Building Type.High Density.Vintage.<1960 Bldg Code.Heating (Cold),Service,MB,Residential,Heating (Cold),,service_provide,,,,constant_tech,GJ of heat,,,,,,,,,,,,
CIMS.CAN.MB.Residential.Dwellings.Building Type.High Density.Vintage.<1960 Bldg Code.Heating (Cold),Service,MB,Residential,Heating (Cold),,competition,Tech Compete,,,,,,,,,,,,,,,,
CIMS.CAN.MB.Residential.Dwellings.Building Type.High Density.Vintage.<1960 Bldg Code.Heating (Cold),Service,MB,Residential,Heating (Cold),,discount_rate_financial,,,,constant_tech,%,0.25,0.25,0.25,0.25,0.25,0.25,0.25,0.25,0.25,0.25,0.25,
CIMS.CAN.MB.Residential.Dwellings.Building Type.High Density.Vintage.<1960 Bldg Code.Heating (Cold),Service,MB,Residential,Heating (Cold),,inheritance,intercept_retirement,,,constant_tech,,TRUE,TRUE,TRUE,TRUE,TRUE,TRUE,TRUE,TRUE,TRUE,TRUE,TRUE,
CIMS.CAN.MB.Residential.Dwellings.Building Type.High Density.Vintage.<1960 Bldg Code.Heating (Cold),Service,MB,Residential,Heating (Cold),,heterogeneity,,,,constant_tech,,10,10,10,10,10,10,10,10,10,10,10,
CIMS.CAN.MB.Residential.Dwellings.Building Type.High Density.Vintage.<1960 Bldg Code.Heating (Cold),Service,MB,Residential,Heating (Cold),NG - Existing,technology,,,,,,,,,,,,,,,,,
CIMS.CAN.MB.Residential.Dwellings.Building Type.High Density.Vintage.<1960 Bldg Code.Heating (Cold),Service,MB,Residential,Heating (Cold),NG - Existing,available,,,,constant_tech,Year,1950,1950,1950,1950,1950,1950,1950,1950,1950,1950,1950,
CIMS.CAN.MB.Residential.Dwellings.Building Type.High Density.Vintage.<1960 Bldg Code.Heating (Cold),Service,MB,Residential,Heating (Cold),NG - Existing,unavailable,,,,constant_tech,Year,2001,2001,2001,2001,2001,2001,2001,2001,2001,2001,2001,
CIMS.CAN.MB.Residential.Dwellings.Building Type.High Density.Vintage.<1960 Bldg Code.Heating (Cold),Service,MB,Residential,Heating (Cold),NG - Existing,lifetime,,,,constant_tech,Years,14,14,14,14,14,14,14,14,14,14,14,
CIMS.CAN.MB.Residential.Dwellings.Building Type.High Density.Vintage.<1960 Bldg Code.Heating (Cold),Service,MB,Residential,Heating (Cold),NG - Existing,market_share_total,,,,annual_region_tech,%,0.30327838557067,,,,,,,,,,,
CIMS.CAN.MB.Residential.Dwellings.Building Type.High Density.Vintage.<1960 Bldg Code.Heating (Cold),Service,MB,Residential,Heating (Cold),NG - Existing,output,,,,constant_tech,node unit,31.399776,31.399776,31.399776,31.399776,31.399776,31.399776,31.399776,31.399776,31.399776,31.399776,31.399776,
CIMS.CAN.MB.Residential.Dwellings.Building Type.High Density.Vintage.<1960 Bldg Code.Heating (Cold),Service,MB,Residential,Heating (Cold),NG - Existing,fcc,,,,constant_tech,$,3603.875433,3603.875433,3603.875433,3603.875433,3603.875433,3603.875433,3603.875433,3603.875433,3603.875433,3603.875433,3603.875433,
CIMS.CAN.MB.Residential.Dwellings.Building Type.High Density.Vintage.<1960 Bldg Code.Heating (Cold),Service,MB,Residential,Heating (Cold),NG - Existing,fom,,,,constant_tech,$,75.08073818,75.08073818,75.08073818,75.08073818,75.08073818,75.08073818,75.08073818,75.08073818,75.08073818,75.08073818,75.08073818,
CIMS.CAN.MB.Residential.Dwellings.Building Type.High Density.Vintage.<1960 Bldg Code.Heating (Cold),Service,MB,Residential,Heating (Cold),NG - Existing,service_request,,,CIMS.CAN.MB.Residential.Methane Blend,annual_tech,GJ,1.6935483873,1.6935483873,1.6935483873,1.6935483873,1.6935483873,1.6935483873,1.6935483873,1.6935483873,1.6935483873,1.6935483873,1.6935483873,
CIMS.CAN.MB.Residential.Dwellings.Building Type.High Density.Vintage.<1960 Bldg Code.Heating (Cold),Service,MB,Residential,Heating (Cold),NG - Standard Efficiency,technology,,,,,,,,,,,,,,,,,
CIMS.CAN.MB.Residential.Dwellings.Building Type.High Density.Vintage.<1960 Bldg Code.Heating (Cold),Service,MB,Residential,Heating (Cold),NG - Standard Efficiency,available,,,,constant_tech,Year,1990,1990,1990,1990,1990,1990,1990,1990,1990,1990,1990,
CIMS.CAN.MB.Residential.Dwellings.Building Type.High Density.Vintage.<1960 Bldg Code.Heating (Cold),Service,MB,Residential,Heating (Cold),NG - Standard Efficiency,unavailable,,,,constant_tech,Year,2101,2101,2101,2101,2101,2101,2101,2101,2101,2101,2101,
CIMS.CAN.MB.Residential.Dwellings.Building Type.High Density.Vintage.<1960 Bldg Code.Heating (Cold),Service,MB,Residential,Heating (Cold),NG - Standard Efficiency,lifetime,,,,constant_tech,Years,19,19,19,19,19,19,19,19,19,19,19,
CIMS.CAN.MB.Residential.Dwellings.Building Type.High Density.Vintage.<1960 Bldg Code.Heating (Cold),Service,MB,Residential,Heating (Cold),NG - Standard Efficiency,market_share_total,,,,annual_region_tech,%,0.15874482554701,,,,,,,,,,,
CIMS.CAN.MB.Residential.Dwellings.Building Type.High Density.Vintage.<1960 Bldg Code.Heating (Cold),Service,MB,Residential,Heating (Cold),NG - Standard Efficiency,output,,,,constant_tech,node unit,31.399776,31.399776,31.399776,31.399776,31.399776,31.399776,31.399776,31.399776,31.399776,31.399776,31.399776,
CIMS.CAN.MB.Residential.Dwellings.Building Type.High Density.Vintage.<1960 Bldg Code.Heating (Cold),Service,MB,Residential,Heating (Cold),NG - Standard Efficiency,fcc,,,,constant_tech,$,5005.382545,5005.382545,5005.382545,5005.382545,5005.382545,5005.382545,5005.382545,5005.382545,5005.382545,5005.382545,5005.382545,
CIMS.CAN.MB.Residential.Dwellings.Building Type.High Density.Vintage.<1960 Bldg Code.Heating (Cold),Service,MB,Residential,Heating (Cold),NG - Standard Efficiency,fom,,,,constant_tech,$,162.6749327,162.6749327,162.6749327,162.6749327,162.6749327,162.6749327,162.6749327,162.6749327,162.6749327,162.6749327,162.6749327,
CIMS.CAN.MB.Residential.Dwellings.Building Type.High Density.Vintage.<1960 Bldg Code.Heating (Cold),Service,MB,Residential,Heating (Cold),NG - Standard Efficiency,service_request,,,CIMS.CAN.MB.Residential.Methane Blend,annual_tech,GJ,1.32911392425,1.32911392425,1.32911392425,1.32911392425,1.32911392425,1.32911392425,1.32911392425,1.32911392425,1.32911392425,1.32911392425,1.32911392425,
CIMS.CAN.MB.Residential.Dwellings.Building Type.High Density.Vintage.<1960 Bldg Code.Heating (Cold),Service,MB,Residential,Heating (Cold),NG - High Efficiency,technology,,,,,,,,,,,,,,,,,
CIMS.CAN.MB.Residential.Dwellings.Building Type.High Density.Vintage.<1960 Bldg Code.Heating (Cold),Service,MB,Residential,Heating (Cold),NG - High Efficiency,available,,,,constant_tech,Year,2000,2000,2000,2000,2000,2000,2000,2000,2000,2000,2000,
CIMS.CAN.MB.Residential.Dwellings.Building Type.High Density.Vintage.<1960 Bldg Code.Heating (Cold),Service,MB,Residential,Heating (Cold),NG - High Efficiency,unavailable,,,,constant_tech,Year,2101,2101,2101,2101,2101,2101,2101,2101,2101,2101,2101,
CIMS.CAN.MB.Residential.Dwellings.Building Type.High Density.Vintage.<1960 Bldg Code.Heating (Cold),Service,MB,Residential,Heating (Cold),NG - High Efficiency,lifetime,,,,constant_tech,Years,19,19,19,19,19,19,19,19,19,19,19,
CIMS.CAN.MB.Residential.Dwellings.Building Type.High Density.Vintage.<1960 Bldg Code.Heating (Cold),Service,MB,Residential,Heating (Cold),NG - High Efficiency,market_share_total,,,,annual_region_tech,%,0.13168982850384,,,,,,,,,,,
CIMS.CAN.MB.Residential.Dwellings.Building Type.High Density.Vintage.<1960 Bldg Code.Heating (Cold),Service,MB,Residential,Heating (Cold),NG - High Efficiency,output,,,,constant_tech,node unit,31.399776,31.399776,31.399776,31.399776,31.399776,31.399776,31.399776,31.399776,31.399776,31.399776,31.399776,
CIMS.CAN.MB.Residential.Dwellings.Building Type.High Density.Vintage.<1960 Bldg Code.Heating (Cold),Service,MB,Residential,Heating (Cold),NG - High Efficiency,fcc,,,,constant_tech,$,6231.7012692,6231.7012692,6231.7012692,6231.7012692,6231.7012692,6231.7012692,6231.7012692,6231.7012692,6231.7012692,6231.7012692,6231.7012692,
CIMS.CAN.MB.Residential.Dwellings.Building Type.High Density.Vintage.<1960 Bldg Code.Heating (Cold),Service,MB,Residential,Heating (Cold),NG - High Efficiency,fom,,,,constant_tech,$,162.6749327,162.6749327,162.6749327,162.6749327,162.6749327,162.6749327,162.6749327,162.6749327,162.6749327,162.6749327,162.6749327,
CIMS.CAN.MB.Residential.Dwellings.Building Type.High Density.Vintage.<1960 Bldg Code.Heating (Cold),Service,MB,Residential,Heating (Cold),NG - High Efficiency,service_request,,,CIMS.CAN.MB.Residential.Methane Blend,annual_tech,GJ,1.16666666655,1.16666666655,1.16666666655,1.16666666655,1.16666666655,1.16666666655,1.16666666655,1.16666666655,1.16666666655,1.16666666655,1.16666666655,
CIMS.CAN.MB.Residential.Dwellings.Building Type.High Density.Vintage.<1960 Bldg Code.Heating (Cold),Service,MB,Residential,Heating (Cold),NG - ASHP / NG - backup,technology,,,,,,,,,,,,,,,,,
CIMS.CAN.MB.Residential.Dwellings.Building Type.High Density.Vintage.<1960 Bldg Code.Heating (Cold),Service,MB,Residential,Heating (Cold),NG - ASHP / NG - backup,available,,,,constant_tech,Year,2000,2000,2000,2000,2000,2000,2000,2000,2000,2000,2000,
CIMS.CAN.MB.Residential.Dwellings.Building Type.High Density.Vintage.<1960 Bldg Code.Heating (Cold),Service,MB,Residential,Heating (Cold),NG - ASHP / NG - backup,unavailable,,,,constant_tech,Year,2101,2101,2101,2101,2101,2101,2101,2101,2101,2101,2101,
CIMS.CAN.MB.Residential.Dwellings.Building Type.High Density.Vintage.<1960 Bldg Code.Heating (Cold),Service,MB,Residential,Heating (Cold),NG - ASHP / NG - backup,lifetime,,,,constant_tech,Years,15,15,15,15,15,15,15,15,15,15,15,
CIMS.CAN.MB.Residential.Dwellings.Building Type.High Density.Vintage.<1960 Bldg Code.Heating (Cold),Service,MB,Residential,Heating (Cold),NG - ASHP / NG - backup,market_share_total,,,,annual_region_tech,%,0,,,,,,,,,,,
CIMS.CAN.MB.Residential.Dwellings.Building Type.High Density.Vintage.<1960 Bldg Code.Heating (Cold),Service,MB,Residential,Heating (Cold),NG - ASHP / NG - backup,output,,,,constant_tech,node unit,31.399776,31.399776,31.399776,31.399776,31.399776,31.399776,31.399776,31.399776,31.399776,31.399776,31.399776,
CIMS.CAN.MB.Residential.Dwellings.Building Type.High Density.Vintage.<1960 Bldg Code.Heating (Cold),Service,MB,Residential,Heating (Cold),NG - ASHP / NG - backup,fcc,,,,constant_tech,$,20015.27345,20015.27345,20015.27345,20015.27345,20015.27345,20015.27345,20015.27345,20015.27345,20015.27345,20015.27345,20015.27345,
CIMS.CAN.MB.Residential.Dwellings.Building Type.High Density.Vintage.<1960 Bldg Code.Heating (Cold),Service,MB,Residential,Heating (Cold),NG - ASHP / NG - backup,fom,,,,constant_tech,$,250.2691273,250.2691273,250.2691273,250.2691273,250.2691273,250.2691273,250.2691273,250.2691273,250.2691273,250.2691273,250.2691273,
CIMS.CAN.MB.Residential.Dwellings.Building Type.High Density.Vintage.<1960 Bldg Code.Heating (Cold),Service,MB,Residential,Heating (Cold),NG - ASHP / NG - backup,service_request,,,CIMS.CAN.MB.Residential.Methane Blend,annual_tech,GJ,2.1593627892625,2.1593627892625,2.1593627892625,2.1593627892625,2.1593627892625,2.1593627892625,2.1593627892625,2.1593627892625,2.1593627892625,2.1593627892625,2.1593627892625,
CIMS.CAN.MB.Residential.Dwellings.Building Type.High Density.Vintage.<1960 Bldg Code.Heating (Cold),Service,MB,Residential,Heating (Cold),NG - ASHP / NG - backup,service_request,,,CIMS.CAN.MB.Residential.Dwellings.Building Type.High Density.Cooling,annual_tech,GJ of cooling,-0.004568364,-0.004568364,-0.004568364,-0.004568364,-0.004568364,-0.004568364,-0.004568364,-0.004568364,-0.004568364,-0.004568364,-0.004568364,
CIMS.CAN.MB.Residential.Dwellings.Building Type.High Density.Vintage.<1960 Bldg Code.Heating (Cold),Service,MB,Residential,Heating (Cold),Electric - Standard Efficiency,technology,,,,,,,,,,,,,,,,,
CIMS.CAN.MB.Residential.Dwellings.Building Type.High Density.Vintage.<1960 Bldg Code.Heating (Cold),Service,MB,Residential,Heating (Cold),Electric - Standard Efficiency,available,,,,constant_tech,Year,1950,1950,1950,1950,1950,1950,1950,1950,1950,1950,1950,
CIMS.CAN.MB.Residential.Dwellings.Building Type.High Density.Vintage.<1960 Bldg Code.Heating (Cold),Service,MB,Residential,Heating (Cold),Electric - Standard Efficiency,unavailable,,,,constant_tech,Year,2101,2101,2101,2101,2101,2101,2101,2101,2101,2101,2101,
CIMS.CAN.MB.Residential.Dwellings.Building Type.High Density.Vintage.<1960 Bldg Code.Heating (Cold),Service,MB,Residential,Heating (Cold),Electric - Standard Efficiency,lifetime,,,,constant_tech,Years,22.5,22.5,22.5,22.5,22.5,22.5,22.5,22.5,22.5,22.5,22.5,
CIMS.CAN.MB.Residential.Dwellings.Building Type.High Density.Vintage.<1960 Bldg Code.Heating (Cold),Service,MB,Residential,Heating (Cold),Electric - Standard Efficiency,market_share_total,,,,annual_region_tech,%,0.3332994529864,,,,,,,,,,,
CIMS.CAN.MB.Residential.Dwellings.Building Type.High Density.Vintage.<1960 Bldg Code.Heating (Cold),Service,MB,Residential,Heating (Cold),Electric - Standard Efficiency,output,,,,constant_tech,node unit,31.399776,31.399776,31.399776,31.399776,31.399776,31.399776,31.399776,31.399776,31.399776,31.399776,31.399776,
CIMS.CAN.MB.Residential.Dwellings.Building Type.High Density.Vintage.<1960 Bldg Code.Heating (Cold),Service,MB,Residential,Heating (Cold),Electric - Standard Efficiency,fcc,,,,constant_tech,$,3822.860919,3822.860919,3822.860919,3822.860919,3822.860919,3822.860919,3822.860919,3822.860919,3822.860919,3822.860919,3822.860919,
CIMS.CAN.MB.Residential.Dwellings.Building Type.High Density.Vintage.<1960 Bldg Code.Heating (Cold),Service,MB,Residential,Heating (Cold),Electric - Standard Efficiency,service_request,,,CIMS.CAN.MB.Electricity,annual_tech,GJ,1,1,1,1,1,1,1,1,1,1,1,
CIMS.CAN.MB.Residential.Dwellings.Building Type.High Density.Vintage.<1960 Bldg Code.Heating (Cold),Service,MB,Residential,Heating (Cold),Electric - ASHP / NG - backup,technology,,,,,,,,,,,,,,,,,
CIMS.CAN.MB.Residential.Dwellings.Building Type.High Density.Vintage.<1960 Bldg Code.Heating (Cold),Service,MB,Residential,Heating (Cold),Electric - ASHP / NG - backup,available,,,,constant_tech,Year,2000,2000,2000,2000,2000,2000,2000,2000,2000,2000,2000,
CIMS.CAN.MB.Residential.Dwellings.Building Type.High Density.Vintage.<1960 Bldg Code.Heating (Cold),Service,MB,Residential,Heating (Cold),Electric - ASHP / NG - backup,unavailable,,,,constant_tech,Year,2101,2101,2101,2101,2101,2101,2101,2101,2101,2101,2101,
CIMS.CAN.MB.Residential.Dwellings.Building Type.High Density.Vintage.<1960 Bldg Code.Heating (Cold),Service,MB,Residential,Heating (Cold),Electric - ASHP / NG - backup,lifetime,,,,constant_tech,Years,15.5,15.5,15.5,15.5,15.5,15.5,15.5,15.5,15.5,15.5,15.5,
CIMS.CAN.MB.Residential.Dwellings.Building Type.High Density.Vintage.<1960 Bldg Code.Heating (Cold),Service,MB,Residential,Heating (Cold),Electric - ASHP / NG - backup,market_share_total,,,,annual_region_tech,%,0.01250184801892,,,,,,,,,,,
CIMS.CAN.MB.Residential.Dwellings.Building Type.High Density.Vintage.<1960 Bldg Code.Heating (Cold),Service,MB,Residential,Heating (Cold),Electric - ASHP / NG - backup,output,,,,constant_tech,node unit,31.399776,31.399776,31.399776,31.399776,31.399776,31.399776,31.399776,31.399776,31.399776,31.399776,31.399776,
CIMS.CAN.MB.Residential.Dwellings.Building Type.High Density.Vintage.<1960 Bldg Code.Heating (Cold),Service,MB,Residential,Heating (Cold),Electric - ASHP / NG - backup,fcc,,,,constant_tech,$,9647.874856,9647.874856,9647.874856,9647.874856,9647.874856,9647.874856,9647.874856,9647.874856,9647.874856,9647.874856,9647.874856,
CIMS.CAN.MB.Residential.Dwellings.Building Type.High Density.Vintage.<1960 Bldg Code.Heating (Cold),Service,MB,Residential,Heating (Cold),Electric - ASHP / NG - backup,fom,,,,constant_tech,$,269.0393118,269.0393118,269.0393118,269.0393118,269.0393118,269.0393118,269.0393118,269.0393118,269.0393118,269.0393118,269.0393118,
CIMS.CAN.MB.Residential.Dwellings.Building Type.High Density.Vintage.<1960 Bldg Code.Heating (Cold),Service,MB,Residential,Heating (Cold),Electric - ASHP / NG - backup,service_request,,,CIMS.CAN.MB.Electricity,annual_tech,GJ,0.72747607755,0.72747607755,0.72747607755,0.72747607755,0.72747607755,0.72747607755,0.72747607755,0.72747607755,0.72747607755,0.72747607755,0.72747607755,
CIMS.CAN.MB.Residential.Dwellings.Building Type.High Density.Vintage.<1960 Bldg Code.Heating (Cold),Service,MB,Residential,Heating (Cold),Electric - ASHP / NG - backup,service_request,,,CIMS.CAN.MB.Residential.Methane Blend,annual_tech,GJ,0.0583333333275,0.0583333333275,0.0583333333275,0.0583333333275,0.0583333333275,0.0583333333275,0.0583333333275,0.0583333333275,0.0583333333275,0.0583333333275,0.0583333333275,
CIMS.CAN.MB.Residential.Dwellings.Building Type.High Density.Vintage.<1960 Bldg Code.Heating (Cold),Service,MB,Residential,Heating (Cold),Electric - ASHP / NG - backup,service_request,,,CIMS.CAN.MB.Residential.Dwellings.Building Type.High Density.Cooling,annual_tech,GJ of cooling,-0.004568364,-0.004568364,-0.004568364,-0.004568364,-0.004568364,-0.004568364,-0.004568364,-0.004568364,-0.004568364,-0.004568364,-0.004568364,
CIMS.CAN.MB.Residential.Dwellings.Building Type.High Density.Vintage.<1960 Bldg Code.Heating (Cold),Service,MB,Residential,Heating (Cold),Electric - ASHP / Electric - backup,technology,,,,,,,,,,,,,,,,,
CIMS.CAN.MB.Residential.Dwellings.Building Type.High Density.Vintage.<1960 Bldg Code.Heating (Cold),Service,MB,Residential,Heating (Cold),Electric - ASHP / Electric - backup,available,,,,constant_tech,Year,2000,2000,2000,2000,2000,2000,2000,2000,2000,2000,2000,
CIMS.CAN.MB.Residential.Dwellings.Building Type.High Density.Vintage.<1960 Bldg Code.Heating (Cold),Service,MB,Residential,Heating (Cold),Electric - ASHP / Electric - backup,unavailable,,,,constant_tech,Year,2101,2101,2101,2101,2101,2101,2101,2101,2101,2101,2101,
CIMS.CAN.MB.Residential.Dwellings.Building Type.High Density.Vintage.<1960 Bldg Code.Heating (Cold),Service,MB,Residential,Heating (Cold),Electric - ASHP / Electric - backup,lifetime,,,,constant_tech,Years,15.5,15.5,15.5,15.5,15.5,15.5,15.5,15.5,15.5,15.5,15.5,
CIMS.CAN.MB.Residential.Dwellings.Building Type.High Density.Vintage.<1960 Bldg Code.Heating (Cold),Service,MB,Residential,Heating (Cold),Electric - ASHP / Electric - backup,market_share_total,,,,annual_region_tech,%,0,,,,,,,,,,,
CIMS.CAN.MB.Residential.Dwellings.Building Type.High Density.Vintage.<1960 Bldg Code.Heating (Cold),Service,MB,Residential,Heating (Cold),Electric - ASHP / Electric - backup,output,,,,constant_tech,node unit,31.399776,31.399776,31.399776,31.399776,31.399776,31.399776,31.399776,31.399776,31.399776,31.399776,31.399776,
CIMS.CAN.MB.Residential.Dwellings.Building Type.High Density.Vintage.<1960 Bldg Code.Heating (Cold),Service,MB,Residential,Heating (Cold),Electric - ASHP / Electric - backup,fcc,,,,constant_tech,$,9373.830161,9373.830161,9373.830161,9373.830161,9373.830161,9373.830161,9373.830161,9373.830161,9373.830161,9373.830161,9373.830161,
CIMS.CAN.MB.Residential.Dwellings.Building Type.High Density.Vintage.<1960 Bldg Code.Heating (Cold),Service,MB,Residential,Heating (Cold),Electric - ASHP / Electric - backup,fom,,,,constant_tech,$,106.3643791,106.3643791,106.3643791,106.3643791,106.3643791,106.3643791,106.3643791,106.3643791,106.3643791,106.3643791,106.3643791,
CIMS.CAN.MB.Residential.Dwellings.Building Type.High Density.Vintage.<1960 Bldg Code.Heating (Cold),Service,MB,Residential,Heating (Cold),Electric - ASHP / Electric - backup,service_request,,,CIMS.CAN.MB.Electricity,annual_tech,GJ,0.77747607755,0.77747607755,0.77747607755,0.77747607755,0.77747607755,0.77747607755,0.77747607755,0.77747607755,0.77747607755,0.77747607755,0.77747607755,
CIMS.CAN.MB.Residential.Dwellings.Building Type.High Density.Vintage.<1960 Bldg Code.Heating (Cold),Service,MB,Residential,Heating (Cold),Electric - ASHP / Electric - backup,service_request,,,CIMS.CAN.MB.Residential.Dwellings.Building Type.High Density.Cooling,annual_tech,GJ of cooling,-0.004568364,-0.004568364,-0.004568364,-0.004568364,-0.004568364,-0.004568364,-0.004568364,-0.004568364,-0.004568364,-0.004568364,-0.004568364,
CIMS.CAN.MB.Residential.Dwellings.Building Type.High Density.Vintage.<1960 Bldg Code.Heating (Cold),Service,MB,Residential,Heating (Cold),Heating Oil - Existing,technology,,,,,,,,,,,,,,,,,
CIMS.CAN.MB.Residential.Dwellings.Building Type.High Density.Vintage.<1960 Bldg Code.Heating (Cold),Service,MB,Residential,Heating (Cold),Heating Oil - Existing,available,,,,constant_tech,Year,1950,1950,1950,1950,1950,1950,1950,1950,1950,1950,1950,
CIMS.CAN.MB.Residential.Dwellings.Building Type.High Density.Vintage.<1960 Bldg Code.Heating (Cold),Service,MB,Residential,Heating (Cold),Heating Oil - Existing,unavailable,,,,constant_tech,Year,2001,2001,2001,2001,2001,2001,2001,2001,2001,2001,2001,
CIMS.CAN.MB.Residential.Dwellings.Building Type.High Density.Vintage.<1960 Bldg Code.Heating (Cold),Service,MB,Residential,Heating (Cold),Heating Oil - Existing,lifetime,,,,constant_tech,Years,23,23,23,23,23,23,23,23,23,23,23,
CIMS.CAN.MB.Residential.Dwellings.Building Type.High Density.Vintage.<1960 Bldg Code.Heating (Cold),Service,MB,Residential,Heating (Cold),Heating Oil - Existing,market_share_total,,,,annual_region_tech,%,0.01614244529864,,,,,,,,,,,
CIMS.CAN.MB.Residential.Dwellings.Building Type.High Density.Vintage.<1960 Bldg Code.Heating (Cold),Service,MB,Residential,Heating (Cold),Heating Oil - Existing,output,,,,constant_tech,node unit,31.399776,31.399776,31.399776,31.399776,31.399776,31.399776,31.399776,31.399776,31.399776,31.399776,31.399776,
CIMS.CAN.MB.Residential.Dwellings.Building Type.High Density.Vintage.<1960 Bldg Code.Heating (Cold),Service,MB,Residential,Heating (Cold),Heating Oil - Existing,fcc,,,,constant_tech,$,5943.891772,5943.891772,5943.891772,5943.891772,5943.891772,5943.891772,5943.891772,5943.891772,5943.891772,5943.891772,5943.891772,
CIMS.CAN.MB.Residential.Dwellings.Building Type.High Density.Vintage.<1960 Bldg Code.Heating (Cold),Service,MB,Residential,Heating (Cold),Heating Oil - Existing,fom,,,,constant_tech,$,100.1076509,100.1076509,100.1076509,100.1076509,100.1076509,100.1076509,100.1076509,100.1076509,100.1076509,100.1076509,100.1076509,
CIMS.CAN.MB.Residential.Dwellings.Building Type.High Density.Vintage.<1960 Bldg Code.Heating (Cold),Service,MB,Residential,Heating (Cold),Heating Oil - Existing,service_request,,,CIMS.Generic Fuels.Fuel Oil,annual_tech,GJ,1.666666667,1.666666667,1.666666667,1.666666667,1.666666667,1.666666667,1.666666667,1.666666667,1.666666667,1.666666667,1.666666667,
CIMS.CAN.MB.Residential.Dwellings.Building Type.High Density.Vintage.<1960 Bldg Code.Heating (Cold),Service,MB,Residential,Heating (Cold),Heating Oil - High Efficiency,technology,,,,,,,,,,,,,,,,,
CIMS.CAN.MB.Residential.Dwellings.Building Type.High Density.Vintage.<1960 Bldg Code.Heating (Cold),Service,MB,Residential,Heating (Cold),Heating Oil - High Efficiency,available,,,,constant_tech,Year,2000,2000,2000,2000,2000,2000,2000,2000,2000,2000,2000,
CIMS.CAN.MB.Residential.Dwellings.Building Type.High Density.Vintage.<1960 Bldg Code.Heating (Cold),Service,MB,Residential,Heating (Cold),Heating Oil - High Efficiency,unavailable,,,,constant_tech,Year,2101,2101,2101,2101,2101,2101,2101,2101,2101,2101,2101,
CIMS.CAN.MB.Residential.Dwellings.Building Type.High Density.Vintage.<1960 Bldg Code.Heating (Cold),Service,MB,Residential,Heating (Cold),Heating Oil - High Efficiency,lifetime,,,,constant_tech,Years,23,23,23,23,23,23,23,23,23,23,23,
CIMS.CAN.MB.Residential.Dwellings.Building Type.High Density.Vintage.<1960 Bldg Code.Heating (Cold),Service,MB,Residential,Heating (Cold),Heating Oil - High Efficiency,market_share_total,,,,annual_region_tech,%,0.00792800118273,,,,,,,,,,,
CIMS.CAN.MB.Residential.Dwellings.Building Type.High Density.Vintage.<1960 Bldg Code.Heating (Cold),Service,MB,Residential,Heating (Cold),Heating Oil - High Efficiency,output,,,,constant_tech,node unit,31.399776,31.399776,31.399776,31.399776,31.399776,31.399776,31.399776,31.399776,31.399776,31.399776,31.399776,
CIMS.CAN.MB.Residential.Dwellings.Building Type.High Density.Vintage.<1960 Bldg Code.Heating (Cold),Service,MB,Residential,Heating (Cold),Heating Oil - High Efficiency,fcc,,,,constant_tech,$,9541.510477,9541.510477,9541.510477,9541.510477,9541.510477,9541.510477,9541.510477,9541.510477,9541.510477,9541.510477,9541.510477,
CIMS.CAN.MB.Residential.Dwellings.Building Type.High Density.Vintage.<1960 Bldg Code.Heating (Cold),Service,MB,Residential,Heating (Cold),Heating Oil - High Efficiency,fom,,,,constant_tech,$,100.1076509,100.1076509,100.1076509,100.1076509,100.1076509,100.1076509,100.1076509,100.1076509,100.1076509,100.1076509,100.1076509,
CIMS.CAN.MB.Residential.Dwellings.Building Type.High Density.Vintage.<1960 Bldg Code.Heating (Cold),Service,MB,Residential,Heating (Cold),Heating Oil - High Efficiency,service_request,,,CIMS.Generic Fuels.Fuel Oil,annual_tech,GJ,1.162790698,1.162790698,1.162790698,1.162790698,1.162790698,1.162790698,1.162790698,1.162790698,1.162790698,1.162790698,1.162790698,
CIMS.CAN.MB.Residential.Dwellings.Building Type.High Density.Vintage.<1960 Bldg Code.Heating (Cold),Service,MB,Residential,Heating (Cold),Wood,technology,,,,,,,,,,,,,,,,,
CIMS.CAN.MB.Residential.Dwellings.Building Type.High Density.Vintage.<1960 Bldg Code.Heating (Cold),Service,MB,Residential,Heating (Cold),Wood,available,,,,constant_tech,Year,1950,1950,1950,1950,1950,1950,1950,1950,1950,1950,1950,
CIMS.CAN.MB.Residential.Dwellings.Building Type.High Density.Vintage.<1960 Bldg Code.Heating (Cold),Service,MB,Residential,Heating (Cold),Wood,unavailable,,,,constant_tech,Year,2101,2101,2101,2101,2101,2101,2101,2101,2101,2101,2101,
CIMS.CAN.MB.Residential.Dwellings.Building Type.High Density.Vintage.<1960 Bldg Code.Heating (Cold),Service,MB,Residential,Heating (Cold),Wood,lifetime,,,,constant_tech,Years,18.5,18.5,18.5,18.5,18.5,18.5,18.5,18.5,18.5,18.5,18.5,
CIMS.CAN.MB.Residential.Dwellings.Building Type.High Density.Vintage.<1960 Bldg Code.Heating (Cold),Service,MB,Residential,Heating (Cold),Wood,market_share_total,,,,annual_region_tech,%,0.03641521289178,,,,,,,,,,,
CIMS.CAN.MB.Residential.Dwellings.Building Type.High Density.Vintage.<1960 Bldg Code.Heating (Cold),Service,MB,Residential,Heating (Cold),Wood,output,,,,constant_tech,node unit,31.399776,31.399776,31.399776,31.399776,31.399776,31.399776,31.399776,31.399776,31.399776,31.399776,31.399776,
CIMS.CAN.MB.Residential.Dwellings.Building Type.High Density.Vintage.<1960 Bldg Code.Heating (Cold),Service,MB,Residential,Heating (Cold),Wood,fcc,,,,constant_tech,$,8000.269768,8000.269768,8000.269768,8000.269768,8000.269768,8000.269768,8000.269768,8000.269768,8000.269768,8000.269768,8000.269768,
CIMS.CAN.MB.Residential.Dwellings.Building Type.High Density.Vintage.<1960 Bldg Code.Heating (Cold),Service,MB,Residential,Heating (Cold),Wood,fom,,,,constant_tech,$,250.2691273,250.2691273,250.2691273,250.2691273,250.2691273,250.2691273,250.2691273,250.2691273,250.2691273,250.2691273,250.2691273,
CIMS.CAN.MB.Residential.Dwellings.Building Type.High Density.Vintage.<1960 Bldg Code.Heating (Cold),Service,MB,Residential,Heating (Cold),Wood,service_request,,,CIMS.Generic Fuels.Solid Biomass,annual_tech,GJ,2,2,2,2,2,2,2,2,2,2,2,
CIMS.CAN.MB.Residential.Dwellings.Building Type.High Density.Vintage.1961-1980 Bldg Code,Service,MB,Residential,1961-1980 Bldg Code,,service_provide,,,,constant_tech,m2,,,,,,,,,,,,
CIMS.CAN.MB.Residential.Dwellings.Building Type.High Density.Vintage.1961-1980 Bldg Code,Service,MB,Residential,1961-1980 Bldg Code,,competition,Tech Compete,,,,,,,,,,,,,,,,
CIMS.CAN.MB.Residential.Dwellings.Building Type.High Density.Vintage.1961-1980 Bldg Code,Service,MB,Residential,1961-1980 Bldg Code,,discount_rate_financial,,,,constant_tech,%,0.25,0.25,0.25,0.25,0.25,0.25,0.25,0.25,0.25,0.25,0.25,
CIMS.CAN.MB.Residential.Dwellings.Building Type.High Density.Vintage.1961-1980 Bldg Code,Service,MB,Residential,1961-1980 Bldg Code,,heterogeneity,,,,constant_tech,,10,10,10,10,10,10,10,10,10,10,10,
CIMS.CAN.MB.Residential.Dwellings.Building Type.High Density.Vintage.1961-1980 Bldg Code,Service,MB,Residential,1961-1980 Bldg Code,Reference,technology,,,,,,,,,,,,,,,,,
CIMS.CAN.MB.Residential.Dwellings.Building Type.High Density.Vintage.1961-1980 Bldg Code,Service,MB,Residential,1961-1980 Bldg Code,Reference,available,,,,constant_tech,Year,1961,1961,1961,1961,1961,1961,1961,1961,1961,1961,1961,
CIMS.CAN.MB.Residential.Dwellings.Building Type.High Density.Vintage.1961-1980 Bldg Code,Service,MB,Residential,1961-1980 Bldg Code,Reference,unavailable,,,,constant_tech,Year,2001,2001,2001,2001,2001,2001,2001,2001,2001,2001,2001,
CIMS.CAN.MB.Residential.Dwellings.Building Type.High Density.Vintage.1961-1980 Bldg Code,Service,MB,Residential,1961-1980 Bldg Code,Reference,lifetime,,,,constant_tech,Years,185,185,185,185,185,185,185,185,185,185,185,
CIMS.CAN.MB.Residential.Dwellings.Building Type.High Density.Vintage.1961-1980 Bldg Code,Service,MB,Residential,1961-1980 Bldg Code,Reference,market_share_total,,,,annual_tech,%,1,,,,,,,,,,,
CIMS.CAN.MB.Residential.Dwellings.Building Type.High Density.Vintage.1961-1980 Bldg Code,Service,MB,Residential,1961-1980 Bldg Code,Reference,service_request,,,CIMS.CAN.MB.Residential.Dwellings.Building Type.High Density.Vintage.1961-1980 Bldg Code.Heating (Cold),annual_region_tech,GJ,0.33057965332388,0.31688350672083,0.34332008279718,0.36426456222129,0.40941384531517,0.40941384531517,0.40941384531517,0.40941384531517,0.40941384531517,0.40941384531517,0.40941384531517,
CIMS.CAN.MB.Residential.Dwellings.Building Type.High Density.Vintage.1961-1980 Bldg Code,Service,MB,Residential,1961-1980 Bldg Code,Retrofit Average,technology,,,,,,,,,,,,,,,,,
CIMS.CAN.MB.Residential.Dwellings.Building Type.High Density.Vintage.1961-1980 Bldg Code,Service,MB,Residential,1961-1980 Bldg Code,Retrofit Average,available,,,,constant_tech,Year,1961,1961,1961,1961,1961,1961,1961,1961,1961,1961,1961,
CIMS.CAN.MB.Residential.Dwellings.Building Type.High Density.Vintage.1961-1980 Bldg Code,Service,MB,Residential,1961-1980 Bldg Code,Retrofit Average,unavailable,,,,constant_tech,Year,2101,2101,2101,2101,2101,2101,2101,2101,2101,2101,2101,
CIMS.CAN.MB.Residential.Dwellings.Building Type.High Density.Vintage.1961-1980 Bldg Code,Service,MB,Residential,1961-1980 Bldg Code,Retrofit Average,lifetime,,,,constant_tech,Years,185,185,185,185,185,185,185,185,185,185,185,
CIMS.CAN.MB.Residential.Dwellings.Building Type.High Density.Vintage.1961-1980 Bldg Code,Service,MB,Residential,1961-1980 Bldg Code,Retrofit Average,market_share_total,,,,annual_tech,%,0,,,,,,,,,,,
CIMS.CAN.MB.Residential.Dwellings.Building Type.High Density.Vintage.1961-1980 Bldg Code,Service,MB,Residential,1961-1980 Bldg Code,Retrofit Average,fcc,,,,constant_tech,$,1565,1565,1565,1565,1565,1565,1565,1565,1565,1565,1565,
CIMS.CAN.MB.Residential.Dwellings.Building Type.High Density.Vintage.1961-1980 Bldg Code,Service,MB,Residential,1961-1980 Bldg Code,Retrofit Average,market_share_new_max,,,,constant_tech,%,0,0,0,0,0,0,0,0,0,0,0,
CIMS.CAN.MB.Residential.Dwellings.Building Type.High Density.Vintage.1961-1980 Bldg Code,Service,MB,Residential,1961-1980 Bldg Code,Retrofit Average,service_request,,,CIMS.CAN.MB.Residential.Dwellings.Building Type.High Density.Vintage.1961-1980 Bldg Code.Heating (Cold),annual_region_tech,GJ,0.23140575732672,0.22181845470458,0.24032405795803,0.2549851935549,0.28658969172062,0.28658969172062,0.28658969172062,0.28658969172062,0.28658969172062,0.28658969172062,0.28658969172062,
CIMS.CAN.MB.Residential.Dwellings.Building Type.High Density.Vintage.1961-1980 Bldg Code,Service,MB,Residential,1961-1980 Bldg Code,Retrofit Deep,technology,,,,,,,,,,,,,,,,,
CIMS.CAN.MB.Residential.Dwellings.Building Type.High Density.Vintage.1961-1980 Bldg Code,Service,MB,Residential,1961-1980 Bldg Code,Retrofit Deep,available,,,,constant_tech,Year,1961,1961,1961,1961,1961,1961,1961,1961,1961,1961,1961,
CIMS.CAN.MB.Residential.Dwellings.Building Type.High Density.Vintage.1961-1980 Bldg Code,Service,MB,Residential,1961-1980 Bldg Code,Retrofit Deep,unavailable,,,,constant_tech,Year,2101,2101,2101,2101,2101,2101,2101,2101,2101,2101,2101,
CIMS.CAN.MB.Residential.Dwellings.Building Type.High Density.Vintage.1961-1980 Bldg Code,Service,MB,Residential,1961-1980 Bldg Code,Retrofit Deep,lifetime,,,,constant_tech,Years,185,185,185,185,185,185,185,185,185,185,185,
CIMS.CAN.MB.Residential.Dwellings.Building Type.High Density.Vintage.1961-1980 Bldg Code,Service,MB,Residential,1961-1980 Bldg Code,Retrofit Deep,market_share_total,,,,annual_tech,%,0,,,,,,,,,,,
CIMS.CAN.MB.Residential.Dwellings.Building Type.High Density.Vintage.1961-1980 Bldg Code,Service,MB,Residential,1961-1980 Bldg Code,Retrofit Deep,fcc,,,,constant_tech,$,3130,3130,3130,3130,3130,3130,3130,3130,3130,3130,3130,
CIMS.CAN.MB.Residential.Dwellings.Building Type.High Density.Vintage.1961-1980 Bldg Code,Service,MB,Residential,1961-1980 Bldg Code,Retrofit Deep,market_share_new_max,,,,constant_tech,%,0,0,0,0,0,0,0,0,0,0,0,
CIMS.CAN.MB.Residential.Dwellings.Building Type.High Density.Vintage.1961-1980 Bldg Code,Service,MB,Residential,1961-1980 Bldg Code,Retrofit Deep,service_request,,,CIMS.CAN.MB.Residential.Dwellings.Building Type.High Density.Vintage.1961-1980 Bldg Code.Heating (Cold),annual_region_tech,GJ,0.16528982666194,0.15844175336041,0.17166004139859,0.18213228111065,0.20470692265759,0.20470692265759,0.20470692265759,0.20470692265759,0.20470692265759,0.20470692265759,0.20470692265759,
CIMS.CAN.MB.Residential.Dwellings.Building Type.High Density.Vintage.1961-1980 Bldg Code.Heating (Cold),Service,MB,Residential,Heating (Cold),,service_provide,,,,constant_tech,GJ of heat,,,,,,,,,,,,
CIMS.CAN.MB.Residential.Dwellings.Building Type.High Density.Vintage.1961-1980 Bldg Code.Heating (Cold),Service,MB,Residential,Heating (Cold),,competition,Tech Compete,,,,,,,,,,,,,,,,
CIMS.CAN.MB.Residential.Dwellings.Building Type.High Density.Vintage.1961-1980 Bldg Code.Heating (Cold),Service,MB,Residential,Heating (Cold),,discount_rate_financial,,,,constant_tech,%,0.25,0.25,0.25,0.25,0.25,0.25,0.25,0.25,0.25,0.25,0.25,
CIMS.CAN.MB.Residential.Dwellings.Building Type.High Density.Vintage.1961-1980 Bldg Code.Heating (Cold),Service,MB,Residential,Heating (Cold),,inheritance,intercept_retirement,,,constant_tech,,TRUE,TRUE,TRUE,TRUE,TRUE,TRUE,TRUE,TRUE,TRUE,TRUE,TRUE,
CIMS.CAN.MB.Residential.Dwellings.Building Type.High Density.Vintage.1961-1980 Bldg Code.Heating (Cold),Service,MB,Residential,Heating (Cold),,heterogeneity,,,,constant_tech,,10,10,10,10,10,10,10,10,10,10,10,
CIMS.CAN.MB.Residential.Dwellings.Building Type.High Density.Vintage.1961-1980 Bldg Code.Heating (Cold),Service,MB,Residential,Heating (Cold),NG - Existing,technology,,,,,,,,,,,,,,,,,
CIMS.CAN.MB.Residential.Dwellings.Building Type.High Density.Vintage.1961-1980 Bldg Code.Heating (Cold),Service,MB,Residential,Heating (Cold),NG - Existing,available,,,,constant_tech,Year,1950,1950,1950,1950,1950,1950,1950,1950,1950,1950,1950,
CIMS.CAN.MB.Residential.Dwellings.Building Type.High Density.Vintage.1961-1980 Bldg Code.Heating (Cold),Service,MB,Residential,Heating (Cold),NG - Existing,unavailable,,,,constant_tech,Year,2001,2001,2001,2001,2001,2001,2001,2001,2001,2001,2001,
CIMS.CAN.MB.Residential.Dwellings.Building Type.High Density.Vintage.1961-1980 Bldg Code.Heating (Cold),Service,MB,Residential,Heating (Cold),NG - Existing,lifetime,,,,constant_tech,Years,14,14,14,14,14,14,14,14,14,14,14,
CIMS.CAN.MB.Residential.Dwellings.Building Type.High Density.Vintage.1961-1980 Bldg Code.Heating (Cold),Service,MB,Residential,Heating (Cold),NG - Existing,market_share_total,,,,annual_region_tech,%,0.30327838557067,,,,,,,,,,,
CIMS.CAN.MB.Residential.Dwellings.Building Type.High Density.Vintage.1961-1980 Bldg Code.Heating (Cold),Service,MB,Residential,Heating (Cold),NG - Existing,output,,,,constant_tech,node unit,31.399776,31.399776,31.399776,31.399776,31.399776,31.399776,31.399776,31.399776,31.399776,31.399776,31.399776,
CIMS.CAN.MB.Residential.Dwellings.Building Type.High Density.Vintage.1961-1980 Bldg Code.Heating (Cold),Service,MB,Residential,Heating (Cold),NG - Existing,fcc,,,,constant_tech,$,3603.875433,3603.875433,3603.875433,3603.875433,3603.875433,3603.875433,3603.875433,3603.875433,3603.875433,3603.875433,3603.875433,
CIMS.CAN.MB.Residential.Dwellings.Building Type.High Density.Vintage.1961-1980 Bldg Code.Heating (Cold),Service,MB,Residential,Heating (Cold),NG - Existing,fom,,,,constant_tech,$,75.08073818,75.08073818,75.08073818,75.08073818,75.08073818,75.08073818,75.08073818,75.08073818,75.08073818,75.08073818,75.08073818,
CIMS.CAN.MB.Residential.Dwellings.Building Type.High Density.Vintage.1961-1980 Bldg Code.Heating (Cold),Service,MB,Residential,Heating (Cold),NG - Existing,service_request,,,CIMS.CAN.MB.Residential.Methane Blend,annual_tech,GJ,1.6935483873,1.6935483873,1.6935483873,1.6935483873,1.6935483873,1.6935483873,1.6935483873,1.6935483873,1.6935483873,1.6935483873,1.6935483873,
CIMS.CAN.MB.Residential.Dwellings.Building Type.High Density.Vintage.1961-1980 Bldg Code.Heating (Cold),Service,MB,Residential,Heating (Cold),NG - Standard Efficiency,technology,,,,,,,,,,,,,,,,,
CIMS.CAN.MB.Residential.Dwellings.Building Type.High Density.Vintage.1961-1980 Bldg Code.Heating (Cold),Service,MB,Residential,Heating (Cold),NG - Standard Efficiency,available,,,,constant_tech,Year,1990,1990,1990,1990,1990,1990,1990,1990,1990,1990,1990,
CIMS.CAN.MB.Residential.Dwellings.Building Type.High Density.Vintage.1961-1980 Bldg Code.Heating (Cold),Service,MB,Residential,Heating (Cold),NG - Standard Efficiency,unavailable,,,,constant_tech,Year,2101,2101,2101,2101,2101,2101,2101,2101,2101,2101,2101,
CIMS.CAN.MB.Residential.Dwellings.Building Type.High Density.Vintage.1961-1980 Bldg Code.Heating (Cold),Service,MB,Residential,Heating (Cold),NG - Standard Efficiency,lifetime,,,,constant_tech,Years,19,19,19,19,19,19,19,19,19,19,19,
CIMS.CAN.MB.Residential.Dwellings.Building Type.High Density.Vintage.1961-1980 Bldg Code.Heating (Cold),Service,MB,Residential,Heating (Cold),NG - Standard Efficiency,market_share_total,,,,annual_region_tech,%,0.15874482554701,,,,,,,,,,,
CIMS.CAN.MB.Residential.Dwellings.Building Type.High Density.Vintage.1961-1980 Bldg Code.Heating (Cold),Service,MB,Residential,Heating (Cold),NG - Standard Efficiency,output,,,,constant_tech,node unit,31.399776,31.399776,31.399776,31.399776,31.399776,31.399776,31.399776,31.399776,31.399776,31.399776,31.399776,
CIMS.CAN.MB.Residential.Dwellings.Building Type.High Density.Vintage.1961-1980 Bldg Code.Heating (Cold),Service,MB,Residential,Heating (Cold),NG - Standard Efficiency,fcc,,,,constant_tech,$,5005.382545,5005.382545,5005.382545,5005.382545,5005.382545,5005.382545,5005.382545,5005.382545,5005.382545,5005.382545,5005.382545,
CIMS.CAN.MB.Residential.Dwellings.Building Type.High Density.Vintage.1961-1980 Bldg Code.Heating (Cold),Service,MB,Residential,Heating (Cold),NG - Standard Efficiency,fom,,,,constant_tech,$,162.6749327,162.6749327,162.6749327,162.6749327,162.6749327,162.6749327,162.6749327,162.6749327,162.6749327,162.6749327,162.6749327,
CIMS.CAN.MB.Residential.Dwellings.Building Type.High Density.Vintage.1961-1980 Bldg Code.Heating (Cold),Service,MB,Residential,Heating (Cold),NG - Standard Efficiency,service_request,,,CIMS.CAN.MB.Residential.Methane Blend,annual_tech,GJ,1.32911392425,1.32911392425,1.32911392425,1.32911392425,1.32911392425,1.32911392425,1.32911392425,1.32911392425,1.32911392425,1.32911392425,1.32911392425,
CIMS.CAN.MB.Residential.Dwellings.Building Type.High Density.Vintage.1961-1980 Bldg Code.Heating (Cold),Service,MB,Residential,Heating (Cold),NG - High Efficiency,technology,,,,,,,,,,,,,,,,,
CIMS.CAN.MB.Residential.Dwellings.Building Type.High Density.Vintage.1961-1980 Bldg Code.Heating (Cold),Service,MB,Residential,Heating (Cold),NG - High Efficiency,available,,,,constant_tech,Year,2000,2000,2000,2000,2000,2000,2000,2000,2000,2000,2000,
CIMS.CAN.MB.Residential.Dwellings.Building Type.High Density.Vintage.1961-1980 Bldg Code.Heating (Cold),Service,MB,Residential,Heating (Cold),NG - High Efficiency,unavailable,,,,constant_tech,Year,2101,2101,2101,2101,2101,2101,2101,2101,2101,2101,2101,
CIMS.CAN.MB.Residential.Dwellings.Building Type.High Density.Vintage.1961-1980 Bldg Code.Heating (Cold),Service,MB,Residential,Heating (Cold),NG - High Efficiency,lifetime,,,,constant_tech,Years,19,19,19,19,19,19,19,19,19,19,19,
CIMS.CAN.MB.Residential.Dwellings.Building Type.High Density.Vintage.1961-1980 Bldg Code.Heating (Cold),Service,MB,Residential,Heating (Cold),NG - High Efficiency,market_share_total,,,,annual_region_tech,%,0.13168982850384,,,,,,,,,,,
CIMS.CAN.MB.Residential.Dwellings.Building Type.High Density.Vintage.1961-1980 Bldg Code.Heating (Cold),Service,MB,Residential,Heating (Cold),NG - High Efficiency,output,,,,constant_tech,node unit,31.399776,31.399776,31.399776,31.399776,31.399776,31.399776,31.399776,31.399776,31.399776,31.399776,31.399776,
CIMS.CAN.MB.Residential.Dwellings.Building Type.High Density.Vintage.1961-1980 Bldg Code.Heating (Cold),Service,MB,Residential,Heating (Cold),NG - High Efficiency,fcc,,,,constant_tech,$,6231.7012692,6231.7012692,6231.7012692,6231.7012692,6231.7012692,6231.7012692,6231.7012692,6231.7012692,6231.7012692,6231.7012692,6231.7012692,
CIMS.CAN.MB.Residential.Dwellings.Building Type.High Density.Vintage.1961-1980 Bldg Code.Heating (Cold),Service,MB,Residential,Heating (Cold),NG - High Efficiency,fom,,,,constant_tech,$,162.6749327,162.6749327,162.6749327,162.6749327,162.6749327,162.6749327,162.6749327,162.6749327,162.6749327,162.6749327,162.6749327,
CIMS.CAN.MB.Residential.Dwellings.Building Type.High Density.Vintage.1961-1980 Bldg Code.Heating (Cold),Service,MB,Residential,Heating (Cold),NG - High Efficiency,service_request,,,CIMS.CAN.MB.Residential.Methane Blend,annual_tech,GJ,1.16666666655,1.16666666655,1.16666666655,1.16666666655,1.16666666655,1.16666666655,1.16666666655,1.16666666655,1.16666666655,1.16666666655,1.16666666655,
CIMS.CAN.MB.Residential.Dwellings.Building Type.High Density.Vintage.1961-1980 Bldg Code.Heating (Cold),Service,MB,Residential,Heating (Cold),NG - ASHP / NG - backup,technology,,,,,,,,,,,,,,,,,
CIMS.CAN.MB.Residential.Dwellings.Building Type.High Density.Vintage.1961-1980 Bldg Code.Heating (Cold),Service,MB,Residential,Heating (Cold),NG - ASHP / NG - backup,available,,,,constant_tech,Year,2000,2000,2000,2000,2000,2000,2000,2000,2000,2000,2000,
CIMS.CAN.MB.Residential.Dwellings.Building Type.High Density.Vintage.1961-1980 Bldg Code.Heating (Cold),Service,MB,Residential,Heating (Cold),NG - ASHP / NG - backup,unavailable,,,,constant_tech,Year,2101,2101,2101,2101,2101,2101,2101,2101,2101,2101,2101,
CIMS.CAN.MB.Residential.Dwellings.Building Type.High Density.Vintage.1961-1980 Bldg Code.Heating (Cold),Service,MB,Residential,Heating (Cold),NG - ASHP / NG - backup,lifetime,,,,constant_tech,Years,15,15,15,15,15,15,15,15,15,15,15,
CIMS.CAN.MB.Residential.Dwellings.Building Type.High Density.Vintage.1961-1980 Bldg Code.Heating (Cold),Service,MB,Residential,Heating (Cold),NG - ASHP / NG - backup,market_share_total,,,,annual_region_tech,%,0,,,,,,,,,,,
CIMS.CAN.MB.Residential.Dwellings.Building Type.High Density.Vintage.1961-1980 Bldg Code.Heating (Cold),Service,MB,Residential,Heating (Cold),NG - ASHP / NG - backup,output,,,,constant_tech,node unit,31.399776,31.399776,31.399776,31.399776,31.399776,31.399776,31.399776,31.399776,31.399776,31.399776,31.399776,
CIMS.CAN.MB.Residential.Dwellings.Building Type.High Density.Vintage.1961-1980 Bldg Code.Heating (Cold),Service,MB,Residential,Heating (Cold),NG - ASHP / NG - backup,fcc,,,,constant_tech,$,20015.27345,20015.27345,20015.27345,20015.27345,20015.27345,20015.27345,20015.27345,20015.27345,20015.27345,20015.27345,20015.27345,
CIMS.CAN.MB.Residential.Dwellings.Building Type.High Density.Vintage.1961-1980 Bldg Code.Heating (Cold),Service,MB,Residential,Heating (Cold),NG - ASHP / NG - backup,fom,,,,constant_tech,$,250.2691273,250.2691273,250.2691273,250.2691273,250.2691273,250.2691273,250.2691273,250.2691273,250.2691273,250.2691273,250.2691273,
CIMS.CAN.MB.Residential.Dwellings.Building Type.High Density.Vintage.1961-1980 Bldg Code.Heating (Cold),Service,MB,Residential,Heating (Cold),NG - ASHP / NG - backup,service_request,,,CIMS.CAN.MB.Residential.Methane Blend,annual_tech,GJ,2.1593627892625,2.1593627892625,2.1593627892625,2.1593627892625,2.1593627892625,2.1593627892625,2.1593627892625,2.1593627892625,2.1593627892625,2.1593627892625,2.1593627892625,
CIMS.CAN.MB.Residential.Dwellings.Building Type.High Density.Vintage.1961-1980 Bldg Code.Heating (Cold),Service,MB,Residential,Heating (Cold),NG - ASHP / NG - backup,service_request,,,CIMS.CAN.MB.Residential.Dwellings.Building Type.High Density.Cooling,annual_tech,GJ of cooling,-0.004568364,-0.004568364,-0.004568364,-0.004568364,-0.004568364,-0.004568364,-0.004568364,-0.004568364,-0.004568364,-0.004568364,-0.004568364,
CIMS.CAN.MB.Residential.Dwellings.Building Type.High Density.Vintage.1961-1980 Bldg Code.Heating (Cold),Service,MB,Residential,Heating (Cold),Electric - Standard Efficiency,technology,,,,,,,,,,,,,,,,,
CIMS.CAN.MB.Residential.Dwellings.Building Type.High Density.Vintage.1961-1980 Bldg Code.Heating (Cold),Service,MB,Residential,Heating (Cold),Electric - Standard Efficiency,available,,,,constant_tech,Year,1950,1950,1950,1950,1950,1950,1950,1950,1950,1950,1950,
CIMS.CAN.MB.Residential.Dwellings.Building Type.High Density.Vintage.1961-1980 Bldg Code.Heating (Cold),Service,MB,Residential,Heating (Cold),Electric - Standard Efficiency,unavailable,,,,constant_tech,Year,2101,2101,2101,2101,2101,2101,2101,2101,2101,2101,2101,
CIMS.CAN.MB.Residential.Dwellings.Building Type.High Density.Vintage.1961-1980 Bldg Code.Heating (Cold),Service,MB,Residential,Heating (Cold),Electric - Standard Efficiency,lifetime,,,,constant_tech,Years,22.5,22.5,22.5,22.5,22.5,22.5,22.5,22.5,22.5,22.5,22.5,
CIMS.CAN.MB.Residential.Dwellings.Building Type.High Density.Vintage.1961-1980 Bldg Code.Heating (Cold),Service,MB,Residential,Heating (Cold),Electric - Standard Efficiency,market_share_total,,,,annual_region_tech,%,0.3332994529864,,,,,,,,,,,
CIMS.CAN.MB.Residential.Dwellings.Building Type.High Density.Vintage.1961-1980 Bldg Code.Heating (Cold),Service,MB,Residential,Heating (Cold),Electric - Standard Efficiency,output,,,,constant_tech,node unit,31.399776,31.399776,31.399776,31.399776,31.399776,31.399776,31.399776,31.399776,31.399776,31.399776,31.399776,
CIMS.CAN.MB.Residential.Dwellings.Building Type.High Density.Vintage.1961-1980 Bldg Code.Heating (Cold),Service,MB,Residential,Heating (Cold),Electric - Standard Efficiency,fcc,,,,constant_tech,$,3822.860919,3822.860919,3822.860919,3822.860919,3822.860919,3822.860919,3822.860919,3822.860919,3822.860919,3822.860919,3822.860919,
CIMS.CAN.MB.Residential.Dwellings.Building Type.High Density.Vintage.1961-1980 Bldg Code.Heating (Cold),Service,MB,Residential,Heating (Cold),Electric - Standard Efficiency,service_request,,,CIMS.CAN.MB.Electricity,annual_tech,GJ,1,1,1,1,1,1,1,1,1,1,1,
CIMS.CAN.MB.Residential.Dwellings.Building Type.High Density.Vintage.1961-1980 Bldg Code.Heating (Cold),Service,MB,Residential,Heating (Cold),Electric - ASHP / NG - backup,technology,,,,,,,,,,,,,,,,,
CIMS.CAN.MB.Residential.Dwellings.Building Type.High Density.Vintage.1961-1980 Bldg Code.Heating (Cold),Service,MB,Residential,Heating (Cold),Electric - ASHP / NG - backup,available,,,,constant_tech,Year,2000,2000,2000,2000,2000,2000,2000,2000,2000,2000,2000,
CIMS.CAN.MB.Residential.Dwellings.Building Type.High Density.Vintage.1961-1980 Bldg Code.Heating (Cold),Service,MB,Residential,Heating (Cold),Electric - ASHP / NG - backup,unavailable,,,,constant_tech,Year,2101,2101,2101,2101,2101,2101,2101,2101,2101,2101,2101,
CIMS.CAN.MB.Residential.Dwellings.Building Type.High Density.Vintage.1961-1980 Bldg Code.Heating (Cold),Service,MB,Residential,Heating (Cold),Electric - ASHP / NG - backup,lifetime,,,,constant_tech,Years,15.5,15.5,15.5,15.5,15.5,15.5,15.5,15.5,15.5,15.5,15.5,
CIMS.CAN.MB.Residential.Dwellings.Building Type.High Density.Vintage.1961-1980 Bldg Code.Heating (Cold),Service,MB,Residential,Heating (Cold),Electric - ASHP / NG - backup,market_share_total,,,,annual_region_tech,%,0.01250184801892,,,,,,,,,,,
CIMS.CAN.MB.Residential.Dwellings.Building Type.High Density.Vintage.1961-1980 Bldg Code.Heating (Cold),Service,MB,Residential,Heating (Cold),Electric - ASHP / NG - backup,output,,,,constant_tech,node unit,31.399776,31.399776,31.399776,31.399776,31.399776,31.399776,31.399776,31.399776,31.399776,31.399776,31.399776,
CIMS.CAN.MB.Residential.Dwellings.Building Type.High Density.Vintage.1961-1980 Bldg Code.Heating (Cold),Service,MB,Residential,Heating (Cold),Electric - ASHP / NG - backup,fcc,,,,constant_tech,$,9647.874856,9647.874856,9647.874856,9647.874856,9647.874856,9647.874856,9647.874856,9647.874856,9647.874856,9647.874856,9647.874856,
CIMS.CAN.MB.Residential.Dwellings.Building Type.High Density.Vintage.1961-1980 Bldg Code.Heating (Cold),Service,MB,Residential,Heating (Cold),Electric - ASHP / NG - backup,fom,,,,constant_tech,$,269.0393118,269.0393118,269.0393118,269.0393118,269.0393118,269.0393118,269.0393118,269.0393118,269.0393118,269.0393118,269.0393118,
CIMS.CAN.MB.Residential.Dwellings.Building Type.High Density.Vintage.1961-1980 Bldg Code.Heating (Cold),Service,MB,Residential,Heating (Cold),Electric - ASHP / NG - backup,service_request,,,CIMS.CAN.MB.Electricity,annual_tech,GJ,0.72747607755,0.72747607755,0.72747607755,0.72747607755,0.72747607755,0.72747607755,0.72747607755,0.72747607755,0.72747607755,0.72747607755,0.72747607755,
CIMS.CAN.MB.Residential.Dwellings.Building Type.High Density.Vintage.1961-1980 Bldg Code.Heating (Cold),Service,MB,Residential,Heating (Cold),Electric - ASHP / NG - backup,service_request,,,CIMS.CAN.MB.Residential.Methane Blend,annual_tech,GJ,0.0583333333275,0.0583333333275,0.0583333333275,0.0583333333275,0.0583333333275,0.0583333333275,0.0583333333275,0.0583333333275,0.0583333333275,0.0583333333275,0.0583333333275,
CIMS.CAN.MB.Residential.Dwellings.Building Type.High Density.Vintage.1961-1980 Bldg Code.Heating (Cold),Service,MB,Residential,Heating (Cold),Electric - ASHP / NG - backup,service_request,,,CIMS.CAN.MB.Residential.Dwellings.Building Type.High Density.Cooling,annual_tech,GJ of cooling,-0.004568364,-0.004568364,-0.004568364,-0.004568364,-0.004568364,-0.004568364,-0.004568364,-0.004568364,-0.004568364,-0.004568364,-0.004568364,
CIMS.CAN.MB.Residential.Dwellings.Building Type.High Density.Vintage.1961-1980 Bldg Code.Heating (Cold),Service,MB,Residential,Heating (Cold),Electric - ASHP / Electric - backup,technology,,,,,,,,,,,,,,,,,
CIMS.CAN.MB.Residential.Dwellings.Building Type.High Density.Vintage.1961-1980 Bldg Code.Heating (Cold),Service,MB,Residential,Heating (Cold),Electric - ASHP / Electric - backup,available,,,,constant_tech,Year,2000,2000,2000,2000,2000,2000,2000,2000,2000,2000,2000,
CIMS.CAN.MB.Residential.Dwellings.Building Type.High Density.Vintage.1961-1980 Bldg Code.Heating (Cold),Service,MB,Residential,Heating (Cold),Electric - ASHP / Electric - backup,unavailable,,,,constant_tech,Year,2101,2101,2101,2101,2101,2101,2101,2101,2101,2101,2101,
CIMS.CAN.MB.Residential.Dwellings.Building Type.High Density.Vintage.1961-1980 Bldg Code.Heating (Cold),Service,MB,Residential,Heating (Cold),Electric - ASHP / Electric - backup,lifetime,,,,constant_tech,Years,15.5,15.5,15.5,15.5,15.5,15.5,15.5,15.5,15.5,15.5,15.5,
CIMS.CAN.MB.Residential.Dwellings.Building Type.High Density.Vintage.1961-1980 Bldg Code.Heating (Cold),Service,MB,Residential,Heating (Cold),Electric - ASHP / Electric - backup,market_share_total,,,,annual_region_tech,%,0,,,,,,,,,,,
CIMS.CAN.MB.Residential.Dwellings.Building Type.High Density.Vintage.1961-1980 Bldg Code.Heating (Cold),Service,MB,Residential,Heating (Cold),Electric - ASHP / Electric - backup,output,,,,constant_tech,node unit,31.399776,31.399776,31.399776,31.399776,31.399776,31.399776,31.399776,31.399776,31.399776,31.399776,31.399776,
CIMS.CAN.MB.Residential.Dwellings.Building Type.High Density.Vintage.1961-1980 Bldg Code.Heating (Cold),Service,MB,Residential,Heating (Cold),Electric - ASHP / Electric - backup,fcc,,,,constant_tech,$,9373.830161,9373.830161,9373.830161,9373.830161,9373.830161,9373.830161,9373.830161,9373.830161,9373.830161,9373.830161,9373.830161,
CIMS.CAN.MB.Residential.Dwellings.Building Type.High Density.Vintage.1961-1980 Bldg Code.Heating (Cold),Service,MB,Residential,Heating (Cold),Electric - ASHP / Electric - backup,fom,,,,constant_tech,$,106.3643791,106.3643791,106.3643791,106.3643791,106.3643791,106.3643791,106.3643791,106.3643791,106.3643791,106.3643791,106.3643791,
CIMS.CAN.MB.Residential.Dwellings.Building Type.High Density.Vintage.1961-1980 Bldg Code.Heating (Cold),Service,MB,Residential,Heating (Cold),Electric - ASHP / Electric - backup,service_request,,,CIMS.CAN.MB.Electricity,annual_tech,GJ,0.77747607755,0.77747607755,0.77747607755,0.77747607755,0.77747607755,0.77747607755,0.77747607755,0.77747607755,0.77747607755,0.77747607755,0.77747607755,
CIMS.CAN.MB.Residential.Dwellings.Building Type.High Density.Vintage.1961-1980 Bldg Code.Heating (Cold),Service,MB,Residential,Heating (Cold),Electric - ASHP / Electric - backup,service_request,,,CIMS.CAN.MB.Residential.Dwellings.Building Type.High Density.Cooling,annual_tech,GJ of cooling,-0.004568364,-0.004568364,-0.004568364,-0.004568364,-0.004568364,-0.004568364,-0.004568364,-0.004568364,-0.004568364,-0.004568364,-0.004568364,
CIMS.CAN.MB.Residential.Dwellings.Building Type.High Density.Vintage.1961-1980 Bldg Code.Heating (Cold),Service,MB,Residential,Heating (Cold),Heating Oil - Existing,technology,,,,,,,,,,,,,,,,,
CIMS.CAN.MB.Residential.Dwellings.Building Type.High Density.Vintage.1961-1980 Bldg Code.Heating (Cold),Service,MB,Residential,Heating (Cold),Heating Oil - Existing,available,,,,constant_tech,Year,1950,1950,1950,1950,1950,1950,1950,1950,1950,1950,1950,
CIMS.CAN.MB.Residential.Dwellings.Building Type.High Density.Vintage.1961-1980 Bldg Code.Heating (Cold),Service,MB,Residential,Heating (Cold),Heating Oil - Existing,unavailable,,,,constant_tech,Year,2001,2001,2001,2001,2001,2001,2001,2001,2001,2001,2001,
CIMS.CAN.MB.Residential.Dwellings.Building Type.High Density.Vintage.1961-1980 Bldg Code.Heating (Cold),Service,MB,Residential,Heating (Cold),Heating Oil - Existing,lifetime,,,,constant_tech,Years,23,23,23,23,23,23,23,23,23,23,23,
CIMS.CAN.MB.Residential.Dwellings.Building Type.High Density.Vintage.1961-1980 Bldg Code.Heating (Cold),Service,MB,Residential,Heating (Cold),Heating Oil - Existing,market_share_total,,,,annual_region_tech,%,0.01614244529864,,,,,,,,,,,
CIMS.CAN.MB.Residential.Dwellings.Building Type.High Density.Vintage.1961-1980 Bldg Code.Heating (Cold),Service,MB,Residential,Heating (Cold),Heating Oil - Existing,output,,,,constant_tech,node unit,31.399776,31.399776,31.399776,31.399776,31.399776,31.399776,31.399776,31.399776,31.399776,31.399776,31.399776,
CIMS.CAN.MB.Residential.Dwellings.Building Type.High Density.Vintage.1961-1980 Bldg Code.Heating (Cold),Service,MB,Residential,Heating (Cold),Heating Oil - Existing,fcc,,,,constant_tech,$,5943.891772,5943.891772,5943.891772,5943.891772,5943.891772,5943.891772,5943.891772,5943.891772,5943.891772,5943.891772,5943.891772,
CIMS.CAN.MB.Residential.Dwellings.Building Type.High Density.Vintage.1961-1980 Bldg Code.Heating (Cold),Service,MB,Residential,Heating (Cold),Heating Oil - Existing,fom,,,,constant_tech,$,100.1076509,100.1076509,100.1076509,100.1076509,100.1076509,100.1076509,100.1076509,100.1076509,100.1076509,100.1076509,100.1076509,
CIMS.CAN.MB.Residential.Dwellings.Building Type.High Density.Vintage.1961-1980 Bldg Code.Heating (Cold),Service,MB,Residential,Heating (Cold),Heating Oil - Existing,service_request,,,CIMS.Generic Fuels.Fuel Oil,annual_tech,GJ,1.666666667,1.666666667,1.666666667,1.666666667,1.666666667,1.666666667,1.666666667,1.666666667,1.666666667,1.666666667,1.666666667,
CIMS.CAN.MB.Residential.Dwellings.Building Type.High Density.Vintage.1961-1980 Bldg Code.Heating (Cold),Service,MB,Residential,Heating (Cold),Heating Oil - High Efficiency,technology,,,,,,,,,,,,,,,,,
CIMS.CAN.MB.Residential.Dwellings.Building Type.High Density.Vintage.1961-1980 Bldg Code.Heating (Cold),Service,MB,Residential,Heating (Cold),Heating Oil - High Efficiency,available,,,,constant_tech,Year,2000,2000,2000,2000,2000,2000,2000,2000,2000,2000,2000,
CIMS.CAN.MB.Residential.Dwellings.Building Type.High Density.Vintage.1961-1980 Bldg Code.Heating (Cold),Service,MB,Residential,Heating (Cold),Heating Oil - High Efficiency,unavailable,,,,constant_tech,Year,2101,2101,2101,2101,2101,2101,2101,2101,2101,2101,2101,
CIMS.CAN.MB.Residential.Dwellings.Building Type.High Density.Vintage.1961-1980 Bldg Code.Heating (Cold),Service,MB,Residential,Heating (Cold),Heating Oil - High Efficiency,lifetime,,,,constant_tech,Years,23,23,23,23,23,23,23,23,23,23,23,
CIMS.CAN.MB.Residential.Dwellings.Building Type.High Density.Vintage.1961-1980 Bldg Code.Heating (Cold),Service,MB,Residential,Heating (Cold),Heating Oil - High Efficiency,market_share_total,,,,annual_region_tech,%,0.00792800118273,,,,,,,,,,,
CIMS.CAN.MB.Residential.Dwellings.Building Type.High Density.Vintage.1961-1980 Bldg Code.Heating (Cold),Service,MB,Residential,Heating (Cold),Heating Oil - High Efficiency,output,,,,constant_tech,node unit,31.399776,31.399776,31.399776,31.399776,31.399776,31.399776,31.399776,31.399776,31.399776,31.399776,31.399776,
CIMS.CAN.MB.Residential.Dwellings.Building Type.High Density.Vintage.1961-1980 Bldg Code.Heating (Cold),Service,MB,Residential,Heating (Cold),Heating Oil - High Efficiency,fcc,,,,constant_tech,$,9541.510477,9541.510477,9541.510477,9541.510477,9541.510477,9541.510477,9541.510477,9541.510477,9541.510477,9541.510477,9541.510477,
CIMS.CAN.MB.Residential.Dwellings.Building Type.High Density.Vintage.1961-1980 Bldg Code.Heating (Cold),Service,MB,Residential,Heating (Cold),Heating Oil - High Efficiency,fom,,,,constant_tech,$,100.1076509,100.1076509,100.1076509,100.1076509,100.1076509,100.1076509,100.1076509,100.1076509,100.1076509,100.1076509,100.1076509,
CIMS.CAN.MB.Residential.Dwellings.Building Type.High Density.Vintage.1961-1980 Bldg Code.Heating (Cold),Service,MB,Residential,Heating (Cold),Heating Oil - High Efficiency,service_request,,,CIMS.Generic Fuels.Fuel Oil,annual_tech,GJ,1.162790698,1.162790698,1.162790698,1.162790698,1.162790698,1.162790698,1.162790698,1.162790698,1.162790698,1.162790698,1.162790698,
CIMS.CAN.MB.Residential.Dwellings.Building Type.High Density.Vintage.1961-1980 Bldg Code.Heating (Cold),Service,MB,Residential,Heating (Cold),Wood,technology,,,,,,,,,,,,,,,,,
CIMS.CAN.MB.Residential.Dwellings.Building Type.High Density.Vintage.1961-1980 Bldg Code.Heating (Cold),Service,MB,Residential,Heating (Cold),Wood,available,,,,constant_tech,Year,1950,1950,1950,1950,1950,1950,1950,1950,1950,1950,1950,
CIMS.CAN.MB.Residential.Dwellings.Building Type.High Density.Vintage.1961-1980 Bldg Code.Heating (Cold),Service,MB,Residential,Heating (Cold),Wood,unavailable,,,,constant_tech,Year,2101,2101,2101,2101,2101,2101,2101,2101,2101,2101,2101,
CIMS.CAN.MB.Residential.Dwellings.Building Type.High Density.Vintage.1961-1980 Bldg Code.Heating (Cold),Service,MB,Residential,Heating (Cold),Wood,lifetime,,,,constant_tech,Years,18.5,18.5,18.5,18.5,18.5,18.5,18.5,18.5,18.5,18.5,18.5,
CIMS.CAN.MB.Residential.Dwellings.Building Type.High Density.Vintage.1961-1980 Bldg Code.Heating (Cold),Service,MB,Residential,Heating (Cold),Wood,market_share_total,,,,annual_region_tech,%,0.03641521289178,,,,,,,,,,,
CIMS.CAN.MB.Residential.Dwellings.Building Type.High Density.Vintage.1961-1980 Bldg Code.Heating (Cold),Service,MB,Residential,Heating (Cold),Wood,output,,,,constant_tech,node unit,31.399776,31.399776,31.399776,31.399776,31.399776,31.399776,31.399776,31.399776,31.399776,31.399776,31.399776,
CIMS.CAN.MB.Residential.Dwellings.Building Type.High Density.Vintage.1961-1980 Bldg Code.Heating (Cold),Service,MB,Residential,Heating (Cold),Wood,fcc,,,,constant_tech,$,8000.269768,8000.269768,8000.269768,8000.269768,8000.269768,8000.269768,8000.269768,8000.269768,8000.269768,8000.269768,8000.269768,
CIMS.CAN.MB.Residential.Dwellings.Building Type.High Density.Vintage.1961-1980 Bldg Code.Heating (Cold),Service,MB,Residential,Heating (Cold),Wood,fom,,,,constant_tech,$,250.2691273,250.2691273,250.2691273,250.2691273,250.2691273,250.2691273,250.2691273,250.2691273,250.2691273,250.2691273,250.2691273,
CIMS.CAN.MB.Residential.Dwellings.Building Type.High Density.Vintage.1961-1980 Bldg Code.Heating (Cold),Service,MB,Residential,Heating (Cold),Wood,service_request,,,CIMS.Generic Fuels.Solid Biomass,annual_tech,GJ,2,2,2,2,2,2,2,2,2,2,2,
CIMS.CAN.MB.Residential.Dwellings.Building Type.High Density.Vintage.1981-2000 Bldg Code,Service,MB,Residential,1981-2000 Bldg Code,,service_provide,,,,constant_tech,m2,,,,,,,,,,,,
CIMS.CAN.MB.Residential.Dwellings.Building Type.High Density.Vintage.1981-2000 Bldg Code,Service,MB,Residential,1981-2000 Bldg Code,,competition,Tech Compete,,,,,,,,,,,,,,,,
CIMS.CAN.MB.Residential.Dwellings.Building Type.High Density.Vintage.1981-2000 Bldg Code,Service,MB,Residential,1981-2000 Bldg Code,,discount_rate_financial,,,,constant_tech,%,0.25,0.25,0.25,0.25,0.25,0.25,0.25,0.25,0.25,0.25,0.25,
CIMS.CAN.MB.Residential.Dwellings.Building Type.High Density.Vintage.1981-2000 Bldg Code,Service,MB,Residential,1981-2000 Bldg Code,,heterogeneity,,,,constant_tech,,10,10,10,10,10,10,10,10,10,10,10,
CIMS.CAN.MB.Residential.Dwellings.Building Type.High Density.Vintage.1981-2000 Bldg Code,Service,MB,Residential,1981-2000 Bldg Code,Reference,technology,,,,,,,,,,,,,,,,,
CIMS.CAN.MB.Residential.Dwellings.Building Type.High Density.Vintage.1981-2000 Bldg Code,Service,MB,Residential,1981-2000 Bldg Code,Reference,available,,,,constant_tech,Year,1981,1981,1981,1981,1981,1981,1981,1981,1981,1981,1981,
CIMS.CAN.MB.Residential.Dwellings.Building Type.High Density.Vintage.1981-2000 Bldg Code,Service,MB,Residential,1981-2000 Bldg Code,Reference,unavailable,,,,constant_tech,Year,2001,2001,2001,2001,2001,2001,2001,2001,2001,2001,2001,
CIMS.CAN.MB.Residential.Dwellings.Building Type.High Density.Vintage.1981-2000 Bldg Code,Service,MB,Residential,1981-2000 Bldg Code,Reference,lifetime,,,,constant_tech,Years,275,275,275,275,275,275,275,275,275,275,275,
CIMS.CAN.MB.Residential.Dwellings.Building Type.High Density.Vintage.1981-2000 Bldg Code,Service,MB,Residential,1981-2000 Bldg Code,Reference,market_share_total,,,,annual_tech,%,1,,,,,,,,,,,
CIMS.CAN.MB.Residential.Dwellings.Building Type.High Density.Vintage.1981-2000 Bldg Code,Service,MB,Residential,1981-2000 Bldg Code,Reference,service_request,,,CIMS.CAN.MB.Residential.Dwellings.Building Type.High Density.Vintage.1981-2000 Bldg Code.Heating (Cold),annual_region_tech,GJ,0.26038426314788,0.25222978852037,0.2753208643711,0.30088948986172,0.33951828543369,0.33951828543369,0.33951828543369,0.33951828543369,0.33951828543369,0.33951828543369,0.33951828543369,
CIMS.CAN.MB.Residential.Dwellings.Building Type.High Density.Vintage.1981-2000 Bldg Code,Service,MB,Residential,1981-2000 Bldg Code,Retrofit Average,technology,,,,,,,,,,,,,,,,,
CIMS.CAN.MB.Residential.Dwellings.Building Type.High Density.Vintage.1981-2000 Bldg Code,Service,MB,Residential,1981-2000 Bldg Code,Retrofit Average,available,,,,constant_tech,Year,1981,1981,1981,1981,1981,1981,1981,1981,1981,1981,1981,
CIMS.CAN.MB.Residential.Dwellings.Building Type.High Density.Vintage.1981-2000 Bldg Code,Service,MB,Residential,1981-2000 Bldg Code,Retrofit Average,unavailable,,,,constant_tech,Year,2101,2101,2101,2101,2101,2101,2101,2101,2101,2101,2101,
CIMS.CAN.MB.Residential.Dwellings.Building Type.High Density.Vintage.1981-2000 Bldg Code,Service,MB,Residential,1981-2000 Bldg Code,Retrofit Average,lifetime,,,,constant_tech,Years,275,275,275,275,275,275,275,275,275,275,275,
CIMS.CAN.MB.Residential.Dwellings.Building Type.High Density.Vintage.1981-2000 Bldg Code,Service,MB,Residential,1981-2000 Bldg Code,Retrofit Average,market_share_total,,,,annual_tech,%,0,,,,,,,,,,,
CIMS.CAN.MB.Residential.Dwellings.Building Type.High Density.Vintage.1981-2000 Bldg Code,Service,MB,Residential,1981-2000 Bldg Code,Retrofit Average,fcc,,,,constant_tech,$,1565,1565,1565,1565,1565,1565,1565,1565,1565,1565,1565,
CIMS.CAN.MB.Residential.Dwellings.Building Type.High Density.Vintage.1981-2000 Bldg Code,Service,MB,Residential,1981-2000 Bldg Code,Retrofit Average,market_share_new_max,,,,constant_tech,%,0,0,0,0,0,0,0,0,0,0,0,
CIMS.CAN.MB.Residential.Dwellings.Building Type.High Density.Vintage.1981-2000 Bldg Code,Service,MB,Residential,1981-2000 Bldg Code,Retrofit Average,service_request,,,CIMS.CAN.MB.Residential.Dwellings.Building Type.High Density.Vintage.1981-2000 Bldg Code.Heating (Cold),annual_region_tech,GJ,0.18226898420352,0.17656085196426,0.19272460505977,0.21062264290321,0.23766279980358,0.23766279980358,0.23766279980358,0.23766279980358,0.23766279980358,0.23766279980358,0.23766279980358,
CIMS.CAN.MB.Residential.Dwellings.Building Type.High Density.Vintage.1981-2000 Bldg Code,Service,MB,Residential,1981-2000 Bldg Code,Retrofit Deep,technology,,,,,,,,,,,,,,,,,
CIMS.CAN.MB.Residential.Dwellings.Building Type.High Density.Vintage.1981-2000 Bldg Code,Service,MB,Residential,1981-2000 Bldg Code,Retrofit Deep,available,,,,constant_tech,Year,1981,1981,1981,1981,1981,1981,1981,1981,1981,1981,1981,
CIMS.CAN.MB.Residential.Dwellings.Building Type.High Density.Vintage.1981-2000 Bldg Code,Service,MB,Residential,1981-2000 Bldg Code,Retrofit Deep,unavailable,,,,constant_tech,Year,2101,2101,2101,2101,2101,2101,2101,2101,2101,2101,2101,
CIMS.CAN.MB.Residential.Dwellings.Building Type.High Density.Vintage.1981-2000 Bldg Code,Service,MB,Residential,1981-2000 Bldg Code,Retrofit Deep,lifetime,,,,constant_tech,Years,275,275,275,275,275,275,275,275,275,275,275,
CIMS.CAN.MB.Residential.Dwellings.Building Type.High Density.Vintage.1981-2000 Bldg Code,Service,MB,Residential,1981-2000 Bldg Code,Retrofit Deep,market_share_total,,,,annual_tech,%,0,,,,,,,,,,,
CIMS.CAN.MB.Residential.Dwellings.Building Type.High Density.Vintage.1981-2000 Bldg Code,Service,MB,Residential,1981-2000 Bldg Code,Retrofit Deep,fcc,,,,constant_tech,$,3130,3130,3130,3130,3130,3130,3130,3130,3130,3130,3130,
CIMS.CAN.MB.Residential.Dwellings.Building Type.High Density.Vintage.1981-2000 Bldg Code,Service,MB,Residential,1981-2000 Bldg Code,Retrofit Deep,market_share_new_max,,,,constant_tech,%,0,0,0,0,0,0,0,0,0,0,0,
CIMS.CAN.MB.Residential.Dwellings.Building Type.High Density.Vintage.1981-2000 Bldg Code,Service,MB,Residential,1981-2000 Bldg Code,Retrofit Deep,service_request,,,CIMS.CAN.MB.Residential.Dwellings.Building Type.High Density.Vintage.1981-2000 Bldg Code.Heating (Cold),annual_region_tech,GJ,0.13019213157394,0.12611489426018,0.13766043218555,0.15044474493086,0.16975914271684,0.16975914271684,0.16975914271684,0.16975914271684,0.16975914271684,0.16975914271684,0.16975914271684,
CIMS.CAN.MB.Residential.Dwellings.Building Type.High Density.Vintage.1981-2000 Bldg Code.Heating (Cold),Service,MB,Residential,Heating (Cold),,service_provide,,,,constant_tech,GJ of heat,,,,,,,,,,,,
CIMS.CAN.MB.Residential.Dwellings.Building Type.High Density.Vintage.1981-2000 Bldg Code.Heating (Cold),Service,MB,Residential,Heating (Cold),,competition,Tech Compete,,,,,,,,,,,,,,,,
CIMS.CAN.MB.Residential.Dwellings.Building Type.High Density.Vintage.1981-2000 Bldg Code.Heating (Cold),Service,MB,Residential,Heating (Cold),,discount_rate_financial,,,,constant_tech,%,0.25,0.25,0.25,0.25,0.25,0.25,0.25,0.25,0.25,0.25,0.25,
CIMS.CAN.MB.Residential.Dwellings.Building Type.High Density.Vintage.1981-2000 Bldg Code.Heating (Cold),Service,MB,Residential,Heating (Cold),,inheritance,intercept_retirement,,,constant_tech,,TRUE,TRUE,TRUE,TRUE,TRUE,TRUE,TRUE,TRUE,TRUE,TRUE,TRUE,
CIMS.CAN.MB.Residential.Dwellings.Building Type.High Density.Vintage.1981-2000 Bldg Code.Heating (Cold),Service,MB,Residential,Heating (Cold),,heterogeneity,,,,constant_tech,,10,10,10,10,10,10,10,10,10,10,10,
CIMS.CAN.MB.Residential.Dwellings.Building Type.High Density.Vintage.1981-2000 Bldg Code.Heating (Cold),Service,MB,Residential,Heating (Cold),NG - Existing,technology,,,,,,,,,,,,,,,,,
CIMS.CAN.MB.Residential.Dwellings.Building Type.High Density.Vintage.1981-2000 Bldg Code.Heating (Cold),Service,MB,Residential,Heating (Cold),NG - Existing,available,,,,constant_tech,Year,1950,1950,1950,1950,1950,1950,1950,1950,1950,1950,1950,
CIMS.CAN.MB.Residential.Dwellings.Building Type.High Density.Vintage.1981-2000 Bldg Code.Heating (Cold),Service,MB,Residential,Heating (Cold),NG - Existing,unavailable,,,,constant_tech,Year,2001,2001,2001,2001,2001,2001,2001,2001,2001,2001,2001,
CIMS.CAN.MB.Residential.Dwellings.Building Type.High Density.Vintage.1981-2000 Bldg Code.Heating (Cold),Service,MB,Residential,Heating (Cold),NG - Existing,lifetime,,,,constant_tech,Years,14,14,14,14,14,14,14,14,14,14,14,
CIMS.CAN.MB.Residential.Dwellings.Building Type.High Density.Vintage.1981-2000 Bldg Code.Heating (Cold),Service,MB,Residential,Heating (Cold),NG - Existing,market_share_total,,,,annual_region_tech,%,0.30327838557067,,,,,,,,,,,
CIMS.CAN.MB.Residential.Dwellings.Building Type.High Density.Vintage.1981-2000 Bldg Code.Heating (Cold),Service,MB,Residential,Heating (Cold),NG - Existing,output,,,,constant_tech,node unit,31.399776,31.399776,31.399776,31.399776,31.399776,31.399776,31.399776,31.399776,31.399776,31.399776,31.399776,
CIMS.CAN.MB.Residential.Dwellings.Building Type.High Density.Vintage.1981-2000 Bldg Code.Heating (Cold),Service,MB,Residential,Heating (Cold),NG - Existing,fcc,,,,constant_tech,$,3603.875433,3603.875433,3603.875433,3603.875433,3603.875433,3603.875433,3603.875433,3603.875433,3603.875433,3603.875433,3603.875433,
CIMS.CAN.MB.Residential.Dwellings.Building Type.High Density.Vintage.1981-2000 Bldg Code.Heating (Cold),Service,MB,Residential,Heating (Cold),NG - Existing,fom,,,,constant_tech,$,75.08073818,75.08073818,75.08073818,75.08073818,75.08073818,75.08073818,75.08073818,75.08073818,75.08073818,75.08073818,75.08073818,
CIMS.CAN.MB.Residential.Dwellings.Building Type.High Density.Vintage.1981-2000 Bldg Code.Heating (Cold),Service,MB,Residential,Heating (Cold),NG - Existing,service_request,,,CIMS.CAN.MB.Residential.Methane Blend,annual_tech,GJ,1.6935483873,1.6935483873,1.6935483873,1.6935483873,1.6935483873,1.6935483873,1.6935483873,1.6935483873,1.6935483873,1.6935483873,1.6935483873,
CIMS.CAN.MB.Residential.Dwellings.Building Type.High Density.Vintage.1981-2000 Bldg Code.Heating (Cold),Service,MB,Residential,Heating (Cold),NG - Standard Efficiency,technology,,,,,,,,,,,,,,,,,
CIMS.CAN.MB.Residential.Dwellings.Building Type.High Density.Vintage.1981-2000 Bldg Code.Heating (Cold),Service,MB,Residential,Heating (Cold),NG - Standard Efficiency,available,,,,constant_tech,Year,1990,1990,1990,1990,1990,1990,1990,1990,1990,1990,1990,
CIMS.CAN.MB.Residential.Dwellings.Building Type.High Density.Vintage.1981-2000 Bldg Code.Heating (Cold),Service,MB,Residential,Heating (Cold),NG - Standard Efficiency,unavailable,,,,constant_tech,Year,2101,2101,2101,2101,2101,2101,2101,2101,2101,2101,2101,
CIMS.CAN.MB.Residential.Dwellings.Building Type.High Density.Vintage.1981-2000 Bldg Code.Heating (Cold),Service,MB,Residential,Heating (Cold),NG - Standard Efficiency,lifetime,,,,constant_tech,Years,19,19,19,19,19,19,19,19,19,19,19,
CIMS.CAN.MB.Residential.Dwellings.Building Type.High Density.Vintage.1981-2000 Bldg Code.Heating (Cold),Service,MB,Residential,Heating (Cold),NG - Standard Efficiency,market_share_total,,,,annual_region_tech,%,0.15874482554701,,,,,,,,,,,
CIMS.CAN.MB.Residential.Dwellings.Building Type.High Density.Vintage.1981-2000 Bldg Code.Heating (Cold),Service,MB,Residential,Heating (Cold),NG - Standard Efficiency,output,,,,constant_tech,node unit,31.399776,31.399776,31.399776,31.399776,31.399776,31.399776,31.399776,31.399776,31.399776,31.399776,31.399776,
CIMS.CAN.MB.Residential.Dwellings.Building Type.High Density.Vintage.1981-2000 Bldg Code.Heating (Cold),Service,MB,Residential,Heating (Cold),NG - Standard Efficiency,fcc,,,,constant_tech,$,5005.382545,5005.382545,5005.382545,5005.382545,5005.382545,5005.382545,5005.382545,5005.382545,5005.382545,5005.382545,5005.382545,
CIMS.CAN.MB.Residential.Dwellings.Building Type.High Density.Vintage.1981-2000 Bldg Code.Heating (Cold),Service,MB,Residential,Heating (Cold),NG - Standard Efficiency,fom,,,,constant_tech,$,162.6749327,162.6749327,162.6749327,162.6749327,162.6749327,162.6749327,162.6749327,162.6749327,162.6749327,162.6749327,162.6749327,
CIMS.CAN.MB.Residential.Dwellings.Building Type.High Density.Vintage.1981-2000 Bldg Code.Heating (Cold),Service,MB,Residential,Heating (Cold),NG - Standard Efficiency,service_request,,,CIMS.CAN.MB.Residential.Methane Blend,annual_tech,GJ,1.32911392425,1.32911392425,1.32911392425,1.32911392425,1.32911392425,1.32911392425,1.32911392425,1.32911392425,1.32911392425,1.32911392425,1.32911392425,
CIMS.CAN.MB.Residential.Dwellings.Building Type.High Density.Vintage.1981-2000 Bldg Code.Heating (Cold),Service,MB,Residential,Heating (Cold),NG - High Efficiency,technology,,,,,,,,,,,,,,,,,
CIMS.CAN.MB.Residential.Dwellings.Building Type.High Density.Vintage.1981-2000 Bldg Code.Heating (Cold),Service,MB,Residential,Heating (Cold),NG - High Efficiency,available,,,,constant_tech,Year,2000,2000,2000,2000,2000,2000,2000,2000,2000,2000,2000,
CIMS.CAN.MB.Residential.Dwellings.Building Type.High Density.Vintage.1981-2000 Bldg Code.Heating (Cold),Service,MB,Residential,Heating (Cold),NG - High Efficiency,unavailable,,,,constant_tech,Year,2101,2101,2101,2101,2101,2101,2101,2101,2101,2101,2101,
CIMS.CAN.MB.Residential.Dwellings.Building Type.High Density.Vintage.1981-2000 Bldg Code.Heating (Cold),Service,MB,Residential,Heating (Cold),NG - High Efficiency,lifetime,,,,constant_tech,Years,19,19,19,19,19,19,19,19,19,19,19,
CIMS.CAN.MB.Residential.Dwellings.Building Type.High Density.Vintage.1981-2000 Bldg Code.Heating (Cold),Service,MB,Residential,Heating (Cold),NG - High Efficiency,market_share_total,,,,annual_region_tech,%,0.13168982850384,,,,,,,,,,,
CIMS.CAN.MB.Residential.Dwellings.Building Type.High Density.Vintage.1981-2000 Bldg Code.Heating (Cold),Service,MB,Residential,Heating (Cold),NG - High Efficiency,output,,,,constant_tech,node unit,31.399776,31.399776,31.399776,31.399776,31.399776,31.399776,31.399776,31.399776,31.399776,31.399776,31.399776,
CIMS.CAN.MB.Residential.Dwellings.Building Type.High Density.Vintage.1981-2000 Bldg Code.Heating (Cold),Service,MB,Residential,Heating (Cold),NG - High Efficiency,fcc,,,,constant_tech,$,6231.7012692,6231.7012692,6231.7012692,6231.7012692,6231.7012692,6231.7012692,6231.7012692,6231.7012692,6231.7012692,6231.7012692,6231.7012692,
CIMS.CAN.MB.Residential.Dwellings.Building Type.High Density.Vintage.1981-2000 Bldg Code.Heating (Cold),Service,MB,Residential,Heating (Cold),NG - High Efficiency,fom,,,,constant_tech,$,162.6749327,162.6749327,162.6749327,162.6749327,162.6749327,162.6749327,162.6749327,162.6749327,162.6749327,162.6749327,162.6749327,
CIMS.CAN.MB.Residential.Dwellings.Building Type.High Density.Vintage.1981-2000 Bldg Code.Heating (Cold),Service,MB,Residential,Heating (Cold),NG - High Efficiency,service_request,,,CIMS.CAN.MB.Residential.Methane Blend,annual_tech,GJ,1.16666666655,1.16666666655,1.16666666655,1.16666666655,1.16666666655,1.16666666655,1.16666666655,1.16666666655,1.16666666655,1.16666666655,1.16666666655,
CIMS.CAN.MB.Residential.Dwellings.Building Type.High Density.Vintage.1981-2000 Bldg Code.Heating (Cold),Service,MB,Residential,Heating (Cold),NG - ASHP / NG - backup,technology,,,,,,,,,,,,,,,,,
CIMS.CAN.MB.Residential.Dwellings.Building Type.High Density.Vintage.1981-2000 Bldg Code.Heating (Cold),Service,MB,Residential,Heating (Cold),NG - ASHP / NG - backup,available,,,,constant_tech,Year,2000,2000,2000,2000,2000,2000,2000,2000,2000,2000,2000,
CIMS.CAN.MB.Residential.Dwellings.Building Type.High Density.Vintage.1981-2000 Bldg Code.Heating (Cold),Service,MB,Residential,Heating (Cold),NG - ASHP / NG - backup,unavailable,,,,constant_tech,Year,2101,2101,2101,2101,2101,2101,2101,2101,2101,2101,2101,
CIMS.CAN.MB.Residential.Dwellings.Building Type.High Density.Vintage.1981-2000 Bldg Code.Heating (Cold),Service,MB,Residential,Heating (Cold),NG - ASHP / NG - backup,lifetime,,,,constant_tech,Years,15,15,15,15,15,15,15,15,15,15,15,
CIMS.CAN.MB.Residential.Dwellings.Building Type.High Density.Vintage.1981-2000 Bldg Code.Heating (Cold),Service,MB,Residential,Heating (Cold),NG - ASHP / NG - backup,market_share_total,,,,annual_region_tech,%,0,,,,,,,,,,,
CIMS.CAN.MB.Residential.Dwellings.Building Type.High Density.Vintage.1981-2000 Bldg Code.Heating (Cold),Service,MB,Residential,Heating (Cold),NG - ASHP / NG - backup,output,,,,constant_tech,node unit,31.399776,31.399776,31.399776,31.399776,31.399776,31.399776,31.399776,31.399776,31.399776,31.399776,31.399776,
CIMS.CAN.MB.Residential.Dwellings.Building Type.High Density.Vintage.1981-2000 Bldg Code.Heating (Cold),Service,MB,Residential,Heating (Cold),NG - ASHP / NG - backup,fcc,,,,constant_tech,$,20015.27345,20015.27345,20015.27345,20015.27345,20015.27345,20015.27345,20015.27345,20015.27345,20015.27345,20015.27345,20015.27345,
CIMS.CAN.MB.Residential.Dwellings.Building Type.High Density.Vintage.1981-2000 Bldg Code.Heating (Cold),Service,MB,Residential,Heating (Cold),NG - ASHP / NG - backup,fom,,,,constant_tech,$,250.2691273,250.2691273,250.2691273,250.2691273,250.2691273,250.2691273,250.2691273,250.2691273,250.2691273,250.2691273,250.2691273,
CIMS.CAN.MB.Residential.Dwellings.Building Type.High Density.Vintage.1981-2000 Bldg Code.Heating (Cold),Service,MB,Residential,Heating (Cold),NG - ASHP / NG - backup,service_request,,,CIMS.CAN.MB.Residential.Methane Blend,annual_tech,GJ,2.1593627892625,2.1593627892625,2.1593627892625,2.1593627892625,2.1593627892625,2.1593627892625,2.1593627892625,2.1593627892625,2.1593627892625,2.1593627892625,2.1593627892625,
CIMS.CAN.MB.Residential.Dwellings.Building Type.High Density.Vintage.1981-2000 Bldg Code.Heating (Cold),Service,MB,Residential,Heating (Cold),NG - ASHP / NG - backup,service_request,,,CIMS.CAN.MB.Residential.Dwellings.Building Type.High Density.Cooling,annual_tech,GJ of cooling,-0.004568364,-0.004568364,-0.004568364,-0.004568364,-0.004568364,-0.004568364,-0.004568364,-0.004568364,-0.004568364,-0.004568364,-0.004568364,
CIMS.CAN.MB.Residential.Dwellings.Building Type.High Density.Vintage.1981-2000 Bldg Code.Heating (Cold),Service,MB,Residential,Heating (Cold),Electric - Standard Efficiency,technology,,,,,,,,,,,,,,,,,
CIMS.CAN.MB.Residential.Dwellings.Building Type.High Density.Vintage.1981-2000 Bldg Code.Heating (Cold),Service,MB,Residential,Heating (Cold),Electric - Standard Efficiency,available,,,,constant_tech,Year,1950,1950,1950,1950,1950,1950,1950,1950,1950,1950,1950,
CIMS.CAN.MB.Residential.Dwellings.Building Type.High Density.Vintage.1981-2000 Bldg Code.Heating (Cold),Service,MB,Residential,Heating (Cold),Electric - Standard Efficiency,unavailable,,,,constant_tech,Year,2101,2101,2101,2101,2101,2101,2101,2101,2101,2101,2101,
CIMS.CAN.MB.Residential.Dwellings.Building Type.High Density.Vintage.1981-2000 Bldg Code.Heating (Cold),Service,MB,Residential,Heating (Cold),Electric - Standard Efficiency,lifetime,,,,constant_tech,Years,22.5,22.5,22.5,22.5,22.5,22.5,22.5,22.5,22.5,22.5,22.5,
CIMS.CAN.MB.Residential.Dwellings.Building Type.High Density.Vintage.1981-2000 Bldg Code.Heating (Cold),Service,MB,Residential,Heating (Cold),Electric - Standard Efficiency,market_share_total,,,,annual_region_tech,%,0.3332994529864,,,,,,,,,,,
CIMS.CAN.MB.Residential.Dwellings.Building Type.High Density.Vintage.1981-2000 Bldg Code.Heating (Cold),Service,MB,Residential,Heating (Cold),Electric - Standard Efficiency,output,,,,constant_tech,node unit,31.399776,31.399776,31.399776,31.399776,31.399776,31.399776,31.399776,31.399776,31.399776,31.399776,31.399776,
CIMS.CAN.MB.Residential.Dwellings.Building Type.High Density.Vintage.1981-2000 Bldg Code.Heating (Cold),Service,MB,Residential,Heating (Cold),Electric - Standard Efficiency,fcc,,,,constant_tech,$,3822.860919,3822.860919,3822.860919,3822.860919,3822.860919,3822.860919,3822.860919,3822.860919,3822.860919,3822.860919,3822.860919,
CIMS.CAN.MB.Residential.Dwellings.Building Type.High Density.Vintage.1981-2000 Bldg Code.Heating (Cold),Service,MB,Residential,Heating (Cold),Electric - Standard Efficiency,service_request,,,CIMS.CAN.MB.Electricity,annual_tech,GJ,1,1,1,1,1,1,1,1,1,1,1,
CIMS.CAN.MB.Residential.Dwellings.Building Type.High Density.Vintage.1981-2000 Bldg Code.Heating (Cold),Service,MB,Residential,Heating (Cold),Electric - ASHP / NG - backup,technology,,,,,,,,,,,,,,,,,
CIMS.CAN.MB.Residential.Dwellings.Building Type.High Density.Vintage.1981-2000 Bldg Code.Heating (Cold),Service,MB,Residential,Heating (Cold),Electric - ASHP / NG - backup,available,,,,constant_tech,Year,2000,2000,2000,2000,2000,2000,2000,2000,2000,2000,2000,
CIMS.CAN.MB.Residential.Dwellings.Building Type.High Density.Vintage.1981-2000 Bldg Code.Heating (Cold),Service,MB,Residential,Heating (Cold),Electric - ASHP / NG - backup,unavailable,,,,constant_tech,Year,2101,2101,2101,2101,2101,2101,2101,2101,2101,2101,2101,
CIMS.CAN.MB.Residential.Dwellings.Building Type.High Density.Vintage.1981-2000 Bldg Code.Heating (Cold),Service,MB,Residential,Heating (Cold),Electric - ASHP / NG - backup,lifetime,,,,constant_tech,Years,15.5,15.5,15.5,15.5,15.5,15.5,15.5,15.5,15.5,15.5,15.5,
CIMS.CAN.MB.Residential.Dwellings.Building Type.High Density.Vintage.1981-2000 Bldg Code.Heating (Cold),Service,MB,Residential,Heating (Cold),Electric - ASHP / NG - backup,market_share_total,,,,annual_region_tech,%,0.01250184801892,,,,,,,,,,,
CIMS.CAN.MB.Residential.Dwellings.Building Type.High Density.Vintage.1981-2000 Bldg Code.Heating (Cold),Service,MB,Residential,Heating (Cold),Electric - ASHP / NG - backup,output,,,,constant_tech,node unit,31.399776,31.399776,31.399776,31.399776,31.399776,31.399776,31.399776,31.399776,31.399776,31.399776,31.399776,
CIMS.CAN.MB.Residential.Dwellings.Building Type.High Density.Vintage.1981-2000 Bldg Code.Heating (Cold),Service,MB,Residential,Heating (Cold),Electric - ASHP / NG - backup,fcc,,,,constant_tech,$,9647.874856,9647.874856,9647.874856,9647.874856,9647.874856,9647.874856,9647.874856,9647.874856,9647.874856,9647.874856,9647.874856,
CIMS.CAN.MB.Residential.Dwellings.Building Type.High Density.Vintage.1981-2000 Bldg Code.Heating (Cold),Service,MB,Residential,Heating (Cold),Electric - ASHP / NG - backup,fom,,,,constant_tech,$,269.0393118,269.0393118,269.0393118,269.0393118,269.0393118,269.0393118,269.0393118,269.0393118,269.0393118,269.0393118,269.0393118,
CIMS.CAN.MB.Residential.Dwellings.Building Type.High Density.Vintage.1981-2000 Bldg Code.Heating (Cold),Service,MB,Residential,Heating (Cold),Electric - ASHP / NG - backup,service_request,,,CIMS.CAN.MB.Electricity,annual_tech,GJ,0.72747607755,0.72747607755,0.72747607755,0.72747607755,0.72747607755,0.72747607755,0.72747607755,0.72747607755,0.72747607755,0.72747607755,0.72747607755,
CIMS.CAN.MB.Residential.Dwellings.Building Type.High Density.Vintage.1981-2000 Bldg Code.Heating (Cold),Service,MB,Residential,Heating (Cold),Electric - ASHP / NG - backup,service_request,,,CIMS.CAN.MB.Residential.Methane Blend,annual_tech,GJ,0.0583333333275,0.0583333333275,0.0583333333275,0.0583333333275,0.0583333333275,0.0583333333275,0.0583333333275,0.0583333333275,0.0583333333275,0.0583333333275,0.0583333333275,
CIMS.CAN.MB.Residential.Dwellings.Building Type.High Density.Vintage.1981-2000 Bldg Code.Heating (Cold),Service,MB,Residential,Heating (Cold),Electric - ASHP / NG - backup,service_request,,,CIMS.CAN.MB.Residential.Dwellings.Building Type.High Density.Cooling,annual_tech,GJ of cooling,-0.004568364,-0.004568364,-0.004568364,-0.004568364,-0.004568364,-0.004568364,-0.004568364,-0.004568364,-0.004568364,-0.004568364,-0.004568364,
CIMS.CAN.MB.Residential.Dwellings.Building Type.High Density.Vintage.1981-2000 Bldg Code.Heating (Cold),Service,MB,Residential,Heating (Cold),Electric - ASHP / Electric - backup,technology,,,,,,,,,,,,,,,,,
CIMS.CAN.MB.Residential.Dwellings.Building Type.High Density.Vintage.1981-2000 Bldg Code.Heating (Cold),Service,MB,Residential,Heating (Cold),Electric - ASHP / Electric - backup,available,,,,constant_tech,Year,2000,2000,2000,2000,2000,2000,2000,2000,2000,2000,2000,
CIMS.CAN.MB.Residential.Dwellings.Building Type.High Density.Vintage.1981-2000 Bldg Code.Heating (Cold),Service,MB,Residential,Heating (Cold),Electric - ASHP / Electric - backup,unavailable,,,,constant_tech,Year,2101,2101,2101,2101,2101,2101,2101,2101,2101,2101,2101,
CIMS.CAN.MB.Residential.Dwellings.Building Type.High Density.Vintage.1981-2000 Bldg Code.Heating (Cold),Service,MB,Residential,Heating (Cold),Electric - ASHP / Electric - backup,lifetime,,,,constant_tech,Years,15.5,15.5,15.5,15.5,15.5,15.5,15.5,15.5,15.5,15.5,15.5,
CIMS.CAN.MB.Residential.Dwellings.Building Type.High Density.Vintage.1981-2000 Bldg Code.Heating (Cold),Service,MB,Residential,Heating (Cold),Electric - ASHP / Electric - backup,market_share_total,,,,annual_region_tech,%,0,,,,,,,,,,,
CIMS.CAN.MB.Residential.Dwellings.Building Type.High Density.Vintage.1981-2000 Bldg Code.Heating (Cold),Service,MB,Residential,Heating (Cold),Electric - ASHP / Electric - backup,output,,,,constant_tech,node unit,31.399776,31.399776,31.399776,31.399776,31.399776,31.399776,31.399776,31.399776,31.399776,31.399776,31.399776,
CIMS.CAN.MB.Residential.Dwellings.Building Type.High Density.Vintage.1981-2000 Bldg Code.Heating (Cold),Service,MB,Residential,Heating (Cold),Electric - ASHP / Electric - backup,fcc,,,,constant_tech,$,9373.830161,9373.830161,9373.830161,9373.830161,9373.830161,9373.830161,9373.830161,9373.830161,9373.830161,9373.830161,9373.830161,
CIMS.CAN.MB.Residential.Dwellings.Building Type.High Density.Vintage.1981-2000 Bldg Code.Heating (Cold),Service,MB,Residential,Heating (Cold),Electric - ASHP / Electric - backup,fom,,,,constant_tech,$,106.3643791,106.3643791,106.3643791,106.3643791,106.3643791,106.3643791,106.3643791,106.3643791,106.3643791,106.3643791,106.3643791,
CIMS.CAN.MB.Residential.Dwellings.Building Type.High Density.Vintage.1981-2000 Bldg Code.Heating (Cold),Service,MB,Residential,Heating (Cold),Electric - ASHP / Electric - backup,service_request,,,CIMS.CAN.MB.Electricity,annual_tech,GJ,0.77747607755,0.77747607755,0.77747607755,0.77747607755,0.77747607755,0.77747607755,0.77747607755,0.77747607755,0.77747607755,0.77747607755,0.77747607755,
CIMS.CAN.MB.Residential.Dwellings.Building Type.High Density.Vintage.1981-2000 Bldg Code.Heating (Cold),Service,MB,Residential,Heating (Cold),Electric - ASHP / Electric - backup,service_request,,,CIMS.CAN.MB.Residential.Dwellings.Building Type.High Density.Cooling,annual_tech,GJ of cooling,-0.004568364,-0.004568364,-0.004568364,-0.004568364,-0.004568364,-0.004568364,-0.004568364,-0.004568364,-0.004568364,-0.004568364,-0.004568364,
CIMS.CAN.MB.Residential.Dwellings.Building Type.High Density.Vintage.1981-2000 Bldg Code.Heating (Cold),Service,MB,Residential,Heating (Cold),Heating Oil - Existing,technology,,,,,,,,,,,,,,,,,
CIMS.CAN.MB.Residential.Dwellings.Building Type.High Density.Vintage.1981-2000 Bldg Code.Heating (Cold),Service,MB,Residential,Heating (Cold),Heating Oil - Existing,available,,,,constant_tech,Year,1950,1950,1950,1950,1950,1950,1950,1950,1950,1950,1950,
CIMS.CAN.MB.Residential.Dwellings.Building Type.High Density.Vintage.1981-2000 Bldg Code.Heating (Cold),Service,MB,Residential,Heating (Cold),Heating Oil - Existing,unavailable,,,,constant_tech,Year,2001,2001,2001,2001,2001,2001,2001,2001,2001,2001,2001,
CIMS.CAN.MB.Residential.Dwellings.Building Type.High Density.Vintage.1981-2000 Bldg Code.Heating (Cold),Service,MB,Residential,Heating (Cold),Heating Oil - Existing,lifetime,,,,constant_tech,Years,23,23,23,23,23,23,23,23,23,23,23,
CIMS.CAN.MB.Residential.Dwellings.Building Type.High Density.Vintage.1981-2000 Bldg Code.Heating (Cold),Service,MB,Residential,Heating (Cold),Heating Oil - Existing,market_share_total,,,,annual_region_tech,%,0.01614244529864,,,,,,,,,,,
CIMS.CAN.MB.Residential.Dwellings.Building Type.High Density.Vintage.1981-2000 Bldg Code.Heating (Cold),Service,MB,Residential,Heating (Cold),Heating Oil - Existing,output,,,,constant_tech,node unit,31.399776,31.399776,31.399776,31.399776,31.399776,31.399776,31.399776,31.399776,31.399776,31.399776,31.399776,
CIMS.CAN.MB.Residential.Dwellings.Building Type.High Density.Vintage.1981-2000 Bldg Code.Heating (Cold),Service,MB,Residential,Heating (Cold),Heating Oil - Existing,fcc,,,,constant_tech,$,5943.891772,5943.891772,5943.891772,5943.891772,5943.891772,5943.891772,5943.891772,5943.891772,5943.891772,5943.891772,5943.891772,
CIMS.CAN.MB.Residential.Dwellings.Building Type.High Density.Vintage.1981-2000 Bldg Code.Heating (Cold),Service,MB,Residential,Heating (Cold),Heating Oil - Existing,fom,,,,constant_tech,$,100.1076509,100.1076509,100.1076509,100.1076509,100.1076509,100.1076509,100.1076509,100.1076509,100.1076509,100.1076509,100.1076509,
CIMS.CAN.MB.Residential.Dwellings.Building Type.High Density.Vintage.1981-2000 Bldg Code.Heating (Cold),Service,MB,Residential,Heating (Cold),Heating Oil - Existing,service_request,,,CIMS.Generic Fuels.Fuel Oil,annual_tech,GJ,1.666666667,1.666666667,1.666666667,1.666666667,1.666666667,1.666666667,1.666666667,1.666666667,1.666666667,1.666666667,1.666666667,
CIMS.CAN.MB.Residential.Dwellings.Building Type.High Density.Vintage.1981-2000 Bldg Code.Heating (Cold),Service,MB,Residential,Heating (Cold),Heating Oil - High Efficiency,technology,,,,,,,,,,,,,,,,,
CIMS.CAN.MB.Residential.Dwellings.Building Type.High Density.Vintage.1981-2000 Bldg Code.Heating (Cold),Service,MB,Residential,Heating (Cold),Heating Oil - High Efficiency,available,,,,constant_tech,Year,2000,2000,2000,2000,2000,2000,2000,2000,2000,2000,2000,
CIMS.CAN.MB.Residential.Dwellings.Building Type.High Density.Vintage.1981-2000 Bldg Code.Heating (Cold),Service,MB,Residential,Heating (Cold),Heating Oil - High Efficiency,unavailable,,,,constant_tech,Year,2101,2101,2101,2101,2101,2101,2101,2101,2101,2101,2101,
CIMS.CAN.MB.Residential.Dwellings.Building Type.High Density.Vintage.1981-2000 Bldg Code.Heating (Cold),Service,MB,Residential,Heating (Cold),Heating Oil - High Efficiency,lifetime,,,,constant_tech,Years,23,23,23,23,23,23,23,23,23,23,23,
CIMS.CAN.MB.Residential.Dwellings.Building Type.High Density.Vintage.1981-2000 Bldg Code.Heating (Cold),Service,MB,Residential,Heating (Cold),Heating Oil - High Efficiency,market_share_total,,,,annual_region_tech,%,0.00792800118273,,,,,,,,,,,
CIMS.CAN.MB.Residential.Dwellings.Building Type.High Density.Vintage.1981-2000 Bldg Code.Heating (Cold),Service,MB,Residential,Heating (Cold),Heating Oil - High Efficiency,output,,,,constant_tech,node unit,31.399776,31.399776,31.399776,31.399776,31.399776,31.399776,31.399776,31.399776,31.399776,31.399776,31.399776,
CIMS.CAN.MB.Residential.Dwellings.Building Type.High Density.Vintage.1981-2000 Bldg Code.Heating (Cold),Service,MB,Residential,Heating (Cold),Heating Oil - High Efficiency,fcc,,,,constant_tech,$,9541.510477,9541.510477,9541.510477,9541.510477,9541.510477,9541.510477,9541.510477,9541.510477,9541.510477,9541.510477,9541.510477,
CIMS.CAN.MB.Residential.Dwellings.Building Type.High Density.Vintage.1981-2000 Bldg Code.Heating (Cold),Service,MB,Residential,Heating (Cold),Heating Oil - High Efficiency,fom,,,,constant_tech,$,100.1076509,100.1076509,100.1076509,100.1076509,100.1076509,100.1076509,100.1076509,100.1076509,100.1076509,100.1076509,100.1076509,
CIMS.CAN.MB.Residential.Dwellings.Building Type.High Density.Vintage.1981-2000 Bldg Code.Heating (Cold),Service,MB,Residential,Heating (Cold),Heating Oil - High Efficiency,service_request,,,CIMS.Generic Fuels.Fuel Oil,annual_tech,GJ,1.162790698,1.162790698,1.162790698,1.162790698,1.162790698,1.162790698,1.162790698,1.162790698,1.162790698,1.162790698,1.162790698,
CIMS.CAN.MB.Residential.Dwellings.Building Type.High Density.Vintage.1981-2000 Bldg Code.Heating (Cold),Service,MB,Residential,Heating (Cold),Wood,technology,,,,,,,,,,,,,,,,,
CIMS.CAN.MB.Residential.Dwellings.Building Type.High Density.Vintage.1981-2000 Bldg Code.Heating (Cold),Service,MB,Residential,Heating (Cold),Wood,available,,,,constant_tech,Year,1950,1950,1950,1950,1950,1950,1950,1950,1950,1950,1950,
CIMS.CAN.MB.Residential.Dwellings.Building Type.High Density.Vintage.1981-2000 Bldg Code.Heating (Cold),Service,MB,Residential,Heating (Cold),Wood,unavailable,,,,constant_tech,Year,2101,2101,2101,2101,2101,2101,2101,2101,2101,2101,2101,
CIMS.CAN.MB.Residential.Dwellings.Building Type.High Density.Vintage.1981-2000 Bldg Code.Heating (Cold),Service,MB,Residential,Heating (Cold),Wood,lifetime,,,,constant_tech,Years,18.5,18.5,18.5,18.5,18.5,18.5,18.5,18.5,18.5,18.5,18.5,
CIMS.CAN.MB.Residential.Dwellings.Building Type.High Density.Vintage.1981-2000 Bldg Code.Heating (Cold),Service,MB,Residential,Heating (Cold),Wood,market_share_total,,,,annual_region_tech,%,0.03641521289178,,,,,,,,,,,
CIMS.CAN.MB.Residential.Dwellings.Building Type.High Density.Vintage.1981-2000 Bldg Code.Heating (Cold),Service,MB,Residential,Heating (Cold),Wood,output,,,,constant_tech,node unit,31.399776,31.399776,31.399776,31.399776,31.399776,31.399776,31.399776,31.399776,31.399776,31.399776,31.399776,
CIMS.CAN.MB.Residential.Dwellings.Building Type.High Density.Vintage.1981-2000 Bldg Code.Heating (Cold),Service,MB,Residential,Heating (Cold),Wood,fcc,,,,constant_tech,$,8000.269768,8000.269768,8000.269768,8000.269768,8000.269768,8000.269768,8000.269768,8000.269768,8000.269768,8000.269768,8000.269768,
CIMS.CAN.MB.Residential.Dwellings.Building Type.High Density.Vintage.1981-2000 Bldg Code.Heating (Cold),Service,MB,Residential,Heating (Cold),Wood,fom,,,,constant_tech,$,250.2691273,250.2691273,250.2691273,250.2691273,250.2691273,250.2691273,250.2691273,250.2691273,250.2691273,250.2691273,250.2691273,
CIMS.CAN.MB.Residential.Dwellings.Building Type.High Density.Vintage.1981-2000 Bldg Code.Heating (Cold),Service,MB,Residential,Heating (Cold),Wood,service_request,,,CIMS.Generic Fuels.Solid Biomass,annual_tech,GJ,2,2,2,2,2,2,2,2,2,2,2,
CIMS.CAN.MB.Residential.Dwellings.Building Type.High Density.Vintage.2001-2020 Bldg Code,Service,MB,Residential,2001-2020 Bldg Code,,service_provide,,,,constant_tech,m2,,,,,,,,,,,,
CIMS.CAN.MB.Residential.Dwellings.Building Type.High Density.Vintage.2001-2020 Bldg Code,Service,MB,Residential,2001-2020 Bldg Code,,competition,Tech Compete,,,,,,,,,,,,,,,,
CIMS.CAN.MB.Residential.Dwellings.Building Type.High Density.Vintage.2001-2020 Bldg Code,Service,MB,Residential,2001-2020 Bldg Code,,discount_rate_financial,,,,constant_tech,%,0.25,0.25,0.25,0.25,0.25,0.25,0.25,0.25,0.25,0.25,0.25,
CIMS.CAN.MB.Residential.Dwellings.Building Type.High Density.Vintage.2001-2020 Bldg Code,Service,MB,Residential,2001-2020 Bldg Code,,heterogeneity,,,,constant_tech,,10,10,10,10,10,10,10,10,10,10,10,
CIMS.CAN.MB.Residential.Dwellings.Building Type.High Density.Vintage.2001-2020 Bldg Code,Service,MB,Residential,2001-2020 Bldg Code,Reference,technology,,,,,,,,,,,,,,,,,
CIMS.CAN.MB.Residential.Dwellings.Building Type.High Density.Vintage.2001-2020 Bldg Code,Service,MB,Residential,2001-2020 Bldg Code,Reference,available,,,,constant_tech,Year,2001,2001,2001,2001,2001,2001,2001,2001,2001,2001,2001,
CIMS.CAN.MB.Residential.Dwellings.Building Type.High Density.Vintage.2001-2020 Bldg Code,Service,MB,Residential,2001-2020 Bldg Code,Reference,unavailable,,,,constant_tech,Year,2021,2021,2021,2021,2021,2021,2021,2021,2021,2021,2021,
CIMS.CAN.MB.Residential.Dwellings.Building Type.High Density.Vintage.2001-2020 Bldg Code,Service,MB,Residential,2001-2020 Bldg Code,Reference,lifetime,,,,constant_tech,Years,80,80,80,80,80,80,80,80,80,80,80,
CIMS.CAN.MB.Residential.Dwellings.Building Type.High Density.Vintage.2001-2020 Bldg Code,Service,MB,Residential,2001-2020 Bldg Code,Reference,market_share_total,,,,annual_tech,%,1,,,,,,,,,,,
CIMS.CAN.MB.Residential.Dwellings.Building Type.High Density.Vintage.2001-2020 Bldg Code,Service,MB,Residential,2001-2020 Bldg Code,Reference,service_request,,,CIMS.CAN.MB.Residential.Dwellings.Building Type.High Density.Vintage.2001-2020 Bldg Code.Heating (Cold),annual_region_tech,GJ,0.19998086958288,0.21404257683046,0.19273592284222,0.17651612613733,0.16894583722914,0.16894583722914,0.16894583722914,0.16894583722914,0.16894583722914,0.16894583722914,0.16894583722914,
CIMS.CAN.MB.Residential.Dwellings.Building Type.High Density.Vintage.2001-2020 Bldg Code,Service,MB,Residential,2001-2020 Bldg Code,Retrofit Average,technology,,,,,,,,,,,,,,,,,
CIMS.CAN.MB.Residential.Dwellings.Building Type.High Density.Vintage.2001-2020 Bldg Code,Service,MB,Residential,2001-2020 Bldg Code,Retrofit Average,available,,,,constant_tech,Year,2001,2001,2001,2001,2001,2001,2001,2001,2001,2001,2001,
CIMS.CAN.MB.Residential.Dwellings.Building Type.High Density.Vintage.2001-2020 Bldg Code,Service,MB,Residential,2001-2020 Bldg Code,Retrofit Average,unavailable,,,,constant_tech,Year,2101,2101,2101,2101,2101,2101,2101,2101,2101,2101,2101,
CIMS.CAN.MB.Residential.Dwellings.Building Type.High Density.Vintage.2001-2020 Bldg Code,Service,MB,Residential,2001-2020 Bldg Code,Retrofit Average,lifetime,,,,constant_tech,Years,80,80,80,80,80,80,80,80,80,80,80,
CIMS.CAN.MB.Residential.Dwellings.Building Type.High Density.Vintage.2001-2020 Bldg Code,Service,MB,Residential,2001-2020 Bldg Code,Retrofit Average,market_share_total,,,,annual_tech,%,0,,,,,,,,,,,
CIMS.CAN.MB.Residential.Dwellings.Building Type.High Density.Vintage.2001-2020 Bldg Code,Service,MB,Residential,2001-2020 Bldg Code,Retrofit Average,fcc,,,,constant_tech,$,1565,1565,1565,1565,1565,1565,1565,1565,1565,1565,1565,
CIMS.CAN.MB.Residential.Dwellings.Building Type.High Density.Vintage.2001-2020 Bldg Code,Service,MB,Residential,2001-2020 Bldg Code,Retrofit Average,market_share_new_max,,,,constant_tech,%,0,0,0,0,0,0,0,0,0,0,0,
CIMS.CAN.MB.Residential.Dwellings.Building Type.High Density.Vintage.2001-2020 Bldg Code,Service,MB,Residential,2001-2020 Bldg Code,Retrofit Average,service_request,,,CIMS.CAN.MB.Residential.Dwellings.Building Type.High Density.Vintage.2001-2020 Bldg Code.Heating (Cold),annual_region_tech,GJ,0.13998660870801,0.14982980378132,0.13491514598955,0.12356128829613,0.1182620860604,0.1182620860604,0.1182620860604,0.1182620860604,0.1182620860604,0.1182620860604,0.1182620860604,
CIMS.CAN.MB.Residential.Dwellings.Building Type.High Density.Vintage.2001-2020 Bldg Code,Service,MB,Residential,2001-2020 Bldg Code,Retrofit Deep,technology,,,,,,,,,,,,,,,,,
CIMS.CAN.MB.Residential.Dwellings.Building Type.High Density.Vintage.2001-2020 Bldg Code,Service,MB,Residential,2001-2020 Bldg Code,Retrofit Deep,available,,,,constant_tech,Year,2001,2001,2001,2001,2001,2001,2001,2001,2001,2001,2001,
CIMS.CAN.MB.Residential.Dwellings.Building Type.High Density.Vintage.2001-2020 Bldg Code,Service,MB,Residential,2001-2020 Bldg Code,Retrofit Deep,unavailable,,,,constant_tech,Year,2101,2101,2101,2101,2101,2101,2101,2101,2101,2101,2101,
CIMS.CAN.MB.Residential.Dwellings.Building Type.High Density.Vintage.2001-2020 Bldg Code,Service,MB,Residential,2001-2020 Bldg Code,Retrofit Deep,lifetime,,,,constant_tech,Years,80,80,80,80,80,80,80,80,80,80,80,
CIMS.CAN.MB.Residential.Dwellings.Building Type.High Density.Vintage.2001-2020 Bldg Code,Service,MB,Residential,2001-2020 Bldg Code,Retrofit Deep,market_share_total,,,,annual_tech,%,0,,,,,,,,,,,
CIMS.CAN.MB.Residential.Dwellings.Building Type.High Density.Vintage.2001-2020 Bldg Code,Service,MB,Residential,2001-2020 Bldg Code,Retrofit Deep,fcc,,,,constant_tech,$,3130,3130,3130,3130,3130,3130,3130,3130,3130,3130,3130,
CIMS.CAN.MB.Residential.Dwellings.Building Type.High Density.Vintage.2001-2020 Bldg Code,Service,MB,Residential,2001-2020 Bldg Code,Retrofit Deep,market_share_new_max,,,,constant_tech,%,0,0,0,0,0,0,0,0,0,0,0,
CIMS.CAN.MB.Residential.Dwellings.Building Type.High Density.Vintage.2001-2020 Bldg Code,Service,MB,Residential,2001-2020 Bldg Code,Retrofit Deep,service_request,,,CIMS.CAN.MB.Residential.Dwellings.Building Type.High Density.Vintage.2001-2020 Bldg Code.Heating (Cold),annual_region_tech,GJ,0.09999043479144,0.10702128841523,0.09636796142111,0.08825806306867,0.08447291861457,0.08447291861457,0.08447291861457,0.08447291861457,0.08447291861457,0.08447291861457,0.08447291861457,
CIMS.CAN.MB.Residential.Dwellings.Building Type.High Density.Vintage.2001-2020 Bldg Code.Heating (Cold),Service,MB,Residential,Heating (Cold),,service_provide,,,,constant_tech,GJ of heat,,,,,,,,,,,,
CIMS.CAN.MB.Residential.Dwellings.Building Type.High Density.Vintage.2001-2020 Bldg Code.Heating (Cold),Service,MB,Residential,Heating (Cold),,competition,Tech Compete,,,,,,,,,,,,,,,,
CIMS.CAN.MB.Residential.Dwellings.Building Type.High Density.Vintage.2001-2020 Bldg Code.Heating (Cold),Service,MB,Residential,Heating (Cold),,discount_rate_financial,,,,constant_tech,%,0.25,0.25,0.25,0.25,0.25,0.25,0.25,0.25,0.25,0.25,0.25,
CIMS.CAN.MB.Residential.Dwellings.Building Type.High Density.Vintage.2001-2020 Bldg Code.Heating (Cold),Service,MB,Residential,Heating (Cold),,inheritance,intercept_retirement,,,constant_tech,,TRUE,TRUE,TRUE,TRUE,TRUE,TRUE,TRUE,TRUE,TRUE,TRUE,TRUE,
CIMS.CAN.MB.Residential.Dwellings.Building Type.High Density.Vintage.2001-2020 Bldg Code.Heating (Cold),Service,MB,Residential,Heating (Cold),,heterogeneity,,,,constant_tech,,10,10,10,10,10,10,10,10,10,10,10,
CIMS.CAN.MB.Residential.Dwellings.Building Type.High Density.Vintage.2001-2020 Bldg Code.Heating (Cold),Service,MB,Residential,Heating (Cold),NG - Standard Efficiency,technology,,,,,,,,,,,,,,,,,
CIMS.CAN.MB.Residential.Dwellings.Building Type.High Density.Vintage.2001-2020 Bldg Code.Heating (Cold),Service,MB,Residential,Heating (Cold),NG - Standard Efficiency,available,,,,constant_tech,Year,1990,1990,1990,1990,1990,1990,1990,1990,1990,1990,1990,
CIMS.CAN.MB.Residential.Dwellings.Building Type.High Density.Vintage.2001-2020 Bldg Code.Heating (Cold),Service,MB,Residential,Heating (Cold),NG - Standard Efficiency,unavailable,,,,constant_tech,Year,2101,2101,2101,2101,2101,2101,2101,2101,2101,2101,2101,
CIMS.CAN.MB.Residential.Dwellings.Building Type.High Density.Vintage.2001-2020 Bldg Code.Heating (Cold),Service,MB,Residential,Heating (Cold),NG - Standard Efficiency,lifetime,,,,constant_tech,Years,19,19,19,19,19,19,19,19,19,19,19,
CIMS.CAN.MB.Residential.Dwellings.Building Type.High Density.Vintage.2001-2020 Bldg Code.Heating (Cold),Service,MB,Residential,Heating (Cold),NG - Standard Efficiency,market_share_total,,,,annual_tech,%,1,,,,,,,,,,,
CIMS.CAN.MB.Residential.Dwellings.Building Type.High Density.Vintage.2001-2020 Bldg Code.Heating (Cold),Service,MB,Residential,Heating (Cold),NG - Standard Efficiency,output,,,,constant_tech,node unit,31.399776,31.399776,31.399776,31.399776,31.399776,31.399776,31.399776,31.399776,31.399776,31.399776,31.399776,
CIMS.CAN.MB.Residential.Dwellings.Building Type.High Density.Vintage.2001-2020 Bldg Code.Heating (Cold),Service,MB,Residential,Heating (Cold),NG - Standard Efficiency,fcc,,,,constant_tech,$,5005.382545,5005.382545,5005.382545,5005.382545,5005.382545,5005.382545,5005.382545,5005.382545,5005.382545,5005.382545,5005.382545,
CIMS.CAN.MB.Residential.Dwellings.Building Type.High Density.Vintage.2001-2020 Bldg Code.Heating (Cold),Service,MB,Residential,Heating (Cold),NG - Standard Efficiency,fom,,,,constant_tech,$,162.6749327,162.6749327,162.6749327,162.6749327,162.6749327,162.6749327,162.6749327,162.6749327,162.6749327,162.6749327,162.6749327,
CIMS.CAN.MB.Residential.Dwellings.Building Type.High Density.Vintage.2001-2020 Bldg Code.Heating (Cold),Service,MB,Residential,Heating (Cold),NG - Standard Efficiency,service_request,,,CIMS.CAN.MB.Residential.Methane Blend,annual_tech,GJ,1.32911392425,1.32911392425,1.32911392425,1.32911392425,1.32911392425,1.32911392425,1.32911392425,1.32911392425,1.32911392425,1.32911392425,1.32911392425,
CIMS.CAN.MB.Residential.Dwellings.Building Type.High Density.Vintage.2001-2020 Bldg Code.Heating (Cold),Service,MB,Residential,Heating (Cold),NG - High Efficiency,technology,,,,,,,,,,,,,,,,,
CIMS.CAN.MB.Residential.Dwellings.Building Type.High Density.Vintage.2001-2020 Bldg Code.Heating (Cold),Service,MB,Residential,Heating (Cold),NG - High Efficiency,available,,,,constant_tech,Year,2000,2000,2000,2000,2000,2000,2000,2000,2000,2000,2000,
CIMS.CAN.MB.Residential.Dwellings.Building Type.High Density.Vintage.2001-2020 Bldg Code.Heating (Cold),Service,MB,Residential,Heating (Cold),NG - High Efficiency,unavailable,,,,constant_tech,Year,2101,2101,2101,2101,2101,2101,2101,2101,2101,2101,2101,
CIMS.CAN.MB.Residential.Dwellings.Building Type.High Density.Vintage.2001-2020 Bldg Code.Heating (Cold),Service,MB,Residential,Heating (Cold),NG - High Efficiency,lifetime,,,,constant_tech,Years,19,19,19,19,19,19,19,19,19,19,19,
CIMS.CAN.MB.Residential.Dwellings.Building Type.High Density.Vintage.2001-2020 Bldg Code.Heating (Cold),Service,MB,Residential,Heating (Cold),NG - High Efficiency,market_share_total,,,,annual_tech,%,0,,,,,,,,,,,
CIMS.CAN.MB.Residential.Dwellings.Building Type.High Density.Vintage.2001-2020 Bldg Code.Heating (Cold),Service,MB,Residential,Heating (Cold),NG - High Efficiency,output,,,,constant_tech,node unit,31.399776,31.399776,31.399776,31.399776,31.399776,31.399776,31.399776,31.399776,31.399776,31.399776,31.399776,
CIMS.CAN.MB.Residential.Dwellings.Building Type.High Density.Vintage.2001-2020 Bldg Code.Heating (Cold),Service,MB,Residential,Heating (Cold),NG - High Efficiency,fcc,,,,constant_tech,$,6231.7012692,6231.7012692,6231.7012692,6231.7012692,6231.7012692,6231.7012692,6231.7012692,6231.7012692,6231.7012692,6231.7012692,6231.7012692,
CIMS.CAN.MB.Residential.Dwellings.Building Type.High Density.Vintage.2001-2020 Bldg Code.Heating (Cold),Service,MB,Residential,Heating (Cold),NG - High Efficiency,fom,,,,constant_tech,$,162.6749327,162.6749327,162.6749327,162.6749327,162.6749327,162.6749327,162.6749327,162.6749327,162.6749327,162.6749327,162.6749327,
CIMS.CAN.MB.Residential.Dwellings.Building Type.High Density.Vintage.2001-2020 Bldg Code.Heating (Cold),Service,MB,Residential,Heating (Cold),NG - High Efficiency,service_request,,,CIMS.CAN.MB.Residential.Methane Blend,annual_tech,GJ,1.16666666655,1.16666666655,1.16666666655,1.16666666655,1.16666666655,1.16666666655,1.16666666655,1.16666666655,1.16666666655,1.16666666655,1.16666666655,
CIMS.CAN.MB.Residential.Dwellings.Building Type.High Density.Vintage.2001-2020 Bldg Code.Heating (Cold),Service,MB,Residential,Heating (Cold),NG - ASHP / NG - backup,technology,,,,,,,,,,,,,,,,,
CIMS.CAN.MB.Residential.Dwellings.Building Type.High Density.Vintage.2001-2020 Bldg Code.Heating (Cold),Service,MB,Residential,Heating (Cold),NG - ASHP / NG - backup,available,,,,constant_tech,Year,2000,2000,2000,2000,2000,2000,2000,2000,2000,2000,2000,
CIMS.CAN.MB.Residential.Dwellings.Building Type.High Density.Vintage.2001-2020 Bldg Code.Heating (Cold),Service,MB,Residential,Heating (Cold),NG - ASHP / NG - backup,unavailable,,,,constant_tech,Year,2101,2101,2101,2101,2101,2101,2101,2101,2101,2101,2101,
CIMS.CAN.MB.Residential.Dwellings.Building Type.High Density.Vintage.2001-2020 Bldg Code.Heating (Cold),Service,MB,Residential,Heating (Cold),NG - ASHP / NG - backup,lifetime,,,,constant_tech,Years,15,15,15,15,15,15,15,15,15,15,15,
CIMS.CAN.MB.Residential.Dwellings.Building Type.High Density.Vintage.2001-2020 Bldg Code.Heating (Cold),Service,MB,Residential,Heating (Cold),NG - ASHP / NG - backup,market_share_total,,,,annual_tech,%,0,,,,,,,,,,,
CIMS.CAN.MB.Residential.Dwellings.Building Type.High Density.Vintage.2001-2020 Bldg Code.Heating (Cold),Service,MB,Residential,Heating (Cold),NG - ASHP / NG - backup,output,,,,constant_tech,node unit,31.399776,31.399776,31.399776,31.399776,31.399776,31.399776,31.399776,31.399776,31.399776,31.399776,31.399776,
CIMS.CAN.MB.Residential.Dwellings.Building Type.High Density.Vintage.2001-2020 Bldg Code.Heating (Cold),Service,MB,Residential,Heating (Cold),NG - ASHP / NG - backup,fcc,,,,constant_tech,$,20015.27345,20015.27345,20015.27345,20015.27345,20015.27345,20015.27345,20015.27345,20015.27345,20015.27345,20015.27345,20015.27345,
CIMS.CAN.MB.Residential.Dwellings.Building Type.High Density.Vintage.2001-2020 Bldg Code.Heating (Cold),Service,MB,Residential,Heating (Cold),NG - ASHP / NG - backup,fom,,,,constant_tech,$,250.2691273,250.2691273,250.2691273,250.2691273,250.2691273,250.2691273,250.2691273,250.2691273,250.2691273,250.2691273,250.2691273,
CIMS.CAN.MB.Residential.Dwellings.Building Type.High Density.Vintage.2001-2020 Bldg Code.Heating (Cold),Service,MB,Residential,Heating (Cold),NG - ASHP / NG - backup,service_request,,,CIMS.CAN.MB.Residential.Methane Blend,annual_tech,GJ,2.1593627892625,2.1593627892625,2.1593627892625,2.1593627892625,2.1593627892625,2.1593627892625,2.1593627892625,2.1593627892625,2.1593627892625,2.1593627892625,2.1593627892625,
CIMS.CAN.MB.Residential.Dwellings.Building Type.High Density.Vintage.2001-2020 Bldg Code.Heating (Cold),Service,MB,Residential,Heating (Cold),NG - ASHP / NG - backup,service_request,,,CIMS.CAN.MB.Residential.Dwellings.Building Type.High Density.Cooling,annual_tech,GJ of cooling,-0.004568364,-0.004568364,-0.004568364,-0.004568364,-0.004568364,-0.004568364,-0.004568364,-0.004568364,-0.004568364,-0.004568364,-0.004568364,
CIMS.CAN.MB.Residential.Dwellings.Building Type.High Density.Vintage.2001-2020 Bldg Code.Heating (Cold),Service,MB,Residential,Heating (Cold),Electric - Standard Efficiency,technology,,,,,,,,,,,,,,,,,
CIMS.CAN.MB.Residential.Dwellings.Building Type.High Density.Vintage.2001-2020 Bldg Code.Heating (Cold),Service,MB,Residential,Heating (Cold),Electric - Standard Efficiency,available,,,,constant_tech,Year,1950,1950,1950,1950,1950,1950,1950,1950,1950,1950,1950,
CIMS.CAN.MB.Residential.Dwellings.Building Type.High Density.Vintage.2001-2020 Bldg Code.Heating (Cold),Service,MB,Residential,Heating (Cold),Electric - Standard Efficiency,unavailable,,,,constant_tech,Year,2101,2101,2101,2101,2101,2101,2101,2101,2101,2101,2101,
CIMS.CAN.MB.Residential.Dwellings.Building Type.High Density.Vintage.2001-2020 Bldg Code.Heating (Cold),Service,MB,Residential,Heating (Cold),Electric - Standard Efficiency,lifetime,,,,constant_tech,Years,22.5,22.5,22.5,22.5,22.5,22.5,22.5,22.5,22.5,22.5,22.5,
CIMS.CAN.MB.Residential.Dwellings.Building Type.High Density.Vintage.2001-2020 Bldg Code.Heating (Cold),Service,MB,Residential,Heating (Cold),Electric - Standard Efficiency,market_share_total,,,,annual_tech,%,0,,,,,,,,,,,
CIMS.CAN.MB.Residential.Dwellings.Building Type.High Density.Vintage.2001-2020 Bldg Code.Heating (Cold),Service,MB,Residential,Heating (Cold),Electric - Standard Efficiency,output,,,,constant_tech,node unit,31.399776,31.399776,31.399776,31.399776,31.399776,31.399776,31.399776,31.399776,31.399776,31.399776,31.399776,
CIMS.CAN.MB.Residential.Dwellings.Building Type.High Density.Vintage.2001-2020 Bldg Code.Heating (Cold),Service,MB,Residential,Heating (Cold),Electric - Standard Efficiency,fcc,,,,constant_tech,$,3822.860919,3822.860919,3822.860919,3822.860919,3822.860919,3822.860919,3822.860919,3822.860919,3822.860919,3822.860919,3822.860919,
CIMS.CAN.MB.Residential.Dwellings.Building Type.High Density.Vintage.2001-2020 Bldg Code.Heating (Cold),Service,MB,Residential,Heating (Cold),Electric - Standard Efficiency,service_request,,,CIMS.CAN.MB.Electricity,annual_tech,GJ,1,1,1,1,1,1,1,1,1,1,1,
CIMS.CAN.MB.Residential.Dwellings.Building Type.High Density.Vintage.2001-2020 Bldg Code.Heating (Cold),Service,MB,Residential,Heating (Cold),Electric - ASHP / NG - backup,technology,,,,,,,,,,,,,,,,,
CIMS.CAN.MB.Residential.Dwellings.Building Type.High Density.Vintage.2001-2020 Bldg Code.Heating (Cold),Service,MB,Residential,Heating (Cold),Electric - ASHP / NG - backup,available,,,,constant_tech,Year,2000,2000,2000,2000,2000,2000,2000,2000,2000,2000,2000,
CIMS.CAN.MB.Residential.Dwellings.Building Type.High Density.Vintage.2001-2020 Bldg Code.Heating (Cold),Service,MB,Residential,Heating (Cold),Electric - ASHP / NG - backup,unavailable,,,,constant_tech,Year,2101,2101,2101,2101,2101,2101,2101,2101,2101,2101,2101,
CIMS.CAN.MB.Residential.Dwellings.Building Type.High Density.Vintage.2001-2020 Bldg Code.Heating (Cold),Service,MB,Residential,Heating (Cold),Electric - ASHP / NG - backup,lifetime,,,,constant_tech,Years,15.5,15.5,15.5,15.5,15.5,15.5,15.5,15.5,15.5,15.5,15.5,
CIMS.CAN.MB.Residential.Dwellings.Building Type.High Density.Vintage.2001-2020 Bldg Code.Heating (Cold),Service,MB,Residential,Heating (Cold),Electric - ASHP / NG - backup,market_share_total,,,,annual_tech,%,0,,,,,,,,,,,
CIMS.CAN.MB.Residential.Dwellings.Building Type.High Density.Vintage.2001-2020 Bldg Code.Heating (Cold),Service,MB,Residential,Heating (Cold),Electric - ASHP / NG - backup,output,,,,constant_tech,node unit,31.399776,31.399776,31.399776,31.399776,31.399776,31.399776,31.399776,31.399776,31.399776,31.399776,31.399776,
CIMS.CAN.MB.Residential.Dwellings.Building Type.High Density.Vintage.2001-2020 Bldg Code.Heating (Cold),Service,MB,Residential,Heating (Cold),Electric - ASHP / NG - backup,fcc,,,,constant_tech,$,9647.874856,9647.874856,9647.874856,9647.874856,9647.874856,9647.874856,9647.874856,9647.874856,9647.874856,9647.874856,9647.874856,
CIMS.CAN.MB.Residential.Dwellings.Building Type.High Density.Vintage.2001-2020 Bldg Code.Heating (Cold),Service,MB,Residential,Heating (Cold),Electric - ASHP / NG - backup,fom,,,,constant_tech,$,269.0393118,269.0393118,269.0393118,269.0393118,269.0393118,269.0393118,269.0393118,269.0393118,269.0393118,269.0393118,269.0393118,
CIMS.CAN.MB.Residential.Dwellings.Building Type.High Density.Vintage.2001-2020 Bldg Code.Heating (Cold),Service,MB,Residential,Heating (Cold),Electric - ASHP / NG - backup,service_request,,,CIMS.CAN.MB.Electricity,annual_tech,GJ,0.72747607755,0.72747607755,0.72747607755,0.72747607755,0.72747607755,0.72747607755,0.72747607755,0.72747607755,0.72747607755,0.72747607755,0.72747607755,
CIMS.CAN.MB.Residential.Dwellings.Building Type.High Density.Vintage.2001-2020 Bldg Code.Heating (Cold),Service,MB,Residential,Heating (Cold),Electric - ASHP / NG - backup,service_request,,,CIMS.CAN.MB.Residential.Methane Blend,annual_tech,GJ,0.0583333333275,0.0583333333275,0.0583333333275,0.0583333333275,0.0583333333275,0.0583333333275,0.0583333333275,0.0583333333275,0.0583333333275,0.0583333333275,0.0583333333275,
CIMS.CAN.MB.Residential.Dwellings.Building Type.High Density.Vintage.2001-2020 Bldg Code.Heating (Cold),Service,MB,Residential,Heating (Cold),Electric - ASHP / NG - backup,service_request,,,CIMS.CAN.MB.Residential.Dwellings.Building Type.High Density.Cooling,annual_tech,GJ of cooling,-0.004568364,-0.004568364,-0.004568364,-0.004568364,-0.004568364,-0.004568364,-0.004568364,-0.004568364,-0.004568364,-0.004568364,-0.004568364,
CIMS.CAN.MB.Residential.Dwellings.Building Type.High Density.Vintage.2001-2020 Bldg Code.Heating (Cold),Service,MB,Residential,Heating (Cold),Electric - ASHP / Electric - backup,technology,,,,,,,,,,,,,,,,,
CIMS.CAN.MB.Residential.Dwellings.Building Type.High Density.Vintage.2001-2020 Bldg Code.Heating (Cold),Service,MB,Residential,Heating (Cold),Electric - ASHP / Electric - backup,available,,,,constant_tech,Year,2000,2000,2000,2000,2000,2000,2000,2000,2000,2000,2000,
CIMS.CAN.MB.Residential.Dwellings.Building Type.High Density.Vintage.2001-2020 Bldg Code.Heating (Cold),Service,MB,Residential,Heating (Cold),Electric - ASHP / Electric - backup,unavailable,,,,constant_tech,Year,2101,2101,2101,2101,2101,2101,2101,2101,2101,2101,2101,
CIMS.CAN.MB.Residential.Dwellings.Building Type.High Density.Vintage.2001-2020 Bldg Code.Heating (Cold),Service,MB,Residential,Heating (Cold),Electric - ASHP / Electric - backup,lifetime,,,,constant_tech,Years,15.5,15.5,15.5,15.5,15.5,15.5,15.5,15.5,15.5,15.5,15.5,
CIMS.CAN.MB.Residential.Dwellings.Building Type.High Density.Vintage.2001-2020 Bldg Code.Heating (Cold),Service,MB,Residential,Heating (Cold),Electric - ASHP / Electric - backup,market_share_total,,,,annual_tech,%,0,,,,,,,,,,,
CIMS.CAN.MB.Residential.Dwellings.Building Type.High Density.Vintage.2001-2020 Bldg Code.Heating (Cold),Service,MB,Residential,Heating (Cold),Electric - ASHP / Electric - backup,output,,,,constant_tech,node unit,31.399776,31.399776,31.399776,31.399776,31.399776,31.399776,31.399776,31.399776,31.399776,31.399776,31.399776,
CIMS.CAN.MB.Residential.Dwellings.Building Type.High Density.Vintage.2001-2020 Bldg Code.Heating (Cold),Service,MB,Residential,Heating (Cold),Electric - ASHP / Electric - backup,fcc,,,,constant_tech,$,9373.830161,9373.830161,9373.830161,9373.830161,9373.830161,9373.830161,9373.830161,9373.830161,9373.830161,9373.830161,9373.830161,
CIMS.CAN.MB.Residential.Dwellings.Building Type.High Density.Vintage.2001-2020 Bldg Code.Heating (Cold),Service,MB,Residential,Heating (Cold),Electric - ASHP / Electric - backup,fom,,,,constant_tech,$,106.3643791,106.3643791,106.3643791,106.3643791,106.3643791,106.3643791,106.3643791,106.3643791,106.3643791,106.3643791,106.3643791,
CIMS.CAN.MB.Residential.Dwellings.Building Type.High Density.Vintage.2001-2020 Bldg Code.Heating (Cold),Service,MB,Residential,Heating (Cold),Electric - ASHP / Electric - backup,service_request,,,CIMS.CAN.MB.Electricity,annual_tech,GJ,0.77747607755,0.77747607755,0.77747607755,0.77747607755,0.77747607755,0.77747607755,0.77747607755,0.77747607755,0.77747607755,0.77747607755,0.77747607755,
CIMS.CAN.MB.Residential.Dwellings.Building Type.High Density.Vintage.2001-2020 Bldg Code.Heating (Cold),Service,MB,Residential,Heating (Cold),Electric - ASHP / Electric - backup,service_request,,,CIMS.CAN.MB.Residential.Dwellings.Building Type.High Density.Cooling,annual_tech,GJ of cooling,-0.004568364,-0.004568364,-0.004568364,-0.004568364,-0.004568364,-0.004568364,-0.004568364,-0.004568364,-0.004568364,-0.004568364,-0.004568364,
CIMS.CAN.MB.Residential.Dwellings.Building Type.High Density.Vintage.2001-2020 Bldg Code.Heating (Cold),Service,MB,Residential,Heating (Cold),Electric - GSHP,technology,,,,,,,,,,,,,,,,,
CIMS.CAN.MB.Residential.Dwellings.Building Type.High Density.Vintage.2001-2020 Bldg Code.Heating (Cold),Service,MB,Residential,Heating (Cold),Electric - GSHP,available,,,,constant_tech,Year,2000,2000,2000,2000,2000,2000,2000,2000,2000,2000,2000,
CIMS.CAN.MB.Residential.Dwellings.Building Type.High Density.Vintage.2001-2020 Bldg Code.Heating (Cold),Service,MB,Residential,Heating (Cold),Electric - GSHP,unavailable,,,,constant_tech,Year,2101,2101,2101,2101,2101,2101,2101,2101,2101,2101,2101,
CIMS.CAN.MB.Residential.Dwellings.Building Type.High Density.Vintage.2001-2020 Bldg Code.Heating (Cold),Service,MB,Residential,Heating (Cold),Electric - GSHP,lifetime,,,,constant_tech,Years,20,20,20,20,20,20,20,20,20,20,20,
CIMS.CAN.MB.Residential.Dwellings.Building Type.High Density.Vintage.2001-2020 Bldg Code.Heating (Cold),Service,MB,Residential,Heating (Cold),Electric - GSHP,market_share_total,,,,annual_tech,%,0,,,,,,,,,,,
CIMS.CAN.MB.Residential.Dwellings.Building Type.High Density.Vintage.2001-2020 Bldg Code.Heating (Cold),Service,MB,Residential,Heating (Cold),Electric - GSHP,output,,,,constant_tech,node unit,31.399776,31.399776,31.399776,31.399776,31.399776,31.399776,31.399776,31.399776,31.399776,31.399776,31.399776,
CIMS.CAN.MB.Residential.Dwellings.Building Type.High Density.Vintage.2001-2020 Bldg Code.Heating (Cold),Service,MB,Residential,Heating (Cold),Electric - GSHP,fcc,,,,constant_tech,$,23775.56709,23775.56709,23775.56709,23775.56709,23775.56709,23775.56709,23775.56709,23775.56709,23775.56709,23775.56709,23775.56709,
CIMS.CAN.MB.Residential.Dwellings.Building Type.High Density.Vintage.2001-2020 Bldg Code.Heating (Cold),Service,MB,Residential,Heating (Cold),Electric - GSHP,fom,,,,constant_tech,$,112.6211073,112.6211073,112.6211073,112.6211073,112.6211073,112.6211073,112.6211073,112.6211073,112.6211073,112.6211073,112.6211073,
CIMS.CAN.MB.Residential.Dwellings.Building Type.High Density.Vintage.2001-2020 Bldg Code.Heating (Cold),Service,MB,Residential,Heating (Cold),Electric - GSHP,service_request,,,CIMS.CAN.MB.Electricity,annual_tech,GJ,0.486428472,0.486428472,0.486428472,0.486428472,0.486428472,0.486428472,0.486428472,0.486428472,0.486428472,0.486428472,0.486428472,
CIMS.CAN.MB.Residential.Dwellings.Building Type.High Density.Vintage.2001-2020 Bldg Code.Heating (Cold),Service,MB,Residential,Heating (Cold),Electric - GSHP,service_request,,,CIMS.CAN.MB.Residential.Dwellings.Building Type.High Density.Cooling,annual_tech,GJ of cooling,-0.004568364,-0.004568364,-0.004568364,-0.004568364,-0.004568364,-0.004568364,-0.004568364,-0.004568364,-0.004568364,-0.004568364,-0.004568364,
CIMS.CAN.MB.Residential.Dwellings.Building Type.High Density.Vintage.2001-2020 Bldg Code.Heating (Cold),Service,MB,Residential,Heating (Cold),Heating Oil - Standard Efficiency,technology,,,,,,,,,,,,,,,,,
CIMS.CAN.MB.Residential.Dwellings.Building Type.High Density.Vintage.2001-2020 Bldg Code.Heating (Cold),Service,MB,Residential,Heating (Cold),Heating Oil - Standard Efficiency,available,,,,constant_tech,Year,1950,1950,1950,1950,1950,1950,1950,1950,1950,1950,1950,
CIMS.CAN.MB.Residential.Dwellings.Building Type.High Density.Vintage.2001-2020 Bldg Code.Heating (Cold),Service,MB,Residential,Heating (Cold),Heating Oil - Standard Efficiency,unavailable,,,,constant_tech,Year,2021,2021,2021,2021,2021,2021,2021,2021,2021,2021,2021,
CIMS.CAN.MB.Residential.Dwellings.Building Type.High Density.Vintage.2001-2020 Bldg Code.Heating (Cold),Service,MB,Residential,Heating (Cold),Heating Oil - Standard Efficiency,lifetime,,,,constant_tech,Years,23,23,23,23,23,23,23,23,23,23,23,
CIMS.CAN.MB.Residential.Dwellings.Building Type.High Density.Vintage.2001-2020 Bldg Code.Heating (Cold),Service,MB,Residential,Heating (Cold),Heating Oil - Standard Efficiency,market_share_total,,,,annual_tech,%,0,,,,,,,,,,,
CIMS.CAN.MB.Residential.Dwellings.Building Type.High Density.Vintage.2001-2020 Bldg Code.Heating (Cold),Service,MB,Residential,Heating (Cold),Heating Oil - Standard Efficiency,output,,,,constant_tech,node unit,31.399776,31.399776,31.399776,31.399776,31.399776,31.399776,31.399776,31.399776,31.399776,31.399776,31.399776,
CIMS.CAN.MB.Residential.Dwellings.Building Type.High Density.Vintage.2001-2020 Bldg Code.Heating (Cold),Service,MB,Residential,Heating (Cold),Heating Oil - Standard Efficiency,fcc,,,,constant_tech,$,6444.430027,6444.430027,6444.430027,6444.430027,6444.430027,6444.430027,6444.430027,6444.430027,6444.430027,6444.430027,6444.430027,
CIMS.CAN.MB.Residential.Dwellings.Building Type.High Density.Vintage.2001-2020 Bldg Code.Heating (Cold),Service,MB,Residential,Heating (Cold),Heating Oil - Standard Efficiency,fom,,,,constant_tech,$,100.1076509,100.1076509,100.1076509,100.1076509,100.1076509,100.1076509,100.1076509,100.1076509,100.1076509,100.1076509,100.1076509,
CIMS.CAN.MB.Residential.Dwellings.Building Type.High Density.Vintage.2001-2020 Bldg Code.Heating (Cold),Service,MB,Residential,Heating (Cold),Heating Oil - Standard Efficiency,service_request,,,CIMS.Generic Fuels.Fuel Oil,annual_tech,GJ,1.282051282,1.282051282,1.282051282,1.282051282,1.282051282,1.282051282,1.282051282,1.282051282,1.282051282,1.282051282,1.282051282,
CIMS.CAN.MB.Residential.Dwellings.Building Type.High Density.Vintage.2001-2020 Bldg Code.Heating (Cold),Service,MB,Residential,Heating (Cold),Heating Oil - High Efficiency,technology,,,,,,,,,,,,,,,,,
CIMS.CAN.MB.Residential.Dwellings.Building Type.High Density.Vintage.2001-2020 Bldg Code.Heating (Cold),Service,MB,Residential,Heating (Cold),Heating Oil - High Efficiency,available,,,,constant_tech,Year,2000,2000,2000,2000,2000,2000,2000,2000,2000,2000,2000,
CIMS.CAN.MB.Residential.Dwellings.Building Type.High Density.Vintage.2001-2020 Bldg Code.Heating (Cold),Service,MB,Residential,Heating (Cold),Heating Oil - High Efficiency,unavailable,,,,constant_tech,Year,2101,2101,2101,2101,2101,2101,2101,2101,2101,2101,2101,
CIMS.CAN.MB.Residential.Dwellings.Building Type.High Density.Vintage.2001-2020 Bldg Code.Heating (Cold),Service,MB,Residential,Heating (Cold),Heating Oil - High Efficiency,lifetime,,,,constant_tech,Years,23,23,23,23,23,23,23,23,23,23,23,
CIMS.CAN.MB.Residential.Dwellings.Building Type.High Density.Vintage.2001-2020 Bldg Code.Heating (Cold),Service,MB,Residential,Heating (Cold),Heating Oil - High Efficiency,market_share_total,,,,annual_tech,%,0,,,,,,,,,,,
CIMS.CAN.MB.Residential.Dwellings.Building Type.High Density.Vintage.2001-2020 Bldg Code.Heating (Cold),Service,MB,Residential,Heating (Cold),Heating Oil - High Efficiency,output,,,,constant_tech,node unit,31.399776,31.399776,31.399776,31.399776,31.399776,31.399776,31.399776,31.399776,31.399776,31.399776,31.399776,
CIMS.CAN.MB.Residential.Dwellings.Building Type.High Density.Vintage.2001-2020 Bldg Code.Heating (Cold),Service,MB,Residential,Heating (Cold),Heating Oil - High Efficiency,fcc,,,,constant_tech,$,9541.510477,9541.510477,9541.510477,9541.510477,9541.510477,9541.510477,9541.510477,9541.510477,9541.510477,9541.510477,9541.510477,
CIMS.CAN.MB.Residential.Dwellings.Building Type.High Density.Vintage.2001-2020 Bldg Code.Heating (Cold),Service,MB,Residential,Heating (Cold),Heating Oil - High Efficiency,fom,,,,constant_tech,$,100.1076509,100.1076509,100.1076509,100.1076509,100.1076509,100.1076509,100.1076509,100.1076509,100.1076509,100.1076509,100.1076509,
CIMS.CAN.MB.Residential.Dwellings.Building Type.High Density.Vintage.2001-2020 Bldg Code.Heating (Cold),Service,MB,Residential,Heating (Cold),Heating Oil - High Efficiency,service_request,,,CIMS.Generic Fuels.Fuel Oil,annual_tech,GJ,1.162790698,1.162790698,1.162790698,1.162790698,1.162790698,1.162790698,1.162790698,1.162790698,1.162790698,1.162790698,1.162790698,
CIMS.CAN.MB.Residential.Dwellings.Building Type.High Density.Vintage.2001-2020 Bldg Code.Heating (Cold),Service,MB,Residential,Heating (Cold),Wood,technology,,,,,,,,,,,,,,,,,
CIMS.CAN.MB.Residential.Dwellings.Building Type.High Density.Vintage.2001-2020 Bldg Code.Heating (Cold),Service,MB,Residential,Heating (Cold),Wood,available,,,,constant_tech,Year,1950,1950,1950,1950,1950,1950,1950,1950,1950,1950,1950,
CIMS.CAN.MB.Residential.Dwellings.Building Type.High Density.Vintage.2001-2020 Bldg Code.Heating (Cold),Service,MB,Residential,Heating (Cold),Wood,unavailable,,,,constant_tech,Year,2101,2101,2101,2101,2101,2101,2101,2101,2101,2101,2101,
CIMS.CAN.MB.Residential.Dwellings.Building Type.High Density.Vintage.2001-2020 Bldg Code.Heating (Cold),Service,MB,Residential,Heating (Cold),Wood,lifetime,,,,constant_tech,Years,18.5,18.5,18.5,18.5,18.5,18.5,18.5,18.5,18.5,18.5,18.5,
CIMS.CAN.MB.Residential.Dwellings.Building Type.High Density.Vintage.2001-2020 Bldg Code.Heating (Cold),Service,MB,Residential,Heating (Cold),Wood,market_share_total,,,,annual_tech,%,0,,,,,,,,,,,
CIMS.CAN.MB.Residential.Dwellings.Building Type.High Density.Vintage.2001-2020 Bldg Code.Heating (Cold),Service,MB,Residential,Heating (Cold),Wood,output,,,,constant_tech,node unit,31.399776,31.399776,31.399776,31.399776,31.399776,31.399776,31.399776,31.399776,31.399776,31.399776,31.399776,
CIMS.CAN.MB.Residential.Dwellings.Building Type.High Density.Vintage.2001-2020 Bldg Code.Heating (Cold),Service,MB,Residential,Heating (Cold),Wood,fcc,,,,constant_tech,$,8000.269768,8000.269768,8000.269768,8000.269768,8000.269768,8000.269768,8000.269768,8000.269768,8000.269768,8000.269768,8000.269768,
CIMS.CAN.MB.Residential.Dwellings.Building Type.High Density.Vintage.2001-2020 Bldg Code.Heating (Cold),Service,MB,Residential,Heating (Cold),Wood,fom,,,,constant_tech,$,250.2691273,250.2691273,250.2691273,250.2691273,250.2691273,250.2691273,250.2691273,250.2691273,250.2691273,250.2691273,250.2691273,
CIMS.CAN.MB.Residential.Dwellings.Building Type.High Density.Vintage.2001-2020 Bldg Code.Heating (Cold),Service,MB,Residential,Heating (Cold),Wood,service_request,,,CIMS.Generic Fuels.Solid Biomass,annual_tech,GJ,2,2,2,2,2,2,2,2,2,2,2,
CIMS.CAN.MB.Residential.Dwellings.Building Type.High Density.Vintage.2021-2035 Bldg Code,Service,MB,Residential,2021-2035 Bldg Code,,service_provide,,,,constant_tech,m2,,,,,,,,,,,,
CIMS.CAN.MB.Residential.Dwellings.Building Type.High Density.Vintage.2021-2035 Bldg Code,Service,MB,Residential,2021-2035 Bldg Code,,competition,Tech Compete,,,,,,,,,,,,,,,,
CIMS.CAN.MB.Residential.Dwellings.Building Type.High Density.Vintage.2021-2035 Bldg Code,Service,MB,Residential,2021-2035 Bldg Code,,discount_rate_financial,,,,constant_tech,%,0.25,0.25,0.25,0.25,0.25,0.25,0.25,0.25,0.25,0.25,0.25,
CIMS.CAN.MB.Residential.Dwellings.Building Type.High Density.Vintage.2021-2035 Bldg Code,Service,MB,Residential,2021-2035 Bldg Code,,heterogeneity,,,,constant_tech,,10,10,10,10,10,10,10,10,10,10,10,
CIMS.CAN.MB.Residential.Dwellings.Building Type.High Density.Vintage.2021-2035 Bldg Code,Service,MB,Residential,2021-2035 Bldg Code,Reference,technology,,,,,,,,,,,,,,,,,
CIMS.CAN.MB.Residential.Dwellings.Building Type.High Density.Vintage.2021-2035 Bldg Code,Service,MB,Residential,2021-2035 Bldg Code,Reference,available,,,,constant_tech,Year,2021,2021,2021,2021,2021,2021,2021,2021,2021,2021,2021,
CIMS.CAN.MB.Residential.Dwellings.Building Type.High Density.Vintage.2021-2035 Bldg Code,Service,MB,Residential,2021-2035 Bldg Code,Reference,unavailable,,,,constant_tech,Year,2036,2036,2036,2036,2036,2036,2036,2036,2036,2036,2036,
CIMS.CAN.MB.Residential.Dwellings.Building Type.High Density.Vintage.2021-2035 Bldg Code,Service,MB,Residential,2021-2035 Bldg Code,Reference,lifetime,,,,constant_tech,Years,80,80,80,80,80,80,80,80,80,80,80,
CIMS.CAN.MB.Residential.Dwellings.Building Type.High Density.Vintage.2021-2035 Bldg Code,Service,MB,Residential,2021-2035 Bldg Code,Reference,market_share_total,,,,annual_tech,%,1,,,,,,,,,,,
CIMS.CAN.MB.Residential.Dwellings.Building Type.High Density.Vintage.2021-2035 Bldg Code,Service,MB,Residential,2021-2035 Bldg Code,Reference,service_request,,,CIMS.CAN.MB.Residential.Dwellings.Building Type.High Density.Vintage.2021-2035 Bldg Code.Heating (Cold),annual_region_tech,GJ,0.14998565218716,0.16053193262284,0.14455194213167,0.132387094603,0.12670937792186,0.12670937792186,0.12670937792186,0.12670937792186,0.12670937792186,0.12670937792186,0.12670937792186,
CIMS.CAN.MB.Residential.Dwellings.Building Type.High Density.Vintage.2021-2035 Bldg Code,Service,MB,Residential,2021-2035 Bldg Code,Retrofit Average,technology,,,,,,,,,,,,,,,,,
CIMS.CAN.MB.Residential.Dwellings.Building Type.High Density.Vintage.2021-2035 Bldg Code,Service,MB,Residential,2021-2035 Bldg Code,Retrofit Average,available,,,,constant_tech,Year,2021,2021,2021,2021,2021,2021,2021,2021,2021,2021,2021,
CIMS.CAN.MB.Residential.Dwellings.Building Type.High Density.Vintage.2021-2035 Bldg Code,Service,MB,Residential,2021-2035 Bldg Code,Retrofit Average,unavailable,,,,constant_tech,Year,2101,2101,2101,2101,2101,2101,2101,2101,2101,2101,2101,
CIMS.CAN.MB.Residential.Dwellings.Building Type.High Density.Vintage.2021-2035 Bldg Code,Service,MB,Residential,2021-2035 Bldg Code,Retrofit Average,lifetime,,,,constant_tech,Years,80,80,80,80,80,80,80,80,80,80,80,
CIMS.CAN.MB.Residential.Dwellings.Building Type.High Density.Vintage.2021-2035 Bldg Code,Service,MB,Residential,2021-2035 Bldg Code,Retrofit Average,market_share_total,,,,annual_tech,%,0,,,,,,,,,,,
CIMS.CAN.MB.Residential.Dwellings.Building Type.High Density.Vintage.2021-2035 Bldg Code,Service,MB,Residential,2021-2035 Bldg Code,Retrofit Average,fcc,,,,constant_tech,$,1565,1565,1565,1565,1565,1565,1565,1565,1565,1565,1565,
CIMS.CAN.MB.Residential.Dwellings.Building Type.High Density.Vintage.2021-2035 Bldg Code,Service,MB,Residential,2021-2035 Bldg Code,Retrofit Average,market_share_new_max,,,,constant_tech,%,0,0,0,0,0,0,0,0,0,0,0,
CIMS.CAN.MB.Residential.Dwellings.Building Type.High Density.Vintage.2021-2035 Bldg Code,Service,MB,Residential,2021-2035 Bldg Code,Retrofit Average,service_request,,,CIMS.CAN.MB.Residential.Dwellings.Building Type.High Density.Vintage.2021-2035 Bldg Code.Heating (Cold),annual_region_tech,GJ,0.10498995653101,0.11237235283599,0.10118635949217,0.0926709662221,0.0886965645453,0.0886965645453,0.0886965645453,0.0886965645453,0.0886965645453,0.0886965645453,0.0886965645453,
CIMS.CAN.MB.Residential.Dwellings.Building Type.High Density.Vintage.2021-2035 Bldg Code,Service,MB,Residential,2021-2035 Bldg Code,Retrofit Deep,technology,,,,,,,,,,,,,,,,,
CIMS.CAN.MB.Residential.Dwellings.Building Type.High Density.Vintage.2021-2035 Bldg Code,Service,MB,Residential,2021-2035 Bldg Code,Retrofit Deep,available,,,,constant_tech,Year,2021,2021,2021,2021,2021,2021,2021,2021,2021,2021,2021,
CIMS.CAN.MB.Residential.Dwellings.Building Type.High Density.Vintage.2021-2035 Bldg Code,Service,MB,Residential,2021-2035 Bldg Code,Retrofit Deep,unavailable,,,,constant_tech,Year,2101,2101,2101,2101,2101,2101,2101,2101,2101,2101,2101,
CIMS.CAN.MB.Residential.Dwellings.Building Type.High Density.Vintage.2021-2035 Bldg Code,Service,MB,Residential,2021-2035 Bldg Code,Retrofit Deep,lifetime,,,,constant_tech,Years,80,80,80,80,80,80,80,80,80,80,80,
CIMS.CAN.MB.Residential.Dwellings.Building Type.High Density.Vintage.2021-2035 Bldg Code,Service,MB,Residential,2021-2035 Bldg Code,Retrofit Deep,market_share_total,,,,annual_tech,%,0,,,,,,,,,,,
CIMS.CAN.MB.Residential.Dwellings.Building Type.High Density.Vintage.2021-2035 Bldg Code,Service,MB,Residential,2021-2035 Bldg Code,Retrofit Deep,fcc,,,,constant_tech,$,3130,3130,3130,3130,3130,3130,3130,3130,3130,3130,3130,
CIMS.CAN.MB.Residential.Dwellings.Building Type.High Density.Vintage.2021-2035 Bldg Code,Service,MB,Residential,2021-2035 Bldg Code,Retrofit Deep,market_share_new_max,,,,constant_tech,%,0,0,0,0,0,0,0,0,0,0,0,
CIMS.CAN.MB.Residential.Dwellings.Building Type.High Density.Vintage.2021-2035 Bldg Code,Service,MB,Residential,2021-2035 Bldg Code,Retrofit Deep,service_request,,,CIMS.CAN.MB.Residential.Dwellings.Building Type.High Density.Vintage.2021-2035 Bldg Code.Heating (Cold),annual_region_tech,GJ,0.07499282609358,0.08026596631142,0.07227597106583,0.0661935473015,0.06335468896093,0.06335468896093,0.06335468896093,0.06335468896093,0.06335468896093,0.06335468896093,0.06335468896093,
CIMS.CAN.MB.Residential.Dwellings.Building Type.High Density.Vintage.2021-2035 Bldg Code.Heating (Cold),Service,MB,Residential,Heating (Cold),,service_provide,,,,constant_tech,GJ of heat,,,,,,,,,,,,
CIMS.CAN.MB.Residential.Dwellings.Building Type.High Density.Vintage.2021-2035 Bldg Code.Heating (Cold),Service,MB,Residential,Heating (Cold),,competition,Tech Compete,,,,,,,,,,,,,,,,
CIMS.CAN.MB.Residential.Dwellings.Building Type.High Density.Vintage.2021-2035 Bldg Code.Heating (Cold),Service,MB,Residential,Heating (Cold),,discount_rate_financial,,,,constant_tech,%,0.25,0.25,0.25,0.25,0.25,0.25,0.25,0.25,0.25,0.25,0.25,
CIMS.CAN.MB.Residential.Dwellings.Building Type.High Density.Vintage.2021-2035 Bldg Code.Heating (Cold),Service,MB,Residential,Heating (Cold),,inheritance,intercept_retirement,,,constant_tech,,TRUE,TRUE,TRUE,TRUE,TRUE,TRUE,TRUE,TRUE,TRUE,TRUE,TRUE,
CIMS.CAN.MB.Residential.Dwellings.Building Type.High Density.Vintage.2021-2035 Bldg Code.Heating (Cold),Service,MB,Residential,Heating (Cold),,heterogeneity,,,,constant_tech,,10,10,10,10,10,10,10,10,10,10,10,
CIMS.CAN.MB.Residential.Dwellings.Building Type.High Density.Vintage.2021-2035 Bldg Code.Heating (Cold),Service,MB,Residential,Heating (Cold),NG - Standard Efficiency,technology,,,,,,,,,,,,,,,,,
CIMS.CAN.MB.Residential.Dwellings.Building Type.High Density.Vintage.2021-2035 Bldg Code.Heating (Cold),Service,MB,Residential,Heating (Cold),NG - Standard Efficiency,available,,,,constant_tech,Year,1990,1990,1990,1990,1990,1990,1990,1990,1990,1990,1990,
CIMS.CAN.MB.Residential.Dwellings.Building Type.High Density.Vintage.2021-2035 Bldg Code.Heating (Cold),Service,MB,Residential,Heating (Cold),NG - Standard Efficiency,unavailable,,,,constant_tech,Year,2101,2101,2101,2101,2101,2101,2101,2101,2101,2101,2101,
CIMS.CAN.MB.Residential.Dwellings.Building Type.High Density.Vintage.2021-2035 Bldg Code.Heating (Cold),Service,MB,Residential,Heating (Cold),NG - Standard Efficiency,lifetime,,,,constant_tech,Years,19,19,19,19,19,19,19,19,19,19,19,
CIMS.CAN.MB.Residential.Dwellings.Building Type.High Density.Vintage.2021-2035 Bldg Code.Heating (Cold),Service,MB,Residential,Heating (Cold),NG - Standard Efficiency,market_share_total,,,,annual_tech,%,1,,,,,,,,,,,
CIMS.CAN.MB.Residential.Dwellings.Building Type.High Density.Vintage.2021-2035 Bldg Code.Heating (Cold),Service,MB,Residential,Heating (Cold),NG - Standard Efficiency,output,,,,constant_tech,node unit,31.399776,31.399776,31.399776,31.399776,31.399776,31.399776,31.399776,31.399776,31.399776,31.399776,31.399776,
CIMS.CAN.MB.Residential.Dwellings.Building Type.High Density.Vintage.2021-2035 Bldg Code.Heating (Cold),Service,MB,Residential,Heating (Cold),NG - Standard Efficiency,fcc,,,,constant_tech,$,5005.382545,5005.382545,5005.382545,5005.382545,5005.382545,5005.382545,5005.382545,5005.382545,5005.382545,5005.382545,5005.382545,
CIMS.CAN.MB.Residential.Dwellings.Building Type.High Density.Vintage.2021-2035 Bldg Code.Heating (Cold),Service,MB,Residential,Heating (Cold),NG - Standard Efficiency,fom,,,,constant_tech,$,162.6749327,162.6749327,162.6749327,162.6749327,162.6749327,162.6749327,162.6749327,162.6749327,162.6749327,162.6749327,162.6749327,
CIMS.CAN.MB.Residential.Dwellings.Building Type.High Density.Vintage.2021-2035 Bldg Code.Heating (Cold),Service,MB,Residential,Heating (Cold),NG - Standard Efficiency,service_request,,,CIMS.CAN.MB.Residential.Methane Blend,annual_tech,GJ,1.32911392425,1.32911392425,1.32911392425,1.32911392425,1.32911392425,1.32911392425,1.32911392425,1.32911392425,1.32911392425,1.32911392425,1.32911392425,
CIMS.CAN.MB.Residential.Dwellings.Building Type.High Density.Vintage.2021-2035 Bldg Code.Heating (Cold),Service,MB,Residential,Heating (Cold),NG - High Efficiency,technology,,,,,,,,,,,,,,,,,
CIMS.CAN.MB.Residential.Dwellings.Building Type.High Density.Vintage.2021-2035 Bldg Code.Heating (Cold),Service,MB,Residential,Heating (Cold),NG - High Efficiency,available,,,,constant_tech,Year,2000,2000,2000,2000,2000,2000,2000,2000,2000,2000,2000,
CIMS.CAN.MB.Residential.Dwellings.Building Type.High Density.Vintage.2021-2035 Bldg Code.Heating (Cold),Service,MB,Residential,Heating (Cold),NG - High Efficiency,unavailable,,,,constant_tech,Year,2101,2101,2101,2101,2101,2101,2101,2101,2101,2101,2101,
CIMS.CAN.MB.Residential.Dwellings.Building Type.High Density.Vintage.2021-2035 Bldg Code.Heating (Cold),Service,MB,Residential,Heating (Cold),NG - High Efficiency,lifetime,,,,constant_tech,Years,19,19,19,19,19,19,19,19,19,19,19,
CIMS.CAN.MB.Residential.Dwellings.Building Type.High Density.Vintage.2021-2035 Bldg Code.Heating (Cold),Service,MB,Residential,Heating (Cold),NG - High Efficiency,market_share_total,,,,annual_tech,%,0,,,,,,,,,,,
CIMS.CAN.MB.Residential.Dwellings.Building Type.High Density.Vintage.2021-2035 Bldg Code.Heating (Cold),Service,MB,Residential,Heating (Cold),NG - High Efficiency,output,,,,constant_tech,node unit,31.399776,31.399776,31.399776,31.399776,31.399776,31.399776,31.399776,31.399776,31.399776,31.399776,31.399776,
CIMS.CAN.MB.Residential.Dwellings.Building Type.High Density.Vintage.2021-2035 Bldg Code.Heating (Cold),Service,MB,Residential,Heating (Cold),NG - High Efficiency,fcc,,,,constant_tech,$,6231.7012692,6231.7012692,6231.7012692,6231.7012692,6231.7012692,6231.7012692,6231.7012692,6231.7012692,6231.7012692,6231.7012692,6231.7012692,
CIMS.CAN.MB.Residential.Dwellings.Building Type.High Density.Vintage.2021-2035 Bldg Code.Heating (Cold),Service,MB,Residential,Heating (Cold),NG - High Efficiency,fom,,,,constant_tech,$,162.6749327,162.6749327,162.6749327,162.6749327,162.6749327,162.6749327,162.6749327,162.6749327,162.6749327,162.6749327,162.6749327,
CIMS.CAN.MB.Residential.Dwellings.Building Type.High Density.Vintage.2021-2035 Bldg Code.Heating (Cold),Service,MB,Residential,Heating (Cold),NG - High Efficiency,service_request,,,CIMS.CAN.MB.Residential.Methane Blend,annual_tech,GJ,1.16666666655,1.16666666655,1.16666666655,1.16666666655,1.16666666655,1.16666666655,1.16666666655,1.16666666655,1.16666666655,1.16666666655,1.16666666655,
CIMS.CAN.MB.Residential.Dwellings.Building Type.High Density.Vintage.2021-2035 Bldg Code.Heating (Cold),Service,MB,Residential,Heating (Cold),NG - ASHP / NG - backup,technology,,,,,,,,,,,,,,,,,
CIMS.CAN.MB.Residential.Dwellings.Building Type.High Density.Vintage.2021-2035 Bldg Code.Heating (Cold),Service,MB,Residential,Heating (Cold),NG - ASHP / NG - backup,available,,,,constant_tech,Year,2000,2000,2000,2000,2000,2000,2000,2000,2000,2000,2000,
CIMS.CAN.MB.Residential.Dwellings.Building Type.High Density.Vintage.2021-2035 Bldg Code.Heating (Cold),Service,MB,Residential,Heating (Cold),NG - ASHP / NG - backup,unavailable,,,,constant_tech,Year,2101,2101,2101,2101,2101,2101,2101,2101,2101,2101,2101,
CIMS.CAN.MB.Residential.Dwellings.Building Type.High Density.Vintage.2021-2035 Bldg Code.Heating (Cold),Service,MB,Residential,Heating (Cold),NG - ASHP / NG - backup,lifetime,,,,constant_tech,Years,15,15,15,15,15,15,15,15,15,15,15,
CIMS.CAN.MB.Residential.Dwellings.Building Type.High Density.Vintage.2021-2035 Bldg Code.Heating (Cold),Service,MB,Residential,Heating (Cold),NG - ASHP / NG - backup,market_share_total,,,,annual_tech,%,0,,,,,,,,,,,
CIMS.CAN.MB.Residential.Dwellings.Building Type.High Density.Vintage.2021-2035 Bldg Code.Heating (Cold),Service,MB,Residential,Heating (Cold),NG - ASHP / NG - backup,output,,,,constant_tech,node unit,31.399776,31.399776,31.399776,31.399776,31.399776,31.399776,31.399776,31.399776,31.399776,31.399776,31.399776,
CIMS.CAN.MB.Residential.Dwellings.Building Type.High Density.Vintage.2021-2035 Bldg Code.Heating (Cold),Service,MB,Residential,Heating (Cold),NG - ASHP / NG - backup,fcc,,,,constant_tech,$,20015.27345,20015.27345,20015.27345,20015.27345,20015.27345,20015.27345,20015.27345,20015.27345,20015.27345,20015.27345,20015.27345,
CIMS.CAN.MB.Residential.Dwellings.Building Type.High Density.Vintage.2021-2035 Bldg Code.Heating (Cold),Service,MB,Residential,Heating (Cold),NG - ASHP / NG - backup,fom,,,,constant_tech,$,250.2691273,250.2691273,250.2691273,250.2691273,250.2691273,250.2691273,250.2691273,250.2691273,250.2691273,250.2691273,250.2691273,
CIMS.CAN.MB.Residential.Dwellings.Building Type.High Density.Vintage.2021-2035 Bldg Code.Heating (Cold),Service,MB,Residential,Heating (Cold),NG - ASHP / NG - backup,service_request,,,CIMS.CAN.MB.Residential.Methane Blend,annual_tech,GJ,2.1593627892625,2.1593627892625,2.1593627892625,2.1593627892625,2.1593627892625,2.1593627892625,2.1593627892625,2.1593627892625,2.1593627892625,2.1593627892625,2.1593627892625,
CIMS.CAN.MB.Residential.Dwellings.Building Type.High Density.Vintage.2021-2035 Bldg Code.Heating (Cold),Service,MB,Residential,Heating (Cold),NG - ASHP / NG - backup,service_request,,,CIMS.CAN.MB.Residential.Dwellings.Building Type.High Density.Cooling,annual_tech,GJ of cooling,-0.004568364,-0.004568364,-0.004568364,-0.004568364,-0.004568364,-0.004568364,-0.004568364,-0.004568364,-0.004568364,-0.004568364,-0.004568364,
CIMS.CAN.MB.Residential.Dwellings.Building Type.High Density.Vintage.2021-2035 Bldg Code.Heating (Cold),Service,MB,Residential,Heating (Cold),Electric - Standard Efficiency,technology,,,,,,,,,,,,,,,,,
CIMS.CAN.MB.Residential.Dwellings.Building Type.High Density.Vintage.2021-2035 Bldg Code.Heating (Cold),Service,MB,Residential,Heating (Cold),Electric - Standard Efficiency,available,,,,constant_tech,Year,1950,1950,1950,1950,1950,1950,1950,1950,1950,1950,1950,
CIMS.CAN.MB.Residential.Dwellings.Building Type.High Density.Vintage.2021-2035 Bldg Code.Heating (Cold),Service,MB,Residential,Heating (Cold),Electric - Standard Efficiency,unavailable,,,,constant_tech,Year,2101,2101,2101,2101,2101,2101,2101,2101,2101,2101,2101,
CIMS.CAN.MB.Residential.Dwellings.Building Type.High Density.Vintage.2021-2035 Bldg Code.Heating (Cold),Service,MB,Residential,Heating (Cold),Electric - Standard Efficiency,lifetime,,,,constant_tech,Years,22.5,22.5,22.5,22.5,22.5,22.5,22.5,22.5,22.5,22.5,22.5,
CIMS.CAN.MB.Residential.Dwellings.Building Type.High Density.Vintage.2021-2035 Bldg Code.Heating (Cold),Service,MB,Residential,Heating (Cold),Electric - Standard Efficiency,market_share_total,,,,annual_tech,%,0,,,,,,,,,,,
CIMS.CAN.MB.Residential.Dwellings.Building Type.High Density.Vintage.2021-2035 Bldg Code.Heating (Cold),Service,MB,Residential,Heating (Cold),Electric - Standard Efficiency,output,,,,constant_tech,node unit,31.399776,31.399776,31.399776,31.399776,31.399776,31.399776,31.399776,31.399776,31.399776,31.399776,31.399776,
CIMS.CAN.MB.Residential.Dwellings.Building Type.High Density.Vintage.2021-2035 Bldg Code.Heating (Cold),Service,MB,Residential,Heating (Cold),Electric - Standard Efficiency,fcc,,,,constant_tech,$,3822.860919,3822.860919,3822.860919,3822.860919,3822.860919,3822.860919,3822.860919,3822.860919,3822.860919,3822.860919,3822.860919,
CIMS.CAN.MB.Residential.Dwellings.Building Type.High Density.Vintage.2021-2035 Bldg Code.Heating (Cold),Service,MB,Residential,Heating (Cold),Electric - Standard Efficiency,service_request,,,CIMS.CAN.MB.Electricity,annual_tech,GJ,1,1,1,1,1,1,1,1,1,1,1,
CIMS.CAN.MB.Residential.Dwellings.Building Type.High Density.Vintage.2021-2035 Bldg Code.Heating (Cold),Service,MB,Residential,Heating (Cold),Electric - ASHP / NG - backup,technology,,,,,,,,,,,,,,,,,
CIMS.CAN.MB.Residential.Dwellings.Building Type.High Density.Vintage.2021-2035 Bldg Code.Heating (Cold),Service,MB,Residential,Heating (Cold),Electric - ASHP / NG - backup,available,,,,constant_tech,Year,2000,2000,2000,2000,2000,2000,2000,2000,2000,2000,2000,
CIMS.CAN.MB.Residential.Dwellings.Building Type.High Density.Vintage.2021-2035 Bldg Code.Heating (Cold),Service,MB,Residential,Heating (Cold),Electric - ASHP / NG - backup,unavailable,,,,constant_tech,Year,2101,2101,2101,2101,2101,2101,2101,2101,2101,2101,2101,
CIMS.CAN.MB.Residential.Dwellings.Building Type.High Density.Vintage.2021-2035 Bldg Code.Heating (Cold),Service,MB,Residential,Heating (Cold),Electric - ASHP / NG - backup,lifetime,,,,constant_tech,Years,15.5,15.5,15.5,15.5,15.5,15.5,15.5,15.5,15.5,15.5,15.5,
CIMS.CAN.MB.Residential.Dwellings.Building Type.High Density.Vintage.2021-2035 Bldg Code.Heating (Cold),Service,MB,Residential,Heating (Cold),Electric - ASHP / NG - backup,market_share_total,,,,annual_tech,%,0,,,,,,,,,,,
CIMS.CAN.MB.Residential.Dwellings.Building Type.High Density.Vintage.2021-2035 Bldg Code.Heating (Cold),Service,MB,Residential,Heating (Cold),Electric - ASHP / NG - backup,output,,,,constant_tech,node unit,31.399776,31.399776,31.399776,31.399776,31.399776,31.399776,31.399776,31.399776,31.399776,31.399776,31.399776,
CIMS.CAN.MB.Residential.Dwellings.Building Type.High Density.Vintage.2021-2035 Bldg Code.Heating (Cold),Service,MB,Residential,Heating (Cold),Electric - ASHP / NG - backup,fcc,,,,constant_tech,$,9647.874856,9647.874856,9647.874856,9647.874856,9647.874856,9647.874856,9647.874856,9647.874856,9647.874856,9647.874856,9647.874856,
CIMS.CAN.MB.Residential.Dwellings.Building Type.High Density.Vintage.2021-2035 Bldg Code.Heating (Cold),Service,MB,Residential,Heating (Cold),Electric - ASHP / NG - backup,fom,,,,constant_tech,$,269.0393118,269.0393118,269.0393118,269.0393118,269.0393118,269.0393118,269.0393118,269.0393118,269.0393118,269.0393118,269.0393118,
CIMS.CAN.MB.Residential.Dwellings.Building Type.High Density.Vintage.2021-2035 Bldg Code.Heating (Cold),Service,MB,Residential,Heating (Cold),Electric - ASHP / NG - backup,service_request,,,CIMS.CAN.MB.Electricity,annual_tech,GJ,0.72747607755,0.72747607755,0.72747607755,0.72747607755,0.72747607755,0.72747607755,0.72747607755,0.72747607755,0.72747607755,0.72747607755,0.72747607755,
CIMS.CAN.MB.Residential.Dwellings.Building Type.High Density.Vintage.2021-2035 Bldg Code.Heating (Cold),Service,MB,Residential,Heating (Cold),Electric - ASHP / NG - backup,service_request,,,CIMS.CAN.MB.Residential.Methane Blend,annual_tech,GJ,0.0583333333275,0.0583333333275,0.0583333333275,0.0583333333275,0.0583333333275,0.0583333333275,0.0583333333275,0.0583333333275,0.0583333333275,0.0583333333275,0.0583333333275,
CIMS.CAN.MB.Residential.Dwellings.Building Type.High Density.Vintage.2021-2035 Bldg Code.Heating (Cold),Service,MB,Residential,Heating (Cold),Electric - ASHP / NG - backup,service_request,,,CIMS.CAN.MB.Residential.Dwellings.Building Type.High Density.Cooling,annual_tech,GJ of cooling,-0.004568364,-0.004568364,-0.004568364,-0.004568364,-0.004568364,-0.004568364,-0.004568364,-0.004568364,-0.004568364,-0.004568364,-0.004568364,
CIMS.CAN.MB.Residential.Dwellings.Building Type.High Density.Vintage.2021-2035 Bldg Code.Heating (Cold),Service,MB,Residential,Heating (Cold),Electric - ASHP / Electric - backup,technology,,,,,,,,,,,,,,,,,
CIMS.CAN.MB.Residential.Dwellings.Building Type.High Density.Vintage.2021-2035 Bldg Code.Heating (Cold),Service,MB,Residential,Heating (Cold),Electric - ASHP / Electric - backup,available,,,,constant_tech,Year,2000,2000,2000,2000,2000,2000,2000,2000,2000,2000,2000,
CIMS.CAN.MB.Residential.Dwellings.Building Type.High Density.Vintage.2021-2035 Bldg Code.Heating (Cold),Service,MB,Residential,Heating (Cold),Electric - ASHP / Electric - backup,unavailable,,,,constant_tech,Year,2101,2101,2101,2101,2101,2101,2101,2101,2101,2101,2101,
CIMS.CAN.MB.Residential.Dwellings.Building Type.High Density.Vintage.2021-2035 Bldg Code.Heating (Cold),Service,MB,Residential,Heating (Cold),Electric - ASHP / Electric - backup,lifetime,,,,constant_tech,Years,15.5,15.5,15.5,15.5,15.5,15.5,15.5,15.5,15.5,15.5,15.5,
CIMS.CAN.MB.Residential.Dwellings.Building Type.High Density.Vintage.2021-2035 Bldg Code.Heating (Cold),Service,MB,Residential,Heating (Cold),Electric - ASHP / Electric - backup,market_share_total,,,,annual_tech,%,0,,,,,,,,,,,
CIMS.CAN.MB.Residential.Dwellings.Building Type.High Density.Vintage.2021-2035 Bldg Code.Heating (Cold),Service,MB,Residential,Heating (Cold),Electric - ASHP / Electric - backup,output,,,,constant_tech,node unit,31.399776,31.399776,31.399776,31.399776,31.399776,31.399776,31.399776,31.399776,31.399776,31.399776,31.399776,
CIMS.CAN.MB.Residential.Dwellings.Building Type.High Density.Vintage.2021-2035 Bldg Code.Heating (Cold),Service,MB,Residential,Heating (Cold),Electric - ASHP / Electric - backup,fcc,,,,constant_tech,$,9373.830161,9373.830161,9373.830161,9373.830161,9373.830161,9373.830161,9373.830161,9373.830161,9373.830161,9373.830161,9373.830161,
CIMS.CAN.MB.Residential.Dwellings.Building Type.High Density.Vintage.2021-2035 Bldg Code.Heating (Cold),Service,MB,Residential,Heating (Cold),Electric - ASHP / Electric - backup,fom,,,,constant_tech,$,106.3643791,106.3643791,106.3643791,106.3643791,106.3643791,106.3643791,106.3643791,106.3643791,106.3643791,106.3643791,106.3643791,
CIMS.CAN.MB.Residential.Dwellings.Building Type.High Density.Vintage.2021-2035 Bldg Code.Heating (Cold),Service,MB,Residential,Heating (Cold),Electric - ASHP / Electric - backup,service_request,,,CIMS.CAN.MB.Electricity,annual_tech,GJ,0.77747607755,0.77747607755,0.77747607755,0.77747607755,0.77747607755,0.77747607755,0.77747607755,0.77747607755,0.77747607755,0.77747607755,0.77747607755,
CIMS.CAN.MB.Residential.Dwellings.Building Type.High Density.Vintage.2021-2035 Bldg Code.Heating (Cold),Service,MB,Residential,Heating (Cold),Electric - ASHP / Electric - backup,service_request,,,CIMS.CAN.MB.Residential.Dwellings.Building Type.High Density.Cooling,annual_tech,GJ of cooling,-0.004568364,-0.004568364,-0.004568364,-0.004568364,-0.004568364,-0.004568364,-0.004568364,-0.004568364,-0.004568364,-0.004568364,-0.004568364,
CIMS.CAN.MB.Residential.Dwellings.Building Type.High Density.Vintage.2021-2035 Bldg Code.Heating (Cold),Service,MB,Residential,Heating (Cold),Electric - GSHP,technology,,,,,,,,,,,,,,,,,
CIMS.CAN.MB.Residential.Dwellings.Building Type.High Density.Vintage.2021-2035 Bldg Code.Heating (Cold),Service,MB,Residential,Heating (Cold),Electric - GSHP,available,,,,constant_tech,Year,2000,2000,2000,2000,2000,2000,2000,2000,2000,2000,2000,
CIMS.CAN.MB.Residential.Dwellings.Building Type.High Density.Vintage.2021-2035 Bldg Code.Heating (Cold),Service,MB,Residential,Heating (Cold),Electric - GSHP,unavailable,,,,constant_tech,Year,2101,2101,2101,2101,2101,2101,2101,2101,2101,2101,2101,
CIMS.CAN.MB.Residential.Dwellings.Building Type.High Density.Vintage.2021-2035 Bldg Code.Heating (Cold),Service,MB,Residential,Heating (Cold),Electric - GSHP,lifetime,,,,constant_tech,Years,20,20,20,20,20,20,20,20,20,20,20,
CIMS.CAN.MB.Residential.Dwellings.Building Type.High Density.Vintage.2021-2035 Bldg Code.Heating (Cold),Service,MB,Residential,Heating (Cold),Electric - GSHP,market_share_total,,,,annual_tech,%,0,,,,,,,,,,,
CIMS.CAN.MB.Residential.Dwellings.Building Type.High Density.Vintage.2021-2035 Bldg Code.Heating (Cold),Service,MB,Residential,Heating (Cold),Electric - GSHP,output,,,,constant_tech,node unit,31.399776,31.399776,31.399776,31.399776,31.399776,31.399776,31.399776,31.399776,31.399776,31.399776,31.399776,
CIMS.CAN.MB.Residential.Dwellings.Building Type.High Density.Vintage.2021-2035 Bldg Code.Heating (Cold),Service,MB,Residential,Heating (Cold),Electric - GSHP,fcc,,,,constant_tech,$,23775.56709,23775.56709,23775.56709,23775.56709,23775.56709,23775.56709,23775.56709,23775.56709,23775.56709,23775.56709,23775.56709,
CIMS.CAN.MB.Residential.Dwellings.Building Type.High Density.Vintage.2021-2035 Bldg Code.Heating (Cold),Service,MB,Residential,Heating (Cold),Electric - GSHP,fom,,,,constant_tech,$,112.6211073,112.6211073,112.6211073,112.6211073,112.6211073,112.6211073,112.6211073,112.6211073,112.6211073,112.6211073,112.6211073,
CIMS.CAN.MB.Residential.Dwellings.Building Type.High Density.Vintage.2021-2035 Bldg Code.Heating (Cold),Service,MB,Residential,Heating (Cold),Electric - GSHP,service_request,,,CIMS.CAN.MB.Electricity,annual_tech,GJ,0.486428472,0.486428472,0.486428472,0.486428472,0.486428472,0.486428472,0.486428472,0.486428472,0.486428472,0.486428472,0.486428472,
CIMS.CAN.MB.Residential.Dwellings.Building Type.High Density.Vintage.2021-2035 Bldg Code.Heating (Cold),Service,MB,Residential,Heating (Cold),Electric - GSHP,service_request,,,CIMS.CAN.MB.Residential.Dwellings.Building Type.High Density.Cooling,annual_tech,GJ of cooling,-0.004568364,-0.004568364,-0.004568364,-0.004568364,-0.004568364,-0.004568364,-0.004568364,-0.004568364,-0.004568364,-0.004568364,-0.004568364,
CIMS.CAN.MB.Residential.Dwellings.Building Type.High Density.Vintage.2021-2035 Bldg Code.Heating (Cold),Service,MB,Residential,Heating (Cold),Heating Oil - Standard Efficiency,technology,,,,,,,,,,,,,,,,,
CIMS.CAN.MB.Residential.Dwellings.Building Type.High Density.Vintage.2021-2035 Bldg Code.Heating (Cold),Service,MB,Residential,Heating (Cold),Heating Oil - Standard Efficiency,available,,,,constant_tech,Year,1950,1950,1950,1950,1950,1950,1950,1950,1950,1950,1950,
CIMS.CAN.MB.Residential.Dwellings.Building Type.High Density.Vintage.2021-2035 Bldg Code.Heating (Cold),Service,MB,Residential,Heating (Cold),Heating Oil - Standard Efficiency,unavailable,,,,constant_tech,Year,2021,2021,2021,2021,2021,2021,2021,2021,2021,2021,2021,
CIMS.CAN.MB.Residential.Dwellings.Building Type.High Density.Vintage.2021-2035 Bldg Code.Heating (Cold),Service,MB,Residential,Heating (Cold),Heating Oil - Standard Efficiency,lifetime,,,,constant_tech,Years,23,23,23,23,23,23,23,23,23,23,23,
CIMS.CAN.MB.Residential.Dwellings.Building Type.High Density.Vintage.2021-2035 Bldg Code.Heating (Cold),Service,MB,Residential,Heating (Cold),Heating Oil - Standard Efficiency,market_share_total,,,,annual_tech,%,0,,,,,,,,,,,
CIMS.CAN.MB.Residential.Dwellings.Building Type.High Density.Vintage.2021-2035 Bldg Code.Heating (Cold),Service,MB,Residential,Heating (Cold),Heating Oil - Standard Efficiency,output,,,,constant_tech,node unit,31.399776,31.399776,31.399776,31.399776,31.399776,31.399776,31.399776,31.399776,31.399776,31.399776,31.399776,
CIMS.CAN.MB.Residential.Dwellings.Building Type.High Density.Vintage.2021-2035 Bldg Code.Heating (Cold),Service,MB,Residential,Heating (Cold),Heating Oil - Standard Efficiency,fcc,,,,constant_tech,$,6444.430027,6444.430027,6444.430027,6444.430027,6444.430027,6444.430027,6444.430027,6444.430027,6444.430027,6444.430027,6444.430027,
CIMS.CAN.MB.Residential.Dwellings.Building Type.High Density.Vintage.2021-2035 Bldg Code.Heating (Cold),Service,MB,Residential,Heating (Cold),Heating Oil - Standard Efficiency,fom,,,,constant_tech,$,100.1076509,100.1076509,100.1076509,100.1076509,100.1076509,100.1076509,100.1076509,100.1076509,100.1076509,100.1076509,100.1076509,
CIMS.CAN.MB.Residential.Dwellings.Building Type.High Density.Vintage.2021-2035 Bldg Code.Heating (Cold),Service,MB,Residential,Heating (Cold),Heating Oil - Standard Efficiency,service_request,,,CIMS.Generic Fuels.Fuel Oil,annual_tech,GJ,1.282051282,1.282051282,1.282051282,1.282051282,1.282051282,1.282051282,1.282051282,1.282051282,1.282051282,1.282051282,1.282051282,
CIMS.CAN.MB.Residential.Dwellings.Building Type.High Density.Vintage.2021-2035 Bldg Code.Heating (Cold),Service,MB,Residential,Heating (Cold),Heating Oil - High Efficiency,technology,,,,,,,,,,,,,,,,,
CIMS.CAN.MB.Residential.Dwellings.Building Type.High Density.Vintage.2021-2035 Bldg Code.Heating (Cold),Service,MB,Residential,Heating (Cold),Heating Oil - High Efficiency,available,,,,constant_tech,Year,2000,2000,2000,2000,2000,2000,2000,2000,2000,2000,2000,
CIMS.CAN.MB.Residential.Dwellings.Building Type.High Density.Vintage.2021-2035 Bldg Code.Heating (Cold),Service,MB,Residential,Heating (Cold),Heating Oil - High Efficiency,unavailable,,,,constant_tech,Year,2101,2101,2101,2101,2101,2101,2101,2101,2101,2101,2101,
CIMS.CAN.MB.Residential.Dwellings.Building Type.High Density.Vintage.2021-2035 Bldg Code.Heating (Cold),Service,MB,Residential,Heating (Cold),Heating Oil - High Efficiency,lifetime,,,,constant_tech,Years,23,23,23,23,23,23,23,23,23,23,23,
CIMS.CAN.MB.Residential.Dwellings.Building Type.High Density.Vintage.2021-2035 Bldg Code.Heating (Cold),Service,MB,Residential,Heating (Cold),Heating Oil - High Efficiency,market_share_total,,,,annual_tech,%,0,,,,,,,,,,,
CIMS.CAN.MB.Residential.Dwellings.Building Type.High Density.Vintage.2021-2035 Bldg Code.Heating (Cold),Service,MB,Residential,Heating (Cold),Heating Oil - High Efficiency,output,,,,constant_tech,node unit,31.399776,31.399776,31.399776,31.399776,31.399776,31.399776,31.399776,31.399776,31.399776,31.399776,31.399776,
CIMS.CAN.MB.Residential.Dwellings.Building Type.High Density.Vintage.2021-2035 Bldg Code.Heating (Cold),Service,MB,Residential,Heating (Cold),Heating Oil - High Efficiency,fcc,,,,constant_tech,$,9541.510477,9541.510477,9541.510477,9541.510477,9541.510477,9541.510477,9541.510477,9541.510477,9541.510477,9541.510477,9541.510477,
CIMS.CAN.MB.Residential.Dwellings.Building Type.High Density.Vintage.2021-2035 Bldg Code.Heating (Cold),Service,MB,Residential,Heating (Cold),Heating Oil - High Efficiency,fom,,,,constant_tech,$,100.1076509,100.1076509,100.1076509,100.1076509,100.1076509,100.1076509,100.1076509,100.1076509,100.1076509,100.1076509,100.1076509,
CIMS.CAN.MB.Residential.Dwellings.Building Type.High Density.Vintage.2021-2035 Bldg Code.Heating (Cold),Service,MB,Residential,Heating (Cold),Heating Oil - High Efficiency,service_request,,,CIMS.Generic Fuels.Fuel Oil,annual_tech,GJ,1.162790698,1.162790698,1.162790698,1.162790698,1.162790698,1.162790698,1.162790698,1.162790698,1.162790698,1.162790698,1.162790698,
CIMS.CAN.MB.Residential.Dwellings.Building Type.High Density.Vintage.2021-2035 Bldg Code.Heating (Cold),Service,MB,Residential,Heating (Cold),Wood,technology,,,,,,,,,,,,,,,,,
CIMS.CAN.MB.Residential.Dwellings.Building Type.High Density.Vintage.2021-2035 Bldg Code.Heating (Cold),Service,MB,Residential,Heating (Cold),Wood,available,,,,constant_tech,Year,1950,1950,1950,1950,1950,1950,1950,1950,1950,1950,1950,
CIMS.CAN.MB.Residential.Dwellings.Building Type.High Density.Vintage.2021-2035 Bldg Code.Heating (Cold),Service,MB,Residential,Heating (Cold),Wood,unavailable,,,,constant_tech,Year,2101,2101,2101,2101,2101,2101,2101,2101,2101,2101,2101,
CIMS.CAN.MB.Residential.Dwellings.Building Type.High Density.Vintage.2021-2035 Bldg Code.Heating (Cold),Service,MB,Residential,Heating (Cold),Wood,lifetime,,,,constant_tech,Years,18.5,18.5,18.5,18.5,18.5,18.5,18.5,18.5,18.5,18.5,18.5,
CIMS.CAN.MB.Residential.Dwellings.Building Type.High Density.Vintage.2021-2035 Bldg Code.Heating (Cold),Service,MB,Residential,Heating (Cold),Wood,market_share_total,,,,annual_tech,%,0,,,,,,,,,,,
CIMS.CAN.MB.Residential.Dwellings.Building Type.High Density.Vintage.2021-2035 Bldg Code.Heating (Cold),Service,MB,Residential,Heating (Cold),Wood,output,,,,constant_tech,node unit,31.399776,31.399776,31.399776,31.399776,31.399776,31.399776,31.399776,31.399776,31.399776,31.399776,31.399776,
CIMS.CAN.MB.Residential.Dwellings.Building Type.High Density.Vintage.2021-2035 Bldg Code.Heating (Cold),Service,MB,Residential,Heating (Cold),Wood,fcc,,,,constant_tech,$,8000.269768,8000.269768,8000.269768,8000.269768,8000.269768,8000.269768,8000.269768,8000.269768,8000.269768,8000.269768,8000.269768,
CIMS.CAN.MB.Residential.Dwellings.Building Type.High Density.Vintage.2021-2035 Bldg Code.Heating (Cold),Service,MB,Residential,Heating (Cold),Wood,fom,,,,constant_tech,$,250.2691273,250.2691273,250.2691273,250.2691273,250.2691273,250.2691273,250.2691273,250.2691273,250.2691273,250.2691273,250.2691273,
CIMS.CAN.MB.Residential.Dwellings.Building Type.High Density.Vintage.2021-2035 Bldg Code.Heating (Cold),Service,MB,Residential,Heating (Cold),Wood,service_request,,,CIMS.Generic Fuels.Solid Biomass,annual_tech,GJ,2,2,2,2,2,2,2,2,2,2,2,
CIMS.CAN.MB.Residential.Dwellings.Building Type.High Density.Vintage.>2035 Bldg Code,Service,MB,Residential,>2035 Bldg Code,,service_provide,,,,constant_tech,m2,,,,,,,,,,,,
CIMS.CAN.MB.Residential.Dwellings.Building Type.High Density.Vintage.>2035 Bldg Code,Service,MB,Residential,>2035 Bldg Code,,competition,Tech Compete,,,,,,,,,,,,,,,,
CIMS.CAN.MB.Residential.Dwellings.Building Type.High Density.Vintage.>2035 Bldg Code,Service,MB,Residential,>2035 Bldg Code,,discount_rate_financial,,,,constant_tech,%,0.25,0.25,0.25,0.25,0.25,0.25,0.25,0.25,0.25,0.25,0.25,
CIMS.CAN.MB.Residential.Dwellings.Building Type.High Density.Vintage.>2035 Bldg Code,Service,MB,Residential,>2035 Bldg Code,,heterogeneity,,,,constant_tech,,10,10,10,10,10,10,10,10,10,10,10,
CIMS.CAN.MB.Residential.Dwellings.Building Type.High Density.Vintage.>2035 Bldg Code,Service,MB,Residential,>2035 Bldg Code,Reference,technology,,,,,,,,,,,,,,,,,
CIMS.CAN.MB.Residential.Dwellings.Building Type.High Density.Vintage.>2035 Bldg Code,Service,MB,Residential,>2035 Bldg Code,Reference,available,,,,constant_tech,Year,2036,2036,2036,2036,2036,2036,2036,2036,2036,2036,2036,
CIMS.CAN.MB.Residential.Dwellings.Building Type.High Density.Vintage.>2035 Bldg Code,Service,MB,Residential,>2035 Bldg Code,Reference,unavailable,,,,constant_tech,Year,2101,2101,2101,2101,2101,2101,2101,2101,2101,2101,2101,
CIMS.CAN.MB.Residential.Dwellings.Building Type.High Density.Vintage.>2035 Bldg Code,Service,MB,Residential,>2035 Bldg Code,Reference,lifetime,,,,constant_tech,Years,80,80,80,80,80,80,80,80,80,80,80,
CIMS.CAN.MB.Residential.Dwellings.Building Type.High Density.Vintage.>2035 Bldg Code,Service,MB,Residential,>2035 Bldg Code,Reference,market_share_total,,,,annual_tech,%,1,,,,,,,,,,,
CIMS.CAN.MB.Residential.Dwellings.Building Type.High Density.Vintage.>2035 Bldg Code,Service,MB,Residential,>2035 Bldg Code,Reference,service_request,,,CIMS.CAN.MB.Residential.Dwellings.Building Type.High Density.Vintage.>2035 Bldg Code.Heating (Cold),annual_region_tech,GJ,0.11248923914037,0.12039894946713,0.10841395659875,0.09929032095225,0.09503203344139,0.09503203344139,0.09503203344139,0.09503203344139,0.09503203344139,0.09503203344139,0.09503203344139,
CIMS.CAN.MB.Residential.Dwellings.Building Type.High Density.Vintage.>2035 Bldg Code,Service,MB,Residential,>2035 Bldg Code,Retrofit Passive,technology,,,,,,,,,,,,,,,,,
CIMS.CAN.MB.Residential.Dwellings.Building Type.High Density.Vintage.>2035 Bldg Code,Service,MB,Residential,>2035 Bldg Code,Retrofit Passive,available,,,,constant_tech,Year,2036,2036,2036,2036,2036,2036,2036,2036,2036,2036,2036,
CIMS.CAN.MB.Residential.Dwellings.Building Type.High Density.Vintage.>2035 Bldg Code,Service,MB,Residential,>2035 Bldg Code,Retrofit Passive,unavailable,,,,constant_tech,Year,2101,2101,2101,2101,2101,2101,2101,2101,2101,2101,2101,
CIMS.CAN.MB.Residential.Dwellings.Building Type.High Density.Vintage.>2035 Bldg Code,Service,MB,Residential,>2035 Bldg Code,Retrofit Passive,lifetime,,,,constant_tech,Years,80,80,80,80,80,80,80,80,80,80,80,
CIMS.CAN.MB.Residential.Dwellings.Building Type.High Density.Vintage.>2035 Bldg Code,Service,MB,Residential,>2035 Bldg Code,Retrofit Passive,market_share_total,,,,annual_tech,%,0,,,,,,,,,,,
CIMS.CAN.MB.Residential.Dwellings.Building Type.High Density.Vintage.>2035 Bldg Code,Service,MB,Residential,>2035 Bldg Code,Retrofit Passive,fcc,,,,constant_tech,$,3130,3130,3130,3130,3130,3130,3130,3130,3130,3130,3130,
CIMS.CAN.MB.Residential.Dwellings.Building Type.High Density.Vintage.>2035 Bldg Code,Service,MB,Residential,>2035 Bldg Code,Retrofit Passive,market_share_new_max,,,,constant_tech,%,0,0,0,0,0,0,0,0,0,0,0,
CIMS.CAN.MB.Residential.Dwellings.Building Type.High Density.Vintage.>2035 Bldg Code.Heating (Cold),Service,MB,Residential,Heating (Cold),,service_provide,,,,constant_tech,GJ of heat,,,,,,,,,,,,
CIMS.CAN.MB.Residential.Dwellings.Building Type.High Density.Vintage.>2035 Bldg Code.Heating (Cold),Service,MB,Residential,Heating (Cold),,competition,Tech Compete,,,,,,,,,,,,,,,,
CIMS.CAN.MB.Residential.Dwellings.Building Type.High Density.Vintage.>2035 Bldg Code.Heating (Cold),Service,MB,Residential,Heating (Cold),,discount_rate_financial,,,,constant_tech,%,0.25,0.25,0.25,0.25,0.25,0.25,0.25,0.25,0.25,0.25,0.25,
CIMS.CAN.MB.Residential.Dwellings.Building Type.High Density.Vintage.>2035 Bldg Code.Heating (Cold),Service,MB,Residential,Heating (Cold),,inheritance,intercept_retirement,,,constant_tech,,TRUE,TRUE,TRUE,TRUE,TRUE,TRUE,TRUE,TRUE,TRUE,TRUE,TRUE,
CIMS.CAN.MB.Residential.Dwellings.Building Type.High Density.Vintage.>2035 Bldg Code.Heating (Cold),Service,MB,Residential,Heating (Cold),,heterogeneity,,,,constant_tech,,10,10,10,10,10,10,10,10,10,10,10,
CIMS.CAN.MB.Residential.Dwellings.Building Type.High Density.Vintage.>2035 Bldg Code.Heating (Cold),Service,MB,Residential,Heating (Cold),NG - Standard Efficiency,technology,,,,,,,,,,,,,,,,,
CIMS.CAN.MB.Residential.Dwellings.Building Type.High Density.Vintage.>2035 Bldg Code.Heating (Cold),Service,MB,Residential,Heating (Cold),NG - Standard Efficiency,available,,,,constant_tech,Year,1990,1990,1990,1990,1990,1990,1990,1990,1990,1990,1990,
CIMS.CAN.MB.Residential.Dwellings.Building Type.High Density.Vintage.>2035 Bldg Code.Heating (Cold),Service,MB,Residential,Heating (Cold),NG - Standard Efficiency,unavailable,,,,constant_tech,Year,2101,2101,2101,2101,2101,2101,2101,2101,2101,2101,2101,
CIMS.CAN.MB.Residential.Dwellings.Building Type.High Density.Vintage.>2035 Bldg Code.Heating (Cold),Service,MB,Residential,Heating (Cold),NG - Standard Efficiency,lifetime,,,,constant_tech,Years,19,19,19,19,19,19,19,19,19,19,19,
CIMS.CAN.MB.Residential.Dwellings.Building Type.High Density.Vintage.>2035 Bldg Code.Heating (Cold),Service,MB,Residential,Heating (Cold),NG - Standard Efficiency,market_share_total,,,,annual_tech,%,1,,,,,,,,,,,
CIMS.CAN.MB.Residential.Dwellings.Building Type.High Density.Vintage.>2035 Bldg Code.Heating (Cold),Service,MB,Residential,Heating (Cold),NG - Standard Efficiency,output,,,,constant_tech,node unit,31.399776,31.399776,31.399776,31.399776,31.399776,31.399776,31.399776,31.399776,31.399776,31.399776,31.399776,
CIMS.CAN.MB.Residential.Dwellings.Building Type.High Density.Vintage.>2035 Bldg Code.Heating (Cold),Service,MB,Residential,Heating (Cold),NG - Standard Efficiency,fcc,,,,constant_tech,$,5005.382545,5005.382545,5005.382545,5005.382545,5005.382545,5005.382545,5005.382545,5005.382545,5005.382545,5005.382545,5005.382545,
CIMS.CAN.MB.Residential.Dwellings.Building Type.High Density.Vintage.>2035 Bldg Code.Heating (Cold),Service,MB,Residential,Heating (Cold),NG - Standard Efficiency,fom,,,,constant_tech,$,162.6749327,162.6749327,162.6749327,162.6749327,162.6749327,162.6749327,162.6749327,162.6749327,162.6749327,162.6749327,162.6749327,
CIMS.CAN.MB.Residential.Dwellings.Building Type.High Density.Vintage.>2035 Bldg Code.Heating (Cold),Service,MB,Residential,Heating (Cold),NG - Standard Efficiency,service_request,,,CIMS.CAN.MB.Residential.Methane Blend,annual_tech,GJ,1.32911392425,1.32911392425,1.32911392425,1.32911392425,1.32911392425,1.32911392425,1.32911392425,1.32911392425,1.32911392425,1.32911392425,1.32911392425,
CIMS.CAN.MB.Residential.Dwellings.Building Type.High Density.Vintage.>2035 Bldg Code.Heating (Cold),Service,MB,Residential,Heating (Cold),NG - High Efficiency,technology,,,,,,,,,,,,,,,,,
CIMS.CAN.MB.Residential.Dwellings.Building Type.High Density.Vintage.>2035 Bldg Code.Heating (Cold),Service,MB,Residential,Heating (Cold),NG - High Efficiency,available,,,,constant_tech,Year,2000,2000,2000,2000,2000,2000,2000,2000,2000,2000,2000,
CIMS.CAN.MB.Residential.Dwellings.Building Type.High Density.Vintage.>2035 Bldg Code.Heating (Cold),Service,MB,Residential,Heating (Cold),NG - High Efficiency,unavailable,,,,constant_tech,Year,2101,2101,2101,2101,2101,2101,2101,2101,2101,2101,2101,
CIMS.CAN.MB.Residential.Dwellings.Building Type.High Density.Vintage.>2035 Bldg Code.Heating (Cold),Service,MB,Residential,Heating (Cold),NG - High Efficiency,lifetime,,,,constant_tech,Years,19,19,19,19,19,19,19,19,19,19,19,
CIMS.CAN.MB.Residential.Dwellings.Building Type.High Density.Vintage.>2035 Bldg Code.Heating (Cold),Service,MB,Residential,Heating (Cold),NG - High Efficiency,market_share_total,,,,annual_tech,%,0,,,,,,,,,,,
CIMS.CAN.MB.Residential.Dwellings.Building Type.High Density.Vintage.>2035 Bldg Code.Heating (Cold),Service,MB,Residential,Heating (Cold),NG - High Efficiency,output,,,,constant_tech,node unit,31.399776,31.399776,31.399776,31.399776,31.399776,31.399776,31.399776,31.399776,31.399776,31.399776,31.399776,
CIMS.CAN.MB.Residential.Dwellings.Building Type.High Density.Vintage.>2035 Bldg Code.Heating (Cold),Service,MB,Residential,Heating (Cold),NG - High Efficiency,fcc,,,,constant_tech,$,6231.7012692,6231.7012692,6231.7012692,6231.7012692,6231.7012692,6231.7012692,6231.7012692,6231.7012692,6231.7012692,6231.7012692,6231.7012692,
CIMS.CAN.MB.Residential.Dwellings.Building Type.High Density.Vintage.>2035 Bldg Code.Heating (Cold),Service,MB,Residential,Heating (Cold),NG - High Efficiency,fom,,,,constant_tech,$,162.6749327,162.6749327,162.6749327,162.6749327,162.6749327,162.6749327,162.6749327,162.6749327,162.6749327,162.6749327,162.6749327,
CIMS.CAN.MB.Residential.Dwellings.Building Type.High Density.Vintage.>2035 Bldg Code.Heating (Cold),Service,MB,Residential,Heating (Cold),NG - High Efficiency,service_request,,,CIMS.CAN.MB.Residential.Methane Blend,annual_tech,GJ,1.16666666655,1.16666666655,1.16666666655,1.16666666655,1.16666666655,1.16666666655,1.16666666655,1.16666666655,1.16666666655,1.16666666655,1.16666666655,
CIMS.CAN.MB.Residential.Dwellings.Building Type.High Density.Vintage.>2035 Bldg Code.Heating (Cold),Service,MB,Residential,Heating (Cold),NG - ASHP / NG - backup,technology,,,,,,,,,,,,,,,,,
CIMS.CAN.MB.Residential.Dwellings.Building Type.High Density.Vintage.>2035 Bldg Code.Heating (Cold),Service,MB,Residential,Heating (Cold),NG - ASHP / NG - backup,available,,,,constant_tech,Year,2000,2000,2000,2000,2000,2000,2000,2000,2000,2000,2000,
CIMS.CAN.MB.Residential.Dwellings.Building Type.High Density.Vintage.>2035 Bldg Code.Heating (Cold),Service,MB,Residential,Heating (Cold),NG - ASHP / NG - backup,unavailable,,,,constant_tech,Year,2101,2101,2101,2101,2101,2101,2101,2101,2101,2101,2101,
CIMS.CAN.MB.Residential.Dwellings.Building Type.High Density.Vintage.>2035 Bldg Code.Heating (Cold),Service,MB,Residential,Heating (Cold),NG - ASHP / NG - backup,lifetime,,,,constant_tech,Years,15,15,15,15,15,15,15,15,15,15,15,
CIMS.CAN.MB.Residential.Dwellings.Building Type.High Density.Vintage.>2035 Bldg Code.Heating (Cold),Service,MB,Residential,Heating (Cold),NG - ASHP / NG - backup,market_share_total,,,,annual_tech,%,0,,,,,,,,,,,
CIMS.CAN.MB.Residential.Dwellings.Building Type.High Density.Vintage.>2035 Bldg Code.Heating (Cold),Service,MB,Residential,Heating (Cold),NG - ASHP / NG - backup,output,,,,constant_tech,node unit,31.399776,31.399776,31.399776,31.399776,31.399776,31.399776,31.399776,31.399776,31.399776,31.399776,31.399776,
CIMS.CAN.MB.Residential.Dwellings.Building Type.High Density.Vintage.>2035 Bldg Code.Heating (Cold),Service,MB,Residential,Heating (Cold),NG - ASHP / NG - backup,fcc,,,,constant_tech,$,20015.27345,20015.27345,20015.27345,20015.27345,20015.27345,20015.27345,20015.27345,20015.27345,20015.27345,20015.27345,20015.27345,
CIMS.CAN.MB.Residential.Dwellings.Building Type.High Density.Vintage.>2035 Bldg Code.Heating (Cold),Service,MB,Residential,Heating (Cold),NG - ASHP / NG - backup,fom,,,,constant_tech,$,250.2691273,250.2691273,250.2691273,250.2691273,250.2691273,250.2691273,250.2691273,250.2691273,250.2691273,250.2691273,250.2691273,
CIMS.CAN.MB.Residential.Dwellings.Building Type.High Density.Vintage.>2035 Bldg Code.Heating (Cold),Service,MB,Residential,Heating (Cold),NG - ASHP / NG - backup,service_request,,,CIMS.CAN.MB.Residential.Methane Blend,annual_tech,GJ,2.1593627892625,2.1593627892625,2.1593627892625,2.1593627892625,2.1593627892625,2.1593627892625,2.1593627892625,2.1593627892625,2.1593627892625,2.1593627892625,2.1593627892625,
CIMS.CAN.MB.Residential.Dwellings.Building Type.High Density.Vintage.>2035 Bldg Code.Heating (Cold),Service,MB,Residential,Heating (Cold),NG - ASHP / NG - backup,service_request,,,CIMS.CAN.MB.Residential.Dwellings.Building Type.High Density.Cooling,annual_tech,GJ of cooling,-0.004568364,-0.004568364,-0.004568364,-0.004568364,-0.004568364,-0.004568364,-0.004568364,-0.004568364,-0.004568364,-0.004568364,-0.004568364,
CIMS.CAN.MB.Residential.Dwellings.Building Type.High Density.Vintage.>2035 Bldg Code.Heating (Cold),Service,MB,Residential,Heating (Cold),Electric - Standard Efficiency,technology,,,,,,,,,,,,,,,,,
CIMS.CAN.MB.Residential.Dwellings.Building Type.High Density.Vintage.>2035 Bldg Code.Heating (Cold),Service,MB,Residential,Heating (Cold),Electric - Standard Efficiency,available,,,,constant_tech,Year,1950,1950,1950,1950,1950,1950,1950,1950,1950,1950,1950,
CIMS.CAN.MB.Residential.Dwellings.Building Type.High Density.Vintage.>2035 Bldg Code.Heating (Cold),Service,MB,Residential,Heating (Cold),Electric - Standard Efficiency,unavailable,,,,constant_tech,Year,2101,2101,2101,2101,2101,2101,2101,2101,2101,2101,2101,
CIMS.CAN.MB.Residential.Dwellings.Building Type.High Density.Vintage.>2035 Bldg Code.Heating (Cold),Service,MB,Residential,Heating (Cold),Electric - Standard Efficiency,lifetime,,,,constant_tech,Years,22.5,22.5,22.5,22.5,22.5,22.5,22.5,22.5,22.5,22.5,22.5,
CIMS.CAN.MB.Residential.Dwellings.Building Type.High Density.Vintage.>2035 Bldg Code.Heating (Cold),Service,MB,Residential,Heating (Cold),Electric - Standard Efficiency,market_share_total,,,,annual_tech,%,0,,,,,,,,,,,
CIMS.CAN.MB.Residential.Dwellings.Building Type.High Density.Vintage.>2035 Bldg Code.Heating (Cold),Service,MB,Residential,Heating (Cold),Electric - Standard Efficiency,output,,,,constant_tech,node unit,31.399776,31.399776,31.399776,31.399776,31.399776,31.399776,31.399776,31.399776,31.399776,31.399776,31.399776,
CIMS.CAN.MB.Residential.Dwellings.Building Type.High Density.Vintage.>2035 Bldg Code.Heating (Cold),Service,MB,Residential,Heating (Cold),Electric - Standard Efficiency,fcc,,,,constant_tech,$,3822.860919,3822.860919,3822.860919,3822.860919,3822.860919,3822.860919,3822.860919,3822.860919,3822.860919,3822.860919,3822.860919,
CIMS.CAN.MB.Residential.Dwellings.Building Type.High Density.Vintage.>2035 Bldg Code.Heating (Cold),Service,MB,Residential,Heating (Cold),Electric - Standard Efficiency,service_request,,,CIMS.CAN.MB.Electricity,annual_tech,GJ,1,1,1,1,1,1,1,1,1,1,1,
CIMS.CAN.MB.Residential.Dwellings.Building Type.High Density.Vintage.>2035 Bldg Code.Heating (Cold),Service,MB,Residential,Heating (Cold),Electric - ASHP / NG - backup,technology,,,,,,,,,,,,,,,,,
CIMS.CAN.MB.Residential.Dwellings.Building Type.High Density.Vintage.>2035 Bldg Code.Heating (Cold),Service,MB,Residential,Heating (Cold),Electric - ASHP / NG - backup,available,,,,constant_tech,Year,2000,2000,2000,2000,2000,2000,2000,2000,2000,2000,2000,
CIMS.CAN.MB.Residential.Dwellings.Building Type.High Density.Vintage.>2035 Bldg Code.Heating (Cold),Service,MB,Residential,Heating (Cold),Electric - ASHP / NG - backup,unavailable,,,,constant_tech,Year,2101,2101,2101,2101,2101,2101,2101,2101,2101,2101,2101,
CIMS.CAN.MB.Residential.Dwellings.Building Type.High Density.Vintage.>2035 Bldg Code.Heating (Cold),Service,MB,Residential,Heating (Cold),Electric - ASHP / NG - backup,lifetime,,,,constant_tech,Years,15.5,15.5,15.5,15.5,15.5,15.5,15.5,15.5,15.5,15.5,15.5,
CIMS.CAN.MB.Residential.Dwellings.Building Type.High Density.Vintage.>2035 Bldg Code.Heating (Cold),Service,MB,Residential,Heating (Cold),Electric - ASHP / NG - backup,market_share_total,,,,annual_tech,%,0,,,,,,,,,,,
CIMS.CAN.MB.Residential.Dwellings.Building Type.High Density.Vintage.>2035 Bldg Code.Heating (Cold),Service,MB,Residential,Heating (Cold),Electric - ASHP / NG - backup,output,,,,constant_tech,node unit,31.399776,31.399776,31.399776,31.399776,31.399776,31.399776,31.399776,31.399776,31.399776,31.399776,31.399776,
CIMS.CAN.MB.Residential.Dwellings.Building Type.High Density.Vintage.>2035 Bldg Code.Heating (Cold),Service,MB,Residential,Heating (Cold),Electric - ASHP / NG - backup,fcc,,,,constant_tech,$,9647.874856,9647.874856,9647.874856,9647.874856,9647.874856,9647.874856,9647.874856,9647.874856,9647.874856,9647.874856,9647.874856,
CIMS.CAN.MB.Residential.Dwellings.Building Type.High Density.Vintage.>2035 Bldg Code.Heating (Cold),Service,MB,Residential,Heating (Cold),Electric - ASHP / NG - backup,fom,,,,constant_tech,$,269.0393118,269.0393118,269.0393118,269.0393118,269.0393118,269.0393118,269.0393118,269.0393118,269.0393118,269.0393118,269.0393118,
CIMS.CAN.MB.Residential.Dwellings.Building Type.High Density.Vintage.>2035 Bldg Code.Heating (Cold),Service,MB,Residential,Heating (Cold),Electric - ASHP / NG - backup,service_request,,,CIMS.CAN.MB.Electricity,annual_tech,GJ,0.72747607755,0.72747607755,0.72747607755,0.72747607755,0.72747607755,0.72747607755,0.72747607755,0.72747607755,0.72747607755,0.72747607755,0.72747607755,
CIMS.CAN.MB.Residential.Dwellings.Building Type.High Density.Vintage.>2035 Bldg Code.Heating (Cold),Service,MB,Residential,Heating (Cold),Electric - ASHP / NG - backup,service_request,,,CIMS.CAN.MB.Residential.Methane Blend,annual_tech,GJ,0.0583333333275,0.0583333333275,0.0583333333275,0.0583333333275,0.0583333333275,0.0583333333275,0.0583333333275,0.0583333333275,0.0583333333275,0.0583333333275,0.0583333333275,
CIMS.CAN.MB.Residential.Dwellings.Building Type.High Density.Vintage.>2035 Bldg Code.Heating (Cold),Service,MB,Residential,Heating (Cold),Electric - ASHP / NG - backup,service_request,,,CIMS.CAN.MB.Residential.Dwellings.Building Type.High Density.Cooling,annual_tech,GJ of cooling,-0.004568364,-0.004568364,-0.004568364,-0.004568364,-0.004568364,-0.004568364,-0.004568364,-0.004568364,-0.004568364,-0.004568364,-0.004568364,
CIMS.CAN.MB.Residential.Dwellings.Building Type.High Density.Vintage.>2035 Bldg Code.Heating (Cold),Service,MB,Residential,Heating (Cold),Electric - ASHP / Electric - backup,technology,,,,,,,,,,,,,,,,,
CIMS.CAN.MB.Residential.Dwellings.Building Type.High Density.Vintage.>2035 Bldg Code.Heating (Cold),Service,MB,Residential,Heating (Cold),Electric - ASHP / Electric - backup,available,,,,constant_tech,Year,2000,2000,2000,2000,2000,2000,2000,2000,2000,2000,2000,
CIMS.CAN.MB.Residential.Dwellings.Building Type.High Density.Vintage.>2035 Bldg Code.Heating (Cold),Service,MB,Residential,Heating (Cold),Electric - ASHP / Electric - backup,unavailable,,,,constant_tech,Year,2101,2101,2101,2101,2101,2101,2101,2101,2101,2101,2101,
CIMS.CAN.MB.Residential.Dwellings.Building Type.High Density.Vintage.>2035 Bldg Code.Heating (Cold),Service,MB,Residential,Heating (Cold),Electric - ASHP / Electric - backup,lifetime,,,,constant_tech,Years,15.5,15.5,15.5,15.5,15.5,15.5,15.5,15.5,15.5,15.5,15.5,
CIMS.CAN.MB.Residential.Dwellings.Building Type.High Density.Vintage.>2035 Bldg Code.Heating (Cold),Service,MB,Residential,Heating (Cold),Electric - ASHP / Electric - backup,market_share_total,,,,annual_tech,%,0,,,,,,,,,,,
CIMS.CAN.MB.Residential.Dwellings.Building Type.High Density.Vintage.>2035 Bldg Code.Heating (Cold),Service,MB,Residential,Heating (Cold),Electric - ASHP / Electric - backup,output,,,,constant_tech,node unit,31.399776,31.399776,31.399776,31.399776,31.399776,31.399776,31.399776,31.399776,31.399776,31.399776,31.399776,
CIMS.CAN.MB.Residential.Dwellings.Building Type.High Density.Vintage.>2035 Bldg Code.Heating (Cold),Service,MB,Residential,Heating (Cold),Electric - ASHP / Electric - backup,fcc,,,,constant_tech,$,9373.830161,9373.830161,9373.830161,9373.830161,9373.830161,9373.830161,9373.830161,9373.830161,9373.830161,9373.830161,9373.830161,
CIMS.CAN.MB.Residential.Dwellings.Building Type.High Density.Vintage.>2035 Bldg Code.Heating (Cold),Service,MB,Residential,Heating (Cold),Electric - ASHP / Electric - backup,fom,,,,constant_tech,$,106.3643791,106.3643791,106.3643791,106.3643791,106.3643791,106.3643791,106.3643791,106.3643791,106.3643791,106.3643791,106.3643791,
CIMS.CAN.MB.Residential.Dwellings.Building Type.High Density.Vintage.>2035 Bldg Code.Heating (Cold),Service,MB,Residential,Heating (Cold),Electric - ASHP / Electric - backup,service_request,,,CIMS.CAN.MB.Electricity,annual_tech,GJ,0.77747607755,0.77747607755,0.77747607755,0.77747607755,0.77747607755,0.77747607755,0.77747607755,0.77747607755,0.77747607755,0.77747607755,0.77747607755,
CIMS.CAN.MB.Residential.Dwellings.Building Type.High Density.Vintage.>2035 Bldg Code.Heating (Cold),Service,MB,Residential,Heating (Cold),Electric - ASHP / Electric - backup,service_request,,,CIMS.CAN.MB.Residential.Dwellings.Building Type.High Density.Cooling,annual_tech,GJ of cooling,-0.004568364,-0.004568364,-0.004568364,-0.004568364,-0.004568364,-0.004568364,-0.004568364,-0.004568364,-0.004568364,-0.004568364,-0.004568364,
CIMS.CAN.MB.Residential.Dwellings.Building Type.High Density.Vintage.>2035 Bldg Code.Heating (Cold),Service,MB,Residential,Heating (Cold),Electric - GSHP,technology,,,,,,,,,,,,,,,,,
CIMS.CAN.MB.Residential.Dwellings.Building Type.High Density.Vintage.>2035 Bldg Code.Heating (Cold),Service,MB,Residential,Heating (Cold),Electric - GSHP,available,,,,constant_tech,Year,2000,2000,2000,2000,2000,2000,2000,2000,2000,2000,2000,
CIMS.CAN.MB.Residential.Dwellings.Building Type.High Density.Vintage.>2035 Bldg Code.Heating (Cold),Service,MB,Residential,Heating (Cold),Electric - GSHP,unavailable,,,,constant_tech,Year,2101,2101,2101,2101,2101,2101,2101,2101,2101,2101,2101,
CIMS.CAN.MB.Residential.Dwellings.Building Type.High Density.Vintage.>2035 Bldg Code.Heating (Cold),Service,MB,Residential,Heating (Cold),Electric - GSHP,lifetime,,,,constant_tech,Years,20,20,20,20,20,20,20,20,20,20,20,
CIMS.CAN.MB.Residential.Dwellings.Building Type.High Density.Vintage.>2035 Bldg Code.Heating (Cold),Service,MB,Residential,Heating (Cold),Electric - GSHP,market_share_total,,,,annual_tech,%,0,,,,,,,,,,,
CIMS.CAN.MB.Residential.Dwellings.Building Type.High Density.Vintage.>2035 Bldg Code.Heating (Cold),Service,MB,Residential,Heating (Cold),Electric - GSHP,output,,,,constant_tech,node unit,31.399776,31.399776,31.399776,31.399776,31.399776,31.399776,31.399776,31.399776,31.399776,31.399776,31.399776,
CIMS.CAN.MB.Residential.Dwellings.Building Type.High Density.Vintage.>2035 Bldg Code.Heating (Cold),Service,MB,Residential,Heating (Cold),Electric - GSHP,fcc,,,,constant_tech,$,23775.56709,23775.56709,23775.56709,23775.56709,23775.56709,23775.56709,23775.56709,23775.56709,23775.56709,23775.56709,23775.56709,
CIMS.CAN.MB.Residential.Dwellings.Building Type.High Density.Vintage.>2035 Bldg Code.Heating (Cold),Service,MB,Residential,Heating (Cold),Electric - GSHP,fom,,,,constant_tech,$,112.6211073,112.6211073,112.6211073,112.6211073,112.6211073,112.6211073,112.6211073,112.6211073,112.6211073,112.6211073,112.6211073,
CIMS.CAN.MB.Residential.Dwellings.Building Type.High Density.Vintage.>2035 Bldg Code.Heating (Cold),Service,MB,Residential,Heating (Cold),Electric - GSHP,service_request,,,CIMS.CAN.MB.Electricity,annual_tech,GJ,0.486428472,0.486428472,0.486428472,0.486428472,0.486428472,0.486428472,0.486428472,0.486428472,0.486428472,0.486428472,0.486428472,
CIMS.CAN.MB.Residential.Dwellings.Building Type.High Density.Vintage.>2035 Bldg Code.Heating (Cold),Service,MB,Residential,Heating (Cold),Electric - GSHP,service_request,,,CIMS.CAN.MB.Residential.Dwellings.Building Type.High Density.Cooling,annual_tech,GJ of cooling,-0.004568364,-0.004568364,-0.004568364,-0.004568364,-0.004568364,-0.004568364,-0.004568364,-0.004568364,-0.004568364,-0.004568364,-0.004568364,
CIMS.CAN.MB.Residential.Dwellings.Building Type.High Density.Vintage.>2035 Bldg Code.Heating (Cold),Service,MB,Residential,Heating (Cold),Heating Oil - Standard Efficiency,technology,,,,,,,,,,,,,,,,,
CIMS.CAN.MB.Residential.Dwellings.Building Type.High Density.Vintage.>2035 Bldg Code.Heating (Cold),Service,MB,Residential,Heating (Cold),Heating Oil - Standard Efficiency,available,,,,constant_tech,Year,1950,1950,1950,1950,1950,1950,1950,1950,1950,1950,1950,
CIMS.CAN.MB.Residential.Dwellings.Building Type.High Density.Vintage.>2035 Bldg Code.Heating (Cold),Service,MB,Residential,Heating (Cold),Heating Oil - Standard Efficiency,unavailable,,,,constant_tech,Year,2021,2021,2021,2021,2021,2021,2021,2021,2021,2021,2021,
CIMS.CAN.MB.Residential.Dwellings.Building Type.High Density.Vintage.>2035 Bldg Code.Heating (Cold),Service,MB,Residential,Heating (Cold),Heating Oil - Standard Efficiency,lifetime,,,,constant_tech,Years,23,23,23,23,23,23,23,23,23,23,23,
CIMS.CAN.MB.Residential.Dwellings.Building Type.High Density.Vintage.>2035 Bldg Code.Heating (Cold),Service,MB,Residential,Heating (Cold),Heating Oil - Standard Efficiency,market_share_total,,,,annual_tech,%,0,,,,,,,,,,,
CIMS.CAN.MB.Residential.Dwellings.Building Type.High Density.Vintage.>2035 Bldg Code.Heating (Cold),Service,MB,Residential,Heating (Cold),Heating Oil - Standard Efficiency,output,,,,constant_tech,node unit,31.399776,31.399776,31.399776,31.399776,31.399776,31.399776,31.399776,31.399776,31.399776,31.399776,31.399776,
CIMS.CAN.MB.Residential.Dwellings.Building Type.High Density.Vintage.>2035 Bldg Code.Heating (Cold),Service,MB,Residential,Heating (Cold),Heating Oil - Standard Efficiency,fcc,,,,constant_tech,$,6444.430027,6444.430027,6444.430027,6444.430027,6444.430027,6444.430027,6444.430027,6444.430027,6444.430027,6444.430027,6444.430027,
CIMS.CAN.MB.Residential.Dwellings.Building Type.High Density.Vintage.>2035 Bldg Code.Heating (Cold),Service,MB,Residential,Heating (Cold),Heating Oil - Standard Efficiency,fom,,,,constant_tech,$,100.1076509,100.1076509,100.1076509,100.1076509,100.1076509,100.1076509,100.1076509,100.1076509,100.1076509,100.1076509,100.1076509,
CIMS.CAN.MB.Residential.Dwellings.Building Type.High Density.Vintage.>2035 Bldg Code.Heating (Cold),Service,MB,Residential,Heating (Cold),Heating Oil - Standard Efficiency,service_request,,,CIMS.Generic Fuels.Fuel Oil,annual_tech,GJ,1.282051282,1.282051282,1.282051282,1.282051282,1.282051282,1.282051282,1.282051282,1.282051282,1.282051282,1.282051282,1.282051282,
CIMS.CAN.MB.Residential.Dwellings.Building Type.High Density.Vintage.>2035 Bldg Code.Heating (Cold),Service,MB,Residential,Heating (Cold),Heating Oil - High Efficiency,technology,,,,,,,,,,,,,,,,,
CIMS.CAN.MB.Residential.Dwellings.Building Type.High Density.Vintage.>2035 Bldg Code.Heating (Cold),Service,MB,Residential,Heating (Cold),Heating Oil - High Efficiency,available,,,,constant_tech,Year,2000,2000,2000,2000,2000,2000,2000,2000,2000,2000,2000,
CIMS.CAN.MB.Residential.Dwellings.Building Type.High Density.Vintage.>2035 Bldg Code.Heating (Cold),Service,MB,Residential,Heating (Cold),Heating Oil - High Efficiency,unavailable,,,,constant_tech,Year,2101,2101,2101,2101,2101,2101,2101,2101,2101,2101,2101,
CIMS.CAN.MB.Residential.Dwellings.Building Type.High Density.Vintage.>2035 Bldg Code.Heating (Cold),Service,MB,Residential,Heating (Cold),Heating Oil - High Efficiency,lifetime,,,,constant_tech,Years,23,23,23,23,23,23,23,23,23,23,23,
CIMS.CAN.MB.Residential.Dwellings.Building Type.High Density.Vintage.>2035 Bldg Code.Heating (Cold),Service,MB,Residential,Heating (Cold),Heating Oil - High Efficiency,market_share_total,,,,annual_tech,%,0,,,,,,,,,,,
CIMS.CAN.MB.Residential.Dwellings.Building Type.High Density.Vintage.>2035 Bldg Code.Heating (Cold),Service,MB,Residential,Heating (Cold),Heating Oil - High Efficiency,output,,,,constant_tech,node unit,31.399776,31.399776,31.399776,31.399776,31.399776,31.399776,31.399776,31.399776,31.399776,31.399776,31.399776,
CIMS.CAN.MB.Residential.Dwellings.Building Type.High Density.Vintage.>2035 Bldg Code.Heating (Cold),Service,MB,Residential,Heating (Cold),Heating Oil - High Efficiency,fcc,,,,constant_tech,$,9541.510477,9541.510477,9541.510477,9541.510477,9541.510477,9541.510477,9541.510477,9541.510477,9541.510477,9541.510477,9541.510477,
CIMS.CAN.MB.Residential.Dwellings.Building Type.High Density.Vintage.>2035 Bldg Code.Heating (Cold),Service,MB,Residential,Heating (Cold),Heating Oil - High Efficiency,fom,,,,constant_tech,$,100.1076509,100.1076509,100.1076509,100.1076509,100.1076509,100.1076509,100.1076509,100.1076509,100.1076509,100.1076509,100.1076509,
CIMS.CAN.MB.Residential.Dwellings.Building Type.High Density.Vintage.>2035 Bldg Code.Heating (Cold),Service,MB,Residential,Heating (Cold),Heating Oil - High Efficiency,service_request,,,CIMS.Generic Fuels.Fuel Oil,annual_tech,GJ,1.162790698,1.162790698,1.162790698,1.162790698,1.162790698,1.162790698,1.162790698,1.162790698,1.162790698,1.162790698,1.162790698,
CIMS.CAN.MB.Residential.Dwellings.Building Type.High Density.Vintage.>2035 Bldg Code.Heating (Cold),Service,MB,Residential,Heating (Cold),Wood,technology,,,,,,,,,,,,,,,,,
CIMS.CAN.MB.Residential.Dwellings.Building Type.High Density.Vintage.>2035 Bldg Code.Heating (Cold),Service,MB,Residential,Heating (Cold),Wood,available,,,,constant_tech,Year,1950,1950,1950,1950,1950,1950,1950,1950,1950,1950,1950,
CIMS.CAN.MB.Residential.Dwellings.Building Type.High Density.Vintage.>2035 Bldg Code.Heating (Cold),Service,MB,Residential,Heating (Cold),Wood,unavailable,,,,constant_tech,Year,2101,2101,2101,2101,2101,2101,2101,2101,2101,2101,2101,
CIMS.CAN.MB.Residential.Dwellings.Building Type.High Density.Vintage.>2035 Bldg Code.Heating (Cold),Service,MB,Residential,Heating (Cold),Wood,lifetime,,,,constant_tech,Years,18.5,18.5,18.5,18.5,18.5,18.5,18.5,18.5,18.5,18.5,18.5,
CIMS.CAN.MB.Residential.Dwellings.Building Type.High Density.Vintage.>2035 Bldg Code.Heating (Cold),Service,MB,Residential,Heating (Cold),Wood,market_share_total,,,,annual_tech,%,0,,,,,,,,,,,
CIMS.CAN.MB.Residential.Dwellings.Building Type.High Density.Vintage.>2035 Bldg Code.Heating (Cold),Service,MB,Residential,Heating (Cold),Wood,output,,,,constant_tech,node unit,31.399776,31.399776,31.399776,31.399776,31.399776,31.399776,31.399776,31.399776,31.399776,31.399776,31.399776,
CIMS.CAN.MB.Residential.Dwellings.Building Type.High Density.Vintage.>2035 Bldg Code.Heating (Cold),Service,MB,Residential,Heating (Cold),Wood,fcc,,,,constant_tech,$,8000.269768,8000.269768,8000.269768,8000.269768,8000.269768,8000.269768,8000.269768,8000.269768,8000.269768,8000.269768,8000.269768,
CIMS.CAN.MB.Residential.Dwellings.Building Type.High Density.Vintage.>2035 Bldg Code.Heating (Cold),Service,MB,Residential,Heating (Cold),Wood,fom,,,,constant_tech,$,250.2691273,250.2691273,250.2691273,250.2691273,250.2691273,250.2691273,250.2691273,250.2691273,250.2691273,250.2691273,250.2691273,
CIMS.CAN.MB.Residential.Dwellings.Building Type.High Density.Vintage.>2035 Bldg Code.Heating (Cold),Service,MB,Residential,Heating (Cold),Wood,service_request,,,CIMS.Generic Fuels.Solid Biomass,annual_tech,GJ,2,2,2,2,2,2,2,2,2,2,2,
CIMS.CAN.MB.Residential.Dwellings.Building Type.High Density.Cooling,Service,MB,Residential,Cooling,,service_provide,,,,constant_tech,GJ of cooling,,,,,,,,,,,,
CIMS.CAN.MB.Residential.Dwellings.Building Type.High Density.Cooling,Service,MB,Residential,Cooling,,competition,Fixed Ratio,,,,,,,,,,,,,,,,
CIMS.CAN.MB.Residential.Dwellings.Building Type.High Density.Cooling,Service,MB,Residential,Cooling,,inheritance,intercept_retirement,,,constant_tech,,TRUE,TRUE,TRUE,TRUE,TRUE,TRUE,TRUE,TRUE,TRUE,TRUE,TRUE,
CIMS.CAN.MB.Residential.Dwellings.Building Type.High Density.Cooling,Service,MB,Residential,Cooling,,service_request,,,CIMS.CAN.MB.Residential.Dwellings.Building Type.High Density.Cooling.Central,annual_region,GJ,0.83702937230611,0.84275211064543,0.85892372564689,0.91226817503586,0.93227241459091,0.93227241459091,0.93227241459091,0.93227241459091,0.93227241459091,0.93227241459091,0.93227241459091,
CIMS.CAN.MB.Residential.Dwellings.Building Type.High Density.Cooling,Service,MB,Residential,Cooling,,service_request,,,CIMS.CAN.MB.Residential.Dwellings.Building Type.High Density.Cooling.Room,annual_region,GJ,0.16297062769389,0.15724788935457,0.14107627435311,0.08773182496414,0.06772758540909,0.06772758540909,0.06772758540909,0.06772758540909,0.06772758540909,0.06772758540909,0.06772758540909,
CIMS.CAN.MB.Residential.Dwellings.Building Type.High Density.Cooling.Central,Service,MB,Residential,Central,,service_provide,,,,constant_tech,GJ of cooling,,,,,,,,,,,,
CIMS.CAN.MB.Residential.Dwellings.Building Type.High Density.Cooling.Central,Service,MB,Residential,Central,,competition,Tech Compete,,,,,,,,,,,,,,,,
CIMS.CAN.MB.Residential.Dwellings.Building Type.High Density.Cooling.Central,Service,MB,Residential,Central,,discount_rate_financial,,,,constant_tech,%,0.25,0.25,0.25,0.25,0.25,0.25,0.25,0.25,0.25,0.25,0.25,
CIMS.CAN.MB.Residential.Dwellings.Building Type.High Density.Cooling.Central,Service,MB,Residential,Central,,heterogeneity,,,,constant_tech,,10,10,10,10,10,10,10,10,10,10,10,
CIMS.CAN.MB.Residential.Dwellings.Building Type.High Density.Cooling.Central,Service,MB,Residential,Central,Central - Existing,technology,,,,,,,,,,,,,,,,,
CIMS.CAN.MB.Residential.Dwellings.Building Type.High Density.Cooling.Central,Service,MB,Residential,Central,Central - Existing,available,,,,constant_tech,Year,1990,1990,1990,1990,1990,1990,1990,1990,1990,1990,1990,
CIMS.CAN.MB.Residential.Dwellings.Building Type.High Density.Cooling.Central,Service,MB,Residential,Central,Central - Existing,unavailable,,,,constant_tech,Year,2001,2001,2001,2001,2001,2001,2001,2001,2001,2001,2001,
CIMS.CAN.MB.Residential.Dwellings.Building Type.High Density.Cooling.Central,Service,MB,Residential,Central,Central - Existing,lifetime,,,,constant_tech,Years,18,18,18,18,18,18,18,18,18,18,18,
CIMS.CAN.MB.Residential.Dwellings.Building Type.High Density.Cooling.Central,Service,MB,Residential,Central,Central - Existing,market_share_total,,,,annual_tech,%,1,,,,,,,,,,,
CIMS.CAN.MB.Residential.Dwellings.Building Type.High Density.Cooling.Central,Service,MB,Residential,Central,Central - Existing,output,,,,constant_tech,node unit,12.76,12.76,12.76,12.76,12.76,12.76,12.76,12.76,12.76,12.76,12.76,
CIMS.CAN.MB.Residential.Dwellings.Building Type.High Density.Cooling.Central,Service,MB,Residential,Central,Central - Existing,fcc,,,,constant_tech,$,5005.38,5005.38,5005.38,5005.38,5005.38,5005.38,5005.38,5005.38,5005.38,5005.38,5005.38,
CIMS.CAN.MB.Residential.Dwellings.Building Type.High Density.Cooling.Central,Service,MB,Residential,Central,Central - Existing,fom,,,,constant_tech,$,106.36,106.36,106.36,106.36,106.36,106.36,106.36,106.36,106.36,106.36,106.36,
CIMS.CAN.MB.Residential.Dwellings.Building Type.High Density.Cooling.Central,Service,MB,Residential,Central,Central - Existing,service_request,,,CIMS.CAN.MB.Electricity,annual_tech,GJ,0.355812796,0.355812796,0.355812796,0.355812796,0.355812796,0.355812796,0.355812796,0.355812796,0.355812796,0.355812796,0.355812796,
CIMS.CAN.MB.Residential.Dwellings.Building Type.High Density.Cooling.Central,Service,MB,Residential,Central,Central - SEER 12,technology,,,,,,,,,,,,,,,,,
CIMS.CAN.MB.Residential.Dwellings.Building Type.High Density.Cooling.Central,Service,MB,Residential,Central,Central - SEER 12,available,,,,constant_tech,Year,2000,2000,2000,2000,2000,2000,2000,2000,2000,2000,2000,
CIMS.CAN.MB.Residential.Dwellings.Building Type.High Density.Cooling.Central,Service,MB,Residential,Central,Central - SEER 12,unavailable,,,,constant_tech,Year,2101,2101,2101,2101,2101,2101,2101,2101,2101,2101,2101,
CIMS.CAN.MB.Residential.Dwellings.Building Type.High Density.Cooling.Central,Service,MB,Residential,Central,Central - SEER 12,lifetime,,,,constant_tech,Years,18,18,18,18,18,18,18,18,18,18,18,
CIMS.CAN.MB.Residential.Dwellings.Building Type.High Density.Cooling.Central,Service,MB,Residential,Central,Central - SEER 12,market_share_total,,,,annual_tech,%,0,,,,,,,,,,,
CIMS.CAN.MB.Residential.Dwellings.Building Type.High Density.Cooling.Central,Service,MB,Residential,Central,Central - SEER 12,output,,,,constant_tech,node unit,16.03,16.03,16.03,16.03,16.03,16.03,16.03,16.03,16.03,16.03,16.03,
CIMS.CAN.MB.Residential.Dwellings.Building Type.High Density.Cooling.Central,Service,MB,Residential,Central,Central - SEER 12,fcc,,,,constant_tech,$,6569.56,6569.56,6569.56,6569.56,6569.56,6569.56,6569.56,6569.56,6569.56,6569.56,6569.56,
CIMS.CAN.MB.Residential.Dwellings.Building Type.High Density.Cooling.Central,Service,MB,Residential,Central,Central - SEER 12,fom,,,,constant_tech,$,106.36,106.36,106.36,106.36,106.36,106.36,106.36,106.36,106.36,106.36,106.36,
CIMS.CAN.MB.Residential.Dwellings.Building Type.High Density.Cooling.Central,Service,MB,Residential,Central,Central - SEER 12,service_request,,,CIMS.CAN.MB.Electricity,annual_tech,GJ,0.284345097,0.284345097,0.284345097,0.284345097,0.284345097,0.284345097,0.284345097,0.284345097,0.284345097,0.284345097,0.284345097,
CIMS.CAN.MB.Residential.Dwellings.Building Type.High Density.Cooling.Central,Service,MB,Residential,Central,Central - SEER 14,technology,,,,,,,,,,,,,,,,,
CIMS.CAN.MB.Residential.Dwellings.Building Type.High Density.Cooling.Central,Service,MB,Residential,Central,Central - SEER 14,available,,,,constant_tech,Year,2015,2015,2015,2015,2015,2015,2015,2015,2015,2015,2015,
CIMS.CAN.MB.Residential.Dwellings.Building Type.High Density.Cooling.Central,Service,MB,Residential,Central,Central - SEER 14,unavailable,,,,constant_tech,Year,2101,2101,2101,2101,2101,2101,2101,2101,2101,2101,2101,
CIMS.CAN.MB.Residential.Dwellings.Building Type.High Density.Cooling.Central,Service,MB,Residential,Central,Central - SEER 14,lifetime,,,,constant_tech,Years,18,18,18,18,18,18,18,18,18,18,18,
CIMS.CAN.MB.Residential.Dwellings.Building Type.High Density.Cooling.Central,Service,MB,Residential,Central,Central - SEER 14,market_share_total,,,,annual_tech,%,0,,,,,,,,,,,
CIMS.CAN.MB.Residential.Dwellings.Building Type.High Density.Cooling.Central,Service,MB,Residential,Central,Central - SEER 14,output,,,,constant_tech,node unit,18.7,18.7,18.7,18.7,18.7,18.7,18.7,18.7,18.7,18.7,18.7,
CIMS.CAN.MB.Residential.Dwellings.Building Type.High Density.Cooling.Central,Service,MB,Residential,Central,Central - SEER 14,fcc,,,,constant_tech,$,7483.05,7483.05,7483.05,7483.05,7483.05,7483.05,7483.05,7483.05,7483.05,7483.05,7483.05,
CIMS.CAN.MB.Residential.Dwellings.Building Type.High Density.Cooling.Central,Service,MB,Residential,Central,Central - SEER 14,fom,,,,constant_tech,$,106.36,106.36,106.36,106.36,106.36,106.36,106.36,106.36,106.36,106.36,106.36,
CIMS.CAN.MB.Residential.Dwellings.Building Type.High Density.Cooling.Central,Service,MB,Residential,Central,Central - SEER 14,service_request,,,CIMS.CAN.MB.Electricity,annual_tech,GJ,0.243724369,0.243724369,0.243724369,0.243724369,0.243724369,0.243724369,0.243724369,0.243724369,0.243724369,0.243724369,0.243724369,
CIMS.CAN.MB.Residential.Dwellings.Building Type.High Density.Cooling.Room,Service,MB,Residential,Room,,service_provide,,,,constant_tech,GJ of cooling,,,,,,,,,,,,
CIMS.CAN.MB.Residential.Dwellings.Building Type.High Density.Cooling.Room,Service,MB,Residential,Room,,competition,Tech Compete,,,,,,,,,,,,,,,,
CIMS.CAN.MB.Residential.Dwellings.Building Type.High Density.Cooling.Room,Service,MB,Residential,Room,,discount_rate_financial,,,,constant_tech,%,0.25,0.25,0.25,0.25,0.25,0.25,0.25,0.25,0.25,0.25,0.25,
CIMS.CAN.MB.Residential.Dwellings.Building Type.High Density.Cooling.Room,Service,MB,Residential,Room,,heterogeneity,,,,constant_tech,,10,10,10,10,10,10,10,10,10,10,10,
CIMS.CAN.MB.Residential.Dwellings.Building Type.High Density.Cooling.Room,Service,MB,Residential,Room,Room - Existing,technology,,,,,,,,,,,,,,,,,
CIMS.CAN.MB.Residential.Dwellings.Building Type.High Density.Cooling.Room,Service,MB,Residential,Room,Room - Existing,available,,,,constant_tech,Year,1990,1990,1990,1990,1990,1990,1990,1990,1990,1990,1990,
CIMS.CAN.MB.Residential.Dwellings.Building Type.High Density.Cooling.Room,Service,MB,Residential,Room,Room - Existing,unavailable,,,,constant_tech,Year,2001,2001,2001,2001,2001,2001,2001,2001,2001,2001,2001,
CIMS.CAN.MB.Residential.Dwellings.Building Type.High Density.Cooling.Room,Service,MB,Residential,Room,Room - Existing,lifetime,,,,constant_tech,Years,13,13,13,13,13,13,13,13,13,13,13,
CIMS.CAN.MB.Residential.Dwellings.Building Type.High Density.Cooling.Room,Service,MB,Residential,Room,Room - Existing,market_share_total,,,,annual_tech,%,1,,,,,,,,,,,
CIMS.CAN.MB.Residential.Dwellings.Building Type.High Density.Cooling.Room,Service,MB,Residential,Room,Room - Existing,output,,,,constant_tech,node unit,3.06,3.06,3.06,3.06,3.06,3.06,3.06,3.06,3.06,3.06,3.06,
CIMS.CAN.MB.Residential.Dwellings.Building Type.High Density.Cooling.Room,Service,MB,Residential,Room,Room - Existing,fcc,,,,constant_tech,$,919.74,919.74,919.74,919.74,919.74,919.74,919.74,919.74,919.74,919.74,919.74,
CIMS.CAN.MB.Residential.Dwellings.Building Type.High Density.Cooling.Room,Service,MB,Residential,Room,Room - Existing,service_request,,,CIMS.CAN.MB.Electricity,annual_tech,GJ,0.413347416,0.413347416,0.413347416,0.413347416,0.413347416,0.413347416,0.413347416,0.413347416,0.413347416,0.413347416,0.413347416,
CIMS.CAN.MB.Residential.Dwellings.Building Type.High Density.Cooling.Room,Service,MB,Residential,Room,Room - CEER 10,technology,,,,,,,,,,,,,,,,,
CIMS.CAN.MB.Residential.Dwellings.Building Type.High Density.Cooling.Room,Service,MB,Residential,Room,Room - CEER 10,available,,,,constant_tech,Year,2000,2000,2000,2000,2000,2000,2000,2000,2000,2000,2000,
CIMS.CAN.MB.Residential.Dwellings.Building Type.High Density.Cooling.Room,Service,MB,Residential,Room,Room - CEER 10,unavailable,,,,constant_tech,Year,2101,2101,2101,2101,2101,2101,2101,2101,2101,2101,2101,
CIMS.CAN.MB.Residential.Dwellings.Building Type.High Density.Cooling.Room,Service,MB,Residential,Room,Room - CEER 10,lifetime,,,,constant_tech,Years,13,13,13,13,13,13,13,13,13,13,13,
CIMS.CAN.MB.Residential.Dwellings.Building Type.High Density.Cooling.Room,Service,MB,Residential,Room,Room - CEER 10,market_share_total,,,,annual_tech,%,0,,,,,,,,,,,
CIMS.CAN.MB.Residential.Dwellings.Building Type.High Density.Cooling.Room,Service,MB,Residential,Room,Room - CEER 10,output,,,,constant_tech,node unit,3.71,3.71,3.71,3.71,3.71,3.71,3.71,3.71,3.71,3.71,3.71,
CIMS.CAN.MB.Residential.Dwellings.Building Type.High Density.Cooling.Room,Service,MB,Residential,Room,Room - CEER 10,fcc,,,,constant_tech,$,700.75,700.75,700.75,700.75,700.75,700.75,700.75,700.75,700.75,700.75,700.75,
CIMS.CAN.MB.Residential.Dwellings.Building Type.High Density.Cooling.Room,Service,MB,Residential,Room,Room - CEER 10,service_request,,,CIMS.CAN.MB.Electricity,annual_tech,GJ,0.341214117,0.341214117,0.341214117,0.341214117,0.341214117,0.341214117,0.341214117,0.341214117,0.341214117,0.341214117,0.341214117,
CIMS.CAN.MB.Residential.Dwellings.Building Type.High Density.Cooling.Room,Service,MB,Residential,Room,Room - CEER 12,technology,,,,,,,,,,,,,,,,,
CIMS.CAN.MB.Residential.Dwellings.Building Type.High Density.Cooling.Room,Service,MB,Residential,Room,Room - CEER 12,available,,,,constant_tech,Year,2015,2015,2015,2015,2015,2015,2015,2015,2015,2015,2015,
CIMS.CAN.MB.Residential.Dwellings.Building Type.High Density.Cooling.Room,Service,MB,Residential,Room,Room - CEER 12,unavailable,,,,constant_tech,Year,2101,2101,2101,2101,2101,2101,2101,2101,2101,2101,2101,
CIMS.CAN.MB.Residential.Dwellings.Building Type.High Density.Cooling.Room,Service,MB,Residential,Room,Room - CEER 12,lifetime,,,,constant_tech,Years,13,13,13,13,13,13,13,13,13,13,13,
CIMS.CAN.MB.Residential.Dwellings.Building Type.High Density.Cooling.Room,Service,MB,Residential,Room,Room - CEER 12,market_share_total,,,,annual_tech,%,0,,,,,,,,,,,
CIMS.CAN.MB.Residential.Dwellings.Building Type.High Density.Cooling.Room,Service,MB,Residential,Room,Room - CEER 12,output,,,,constant_tech,node unit,4.45,4.45,4.45,4.45,4.45,4.45,4.45,4.45,4.45,4.45,4.45,
CIMS.CAN.MB.Residential.Dwellings.Building Type.High Density.Cooling.Room,Service,MB,Residential,Room,Room - CEER 12,fcc,,,,constant_tech,$,707.01,707.01,707.01,707.01,707.01,707.01,707.01,707.01,707.01,707.01,707.01,
CIMS.CAN.MB.Residential.Dwellings.Building Type.High Density.Cooling.Room,Service,MB,Residential,Room,Room - CEER 12,service_request,,,CIMS.CAN.MB.Electricity,annual_tech,GJ,0.284345097,0.284345097,0.284345097,0.284345097,0.284345097,0.284345097,0.284345097,0.284345097,0.284345097,0.284345097,0.284345097,
CIMS.CAN.MB.Residential.Dwellings.Building Type.High Density.Cooling.Room,Service,MB,Residential,Room,Room - CEER 14,technology,,,,,,,,,,,,,,,,,
CIMS.CAN.MB.Residential.Dwellings.Building Type.High Density.Cooling.Room,Service,MB,Residential,Room,Room - CEER 14,available,,,,constant_tech,Year,2015,2015,2015,2015,2015,2015,2015,2015,2015,2015,2015,
CIMS.CAN.MB.Residential.Dwellings.Building Type.High Density.Cooling.Room,Service,MB,Residential,Room,Room - CEER 14,unavailable,,,,constant_tech,Year,2101,2101,2101,2101,2101,2101,2101,2101,2101,2101,2101,
CIMS.CAN.MB.Residential.Dwellings.Building Type.High Density.Cooling.Room,Service,MB,Residential,Room,Room - CEER 14,lifetime,,,,constant_tech,Years,18,18,18,18,18,18,18,18,18,18,18,
CIMS.CAN.MB.Residential.Dwellings.Building Type.High Density.Cooling.Room,Service,MB,Residential,Room,Room - CEER 14,market_share_total,,,,annual_tech,%,0,,,,,,,,,,,
CIMS.CAN.MB.Residential.Dwellings.Building Type.High Density.Cooling.Room,Service,MB,Residential,Room,Room - CEER 14,output,,,,constant_tech,node unit,5.19,5.19,5.19,5.19,5.19,5.19,5.19,5.19,5.19,5.19,5.19,
CIMS.CAN.MB.Residential.Dwellings.Building Type.High Density.Cooling.Room,Service,MB,Residential,Room,Room - CEER 14,fcc,,,,constant_tech,$,844.66,844.66,844.66,844.66,844.66,844.66,844.66,844.66,844.66,844.66,844.66,
CIMS.CAN.MB.Residential.Dwellings.Building Type.High Density.Cooling.Room,Service,MB,Residential,Room,Room - CEER 14,service_request,,,CIMS.CAN.MB.Electricity,annual_tech,GJ,0.243724369,0.243724369,0.243724369,0.243724369,0.243724369,0.243724369,0.243724369,0.243724369,0.243724369,0.243724369,0.243724369,
CIMS.CAN.MB.Residential.Dwellings.Building Type.LowMed Density,Service,MB,Residential,LowMed Density,,service_provide,,,,constant_tech,m2,,,,,,,,,,,,
CIMS.CAN.MB.Residential.Dwellings.Building Type.LowMed Density,Service,MB,Residential,LowMed Density,,competition,Fixed Ratio,,,,,,,,,,,,,,,,
CIMS.CAN.MB.Residential.Dwellings.Building Type.LowMed Density,Service,MB,Residential,LowMed Density,,service_request,,,CIMS.CAN.MB.Residential.Dwellings.Building Type.LowMed Density.Vintage,annual_tech,m2,1,1,1,1,1,1,1,1,1,1,1,
CIMS.CAN.MB.Residential.Dwellings.Building Type.LowMed Density,Service,MB,Residential,LowMed Density,,service_request,,,CIMS.CAN.MB.Residential.Dwellings.Building Type.LowMed Density.Cooling,annual_region,GJ,0.03695594844704,0.03695594844704,0.03695594844704,0.03695594844704,0.03695594844704,0.03695594844704,0.03695594844704,0.03695594844704,0.03695594844704,0.03695594844704,0.03695594844704,
CIMS.CAN.MB.Residential.Dwellings.Building Type.LowMed Density,Service,MB,Residential,LowMed Density,,service_request,,,CIMS.CAN.MB.Residential.Dwellings.Lighting,annual_tech,m2,1.16,1.16,1.16,1.16,1.16,1.16,1.16,1.16,1.16,1.16,1.16,
CIMS.CAN.MB.Residential.Dwellings.Building Type.LowMed Density,Service,MB,Residential,LowMed Density,,service_request,,,CIMS.CAN.MB.Residential.Dwellings.Solar PV,annual_tech,m2 of roofspace,0.25,0.25,0.25,0.25,0.25,0.25,0.25,0.25,0.25,0.25,0.25,
CIMS.CAN.MB.Residential.Dwellings.Building Type.LowMed Density.Vintage,Service,MB,Residential,Vintage,,service_provide,,,,constant_tech,m2,,,,,,,,,,,,
CIMS.CAN.MB.Residential.Dwellings.Building Type.LowMed Density.Vintage,Service,MB,Residential,Vintage,,competition,Tech Compete,,,,,,,,,,,,,,,,
CIMS.CAN.MB.Residential.Dwellings.Building Type.LowMed Density.Vintage,Service,MB,Residential,Vintage,,discount_rate_financial,,,,constant_tech,%,0.25,0.25,0.25,0.25,0.25,0.25,0.25,0.25,0.25,0.25,0.25,
CIMS.CAN.MB.Residential.Dwellings.Building Type.LowMed Density.Vintage,Service,MB,Residential,Vintage,<1960,technology,,,,,,,,,,,,,,,,,
CIMS.CAN.MB.Residential.Dwellings.Building Type.LowMed Density.Vintage,Service,MB,Residential,Vintage,<1960,market_share_total,,,,annual_region_tech,%,0.23864596663206,,,,,,,,,,,
CIMS.CAN.MB.Residential.Dwellings.Building Type.LowMed Density.Vintage,Service,MB,Residential,Vintage,<1960,available,,,,constant_tech,Year,1945,1945,1945,1945,1945,1945,1945,1945,1945,1945,1945,
CIMS.CAN.MB.Residential.Dwellings.Building Type.LowMed Density.Vintage,Service,MB,Residential,Vintage,<1960,unavailable,,,,constant_tech,Year,2001,2001,2001,2001,2001,2001,2001,2001,2001,2001,2001,
CIMS.CAN.MB.Residential.Dwellings.Building Type.LowMed Density.Vintage,Service,MB,Residential,Vintage,<1960,lifetime,,,,constant_tech,Years,90,90,90,90,90,90,90,90,90,90,90,
CIMS.CAN.MB.Residential.Dwellings.Building Type.LowMed Density.Vintage,Service,MB,Residential,Vintage,<1960,retrofit_existing_max,,,,constant_tech,%,0,0,0,0,0,0,0,0,0,0,0,
CIMS.CAN.MB.Residential.Dwellings.Building Type.LowMed Density.Vintage,Service,MB,Residential,Vintage,<1960,service_request,,,CIMS.CAN.MB.Residential.Dwellings.Building Type.LowMed Density.Vintage.<1960 Bldg Code,annual_tech,GJ,1,1,1,1,1,1,1,1,1,1,1,
CIMS.CAN.MB.Residential.Dwellings.Building Type.LowMed Density.Vintage,Service,MB,Residential,Vintage,1961-1980,technology,,,,,,,,,,,,,,,,,
CIMS.CAN.MB.Residential.Dwellings.Building Type.LowMed Density.Vintage,Service,MB,Residential,Vintage,1961-1980,market_share_total,,,,annual_region_tech,%,0.35065311345583,,,,,,,,,,,
CIMS.CAN.MB.Residential.Dwellings.Building Type.LowMed Density.Vintage,Service,MB,Residential,Vintage,1961-1980,available,,,,constant_tech,Year,1961,1961,1961,1961,1961,1961,1961,1961,1961,1961,1961,
CIMS.CAN.MB.Residential.Dwellings.Building Type.LowMed Density.Vintage,Service,MB,Residential,Vintage,1961-1980,unavailable,,,,constant_tech,Year,2001,2001,2001,2001,2001,2001,2001,2001,2001,2001,2001,
CIMS.CAN.MB.Residential.Dwellings.Building Type.LowMed Density.Vintage,Service,MB,Residential,Vintage,1961-1980,lifetime,,,,constant_tech,Years,180,180,180,180,180,180,180,180,180,180,180,
CIMS.CAN.MB.Residential.Dwellings.Building Type.LowMed Density.Vintage,Service,MB,Residential,Vintage,1961-1980,retrofit_existing_max,,,,constant_tech,%,0,0,0,0,0,0,0,0,0,0,0,
CIMS.CAN.MB.Residential.Dwellings.Building Type.LowMed Density.Vintage,Service,MB,Residential,Vintage,1961-1980,service_request,,,CIMS.CAN.MB.Residential.Dwellings.Building Type.LowMed Density.Vintage.1961-1980 Bldg Code,annual_tech,GJ,1,1,1,1,1,1,1,1,1,1,1,
CIMS.CAN.MB.Residential.Dwellings.Building Type.LowMed Density.Vintage,Service,MB,Residential,Vintage,1981-2000,technology,,,,,,,,,,,,,,,,,
CIMS.CAN.MB.Residential.Dwellings.Building Type.LowMed Density.Vintage,Service,MB,Residential,Vintage,1981-2000,market_share_total,,,,annual_region_tech,%,0.41070091991211,,,,,,,,,,,
CIMS.CAN.MB.Residential.Dwellings.Building Type.LowMed Density.Vintage,Service,MB,Residential,Vintage,1981-2000,available,,,,constant_tech,Year,1981,1981,1981,1981,1981,1981,1981,1981,1981,1981,1981,
CIMS.CAN.MB.Residential.Dwellings.Building Type.LowMed Density.Vintage,Service,MB,Residential,Vintage,1981-2000,unavailable,,,,constant_tech,Year,2001,2001,2001,2001,2001,2001,2001,2001,2001,2001,2001,
CIMS.CAN.MB.Residential.Dwellings.Building Type.LowMed Density.Vintage,Service,MB,Residential,Vintage,1981-2000,lifetime,,,,constant_tech,Years,250,250,250,250,250,250,250,250,250,250,250,
CIMS.CAN.MB.Residential.Dwellings.Building Type.LowMed Density.Vintage,Service,MB,Residential,Vintage,1981-2000,retrofit_existing_max,,,,constant_tech,%,0,0,0,0,0,0,0,0,0,0,0,
CIMS.CAN.MB.Residential.Dwellings.Building Type.LowMed Density.Vintage,Service,MB,Residential,Vintage,1981-2000,service_request,,,CIMS.CAN.MB.Residential.Dwellings.Building Type.LowMed Density.Vintage.1981-2000 Bldg Code,annual_tech,GJ,1,1,1,1,1,1,1,1,1,1,1,
CIMS.CAN.MB.Residential.Dwellings.Building Type.LowMed Density.Vintage,Service,MB,Residential,Vintage,2001-2020,technology,,,,,,,,,,,,,,,,,
CIMS.CAN.MB.Residential.Dwellings.Building Type.LowMed Density.Vintage,Service,MB,Residential,Vintage,2001-2020,market_share_total,,,,annual_region_tech,%,0,,,,,,,,,,,
CIMS.CAN.MB.Residential.Dwellings.Building Type.LowMed Density.Vintage,Service,MB,Residential,Vintage,2001-2020,available,,,,constant_tech,Year,2001,2001,2001,2001,2001,2001,2001,2001,2001,2001,2001,
CIMS.CAN.MB.Residential.Dwellings.Building Type.LowMed Density.Vintage,Service,MB,Residential,Vintage,2001-2020,unavailable,,,,constant_tech,Year,2021,2021,2021,2021,2021,2021,2021,2021,2021,2021,2021,
CIMS.CAN.MB.Residential.Dwellings.Building Type.LowMed Density.Vintage,Service,MB,Residential,Vintage,2001-2020,lifetime,,,,constant_tech,Years,65,65,65,65,65,65,65,65,65,65,65,
CIMS.CAN.MB.Residential.Dwellings.Building Type.LowMed Density.Vintage,Service,MB,Residential,Vintage,2001-2020,retrofit_existing_max,,,,constant_tech,%,0,0,0,0,0,0,0,0,0,0,0,
CIMS.CAN.MB.Residential.Dwellings.Building Type.LowMed Density.Vintage,Service,MB,Residential,Vintage,2001-2020,service_request,,,CIMS.CAN.MB.Residential.Dwellings.Building Type.LowMed Density.Vintage.2001-2020 Bldg Code,annual_tech,GJ,1,1,1,1,1,1,1,1,1,1,1,
CIMS.CAN.MB.Residential.Dwellings.Building Type.LowMed Density.Vintage,Service,MB,Residential,Vintage,2021-2035,technology,,,,,,,,,,,,,,,,,
CIMS.CAN.MB.Residential.Dwellings.Building Type.LowMed Density.Vintage,Service,MB,Residential,Vintage,2021-2035,market_share_total,,,,annual_region_tech,%,0,,,,,,,,,,,
CIMS.CAN.MB.Residential.Dwellings.Building Type.LowMed Density.Vintage,Service,MB,Residential,Vintage,2021-2035,available,,,,constant_tech,Year,2021,2021,2021,2021,2021,2021,2021,2021,2021,2021,2021,
CIMS.CAN.MB.Residential.Dwellings.Building Type.LowMed Density.Vintage,Service,MB,Residential,Vintage,2021-2035,unavailable,,,,constant_tech,Year,2036,2036,2036,2036,2036,2036,2036,2036,2036,2036,2036,
CIMS.CAN.MB.Residential.Dwellings.Building Type.LowMed Density.Vintage,Service,MB,Residential,Vintage,2021-2035,lifetime,,,,constant_tech,Years,65,65,65,65,65,65,65,65,65,65,65,
CIMS.CAN.MB.Residential.Dwellings.Building Type.LowMed Density.Vintage,Service,MB,Residential,Vintage,2021-2035,retrofit_existing_max,,,,constant_tech,%,0,0,0,0,0,0,0,0,0,0,0,
CIMS.CAN.MB.Residential.Dwellings.Building Type.LowMed Density.Vintage,Service,MB,Residential,Vintage,2021-2035,service_request,,,CIMS.CAN.MB.Residential.Dwellings.Building Type.LowMed Density.Vintage.2021-2035 Bldg Code,annual_tech,GJ,1,1,1,1,1,1,1,1,1,1,1,
CIMS.CAN.MB.Residential.Dwellings.Building Type.LowMed Density.Vintage,Service,MB,Residential,Vintage,>2035,technology,,,,,,,,,,,,,,,,,
CIMS.CAN.MB.Residential.Dwellings.Building Type.LowMed Density.Vintage,Service,MB,Residential,Vintage,>2035,market_share_total,,,,annual_tech,%,0,,,,,,,,,,,
CIMS.CAN.MB.Residential.Dwellings.Building Type.LowMed Density.Vintage,Service,MB,Residential,Vintage,>2035,available,,,,constant_tech,Year,2036,2036,2036,2036,2036,2036,2036,2036,2036,2036,2036,
CIMS.CAN.MB.Residential.Dwellings.Building Type.LowMed Density.Vintage,Service,MB,Residential,Vintage,>2035,unavailable,,,,constant_tech,Year,2101,2101,2101,2101,2101,2101,2101,2101,2101,2101,2101,
CIMS.CAN.MB.Residential.Dwellings.Building Type.LowMed Density.Vintage,Service,MB,Residential,Vintage,>2035,lifetime,,,,constant_tech,Years,65,65,65,65,65,65,65,65,65,65,65,
CIMS.CAN.MB.Residential.Dwellings.Building Type.LowMed Density.Vintage,Service,MB,Residential,Vintage,>2035,retrofit_existing_max,,,,constant_tech,%,0,0,0,0,0,0,0,0,0,0,0,
CIMS.CAN.MB.Residential.Dwellings.Building Type.LowMed Density.Vintage,Service,MB,Residential,Vintage,>2035,service_request,,,CIMS.CAN.MB.Residential.Dwellings.Building Type.LowMed Density.Vintage.>2035 Bldg Code,annual_tech,GJ,1,1,1,1,1,1,1,1,1,1,1,
CIMS.CAN.MB.Residential.Dwellings.Building Type.LowMed Density.Vintage.<1960 Bldg Code,Service,MB,Residential,<1960 Bldg Code,,service_provide,,,,constant_tech,m2,,,,,,,,,,,,
CIMS.CAN.MB.Residential.Dwellings.Building Type.LowMed Density.Vintage.<1960 Bldg Code,Service,MB,Residential,<1960 Bldg Code,,competition,Tech Compete,,,,,,,,,,,,,,,,
CIMS.CAN.MB.Residential.Dwellings.Building Type.LowMed Density.Vintage.<1960 Bldg Code,Service,MB,Residential,<1960 Bldg Code,,discount_rate_financial,,,,constant_tech,%,0.25,0.25,0.25,0.25,0.25,0.25,0.25,0.25,0.25,0.25,0.25,
CIMS.CAN.MB.Residential.Dwellings.Building Type.LowMed Density.Vintage.<1960 Bldg Code,Service,MB,Residential,<1960 Bldg Code,,heterogeneity,,,,constant_tech,,10,10,10,10,10,10,10,10,10,10,10,
CIMS.CAN.MB.Residential.Dwellings.Building Type.LowMed Density.Vintage.<1960 Bldg Code,Service,MB,Residential,<1960 Bldg Code,Reference,technology,,,,,,,,,,,,,,,,,
CIMS.CAN.MB.Residential.Dwellings.Building Type.LowMed Density.Vintage.<1960 Bldg Code,Service,MB,Residential,<1960 Bldg Code,Reference,available,,,,constant_tech,Year,1945,1945,1945,1945,1945,1945,1945,1945,1945,1945,1945,
CIMS.CAN.MB.Residential.Dwellings.Building Type.LowMed Density.Vintage.<1960 Bldg Code,Service,MB,Residential,<1960 Bldg Code,Reference,unavailable,,,,constant_tech,Year,2001,2001,2001,2001,2001,2001,2001,2001,2001,2001,2001,
CIMS.CAN.MB.Residential.Dwellings.Building Type.LowMed Density.Vintage.<1960 Bldg Code,Service,MB,Residential,<1960 Bldg Code,Reference,lifetime,,,,constant_tech,Years,90,90,90,90,90,90,90,90,90,90,90,
CIMS.CAN.MB.Residential.Dwellings.Building Type.LowMed Density.Vintage.<1960 Bldg Code,Service,MB,Residential,<1960 Bldg Code,Reference,market_share_total,,,,annual_tech,%,1,,,,,,,,,,,
CIMS.CAN.MB.Residential.Dwellings.Building Type.LowMed Density.Vintage.<1960 Bldg Code,Service,MB,Residential,<1960 Bldg Code,Reference,service_request,,,CIMS.CAN.MB.Residential.Dwellings.Building Type.LowMed Density.Vintage.<1960 Bldg Code.Heating (Cold),annual_region_tech,GJ,0.75994870810389,0.69442921433085,0.74183087305712,0.80573620617963,0.89579280952408,0.89579280952408,0.89579280952408,0.89579280952408,0.89579280952408,0.89579280952408,0.89579280952408,
CIMS.CAN.MB.Residential.Dwellings.Building Type.LowMed Density.Vintage.<1960 Bldg Code,Service,MB,Residential,<1960 Bldg Code,Retrofit Average,technology,,,,,,,,,,,,,,,,,
CIMS.CAN.MB.Residential.Dwellings.Building Type.LowMed Density.Vintage.<1960 Bldg Code,Service,MB,Residential,<1960 Bldg Code,Retrofit Average,available,,,,constant_tech,Year,1945,1945,1945,1945,1945,1945,1945,1945,1945,1945,1945,
CIMS.CAN.MB.Residential.Dwellings.Building Type.LowMed Density.Vintage.<1960 Bldg Code,Service,MB,Residential,<1960 Bldg Code,Retrofit Average,unavailable,,,,constant_tech,Year,2101,2101,2101,2101,2101,2101,2101,2101,2101,2101,2101,
CIMS.CAN.MB.Residential.Dwellings.Building Type.LowMed Density.Vintage.<1960 Bldg Code,Service,MB,Residential,<1960 Bldg Code,Retrofit Average,lifetime,,,,constant_tech,Years,90,90,90,90,90,90,90,90,90,90,90,
CIMS.CAN.MB.Residential.Dwellings.Building Type.LowMed Density.Vintage.<1960 Bldg Code,Service,MB,Residential,<1960 Bldg Code,Retrofit Average,market_share_total,,,,annual_tech,%,0,,,,,,,,,,,
CIMS.CAN.MB.Residential.Dwellings.Building Type.LowMed Density.Vintage.<1960 Bldg Code,Service,MB,Residential,<1960 Bldg Code,Retrofit Average,fcc,,,,constant_tech,$,1565,1565,1565,1565,1565,1565,1565,1565,1565,1565,1565,
CIMS.CAN.MB.Residential.Dwellings.Building Type.LowMed Density.Vintage.<1960 Bldg Code,Service,MB,Residential,<1960 Bldg Code,Retrofit Average,market_share_new_max,,,,constant_tech,%,0,0,0,0,0,0,0,0,0,0,0,
CIMS.CAN.MB.Residential.Dwellings.Building Type.LowMed Density.Vintage.<1960 Bldg Code,Service,MB,Residential,<1960 Bldg Code,Retrofit Average,service_request,,,CIMS.CAN.MB.Residential.Dwellings.Building Type.LowMed Density.Vintage.<1960 Bldg Code.Heating (Cold),annual_region_tech,GJ,0.53196409567272,0.4861004500316,0.51928161113998,0.56401534432574,0.62705496666686,0.62705496666686,0.62705496666686,0.62705496666686,0.62705496666686,0.62705496666686,0.62705496666686,
CIMS.CAN.MB.Residential.Dwellings.Building Type.LowMed Density.Vintage.<1960 Bldg Code,Service,MB,Residential,<1960 Bldg Code,Retrofit Deep,technology,,,,,,,,,,,,,,,,,
CIMS.CAN.MB.Residential.Dwellings.Building Type.LowMed Density.Vintage.<1960 Bldg Code,Service,MB,Residential,<1960 Bldg Code,Retrofit Deep,available,,,,constant_tech,Year,1945,1945,1945,1945,1945,1945,1945,1945,1945,1945,1945,
CIMS.CAN.MB.Residential.Dwellings.Building Type.LowMed Density.Vintage.<1960 Bldg Code,Service,MB,Residential,<1960 Bldg Code,Retrofit Deep,unavailable,,,,constant_tech,Year,2101,2101,2101,2101,2101,2101,2101,2101,2101,2101,2101,
CIMS.CAN.MB.Residential.Dwellings.Building Type.LowMed Density.Vintage.<1960 Bldg Code,Service,MB,Residential,<1960 Bldg Code,Retrofit Deep,lifetime,,,,constant_tech,Years,90,90,90,90,90,90,90,90,90,90,90,
CIMS.CAN.MB.Residential.Dwellings.Building Type.LowMed Density.Vintage.<1960 Bldg Code,Service,MB,Residential,<1960 Bldg Code,Retrofit Deep,market_share_total,,,,annual_tech,%,0,,,,,,,,,,,
CIMS.CAN.MB.Residential.Dwellings.Building Type.LowMed Density.Vintage.<1960 Bldg Code,Service,MB,Residential,<1960 Bldg Code,Retrofit Deep,fcc,,,,constant_tech,$,3130,3130,3130,3130,3130,3130,3130,3130,3130,3130,3130,
CIMS.CAN.MB.Residential.Dwellings.Building Type.LowMed Density.Vintage.<1960 Bldg Code,Service,MB,Residential,<1960 Bldg Code,Retrofit Deep,market_share_new_max,,,,constant_tech,%,0,0,0,0,0,0,0,0,0,0,0,
CIMS.CAN.MB.Residential.Dwellings.Building Type.LowMed Density.Vintage.<1960 Bldg Code,Service,MB,Residential,<1960 Bldg Code,Retrofit Deep,service_request,,,CIMS.CAN.MB.Residential.Dwellings.Building Type.LowMed Density.Vintage.<1960 Bldg Code.Heating (Cold),annual_region_tech,GJ,0.37997435405194,0.34721460716543,0.37091543652856,0.40286810308981,0.44789640476204,0.44789640476204,0.44789640476204,0.44789640476204,0.44789640476204,0.44789640476204,0.44789640476204,
CIMS.CAN.MB.Residential.Dwellings.Building Type.LowMed Density.Vintage.<1960 Bldg Code.Heating (Cold),Service,MB,Residential,Heating (Cold),,service_provide,,,,constant_tech,GJ of heat,,,,,,,,,,,,
CIMS.CAN.MB.Residential.Dwellings.Building Type.LowMed Density.Vintage.<1960 Bldg Code.Heating (Cold),Service,MB,Residential,Heating (Cold),,competition,Tech Compete,,,,,,,,,,,,,,,,
CIMS.CAN.MB.Residential.Dwellings.Building Type.LowMed Density.Vintage.<1960 Bldg Code.Heating (Cold),Service,MB,Residential,Heating (Cold),,discount_rate_financial,,,,constant_tech,%,0.25,0.25,0.25,0.25,0.25,0.25,0.25,0.25,0.25,0.25,0.25,
CIMS.CAN.MB.Residential.Dwellings.Building Type.LowMed Density.Vintage.<1960 Bldg Code.Heating (Cold),Service,MB,Residential,Heating (Cold),,inheritance,intercept_retirement,,,constant_tech,,TRUE,TRUE,TRUE,TRUE,TRUE,TRUE,TRUE,TRUE,TRUE,TRUE,TRUE,
CIMS.CAN.MB.Residential.Dwellings.Building Type.LowMed Density.Vintage.<1960 Bldg Code.Heating (Cold),Service,MB,Residential,Heating (Cold),,heterogeneity,,,,constant_tech,,10,10,10,10,10,10,10,10,10,10,10,
CIMS.CAN.MB.Residential.Dwellings.Building Type.LowMed Density.Vintage.<1960 Bldg Code.Heating (Cold),Service,MB,Residential,Heating (Cold),NG - Existing,technology,,,,,,,,,,,,,,,,,
CIMS.CAN.MB.Residential.Dwellings.Building Type.LowMed Density.Vintage.<1960 Bldg Code.Heating (Cold),Service,MB,Residential,Heating (Cold),NG - Existing,available,,,,constant_tech,Year,1950,1950,1950,1950,1950,1950,1950,1950,1950,1950,1950,
CIMS.CAN.MB.Residential.Dwellings.Building Type.LowMed Density.Vintage.<1960 Bldg Code.Heating (Cold),Service,MB,Residential,Heating (Cold),NG - Existing,unavailable,,,,constant_tech,Year,2001,2001,2001,2001,2001,2001,2001,2001,2001,2001,2001,
CIMS.CAN.MB.Residential.Dwellings.Building Type.LowMed Density.Vintage.<1960 Bldg Code.Heating (Cold),Service,MB,Residential,Heating (Cold),NG - Existing,lifetime,,,,constant_tech,Years,14,14,14,14,14,14,14,14,14,14,14,
CIMS.CAN.MB.Residential.Dwellings.Building Type.LowMed Density.Vintage.<1960 Bldg Code.Heating (Cold),Service,MB,Residential,Heating (Cold),NG - Existing,market_share_total,,,,annual_region_tech,%,0.29061228802367,,,,,,,,,,,
CIMS.CAN.MB.Residential.Dwellings.Building Type.LowMed Density.Vintage.<1960 Bldg Code.Heating (Cold),Service,MB,Residential,Heating (Cold),NG - Existing,output,,,,constant_tech,node unit,31.399776,31.399776,31.399776,31.399776,31.399776,31.399776,31.399776,31.399776,31.399776,31.399776,31.399776,
CIMS.CAN.MB.Residential.Dwellings.Building Type.LowMed Density.Vintage.<1960 Bldg Code.Heating (Cold),Service,MB,Residential,Heating (Cold),NG - Existing,fcc,,,,constant_tech,$,3603.875433,3603.875433,3603.875433,3603.875433,3603.875433,3603.875433,3603.875433,3603.875433,3603.875433,3603.875433,3603.875433,
CIMS.CAN.MB.Residential.Dwellings.Building Type.LowMed Density.Vintage.<1960 Bldg Code.Heating (Cold),Service,MB,Residential,Heating (Cold),NG - Existing,fom,,,,constant_tech,$,75.08073818,75.08073818,75.08073818,75.08073818,75.08073818,75.08073818,75.08073818,75.08073818,75.08073818,75.08073818,75.08073818,
CIMS.CAN.MB.Residential.Dwellings.Building Type.LowMed Density.Vintage.<1960 Bldg Code.Heating (Cold),Service,MB,Residential,Heating (Cold),NG - Existing,service_request,,,CIMS.CAN.MB.Residential.Methane Blend,annual_tech,GJ,1.6935483873,1.6935483873,1.6935483873,1.6935483873,1.6935483873,1.6935483873,1.6935483873,1.6935483873,1.6935483873,1.6935483873,1.6935483873,
CIMS.CAN.MB.Residential.Dwellings.Building Type.LowMed Density.Vintage.<1960 Bldg Code.Heating (Cold),Service,MB,Residential,Heating (Cold),NG - Standard Efficiency,technology,,,,,,,,,,,,,,,,,
CIMS.CAN.MB.Residential.Dwellings.Building Type.LowMed Density.Vintage.<1960 Bldg Code.Heating (Cold),Service,MB,Residential,Heating (Cold),NG - Standard Efficiency,available,,,,constant_tech,Year,1990,1990,1990,1990,1990,1990,1990,1990,1990,1990,1990,
CIMS.CAN.MB.Residential.Dwellings.Building Type.LowMed Density.Vintage.<1960 Bldg Code.Heating (Cold),Service,MB,Residential,Heating (Cold),NG - Standard Efficiency,unavailable,,,,constant_tech,Year,2101,2101,2101,2101,2101,2101,2101,2101,2101,2101,2101,
CIMS.CAN.MB.Residential.Dwellings.Building Type.LowMed Density.Vintage.<1960 Bldg Code.Heating (Cold),Service,MB,Residential,Heating (Cold),NG - Standard Efficiency,lifetime,,,,constant_tech,Years,19,19,19,19,19,19,19,19,19,19,19,
CIMS.CAN.MB.Residential.Dwellings.Building Type.LowMed Density.Vintage.<1960 Bldg Code.Heating (Cold),Service,MB,Residential,Heating (Cold),NG - Standard Efficiency,market_share_total,,,,annual_region_tech,%,0.16484700136768,,,,,,,,,,,
CIMS.CAN.MB.Residential.Dwellings.Building Type.LowMed Density.Vintage.<1960 Bldg Code.Heating (Cold),Service,MB,Residential,Heating (Cold),NG - Standard Efficiency,output,,,,constant_tech,node unit,31.399776,31.399776,31.399776,31.399776,31.399776,31.399776,31.399776,31.399776,31.399776,31.399776,31.399776,
CIMS.CAN.MB.Residential.Dwellings.Building Type.LowMed Density.Vintage.<1960 Bldg Code.Heating (Cold),Service,MB,Residential,Heating (Cold),NG - Standard Efficiency,fcc,,,,constant_tech,$,5005.382545,5005.382545,5005.382545,5005.382545,5005.382545,5005.382545,5005.382545,5005.382545,5005.382545,5005.382545,5005.382545,
CIMS.CAN.MB.Residential.Dwellings.Building Type.LowMed Density.Vintage.<1960 Bldg Code.Heating (Cold),Service,MB,Residential,Heating (Cold),NG - Standard Efficiency,fom,,,,constant_tech,$,162.6749327,162.6749327,162.6749327,162.6749327,162.6749327,162.6749327,162.6749327,162.6749327,162.6749327,162.6749327,162.6749327,
CIMS.CAN.MB.Residential.Dwellings.Building Type.LowMed Density.Vintage.<1960 Bldg Code.Heating (Cold),Service,MB,Residential,Heating (Cold),NG - Standard Efficiency,service_request,,,CIMS.CAN.MB.Residential.Methane Blend,annual_tech,GJ,1.32911392425,1.32911392425,1.32911392425,1.32911392425,1.32911392425,1.32911392425,1.32911392425,1.32911392425,1.32911392425,1.32911392425,1.32911392425,
CIMS.CAN.MB.Residential.Dwellings.Building Type.LowMed Density.Vintage.<1960 Bldg Code.Heating (Cold),Service,MB,Residential,Heating (Cold),NG - High Efficiency,technology,,,,,,,,,,,,,,,,,
CIMS.CAN.MB.Residential.Dwellings.Building Type.LowMed Density.Vintage.<1960 Bldg Code.Heating (Cold),Service,MB,Residential,Heating (Cold),NG - High Efficiency,available,,,,constant_tech,Year,2000,2000,2000,2000,2000,2000,2000,2000,2000,2000,2000,
CIMS.CAN.MB.Residential.Dwellings.Building Type.LowMed Density.Vintage.<1960 Bldg Code.Heating (Cold),Service,MB,Residential,Heating (Cold),NG - High Efficiency,unavailable,,,,constant_tech,Year,2101,2101,2101,2101,2101,2101,2101,2101,2101,2101,2101,
CIMS.CAN.MB.Residential.Dwellings.Building Type.LowMed Density.Vintage.<1960 Bldg Code.Heating (Cold),Service,MB,Residential,Heating (Cold),NG - High Efficiency,lifetime,,,,constant_tech,Years,19,19,19,19,19,19,19,19,19,19,19,
CIMS.CAN.MB.Residential.Dwellings.Building Type.LowMed Density.Vintage.<1960 Bldg Code.Heating (Cold),Service,MB,Residential,Heating (Cold),NG - High Efficiency,market_share_total,,,,annual_region_tech,%,0.12998280122798,,,,,,,,,,,
CIMS.CAN.MB.Residential.Dwellings.Building Type.LowMed Density.Vintage.<1960 Bldg Code.Heating (Cold),Service,MB,Residential,Heating (Cold),NG - High Efficiency,output,,,,constant_tech,node unit,31.399776,31.399776,31.399776,31.399776,31.399776,31.399776,31.399776,31.399776,31.399776,31.399776,31.399776,
CIMS.CAN.MB.Residential.Dwellings.Building Type.LowMed Density.Vintage.<1960 Bldg Code.Heating (Cold),Service,MB,Residential,Heating (Cold),NG - High Efficiency,fcc,,,,constant_tech,$,6231.7012692,6231.7012692,6231.7012692,6231.7012692,6231.7012692,6231.7012692,6231.7012692,6231.7012692,6231.7012692,6231.7012692,6231.7012692,
CIMS.CAN.MB.Residential.Dwellings.Building Type.LowMed Density.Vintage.<1960 Bldg Code.Heating (Cold),Service,MB,Residential,Heating (Cold),NG - High Efficiency,fom,,,,constant_tech,$,162.6749327,162.6749327,162.6749327,162.6749327,162.6749327,162.6749327,162.6749327,162.6749327,162.6749327,162.6749327,162.6749327,
CIMS.CAN.MB.Residential.Dwellings.Building Type.LowMed Density.Vintage.<1960 Bldg Code.Heating (Cold),Service,MB,Residential,Heating (Cold),NG - High Efficiency,service_request,,,CIMS.CAN.MB.Residential.Methane Blend,annual_tech,GJ,1.16666666655,1.16666666655,1.16666666655,1.16666666655,1.16666666655,1.16666666655,1.16666666655,1.16666666655,1.16666666655,1.16666666655,1.16666666655,
CIMS.CAN.MB.Residential.Dwellings.Building Type.LowMed Density.Vintage.<1960 Bldg Code.Heating (Cold),Service,MB,Residential,Heating (Cold),NG - ASHP / NG - backup,technology,,,,,,,,,,,,,,,,,
CIMS.CAN.MB.Residential.Dwellings.Building Type.LowMed Density.Vintage.<1960 Bldg Code.Heating (Cold),Service,MB,Residential,Heating (Cold),NG - ASHP / NG - backup,available,,,,constant_tech,Year,2000,2000,2000,2000,2000,2000,2000,2000,2000,2000,2000,
CIMS.CAN.MB.Residential.Dwellings.Building Type.LowMed Density.Vintage.<1960 Bldg Code.Heating (Cold),Service,MB,Residential,Heating (Cold),NG - ASHP / NG - backup,unavailable,,,,constant_tech,Year,2101,2101,2101,2101,2101,2101,2101,2101,2101,2101,2101,
CIMS.CAN.MB.Residential.Dwellings.Building Type.LowMed Density.Vintage.<1960 Bldg Code.Heating (Cold),Service,MB,Residential,Heating (Cold),NG - ASHP / NG - backup,lifetime,,,,constant_tech,Years,15,15,15,15,15,15,15,15,15,15,15,
CIMS.CAN.MB.Residential.Dwellings.Building Type.LowMed Density.Vintage.<1960 Bldg Code.Heating (Cold),Service,MB,Residential,Heating (Cold),NG - ASHP / NG - backup,market_share_total,,,,annual_region_tech,%,0,,,,,,,,,,,
CIMS.CAN.MB.Residential.Dwellings.Building Type.LowMed Density.Vintage.<1960 Bldg Code.Heating (Cold),Service,MB,Residential,Heating (Cold),NG - ASHP / NG - backup,output,,,,constant_tech,node unit,31.399776,31.399776,31.399776,31.399776,31.399776,31.399776,31.399776,31.399776,31.399776,31.399776,31.399776,
CIMS.CAN.MB.Residential.Dwellings.Building Type.LowMed Density.Vintage.<1960 Bldg Code.Heating (Cold),Service,MB,Residential,Heating (Cold),NG - ASHP / NG - backup,fcc,,,,constant_tech,$,20015.27345,20015.27345,20015.27345,20015.27345,20015.27345,20015.27345,20015.27345,20015.27345,20015.27345,20015.27345,20015.27345,
CIMS.CAN.MB.Residential.Dwellings.Building Type.LowMed Density.Vintage.<1960 Bldg Code.Heating (Cold),Service,MB,Residential,Heating (Cold),NG - ASHP / NG - backup,fom,,,,constant_tech,$,250.2691273,250.2691273,250.2691273,250.2691273,250.2691273,250.2691273,250.2691273,250.2691273,250.2691273,250.2691273,250.2691273,
CIMS.CAN.MB.Residential.Dwellings.Building Type.LowMed Density.Vintage.<1960 Bldg Code.Heating (Cold),Service,MB,Residential,Heating (Cold),NG - ASHP / NG - backup,service_request,,,CIMS.CAN.MB.Residential.Methane Blend,annual_tech,GJ,2.1593627892625,2.1593627892625,2.1593627892625,2.1593627892625,2.1593627892625,2.1593627892625,2.1593627892625,2.1593627892625,2.1593627892625,2.1593627892625,2.1593627892625,
CIMS.CAN.MB.Residential.Dwellings.Building Type.LowMed Density.Vintage.<1960 Bldg Code.Heating (Cold),Service,MB,Residential,Heating (Cold),NG - ASHP / NG - backup,service_request,,,CIMS.CAN.MB.Residential.Dwellings.Building Type.LowMed Density.Cooling,annual_tech,GJ of cooling,-0.004568364,-0.004568364,-0.004568364,-0.004568364,-0.004568364,-0.004568364,-0.004568364,-0.004568364,-0.004568364,-0.004568364,-0.004568364,
CIMS.CAN.MB.Residential.Dwellings.Building Type.LowMed Density.Vintage.<1960 Bldg Code.Heating (Cold),Service,MB,Residential,Heating (Cold),Electric - Standard Efficiency,technology,,,,,,,,,,,,,,,,,
CIMS.CAN.MB.Residential.Dwellings.Building Type.LowMed Density.Vintage.<1960 Bldg Code.Heating (Cold),Service,MB,Residential,Heating (Cold),Electric - Standard Efficiency,available,,,,constant_tech,Year,1950,1950,1950,1950,1950,1950,1950,1950,1950,1950,1950,
CIMS.CAN.MB.Residential.Dwellings.Building Type.LowMed Density.Vintage.<1960 Bldg Code.Heating (Cold),Service,MB,Residential,Heating (Cold),Electric - Standard Efficiency,unavailable,,,,constant_tech,Year,2101,2101,2101,2101,2101,2101,2101,2101,2101,2101,2101,
CIMS.CAN.MB.Residential.Dwellings.Building Type.LowMed Density.Vintage.<1960 Bldg Code.Heating (Cold),Service,MB,Residential,Heating (Cold),Electric - Standard Efficiency,lifetime,,,,constant_tech,Years,22.5,22.5,22.5,22.5,22.5,22.5,22.5,22.5,22.5,22.5,22.5,
CIMS.CAN.MB.Residential.Dwellings.Building Type.LowMed Density.Vintage.<1960 Bldg Code.Heating (Cold),Service,MB,Residential,Heating (Cold),Electric - Standard Efficiency,market_share_total,,,,annual_region_tech,%,0.2991471052647,,,,,,,,,,,
CIMS.CAN.MB.Residential.Dwellings.Building Type.LowMed Density.Vintage.<1960 Bldg Code.Heating (Cold),Service,MB,Residential,Heating (Cold),Electric - Standard Efficiency,output,,,,constant_tech,node unit,31.399776,31.399776,31.399776,31.399776,31.399776,31.399776,31.399776,31.399776,31.399776,31.399776,31.399776,
CIMS.CAN.MB.Residential.Dwellings.Building Type.LowMed Density.Vintage.<1960 Bldg Code.Heating (Cold),Service,MB,Residential,Heating (Cold),Electric - Standard Efficiency,fcc,,,,constant_tech,$,3822.860919,3822.860919,3822.860919,3822.860919,3822.860919,3822.860919,3822.860919,3822.860919,3822.860919,3822.860919,3822.860919,
CIMS.CAN.MB.Residential.Dwellings.Building Type.LowMed Density.Vintage.<1960 Bldg Code.Heating (Cold),Service,MB,Residential,Heating (Cold),Electric - Standard Efficiency,service_request,,,CIMS.CAN.MB.Electricity,annual_tech,GJ,1,1,1,1,1,1,1,1,1,1,1,
CIMS.CAN.MB.Residential.Dwellings.Building Type.LowMed Density.Vintage.<1960 Bldg Code.Heating (Cold),Service,MB,Residential,Heating (Cold),Electric - ASHP / NG - backup,technology,,,,,,,,,,,,,,,,,
CIMS.CAN.MB.Residential.Dwellings.Building Type.LowMed Density.Vintage.<1960 Bldg Code.Heating (Cold),Service,MB,Residential,Heating (Cold),Electric - ASHP / NG - backup,available,,,,constant_tech,Year,2000,2000,2000,2000,2000,2000,2000,2000,2000,2000,2000,
CIMS.CAN.MB.Residential.Dwellings.Building Type.LowMed Density.Vintage.<1960 Bldg Code.Heating (Cold),Service,MB,Residential,Heating (Cold),Electric - ASHP / NG - backup,unavailable,,,,constant_tech,Year,2101,2101,2101,2101,2101,2101,2101,2101,2101,2101,2101,
CIMS.CAN.MB.Residential.Dwellings.Building Type.LowMed Density.Vintage.<1960 Bldg Code.Heating (Cold),Service,MB,Residential,Heating (Cold),Electric - ASHP / NG - backup,lifetime,,,,constant_tech,Years,15.5,15.5,15.5,15.5,15.5,15.5,15.5,15.5,15.5,15.5,15.5,
CIMS.CAN.MB.Residential.Dwellings.Building Type.LowMed Density.Vintage.<1960 Bldg Code.Heating (Cold),Service,MB,Residential,Heating (Cold),Electric - ASHP / NG - backup,market_share_total,,,,annual_region_tech,%,0.02231144452075,,,,,,,,,,,
CIMS.CAN.MB.Residential.Dwellings.Building Type.LowMed Density.Vintage.<1960 Bldg Code.Heating (Cold),Service,MB,Residential,Heating (Cold),Electric - ASHP / NG - backup,output,,,,constant_tech,node unit,31.399776,31.399776,31.399776,31.399776,31.399776,31.399776,31.399776,31.399776,31.399776,31.399776,31.399776,
CIMS.CAN.MB.Residential.Dwellings.Building Type.LowMed Density.Vintage.<1960 Bldg Code.Heating (Cold),Service,MB,Residential,Heating (Cold),Electric - ASHP / NG - backup,fcc,,,,constant_tech,$,9647.874856,9647.874856,9647.874856,9647.874856,9647.874856,9647.874856,9647.874856,9647.874856,9647.874856,9647.874856,9647.874856,
CIMS.CAN.MB.Residential.Dwellings.Building Type.LowMed Density.Vintage.<1960 Bldg Code.Heating (Cold),Service,MB,Residential,Heating (Cold),Electric - ASHP / NG - backup,fom,,,,constant_tech,$,269.0393118,269.0393118,269.0393118,269.0393118,269.0393118,269.0393118,269.0393118,269.0393118,269.0393118,269.0393118,269.0393118,
CIMS.CAN.MB.Residential.Dwellings.Building Type.LowMed Density.Vintage.<1960 Bldg Code.Heating (Cold),Service,MB,Residential,Heating (Cold),Electric - ASHP / NG - backup,service_request,,,CIMS.CAN.MB.Electricity,annual_tech,GJ,0.72747607755,0.72747607755,0.72747607755,0.72747607755,0.72747607755,0.72747607755,0.72747607755,0.72747607755,0.72747607755,0.72747607755,0.72747607755,
CIMS.CAN.MB.Residential.Dwellings.Building Type.LowMed Density.Vintage.<1960 Bldg Code.Heating (Cold),Service,MB,Residential,Heating (Cold),Electric - ASHP / NG - backup,service_request,,,CIMS.CAN.MB.Residential.Methane Blend,annual_tech,GJ,0.0583333333275,0.0583333333275,0.0583333333275,0.0583333333275,0.0583333333275,0.0583333333275,0.0583333333275,0.0583333333275,0.0583333333275,0.0583333333275,0.0583333333275,
CIMS.CAN.MB.Residential.Dwellings.Building Type.LowMed Density.Vintage.<1960 Bldg Code.Heating (Cold),Service,MB,Residential,Heating (Cold),Electric - ASHP / NG - backup,service_request,,,CIMS.CAN.MB.Residential.Dwellings.Building Type.LowMed Density.Cooling,annual_tech,GJ of cooling,-0.004568364,-0.004568364,-0.004568364,-0.004568364,-0.004568364,-0.004568364,-0.004568364,-0.004568364,-0.004568364,-0.004568364,-0.004568364,
CIMS.CAN.MB.Residential.Dwellings.Building Type.LowMed Density.Vintage.<1960 Bldg Code.Heating (Cold),Service,MB,Residential,Heating (Cold),Electric - ASHP / Electric - backup,technology,,,,,,,,,,,,,,,,,
CIMS.CAN.MB.Residential.Dwellings.Building Type.LowMed Density.Vintage.<1960 Bldg Code.Heating (Cold),Service,MB,Residential,Heating (Cold),Electric - ASHP / Electric - backup,available,,,,constant_tech,Year,2000,2000,2000,2000,2000,2000,2000,2000,2000,2000,2000,
CIMS.CAN.MB.Residential.Dwellings.Building Type.LowMed Density.Vintage.<1960 Bldg Code.Heating (Cold),Service,MB,Residential,Heating (Cold),Electric - ASHP / Electric - backup,unavailable,,,,constant_tech,Year,2101,2101,2101,2101,2101,2101,2101,2101,2101,2101,2101,
CIMS.CAN.MB.Residential.Dwellings.Building Type.LowMed Density.Vintage.<1960 Bldg Code.Heating (Cold),Service,MB,Residential,Heating (Cold),Electric - ASHP / Electric - backup,lifetime,,,,constant_tech,Years,15.5,15.5,15.5,15.5,15.5,15.5,15.5,15.5,15.5,15.5,15.5,
CIMS.CAN.MB.Residential.Dwellings.Building Type.LowMed Density.Vintage.<1960 Bldg Code.Heating (Cold),Service,MB,Residential,Heating (Cold),Electric - ASHP / Electric - backup,market_share_total,,,,annual_region_tech,%,0,,,,,,,,,,,
CIMS.CAN.MB.Residential.Dwellings.Building Type.LowMed Density.Vintage.<1960 Bldg Code.Heating (Cold),Service,MB,Residential,Heating (Cold),Electric - ASHP / Electric - backup,output,,,,constant_tech,node unit,31.399776,31.399776,31.399776,31.399776,31.399776,31.399776,31.399776,31.399776,31.399776,31.399776,31.399776,
CIMS.CAN.MB.Residential.Dwellings.Building Type.LowMed Density.Vintage.<1960 Bldg Code.Heating (Cold),Service,MB,Residential,Heating (Cold),Electric - ASHP / Electric - backup,fcc,,,,constant_tech,$,9373.830161,9373.830161,9373.830161,9373.830161,9373.830161,9373.830161,9373.830161,9373.830161,9373.830161,9373.830161,9373.830161,
CIMS.CAN.MB.Residential.Dwellings.Building Type.LowMed Density.Vintage.<1960 Bldg Code.Heating (Cold),Service,MB,Residential,Heating (Cold),Electric - ASHP / Electric - backup,fom,,,,constant_tech,$,106.3643791,106.3643791,106.3643791,106.3643791,106.3643791,106.3643791,106.3643791,106.3643791,106.3643791,106.3643791,106.3643791,
CIMS.CAN.MB.Residential.Dwellings.Building Type.LowMed Density.Vintage.<1960 Bldg Code.Heating (Cold),Service,MB,Residential,Heating (Cold),Electric - ASHP / Electric - backup,service_request,,,CIMS.CAN.MB.Electricity,annual_tech,GJ,0.77747607755,0.77747607755,0.77747607755,0.77747607755,0.77747607755,0.77747607755,0.77747607755,0.77747607755,0.77747607755,0.77747607755,0.77747607755,
CIMS.CAN.MB.Residential.Dwellings.Building Type.LowMed Density.Vintage.<1960 Bldg Code.Heating (Cold),Service,MB,Residential,Heating (Cold),Electric - ASHP / Electric - backup,service_request,,,CIMS.CAN.MB.Residential.Dwellings.Building Type.LowMed Density.Cooling,annual_tech,GJ of cooling,-0.004568364,-0.004568364,-0.004568364,-0.004568364,-0.004568364,-0.004568364,-0.004568364,-0.004568364,-0.004568364,-0.004568364,-0.004568364,
CIMS.CAN.MB.Residential.Dwellings.Building Type.LowMed Density.Vintage.<1960 Bldg Code.Heating (Cold),Service,MB,Residential,Heating (Cold),Heating Oil - Existing,technology,,,,,,,,,,,,,,,,,
CIMS.CAN.MB.Residential.Dwellings.Building Type.LowMed Density.Vintage.<1960 Bldg Code.Heating (Cold),Service,MB,Residential,Heating (Cold),Heating Oil - Existing,available,,,,constant_tech,Year,1950,1950,1950,1950,1950,1950,1950,1950,1950,1950,1950,
CIMS.CAN.MB.Residential.Dwellings.Building Type.LowMed Density.Vintage.<1960 Bldg Code.Heating (Cold),Service,MB,Residential,Heating (Cold),Heating Oil - Existing,unavailable,,,,constant_tech,Year,2001,2001,2001,2001,2001,2001,2001,2001,2001,2001,2001,
CIMS.CAN.MB.Residential.Dwellings.Building Type.LowMed Density.Vintage.<1960 Bldg Code.Heating (Cold),Service,MB,Residential,Heating (Cold),Heating Oil - Existing,lifetime,,,,constant_tech,Years,23,23,23,23,23,23,23,23,23,23,23,
CIMS.CAN.MB.Residential.Dwellings.Building Type.LowMed Density.Vintage.<1960 Bldg Code.Heating (Cold),Service,MB,Residential,Heating (Cold),Heating Oil - Existing,market_share_total,,,,annual_region_tech,%,0.00809164069241,,,,,,,,,,,
CIMS.CAN.MB.Residential.Dwellings.Building Type.LowMed Density.Vintage.<1960 Bldg Code.Heating (Cold),Service,MB,Residential,Heating (Cold),Heating Oil - Existing,output,,,,constant_tech,node unit,31.399776,31.399776,31.399776,31.399776,31.399776,31.399776,31.399776,31.399776,31.399776,31.399776,31.399776,
CIMS.CAN.MB.Residential.Dwellings.Building Type.LowMed Density.Vintage.<1960 Bldg Code.Heating (Cold),Service,MB,Residential,Heating (Cold),Heating Oil - Existing,fcc,,,,constant_tech,$,5943.891772,5943.891772,5943.891772,5943.891772,5943.891772,5943.891772,5943.891772,5943.891772,5943.891772,5943.891772,5943.891772,
CIMS.CAN.MB.Residential.Dwellings.Building Type.LowMed Density.Vintage.<1960 Bldg Code.Heating (Cold),Service,MB,Residential,Heating (Cold),Heating Oil - Existing,fom,,,,constant_tech,$,100.1076509,100.1076509,100.1076509,100.1076509,100.1076509,100.1076509,100.1076509,100.1076509,100.1076509,100.1076509,100.1076509,
CIMS.CAN.MB.Residential.Dwellings.Building Type.LowMed Density.Vintage.<1960 Bldg Code.Heating (Cold),Service,MB,Residential,Heating (Cold),Heating Oil - Existing,service_request,,,CIMS.Generic Fuels.Fuel Oil,annual_tech,GJ,1.666666667,1.666666667,1.666666667,1.666666667,1.666666667,1.666666667,1.666666667,1.666666667,1.666666667,1.666666667,1.666666667,
CIMS.CAN.MB.Residential.Dwellings.Building Type.LowMed Density.Vintage.<1960 Bldg Code.Heating (Cold),Service,MB,Residential,Heating (Cold),Heating Oil - High Efficiency,technology,,,,,,,,,,,,,,,,,
CIMS.CAN.MB.Residential.Dwellings.Building Type.LowMed Density.Vintage.<1960 Bldg Code.Heating (Cold),Service,MB,Residential,Heating (Cold),Heating Oil - High Efficiency,available,,,,constant_tech,Year,2000,2000,2000,2000,2000,2000,2000,2000,2000,2000,2000,
CIMS.CAN.MB.Residential.Dwellings.Building Type.LowMed Density.Vintage.<1960 Bldg Code.Heating (Cold),Service,MB,Residential,Heating (Cold),Heating Oil - High Efficiency,unavailable,,,,constant_tech,Year,2101,2101,2101,2101,2101,2101,2101,2101,2101,2101,2101,
CIMS.CAN.MB.Residential.Dwellings.Building Type.LowMed Density.Vintage.<1960 Bldg Code.Heating (Cold),Service,MB,Residential,Heating (Cold),Heating Oil - High Efficiency,lifetime,,,,constant_tech,Years,23,23,23,23,23,23,23,23,23,23,23,
CIMS.CAN.MB.Residential.Dwellings.Building Type.LowMed Density.Vintage.<1960 Bldg Code.Heating (Cold),Service,MB,Residential,Heating (Cold),Heating Oil - High Efficiency,market_share_total,,,,annual_region_tech,%,0.01424915326865,,,,,,,,,,,
CIMS.CAN.MB.Residential.Dwellings.Building Type.LowMed Density.Vintage.<1960 Bldg Code.Heating (Cold),Service,MB,Residential,Heating (Cold),Heating Oil - High Efficiency,output,,,,constant_tech,node unit,31.399776,31.399776,31.399776,31.399776,31.399776,31.399776,31.399776,31.399776,31.399776,31.399776,31.399776,
CIMS.CAN.MB.Residential.Dwellings.Building Type.LowMed Density.Vintage.<1960 Bldg Code.Heating (Cold),Service,MB,Residential,Heating (Cold),Heating Oil - High Efficiency,fcc,,,,constant_tech,$,9541.510477,9541.510477,9541.510477,9541.510477,9541.510477,9541.510477,9541.510477,9541.510477,9541.510477,9541.510477,9541.510477,
CIMS.CAN.MB.Residential.Dwellings.Building Type.LowMed Density.Vintage.<1960 Bldg Code.Heating (Cold),Service,MB,Residential,Heating (Cold),Heating Oil - High Efficiency,fom,,,,constant_tech,$,100.1076509,100.1076509,100.1076509,100.1076509,100.1076509,100.1076509,100.1076509,100.1076509,100.1076509,100.1076509,100.1076509,
CIMS.CAN.MB.Residential.Dwellings.Building Type.LowMed Density.Vintage.<1960 Bldg Code.Heating (Cold),Service,MB,Residential,Heating (Cold),Heating Oil - High Efficiency,service_request,,,CIMS.Generic Fuels.Fuel Oil,annual_tech,GJ,1.162790698,1.162790698,1.162790698,1.162790698,1.162790698,1.162790698,1.162790698,1.162790698,1.162790698,1.162790698,1.162790698,
CIMS.CAN.MB.Residential.Dwellings.Building Type.LowMed Density.Vintage.<1960 Bldg Code.Heating (Cold),Service,MB,Residential,Heating (Cold),Wood,technology,,,,,,,,,,,,,,,,,
CIMS.CAN.MB.Residential.Dwellings.Building Type.LowMed Density.Vintage.<1960 Bldg Code.Heating (Cold),Service,MB,Residential,Heating (Cold),Wood,available,,,,constant_tech,Year,1950,1950,1950,1950,1950,1950,1950,1950,1950,1950,1950,
CIMS.CAN.MB.Residential.Dwellings.Building Type.LowMed Density.Vintage.<1960 Bldg Code.Heating (Cold),Service,MB,Residential,Heating (Cold),Wood,unavailable,,,,constant_tech,Year,2101,2101,2101,2101,2101,2101,2101,2101,2101,2101,2101,
CIMS.CAN.MB.Residential.Dwellings.Building Type.LowMed Density.Vintage.<1960 Bldg Code.Heating (Cold),Service,MB,Residential,Heating (Cold),Wood,lifetime,,,,constant_tech,Years,18.5,18.5,18.5,18.5,18.5,18.5,18.5,18.5,18.5,18.5,18.5,
CIMS.CAN.MB.Residential.Dwellings.Building Type.LowMed Density.Vintage.<1960 Bldg Code.Heating (Cold),Service,MB,Residential,Heating (Cold),Wood,market_share_total,,,,annual_region_tech,%,0.07075856563415,,,,,,,,,,,
CIMS.CAN.MB.Residential.Dwellings.Building Type.LowMed Density.Vintage.<1960 Bldg Code.Heating (Cold),Service,MB,Residential,Heating (Cold),Wood,output,,,,constant_tech,node unit,31.399776,31.399776,31.399776,31.399776,31.399776,31.399776,31.399776,31.399776,31.399776,31.399776,31.399776,
CIMS.CAN.MB.Residential.Dwellings.Building Type.LowMed Density.Vintage.<1960 Bldg Code.Heating (Cold),Service,MB,Residential,Heating (Cold),Wood,fcc,,,,constant_tech,$,8000.269768,8000.269768,8000.269768,8000.269768,8000.269768,8000.269768,8000.269768,8000.269768,8000.269768,8000.269768,8000.269768,
CIMS.CAN.MB.Residential.Dwellings.Building Type.LowMed Density.Vintage.<1960 Bldg Code.Heating (Cold),Service,MB,Residential,Heating (Cold),Wood,fom,,,,constant_tech,$,250.2691273,250.2691273,250.2691273,250.2691273,250.2691273,250.2691273,250.2691273,250.2691273,250.2691273,250.2691273,250.2691273,
CIMS.CAN.MB.Residential.Dwellings.Building Type.LowMed Density.Vintage.<1960 Bldg Code.Heating (Cold),Service,MB,Residential,Heating (Cold),Wood,service_request,,,CIMS.Generic Fuels.Solid Biomass,annual_tech,GJ,2,2,2,2,2,2,2,2,2,2,2,
CIMS.CAN.MB.Residential.Dwellings.Building Type.LowMed Density.Vintage.1961-1980 Bldg Code,Service,MB,Residential,1961-1980 Bldg Code,,service_provide,,,,constant_tech,m2,,,,,,,,,,,,
CIMS.CAN.MB.Residential.Dwellings.Building Type.LowMed Density.Vintage.1961-1980 Bldg Code,Service,MB,Residential,1961-1980 Bldg Code,,competition,Tech Compete,,,,,,,,,,,,,,,,
CIMS.CAN.MB.Residential.Dwellings.Building Type.LowMed Density.Vintage.1961-1980 Bldg Code,Service,MB,Residential,1961-1980 Bldg Code,,discount_rate_financial,,,,constant_tech,%,0.25,0.25,0.25,0.25,0.25,0.25,0.25,0.25,0.25,0.25,0.25,
CIMS.CAN.MB.Residential.Dwellings.Building Type.LowMed Density.Vintage.1961-1980 Bldg Code,Service,MB,Residential,1961-1980 Bldg Code,,heterogeneity,,,,constant_tech,,10,10,10,10,10,10,10,10,10,10,10,
CIMS.CAN.MB.Residential.Dwellings.Building Type.LowMed Density.Vintage.1961-1980 Bldg Code,Service,MB,Residential,1961-1980 Bldg Code,Reference,technology,,,,,,,,,,,,,,,,,
CIMS.CAN.MB.Residential.Dwellings.Building Type.LowMed Density.Vintage.1961-1980 Bldg Code,Service,MB,Residential,1961-1980 Bldg Code,Reference,available,,,,constant_tech,Year,1961,1961,1961,1961,1961,1961,1961,1961,1961,1961,1961,
CIMS.CAN.MB.Residential.Dwellings.Building Type.LowMed Density.Vintage.1961-1980 Bldg Code,Service,MB,Residential,1961-1980 Bldg Code,Reference,unavailable,,,,constant_tech,Year,2001,2001,2001,2001,2001,2001,2001,2001,2001,2001,2001,
CIMS.CAN.MB.Residential.Dwellings.Building Type.LowMed Density.Vintage.1961-1980 Bldg Code,Service,MB,Residential,1961-1980 Bldg Code,Reference,lifetime,,,,constant_tech,Years,180,180,180,180,180,180,180,180,180,180,180,
CIMS.CAN.MB.Residential.Dwellings.Building Type.LowMed Density.Vintage.1961-1980 Bldg Code,Service,MB,Residential,1961-1980 Bldg Code,Reference,market_share_total,,,,annual_tech,%,1,,,,,,,,,,,
CIMS.CAN.MB.Residential.Dwellings.Building Type.LowMed Density.Vintage.1961-1980 Bldg Code,Service,MB,Residential,1961-1980 Bldg Code,Reference,service_request,,,CIMS.CAN.MB.Residential.Dwellings.Building Type.LowMed Density.Vintage.1961-1980 Bldg Code.Heating (Cold),annual_region_tech,GJ,0.46974381649118,0.43241134218636,0.46427560021445,0.50717980988297,0.56774941957815,0.56774941957815,0.56774941957815,0.56774941957815,0.56774941957815,0.56774941957815,0.56774941957815,
CIMS.CAN.MB.Residential.Dwellings.Building Type.LowMed Density.Vintage.1961-1980 Bldg Code,Service,MB,Residential,1961-1980 Bldg Code,Retrofit Average,technology,,,,,,,,,,,,,,,,,
CIMS.CAN.MB.Residential.Dwellings.Building Type.LowMed Density.Vintage.1961-1980 Bldg Code,Service,MB,Residential,1961-1980 Bldg Code,Retrofit Average,available,,,,constant_tech,Year,1961,1961,1961,1961,1961,1961,1961,1961,1961,1961,1961,
CIMS.CAN.MB.Residential.Dwellings.Building Type.LowMed Density.Vintage.1961-1980 Bldg Code,Service,MB,Residential,1961-1980 Bldg Code,Retrofit Average,unavailable,,,,constant_tech,Year,2101,2101,2101,2101,2101,2101,2101,2101,2101,2101,2101,
CIMS.CAN.MB.Residential.Dwellings.Building Type.LowMed Density.Vintage.1961-1980 Bldg Code,Service,MB,Residential,1961-1980 Bldg Code,Retrofit Average,lifetime,,,,constant_tech,Years,180,180,180,180,180,180,180,180,180,180,180,
CIMS.CAN.MB.Residential.Dwellings.Building Type.LowMed Density.Vintage.1961-1980 Bldg Code,Service,MB,Residential,1961-1980 Bldg Code,Retrofit Average,market_share_total,,,,annual_tech,%,0,,,,,,,,,,,
CIMS.CAN.MB.Residential.Dwellings.Building Type.LowMed Density.Vintage.1961-1980 Bldg Code,Service,MB,Residential,1961-1980 Bldg Code,Retrofit Average,fcc,,,,constant_tech,$,1565,1565,1565,1565,1565,1565,1565,1565,1565,1565,1565,
CIMS.CAN.MB.Residential.Dwellings.Building Type.LowMed Density.Vintage.1961-1980 Bldg Code,Service,MB,Residential,1961-1980 Bldg Code,Retrofit Average,market_share_new_max,,,,constant_tech,%,0,0,0,0,0,0,0,0,0,0,0,
CIMS.CAN.MB.Residential.Dwellings.Building Type.LowMed Density.Vintage.1961-1980 Bldg Code,Service,MB,Residential,1961-1980 Bldg Code,Retrofit Average,service_request,,,CIMS.CAN.MB.Residential.Dwellings.Building Type.LowMed Density.Vintage.1961-1980 Bldg Code.Heating (Cold),annual_region_tech,GJ,0.32882067154383,0.30268793953045,0.32499292015011,0.35502586691808,0.39742459370471,0.39742459370471,0.39742459370471,0.39742459370471,0.39742459370471,0.39742459370471,0.39742459370471,
CIMS.CAN.MB.Residential.Dwellings.Building Type.LowMed Density.Vintage.1961-1980 Bldg Code,Service,MB,Residential,1961-1980 Bldg Code,Retrofit Deep,technology,,,,,,,,,,,,,,,,,
CIMS.CAN.MB.Residential.Dwellings.Building Type.LowMed Density.Vintage.1961-1980 Bldg Code,Service,MB,Residential,1961-1980 Bldg Code,Retrofit Deep,available,,,,constant_tech,Year,1961,1961,1961,1961,1961,1961,1961,1961,1961,1961,1961,
CIMS.CAN.MB.Residential.Dwellings.Building Type.LowMed Density.Vintage.1961-1980 Bldg Code,Service,MB,Residential,1961-1980 Bldg Code,Retrofit Deep,unavailable,,,,constant_tech,Year,2101,2101,2101,2101,2101,2101,2101,2101,2101,2101,2101,
CIMS.CAN.MB.Residential.Dwellings.Building Type.LowMed Density.Vintage.1961-1980 Bldg Code,Service,MB,Residential,1961-1980 Bldg Code,Retrofit Deep,lifetime,,,,constant_tech,Years,180,180,180,180,180,180,180,180,180,180,180,
CIMS.CAN.MB.Residential.Dwellings.Building Type.LowMed Density.Vintage.1961-1980 Bldg Code,Service,MB,Residential,1961-1980 Bldg Code,Retrofit Deep,market_share_total,,,,annual_tech,%,0,,,,,,,,,,,
CIMS.CAN.MB.Residential.Dwellings.Building Type.LowMed Density.Vintage.1961-1980 Bldg Code,Service,MB,Residential,1961-1980 Bldg Code,Retrofit Deep,fcc,,,,constant_tech,$,3130,3130,3130,3130,3130,3130,3130,3130,3130,3130,3130,
CIMS.CAN.MB.Residential.Dwellings.Building Type.LowMed Density.Vintage.1961-1980 Bldg Code,Service,MB,Residential,1961-1980 Bldg Code,Retrofit Deep,market_share_new_max,,,,constant_tech,%,0,0,0,0,0,0,0,0,0,0,0,
CIMS.CAN.MB.Residential.Dwellings.Building Type.LowMed Density.Vintage.1961-1980 Bldg Code,Service,MB,Residential,1961-1980 Bldg Code,Retrofit Deep,service_request,,,CIMS.CAN.MB.Residential.Dwellings.Building Type.LowMed Density.Vintage.1961-1980 Bldg Code.Heating (Cold),annual_region_tech,GJ,0.23487190824559,0.21620567109318,0.23213780010723,0.25358990494149,0.28387470978908,0.28387470978908,0.28387470978908,0.28387470978908,0.28387470978908,0.28387470978908,0.28387470978908,
CIMS.CAN.MB.Residential.Dwellings.Building Type.LowMed Density.Vintage.1961-1980 Bldg Code.Heating (Cold),Service,MB,Residential,Heating (Cold),,service_provide,,,,constant_tech,GJ of heat,,,,,,,,,,,,
CIMS.CAN.MB.Residential.Dwellings.Building Type.LowMed Density.Vintage.1961-1980 Bldg Code.Heating (Cold),Service,MB,Residential,Heating (Cold),,competition,Tech Compete,,,,,,,,,,,,,,,,
CIMS.CAN.MB.Residential.Dwellings.Building Type.LowMed Density.Vintage.1961-1980 Bldg Code.Heating (Cold),Service,MB,Residential,Heating (Cold),,discount_rate_financial,,,,constant_tech,%,0.25,0.25,0.25,0.25,0.25,0.25,0.25,0.25,0.25,0.25,0.25,
CIMS.CAN.MB.Residential.Dwellings.Building Type.LowMed Density.Vintage.1961-1980 Bldg Code.Heating (Cold),Service,MB,Residential,Heating (Cold),,inheritance,intercept_retirement,,,constant_tech,,TRUE,TRUE,TRUE,TRUE,TRUE,TRUE,TRUE,TRUE,TRUE,TRUE,TRUE,
CIMS.CAN.MB.Residential.Dwellings.Building Type.LowMed Density.Vintage.1961-1980 Bldg Code.Heating (Cold),Service,MB,Residential,Heating (Cold),,heterogeneity,,,,constant_tech,,10,10,10,10,10,10,10,10,10,10,10,
CIMS.CAN.MB.Residential.Dwellings.Building Type.LowMed Density.Vintage.1961-1980 Bldg Code.Heating (Cold),Service,MB,Residential,Heating (Cold),NG - Existing,technology,,,,,,,,,,,,,,,,,
CIMS.CAN.MB.Residential.Dwellings.Building Type.LowMed Density.Vintage.1961-1980 Bldg Code.Heating (Cold),Service,MB,Residential,Heating (Cold),NG - Existing,available,,,,constant_tech,Year,1950,1950,1950,1950,1950,1950,1950,1950,1950,1950,1950,
CIMS.CAN.MB.Residential.Dwellings.Building Type.LowMed Density.Vintage.1961-1980 Bldg Code.Heating (Cold),Service,MB,Residential,Heating (Cold),NG - Existing,unavailable,,,,constant_tech,Year,2001,2001,2001,2001,2001,2001,2001,2001,2001,2001,2001,
CIMS.CAN.MB.Residential.Dwellings.Building Type.LowMed Density.Vintage.1961-1980 Bldg Code.Heating (Cold),Service,MB,Residential,Heating (Cold),NG - Existing,lifetime,,,,constant_tech,Years,14,14,14,14,14,14,14,14,14,14,14,
CIMS.CAN.MB.Residential.Dwellings.Building Type.LowMed Density.Vintage.1961-1980 Bldg Code.Heating (Cold),Service,MB,Residential,Heating (Cold),NG - Existing,market_share_total,,,,annual_region_tech,%,0.29061228802367,,,,,,,,,,,
CIMS.CAN.MB.Residential.Dwellings.Building Type.LowMed Density.Vintage.1961-1980 Bldg Code.Heating (Cold),Service,MB,Residential,Heating (Cold),NG - Existing,output,,,,constant_tech,node unit,31.399776,31.399776,31.399776,31.399776,31.399776,31.399776,31.399776,31.399776,31.399776,31.399776,31.399776,
CIMS.CAN.MB.Residential.Dwellings.Building Type.LowMed Density.Vintage.1961-1980 Bldg Code.Heating (Cold),Service,MB,Residential,Heating (Cold),NG - Existing,fcc,,,,constant_tech,$,3603.875433,3603.875433,3603.875433,3603.875433,3603.875433,3603.875433,3603.875433,3603.875433,3603.875433,3603.875433,3603.875433,
CIMS.CAN.MB.Residential.Dwellings.Building Type.LowMed Density.Vintage.1961-1980 Bldg Code.Heating (Cold),Service,MB,Residential,Heating (Cold),NG - Existing,fom,,,,constant_tech,$,75.08073818,75.08073818,75.08073818,75.08073818,75.08073818,75.08073818,75.08073818,75.08073818,75.08073818,75.08073818,75.08073818,
CIMS.CAN.MB.Residential.Dwellings.Building Type.LowMed Density.Vintage.1961-1980 Bldg Code.Heating (Cold),Service,MB,Residential,Heating (Cold),NG - Existing,service_request,,,CIMS.CAN.MB.Residential.Methane Blend,annual_tech,GJ,1.6935483873,1.6935483873,1.6935483873,1.6935483873,1.6935483873,1.6935483873,1.6935483873,1.6935483873,1.6935483873,1.6935483873,1.6935483873,
CIMS.CAN.MB.Residential.Dwellings.Building Type.LowMed Density.Vintage.1961-1980 Bldg Code.Heating (Cold),Service,MB,Residential,Heating (Cold),NG - Standard Efficiency,technology,,,,,,,,,,,,,,,,,
CIMS.CAN.MB.Residential.Dwellings.Building Type.LowMed Density.Vintage.1961-1980 Bldg Code.Heating (Cold),Service,MB,Residential,Heating (Cold),NG - Standard Efficiency,available,,,,constant_tech,Year,1990,1990,1990,1990,1990,1990,1990,1990,1990,1990,1990,
CIMS.CAN.MB.Residential.Dwellings.Building Type.LowMed Density.Vintage.1961-1980 Bldg Code.Heating (Cold),Service,MB,Residential,Heating (Cold),NG - Standard Efficiency,unavailable,,,,constant_tech,Year,2101,2101,2101,2101,2101,2101,2101,2101,2101,2101,2101,
CIMS.CAN.MB.Residential.Dwellings.Building Type.LowMed Density.Vintage.1961-1980 Bldg Code.Heating (Cold),Service,MB,Residential,Heating (Cold),NG - Standard Efficiency,lifetime,,,,constant_tech,Years,19,19,19,19,19,19,19,19,19,19,19,
CIMS.CAN.MB.Residential.Dwellings.Building Type.LowMed Density.Vintage.1961-1980 Bldg Code.Heating (Cold),Service,MB,Residential,Heating (Cold),NG - Standard Efficiency,market_share_total,,,,annual_region_tech,%,0.16484700136768,,,,,,,,,,,
CIMS.CAN.MB.Residential.Dwellings.Building Type.LowMed Density.Vintage.1961-1980 Bldg Code.Heating (Cold),Service,MB,Residential,Heating (Cold),NG - Standard Efficiency,output,,,,constant_tech,node unit,31.399776,31.399776,31.399776,31.399776,31.399776,31.399776,31.399776,31.399776,31.399776,31.399776,31.399776,
CIMS.CAN.MB.Residential.Dwellings.Building Type.LowMed Density.Vintage.1961-1980 Bldg Code.Heating (Cold),Service,MB,Residential,Heating (Cold),NG - Standard Efficiency,fcc,,,,constant_tech,$,5005.382545,5005.382545,5005.382545,5005.382545,5005.382545,5005.382545,5005.382545,5005.382545,5005.382545,5005.382545,5005.382545,
CIMS.CAN.MB.Residential.Dwellings.Building Type.LowMed Density.Vintage.1961-1980 Bldg Code.Heating (Cold),Service,MB,Residential,Heating (Cold),NG - Standard Efficiency,fom,,,,constant_tech,$,162.6749327,162.6749327,162.6749327,162.6749327,162.6749327,162.6749327,162.6749327,162.6749327,162.6749327,162.6749327,162.6749327,
CIMS.CAN.MB.Residential.Dwellings.Building Type.LowMed Density.Vintage.1961-1980 Bldg Code.Heating (Cold),Service,MB,Residential,Heating (Cold),NG - Standard Efficiency,service_request,,,CIMS.CAN.MB.Residential.Methane Blend,annual_tech,GJ,1.32911392425,1.32911392425,1.32911392425,1.32911392425,1.32911392425,1.32911392425,1.32911392425,1.32911392425,1.32911392425,1.32911392425,1.32911392425,
CIMS.CAN.MB.Residential.Dwellings.Building Type.LowMed Density.Vintage.1961-1980 Bldg Code.Heating (Cold),Service,MB,Residential,Heating (Cold),NG - High Efficiency,technology,,,,,,,,,,,,,,,,,
CIMS.CAN.MB.Residential.Dwellings.Building Type.LowMed Density.Vintage.1961-1980 Bldg Code.Heating (Cold),Service,MB,Residential,Heating (Cold),NG - High Efficiency,available,,,,constant_tech,Year,2000,2000,2000,2000,2000,2000,2000,2000,2000,2000,2000,
CIMS.CAN.MB.Residential.Dwellings.Building Type.LowMed Density.Vintage.1961-1980 Bldg Code.Heating (Cold),Service,MB,Residential,Heating (Cold),NG - High Efficiency,unavailable,,,,constant_tech,Year,2101,2101,2101,2101,2101,2101,2101,2101,2101,2101,2101,
CIMS.CAN.MB.Residential.Dwellings.Building Type.LowMed Density.Vintage.1961-1980 Bldg Code.Heating (Cold),Service,MB,Residential,Heating (Cold),NG - High Efficiency,lifetime,,,,constant_tech,Years,19,19,19,19,19,19,19,19,19,19,19,
CIMS.CAN.MB.Residential.Dwellings.Building Type.LowMed Density.Vintage.1961-1980 Bldg Code.Heating (Cold),Service,MB,Residential,Heating (Cold),NG - High Efficiency,market_share_total,,,,annual_region_tech,%,0.12998280122798,,,,,,,,,,,
CIMS.CAN.MB.Residential.Dwellings.Building Type.LowMed Density.Vintage.1961-1980 Bldg Code.Heating (Cold),Service,MB,Residential,Heating (Cold),NG - High Efficiency,output,,,,constant_tech,node unit,31.399776,31.399776,31.399776,31.399776,31.399776,31.399776,31.399776,31.399776,31.399776,31.399776,31.399776,
CIMS.CAN.MB.Residential.Dwellings.Building Type.LowMed Density.Vintage.1961-1980 Bldg Code.Heating (Cold),Service,MB,Residential,Heating (Cold),NG - High Efficiency,fcc,,,,constant_tech,$,6231.7012692,6231.7012692,6231.7012692,6231.7012692,6231.7012692,6231.7012692,6231.7012692,6231.7012692,6231.7012692,6231.7012692,6231.7012692,
CIMS.CAN.MB.Residential.Dwellings.Building Type.LowMed Density.Vintage.1961-1980 Bldg Code.Heating (Cold),Service,MB,Residential,Heating (Cold),NG - High Efficiency,fom,,,,constant_tech,$,162.6749327,162.6749327,162.6749327,162.6749327,162.6749327,162.6749327,162.6749327,162.6749327,162.6749327,162.6749327,162.6749327,
CIMS.CAN.MB.Residential.Dwellings.Building Type.LowMed Density.Vintage.1961-1980 Bldg Code.Heating (Cold),Service,MB,Residential,Heating (Cold),NG - High Efficiency,service_request,,,CIMS.CAN.MB.Residential.Methane Blend,annual_tech,GJ,1.16666666655,1.16666666655,1.16666666655,1.16666666655,1.16666666655,1.16666666655,1.16666666655,1.16666666655,1.16666666655,1.16666666655,1.16666666655,
CIMS.CAN.MB.Residential.Dwellings.Building Type.LowMed Density.Vintage.1961-1980 Bldg Code.Heating (Cold),Service,MB,Residential,Heating (Cold),NG - ASHP / NG - backup,technology,,,,,,,,,,,,,,,,,
CIMS.CAN.MB.Residential.Dwellings.Building Type.LowMed Density.Vintage.1961-1980 Bldg Code.Heating (Cold),Service,MB,Residential,Heating (Cold),NG - ASHP / NG - backup,available,,,,constant_tech,Year,2000,2000,2000,2000,2000,2000,2000,2000,2000,2000,2000,
CIMS.CAN.MB.Residential.Dwellings.Building Type.LowMed Density.Vintage.1961-1980 Bldg Code.Heating (Cold),Service,MB,Residential,Heating (Cold),NG - ASHP / NG - backup,unavailable,,,,constant_tech,Year,2101,2101,2101,2101,2101,2101,2101,2101,2101,2101,2101,
CIMS.CAN.MB.Residential.Dwellings.Building Type.LowMed Density.Vintage.1961-1980 Bldg Code.Heating (Cold),Service,MB,Residential,Heating (Cold),NG - ASHP / NG - backup,lifetime,,,,constant_tech,Years,15,15,15,15,15,15,15,15,15,15,15,
CIMS.CAN.MB.Residential.Dwellings.Building Type.LowMed Density.Vintage.1961-1980 Bldg Code.Heating (Cold),Service,MB,Residential,Heating (Cold),NG - ASHP / NG - backup,market_share_total,,,,annual_region_tech,%,0,,,,,,,,,,,
CIMS.CAN.MB.Residential.Dwellings.Building Type.LowMed Density.Vintage.1961-1980 Bldg Code.Heating (Cold),Service,MB,Residential,Heating (Cold),NG - ASHP / NG - backup,output,,,,constant_tech,node unit,31.399776,31.399776,31.399776,31.399776,31.399776,31.399776,31.399776,31.399776,31.399776,31.399776,31.399776,
CIMS.CAN.MB.Residential.Dwellings.Building Type.LowMed Density.Vintage.1961-1980 Bldg Code.Heating (Cold),Service,MB,Residential,Heating (Cold),NG - ASHP / NG - backup,fcc,,,,constant_tech,$,20015.27345,20015.27345,20015.27345,20015.27345,20015.27345,20015.27345,20015.27345,20015.27345,20015.27345,20015.27345,20015.27345,
CIMS.CAN.MB.Residential.Dwellings.Building Type.LowMed Density.Vintage.1961-1980 Bldg Code.Heating (Cold),Service,MB,Residential,Heating (Cold),NG - ASHP / NG - backup,fom,,,,constant_tech,$,250.2691273,250.2691273,250.2691273,250.2691273,250.2691273,250.2691273,250.2691273,250.2691273,250.2691273,250.2691273,250.2691273,
CIMS.CAN.MB.Residential.Dwellings.Building Type.LowMed Density.Vintage.1961-1980 Bldg Code.Heating (Cold),Service,MB,Residential,Heating (Cold),NG - ASHP / NG - backup,service_request,,,CIMS.CAN.MB.Residential.Methane Blend,annual_tech,GJ,2.1593627892625,2.1593627892625,2.1593627892625,2.1593627892625,2.1593627892625,2.1593627892625,2.1593627892625,2.1593627892625,2.1593627892625,2.1593627892625,2.1593627892625,
CIMS.CAN.MB.Residential.Dwellings.Building Type.LowMed Density.Vintage.1961-1980 Bldg Code.Heating (Cold),Service,MB,Residential,Heating (Cold),NG - ASHP / NG - backup,service_request,,,CIMS.CAN.MB.Residential.Dwellings.Building Type.LowMed Density.Cooling,annual_tech,GJ of cooling,-0.004568364,-0.004568364,-0.004568364,-0.004568364,-0.004568364,-0.004568364,-0.004568364,-0.004568364,-0.004568364,-0.004568364,-0.004568364,
CIMS.CAN.MB.Residential.Dwellings.Building Type.LowMed Density.Vintage.1961-1980 Bldg Code.Heating (Cold),Service,MB,Residential,Heating (Cold),Electric - Standard Efficiency,technology,,,,,,,,,,,,,,,,,
CIMS.CAN.MB.Residential.Dwellings.Building Type.LowMed Density.Vintage.1961-1980 Bldg Code.Heating (Cold),Service,MB,Residential,Heating (Cold),Electric - Standard Efficiency,available,,,,constant_tech,Year,1950,1950,1950,1950,1950,1950,1950,1950,1950,1950,1950,
CIMS.CAN.MB.Residential.Dwellings.Building Type.LowMed Density.Vintage.1961-1980 Bldg Code.Heating (Cold),Service,MB,Residential,Heating (Cold),Electric - Standard Efficiency,unavailable,,,,constant_tech,Year,2101,2101,2101,2101,2101,2101,2101,2101,2101,2101,2101,
CIMS.CAN.MB.Residential.Dwellings.Building Type.LowMed Density.Vintage.1961-1980 Bldg Code.Heating (Cold),Service,MB,Residential,Heating (Cold),Electric - Standard Efficiency,lifetime,,,,constant_tech,Years,22.5,22.5,22.5,22.5,22.5,22.5,22.5,22.5,22.5,22.5,22.5,
CIMS.CAN.MB.Residential.Dwellings.Building Type.LowMed Density.Vintage.1961-1980 Bldg Code.Heating (Cold),Service,MB,Residential,Heating (Cold),Electric - Standard Efficiency,market_share_total,,,,annual_region_tech,%,0.2991471052647,,,,,,,,,,,
CIMS.CAN.MB.Residential.Dwellings.Building Type.LowMed Density.Vintage.1961-1980 Bldg Code.Heating (Cold),Service,MB,Residential,Heating (Cold),Electric - Standard Efficiency,output,,,,constant_tech,node unit,31.399776,31.399776,31.399776,31.399776,31.399776,31.399776,31.399776,31.399776,31.399776,31.399776,31.399776,
CIMS.CAN.MB.Residential.Dwellings.Building Type.LowMed Density.Vintage.1961-1980 Bldg Code.Heating (Cold),Service,MB,Residential,Heating (Cold),Electric - Standard Efficiency,fcc,,,,constant_tech,$,3822.860919,3822.860919,3822.860919,3822.860919,3822.860919,3822.860919,3822.860919,3822.860919,3822.860919,3822.860919,3822.860919,
CIMS.CAN.MB.Residential.Dwellings.Building Type.LowMed Density.Vintage.1961-1980 Bldg Code.Heating (Cold),Service,MB,Residential,Heating (Cold),Electric - Standard Efficiency,service_request,,,CIMS.CAN.MB.Electricity,annual_tech,GJ,1,1,1,1,1,1,1,1,1,1,1,
CIMS.CAN.MB.Residential.Dwellings.Building Type.LowMed Density.Vintage.1961-1980 Bldg Code.Heating (Cold),Service,MB,Residential,Heating (Cold),Electric - ASHP / NG - backup,technology,,,,,,,,,,,,,,,,,
CIMS.CAN.MB.Residential.Dwellings.Building Type.LowMed Density.Vintage.1961-1980 Bldg Code.Heating (Cold),Service,MB,Residential,Heating (Cold),Electric - ASHP / NG - backup,available,,,,constant_tech,Year,2000,2000,2000,2000,2000,2000,2000,2000,2000,2000,2000,
CIMS.CAN.MB.Residential.Dwellings.Building Type.LowMed Density.Vintage.1961-1980 Bldg Code.Heating (Cold),Service,MB,Residential,Heating (Cold),Electric - ASHP / NG - backup,unavailable,,,,constant_tech,Year,2101,2101,2101,2101,2101,2101,2101,2101,2101,2101,2101,
CIMS.CAN.MB.Residential.Dwellings.Building Type.LowMed Density.Vintage.1961-1980 Bldg Code.Heating (Cold),Service,MB,Residential,Heating (Cold),Electric - ASHP / NG - backup,lifetime,,,,constant_tech,Years,15.5,15.5,15.5,15.5,15.5,15.5,15.5,15.5,15.5,15.5,15.5,
CIMS.CAN.MB.Residential.Dwellings.Building Type.LowMed Density.Vintage.1961-1980 Bldg Code.Heating (Cold),Service,MB,Residential,Heating (Cold),Electric - ASHP / NG - backup,market_share_total,,,,annual_region_tech,%,0.02231144452075,,,,,,,,,,,
CIMS.CAN.MB.Residential.Dwellings.Building Type.LowMed Density.Vintage.1961-1980 Bldg Code.Heating (Cold),Service,MB,Residential,Heating (Cold),Electric - ASHP / NG - backup,output,,,,constant_tech,node unit,31.399776,31.399776,31.399776,31.399776,31.399776,31.399776,31.399776,31.399776,31.399776,31.399776,31.399776,
CIMS.CAN.MB.Residential.Dwellings.Building Type.LowMed Density.Vintage.1961-1980 Bldg Code.Heating (Cold),Service,MB,Residential,Heating (Cold),Electric - ASHP / NG - backup,fcc,,,,constant_tech,$,9647.874856,9647.874856,9647.874856,9647.874856,9647.874856,9647.874856,9647.874856,9647.874856,9647.874856,9647.874856,9647.874856,
CIMS.CAN.MB.Residential.Dwellings.Building Type.LowMed Density.Vintage.1961-1980 Bldg Code.Heating (Cold),Service,MB,Residential,Heating (Cold),Electric - ASHP / NG - backup,fom,,,,constant_tech,$,269.0393118,269.0393118,269.0393118,269.0393118,269.0393118,269.0393118,269.0393118,269.0393118,269.0393118,269.0393118,269.0393118,
CIMS.CAN.MB.Residential.Dwellings.Building Type.LowMed Density.Vintage.1961-1980 Bldg Code.Heating (Cold),Service,MB,Residential,Heating (Cold),Electric - ASHP / NG - backup,service_request,,,CIMS.CAN.MB.Electricity,annual_tech,GJ,0.72747607755,0.72747607755,0.72747607755,0.72747607755,0.72747607755,0.72747607755,0.72747607755,0.72747607755,0.72747607755,0.72747607755,0.72747607755,
CIMS.CAN.MB.Residential.Dwellings.Building Type.LowMed Density.Vintage.1961-1980 Bldg Code.Heating (Cold),Service,MB,Residential,Heating (Cold),Electric - ASHP / NG - backup,service_request,,,CIMS.CAN.MB.Residential.Methane Blend,annual_tech,GJ,0.0583333333275,0.0583333333275,0.0583333333275,0.0583333333275,0.0583333333275,0.0583333333275,0.0583333333275,0.0583333333275,0.0583333333275,0.0583333333275,0.0583333333275,
CIMS.CAN.MB.Residential.Dwellings.Building Type.LowMed Density.Vintage.1961-1980 Bldg Code.Heating (Cold),Service,MB,Residential,Heating (Cold),Electric - ASHP / NG - backup,service_request,,,CIMS.CAN.MB.Residential.Dwellings.Building Type.LowMed Density.Cooling,annual_tech,GJ of cooling,-0.004568364,-0.004568364,-0.004568364,-0.004568364,-0.004568364,-0.004568364,-0.004568364,-0.004568364,-0.004568364,-0.004568364,-0.004568364,
CIMS.CAN.MB.Residential.Dwellings.Building Type.LowMed Density.Vintage.1961-1980 Bldg Code.Heating (Cold),Service,MB,Residential,Heating (Cold),Electric - ASHP / Electric - backup,technology,,,,,,,,,,,,,,,,,
CIMS.CAN.MB.Residential.Dwellings.Building Type.LowMed Density.Vintage.1961-1980 Bldg Code.Heating (Cold),Service,MB,Residential,Heating (Cold),Electric - ASHP / Electric - backup,available,,,,constant_tech,Year,2000,2000,2000,2000,2000,2000,2000,2000,2000,2000,2000,
CIMS.CAN.MB.Residential.Dwellings.Building Type.LowMed Density.Vintage.1961-1980 Bldg Code.Heating (Cold),Service,MB,Residential,Heating (Cold),Electric - ASHP / Electric - backup,unavailable,,,,constant_tech,Year,2101,2101,2101,2101,2101,2101,2101,2101,2101,2101,2101,
CIMS.CAN.MB.Residential.Dwellings.Building Type.LowMed Density.Vintage.1961-1980 Bldg Code.Heating (Cold),Service,MB,Residential,Heating (Cold),Electric - ASHP / Electric - backup,lifetime,,,,constant_tech,Years,15.5,15.5,15.5,15.5,15.5,15.5,15.5,15.5,15.5,15.5,15.5,
CIMS.CAN.MB.Residential.Dwellings.Building Type.LowMed Density.Vintage.1961-1980 Bldg Code.Heating (Cold),Service,MB,Residential,Heating (Cold),Electric - ASHP / Electric - backup,market_share_total,,,,annual_region_tech,%,0,,,,,,,,,,,
CIMS.CAN.MB.Residential.Dwellings.Building Type.LowMed Density.Vintage.1961-1980 Bldg Code.Heating (Cold),Service,MB,Residential,Heating (Cold),Electric - ASHP / Electric - backup,output,,,,constant_tech,node unit,31.399776,31.399776,31.399776,31.399776,31.399776,31.399776,31.399776,31.399776,31.399776,31.399776,31.399776,
CIMS.CAN.MB.Residential.Dwellings.Building Type.LowMed Density.Vintage.1961-1980 Bldg Code.Heating (Cold),Service,MB,Residential,Heating (Cold),Electric - ASHP / Electric - backup,fcc,,,,constant_tech,$,9373.830161,9373.830161,9373.830161,9373.830161,9373.830161,9373.830161,9373.830161,9373.830161,9373.830161,9373.830161,9373.830161,
CIMS.CAN.MB.Residential.Dwellings.Building Type.LowMed Density.Vintage.1961-1980 Bldg Code.Heating (Cold),Service,MB,Residential,Heating (Cold),Electric - ASHP / Electric - backup,fom,,,,constant_tech,$,106.3643791,106.3643791,106.3643791,106.3643791,106.3643791,106.3643791,106.3643791,106.3643791,106.3643791,106.3643791,106.3643791,
CIMS.CAN.MB.Residential.Dwellings.Building Type.LowMed Density.Vintage.1961-1980 Bldg Code.Heating (Cold),Service,MB,Residential,Heating (Cold),Electric - ASHP / Electric - backup,service_request,,,CIMS.CAN.MB.Electricity,annual_tech,GJ,0.77747607755,0.77747607755,0.77747607755,0.77747607755,0.77747607755,0.77747607755,0.77747607755,0.77747607755,0.77747607755,0.77747607755,0.77747607755,
CIMS.CAN.MB.Residential.Dwellings.Building Type.LowMed Density.Vintage.1961-1980 Bldg Code.Heating (Cold),Service,MB,Residential,Heating (Cold),Electric - ASHP / Electric - backup,service_request,,,CIMS.CAN.MB.Residential.Dwellings.Building Type.LowMed Density.Cooling,annual_tech,GJ of cooling,-0.004568364,-0.004568364,-0.004568364,-0.004568364,-0.004568364,-0.004568364,-0.004568364,-0.004568364,-0.004568364,-0.004568364,-0.004568364,
CIMS.CAN.MB.Residential.Dwellings.Building Type.LowMed Density.Vintage.1961-1980 Bldg Code.Heating (Cold),Service,MB,Residential,Heating (Cold),Heating Oil - Existing,technology,,,,,,,,,,,,,,,,,
CIMS.CAN.MB.Residential.Dwellings.Building Type.LowMed Density.Vintage.1961-1980 Bldg Code.Heating (Cold),Service,MB,Residential,Heating (Cold),Heating Oil - Existing,available,,,,constant_tech,Year,1950,1950,1950,1950,1950,1950,1950,1950,1950,1950,1950,
CIMS.CAN.MB.Residential.Dwellings.Building Type.LowMed Density.Vintage.1961-1980 Bldg Code.Heating (Cold),Service,MB,Residential,Heating (Cold),Heating Oil - Existing,unavailable,,,,constant_tech,Year,2001,2001,2001,2001,2001,2001,2001,2001,2001,2001,2001,
CIMS.CAN.MB.Residential.Dwellings.Building Type.LowMed Density.Vintage.1961-1980 Bldg Code.Heating (Cold),Service,MB,Residential,Heating (Cold),Heating Oil - Existing,lifetime,,,,constant_tech,Years,23,23,23,23,23,23,23,23,23,23,23,
CIMS.CAN.MB.Residential.Dwellings.Building Type.LowMed Density.Vintage.1961-1980 Bldg Code.Heating (Cold),Service,MB,Residential,Heating (Cold),Heating Oil - Existing,market_share_total,,,,annual_region_tech,%,0.00809164069241,,,,,,,,,,,
CIMS.CAN.MB.Residential.Dwellings.Building Type.LowMed Density.Vintage.1961-1980 Bldg Code.Heating (Cold),Service,MB,Residential,Heating (Cold),Heating Oil - Existing,output,,,,constant_tech,node unit,31.399776,31.399776,31.399776,31.399776,31.399776,31.399776,31.399776,31.399776,31.399776,31.399776,31.399776,
CIMS.CAN.MB.Residential.Dwellings.Building Type.LowMed Density.Vintage.1961-1980 Bldg Code.Heating (Cold),Service,MB,Residential,Heating (Cold),Heating Oil - Existing,fcc,,,,constant_tech,$,5943.891772,5943.891772,5943.891772,5943.891772,5943.891772,5943.891772,5943.891772,5943.891772,5943.891772,5943.891772,5943.891772,
CIMS.CAN.MB.Residential.Dwellings.Building Type.LowMed Density.Vintage.1961-1980 Bldg Code.Heating (Cold),Service,MB,Residential,Heating (Cold),Heating Oil - Existing,fom,,,,constant_tech,$,100.1076509,100.1076509,100.1076509,100.1076509,100.1076509,100.1076509,100.1076509,100.1076509,100.1076509,100.1076509,100.1076509,
CIMS.CAN.MB.Residential.Dwellings.Building Type.LowMed Density.Vintage.1961-1980 Bldg Code.Heating (Cold),Service,MB,Residential,Heating (Cold),Heating Oil - Existing,service_request,,,CIMS.Generic Fuels.Fuel Oil,annual_tech,GJ,1.666666667,1.666666667,1.666666667,1.666666667,1.666666667,1.666666667,1.666666667,1.666666667,1.666666667,1.666666667,1.666666667,
CIMS.CAN.MB.Residential.Dwellings.Building Type.LowMed Density.Vintage.1961-1980 Bldg Code.Heating (Cold),Service,MB,Residential,Heating (Cold),Heating Oil - High Efficiency,technology,,,,,,,,,,,,,,,,,
CIMS.CAN.MB.Residential.Dwellings.Building Type.LowMed Density.Vintage.1961-1980 Bldg Code.Heating (Cold),Service,MB,Residential,Heating (Cold),Heating Oil - High Efficiency,available,,,,constant_tech,Year,2000,2000,2000,2000,2000,2000,2000,2000,2000,2000,2000,
CIMS.CAN.MB.Residential.Dwellings.Building Type.LowMed Density.Vintage.1961-1980 Bldg Code.Heating (Cold),Service,MB,Residential,Heating (Cold),Heating Oil - High Efficiency,unavailable,,,,constant_tech,Year,2101,2101,2101,2101,2101,2101,2101,2101,2101,2101,2101,
CIMS.CAN.MB.Residential.Dwellings.Building Type.LowMed Density.Vintage.1961-1980 Bldg Code.Heating (Cold),Service,MB,Residential,Heating (Cold),Heating Oil - High Efficiency,lifetime,,,,constant_tech,Years,23,23,23,23,23,23,23,23,23,23,23,
CIMS.CAN.MB.Residential.Dwellings.Building Type.LowMed Density.Vintage.1961-1980 Bldg Code.Heating (Cold),Service,MB,Residential,Heating (Cold),Heating Oil - High Efficiency,market_share_total,,,,annual_region_tech,%,0.01424915326865,,,,,,,,,,,
CIMS.CAN.MB.Residential.Dwellings.Building Type.LowMed Density.Vintage.1961-1980 Bldg Code.Heating (Cold),Service,MB,Residential,Heating (Cold),Heating Oil - High Efficiency,output,,,,constant_tech,node unit,31.399776,31.399776,31.399776,31.399776,31.399776,31.399776,31.399776,31.399776,31.399776,31.399776,31.399776,
CIMS.CAN.MB.Residential.Dwellings.Building Type.LowMed Density.Vintage.1961-1980 Bldg Code.Heating (Cold),Service,MB,Residential,Heating (Cold),Heating Oil - High Efficiency,fcc,,,,constant_tech,$,9541.510477,9541.510477,9541.510477,9541.510477,9541.510477,9541.510477,9541.510477,9541.510477,9541.510477,9541.510477,9541.510477,
CIMS.CAN.MB.Residential.Dwellings.Building Type.LowMed Density.Vintage.1961-1980 Bldg Code.Heating (Cold),Service,MB,Residential,Heating (Cold),Heating Oil - High Efficiency,fom,,,,constant_tech,$,100.1076509,100.1076509,100.1076509,100.1076509,100.1076509,100.1076509,100.1076509,100.1076509,100.1076509,100.1076509,100.1076509,
CIMS.CAN.MB.Residential.Dwellings.Building Type.LowMed Density.Vintage.1961-1980 Bldg Code.Heating (Cold),Service,MB,Residential,Heating (Cold),Heating Oil - High Efficiency,service_request,,,CIMS.Generic Fuels.Fuel Oil,annual_tech,GJ,1.162790698,1.162790698,1.162790698,1.162790698,1.162790698,1.162790698,1.162790698,1.162790698,1.162790698,1.162790698,1.162790698,
CIMS.CAN.MB.Residential.Dwellings.Building Type.LowMed Density.Vintage.1961-1980 Bldg Code.Heating (Cold),Service,MB,Residential,Heating (Cold),Wood,technology,,,,,,,,,,,,,,,,,
CIMS.CAN.MB.Residential.Dwellings.Building Type.LowMed Density.Vintage.1961-1980 Bldg Code.Heating (Cold),Service,MB,Residential,Heating (Cold),Wood,available,,,,constant_tech,Year,1950,1950,1950,1950,1950,1950,1950,1950,1950,1950,1950,
CIMS.CAN.MB.Residential.Dwellings.Building Type.LowMed Density.Vintage.1961-1980 Bldg Code.Heating (Cold),Service,MB,Residential,Heating (Cold),Wood,unavailable,,,,constant_tech,Year,2101,2101,2101,2101,2101,2101,2101,2101,2101,2101,2101,
CIMS.CAN.MB.Residential.Dwellings.Building Type.LowMed Density.Vintage.1961-1980 Bldg Code.Heating (Cold),Service,MB,Residential,Heating (Cold),Wood,lifetime,,,,constant_tech,Years,18.5,18.5,18.5,18.5,18.5,18.5,18.5,18.5,18.5,18.5,18.5,
CIMS.CAN.MB.Residential.Dwellings.Building Type.LowMed Density.Vintage.1961-1980 Bldg Code.Heating (Cold),Service,MB,Residential,Heating (Cold),Wood,market_share_total,,,,annual_region_tech,%,0.07075856563415,,,,,,,,,,,
CIMS.CAN.MB.Residential.Dwellings.Building Type.LowMed Density.Vintage.1961-1980 Bldg Code.Heating (Cold),Service,MB,Residential,Heating (Cold),Wood,output,,,,constant_tech,node unit,31.399776,31.399776,31.399776,31.399776,31.399776,31.399776,31.399776,31.399776,31.399776,31.399776,31.399776,
CIMS.CAN.MB.Residential.Dwellings.Building Type.LowMed Density.Vintage.1961-1980 Bldg Code.Heating (Cold),Service,MB,Residential,Heating (Cold),Wood,fcc,,,,constant_tech,$,8000.269768,8000.269768,8000.269768,8000.269768,8000.269768,8000.269768,8000.269768,8000.269768,8000.269768,8000.269768,8000.269768,
CIMS.CAN.MB.Residential.Dwellings.Building Type.LowMed Density.Vintage.1961-1980 Bldg Code.Heating (Cold),Service,MB,Residential,Heating (Cold),Wood,fom,,,,constant_tech,$,250.2691273,250.2691273,250.2691273,250.2691273,250.2691273,250.2691273,250.2691273,250.2691273,250.2691273,250.2691273,250.2691273,
CIMS.CAN.MB.Residential.Dwellings.Building Type.LowMed Density.Vintage.1961-1980 Bldg Code.Heating (Cold),Service,MB,Residential,Heating (Cold),Wood,service_request,,,CIMS.Generic Fuels.Solid Biomass,annual_tech,GJ,2,2,2,2,2,2,2,2,2,2,2,
CIMS.CAN.MB.Residential.Dwellings.Building Type.LowMed Density.Vintage.1981-2000 Bldg Code,Service,MB,Residential,1981-2000 Bldg Code,,service_provide,,,,constant_tech,m2,,,,,,,,,,,,
CIMS.CAN.MB.Residential.Dwellings.Building Type.LowMed Density.Vintage.1981-2000 Bldg Code,Service,MB,Residential,1981-2000 Bldg Code,,competition,Tech Compete,,,,,,,,,,,,,,,,
CIMS.CAN.MB.Residential.Dwellings.Building Type.LowMed Density.Vintage.1981-2000 Bldg Code,Service,MB,Residential,1981-2000 Bldg Code,,discount_rate_financial,,,,constant_tech,%,0.25,0.25,0.25,0.25,0.25,0.25,0.25,0.25,0.25,0.25,0.25,
CIMS.CAN.MB.Residential.Dwellings.Building Type.LowMed Density.Vintage.1981-2000 Bldg Code,Service,MB,Residential,1981-2000 Bldg Code,,heterogeneity,,,,constant_tech,,10,10,10,10,10,10,10,10,10,10,10,
CIMS.CAN.MB.Residential.Dwellings.Building Type.LowMed Density.Vintage.1981-2000 Bldg Code,Service,MB,Residential,1981-2000 Bldg Code,Reference,technology,,,,,,,,,,,,,,,,,
CIMS.CAN.MB.Residential.Dwellings.Building Type.LowMed Density.Vintage.1981-2000 Bldg Code,Service,MB,Residential,1981-2000 Bldg Code,Reference,available,,,,constant_tech,Year,1981,1981,1981,1981,1981,1981,1981,1981,1981,1981,1981,
CIMS.CAN.MB.Residential.Dwellings.Building Type.LowMed Density.Vintage.1981-2000 Bldg Code,Service,MB,Residential,1981-2000 Bldg Code,Reference,unavailable,,,,constant_tech,Year,2001,2001,2001,2001,2001,2001,2001,2001,2001,2001,2001,
CIMS.CAN.MB.Residential.Dwellings.Building Type.LowMed Density.Vintage.1981-2000 Bldg Code,Service,MB,Residential,1981-2000 Bldg Code,Reference,lifetime,,,,constant_tech,Years,250,250,250,250,250,250,250,250,250,250,250,
CIMS.CAN.MB.Residential.Dwellings.Building Type.LowMed Density.Vintage.1981-2000 Bldg Code,Service,MB,Residential,1981-2000 Bldg Code,Reference,market_share_total,,,,annual_tech,%,1,,,,,,,,,,,
CIMS.CAN.MB.Residential.Dwellings.Building Type.LowMed Density.Vintage.1981-2000 Bldg Code,Service,MB,Residential,1981-2000 Bldg Code,Reference,service_request,,,CIMS.CAN.MB.Residential.Dwellings.Building Type.LowMed Density.Vintage.1981-2000 Bldg Code.Heating (Cold),annual_region_tech,GJ,0.31543574367729,0.29276177342979,0.316174779482,0.34648509535571,0.38935401235453,0.38935401235453,0.38935401235453,0.38935401235453,0.38935401235453,0.38935401235453,0.38935401235453,
CIMS.CAN.MB.Residential.Dwellings.Building Type.LowMed Density.Vintage.1981-2000 Bldg Code,Service,MB,Residential,1981-2000 Bldg Code,Retrofit Average,technology,,,,,,,,,,,,,,,,,
CIMS.CAN.MB.Residential.Dwellings.Building Type.LowMed Density.Vintage.1981-2000 Bldg Code,Service,MB,Residential,1981-2000 Bldg Code,Retrofit Average,available,,,,constant_tech,Year,1981,1981,1981,1981,1981,1981,1981,1981,1981,1981,1981,
CIMS.CAN.MB.Residential.Dwellings.Building Type.LowMed Density.Vintage.1981-2000 Bldg Code,Service,MB,Residential,1981-2000 Bldg Code,Retrofit Average,unavailable,,,,constant_tech,Year,2101,2101,2101,2101,2101,2101,2101,2101,2101,2101,2101,
CIMS.CAN.MB.Residential.Dwellings.Building Type.LowMed Density.Vintage.1981-2000 Bldg Code,Service,MB,Residential,1981-2000 Bldg Code,Retrofit Average,lifetime,,,,constant_tech,Years,250,250,250,250,250,250,250,250,250,250,250,
CIMS.CAN.MB.Residential.Dwellings.Building Type.LowMed Density.Vintage.1981-2000 Bldg Code,Service,MB,Residential,1981-2000 Bldg Code,Retrofit Average,market_share_total,,,,annual_tech,%,0,,,,,,,,,,,
CIMS.CAN.MB.Residential.Dwellings.Building Type.LowMed Density.Vintage.1981-2000 Bldg Code,Service,MB,Residential,1981-2000 Bldg Code,Retrofit Average,fcc,,,,constant_tech,$,1565,1565,1565,1565,1565,1565,1565,1565,1565,1565,1565,
CIMS.CAN.MB.Residential.Dwellings.Building Type.LowMed Density.Vintage.1981-2000 Bldg Code,Service,MB,Residential,1981-2000 Bldg Code,Retrofit Average,market_share_new_max,,,,constant_tech,%,0,0,0,0,0,0,0,0,0,0,0,
CIMS.CAN.MB.Residential.Dwellings.Building Type.LowMed Density.Vintage.1981-2000 Bldg Code,Service,MB,Residential,1981-2000 Bldg Code,Retrofit Average,service_request,,,CIMS.CAN.MB.Residential.Dwellings.Building Type.LowMed Density.Vintage.1981-2000 Bldg Code.Heating (Cold),annual_region_tech,GJ,0.2208050205741,0.20493324140085,0.2213223456374,0.242539566749,0.27254780864817,0.27254780864817,0.27254780864817,0.27254780864817,0.27254780864817,0.27254780864817,0.27254780864817,
CIMS.CAN.MB.Residential.Dwellings.Building Type.LowMed Density.Vintage.1981-2000 Bldg Code,Service,MB,Residential,1981-2000 Bldg Code,Retrofit Deep,technology,,,,,,,,,,,,,,,,,
CIMS.CAN.MB.Residential.Dwellings.Building Type.LowMed Density.Vintage.1981-2000 Bldg Code,Service,MB,Residential,1981-2000 Bldg Code,Retrofit Deep,available,,,,constant_tech,Year,1981,1981,1981,1981,1981,1981,1981,1981,1981,1981,1981,
CIMS.CAN.MB.Residential.Dwellings.Building Type.LowMed Density.Vintage.1981-2000 Bldg Code,Service,MB,Residential,1981-2000 Bldg Code,Retrofit Deep,unavailable,,,,constant_tech,Year,2101,2101,2101,2101,2101,2101,2101,2101,2101,2101,2101,
CIMS.CAN.MB.Residential.Dwellings.Building Type.LowMed Density.Vintage.1981-2000 Bldg Code,Service,MB,Residential,1981-2000 Bldg Code,Retrofit Deep,lifetime,,,,constant_tech,Years,250,250,250,250,250,250,250,250,250,250,250,
CIMS.CAN.MB.Residential.Dwellings.Building Type.LowMed Density.Vintage.1981-2000 Bldg Code,Service,MB,Residential,1981-2000 Bldg Code,Retrofit Deep,market_share_total,,,,annual_tech,%,0,,,,,,,,,,,
CIMS.CAN.MB.Residential.Dwellings.Building Type.LowMed Density.Vintage.1981-2000 Bldg Code,Service,MB,Residential,1981-2000 Bldg Code,Retrofit Deep,fcc,,,,constant_tech,$,3130,3130,3130,3130,3130,3130,3130,3130,3130,3130,3130,
CIMS.CAN.MB.Residential.Dwellings.Building Type.LowMed Density.Vintage.1981-2000 Bldg Code,Service,MB,Residential,1981-2000 Bldg Code,Retrofit Deep,market_share_new_max,,,,constant_tech,%,0,0,0,0,0,0,0,0,0,0,0,
CIMS.CAN.MB.Residential.Dwellings.Building Type.LowMed Density.Vintage.1981-2000 Bldg Code,Service,MB,Residential,1981-2000 Bldg Code,Retrofit Deep,service_request,,,CIMS.CAN.MB.Residential.Dwellings.Building Type.LowMed Density.Vintage.1981-2000 Bldg Code.Heating (Cold),annual_region_tech,GJ,0.15771787183864,0.14638088671489,0.158087389741,0.17324254767786,0.19467700617727,0.19467700617727,0.19467700617727,0.19467700617727,0.19467700617727,0.19467700617727,0.19467700617727,
CIMS.CAN.MB.Residential.Dwellings.Building Type.LowMed Density.Vintage.1981-2000 Bldg Code.Heating (Cold),Service,MB,Residential,Heating (Cold),,service_provide,,,,constant_tech,GJ of heat,,,,,,,,,,,,
CIMS.CAN.MB.Residential.Dwellings.Building Type.LowMed Density.Vintage.1981-2000 Bldg Code.Heating (Cold),Service,MB,Residential,Heating (Cold),,competition,Tech Compete,,,,,,,,,,,,,,,,
CIMS.CAN.MB.Residential.Dwellings.Building Type.LowMed Density.Vintage.1981-2000 Bldg Code.Heating (Cold),Service,MB,Residential,Heating (Cold),,discount_rate_financial,,,,constant_tech,%,0.25,0.25,0.25,0.25,0.25,0.25,0.25,0.25,0.25,0.25,0.25,
CIMS.CAN.MB.Residential.Dwellings.Building Type.LowMed Density.Vintage.1981-2000 Bldg Code.Heating (Cold),Service,MB,Residential,Heating (Cold),,inheritance,intercept_retirement,,,constant_tech,,TRUE,TRUE,TRUE,TRUE,TRUE,TRUE,TRUE,TRUE,TRUE,TRUE,TRUE,
CIMS.CAN.MB.Residential.Dwellings.Building Type.LowMed Density.Vintage.1981-2000 Bldg Code.Heating (Cold),Service,MB,Residential,Heating (Cold),,heterogeneity,,,,constant_tech,,10,10,10,10,10,10,10,10,10,10,10,
CIMS.CAN.MB.Residential.Dwellings.Building Type.LowMed Density.Vintage.1981-2000 Bldg Code.Heating (Cold),Service,MB,Residential,Heating (Cold),NG - Existing,technology,,,,,,,,,,,,,,,,,
CIMS.CAN.MB.Residential.Dwellings.Building Type.LowMed Density.Vintage.1981-2000 Bldg Code.Heating (Cold),Service,MB,Residential,Heating (Cold),NG - Existing,available,,,,constant_tech,Year,1950,1950,1950,1950,1950,1950,1950,1950,1950,1950,1950,
CIMS.CAN.MB.Residential.Dwellings.Building Type.LowMed Density.Vintage.1981-2000 Bldg Code.Heating (Cold),Service,MB,Residential,Heating (Cold),NG - Existing,unavailable,,,,constant_tech,Year,2001,2001,2001,2001,2001,2001,2001,2001,2001,2001,2001,
CIMS.CAN.MB.Residential.Dwellings.Building Type.LowMed Density.Vintage.1981-2000 Bldg Code.Heating (Cold),Service,MB,Residential,Heating (Cold),NG - Existing,lifetime,,,,constant_tech,Years,14,14,14,14,14,14,14,14,14,14,14,
CIMS.CAN.MB.Residential.Dwellings.Building Type.LowMed Density.Vintage.1981-2000 Bldg Code.Heating (Cold),Service,MB,Residential,Heating (Cold),NG - Existing,market_share_total,,,,annual_region_tech,%,0.29061228802367,,,,,,,,,,,
CIMS.CAN.MB.Residential.Dwellings.Building Type.LowMed Density.Vintage.1981-2000 Bldg Code.Heating (Cold),Service,MB,Residential,Heating (Cold),NG - Existing,output,,,,constant_tech,node unit,31.399776,31.399776,31.399776,31.399776,31.399776,31.399776,31.399776,31.399776,31.399776,31.399776,31.399776,
CIMS.CAN.MB.Residential.Dwellings.Building Type.LowMed Density.Vintage.1981-2000 Bldg Code.Heating (Cold),Service,MB,Residential,Heating (Cold),NG - Existing,fcc,,,,constant_tech,$,3603.875433,3603.875433,3603.875433,3603.875433,3603.875433,3603.875433,3603.875433,3603.875433,3603.875433,3603.875433,3603.875433,
CIMS.CAN.MB.Residential.Dwellings.Building Type.LowMed Density.Vintage.1981-2000 Bldg Code.Heating (Cold),Service,MB,Residential,Heating (Cold),NG - Existing,fom,,,,constant_tech,$,75.08073818,75.08073818,75.08073818,75.08073818,75.08073818,75.08073818,75.08073818,75.08073818,75.08073818,75.08073818,75.08073818,
CIMS.CAN.MB.Residential.Dwellings.Building Type.LowMed Density.Vintage.1981-2000 Bldg Code.Heating (Cold),Service,MB,Residential,Heating (Cold),NG - Existing,service_request,,,CIMS.CAN.MB.Residential.Methane Blend,annual_tech,GJ,1.6935483873,1.6935483873,1.6935483873,1.6935483873,1.6935483873,1.6935483873,1.6935483873,1.6935483873,1.6935483873,1.6935483873,1.6935483873,
CIMS.CAN.MB.Residential.Dwellings.Building Type.LowMed Density.Vintage.1981-2000 Bldg Code.Heating (Cold),Service,MB,Residential,Heating (Cold),NG - Standard Efficiency,technology,,,,,,,,,,,,,,,,,
CIMS.CAN.MB.Residential.Dwellings.Building Type.LowMed Density.Vintage.1981-2000 Bldg Code.Heating (Cold),Service,MB,Residential,Heating (Cold),NG - Standard Efficiency,available,,,,constant_tech,Year,1990,1990,1990,1990,1990,1990,1990,1990,1990,1990,1990,
CIMS.CAN.MB.Residential.Dwellings.Building Type.LowMed Density.Vintage.1981-2000 Bldg Code.Heating (Cold),Service,MB,Residential,Heating (Cold),NG - Standard Efficiency,unavailable,,,,constant_tech,Year,2101,2101,2101,2101,2101,2101,2101,2101,2101,2101,2101,
CIMS.CAN.MB.Residential.Dwellings.Building Type.LowMed Density.Vintage.1981-2000 Bldg Code.Heating (Cold),Service,MB,Residential,Heating (Cold),NG - Standard Efficiency,lifetime,,,,constant_tech,Years,19,19,19,19,19,19,19,19,19,19,19,
CIMS.CAN.MB.Residential.Dwellings.Building Type.LowMed Density.Vintage.1981-2000 Bldg Code.Heating (Cold),Service,MB,Residential,Heating (Cold),NG - Standard Efficiency,market_share_total,,,,annual_region_tech,%,0.16484700136768,,,,,,,,,,,
CIMS.CAN.MB.Residential.Dwellings.Building Type.LowMed Density.Vintage.1981-2000 Bldg Code.Heating (Cold),Service,MB,Residential,Heating (Cold),NG - Standard Efficiency,output,,,,constant_tech,node unit,31.399776,31.399776,31.399776,31.399776,31.399776,31.399776,31.399776,31.399776,31.399776,31.399776,31.399776,
CIMS.CAN.MB.Residential.Dwellings.Building Type.LowMed Density.Vintage.1981-2000 Bldg Code.Heating (Cold),Service,MB,Residential,Heating (Cold),NG - Standard Efficiency,fcc,,,,constant_tech,$,5005.382545,5005.382545,5005.382545,5005.382545,5005.382545,5005.382545,5005.382545,5005.382545,5005.382545,5005.382545,5005.382545,
CIMS.CAN.MB.Residential.Dwellings.Building Type.LowMed Density.Vintage.1981-2000 Bldg Code.Heating (Cold),Service,MB,Residential,Heating (Cold),NG - Standard Efficiency,fom,,,,constant_tech,$,162.6749327,162.6749327,162.6749327,162.6749327,162.6749327,162.6749327,162.6749327,162.6749327,162.6749327,162.6749327,162.6749327,
CIMS.CAN.MB.Residential.Dwellings.Building Type.LowMed Density.Vintage.1981-2000 Bldg Code.Heating (Cold),Service,MB,Residential,Heating (Cold),NG - Standard Efficiency,service_request,,,CIMS.CAN.MB.Residential.Methane Blend,annual_tech,GJ,1.32911392425,1.32911392425,1.32911392425,1.32911392425,1.32911392425,1.32911392425,1.32911392425,1.32911392425,1.32911392425,1.32911392425,1.32911392425,
CIMS.CAN.MB.Residential.Dwellings.Building Type.LowMed Density.Vintage.1981-2000 Bldg Code.Heating (Cold),Service,MB,Residential,Heating (Cold),NG - High Efficiency,technology,,,,,,,,,,,,,,,,,
CIMS.CAN.MB.Residential.Dwellings.Building Type.LowMed Density.Vintage.1981-2000 Bldg Code.Heating (Cold),Service,MB,Residential,Heating (Cold),NG - High Efficiency,available,,,,constant_tech,Year,2000,2000,2000,2000,2000,2000,2000,2000,2000,2000,2000,
CIMS.CAN.MB.Residential.Dwellings.Building Type.LowMed Density.Vintage.1981-2000 Bldg Code.Heating (Cold),Service,MB,Residential,Heating (Cold),NG - High Efficiency,unavailable,,,,constant_tech,Year,2101,2101,2101,2101,2101,2101,2101,2101,2101,2101,2101,
CIMS.CAN.MB.Residential.Dwellings.Building Type.LowMed Density.Vintage.1981-2000 Bldg Code.Heating (Cold),Service,MB,Residential,Heating (Cold),NG - High Efficiency,lifetime,,,,constant_tech,Years,19,19,19,19,19,19,19,19,19,19,19,
CIMS.CAN.MB.Residential.Dwellings.Building Type.LowMed Density.Vintage.1981-2000 Bldg Code.Heating (Cold),Service,MB,Residential,Heating (Cold),NG - High Efficiency,market_share_total,,,,annual_region_tech,%,0.12998280122798,,,,,,,,,,,
CIMS.CAN.MB.Residential.Dwellings.Building Type.LowMed Density.Vintage.1981-2000 Bldg Code.Heating (Cold),Service,MB,Residential,Heating (Cold),NG - High Efficiency,output,,,,constant_tech,node unit,31.399776,31.399776,31.399776,31.399776,31.399776,31.399776,31.399776,31.399776,31.399776,31.399776,31.399776,
CIMS.CAN.MB.Residential.Dwellings.Building Type.LowMed Density.Vintage.1981-2000 Bldg Code.Heating (Cold),Service,MB,Residential,Heating (Cold),NG - High Efficiency,fcc,,,,constant_tech,$,6231.7012692,6231.7012692,6231.7012692,6231.7012692,6231.7012692,6231.7012692,6231.7012692,6231.7012692,6231.7012692,6231.7012692,6231.7012692,
CIMS.CAN.MB.Residential.Dwellings.Building Type.LowMed Density.Vintage.1981-2000 Bldg Code.Heating (Cold),Service,MB,Residential,Heating (Cold),NG - High Efficiency,fom,,,,constant_tech,$,162.6749327,162.6749327,162.6749327,162.6749327,162.6749327,162.6749327,162.6749327,162.6749327,162.6749327,162.6749327,162.6749327,
CIMS.CAN.MB.Residential.Dwellings.Building Type.LowMed Density.Vintage.1981-2000 Bldg Code.Heating (Cold),Service,MB,Residential,Heating (Cold),NG - High Efficiency,service_request,,,CIMS.CAN.MB.Residential.Methane Blend,annual_tech,GJ,1.16666666655,1.16666666655,1.16666666655,1.16666666655,1.16666666655,1.16666666655,1.16666666655,1.16666666655,1.16666666655,1.16666666655,1.16666666655,
CIMS.CAN.MB.Residential.Dwellings.Building Type.LowMed Density.Vintage.1981-2000 Bldg Code.Heating (Cold),Service,MB,Residential,Heating (Cold),NG - ASHP / NG - backup,technology,,,,,,,,,,,,,,,,,
CIMS.CAN.MB.Residential.Dwellings.Building Type.LowMed Density.Vintage.1981-2000 Bldg Code.Heating (Cold),Service,MB,Residential,Heating (Cold),NG - ASHP / NG - backup,available,,,,constant_tech,Year,2000,2000,2000,2000,2000,2000,2000,2000,2000,2000,2000,
CIMS.CAN.MB.Residential.Dwellings.Building Type.LowMed Density.Vintage.1981-2000 Bldg Code.Heating (Cold),Service,MB,Residential,Heating (Cold),NG - ASHP / NG - backup,unavailable,,,,constant_tech,Year,2101,2101,2101,2101,2101,2101,2101,2101,2101,2101,2101,
CIMS.CAN.MB.Residential.Dwellings.Building Type.LowMed Density.Vintage.1981-2000 Bldg Code.Heating (Cold),Service,MB,Residential,Heating (Cold),NG - ASHP / NG - backup,lifetime,,,,constant_tech,Years,15,15,15,15,15,15,15,15,15,15,15,
CIMS.CAN.MB.Residential.Dwellings.Building Type.LowMed Density.Vintage.1981-2000 Bldg Code.Heating (Cold),Service,MB,Residential,Heating (Cold),NG - ASHP / NG - backup,market_share_total,,,,annual_region_tech,%,0,,,,,,,,,,,
CIMS.CAN.MB.Residential.Dwellings.Building Type.LowMed Density.Vintage.1981-2000 Bldg Code.Heating (Cold),Service,MB,Residential,Heating (Cold),NG - ASHP / NG - backup,output,,,,constant_tech,node unit,31.399776,31.399776,31.399776,31.399776,31.399776,31.399776,31.399776,31.399776,31.399776,31.399776,31.399776,
CIMS.CAN.MB.Residential.Dwellings.Building Type.LowMed Density.Vintage.1981-2000 Bldg Code.Heating (Cold),Service,MB,Residential,Heating (Cold),NG - ASHP / NG - backup,fcc,,,,constant_tech,$,20015.27345,20015.27345,20015.27345,20015.27345,20015.27345,20015.27345,20015.27345,20015.27345,20015.27345,20015.27345,20015.27345,
CIMS.CAN.MB.Residential.Dwellings.Building Type.LowMed Density.Vintage.1981-2000 Bldg Code.Heating (Cold),Service,MB,Residential,Heating (Cold),NG - ASHP / NG - backup,fom,,,,constant_tech,$,250.2691273,250.2691273,250.2691273,250.2691273,250.2691273,250.2691273,250.2691273,250.2691273,250.2691273,250.2691273,250.2691273,
CIMS.CAN.MB.Residential.Dwellings.Building Type.LowMed Density.Vintage.1981-2000 Bldg Code.Heating (Cold),Service,MB,Residential,Heating (Cold),NG - ASHP / NG - backup,service_request,,,CIMS.CAN.MB.Residential.Methane Blend,annual_tech,GJ,2.1593627892625,2.1593627892625,2.1593627892625,2.1593627892625,2.1593627892625,2.1593627892625,2.1593627892625,2.1593627892625,2.1593627892625,2.1593627892625,2.1593627892625,
CIMS.CAN.MB.Residential.Dwellings.Building Type.LowMed Density.Vintage.1981-2000 Bldg Code.Heating (Cold),Service,MB,Residential,Heating (Cold),NG - ASHP / NG - backup,service_request,,,CIMS.CAN.MB.Residential.Dwellings.Building Type.LowMed Density.Cooling,annual_tech,GJ of cooling,-0.004568364,-0.004568364,-0.004568364,-0.004568364,-0.004568364,-0.004568364,-0.004568364,-0.004568364,-0.004568364,-0.004568364,-0.004568364,
CIMS.CAN.MB.Residential.Dwellings.Building Type.LowMed Density.Vintage.1981-2000 Bldg Code.Heating (Cold),Service,MB,Residential,Heating (Cold),Electric - Standard Efficiency,technology,,,,,,,,,,,,,,,,,
CIMS.CAN.MB.Residential.Dwellings.Building Type.LowMed Density.Vintage.1981-2000 Bldg Code.Heating (Cold),Service,MB,Residential,Heating (Cold),Electric - Standard Efficiency,available,,,,constant_tech,Year,1950,1950,1950,1950,1950,1950,1950,1950,1950,1950,1950,
CIMS.CAN.MB.Residential.Dwellings.Building Type.LowMed Density.Vintage.1981-2000 Bldg Code.Heating (Cold),Service,MB,Residential,Heating (Cold),Electric - Standard Efficiency,unavailable,,,,constant_tech,Year,2101,2101,2101,2101,2101,2101,2101,2101,2101,2101,2101,
CIMS.CAN.MB.Residential.Dwellings.Building Type.LowMed Density.Vintage.1981-2000 Bldg Code.Heating (Cold),Service,MB,Residential,Heating (Cold),Electric - Standard Efficiency,lifetime,,,,constant_tech,Years,22.5,22.5,22.5,22.5,22.5,22.5,22.5,22.5,22.5,22.5,22.5,
CIMS.CAN.MB.Residential.Dwellings.Building Type.LowMed Density.Vintage.1981-2000 Bldg Code.Heating (Cold),Service,MB,Residential,Heating (Cold),Electric - Standard Efficiency,market_share_total,,,,annual_region_tech,%,0.2991471052647,,,,,,,,,,,
CIMS.CAN.MB.Residential.Dwellings.Building Type.LowMed Density.Vintage.1981-2000 Bldg Code.Heating (Cold),Service,MB,Residential,Heating (Cold),Electric - Standard Efficiency,output,,,,constant_tech,node unit,31.399776,31.399776,31.399776,31.399776,31.399776,31.399776,31.399776,31.399776,31.399776,31.399776,31.399776,
CIMS.CAN.MB.Residential.Dwellings.Building Type.LowMed Density.Vintage.1981-2000 Bldg Code.Heating (Cold),Service,MB,Residential,Heating (Cold),Electric - Standard Efficiency,fcc,,,,constant_tech,$,3822.860919,3822.860919,3822.860919,3822.860919,3822.860919,3822.860919,3822.860919,3822.860919,3822.860919,3822.860919,3822.860919,
CIMS.CAN.MB.Residential.Dwellings.Building Type.LowMed Density.Vintage.1981-2000 Bldg Code.Heating (Cold),Service,MB,Residential,Heating (Cold),Electric - Standard Efficiency,service_request,,,CIMS.CAN.MB.Electricity,annual_tech,GJ,1,1,1,1,1,1,1,1,1,1,1,
CIMS.CAN.MB.Residential.Dwellings.Building Type.LowMed Density.Vintage.1981-2000 Bldg Code.Heating (Cold),Service,MB,Residential,Heating (Cold),Electric - ASHP / NG - backup,technology,,,,,,,,,,,,,,,,,
CIMS.CAN.MB.Residential.Dwellings.Building Type.LowMed Density.Vintage.1981-2000 Bldg Code.Heating (Cold),Service,MB,Residential,Heating (Cold),Electric - ASHP / NG - backup,available,,,,constant_tech,Year,2000,2000,2000,2000,2000,2000,2000,2000,2000,2000,2000,
CIMS.CAN.MB.Residential.Dwellings.Building Type.LowMed Density.Vintage.1981-2000 Bldg Code.Heating (Cold),Service,MB,Residential,Heating (Cold),Electric - ASHP / NG - backup,unavailable,,,,constant_tech,Year,2101,2101,2101,2101,2101,2101,2101,2101,2101,2101,2101,
CIMS.CAN.MB.Residential.Dwellings.Building Type.LowMed Density.Vintage.1981-2000 Bldg Code.Heating (Cold),Service,MB,Residential,Heating (Cold),Electric - ASHP / NG - backup,lifetime,,,,constant_tech,Years,15.5,15.5,15.5,15.5,15.5,15.5,15.5,15.5,15.5,15.5,15.5,
CIMS.CAN.MB.Residential.Dwellings.Building Type.LowMed Density.Vintage.1981-2000 Bldg Code.Heating (Cold),Service,MB,Residential,Heating (Cold),Electric - ASHP / NG - backup,market_share_total,,,,annual_region_tech,%,0.02231144452075,,,,,,,,,,,
CIMS.CAN.MB.Residential.Dwellings.Building Type.LowMed Density.Vintage.1981-2000 Bldg Code.Heating (Cold),Service,MB,Residential,Heating (Cold),Electric - ASHP / NG - backup,output,,,,constant_tech,node unit,31.399776,31.399776,31.399776,31.399776,31.399776,31.399776,31.399776,31.399776,31.399776,31.399776,31.399776,
CIMS.CAN.MB.Residential.Dwellings.Building Type.LowMed Density.Vintage.1981-2000 Bldg Code.Heating (Cold),Service,MB,Residential,Heating (Cold),Electric - ASHP / NG - backup,fcc,,,,constant_tech,$,9647.874856,9647.874856,9647.874856,9647.874856,9647.874856,9647.874856,9647.874856,9647.874856,9647.874856,9647.874856,9647.874856,
CIMS.CAN.MB.Residential.Dwellings.Building Type.LowMed Density.Vintage.1981-2000 Bldg Code.Heating (Cold),Service,MB,Residential,Heating (Cold),Electric - ASHP / NG - backup,fom,,,,constant_tech,$,269.0393118,269.0393118,269.0393118,269.0393118,269.0393118,269.0393118,269.0393118,269.0393118,269.0393118,269.0393118,269.0393118,
CIMS.CAN.MB.Residential.Dwellings.Building Type.LowMed Density.Vintage.1981-2000 Bldg Code.Heating (Cold),Service,MB,Residential,Heating (Cold),Electric - ASHP / NG - backup,service_request,,,CIMS.CAN.MB.Electricity,annual_tech,GJ,0.72747607755,0.72747607755,0.72747607755,0.72747607755,0.72747607755,0.72747607755,0.72747607755,0.72747607755,0.72747607755,0.72747607755,0.72747607755,
CIMS.CAN.MB.Residential.Dwellings.Building Type.LowMed Density.Vintage.1981-2000 Bldg Code.Heating (Cold),Service,MB,Residential,Heating (Cold),Electric - ASHP / NG - backup,service_request,,,CIMS.CAN.MB.Residential.Methane Blend,annual_tech,GJ,0.0583333333275,0.0583333333275,0.0583333333275,0.0583333333275,0.0583333333275,0.0583333333275,0.0583333333275,0.0583333333275,0.0583333333275,0.0583333333275,0.0583333333275,
CIMS.CAN.MB.Residential.Dwellings.Building Type.LowMed Density.Vintage.1981-2000 Bldg Code.Heating (Cold),Service,MB,Residential,Heating (Cold),Electric - ASHP / NG - backup,service_request,,,CIMS.CAN.MB.Residential.Dwellings.Building Type.LowMed Density.Cooling,annual_tech,GJ of cooling,-0.004568364,-0.004568364,-0.004568364,-0.004568364,-0.004568364,-0.004568364,-0.004568364,-0.004568364,-0.004568364,-0.004568364,-0.004568364,
CIMS.CAN.MB.Residential.Dwellings.Building Type.LowMed Density.Vintage.1981-2000 Bldg Code.Heating (Cold),Service,MB,Residential,Heating (Cold),Electric - ASHP / Electric - backup,technology,,,,,,,,,,,,,,,,,
CIMS.CAN.MB.Residential.Dwellings.Building Type.LowMed Density.Vintage.1981-2000 Bldg Code.Heating (Cold),Service,MB,Residential,Heating (Cold),Electric - ASHP / Electric - backup,available,,,,constant_tech,Year,2000,2000,2000,2000,2000,2000,2000,2000,2000,2000,2000,
CIMS.CAN.MB.Residential.Dwellings.Building Type.LowMed Density.Vintage.1981-2000 Bldg Code.Heating (Cold),Service,MB,Residential,Heating (Cold),Electric - ASHP / Electric - backup,unavailable,,,,constant_tech,Year,2101,2101,2101,2101,2101,2101,2101,2101,2101,2101,2101,
CIMS.CAN.MB.Residential.Dwellings.Building Type.LowMed Density.Vintage.1981-2000 Bldg Code.Heating (Cold),Service,MB,Residential,Heating (Cold),Electric - ASHP / Electric - backup,lifetime,,,,constant_tech,Years,15.5,15.5,15.5,15.5,15.5,15.5,15.5,15.5,15.5,15.5,15.5,
CIMS.CAN.MB.Residential.Dwellings.Building Type.LowMed Density.Vintage.1981-2000 Bldg Code.Heating (Cold),Service,MB,Residential,Heating (Cold),Electric - ASHP / Electric - backup,market_share_total,,,,annual_region_tech,%,0,,,,,,,,,,,
CIMS.CAN.MB.Residential.Dwellings.Building Type.LowMed Density.Vintage.1981-2000 Bldg Code.Heating (Cold),Service,MB,Residential,Heating (Cold),Electric - ASHP / Electric - backup,output,,,,constant_tech,node unit,31.399776,31.399776,31.399776,31.399776,31.399776,31.399776,31.399776,31.399776,31.399776,31.399776,31.399776,
CIMS.CAN.MB.Residential.Dwellings.Building Type.LowMed Density.Vintage.1981-2000 Bldg Code.Heating (Cold),Service,MB,Residential,Heating (Cold),Electric - ASHP / Electric - backup,fcc,,,,constant_tech,$,9373.830161,9373.830161,9373.830161,9373.830161,9373.830161,9373.830161,9373.830161,9373.830161,9373.830161,9373.830161,9373.830161,
CIMS.CAN.MB.Residential.Dwellings.Building Type.LowMed Density.Vintage.1981-2000 Bldg Code.Heating (Cold),Service,MB,Residential,Heating (Cold),Electric - ASHP / Electric - backup,fom,,,,constant_tech,$,106.3643791,106.3643791,106.3643791,106.3643791,106.3643791,106.3643791,106.3643791,106.3643791,106.3643791,106.3643791,106.3643791,
CIMS.CAN.MB.Residential.Dwellings.Building Type.LowMed Density.Vintage.1981-2000 Bldg Code.Heating (Cold),Service,MB,Residential,Heating (Cold),Electric - ASHP / Electric - backup,service_request,,,CIMS.CAN.MB.Electricity,annual_tech,GJ,0.77747607755,0.77747607755,0.77747607755,0.77747607755,0.77747607755,0.77747607755,0.77747607755,0.77747607755,0.77747607755,0.77747607755,0.77747607755,
CIMS.CAN.MB.Residential.Dwellings.Building Type.LowMed Density.Vintage.1981-2000 Bldg Code.Heating (Cold),Service,MB,Residential,Heating (Cold),Electric - ASHP / Electric - backup,service_request,,,CIMS.CAN.MB.Residential.Dwellings.Building Type.LowMed Density.Cooling,annual_tech,GJ of cooling,-0.004568364,-0.004568364,-0.004568364,-0.004568364,-0.004568364,-0.004568364,-0.004568364,-0.004568364,-0.004568364,-0.004568364,-0.004568364,
CIMS.CAN.MB.Residential.Dwellings.Building Type.LowMed Density.Vintage.1981-2000 Bldg Code.Heating (Cold),Service,MB,Residential,Heating (Cold),Heating Oil - Existing,technology,,,,,,,,,,,,,,,,,
CIMS.CAN.MB.Residential.Dwellings.Building Type.LowMed Density.Vintage.1981-2000 Bldg Code.Heating (Cold),Service,MB,Residential,Heating (Cold),Heating Oil - Existing,available,,,,constant_tech,Year,1950,1950,1950,1950,1950,1950,1950,1950,1950,1950,1950,
CIMS.CAN.MB.Residential.Dwellings.Building Type.LowMed Density.Vintage.1981-2000 Bldg Code.Heating (Cold),Service,MB,Residential,Heating (Cold),Heating Oil - Existing,unavailable,,,,constant_tech,Year,2001,2001,2001,2001,2001,2001,2001,2001,2001,2001,2001,
CIMS.CAN.MB.Residential.Dwellings.Building Type.LowMed Density.Vintage.1981-2000 Bldg Code.Heating (Cold),Service,MB,Residential,Heating (Cold),Heating Oil - Existing,lifetime,,,,constant_tech,Years,23,23,23,23,23,23,23,23,23,23,23,
CIMS.CAN.MB.Residential.Dwellings.Building Type.LowMed Density.Vintage.1981-2000 Bldg Code.Heating (Cold),Service,MB,Residential,Heating (Cold),Heating Oil - Existing,market_share_total,,,,annual_region_tech,%,0.00809164069241,,,,,,,,,,,
CIMS.CAN.MB.Residential.Dwellings.Building Type.LowMed Density.Vintage.1981-2000 Bldg Code.Heating (Cold),Service,MB,Residential,Heating (Cold),Heating Oil - Existing,output,,,,constant_tech,node unit,31.399776,31.399776,31.399776,31.399776,31.399776,31.399776,31.399776,31.399776,31.399776,31.399776,31.399776,
CIMS.CAN.MB.Residential.Dwellings.Building Type.LowMed Density.Vintage.1981-2000 Bldg Code.Heating (Cold),Service,MB,Residential,Heating (Cold),Heating Oil - Existing,fcc,,,,constant_tech,$,5943.891772,5943.891772,5943.891772,5943.891772,5943.891772,5943.891772,5943.891772,5943.891772,5943.891772,5943.891772,5943.891772,
CIMS.CAN.MB.Residential.Dwellings.Building Type.LowMed Density.Vintage.1981-2000 Bldg Code.Heating (Cold),Service,MB,Residential,Heating (Cold),Heating Oil - Existing,fom,,,,constant_tech,$,100.1076509,100.1076509,100.1076509,100.1076509,100.1076509,100.1076509,100.1076509,100.1076509,100.1076509,100.1076509,100.1076509,
CIMS.CAN.MB.Residential.Dwellings.Building Type.LowMed Density.Vintage.1981-2000 Bldg Code.Heating (Cold),Service,MB,Residential,Heating (Cold),Heating Oil - Existing,service_request,,,CIMS.Generic Fuels.Fuel Oil,annual_tech,GJ,1.666666667,1.666666667,1.666666667,1.666666667,1.666666667,1.666666667,1.666666667,1.666666667,1.666666667,1.666666667,1.666666667,
CIMS.CAN.MB.Residential.Dwellings.Building Type.LowMed Density.Vintage.1981-2000 Bldg Code.Heating (Cold),Service,MB,Residential,Heating (Cold),Heating Oil - High Efficiency,technology,,,,,,,,,,,,,,,,,
CIMS.CAN.MB.Residential.Dwellings.Building Type.LowMed Density.Vintage.1981-2000 Bldg Code.Heating (Cold),Service,MB,Residential,Heating (Cold),Heating Oil - High Efficiency,available,,,,constant_tech,Year,2000,2000,2000,2000,2000,2000,2000,2000,2000,2000,2000,
CIMS.CAN.MB.Residential.Dwellings.Building Type.LowMed Density.Vintage.1981-2000 Bldg Code.Heating (Cold),Service,MB,Residential,Heating (Cold),Heating Oil - High Efficiency,unavailable,,,,constant_tech,Year,2101,2101,2101,2101,2101,2101,2101,2101,2101,2101,2101,
CIMS.CAN.MB.Residential.Dwellings.Building Type.LowMed Density.Vintage.1981-2000 Bldg Code.Heating (Cold),Service,MB,Residential,Heating (Cold),Heating Oil - High Efficiency,lifetime,,,,constant_tech,Years,23,23,23,23,23,23,23,23,23,23,23,
CIMS.CAN.MB.Residential.Dwellings.Building Type.LowMed Density.Vintage.1981-2000 Bldg Code.Heating (Cold),Service,MB,Residential,Heating (Cold),Heating Oil - High Efficiency,market_share_total,,,,annual_region_tech,%,0.01424915326865,,,,,,,,,,,
CIMS.CAN.MB.Residential.Dwellings.Building Type.LowMed Density.Vintage.1981-2000 Bldg Code.Heating (Cold),Service,MB,Residential,Heating (Cold),Heating Oil - High Efficiency,output,,,,constant_tech,node unit,31.399776,31.399776,31.399776,31.399776,31.399776,31.399776,31.399776,31.399776,31.399776,31.399776,31.399776,
CIMS.CAN.MB.Residential.Dwellings.Building Type.LowMed Density.Vintage.1981-2000 Bldg Code.Heating (Cold),Service,MB,Residential,Heating (Cold),Heating Oil - High Efficiency,fcc,,,,constant_tech,$,9541.510477,9541.510477,9541.510477,9541.510477,9541.510477,9541.510477,9541.510477,9541.510477,9541.510477,9541.510477,9541.510477,
CIMS.CAN.MB.Residential.Dwellings.Building Type.LowMed Density.Vintage.1981-2000 Bldg Code.Heating (Cold),Service,MB,Residential,Heating (Cold),Heating Oil - High Efficiency,fom,,,,constant_tech,$,100.1076509,100.1076509,100.1076509,100.1076509,100.1076509,100.1076509,100.1076509,100.1076509,100.1076509,100.1076509,100.1076509,
CIMS.CAN.MB.Residential.Dwellings.Building Type.LowMed Density.Vintage.1981-2000 Bldg Code.Heating (Cold),Service,MB,Residential,Heating (Cold),Heating Oil - High Efficiency,service_request,,,CIMS.Generic Fuels.Fuel Oil,annual_tech,GJ,1.162790698,1.162790698,1.162790698,1.162790698,1.162790698,1.162790698,1.162790698,1.162790698,1.162790698,1.162790698,1.162790698,
CIMS.CAN.MB.Residential.Dwellings.Building Type.LowMed Density.Vintage.1981-2000 Bldg Code.Heating (Cold),Service,MB,Residential,Heating (Cold),Wood,technology,,,,,,,,,,,,,,,,,
CIMS.CAN.MB.Residential.Dwellings.Building Type.LowMed Density.Vintage.1981-2000 Bldg Code.Heating (Cold),Service,MB,Residential,Heating (Cold),Wood,available,,,,constant_tech,Year,1950,1950,1950,1950,1950,1950,1950,1950,1950,1950,1950,
CIMS.CAN.MB.Residential.Dwellings.Building Type.LowMed Density.Vintage.1981-2000 Bldg Code.Heating (Cold),Service,MB,Residential,Heating (Cold),Wood,unavailable,,,,constant_tech,Year,2101,2101,2101,2101,2101,2101,2101,2101,2101,2101,2101,
CIMS.CAN.MB.Residential.Dwellings.Building Type.LowMed Density.Vintage.1981-2000 Bldg Code.Heating (Cold),Service,MB,Residential,Heating (Cold),Wood,lifetime,,,,constant_tech,Years,18.5,18.5,18.5,18.5,18.5,18.5,18.5,18.5,18.5,18.5,18.5,
CIMS.CAN.MB.Residential.Dwellings.Building Type.LowMed Density.Vintage.1981-2000 Bldg Code.Heating (Cold),Service,MB,Residential,Heating (Cold),Wood,market_share_total,,,,annual_region_tech,%,0.07075856563415,,,,,,,,,,,
CIMS.CAN.MB.Residential.Dwellings.Building Type.LowMed Density.Vintage.1981-2000 Bldg Code.Heating (Cold),Service,MB,Residential,Heating (Cold),Wood,output,,,,constant_tech,node unit,31.399776,31.399776,31.399776,31.399776,31.399776,31.399776,31.399776,31.399776,31.399776,31.399776,31.399776,
CIMS.CAN.MB.Residential.Dwellings.Building Type.LowMed Density.Vintage.1981-2000 Bldg Code.Heating (Cold),Service,MB,Residential,Heating (Cold),Wood,fcc,,,,constant_tech,$,8000.269768,8000.269768,8000.269768,8000.269768,8000.269768,8000.269768,8000.269768,8000.269768,8000.269768,8000.269768,8000.269768,
CIMS.CAN.MB.Residential.Dwellings.Building Type.LowMed Density.Vintage.1981-2000 Bldg Code.Heating (Cold),Service,MB,Residential,Heating (Cold),Wood,fom,,,,constant_tech,$,250.2691273,250.2691273,250.2691273,250.2691273,250.2691273,250.2691273,250.2691273,250.2691273,250.2691273,250.2691273,250.2691273,
CIMS.CAN.MB.Residential.Dwellings.Building Type.LowMed Density.Vintage.1981-2000 Bldg Code.Heating (Cold),Service,MB,Residential,Heating (Cold),Wood,service_request,,,CIMS.Generic Fuels.Solid Biomass,annual_tech,GJ,2,2,2,2,2,2,2,2,2,2,2,
CIMS.CAN.MB.Residential.Dwellings.Building Type.LowMed Density.Vintage.2001-2020 Bldg Code,Service,MB,Residential,2001-2020 Bldg Code,,service_provide,,,,constant_tech,m2,,,,,,,,,,,,
CIMS.CAN.MB.Residential.Dwellings.Building Type.LowMed Density.Vintage.2001-2020 Bldg Code,Service,MB,Residential,2001-2020 Bldg Code,,competition,Tech Compete,,,,,,,,,,,,,,,,
CIMS.CAN.MB.Residential.Dwellings.Building Type.LowMed Density.Vintage.2001-2020 Bldg Code,Service,MB,Residential,2001-2020 Bldg Code,,discount_rate_financial,,,,constant_tech,%,0.25,0.25,0.25,0.25,0.25,0.25,0.25,0.25,0.25,0.25,0.25,
CIMS.CAN.MB.Residential.Dwellings.Building Type.LowMed Density.Vintage.2001-2020 Bldg Code,Service,MB,Residential,2001-2020 Bldg Code,,heterogeneity,,,,constant_tech,,10,10,10,10,10,10,10,10,10,10,10,
CIMS.CAN.MB.Residential.Dwellings.Building Type.LowMed Density.Vintage.2001-2020 Bldg Code,Service,MB,Residential,2001-2020 Bldg Code,Reference,technology,,,,,,,,,,,,,,,,,
CIMS.CAN.MB.Residential.Dwellings.Building Type.LowMed Density.Vintage.2001-2020 Bldg Code,Service,MB,Residential,2001-2020 Bldg Code,Reference,available,,,,constant_tech,Year,2001,2001,2001,2001,2001,2001,2001,2001,2001,2001,2001,
CIMS.CAN.MB.Residential.Dwellings.Building Type.LowMed Density.Vintage.2001-2020 Bldg Code,Service,MB,Residential,2001-2020 Bldg Code,Reference,unavailable,,,,constant_tech,Year,2021,2021,2021,2021,2021,2021,2021,2021,2021,2021,2021,
CIMS.CAN.MB.Residential.Dwellings.Building Type.LowMed Density.Vintage.2001-2020 Bldg Code,Service,MB,Residential,2001-2020 Bldg Code,Reference,lifetime,,,,constant_tech,Years,65,65,65,65,65,65,65,65,65,65,65,
CIMS.CAN.MB.Residential.Dwellings.Building Type.LowMed Density.Vintage.2001-2020 Bldg Code,Service,MB,Residential,2001-2020 Bldg Code,Reference,market_share_total,,,,annual_tech,%,1,,,,,,,,,,,
CIMS.CAN.MB.Residential.Dwellings.Building Type.LowMed Density.Vintage.2001-2020 Bldg Code,Service,MB,Residential,2001-2020 Bldg Code,Reference,service_request,,,CIMS.CAN.MB.Residential.Dwellings.Building Type.LowMed Density.Vintage.2001-2020 Bldg Code.Heating (Cold),annual_region_tech,GJ,0.23274034946975,0.23830155873205,0.24225701555546,0.25825862356072,0.28750034377479,0.28750034377479,0.28750034377479,0.28750034377479,0.28750034377479,0.28750034377479,0.28750034377479,
CIMS.CAN.MB.Residential.Dwellings.Building Type.LowMed Density.Vintage.2001-2020 Bldg Code,Service,MB,Residential,2001-2020 Bldg Code,Retrofit Average,technology,,,,,,,,,,,,,,,,,
CIMS.CAN.MB.Residential.Dwellings.Building Type.LowMed Density.Vintage.2001-2020 Bldg Code,Service,MB,Residential,2001-2020 Bldg Code,Retrofit Average,available,,,,constant_tech,Year,2001,2001,2001,2001,2001,2001,2001,2001,2001,2001,2001,
CIMS.CAN.MB.Residential.Dwellings.Building Type.LowMed Density.Vintage.2001-2020 Bldg Code,Service,MB,Residential,2001-2020 Bldg Code,Retrofit Average,unavailable,,,,constant_tech,Year,2101,2101,2101,2101,2101,2101,2101,2101,2101,2101,2101,
CIMS.CAN.MB.Residential.Dwellings.Building Type.LowMed Density.Vintage.2001-2020 Bldg Code,Service,MB,Residential,2001-2020 Bldg Code,Retrofit Average,lifetime,,,,constant_tech,Years,65,65,65,65,65,65,65,65,65,65,65,
CIMS.CAN.MB.Residential.Dwellings.Building Type.LowMed Density.Vintage.2001-2020 Bldg Code,Service,MB,Residential,2001-2020 Bldg Code,Retrofit Average,market_share_total,,,,annual_tech,%,0,,,,,,,,,,,
CIMS.CAN.MB.Residential.Dwellings.Building Type.LowMed Density.Vintage.2001-2020 Bldg Code,Service,MB,Residential,2001-2020 Bldg Code,Retrofit Average,fcc,,,,constant_tech,$,1565,1565,1565,1565,1565,1565,1565,1565,1565,1565,1565,
CIMS.CAN.MB.Residential.Dwellings.Building Type.LowMed Density.Vintage.2001-2020 Bldg Code,Service,MB,Residential,2001-2020 Bldg Code,Retrofit Average,market_share_new_max,,,,constant_tech,%,0,0,0,0,0,0,0,0,0,0,0,
CIMS.CAN.MB.Residential.Dwellings.Building Type.LowMed Density.Vintage.2001-2020 Bldg Code,Service,MB,Residential,2001-2020 Bldg Code,Retrofit Average,service_request,,,CIMS.CAN.MB.Residential.Dwellings.Building Type.LowMed Density.Vintage.2001-2020 Bldg Code.Heating (Cold),annual_region_tech,GJ,0.16291824462882,0.16681109111244,0.16957991088882,0.1807810364925,0.20125024064235,0.20125024064235,0.20125024064235,0.20125024064235,0.20125024064235,0.20125024064235,0.20125024064235,
CIMS.CAN.MB.Residential.Dwellings.Building Type.LowMed Density.Vintage.2001-2020 Bldg Code,Service,MB,Residential,2001-2020 Bldg Code,Retrofit Deep,technology,,,,,,,,,,,,,,,,,
CIMS.CAN.MB.Residential.Dwellings.Building Type.LowMed Density.Vintage.2001-2020 Bldg Code,Service,MB,Residential,2001-2020 Bldg Code,Retrofit Deep,available,,,,constant_tech,Year,2001,2001,2001,2001,2001,2001,2001,2001,2001,2001,2001,
CIMS.CAN.MB.Residential.Dwellings.Building Type.LowMed Density.Vintage.2001-2020 Bldg Code,Service,MB,Residential,2001-2020 Bldg Code,Retrofit Deep,unavailable,,,,constant_tech,Year,2101,2101,2101,2101,2101,2101,2101,2101,2101,2101,2101,
CIMS.CAN.MB.Residential.Dwellings.Building Type.LowMed Density.Vintage.2001-2020 Bldg Code,Service,MB,Residential,2001-2020 Bldg Code,Retrofit Deep,lifetime,,,,constant_tech,Years,65,65,65,65,65,65,65,65,65,65,65,
CIMS.CAN.MB.Residential.Dwellings.Building Type.LowMed Density.Vintage.2001-2020 Bldg Code,Service,MB,Residential,2001-2020 Bldg Code,Retrofit Deep,market_share_total,,,,annual_tech,%,0,,,,,,,,,,,
CIMS.CAN.MB.Residential.Dwellings.Building Type.LowMed Density.Vintage.2001-2020 Bldg Code,Service,MB,Residential,2001-2020 Bldg Code,Retrofit Deep,fcc,,,,constant_tech,$,3130,3130,3130,3130,3130,3130,3130,3130,3130,3130,3130,
CIMS.CAN.MB.Residential.Dwellings.Building Type.LowMed Density.Vintage.2001-2020 Bldg Code,Service,MB,Residential,2001-2020 Bldg Code,Retrofit Deep,market_share_new_max,,,,constant_tech,%,0,0,0,0,0,0,0,0,0,0,0,
CIMS.CAN.MB.Residential.Dwellings.Building Type.LowMed Density.Vintage.2001-2020 Bldg Code,Service,MB,Residential,2001-2020 Bldg Code,Retrofit Deep,service_request,,,CIMS.CAN.MB.Residential.Dwellings.Building Type.LowMed Density.Vintage.2001-2020 Bldg Code.Heating (Cold),annual_region_tech,GJ,0.11637017473488,0.11915077936603,0.12112850777773,0.12912931178036,0.1437501718874,0.1437501718874,0.1437501718874,0.1437501718874,0.1437501718874,0.1437501718874,0.1437501718874,
CIMS.CAN.MB.Residential.Dwellings.Building Type.LowMed Density.Vintage.2001-2020 Bldg Code.Heating (Cold),Service,MB,Residential,Heating (Cold),,service_provide,,,,constant_tech,GJ of heat,,,,,,,,,,,,
CIMS.CAN.MB.Residential.Dwellings.Building Type.LowMed Density.Vintage.2001-2020 Bldg Code.Heating (Cold),Service,MB,Residential,Heating (Cold),,competition,Tech Compete,,,,,,,,,,,,,,,,
CIMS.CAN.MB.Residential.Dwellings.Building Type.LowMed Density.Vintage.2001-2020 Bldg Code.Heating (Cold),Service,MB,Residential,Heating (Cold),,discount_rate_financial,,,,constant_tech,%,0.25,0.25,0.25,0.25,0.25,0.25,0.25,0.25,0.25,0.25,0.25,
CIMS.CAN.MB.Residential.Dwellings.Building Type.LowMed Density.Vintage.2001-2020 Bldg Code.Heating (Cold),Service,MB,Residential,Heating (Cold),,inheritance,intercept_retirement,,,constant_tech,,TRUE,TRUE,TRUE,TRUE,TRUE,TRUE,TRUE,TRUE,TRUE,TRUE,TRUE,
CIMS.CAN.MB.Residential.Dwellings.Building Type.LowMed Density.Vintage.2001-2020 Bldg Code.Heating (Cold),Service,MB,Residential,Heating (Cold),,heterogeneity,,,,constant_tech,,10,10,10,10,10,10,10,10,10,10,10,
CIMS.CAN.MB.Residential.Dwellings.Building Type.LowMed Density.Vintage.2001-2020 Bldg Code.Heating (Cold),Service,MB,Residential,Heating (Cold),NG - Standard Efficiency,technology,,,,,,,,,,,,,,,,,
CIMS.CAN.MB.Residential.Dwellings.Building Type.LowMed Density.Vintage.2001-2020 Bldg Code.Heating (Cold),Service,MB,Residential,Heating (Cold),NG - Standard Efficiency,available,,,,constant_tech,Year,1990,1990,1990,1990,1990,1990,1990,1990,1990,1990,1990,
CIMS.CAN.MB.Residential.Dwellings.Building Type.LowMed Density.Vintage.2001-2020 Bldg Code.Heating (Cold),Service,MB,Residential,Heating (Cold),NG - Standard Efficiency,unavailable,,,,constant_tech,Year,2101,2101,2101,2101,2101,2101,2101,2101,2101,2101,2101,
CIMS.CAN.MB.Residential.Dwellings.Building Type.LowMed Density.Vintage.2001-2020 Bldg Code.Heating (Cold),Service,MB,Residential,Heating (Cold),NG - Standard Efficiency,lifetime,,,,constant_tech,Years,19,19,19,19,19,19,19,19,19,19,19,
CIMS.CAN.MB.Residential.Dwellings.Building Type.LowMed Density.Vintage.2001-2020 Bldg Code.Heating (Cold),Service,MB,Residential,Heating (Cold),NG - Standard Efficiency,market_share_total,,,,annual_tech,%,1,,,,,,,,,,,
CIMS.CAN.MB.Residential.Dwellings.Building Type.LowMed Density.Vintage.2001-2020 Bldg Code.Heating (Cold),Service,MB,Residential,Heating (Cold),NG - Standard Efficiency,output,,,,constant_tech,node unit,31.399776,31.399776,31.399776,31.399776,31.399776,31.399776,31.399776,31.399776,31.399776,31.399776,31.399776,
CIMS.CAN.MB.Residential.Dwellings.Building Type.LowMed Density.Vintage.2001-2020 Bldg Code.Heating (Cold),Service,MB,Residential,Heating (Cold),NG - Standard Efficiency,fcc,,,,constant_tech,$,5005.382545,5005.382545,5005.382545,5005.382545,5005.382545,5005.382545,5005.382545,5005.382545,5005.382545,5005.382545,5005.382545,
CIMS.CAN.MB.Residential.Dwellings.Building Type.LowMed Density.Vintage.2001-2020 Bldg Code.Heating (Cold),Service,MB,Residential,Heating (Cold),NG - Standard Efficiency,fom,,,,constant_tech,$,162.6749327,162.6749327,162.6749327,162.6749327,162.6749327,162.6749327,162.6749327,162.6749327,162.6749327,162.6749327,162.6749327,
CIMS.CAN.MB.Residential.Dwellings.Building Type.LowMed Density.Vintage.2001-2020 Bldg Code.Heating (Cold),Service,MB,Residential,Heating (Cold),NG - Standard Efficiency,service_request,,,CIMS.CAN.MB.Residential.Methane Blend,annual_tech,GJ,1.32911392425,1.32911392425,1.32911392425,1.32911392425,1.32911392425,1.32911392425,1.32911392425,1.32911392425,1.32911392425,1.32911392425,1.32911392425,
CIMS.CAN.MB.Residential.Dwellings.Building Type.LowMed Density.Vintage.2001-2020 Bldg Code.Heating (Cold),Service,MB,Residential,Heating (Cold),NG - High Efficiency,technology,,,,,,,,,,,,,,,,,
CIMS.CAN.MB.Residential.Dwellings.Building Type.LowMed Density.Vintage.2001-2020 Bldg Code.Heating (Cold),Service,MB,Residential,Heating (Cold),NG - High Efficiency,available,,,,constant_tech,Year,2000,2000,2000,2000,2000,2000,2000,2000,2000,2000,2000,
CIMS.CAN.MB.Residential.Dwellings.Building Type.LowMed Density.Vintage.2001-2020 Bldg Code.Heating (Cold),Service,MB,Residential,Heating (Cold),NG - High Efficiency,unavailable,,,,constant_tech,Year,2101,2101,2101,2101,2101,2101,2101,2101,2101,2101,2101,
CIMS.CAN.MB.Residential.Dwellings.Building Type.LowMed Density.Vintage.2001-2020 Bldg Code.Heating (Cold),Service,MB,Residential,Heating (Cold),NG - High Efficiency,lifetime,,,,constant_tech,Years,19,19,19,19,19,19,19,19,19,19,19,
CIMS.CAN.MB.Residential.Dwellings.Building Type.LowMed Density.Vintage.2001-2020 Bldg Code.Heating (Cold),Service,MB,Residential,Heating (Cold),NG - High Efficiency,market_share_total,,,,annual_tech,%,0,,,,,,,,,,,
CIMS.CAN.MB.Residential.Dwellings.Building Type.LowMed Density.Vintage.2001-2020 Bldg Code.Heating (Cold),Service,MB,Residential,Heating (Cold),NG - High Efficiency,output,,,,constant_tech,node unit,31.399776,31.399776,31.399776,31.399776,31.399776,31.399776,31.399776,31.399776,31.399776,31.399776,31.399776,
CIMS.CAN.MB.Residential.Dwellings.Building Type.LowMed Density.Vintage.2001-2020 Bldg Code.Heating (Cold),Service,MB,Residential,Heating (Cold),NG - High Efficiency,fcc,,,,constant_tech,$,6231.7012692,6231.7012692,6231.7012692,6231.7012692,6231.7012692,6231.7012692,6231.7012692,6231.7012692,6231.7012692,6231.7012692,6231.7012692,
CIMS.CAN.MB.Residential.Dwellings.Building Type.LowMed Density.Vintage.2001-2020 Bldg Code.Heating (Cold),Service,MB,Residential,Heating (Cold),NG - High Efficiency,fom,,,,constant_tech,$,162.6749327,162.6749327,162.6749327,162.6749327,162.6749327,162.6749327,162.6749327,162.6749327,162.6749327,162.6749327,162.6749327,
CIMS.CAN.MB.Residential.Dwellings.Building Type.LowMed Density.Vintage.2001-2020 Bldg Code.Heating (Cold),Service,MB,Residential,Heating (Cold),NG - High Efficiency,service_request,,,CIMS.CAN.MB.Residential.Methane Blend,annual_tech,GJ,1.16666666655,1.16666666655,1.16666666655,1.16666666655,1.16666666655,1.16666666655,1.16666666655,1.16666666655,1.16666666655,1.16666666655,1.16666666655,
CIMS.CAN.MB.Residential.Dwellings.Building Type.LowMed Density.Vintage.2001-2020 Bldg Code.Heating (Cold),Service,MB,Residential,Heating (Cold),NG - ASHP / NG - backup,technology,,,,,,,,,,,,,,,,,
CIMS.CAN.MB.Residential.Dwellings.Building Type.LowMed Density.Vintage.2001-2020 Bldg Code.Heating (Cold),Service,MB,Residential,Heating (Cold),NG - ASHP / NG - backup,available,,,,constant_tech,Year,2000,2000,2000,2000,2000,2000,2000,2000,2000,2000,2000,
CIMS.CAN.MB.Residential.Dwellings.Building Type.LowMed Density.Vintage.2001-2020 Bldg Code.Heating (Cold),Service,MB,Residential,Heating (Cold),NG - ASHP / NG - backup,unavailable,,,,constant_tech,Year,2101,2101,2101,2101,2101,2101,2101,2101,2101,2101,2101,
CIMS.CAN.MB.Residential.Dwellings.Building Type.LowMed Density.Vintage.2001-2020 Bldg Code.Heating (Cold),Service,MB,Residential,Heating (Cold),NG - ASHP / NG - backup,lifetime,,,,constant_tech,Years,15,15,15,15,15,15,15,15,15,15,15,
CIMS.CAN.MB.Residential.Dwellings.Building Type.LowMed Density.Vintage.2001-2020 Bldg Code.Heating (Cold),Service,MB,Residential,Heating (Cold),NG - ASHP / NG - backup,market_share_total,,,,annual_tech,%,0,,,,,,,,,,,
CIMS.CAN.MB.Residential.Dwellings.Building Type.LowMed Density.Vintage.2001-2020 Bldg Code.Heating (Cold),Service,MB,Residential,Heating (Cold),NG - ASHP / NG - backup,output,,,,constant_tech,node unit,31.399776,31.399776,31.399776,31.399776,31.399776,31.399776,31.399776,31.399776,31.399776,31.399776,31.399776,
CIMS.CAN.MB.Residential.Dwellings.Building Type.LowMed Density.Vintage.2001-2020 Bldg Code.Heating (Cold),Service,MB,Residential,Heating (Cold),NG - ASHP / NG - backup,fcc,,,,constant_tech,$,20015.27345,20015.27345,20015.27345,20015.27345,20015.27345,20015.27345,20015.27345,20015.27345,20015.27345,20015.27345,20015.27345,
CIMS.CAN.MB.Residential.Dwellings.Building Type.LowMed Density.Vintage.2001-2020 Bldg Code.Heating (Cold),Service,MB,Residential,Heating (Cold),NG - ASHP / NG - backup,fom,,,,constant_tech,$,250.2691273,250.2691273,250.2691273,250.2691273,250.2691273,250.2691273,250.2691273,250.2691273,250.2691273,250.2691273,250.2691273,
CIMS.CAN.MB.Residential.Dwellings.Building Type.LowMed Density.Vintage.2001-2020 Bldg Code.Heating (Cold),Service,MB,Residential,Heating (Cold),NG - ASHP / NG - backup,service_request,,,CIMS.CAN.MB.Residential.Methane Blend,annual_tech,GJ,2.1593627892625,2.1593627892625,2.1593627892625,2.1593627892625,2.1593627892625,2.1593627892625,2.1593627892625,2.1593627892625,2.1593627892625,2.1593627892625,2.1593627892625,
CIMS.CAN.MB.Residential.Dwellings.Building Type.LowMed Density.Vintage.2001-2020 Bldg Code.Heating (Cold),Service,MB,Residential,Heating (Cold),NG - ASHP / NG - backup,service_request,,,CIMS.CAN.MB.Residential.Dwellings.Building Type.LowMed Density.Cooling,annual_tech,GJ of cooling,-0.004568364,-0.004568364,-0.004568364,-0.004568364,-0.004568364,-0.004568364,-0.004568364,-0.004568364,-0.004568364,-0.004568364,-0.004568364,
CIMS.CAN.MB.Residential.Dwellings.Building Type.LowMed Density.Vintage.2001-2020 Bldg Code.Heating (Cold),Service,MB,Residential,Heating (Cold),Electric - Standard Efficiency,technology,,,,,,,,,,,,,,,,,
CIMS.CAN.MB.Residential.Dwellings.Building Type.LowMed Density.Vintage.2001-2020 Bldg Code.Heating (Cold),Service,MB,Residential,Heating (Cold),Electric - Standard Efficiency,available,,,,constant_tech,Year,1950,1950,1950,1950,1950,1950,1950,1950,1950,1950,1950,
CIMS.CAN.MB.Residential.Dwellings.Building Type.LowMed Density.Vintage.2001-2020 Bldg Code.Heating (Cold),Service,MB,Residential,Heating (Cold),Electric - Standard Efficiency,unavailable,,,,constant_tech,Year,2101,2101,2101,2101,2101,2101,2101,2101,2101,2101,2101,
CIMS.CAN.MB.Residential.Dwellings.Building Type.LowMed Density.Vintage.2001-2020 Bldg Code.Heating (Cold),Service,MB,Residential,Heating (Cold),Electric - Standard Efficiency,lifetime,,,,constant_tech,Years,22.5,22.5,22.5,22.5,22.5,22.5,22.5,22.5,22.5,22.5,22.5,
CIMS.CAN.MB.Residential.Dwellings.Building Type.LowMed Density.Vintage.2001-2020 Bldg Code.Heating (Cold),Service,MB,Residential,Heating (Cold),Electric - Standard Efficiency,market_share_total,,,,annual_tech,%,0,,,,,,,,,,,
CIMS.CAN.MB.Residential.Dwellings.Building Type.LowMed Density.Vintage.2001-2020 Bldg Code.Heating (Cold),Service,MB,Residential,Heating (Cold),Electric - Standard Efficiency,output,,,,constant_tech,node unit,31.399776,31.399776,31.399776,31.399776,31.399776,31.399776,31.399776,31.399776,31.399776,31.399776,31.399776,
CIMS.CAN.MB.Residential.Dwellings.Building Type.LowMed Density.Vintage.2001-2020 Bldg Code.Heating (Cold),Service,MB,Residential,Heating (Cold),Electric - Standard Efficiency,fcc,,,,constant_tech,$,3822.860919,3822.860919,3822.860919,3822.860919,3822.860919,3822.860919,3822.860919,3822.860919,3822.860919,3822.860919,3822.860919,
CIMS.CAN.MB.Residential.Dwellings.Building Type.LowMed Density.Vintage.2001-2020 Bldg Code.Heating (Cold),Service,MB,Residential,Heating (Cold),Electric - Standard Efficiency,service_request,,,CIMS.CAN.MB.Electricity,annual_tech,GJ,1,1,1,1,1,1,1,1,1,1,1,
CIMS.CAN.MB.Residential.Dwellings.Building Type.LowMed Density.Vintage.2001-2020 Bldg Code.Heating (Cold),Service,MB,Residential,Heating (Cold),Electric - ASHP / NG - backup,technology,,,,,,,,,,,,,,,,,
CIMS.CAN.MB.Residential.Dwellings.Building Type.LowMed Density.Vintage.2001-2020 Bldg Code.Heating (Cold),Service,MB,Residential,Heating (Cold),Electric - ASHP / NG - backup,available,,,,constant_tech,Year,2000,2000,2000,2000,2000,2000,2000,2000,2000,2000,2000,
CIMS.CAN.MB.Residential.Dwellings.Building Type.LowMed Density.Vintage.2001-2020 Bldg Code.Heating (Cold),Service,MB,Residential,Heating (Cold),Electric - ASHP / NG - backup,unavailable,,,,constant_tech,Year,2101,2101,2101,2101,2101,2101,2101,2101,2101,2101,2101,
CIMS.CAN.MB.Residential.Dwellings.Building Type.LowMed Density.Vintage.2001-2020 Bldg Code.Heating (Cold),Service,MB,Residential,Heating (Cold),Electric - ASHP / NG - backup,lifetime,,,,constant_tech,Years,15.5,15.5,15.5,15.5,15.5,15.5,15.5,15.5,15.5,15.5,15.5,
CIMS.CAN.MB.Residential.Dwellings.Building Type.LowMed Density.Vintage.2001-2020 Bldg Code.Heating (Cold),Service,MB,Residential,Heating (Cold),Electric - ASHP / NG - backup,market_share_total,,,,annual_tech,%,0,,,,,,,,,,,
CIMS.CAN.MB.Residential.Dwellings.Building Type.LowMed Density.Vintage.2001-2020 Bldg Code.Heating (Cold),Service,MB,Residential,Heating (Cold),Electric - ASHP / NG - backup,output,,,,constant_tech,node unit,31.399776,31.399776,31.399776,31.399776,31.399776,31.399776,31.399776,31.399776,31.399776,31.399776,31.399776,
CIMS.CAN.MB.Residential.Dwellings.Building Type.LowMed Density.Vintage.2001-2020 Bldg Code.Heating (Cold),Service,MB,Residential,Heating (Cold),Electric - ASHP / NG - backup,fcc,,,,constant_tech,$,9647.874856,9647.874856,9647.874856,9647.874856,9647.874856,9647.874856,9647.874856,9647.874856,9647.874856,9647.874856,9647.874856,
CIMS.CAN.MB.Residential.Dwellings.Building Type.LowMed Density.Vintage.2001-2020 Bldg Code.Heating (Cold),Service,MB,Residential,Heating (Cold),Electric - ASHP / NG - backup,fom,,,,constant_tech,$,269.0393118,269.0393118,269.0393118,269.0393118,269.0393118,269.0393118,269.0393118,269.0393118,269.0393118,269.0393118,269.0393118,
CIMS.CAN.MB.Residential.Dwellings.Building Type.LowMed Density.Vintage.2001-2020 Bldg Code.Heating (Cold),Service,MB,Residential,Heating (Cold),Electric - ASHP / NG - backup,service_request,,,CIMS.CAN.MB.Electricity,annual_tech,GJ,0.72747607755,0.72747607755,0.72747607755,0.72747607755,0.72747607755,0.72747607755,0.72747607755,0.72747607755,0.72747607755,0.72747607755,0.72747607755,
CIMS.CAN.MB.Residential.Dwellings.Building Type.LowMed Density.Vintage.2001-2020 Bldg Code.Heating (Cold),Service,MB,Residential,Heating (Cold),Electric - ASHP / NG - backup,service_request,,,CIMS.CAN.MB.Residential.Methane Blend,annual_tech,GJ,0.0583333333275,0.0583333333275,0.0583333333275,0.0583333333275,0.0583333333275,0.0583333333275,0.0583333333275,0.0583333333275,0.0583333333275,0.0583333333275,0.0583333333275,
CIMS.CAN.MB.Residential.Dwellings.Building Type.LowMed Density.Vintage.2001-2020 Bldg Code.Heating (Cold),Service,MB,Residential,Heating (Cold),Electric - ASHP / NG - backup,service_request,,,CIMS.CAN.MB.Residential.Dwellings.Building Type.LowMed Density.Cooling,annual_tech,GJ of cooling,-0.004568364,-0.004568364,-0.004568364,-0.004568364,-0.004568364,-0.004568364,-0.004568364,-0.004568364,-0.004568364,-0.004568364,-0.004568364,
CIMS.CAN.MB.Residential.Dwellings.Building Type.LowMed Density.Vintage.2001-2020 Bldg Code.Heating (Cold),Service,MB,Residential,Heating (Cold),Electric - ASHP / Electric - backup,technology,,,,,,,,,,,,,,,,,
CIMS.CAN.MB.Residential.Dwellings.Building Type.LowMed Density.Vintage.2001-2020 Bldg Code.Heating (Cold),Service,MB,Residential,Heating (Cold),Electric - ASHP / Electric - backup,available,,,,constant_tech,Year,2000,2000,2000,2000,2000,2000,2000,2000,2000,2000,2000,
CIMS.CAN.MB.Residential.Dwellings.Building Type.LowMed Density.Vintage.2001-2020 Bldg Code.Heating (Cold),Service,MB,Residential,Heating (Cold),Electric - ASHP / Electric - backup,unavailable,,,,constant_tech,Year,2101,2101,2101,2101,2101,2101,2101,2101,2101,2101,2101,
CIMS.CAN.MB.Residential.Dwellings.Building Type.LowMed Density.Vintage.2001-2020 Bldg Code.Heating (Cold),Service,MB,Residential,Heating (Cold),Electric - ASHP / Electric - backup,lifetime,,,,constant_tech,Years,15.5,15.5,15.5,15.5,15.5,15.5,15.5,15.5,15.5,15.5,15.5,
CIMS.CAN.MB.Residential.Dwellings.Building Type.LowMed Density.Vintage.2001-2020 Bldg Code.Heating (Cold),Service,MB,Residential,Heating (Cold),Electric - ASHP / Electric - backup,market_share_total,,,,annual_tech,%,0,,,,,,,,,,,
CIMS.CAN.MB.Residential.Dwellings.Building Type.LowMed Density.Vintage.2001-2020 Bldg Code.Heating (Cold),Service,MB,Residential,Heating (Cold),Electric - ASHP / Electric - backup,output,,,,constant_tech,node unit,31.399776,31.399776,31.399776,31.399776,31.399776,31.399776,31.399776,31.399776,31.399776,31.399776,31.399776,
CIMS.CAN.MB.Residential.Dwellings.Building Type.LowMed Density.Vintage.2001-2020 Bldg Code.Heating (Cold),Service,MB,Residential,Heating (Cold),Electric - ASHP / Electric - backup,fcc,,,,constant_tech,$,9373.830161,9373.830161,9373.830161,9373.830161,9373.830161,9373.830161,9373.830161,9373.830161,9373.830161,9373.830161,9373.830161,
CIMS.CAN.MB.Residential.Dwellings.Building Type.LowMed Density.Vintage.2001-2020 Bldg Code.Heating (Cold),Service,MB,Residential,Heating (Cold),Electric - ASHP / Electric - backup,fom,,,,constant_tech,$,106.3643791,106.3643791,106.3643791,106.3643791,106.3643791,106.3643791,106.3643791,106.3643791,106.3643791,106.3643791,106.3643791,
CIMS.CAN.MB.Residential.Dwellings.Building Type.LowMed Density.Vintage.2001-2020 Bldg Code.Heating (Cold),Service,MB,Residential,Heating (Cold),Electric - ASHP / Electric - backup,service_request,,,CIMS.CAN.MB.Electricity,annual_tech,GJ,0.77747607755,0.77747607755,0.77747607755,0.77747607755,0.77747607755,0.77747607755,0.77747607755,0.77747607755,0.77747607755,0.77747607755,0.77747607755,
CIMS.CAN.MB.Residential.Dwellings.Building Type.LowMed Density.Vintage.2001-2020 Bldg Code.Heating (Cold),Service,MB,Residential,Heating (Cold),Electric - ASHP / Electric - backup,service_request,,,CIMS.CAN.MB.Residential.Dwellings.Building Type.LowMed Density.Cooling,annual_tech,GJ of cooling,-0.004568364,-0.004568364,-0.004568364,-0.004568364,-0.004568364,-0.004568364,-0.004568364,-0.004568364,-0.004568364,-0.004568364,-0.004568364,
CIMS.CAN.MB.Residential.Dwellings.Building Type.LowMed Density.Vintage.2001-2020 Bldg Code.Heating (Cold),Service,MB,Residential,Heating (Cold),Electric - GSHP,technology,,,,,,,,,,,,,,,,,
CIMS.CAN.MB.Residential.Dwellings.Building Type.LowMed Density.Vintage.2001-2020 Bldg Code.Heating (Cold),Service,MB,Residential,Heating (Cold),Electric - GSHP,available,,,,constant_tech,Year,2000,2000,2000,2000,2000,2000,2000,2000,2000,2000,2000,
CIMS.CAN.MB.Residential.Dwellings.Building Type.LowMed Density.Vintage.2001-2020 Bldg Code.Heating (Cold),Service,MB,Residential,Heating (Cold),Electric - GSHP,unavailable,,,,constant_tech,Year,2101,2101,2101,2101,2101,2101,2101,2101,2101,2101,2101,
CIMS.CAN.MB.Residential.Dwellings.Building Type.LowMed Density.Vintage.2001-2020 Bldg Code.Heating (Cold),Service,MB,Residential,Heating (Cold),Electric - GSHP,lifetime,,,,constant_tech,Years,20,20,20,20,20,20,20,20,20,20,20,
CIMS.CAN.MB.Residential.Dwellings.Building Type.LowMed Density.Vintage.2001-2020 Bldg Code.Heating (Cold),Service,MB,Residential,Heating (Cold),Electric - GSHP,market_share_total,,,,annual_tech,%,0,,,,,,,,,,,
CIMS.CAN.MB.Residential.Dwellings.Building Type.LowMed Density.Vintage.2001-2020 Bldg Code.Heating (Cold),Service,MB,Residential,Heating (Cold),Electric - GSHP,output,,,,constant_tech,node unit,31.399776,31.399776,31.399776,31.399776,31.399776,31.399776,31.399776,31.399776,31.399776,31.399776,31.399776,
CIMS.CAN.MB.Residential.Dwellings.Building Type.LowMed Density.Vintage.2001-2020 Bldg Code.Heating (Cold),Service,MB,Residential,Heating (Cold),Electric - GSHP,fcc,,,,constant_tech,$,23775.56709,23775.56709,23775.56709,23775.56709,23775.56709,23775.56709,23775.56709,23775.56709,23775.56709,23775.56709,23775.56709,
CIMS.CAN.MB.Residential.Dwellings.Building Type.LowMed Density.Vintage.2001-2020 Bldg Code.Heating (Cold),Service,MB,Residential,Heating (Cold),Electric - GSHP,fom,,,,constant_tech,$,112.6211073,112.6211073,112.6211073,112.6211073,112.6211073,112.6211073,112.6211073,112.6211073,112.6211073,112.6211073,112.6211073,
CIMS.CAN.MB.Residential.Dwellings.Building Type.LowMed Density.Vintage.2001-2020 Bldg Code.Heating (Cold),Service,MB,Residential,Heating (Cold),Electric - GSHP,service_request,,,CIMS.CAN.MB.Electricity,annual_tech,GJ,0.486428472,0.486428472,0.486428472,0.486428472,0.486428472,0.486428472,0.486428472,0.486428472,0.486428472,0.486428472,0.486428472,
CIMS.CAN.MB.Residential.Dwellings.Building Type.LowMed Density.Vintage.2001-2020 Bldg Code.Heating (Cold),Service,MB,Residential,Heating (Cold),Electric - GSHP,service_request,,,CIMS.CAN.MB.Residential.Dwellings.Building Type.LowMed Density.Cooling,annual_tech,GJ of cooling,-0.004568364,-0.004568364,-0.004568364,-0.004568364,-0.004568364,-0.004568364,-0.004568364,-0.004568364,-0.004568364,-0.004568364,-0.004568364,
CIMS.CAN.MB.Residential.Dwellings.Building Type.LowMed Density.Vintage.2001-2020 Bldg Code.Heating (Cold),Service,MB,Residential,Heating (Cold),Heating Oil - Standard Efficiency,technology,,,,,,,,,,,,,,,,,
CIMS.CAN.MB.Residential.Dwellings.Building Type.LowMed Density.Vintage.2001-2020 Bldg Code.Heating (Cold),Service,MB,Residential,Heating (Cold),Heating Oil - Standard Efficiency,available,,,,constant_tech,Year,1950,1950,1950,1950,1950,1950,1950,1950,1950,1950,1950,
CIMS.CAN.MB.Residential.Dwellings.Building Type.LowMed Density.Vintage.2001-2020 Bldg Code.Heating (Cold),Service,MB,Residential,Heating (Cold),Heating Oil - Standard Efficiency,unavailable,,,,constant_tech,Year,2021,2021,2021,2021,2021,2021,2021,2021,2021,2021,2021,
CIMS.CAN.MB.Residential.Dwellings.Building Type.LowMed Density.Vintage.2001-2020 Bldg Code.Heating (Cold),Service,MB,Residential,Heating (Cold),Heating Oil - Standard Efficiency,lifetime,,,,constant_tech,Years,23,23,23,23,23,23,23,23,23,23,23,
CIMS.CAN.MB.Residential.Dwellings.Building Type.LowMed Density.Vintage.2001-2020 Bldg Code.Heating (Cold),Service,MB,Residential,Heating (Cold),Heating Oil - Standard Efficiency,market_share_total,,,,annual_tech,%,0,,,,,,,,,,,
CIMS.CAN.MB.Residential.Dwellings.Building Type.LowMed Density.Vintage.2001-2020 Bldg Code.Heating (Cold),Service,MB,Residential,Heating (Cold),Heating Oil - Standard Efficiency,output,,,,constant_tech,node unit,31.399776,31.399776,31.399776,31.399776,31.399776,31.399776,31.399776,31.399776,31.399776,31.399776,31.399776,
CIMS.CAN.MB.Residential.Dwellings.Building Type.LowMed Density.Vintage.2001-2020 Bldg Code.Heating (Cold),Service,MB,Residential,Heating (Cold),Heating Oil - Standard Efficiency,fcc,,,,constant_tech,$,6444.430027,6444.430027,6444.430027,6444.430027,6444.430027,6444.430027,6444.430027,6444.430027,6444.430027,6444.430027,6444.430027,
CIMS.CAN.MB.Residential.Dwellings.Building Type.LowMed Density.Vintage.2001-2020 Bldg Code.Heating (Cold),Service,MB,Residential,Heating (Cold),Heating Oil - Standard Efficiency,fom,,,,constant_tech,$,100.1076509,100.1076509,100.1076509,100.1076509,100.1076509,100.1076509,100.1076509,100.1076509,100.1076509,100.1076509,100.1076509,
CIMS.CAN.MB.Residential.Dwellings.Building Type.LowMed Density.Vintage.2001-2020 Bldg Code.Heating (Cold),Service,MB,Residential,Heating (Cold),Heating Oil - Standard Efficiency,service_request,,,CIMS.Generic Fuels.Fuel Oil,annual_tech,GJ,1.282051282,1.282051282,1.282051282,1.282051282,1.282051282,1.282051282,1.282051282,1.282051282,1.282051282,1.282051282,1.282051282,
CIMS.CAN.MB.Residential.Dwellings.Building Type.LowMed Density.Vintage.2001-2020 Bldg Code.Heating (Cold),Service,MB,Residential,Heating (Cold),Heating Oil - High Efficiency,technology,,,,,,,,,,,,,,,,,
CIMS.CAN.MB.Residential.Dwellings.Building Type.LowMed Density.Vintage.2001-2020 Bldg Code.Heating (Cold),Service,MB,Residential,Heating (Cold),Heating Oil - High Efficiency,available,,,,constant_tech,Year,2000,2000,2000,2000,2000,2000,2000,2000,2000,2000,2000,
CIMS.CAN.MB.Residential.Dwellings.Building Type.LowMed Density.Vintage.2001-2020 Bldg Code.Heating (Cold),Service,MB,Residential,Heating (Cold),Heating Oil - High Efficiency,unavailable,,,,constant_tech,Year,2101,2101,2101,2101,2101,2101,2101,2101,2101,2101,2101,
CIMS.CAN.MB.Residential.Dwellings.Building Type.LowMed Density.Vintage.2001-2020 Bldg Code.Heating (Cold),Service,MB,Residential,Heating (Cold),Heating Oil - High Efficiency,lifetime,,,,constant_tech,Years,23,23,23,23,23,23,23,23,23,23,23,
CIMS.CAN.MB.Residential.Dwellings.Building Type.LowMed Density.Vintage.2001-2020 Bldg Code.Heating (Cold),Service,MB,Residential,Heating (Cold),Heating Oil - High Efficiency,market_share_total,,,,annual_tech,%,0,,,,,,,,,,,
CIMS.CAN.MB.Residential.Dwellings.Building Type.LowMed Density.Vintage.2001-2020 Bldg Code.Heating (Cold),Service,MB,Residential,Heating (Cold),Heating Oil - High Efficiency,output,,,,constant_tech,node unit,31.399776,31.399776,31.399776,31.399776,31.399776,31.399776,31.399776,31.399776,31.399776,31.399776,31.399776,
CIMS.CAN.MB.Residential.Dwellings.Building Type.LowMed Density.Vintage.2001-2020 Bldg Code.Heating (Cold),Service,MB,Residential,Heating (Cold),Heating Oil - High Efficiency,fcc,,,,constant_tech,$,9541.510477,9541.510477,9541.510477,9541.510477,9541.510477,9541.510477,9541.510477,9541.510477,9541.510477,9541.510477,9541.510477,
CIMS.CAN.MB.Residential.Dwellings.Building Type.LowMed Density.Vintage.2001-2020 Bldg Code.Heating (Cold),Service,MB,Residential,Heating (Cold),Heating Oil - High Efficiency,fom,,,,constant_tech,$,100.1076509,100.1076509,100.1076509,100.1076509,100.1076509,100.1076509,100.1076509,100.1076509,100.1076509,100.1076509,100.1076509,
CIMS.CAN.MB.Residential.Dwellings.Building Type.LowMed Density.Vintage.2001-2020 Bldg Code.Heating (Cold),Service,MB,Residential,Heating (Cold),Heating Oil - High Efficiency,service_request,,,CIMS.Generic Fuels.Fuel Oil,annual_tech,GJ,1.162790698,1.162790698,1.162790698,1.162790698,1.162790698,1.162790698,1.162790698,1.162790698,1.162790698,1.162790698,1.162790698,
CIMS.CAN.MB.Residential.Dwellings.Building Type.LowMed Density.Vintage.2001-2020 Bldg Code.Heating (Cold),Service,MB,Residential,Heating (Cold),Wood,technology,,,,,,,,,,,,,,,,,
CIMS.CAN.MB.Residential.Dwellings.Building Type.LowMed Density.Vintage.2001-2020 Bldg Code.Heating (Cold),Service,MB,Residential,Heating (Cold),Wood,available,,,,constant_tech,Year,1950,1950,1950,1950,1950,1950,1950,1950,1950,1950,1950,
CIMS.CAN.MB.Residential.Dwellings.Building Type.LowMed Density.Vintage.2001-2020 Bldg Code.Heating (Cold),Service,MB,Residential,Heating (Cold),Wood,unavailable,,,,constant_tech,Year,2101,2101,2101,2101,2101,2101,2101,2101,2101,2101,2101,
CIMS.CAN.MB.Residential.Dwellings.Building Type.LowMed Density.Vintage.2001-2020 Bldg Code.Heating (Cold),Service,MB,Residential,Heating (Cold),Wood,lifetime,,,,constant_tech,Years,18.5,18.5,18.5,18.5,18.5,18.5,18.5,18.5,18.5,18.5,18.5,
CIMS.CAN.MB.Residential.Dwellings.Building Type.LowMed Density.Vintage.2001-2020 Bldg Code.Heating (Cold),Service,MB,Residential,Heating (Cold),Wood,market_share_total,,,,annual_tech,%,0,,,,,,,,,,,
CIMS.CAN.MB.Residential.Dwellings.Building Type.LowMed Density.Vintage.2001-2020 Bldg Code.Heating (Cold),Service,MB,Residential,Heating (Cold),Wood,output,,,,constant_tech,node unit,31.399776,31.399776,31.399776,31.399776,31.399776,31.399776,31.399776,31.399776,31.399776,31.399776,31.399776,
CIMS.CAN.MB.Residential.Dwellings.Building Type.LowMed Density.Vintage.2001-2020 Bldg Code.Heating (Cold),Service,MB,Residential,Heating (Cold),Wood,fcc,,,,constant_tech,$,8000.269768,8000.269768,8000.269768,8000.269768,8000.269768,8000.269768,8000.269768,8000.269768,8000.269768,8000.269768,8000.269768,
CIMS.CAN.MB.Residential.Dwellings.Building Type.LowMed Density.Vintage.2001-2020 Bldg Code.Heating (Cold),Service,MB,Residential,Heating (Cold),Wood,fom,,,,constant_tech,$,250.2691273,250.2691273,250.2691273,250.2691273,250.2691273,250.2691273,250.2691273,250.2691273,250.2691273,250.2691273,250.2691273,
CIMS.CAN.MB.Residential.Dwellings.Building Type.LowMed Density.Vintage.2001-2020 Bldg Code.Heating (Cold),Service,MB,Residential,Heating (Cold),Wood,service_request,,,CIMS.Generic Fuels.Solid Biomass,annual_tech,GJ,2,2,2,2,2,2,2,2,2,2,2,
CIMS.CAN.MB.Residential.Dwellings.Building Type.LowMed Density.Vintage.2021-2035 Bldg Code,Service,MB,Residential,2021-2035 Bldg Code,,service_provide,,,,constant_tech,m2,,,,,,,,,,,,
CIMS.CAN.MB.Residential.Dwellings.Building Type.LowMed Density.Vintage.2021-2035 Bldg Code,Service,MB,Residential,2021-2035 Bldg Code,,competition,Tech Compete,,,,,,,,,,,,,,,,
CIMS.CAN.MB.Residential.Dwellings.Building Type.LowMed Density.Vintage.2021-2035 Bldg Code,Service,MB,Residential,2021-2035 Bldg Code,,discount_rate_financial,,,,constant_tech,%,0.25,0.25,0.25,0.25,0.25,0.25,0.25,0.25,0.25,0.25,0.25,
CIMS.CAN.MB.Residential.Dwellings.Building Type.LowMed Density.Vintage.2021-2035 Bldg Code,Service,MB,Residential,2021-2035 Bldg Code,,heterogeneity,,,,constant_tech,,10,10,10,10,10,10,10,10,10,10,10,
CIMS.CAN.MB.Residential.Dwellings.Building Type.LowMed Density.Vintage.2021-2035 Bldg Code,Service,MB,Residential,2021-2035 Bldg Code,Reference,technology,,,,,,,,,,,,,,,,,
CIMS.CAN.MB.Residential.Dwellings.Building Type.LowMed Density.Vintage.2021-2035 Bldg Code,Service,MB,Residential,2021-2035 Bldg Code,Reference,available,,,,constant_tech,Year,2021,2021,2021,2021,2021,2021,2021,2021,2021,2021,2021,
CIMS.CAN.MB.Residential.Dwellings.Building Type.LowMed Density.Vintage.2021-2035 Bldg Code,Service,MB,Residential,2021-2035 Bldg Code,Reference,unavailable,,,,constant_tech,Year,2036,2036,2036,2036,2036,2036,2036,2036,2036,2036,2036,
CIMS.CAN.MB.Residential.Dwellings.Building Type.LowMed Density.Vintage.2021-2035 Bldg Code,Service,MB,Residential,2021-2035 Bldg Code,Reference,lifetime,,,,constant_tech,Years,65,65,65,65,65,65,65,65,65,65,65,
CIMS.CAN.MB.Residential.Dwellings.Building Type.LowMed Density.Vintage.2021-2035 Bldg Code,Service,MB,Residential,2021-2035 Bldg Code,Reference,market_share_total,,,,annual_tech,%,1,,,,,,,,,,,
CIMS.CAN.MB.Residential.Dwellings.Building Type.LowMed Density.Vintage.2021-2035 Bldg Code,Service,MB,Residential,2021-2035 Bldg Code,Reference,service_request,,,CIMS.CAN.MB.Residential.Dwellings.Building Type.LowMed Density.Vintage.2021-2035 Bldg Code.Heating (Cold),annual_region_tech,GJ,0.17455526210231,0.17872616904904,0.1816927616666,0.19369396767054,0.21562525783109,0.21562525783109,0.21562525783109,0.21562525783109,0.21562525783109,0.21562525783109,0.21562525783109,
CIMS.CAN.MB.Residential.Dwellings.Building Type.LowMed Density.Vintage.2021-2035 Bldg Code,Service,MB,Residential,2021-2035 Bldg Code,Retrofit Average,technology,,,,,,,,,,,,,,,,,
CIMS.CAN.MB.Residential.Dwellings.Building Type.LowMed Density.Vintage.2021-2035 Bldg Code,Service,MB,Residential,2021-2035 Bldg Code,Retrofit Average,available,,,,constant_tech,Year,2021,2021,2021,2021,2021,2021,2021,2021,2021,2021,2021,
CIMS.CAN.MB.Residential.Dwellings.Building Type.LowMed Density.Vintage.2021-2035 Bldg Code,Service,MB,Residential,2021-2035 Bldg Code,Retrofit Average,unavailable,,,,constant_tech,Year,2101,2101,2101,2101,2101,2101,2101,2101,2101,2101,2101,
CIMS.CAN.MB.Residential.Dwellings.Building Type.LowMed Density.Vintage.2021-2035 Bldg Code,Service,MB,Residential,2021-2035 Bldg Code,Retrofit Average,lifetime,,,,constant_tech,Years,65,65,65,65,65,65,65,65,65,65,65,
CIMS.CAN.MB.Residential.Dwellings.Building Type.LowMed Density.Vintage.2021-2035 Bldg Code,Service,MB,Residential,2021-2035 Bldg Code,Retrofit Average,market_share_total,,,,annual_tech,%,0,,,,,,,,,,,
CIMS.CAN.MB.Residential.Dwellings.Building Type.LowMed Density.Vintage.2021-2035 Bldg Code,Service,MB,Residential,2021-2035 Bldg Code,Retrofit Average,fcc,,,,constant_tech,$,1565,1565,1565,1565,1565,1565,1565,1565,1565,1565,1565,
CIMS.CAN.MB.Residential.Dwellings.Building Type.LowMed Density.Vintage.2021-2035 Bldg Code,Service,MB,Residential,2021-2035 Bldg Code,Retrofit Average,market_share_new_max,,,,constant_tech,%,0,0,0,0,0,0,0,0,0,0,0,
CIMS.CAN.MB.Residential.Dwellings.Building Type.LowMed Density.Vintage.2021-2035 Bldg Code,Service,MB,Residential,2021-2035 Bldg Code,Retrofit Average,service_request,,,CIMS.CAN.MB.Residential.Dwellings.Building Type.LowMed Density.Vintage.2021-2035 Bldg Code.Heating (Cold),annual_region_tech,GJ,0.12218868347162,0.12510831833433,0.12718493316662,0.13558577736938,0.15093768048177,0.15093768048177,0.15093768048177,0.15093768048177,0.15093768048177,0.15093768048177,0.15093768048177,
CIMS.CAN.MB.Residential.Dwellings.Building Type.LowMed Density.Vintage.2021-2035 Bldg Code,Service,MB,Residential,2021-2035 Bldg Code,Retrofit Deep,technology,,,,,,,,,,,,,,,,,
CIMS.CAN.MB.Residential.Dwellings.Building Type.LowMed Density.Vintage.2021-2035 Bldg Code,Service,MB,Residential,2021-2035 Bldg Code,Retrofit Deep,available,,,,constant_tech,Year,2021,2021,2021,2021,2021,2021,2021,2021,2021,2021,2021,
CIMS.CAN.MB.Residential.Dwellings.Building Type.LowMed Density.Vintage.2021-2035 Bldg Code,Service,MB,Residential,2021-2035 Bldg Code,Retrofit Deep,unavailable,,,,constant_tech,Year,2101,2101,2101,2101,2101,2101,2101,2101,2101,2101,2101,
CIMS.CAN.MB.Residential.Dwellings.Building Type.LowMed Density.Vintage.2021-2035 Bldg Code,Service,MB,Residential,2021-2035 Bldg Code,Retrofit Deep,lifetime,,,,constant_tech,Years,65,65,65,65,65,65,65,65,65,65,65,
CIMS.CAN.MB.Residential.Dwellings.Building Type.LowMed Density.Vintage.2021-2035 Bldg Code,Service,MB,Residential,2021-2035 Bldg Code,Retrofit Deep,market_share_total,,,,annual_tech,%,0,,,,,,,,,,,
CIMS.CAN.MB.Residential.Dwellings.Building Type.LowMed Density.Vintage.2021-2035 Bldg Code,Service,MB,Residential,2021-2035 Bldg Code,Retrofit Deep,fcc,,,,constant_tech,$,3130,3130,3130,3130,3130,3130,3130,3130,3130,3130,3130,
CIMS.CAN.MB.Residential.Dwellings.Building Type.LowMed Density.Vintage.2021-2035 Bldg Code,Service,MB,Residential,2021-2035 Bldg Code,Retrofit Deep,market_share_new_max,,,,constant_tech,%,0,0,0,0,0,0,0,0,0,0,0,
CIMS.CAN.MB.Residential.Dwellings.Building Type.LowMed Density.Vintage.2021-2035 Bldg Code,Service,MB,Residential,2021-2035 Bldg Code,Retrofit Deep,service_request,,,CIMS.CAN.MB.Residential.Dwellings.Building Type.LowMed Density.Vintage.2021-2035 Bldg Code.Heating (Cold),annual_region_tech,GJ,0.08727763105116,0.08936308452452,0.0908463808333,0.09684698383527,0.10781262891555,0.10781262891555,0.10781262891555,0.10781262891555,0.10781262891555,0.10781262891555,0.10781262891555,
CIMS.CAN.MB.Residential.Dwellings.Building Type.LowMed Density.Vintage.2021-2035 Bldg Code.Heating (Cold),Service,MB,Residential,Heating (Cold),,service_provide,,,,constant_tech,GJ of heat,,,,,,,,,,,,
CIMS.CAN.MB.Residential.Dwellings.Building Type.LowMed Density.Vintage.2021-2035 Bldg Code.Heating (Cold),Service,MB,Residential,Heating (Cold),,competition,Tech Compete,,,,,,,,,,,,,,,,
CIMS.CAN.MB.Residential.Dwellings.Building Type.LowMed Density.Vintage.2021-2035 Bldg Code.Heating (Cold),Service,MB,Residential,Heating (Cold),,discount_rate_financial,,,,constant_tech,%,0.25,0.25,0.25,0.25,0.25,0.25,0.25,0.25,0.25,0.25,0.25,
CIMS.CAN.MB.Residential.Dwellings.Building Type.LowMed Density.Vintage.2021-2035 Bldg Code.Heating (Cold),Service,MB,Residential,Heating (Cold),,inheritance,intercept_retirement,,,constant_tech,,TRUE,TRUE,TRUE,TRUE,TRUE,TRUE,TRUE,TRUE,TRUE,TRUE,TRUE,
CIMS.CAN.MB.Residential.Dwellings.Building Type.LowMed Density.Vintage.2021-2035 Bldg Code.Heating (Cold),Service,MB,Residential,Heating (Cold),,heterogeneity,,,,constant_tech,,10,10,10,10,10,10,10,10,10,10,10,
CIMS.CAN.MB.Residential.Dwellings.Building Type.LowMed Density.Vintage.2021-2035 Bldg Code.Heating (Cold),Service,MB,Residential,Heating (Cold),NG - Standard Efficiency,technology,,,,,,,,,,,,,,,,,
CIMS.CAN.MB.Residential.Dwellings.Building Type.LowMed Density.Vintage.2021-2035 Bldg Code.Heating (Cold),Service,MB,Residential,Heating (Cold),NG - Standard Efficiency,available,,,,constant_tech,Year,1990,1990,1990,1990,1990,1990,1990,1990,1990,1990,1990,
CIMS.CAN.MB.Residential.Dwellings.Building Type.LowMed Density.Vintage.2021-2035 Bldg Code.Heating (Cold),Service,MB,Residential,Heating (Cold),NG - Standard Efficiency,unavailable,,,,constant_tech,Year,2101,2101,2101,2101,2101,2101,2101,2101,2101,2101,2101,
CIMS.CAN.MB.Residential.Dwellings.Building Type.LowMed Density.Vintage.2021-2035 Bldg Code.Heating (Cold),Service,MB,Residential,Heating (Cold),NG - Standard Efficiency,lifetime,,,,constant_tech,Years,19,19,19,19,19,19,19,19,19,19,19,
CIMS.CAN.MB.Residential.Dwellings.Building Type.LowMed Density.Vintage.2021-2035 Bldg Code.Heating (Cold),Service,MB,Residential,Heating (Cold),NG - Standard Efficiency,market_share_total,,,,annual_tech,%,1,,,,,,,,,,,
CIMS.CAN.MB.Residential.Dwellings.Building Type.LowMed Density.Vintage.2021-2035 Bldg Code.Heating (Cold),Service,MB,Residential,Heating (Cold),NG - Standard Efficiency,output,,,,constant_tech,node unit,31.399776,31.399776,31.399776,31.399776,31.399776,31.399776,31.399776,31.399776,31.399776,31.399776,31.399776,
CIMS.CAN.MB.Residential.Dwellings.Building Type.LowMed Density.Vintage.2021-2035 Bldg Code.Heating (Cold),Service,MB,Residential,Heating (Cold),NG - Standard Efficiency,fcc,,,,constant_tech,$,5005.382545,5005.382545,5005.382545,5005.382545,5005.382545,5005.382545,5005.382545,5005.382545,5005.382545,5005.382545,5005.382545,
CIMS.CAN.MB.Residential.Dwellings.Building Type.LowMed Density.Vintage.2021-2035 Bldg Code.Heating (Cold),Service,MB,Residential,Heating (Cold),NG - Standard Efficiency,fom,,,,constant_tech,$,162.6749327,162.6749327,162.6749327,162.6749327,162.6749327,162.6749327,162.6749327,162.6749327,162.6749327,162.6749327,162.6749327,
CIMS.CAN.MB.Residential.Dwellings.Building Type.LowMed Density.Vintage.2021-2035 Bldg Code.Heating (Cold),Service,MB,Residential,Heating (Cold),NG - Standard Efficiency,service_request,,,CIMS.CAN.MB.Residential.Methane Blend,annual_tech,GJ,1.32911392425,1.32911392425,1.32911392425,1.32911392425,1.32911392425,1.32911392425,1.32911392425,1.32911392425,1.32911392425,1.32911392425,1.32911392425,
CIMS.CAN.MB.Residential.Dwellings.Building Type.LowMed Density.Vintage.2021-2035 Bldg Code.Heating (Cold),Service,MB,Residential,Heating (Cold),NG - High Efficiency,technology,,,,,,,,,,,,,,,,,
CIMS.CAN.MB.Residential.Dwellings.Building Type.LowMed Density.Vintage.2021-2035 Bldg Code.Heating (Cold),Service,MB,Residential,Heating (Cold),NG - High Efficiency,available,,,,constant_tech,Year,2000,2000,2000,2000,2000,2000,2000,2000,2000,2000,2000,
CIMS.CAN.MB.Residential.Dwellings.Building Type.LowMed Density.Vintage.2021-2035 Bldg Code.Heating (Cold),Service,MB,Residential,Heating (Cold),NG - High Efficiency,unavailable,,,,constant_tech,Year,2101,2101,2101,2101,2101,2101,2101,2101,2101,2101,2101,
CIMS.CAN.MB.Residential.Dwellings.Building Type.LowMed Density.Vintage.2021-2035 Bldg Code.Heating (Cold),Service,MB,Residential,Heating (Cold),NG - High Efficiency,lifetime,,,,constant_tech,Years,19,19,19,19,19,19,19,19,19,19,19,
CIMS.CAN.MB.Residential.Dwellings.Building Type.LowMed Density.Vintage.2021-2035 Bldg Code.Heating (Cold),Service,MB,Residential,Heating (Cold),NG - High Efficiency,market_share_total,,,,annual_tech,%,0,,,,,,,,,,,
CIMS.CAN.MB.Residential.Dwellings.Building Type.LowMed Density.Vintage.2021-2035 Bldg Code.Heating (Cold),Service,MB,Residential,Heating (Cold),NG - High Efficiency,output,,,,constant_tech,node unit,31.399776,31.399776,31.399776,31.399776,31.399776,31.399776,31.399776,31.399776,31.399776,31.399776,31.399776,
CIMS.CAN.MB.Residential.Dwellings.Building Type.LowMed Density.Vintage.2021-2035 Bldg Code.Heating (Cold),Service,MB,Residential,Heating (Cold),NG - High Efficiency,fcc,,,,constant_tech,$,6231.7012692,6231.7012692,6231.7012692,6231.7012692,6231.7012692,6231.7012692,6231.7012692,6231.7012692,6231.7012692,6231.7012692,6231.7012692,
CIMS.CAN.MB.Residential.Dwellings.Building Type.LowMed Density.Vintage.2021-2035 Bldg Code.Heating (Cold),Service,MB,Residential,Heating (Cold),NG - High Efficiency,fom,,,,constant_tech,$,162.6749327,162.6749327,162.6749327,162.6749327,162.6749327,162.6749327,162.6749327,162.6749327,162.6749327,162.6749327,162.6749327,
CIMS.CAN.MB.Residential.Dwellings.Building Type.LowMed Density.Vintage.2021-2035 Bldg Code.Heating (Cold),Service,MB,Residential,Heating (Cold),NG - High Efficiency,service_request,,,CIMS.CAN.MB.Residential.Methane Blend,annual_tech,GJ,1.16666666655,1.16666666655,1.16666666655,1.16666666655,1.16666666655,1.16666666655,1.16666666655,1.16666666655,1.16666666655,1.16666666655,1.16666666655,
CIMS.CAN.MB.Residential.Dwellings.Building Type.LowMed Density.Vintage.2021-2035 Bldg Code.Heating (Cold),Service,MB,Residential,Heating (Cold),NG - ASHP / NG - backup,technology,,,,,,,,,,,,,,,,,
CIMS.CAN.MB.Residential.Dwellings.Building Type.LowMed Density.Vintage.2021-2035 Bldg Code.Heating (Cold),Service,MB,Residential,Heating (Cold),NG - ASHP / NG - backup,available,,,,constant_tech,Year,2000,2000,2000,2000,2000,2000,2000,2000,2000,2000,2000,
CIMS.CAN.MB.Residential.Dwellings.Building Type.LowMed Density.Vintage.2021-2035 Bldg Code.Heating (Cold),Service,MB,Residential,Heating (Cold),NG - ASHP / NG - backup,unavailable,,,,constant_tech,Year,2101,2101,2101,2101,2101,2101,2101,2101,2101,2101,2101,
CIMS.CAN.MB.Residential.Dwellings.Building Type.LowMed Density.Vintage.2021-2035 Bldg Code.Heating (Cold),Service,MB,Residential,Heating (Cold),NG - ASHP / NG - backup,lifetime,,,,constant_tech,Years,15,15,15,15,15,15,15,15,15,15,15,
CIMS.CAN.MB.Residential.Dwellings.Building Type.LowMed Density.Vintage.2021-2035 Bldg Code.Heating (Cold),Service,MB,Residential,Heating (Cold),NG - ASHP / NG - backup,market_share_total,,,,annual_tech,%,0,,,,,,,,,,,
CIMS.CAN.MB.Residential.Dwellings.Building Type.LowMed Density.Vintage.2021-2035 Bldg Code.Heating (Cold),Service,MB,Residential,Heating (Cold),NG - ASHP / NG - backup,output,,,,constant_tech,node unit,31.399776,31.399776,31.399776,31.399776,31.399776,31.399776,31.399776,31.399776,31.399776,31.399776,31.399776,
CIMS.CAN.MB.Residential.Dwellings.Building Type.LowMed Density.Vintage.2021-2035 Bldg Code.Heating (Cold),Service,MB,Residential,Heating (Cold),NG - ASHP / NG - backup,fcc,,,,constant_tech,$,20015.27345,20015.27345,20015.27345,20015.27345,20015.27345,20015.27345,20015.27345,20015.27345,20015.27345,20015.27345,20015.27345,
CIMS.CAN.MB.Residential.Dwellings.Building Type.LowMed Density.Vintage.2021-2035 Bldg Code.Heating (Cold),Service,MB,Residential,Heating (Cold),NG - ASHP / NG - backup,fom,,,,constant_tech,$,250.2691273,250.2691273,250.2691273,250.2691273,250.2691273,250.2691273,250.2691273,250.2691273,250.2691273,250.2691273,250.2691273,
CIMS.CAN.MB.Residential.Dwellings.Building Type.LowMed Density.Vintage.2021-2035 Bldg Code.Heating (Cold),Service,MB,Residential,Heating (Cold),NG - ASHP / NG - backup,service_request,,,CIMS.CAN.MB.Residential.Methane Blend,annual_tech,GJ,2.1593627892625,2.1593627892625,2.1593627892625,2.1593627892625,2.1593627892625,2.1593627892625,2.1593627892625,2.1593627892625,2.1593627892625,2.1593627892625,2.1593627892625,
CIMS.CAN.MB.Residential.Dwellings.Building Type.LowMed Density.Vintage.2021-2035 Bldg Code.Heating (Cold),Service,MB,Residential,Heating (Cold),NG - ASHP / NG - backup,service_request,,,CIMS.CAN.MB.Residential.Dwellings.Building Type.LowMed Density.Cooling,annual_tech,GJ of cooling,-0.004568364,-0.004568364,-0.004568364,-0.004568364,-0.004568364,-0.004568364,-0.004568364,-0.004568364,-0.004568364,-0.004568364,-0.004568364,
CIMS.CAN.MB.Residential.Dwellings.Building Type.LowMed Density.Vintage.2021-2035 Bldg Code.Heating (Cold),Service,MB,Residential,Heating (Cold),Electric - Standard Efficiency,technology,,,,,,,,,,,,,,,,,
CIMS.CAN.MB.Residential.Dwellings.Building Type.LowMed Density.Vintage.2021-2035 Bldg Code.Heating (Cold),Service,MB,Residential,Heating (Cold),Electric - Standard Efficiency,available,,,,constant_tech,Year,1950,1950,1950,1950,1950,1950,1950,1950,1950,1950,1950,
CIMS.CAN.MB.Residential.Dwellings.Building Type.LowMed Density.Vintage.2021-2035 Bldg Code.Heating (Cold),Service,MB,Residential,Heating (Cold),Electric - Standard Efficiency,unavailable,,,,constant_tech,Year,2101,2101,2101,2101,2101,2101,2101,2101,2101,2101,2101,
CIMS.CAN.MB.Residential.Dwellings.Building Type.LowMed Density.Vintage.2021-2035 Bldg Code.Heating (Cold),Service,MB,Residential,Heating (Cold),Electric - Standard Efficiency,lifetime,,,,constant_tech,Years,22.5,22.5,22.5,22.5,22.5,22.5,22.5,22.5,22.5,22.5,22.5,
CIMS.CAN.MB.Residential.Dwellings.Building Type.LowMed Density.Vintage.2021-2035 Bldg Code.Heating (Cold),Service,MB,Residential,Heating (Cold),Electric - Standard Efficiency,market_share_total,,,,annual_tech,%,0,,,,,,,,,,,
CIMS.CAN.MB.Residential.Dwellings.Building Type.LowMed Density.Vintage.2021-2035 Bldg Code.Heating (Cold),Service,MB,Residential,Heating (Cold),Electric - Standard Efficiency,output,,,,constant_tech,node unit,31.399776,31.399776,31.399776,31.399776,31.399776,31.399776,31.399776,31.399776,31.399776,31.399776,31.399776,
CIMS.CAN.MB.Residential.Dwellings.Building Type.LowMed Density.Vintage.2021-2035 Bldg Code.Heating (Cold),Service,MB,Residential,Heating (Cold),Electric - Standard Efficiency,fcc,,,,constant_tech,$,3822.860919,3822.860919,3822.860919,3822.860919,3822.860919,3822.860919,3822.860919,3822.860919,3822.860919,3822.860919,3822.860919,
CIMS.CAN.MB.Residential.Dwellings.Building Type.LowMed Density.Vintage.2021-2035 Bldg Code.Heating (Cold),Service,MB,Residential,Heating (Cold),Electric - Standard Efficiency,service_request,,,CIMS.CAN.MB.Electricity,annual_tech,GJ,1,1,1,1,1,1,1,1,1,1,1,
CIMS.CAN.MB.Residential.Dwellings.Building Type.LowMed Density.Vintage.2021-2035 Bldg Code.Heating (Cold),Service,MB,Residential,Heating (Cold),Electric - ASHP / NG - backup,technology,,,,,,,,,,,,,,,,,
CIMS.CAN.MB.Residential.Dwellings.Building Type.LowMed Density.Vintage.2021-2035 Bldg Code.Heating (Cold),Service,MB,Residential,Heating (Cold),Electric - ASHP / NG - backup,available,,,,constant_tech,Year,2000,2000,2000,2000,2000,2000,2000,2000,2000,2000,2000,
CIMS.CAN.MB.Residential.Dwellings.Building Type.LowMed Density.Vintage.2021-2035 Bldg Code.Heating (Cold),Service,MB,Residential,Heating (Cold),Electric - ASHP / NG - backup,unavailable,,,,constant_tech,Year,2101,2101,2101,2101,2101,2101,2101,2101,2101,2101,2101,
CIMS.CAN.MB.Residential.Dwellings.Building Type.LowMed Density.Vintage.2021-2035 Bldg Code.Heating (Cold),Service,MB,Residential,Heating (Cold),Electric - ASHP / NG - backup,lifetime,,,,constant_tech,Years,15.5,15.5,15.5,15.5,15.5,15.5,15.5,15.5,15.5,15.5,15.5,
CIMS.CAN.MB.Residential.Dwellings.Building Type.LowMed Density.Vintage.2021-2035 Bldg Code.Heating (Cold),Service,MB,Residential,Heating (Cold),Electric - ASHP / NG - backup,market_share_total,,,,annual_tech,%,0,,,,,,,,,,,
CIMS.CAN.MB.Residential.Dwellings.Building Type.LowMed Density.Vintage.2021-2035 Bldg Code.Heating (Cold),Service,MB,Residential,Heating (Cold),Electric - ASHP / NG - backup,output,,,,constant_tech,node unit,31.399776,31.399776,31.399776,31.399776,31.399776,31.399776,31.399776,31.399776,31.399776,31.399776,31.399776,
CIMS.CAN.MB.Residential.Dwellings.Building Type.LowMed Density.Vintage.2021-2035 Bldg Code.Heating (Cold),Service,MB,Residential,Heating (Cold),Electric - ASHP / NG - backup,fcc,,,,constant_tech,$,9647.874856,9647.874856,9647.874856,9647.874856,9647.874856,9647.874856,9647.874856,9647.874856,9647.874856,9647.874856,9647.874856,
CIMS.CAN.MB.Residential.Dwellings.Building Type.LowMed Density.Vintage.2021-2035 Bldg Code.Heating (Cold),Service,MB,Residential,Heating (Cold),Electric - ASHP / NG - backup,fom,,,,constant_tech,$,269.0393118,269.0393118,269.0393118,269.0393118,269.0393118,269.0393118,269.0393118,269.0393118,269.0393118,269.0393118,269.0393118,
CIMS.CAN.MB.Residential.Dwellings.Building Type.LowMed Density.Vintage.2021-2035 Bldg Code.Heating (Cold),Service,MB,Residential,Heating (Cold),Electric - ASHP / NG - backup,service_request,,,CIMS.CAN.MB.Electricity,annual_tech,GJ,0.72747607755,0.72747607755,0.72747607755,0.72747607755,0.72747607755,0.72747607755,0.72747607755,0.72747607755,0.72747607755,0.72747607755,0.72747607755,
CIMS.CAN.MB.Residential.Dwellings.Building Type.LowMed Density.Vintage.2021-2035 Bldg Code.Heating (Cold),Service,MB,Residential,Heating (Cold),Electric - ASHP / NG - backup,service_request,,,CIMS.CAN.MB.Residential.Methane Blend,annual_tech,GJ,0.0583333333275,0.0583333333275,0.0583333333275,0.0583333333275,0.0583333333275,0.0583333333275,0.0583333333275,0.0583333333275,0.0583333333275,0.0583333333275,0.0583333333275,
CIMS.CAN.MB.Residential.Dwellings.Building Type.LowMed Density.Vintage.2021-2035 Bldg Code.Heating (Cold),Service,MB,Residential,Heating (Cold),Electric - ASHP / NG - backup,service_request,,,CIMS.CAN.MB.Residential.Dwellings.Building Type.LowMed Density.Cooling,annual_tech,GJ of cooling,-0.004568364,-0.004568364,-0.004568364,-0.004568364,-0.004568364,-0.004568364,-0.004568364,-0.004568364,-0.004568364,-0.004568364,-0.004568364,
CIMS.CAN.MB.Residential.Dwellings.Building Type.LowMed Density.Vintage.2021-2035 Bldg Code.Heating (Cold),Service,MB,Residential,Heating (Cold),Electric - ASHP / Electric - backup,technology,,,,,,,,,,,,,,,,,
CIMS.CAN.MB.Residential.Dwellings.Building Type.LowMed Density.Vintage.2021-2035 Bldg Code.Heating (Cold),Service,MB,Residential,Heating (Cold),Electric - ASHP / Electric - backup,available,,,,constant_tech,Year,2000,2000,2000,2000,2000,2000,2000,2000,2000,2000,2000,
CIMS.CAN.MB.Residential.Dwellings.Building Type.LowMed Density.Vintage.2021-2035 Bldg Code.Heating (Cold),Service,MB,Residential,Heating (Cold),Electric - ASHP / Electric - backup,unavailable,,,,constant_tech,Year,2101,2101,2101,2101,2101,2101,2101,2101,2101,2101,2101,
CIMS.CAN.MB.Residential.Dwellings.Building Type.LowMed Density.Vintage.2021-2035 Bldg Code.Heating (Cold),Service,MB,Residential,Heating (Cold),Electric - ASHP / Electric - backup,lifetime,,,,constant_tech,Years,15.5,15.5,15.5,15.5,15.5,15.5,15.5,15.5,15.5,15.5,15.5,
CIMS.CAN.MB.Residential.Dwellings.Building Type.LowMed Density.Vintage.2021-2035 Bldg Code.Heating (Cold),Service,MB,Residential,Heating (Cold),Electric - ASHP / Electric - backup,market_share_total,,,,annual_tech,%,0,,,,,,,,,,,
CIMS.CAN.MB.Residential.Dwellings.Building Type.LowMed Density.Vintage.2021-2035 Bldg Code.Heating (Cold),Service,MB,Residential,Heating (Cold),Electric - ASHP / Electric - backup,output,,,,constant_tech,node unit,31.399776,31.399776,31.399776,31.399776,31.399776,31.399776,31.399776,31.399776,31.399776,31.399776,31.399776,
CIMS.CAN.MB.Residential.Dwellings.Building Type.LowMed Density.Vintage.2021-2035 Bldg Code.Heating (Cold),Service,MB,Residential,Heating (Cold),Electric - ASHP / Electric - backup,fcc,,,,constant_tech,$,9373.830161,9373.830161,9373.830161,9373.830161,9373.830161,9373.830161,9373.830161,9373.830161,9373.830161,9373.830161,9373.830161,
CIMS.CAN.MB.Residential.Dwellings.Building Type.LowMed Density.Vintage.2021-2035 Bldg Code.Heating (Cold),Service,MB,Residential,Heating (Cold),Electric - ASHP / Electric - backup,fom,,,,constant_tech,$,106.3643791,106.3643791,106.3643791,106.3643791,106.3643791,106.3643791,106.3643791,106.3643791,106.3643791,106.3643791,106.3643791,
CIMS.CAN.MB.Residential.Dwellings.Building Type.LowMed Density.Vintage.2021-2035 Bldg Code.Heating (Cold),Service,MB,Residential,Heating (Cold),Electric - ASHP / Electric - backup,service_request,,,CIMS.CAN.MB.Electricity,annual_tech,GJ,0.77747607755,0.77747607755,0.77747607755,0.77747607755,0.77747607755,0.77747607755,0.77747607755,0.77747607755,0.77747607755,0.77747607755,0.77747607755,
CIMS.CAN.MB.Residential.Dwellings.Building Type.LowMed Density.Vintage.2021-2035 Bldg Code.Heating (Cold),Service,MB,Residential,Heating (Cold),Electric - ASHP / Electric - backup,service_request,,,CIMS.CAN.MB.Residential.Dwellings.Building Type.LowMed Density.Cooling,annual_tech,GJ of cooling,-0.004568364,-0.004568364,-0.004568364,-0.004568364,-0.004568364,-0.004568364,-0.004568364,-0.004568364,-0.004568364,-0.004568364,-0.004568364,
CIMS.CAN.MB.Residential.Dwellings.Building Type.LowMed Density.Vintage.2021-2035 Bldg Code.Heating (Cold),Service,MB,Residential,Heating (Cold),Electric - GSHP,technology,,,,,,,,,,,,,,,,,
CIMS.CAN.MB.Residential.Dwellings.Building Type.LowMed Density.Vintage.2021-2035 Bldg Code.Heating (Cold),Service,MB,Residential,Heating (Cold),Electric - GSHP,available,,,,constant_tech,Year,2000,2000,2000,2000,2000,2000,2000,2000,2000,2000,2000,
CIMS.CAN.MB.Residential.Dwellings.Building Type.LowMed Density.Vintage.2021-2035 Bldg Code.Heating (Cold),Service,MB,Residential,Heating (Cold),Electric - GSHP,unavailable,,,,constant_tech,Year,2101,2101,2101,2101,2101,2101,2101,2101,2101,2101,2101,
CIMS.CAN.MB.Residential.Dwellings.Building Type.LowMed Density.Vintage.2021-2035 Bldg Code.Heating (Cold),Service,MB,Residential,Heating (Cold),Electric - GSHP,lifetime,,,,constant_tech,Years,20,20,20,20,20,20,20,20,20,20,20,
CIMS.CAN.MB.Residential.Dwellings.Building Type.LowMed Density.Vintage.2021-2035 Bldg Code.Heating (Cold),Service,MB,Residential,Heating (Cold),Electric - GSHP,market_share_total,,,,annual_tech,%,0,,,,,,,,,,,
CIMS.CAN.MB.Residential.Dwellings.Building Type.LowMed Density.Vintage.2021-2035 Bldg Code.Heating (Cold),Service,MB,Residential,Heating (Cold),Electric - GSHP,output,,,,constant_tech,node unit,31.399776,31.399776,31.399776,31.399776,31.399776,31.399776,31.399776,31.399776,31.399776,31.399776,31.399776,
CIMS.CAN.MB.Residential.Dwellings.Building Type.LowMed Density.Vintage.2021-2035 Bldg Code.Heating (Cold),Service,MB,Residential,Heating (Cold),Electric - GSHP,fcc,,,,constant_tech,$,23775.56709,23775.56709,23775.56709,23775.56709,23775.56709,23775.56709,23775.56709,23775.56709,23775.56709,23775.56709,23775.56709,
CIMS.CAN.MB.Residential.Dwellings.Building Type.LowMed Density.Vintage.2021-2035 Bldg Code.Heating (Cold),Service,MB,Residential,Heating (Cold),Electric - GSHP,fom,,,,constant_tech,$,112.6211073,112.6211073,112.6211073,112.6211073,112.6211073,112.6211073,112.6211073,112.6211073,112.6211073,112.6211073,112.6211073,
CIMS.CAN.MB.Residential.Dwellings.Building Type.LowMed Density.Vintage.2021-2035 Bldg Code.Heating (Cold),Service,MB,Residential,Heating (Cold),Electric - GSHP,service_request,,,CIMS.CAN.MB.Electricity,annual_tech,GJ,0.486428472,0.486428472,0.486428472,0.486428472,0.486428472,0.486428472,0.486428472,0.486428472,0.486428472,0.486428472,0.486428472,
CIMS.CAN.MB.Residential.Dwellings.Building Type.LowMed Density.Vintage.2021-2035 Bldg Code.Heating (Cold),Service,MB,Residential,Heating (Cold),Electric - GSHP,service_request,,,CIMS.CAN.MB.Residential.Dwellings.Building Type.LowMed Density.Cooling,annual_tech,GJ of cooling,-0.004568364,-0.004568364,-0.004568364,-0.004568364,-0.004568364,-0.004568364,-0.004568364,-0.004568364,-0.004568364,-0.004568364,-0.004568364,
CIMS.CAN.MB.Residential.Dwellings.Building Type.LowMed Density.Vintage.2021-2035 Bldg Code.Heating (Cold),Service,MB,Residential,Heating (Cold),Heating Oil - Standard Efficiency,technology,,,,,,,,,,,,,,,,,
CIMS.CAN.MB.Residential.Dwellings.Building Type.LowMed Density.Vintage.2021-2035 Bldg Code.Heating (Cold),Service,MB,Residential,Heating (Cold),Heating Oil - Standard Efficiency,available,,,,constant_tech,Year,1950,1950,1950,1950,1950,1950,1950,1950,1950,1950,1950,
CIMS.CAN.MB.Residential.Dwellings.Building Type.LowMed Density.Vintage.2021-2035 Bldg Code.Heating (Cold),Service,MB,Residential,Heating (Cold),Heating Oil - Standard Efficiency,unavailable,,,,constant_tech,Year,2021,2021,2021,2021,2021,2021,2021,2021,2021,2021,2021,
CIMS.CAN.MB.Residential.Dwellings.Building Type.LowMed Density.Vintage.2021-2035 Bldg Code.Heating (Cold),Service,MB,Residential,Heating (Cold),Heating Oil - Standard Efficiency,lifetime,,,,constant_tech,Years,23,23,23,23,23,23,23,23,23,23,23,
CIMS.CAN.MB.Residential.Dwellings.Building Type.LowMed Density.Vintage.2021-2035 Bldg Code.Heating (Cold),Service,MB,Residential,Heating (Cold),Heating Oil - Standard Efficiency,market_share_total,,,,annual_tech,%,0,,,,,,,,,,,
CIMS.CAN.MB.Residential.Dwellings.Building Type.LowMed Density.Vintage.2021-2035 Bldg Code.Heating (Cold),Service,MB,Residential,Heating (Cold),Heating Oil - Standard Efficiency,output,,,,constant_tech,node unit,31.399776,31.399776,31.399776,31.399776,31.399776,31.399776,31.399776,31.399776,31.399776,31.399776,31.399776,
CIMS.CAN.MB.Residential.Dwellings.Building Type.LowMed Density.Vintage.2021-2035 Bldg Code.Heating (Cold),Service,MB,Residential,Heating (Cold),Heating Oil - Standard Efficiency,fcc,,,,constant_tech,$,6444.430027,6444.430027,6444.430027,6444.430027,6444.430027,6444.430027,6444.430027,6444.430027,6444.430027,6444.430027,6444.430027,
CIMS.CAN.MB.Residential.Dwellings.Building Type.LowMed Density.Vintage.2021-2035 Bldg Code.Heating (Cold),Service,MB,Residential,Heating (Cold),Heating Oil - Standard Efficiency,fom,,,,constant_tech,$,100.1076509,100.1076509,100.1076509,100.1076509,100.1076509,100.1076509,100.1076509,100.1076509,100.1076509,100.1076509,100.1076509,
CIMS.CAN.MB.Residential.Dwellings.Building Type.LowMed Density.Vintage.2021-2035 Bldg Code.Heating (Cold),Service,MB,Residential,Heating (Cold),Heating Oil - Standard Efficiency,service_request,,,CIMS.Generic Fuels.Fuel Oil,annual_tech,GJ,1.282051282,1.282051282,1.282051282,1.282051282,1.282051282,1.282051282,1.282051282,1.282051282,1.282051282,1.282051282,1.282051282,
CIMS.CAN.MB.Residential.Dwellings.Building Type.LowMed Density.Vintage.2021-2035 Bldg Code.Heating (Cold),Service,MB,Residential,Heating (Cold),Heating Oil - High Efficiency,technology,,,,,,,,,,,,,,,,,
CIMS.CAN.MB.Residential.Dwellings.Building Type.LowMed Density.Vintage.2021-2035 Bldg Code.Heating (Cold),Service,MB,Residential,Heating (Cold),Heating Oil - High Efficiency,available,,,,constant_tech,Year,2000,2000,2000,2000,2000,2000,2000,2000,2000,2000,2000,
CIMS.CAN.MB.Residential.Dwellings.Building Type.LowMed Density.Vintage.2021-2035 Bldg Code.Heating (Cold),Service,MB,Residential,Heating (Cold),Heating Oil - High Efficiency,unavailable,,,,constant_tech,Year,2101,2101,2101,2101,2101,2101,2101,2101,2101,2101,2101,
CIMS.CAN.MB.Residential.Dwellings.Building Type.LowMed Density.Vintage.2021-2035 Bldg Code.Heating (Cold),Service,MB,Residential,Heating (Cold),Heating Oil - High Efficiency,lifetime,,,,constant_tech,Years,23,23,23,23,23,23,23,23,23,23,23,
CIMS.CAN.MB.Residential.Dwellings.Building Type.LowMed Density.Vintage.2021-2035 Bldg Code.Heating (Cold),Service,MB,Residential,Heating (Cold),Heating Oil - High Efficiency,market_share_total,,,,annual_tech,%,0,,,,,,,,,,,
CIMS.CAN.MB.Residential.Dwellings.Building Type.LowMed Density.Vintage.2021-2035 Bldg Code.Heating (Cold),Service,MB,Residential,Heating (Cold),Heating Oil - High Efficiency,output,,,,constant_tech,node unit,31.399776,31.399776,31.399776,31.399776,31.399776,31.399776,31.399776,31.399776,31.399776,31.399776,31.399776,
CIMS.CAN.MB.Residential.Dwellings.Building Type.LowMed Density.Vintage.2021-2035 Bldg Code.Heating (Cold),Service,MB,Residential,Heating (Cold),Heating Oil - High Efficiency,fcc,,,,constant_tech,$,9541.510477,9541.510477,9541.510477,9541.510477,9541.510477,9541.510477,9541.510477,9541.510477,9541.510477,9541.510477,9541.510477,
CIMS.CAN.MB.Residential.Dwellings.Building Type.LowMed Density.Vintage.2021-2035 Bldg Code.Heating (Cold),Service,MB,Residential,Heating (Cold),Heating Oil - High Efficiency,fom,,,,constant_tech,$,100.1076509,100.1076509,100.1076509,100.1076509,100.1076509,100.1076509,100.1076509,100.1076509,100.1076509,100.1076509,100.1076509,
CIMS.CAN.MB.Residential.Dwellings.Building Type.LowMed Density.Vintage.2021-2035 Bldg Code.Heating (Cold),Service,MB,Residential,Heating (Cold),Heating Oil - High Efficiency,service_request,,,CIMS.Generic Fuels.Fuel Oil,annual_tech,GJ,1.162790698,1.162790698,1.162790698,1.162790698,1.162790698,1.162790698,1.162790698,1.162790698,1.162790698,1.162790698,1.162790698,
CIMS.CAN.MB.Residential.Dwellings.Building Type.LowMed Density.Vintage.2021-2035 Bldg Code.Heating (Cold),Service,MB,Residential,Heating (Cold),Wood,technology,,,,,,,,,,,,,,,,,
CIMS.CAN.MB.Residential.Dwellings.Building Type.LowMed Density.Vintage.2021-2035 Bldg Code.Heating (Cold),Service,MB,Residential,Heating (Cold),Wood,available,,,,constant_tech,Year,1950,1950,1950,1950,1950,1950,1950,1950,1950,1950,1950,
CIMS.CAN.MB.Residential.Dwellings.Building Type.LowMed Density.Vintage.2021-2035 Bldg Code.Heating (Cold),Service,MB,Residential,Heating (Cold),Wood,unavailable,,,,constant_tech,Year,2101,2101,2101,2101,2101,2101,2101,2101,2101,2101,2101,
CIMS.CAN.MB.Residential.Dwellings.Building Type.LowMed Density.Vintage.2021-2035 Bldg Code.Heating (Cold),Service,MB,Residential,Heating (Cold),Wood,lifetime,,,,constant_tech,Years,18.5,18.5,18.5,18.5,18.5,18.5,18.5,18.5,18.5,18.5,18.5,
CIMS.CAN.MB.Residential.Dwellings.Building Type.LowMed Density.Vintage.2021-2035 Bldg Code.Heating (Cold),Service,MB,Residential,Heating (Cold),Wood,market_share_total,,,,annual_tech,%,0,,,,,,,,,,,
CIMS.CAN.MB.Residential.Dwellings.Building Type.LowMed Density.Vintage.2021-2035 Bldg Code.Heating (Cold),Service,MB,Residential,Heating (Cold),Wood,output,,,,constant_tech,node unit,31.399776,31.399776,31.399776,31.399776,31.399776,31.399776,31.399776,31.399776,31.399776,31.399776,31.399776,
CIMS.CAN.MB.Residential.Dwellings.Building Type.LowMed Density.Vintage.2021-2035 Bldg Code.Heating (Cold),Service,MB,Residential,Heating (Cold),Wood,fcc,,,,constant_tech,$,8000.269768,8000.269768,8000.269768,8000.269768,8000.269768,8000.269768,8000.269768,8000.269768,8000.269768,8000.269768,8000.269768,
CIMS.CAN.MB.Residential.Dwellings.Building Type.LowMed Density.Vintage.2021-2035 Bldg Code.Heating (Cold),Service,MB,Residential,Heating (Cold),Wood,fom,,,,constant_tech,$,250.2691273,250.2691273,250.2691273,250.2691273,250.2691273,250.2691273,250.2691273,250.2691273,250.2691273,250.2691273,250.2691273,
CIMS.CAN.MB.Residential.Dwellings.Building Type.LowMed Density.Vintage.2021-2035 Bldg Code.Heating (Cold),Service,MB,Residential,Heating (Cold),Wood,service_request,,,CIMS.Generic Fuels.Solid Biomass,annual_tech,GJ,2,2,2,2,2,2,2,2,2,2,2,
CIMS.CAN.MB.Residential.Dwellings.Building Type.LowMed Density.Vintage.>2035 Bldg Code,Service,MB,Residential,>2035 Bldg Code,,service_provide,,,,constant_tech,m2,,,,,,,,,,,,
CIMS.CAN.MB.Residential.Dwellings.Building Type.LowMed Density.Vintage.>2035 Bldg Code,Service,MB,Residential,>2035 Bldg Code,,competition,Tech Compete,,,,,,,,,,,,,,,,
CIMS.CAN.MB.Residential.Dwellings.Building Type.LowMed Density.Vintage.>2035 Bldg Code,Service,MB,Residential,>2035 Bldg Code,,discount_rate_financial,,,,constant_tech,%,0.25,0.25,0.25,0.25,0.25,0.25,0.25,0.25,0.25,0.25,0.25,
CIMS.CAN.MB.Residential.Dwellings.Building Type.LowMed Density.Vintage.>2035 Bldg Code,Service,MB,Residential,>2035 Bldg Code,,heterogeneity,,,,constant_tech,,10,10,10,10,10,10,10,10,10,10,10,
CIMS.CAN.MB.Residential.Dwellings.Building Type.LowMed Density.Vintage.>2035 Bldg Code,Service,MB,Residential,>2035 Bldg Code,Reference,technology,,,,,,,,,,,,,,,,,
CIMS.CAN.MB.Residential.Dwellings.Building Type.LowMed Density.Vintage.>2035 Bldg Code,Service,MB,Residential,>2035 Bldg Code,Reference,available,,,,constant_tech,Year,2036,2036,2036,2036,2036,2036,2036,2036,2036,2036,2036,
CIMS.CAN.MB.Residential.Dwellings.Building Type.LowMed Density.Vintage.>2035 Bldg Code,Service,MB,Residential,>2035 Bldg Code,Reference,unavailable,,,,constant_tech,Year,2101,2101,2101,2101,2101,2101,2101,2101,2101,2101,2101,
CIMS.CAN.MB.Residential.Dwellings.Building Type.LowMed Density.Vintage.>2035 Bldg Code,Service,MB,Residential,>2035 Bldg Code,Reference,lifetime,,,,constant_tech,Years,65,65,65,65,65,65,65,65,65,65,65,
CIMS.CAN.MB.Residential.Dwellings.Building Type.LowMed Density.Vintage.>2035 Bldg Code,Service,MB,Residential,>2035 Bldg Code,Reference,market_share_total,,,,annual_tech,%,1,,,,,,,,,,,
CIMS.CAN.MB.Residential.Dwellings.Building Type.LowMed Density.Vintage.>2035 Bldg Code,Service,MB,Residential,>2035 Bldg Code,Reference,service_request,,,CIMS.CAN.MB.Residential.Dwellings.Building Type.LowMed Density.Vintage.>2035 Bldg Code.Heating (Cold),annual_region_tech,GJ,0.13091644657673,0.13404462678678,0.13626957124995,0.1452704757529,0.16171894337332,0.16171894337332,0.16171894337332,0.16171894337332,0.16171894337332,0.16171894337332,0.16171894337332,
CIMS.CAN.MB.Residential.Dwellings.Building Type.LowMed Density.Vintage.>2035 Bldg Code,Service,MB,Residential,>2035 Bldg Code,Retrofit Passive,technology,,,,,,,,,,,,,,,,,
CIMS.CAN.MB.Residential.Dwellings.Building Type.LowMed Density.Vintage.>2035 Bldg Code,Service,MB,Residential,>2035 Bldg Code,Retrofit Passive,available,,,,constant_tech,Year,2036,2036,2036,2036,2036,2036,2036,2036,2036,2036,2036,
CIMS.CAN.MB.Residential.Dwellings.Building Type.LowMed Density.Vintage.>2035 Bldg Code,Service,MB,Residential,>2035 Bldg Code,Retrofit Passive,unavailable,,,,constant_tech,Year,2101,2101,2101,2101,2101,2101,2101,2101,2101,2101,2101,
CIMS.CAN.MB.Residential.Dwellings.Building Type.LowMed Density.Vintage.>2035 Bldg Code,Service,MB,Residential,>2035 Bldg Code,Retrofit Passive,lifetime,,,,constant_tech,Years,65,65,65,65,65,65,65,65,65,65,65,
CIMS.CAN.MB.Residential.Dwellings.Building Type.LowMed Density.Vintage.>2035 Bldg Code,Service,MB,Residential,>2035 Bldg Code,Retrofit Passive,market_share_total,,,,annual_tech,%,0,,,,,,,,,,,
CIMS.CAN.MB.Residential.Dwellings.Building Type.LowMed Density.Vintage.>2035 Bldg Code,Service,MB,Residential,>2035 Bldg Code,Retrofit Passive,fcc,,,,constant_tech,$,3130,3130,3130,3130,3130,3130,3130,3130,3130,3130,3130,
CIMS.CAN.MB.Residential.Dwellings.Building Type.LowMed Density.Vintage.>2035 Bldg Code,Service,MB,Residential,>2035 Bldg Code,Retrofit Passive,market_share_new_max,,,,constant_tech,%,0,0,0,0,0,0,0,0,0,0,0,
CIMS.CAN.MB.Residential.Dwellings.Building Type.LowMed Density.Vintage.>2035 Bldg Code.Heating (Cold),Service,MB,Residential,Heating (Cold),,service_provide,,,,constant_tech,GJ of heat,,,,,,,,,,,,
CIMS.CAN.MB.Residential.Dwellings.Building Type.LowMed Density.Vintage.>2035 Bldg Code.Heating (Cold),Service,MB,Residential,Heating (Cold),,competition,Tech Compete,,,,,,,,,,,,,,,,
CIMS.CAN.MB.Residential.Dwellings.Building Type.LowMed Density.Vintage.>2035 Bldg Code.Heating (Cold),Service,MB,Residential,Heating (Cold),,discount_rate_financial,,,,constant_tech,%,0.25,0.25,0.25,0.25,0.25,0.25,0.25,0.25,0.25,0.25,0.25,
CIMS.CAN.MB.Residential.Dwellings.Building Type.LowMed Density.Vintage.>2035 Bldg Code.Heating (Cold),Service,MB,Residential,Heating (Cold),,inheritance,intercept_retirement,,,constant_tech,,TRUE,TRUE,TRUE,TRUE,TRUE,TRUE,TRUE,TRUE,TRUE,TRUE,TRUE,
CIMS.CAN.MB.Residential.Dwellings.Building Type.LowMed Density.Vintage.>2035 Bldg Code.Heating (Cold),Service,MB,Residential,Heating (Cold),,heterogeneity,,,,constant_tech,,10,10,10,10,10,10,10,10,10,10,10,
CIMS.CAN.MB.Residential.Dwellings.Building Type.LowMed Density.Vintage.>2035 Bldg Code.Heating (Cold),Service,MB,Residential,Heating (Cold),NG - Standard Efficiency,technology,,,,,,,,,,,,,,,,,
CIMS.CAN.MB.Residential.Dwellings.Building Type.LowMed Density.Vintage.>2035 Bldg Code.Heating (Cold),Service,MB,Residential,Heating (Cold),NG - Standard Efficiency,available,,,,constant_tech,Year,1990,1990,1990,1990,1990,1990,1990,1990,1990,1990,1990,
CIMS.CAN.MB.Residential.Dwellings.Building Type.LowMed Density.Vintage.>2035 Bldg Code.Heating (Cold),Service,MB,Residential,Heating (Cold),NG - Standard Efficiency,unavailable,,,,constant_tech,Year,2101,2101,2101,2101,2101,2101,2101,2101,2101,2101,2101,
CIMS.CAN.MB.Residential.Dwellings.Building Type.LowMed Density.Vintage.>2035 Bldg Code.Heating (Cold),Service,MB,Residential,Heating (Cold),NG - Standard Efficiency,lifetime,,,,constant_tech,Years,19,19,19,19,19,19,19,19,19,19,19,
CIMS.CAN.MB.Residential.Dwellings.Building Type.LowMed Density.Vintage.>2035 Bldg Code.Heating (Cold),Service,MB,Residential,Heating (Cold),NG - Standard Efficiency,market_share_total,,,,annual_tech,%,1,,,,,,,,,,,
CIMS.CAN.MB.Residential.Dwellings.Building Type.LowMed Density.Vintage.>2035 Bldg Code.Heating (Cold),Service,MB,Residential,Heating (Cold),NG - Standard Efficiency,output,,,,constant_tech,node unit,31.399776,31.399776,31.399776,31.399776,31.399776,31.399776,31.399776,31.399776,31.399776,31.399776,31.399776,
CIMS.CAN.MB.Residential.Dwellings.Building Type.LowMed Density.Vintage.>2035 Bldg Code.Heating (Cold),Service,MB,Residential,Heating (Cold),NG - Standard Efficiency,fcc,,,,constant_tech,$,5005.382545,5005.382545,5005.382545,5005.382545,5005.382545,5005.382545,5005.382545,5005.382545,5005.382545,5005.382545,5005.382545,
CIMS.CAN.MB.Residential.Dwellings.Building Type.LowMed Density.Vintage.>2035 Bldg Code.Heating (Cold),Service,MB,Residential,Heating (Cold),NG - Standard Efficiency,fom,,,,constant_tech,$,162.6749327,162.6749327,162.6749327,162.6749327,162.6749327,162.6749327,162.6749327,162.6749327,162.6749327,162.6749327,162.6749327,
CIMS.CAN.MB.Residential.Dwellings.Building Type.LowMed Density.Vintage.>2035 Bldg Code.Heating (Cold),Service,MB,Residential,Heating (Cold),NG - Standard Efficiency,service_request,,,CIMS.CAN.MB.Residential.Methane Blend,annual_tech,GJ,1.32911392425,1.32911392425,1.32911392425,1.32911392425,1.32911392425,1.32911392425,1.32911392425,1.32911392425,1.32911392425,1.32911392425,1.32911392425,
CIMS.CAN.MB.Residential.Dwellings.Building Type.LowMed Density.Vintage.>2035 Bldg Code.Heating (Cold),Service,MB,Residential,Heating (Cold),NG - High Efficiency,technology,,,,,,,,,,,,,,,,,
CIMS.CAN.MB.Residential.Dwellings.Building Type.LowMed Density.Vintage.>2035 Bldg Code.Heating (Cold),Service,MB,Residential,Heating (Cold),NG - High Efficiency,available,,,,constant_tech,Year,2000,2000,2000,2000,2000,2000,2000,2000,2000,2000,2000,
CIMS.CAN.MB.Residential.Dwellings.Building Type.LowMed Density.Vintage.>2035 Bldg Code.Heating (Cold),Service,MB,Residential,Heating (Cold),NG - High Efficiency,unavailable,,,,constant_tech,Year,2101,2101,2101,2101,2101,2101,2101,2101,2101,2101,2101,
CIMS.CAN.MB.Residential.Dwellings.Building Type.LowMed Density.Vintage.>2035 Bldg Code.Heating (Cold),Service,MB,Residential,Heating (Cold),NG - High Efficiency,lifetime,,,,constant_tech,Years,19,19,19,19,19,19,19,19,19,19,19,
CIMS.CAN.MB.Residential.Dwellings.Building Type.LowMed Density.Vintage.>2035 Bldg Code.Heating (Cold),Service,MB,Residential,Heating (Cold),NG - High Efficiency,market_share_total,,,,annual_tech,%,0,,,,,,,,,,,
CIMS.CAN.MB.Residential.Dwellings.Building Type.LowMed Density.Vintage.>2035 Bldg Code.Heating (Cold),Service,MB,Residential,Heating (Cold),NG - High Efficiency,output,,,,constant_tech,node unit,31.399776,31.399776,31.399776,31.399776,31.399776,31.399776,31.399776,31.399776,31.399776,31.399776,31.399776,
CIMS.CAN.MB.Residential.Dwellings.Building Type.LowMed Density.Vintage.>2035 Bldg Code.Heating (Cold),Service,MB,Residential,Heating (Cold),NG - High Efficiency,fcc,,,,constant_tech,$,6231.7012692,6231.7012692,6231.7012692,6231.7012692,6231.7012692,6231.7012692,6231.7012692,6231.7012692,6231.7012692,6231.7012692,6231.7012692,
CIMS.CAN.MB.Residential.Dwellings.Building Type.LowMed Density.Vintage.>2035 Bldg Code.Heating (Cold),Service,MB,Residential,Heating (Cold),NG - High Efficiency,fom,,,,constant_tech,$,162.6749327,162.6749327,162.6749327,162.6749327,162.6749327,162.6749327,162.6749327,162.6749327,162.6749327,162.6749327,162.6749327,
CIMS.CAN.MB.Residential.Dwellings.Building Type.LowMed Density.Vintage.>2035 Bldg Code.Heating (Cold),Service,MB,Residential,Heating (Cold),NG - High Efficiency,service_request,,,CIMS.CAN.MB.Residential.Methane Blend,annual_tech,GJ,1.16666666655,1.16666666655,1.16666666655,1.16666666655,1.16666666655,1.16666666655,1.16666666655,1.16666666655,1.16666666655,1.16666666655,1.16666666655,
CIMS.CAN.MB.Residential.Dwellings.Building Type.LowMed Density.Vintage.>2035 Bldg Code.Heating (Cold),Service,MB,Residential,Heating (Cold),NG - ASHP / NG - backup,technology,,,,,,,,,,,,,,,,,
CIMS.CAN.MB.Residential.Dwellings.Building Type.LowMed Density.Vintage.>2035 Bldg Code.Heating (Cold),Service,MB,Residential,Heating (Cold),NG - ASHP / NG - backup,available,,,,constant_tech,Year,2000,2000,2000,2000,2000,2000,2000,2000,2000,2000,2000,
CIMS.CAN.MB.Residential.Dwellings.Building Type.LowMed Density.Vintage.>2035 Bldg Code.Heating (Cold),Service,MB,Residential,Heating (Cold),NG - ASHP / NG - backup,unavailable,,,,constant_tech,Year,2101,2101,2101,2101,2101,2101,2101,2101,2101,2101,2101,
CIMS.CAN.MB.Residential.Dwellings.Building Type.LowMed Density.Vintage.>2035 Bldg Code.Heating (Cold),Service,MB,Residential,Heating (Cold),NG - ASHP / NG - backup,lifetime,,,,constant_tech,Years,15,15,15,15,15,15,15,15,15,15,15,
CIMS.CAN.MB.Residential.Dwellings.Building Type.LowMed Density.Vintage.>2035 Bldg Code.Heating (Cold),Service,MB,Residential,Heating (Cold),NG - ASHP / NG - backup,market_share_total,,,,annual_tech,%,0,,,,,,,,,,,
CIMS.CAN.MB.Residential.Dwellings.Building Type.LowMed Density.Vintage.>2035 Bldg Code.Heating (Cold),Service,MB,Residential,Heating (Cold),NG - ASHP / NG - backup,output,,,,constant_tech,node unit,31.399776,31.399776,31.399776,31.399776,31.399776,31.399776,31.399776,31.399776,31.399776,31.399776,31.399776,
CIMS.CAN.MB.Residential.Dwellings.Building Type.LowMed Density.Vintage.>2035 Bldg Code.Heating (Cold),Service,MB,Residential,Heating (Cold),NG - ASHP / NG - backup,fcc,,,,constant_tech,$,20015.27345,20015.27345,20015.27345,20015.27345,20015.27345,20015.27345,20015.27345,20015.27345,20015.27345,20015.27345,20015.27345,
CIMS.CAN.MB.Residential.Dwellings.Building Type.LowMed Density.Vintage.>2035 Bldg Code.Heating (Cold),Service,MB,Residential,Heating (Cold),NG - ASHP / NG - backup,fom,,,,constant_tech,$,250.2691273,250.2691273,250.2691273,250.2691273,250.2691273,250.2691273,250.2691273,250.2691273,250.2691273,250.2691273,250.2691273,
CIMS.CAN.MB.Residential.Dwellings.Building Type.LowMed Density.Vintage.>2035 Bldg Code.Heating (Cold),Service,MB,Residential,Heating (Cold),NG - ASHP / NG - backup,service_request,,,CIMS.CAN.MB.Residential.Methane Blend,annual_tech,GJ,2.1593627892625,2.1593627892625,2.1593627892625,2.1593627892625,2.1593627892625,2.1593627892625,2.1593627892625,2.1593627892625,2.1593627892625,2.1593627892625,2.1593627892625,
CIMS.CAN.MB.Residential.Dwellings.Building Type.LowMed Density.Vintage.>2035 Bldg Code.Heating (Cold),Service,MB,Residential,Heating (Cold),NG - ASHP / NG - backup,service_request,,,CIMS.CAN.MB.Residential.Dwellings.Building Type.LowMed Density.Cooling,annual_tech,GJ of cooling,-0.004568364,-0.004568364,-0.004568364,-0.004568364,-0.004568364,-0.004568364,-0.004568364,-0.004568364,-0.004568364,-0.004568364,-0.004568364,
CIMS.CAN.MB.Residential.Dwellings.Building Type.LowMed Density.Vintage.>2035 Bldg Code.Heating (Cold),Service,MB,Residential,Heating (Cold),Electric - Standard Efficiency,technology,,,,,,,,,,,,,,,,,
CIMS.CAN.MB.Residential.Dwellings.Building Type.LowMed Density.Vintage.>2035 Bldg Code.Heating (Cold),Service,MB,Residential,Heating (Cold),Electric - Standard Efficiency,available,,,,constant_tech,Year,1950,1950,1950,1950,1950,1950,1950,1950,1950,1950,1950,
CIMS.CAN.MB.Residential.Dwellings.Building Type.LowMed Density.Vintage.>2035 Bldg Code.Heating (Cold),Service,MB,Residential,Heating (Cold),Electric - Standard Efficiency,unavailable,,,,constant_tech,Year,2101,2101,2101,2101,2101,2101,2101,2101,2101,2101,2101,
CIMS.CAN.MB.Residential.Dwellings.Building Type.LowMed Density.Vintage.>2035 Bldg Code.Heating (Cold),Service,MB,Residential,Heating (Cold),Electric - Standard Efficiency,lifetime,,,,constant_tech,Years,22.5,22.5,22.5,22.5,22.5,22.5,22.5,22.5,22.5,22.5,22.5,
CIMS.CAN.MB.Residential.Dwellings.Building Type.LowMed Density.Vintage.>2035 Bldg Code.Heating (Cold),Service,MB,Residential,Heating (Cold),Electric - Standard Efficiency,market_share_total,,,,annual_tech,%,0,,,,,,,,,,,
CIMS.CAN.MB.Residential.Dwellings.Building Type.LowMed Density.Vintage.>2035 Bldg Code.Heating (Cold),Service,MB,Residential,Heating (Cold),Electric - Standard Efficiency,output,,,,constant_tech,node unit,31.399776,31.399776,31.399776,31.399776,31.399776,31.399776,31.399776,31.399776,31.399776,31.399776,31.399776,
CIMS.CAN.MB.Residential.Dwellings.Building Type.LowMed Density.Vintage.>2035 Bldg Code.Heating (Cold),Service,MB,Residential,Heating (Cold),Electric - Standard Efficiency,fcc,,,,constant_tech,$,3822.860919,3822.860919,3822.860919,3822.860919,3822.860919,3822.860919,3822.860919,3822.860919,3822.860919,3822.860919,3822.860919,
CIMS.CAN.MB.Residential.Dwellings.Building Type.LowMed Density.Vintage.>2035 Bldg Code.Heating (Cold),Service,MB,Residential,Heating (Cold),Electric - Standard Efficiency,service_request,,,CIMS.CAN.MB.Electricity,annual_tech,GJ,1,1,1,1,1,1,1,1,1,1,1,
CIMS.CAN.MB.Residential.Dwellings.Building Type.LowMed Density.Vintage.>2035 Bldg Code.Heating (Cold),Service,MB,Residential,Heating (Cold),Electric - ASHP / NG - backup,technology,,,,,,,,,,,,,,,,,
CIMS.CAN.MB.Residential.Dwellings.Building Type.LowMed Density.Vintage.>2035 Bldg Code.Heating (Cold),Service,MB,Residential,Heating (Cold),Electric - ASHP / NG - backup,available,,,,constant_tech,Year,2000,2000,2000,2000,2000,2000,2000,2000,2000,2000,2000,
CIMS.CAN.MB.Residential.Dwellings.Building Type.LowMed Density.Vintage.>2035 Bldg Code.Heating (Cold),Service,MB,Residential,Heating (Cold),Electric - ASHP / NG - backup,unavailable,,,,constant_tech,Year,2101,2101,2101,2101,2101,2101,2101,2101,2101,2101,2101,
CIMS.CAN.MB.Residential.Dwellings.Building Type.LowMed Density.Vintage.>2035 Bldg Code.Heating (Cold),Service,MB,Residential,Heating (Cold),Electric - ASHP / NG - backup,lifetime,,,,constant_tech,Years,15.5,15.5,15.5,15.5,15.5,15.5,15.5,15.5,15.5,15.5,15.5,
CIMS.CAN.MB.Residential.Dwellings.Building Type.LowMed Density.Vintage.>2035 Bldg Code.Heating (Cold),Service,MB,Residential,Heating (Cold),Electric - ASHP / NG - backup,market_share_total,,,,annual_tech,%,0,,,,,,,,,,,
CIMS.CAN.MB.Residential.Dwellings.Building Type.LowMed Density.Vintage.>2035 Bldg Code.Heating (Cold),Service,MB,Residential,Heating (Cold),Electric - ASHP / NG - backup,output,,,,constant_tech,node unit,31.399776,31.399776,31.399776,31.399776,31.399776,31.399776,31.399776,31.399776,31.399776,31.399776,31.399776,
CIMS.CAN.MB.Residential.Dwellings.Building Type.LowMed Density.Vintage.>2035 Bldg Code.Heating (Cold),Service,MB,Residential,Heating (Cold),Electric - ASHP / NG - backup,fcc,,,,constant_tech,$,9647.874856,9647.874856,9647.874856,9647.874856,9647.874856,9647.874856,9647.874856,9647.874856,9647.874856,9647.874856,9647.874856,
CIMS.CAN.MB.Residential.Dwellings.Building Type.LowMed Density.Vintage.>2035 Bldg Code.Heating (Cold),Service,MB,Residential,Heating (Cold),Electric - ASHP / NG - backup,fom,,,,constant_tech,$,269.0393118,269.0393118,269.0393118,269.0393118,269.0393118,269.0393118,269.0393118,269.0393118,269.0393118,269.0393118,269.0393118,
CIMS.CAN.MB.Residential.Dwellings.Building Type.LowMed Density.Vintage.>2035 Bldg Code.Heating (Cold),Service,MB,Residential,Heating (Cold),Electric - ASHP / NG - backup,service_request,,,CIMS.CAN.MB.Electricity,annual_tech,GJ,0.72747607755,0.72747607755,0.72747607755,0.72747607755,0.72747607755,0.72747607755,0.72747607755,0.72747607755,0.72747607755,0.72747607755,0.72747607755,
CIMS.CAN.MB.Residential.Dwellings.Building Type.LowMed Density.Vintage.>2035 Bldg Code.Heating (Cold),Service,MB,Residential,Heating (Cold),Electric - ASHP / NG - backup,service_request,,,CIMS.CAN.MB.Residential.Methane Blend,annual_tech,GJ,0.0583333333275,0.0583333333275,0.0583333333275,0.0583333333275,0.0583333333275,0.0583333333275,0.0583333333275,0.0583333333275,0.0583333333275,0.0583333333275,0.0583333333275,
CIMS.CAN.MB.Residential.Dwellings.Building Type.LowMed Density.Vintage.>2035 Bldg Code.Heating (Cold),Service,MB,Residential,Heating (Cold),Electric - ASHP / NG - backup,service_request,,,CIMS.CAN.MB.Residential.Dwellings.Building Type.LowMed Density.Cooling,annual_tech,GJ of cooling,-0.004568364,-0.004568364,-0.004568364,-0.004568364,-0.004568364,-0.004568364,-0.004568364,-0.004568364,-0.004568364,-0.004568364,-0.004568364,
CIMS.CAN.MB.Residential.Dwellings.Building Type.LowMed Density.Vintage.>2035 Bldg Code.Heating (Cold),Service,MB,Residential,Heating (Cold),Electric - ASHP / Electric - backup,technology,,,,,,,,,,,,,,,,,
CIMS.CAN.MB.Residential.Dwellings.Building Type.LowMed Density.Vintage.>2035 Bldg Code.Heating (Cold),Service,MB,Residential,Heating (Cold),Electric - ASHP / Electric - backup,available,,,,constant_tech,Year,2000,2000,2000,2000,2000,2000,2000,2000,2000,2000,2000,
CIMS.CAN.MB.Residential.Dwellings.Building Type.LowMed Density.Vintage.>2035 Bldg Code.Heating (Cold),Service,MB,Residential,Heating (Cold),Electric - ASHP / Electric - backup,unavailable,,,,constant_tech,Year,2101,2101,2101,2101,2101,2101,2101,2101,2101,2101,2101,
CIMS.CAN.MB.Residential.Dwellings.Building Type.LowMed Density.Vintage.>2035 Bldg Code.Heating (Cold),Service,MB,Residential,Heating (Cold),Electric - ASHP / Electric - backup,lifetime,,,,constant_tech,Years,15.5,15.5,15.5,15.5,15.5,15.5,15.5,15.5,15.5,15.5,15.5,
CIMS.CAN.MB.Residential.Dwellings.Building Type.LowMed Density.Vintage.>2035 Bldg Code.Heating (Cold),Service,MB,Residential,Heating (Cold),Electric - ASHP / Electric - backup,market_share_total,,,,annual_tech,%,0,,,,,,,,,,,
CIMS.CAN.MB.Residential.Dwellings.Building Type.LowMed Density.Vintage.>2035 Bldg Code.Heating (Cold),Service,MB,Residential,Heating (Cold),Electric - ASHP / Electric - backup,output,,,,constant_tech,node unit,31.399776,31.399776,31.399776,31.399776,31.399776,31.399776,31.399776,31.399776,31.399776,31.399776,31.399776,
CIMS.CAN.MB.Residential.Dwellings.Building Type.LowMed Density.Vintage.>2035 Bldg Code.Heating (Cold),Service,MB,Residential,Heating (Cold),Electric - ASHP / Electric - backup,fcc,,,,constant_tech,$,9373.830161,9373.830161,9373.830161,9373.830161,9373.830161,9373.830161,9373.830161,9373.830161,9373.830161,9373.830161,9373.830161,
CIMS.CAN.MB.Residential.Dwellings.Building Type.LowMed Density.Vintage.>2035 Bldg Code.Heating (Cold),Service,MB,Residential,Heating (Cold),Electric - ASHP / Electric - backup,fom,,,,constant_tech,$,106.3643791,106.3643791,106.3643791,106.3643791,106.3643791,106.3643791,106.3643791,106.3643791,106.3643791,106.3643791,106.3643791,
CIMS.CAN.MB.Residential.Dwellings.Building Type.LowMed Density.Vintage.>2035 Bldg Code.Heating (Cold),Service,MB,Residential,Heating (Cold),Electric - ASHP / Electric - backup,service_request,,,CIMS.CAN.MB.Electricity,annual_tech,GJ,0.77747607755,0.77747607755,0.77747607755,0.77747607755,0.77747607755,0.77747607755,0.77747607755,0.77747607755,0.77747607755,0.77747607755,0.77747607755,
CIMS.CAN.MB.Residential.Dwellings.Building Type.LowMed Density.Vintage.>2035 Bldg Code.Heating (Cold),Service,MB,Residential,Heating (Cold),Electric - ASHP / Electric - backup,service_request,,,CIMS.CAN.MB.Residential.Dwellings.Building Type.LowMed Density.Cooling,annual_tech,GJ of cooling,-0.004568364,-0.004568364,-0.004568364,-0.004568364,-0.004568364,-0.004568364,-0.004568364,-0.004568364,-0.004568364,-0.004568364,-0.004568364,
CIMS.CAN.MB.Residential.Dwellings.Building Type.LowMed Density.Vintage.>2035 Bldg Code.Heating (Cold),Service,MB,Residential,Heating (Cold),Electric - GSHP,technology,,,,,,,,,,,,,,,,,
CIMS.CAN.MB.Residential.Dwellings.Building Type.LowMed Density.Vintage.>2035 Bldg Code.Heating (Cold),Service,MB,Residential,Heating (Cold),Electric - GSHP,available,,,,constant_tech,Year,2000,2000,2000,2000,2000,2000,2000,2000,2000,2000,2000,
CIMS.CAN.MB.Residential.Dwellings.Building Type.LowMed Density.Vintage.>2035 Bldg Code.Heating (Cold),Service,MB,Residential,Heating (Cold),Electric - GSHP,unavailable,,,,constant_tech,Year,2101,2101,2101,2101,2101,2101,2101,2101,2101,2101,2101,
CIMS.CAN.MB.Residential.Dwellings.Building Type.LowMed Density.Vintage.>2035 Bldg Code.Heating (Cold),Service,MB,Residential,Heating (Cold),Electric - GSHP,lifetime,,,,constant_tech,Years,20,20,20,20,20,20,20,20,20,20,20,
CIMS.CAN.MB.Residential.Dwellings.Building Type.LowMed Density.Vintage.>2035 Bldg Code.Heating (Cold),Service,MB,Residential,Heating (Cold),Electric - GSHP,market_share_total,,,,annual_tech,%,0,,,,,,,,,,,
CIMS.CAN.MB.Residential.Dwellings.Building Type.LowMed Density.Vintage.>2035 Bldg Code.Heating (Cold),Service,MB,Residential,Heating (Cold),Electric - GSHP,output,,,,constant_tech,node unit,31.399776,31.399776,31.399776,31.399776,31.399776,31.399776,31.399776,31.399776,31.399776,31.399776,31.399776,
CIMS.CAN.MB.Residential.Dwellings.Building Type.LowMed Density.Vintage.>2035 Bldg Code.Heating (Cold),Service,MB,Residential,Heating (Cold),Electric - GSHP,fcc,,,,constant_tech,$,23775.56709,23775.56709,23775.56709,23775.56709,23775.56709,23775.56709,23775.56709,23775.56709,23775.56709,23775.56709,23775.56709,
CIMS.CAN.MB.Residential.Dwellings.Building Type.LowMed Density.Vintage.>2035 Bldg Code.Heating (Cold),Service,MB,Residential,Heating (Cold),Electric - GSHP,fom,,,,constant_tech,$,112.6211073,112.6211073,112.6211073,112.6211073,112.6211073,112.6211073,112.6211073,112.6211073,112.6211073,112.6211073,112.6211073,
CIMS.CAN.MB.Residential.Dwellings.Building Type.LowMed Density.Vintage.>2035 Bldg Code.Heating (Cold),Service,MB,Residential,Heating (Cold),Electric - GSHP,service_request,,,CIMS.CAN.MB.Electricity,annual_tech,GJ,0.486428472,0.486428472,0.486428472,0.486428472,0.486428472,0.486428472,0.486428472,0.486428472,0.486428472,0.486428472,0.486428472,
CIMS.CAN.MB.Residential.Dwellings.Building Type.LowMed Density.Vintage.>2035 Bldg Code.Heating (Cold),Service,MB,Residential,Heating (Cold),Electric - GSHP,service_request,,,CIMS.CAN.MB.Residential.Dwellings.Building Type.LowMed Density.Cooling,annual_tech,GJ of cooling,-0.004568364,-0.004568364,-0.004568364,-0.004568364,-0.004568364,-0.004568364,-0.004568364,-0.004568364,-0.004568364,-0.004568364,-0.004568364,
CIMS.CAN.MB.Residential.Dwellings.Building Type.LowMed Density.Vintage.>2035 Bldg Code.Heating (Cold),Service,MB,Residential,Heating (Cold),Heating Oil - Standard Efficiency,technology,,,,,,,,,,,,,,,,,
CIMS.CAN.MB.Residential.Dwellings.Building Type.LowMed Density.Vintage.>2035 Bldg Code.Heating (Cold),Service,MB,Residential,Heating (Cold),Heating Oil - Standard Efficiency,available,,,,constant_tech,Year,1950,1950,1950,1950,1950,1950,1950,1950,1950,1950,1950,
CIMS.CAN.MB.Residential.Dwellings.Building Type.LowMed Density.Vintage.>2035 Bldg Code.Heating (Cold),Service,MB,Residential,Heating (Cold),Heating Oil - Standard Efficiency,unavailable,,,,constant_tech,Year,2021,2021,2021,2021,2021,2021,2021,2021,2021,2021,2021,
CIMS.CAN.MB.Residential.Dwellings.Building Type.LowMed Density.Vintage.>2035 Bldg Code.Heating (Cold),Service,MB,Residential,Heating (Cold),Heating Oil - Standard Efficiency,lifetime,,,,constant_tech,Years,23,23,23,23,23,23,23,23,23,23,23,
CIMS.CAN.MB.Residential.Dwellings.Building Type.LowMed Density.Vintage.>2035 Bldg Code.Heating (Cold),Service,MB,Residential,Heating (Cold),Heating Oil - Standard Efficiency,market_share_total,,,,annual_tech,%,0,,,,,,,,,,,
CIMS.CAN.MB.Residential.Dwellings.Building Type.LowMed Density.Vintage.>2035 Bldg Code.Heating (Cold),Service,MB,Residential,Heating (Cold),Heating Oil - Standard Efficiency,output,,,,constant_tech,node unit,31.399776,31.399776,31.399776,31.399776,31.399776,31.399776,31.399776,31.399776,31.399776,31.399776,31.399776,
CIMS.CAN.MB.Residential.Dwellings.Building Type.LowMed Density.Vintage.>2035 Bldg Code.Heating (Cold),Service,MB,Residential,Heating (Cold),Heating Oil - Standard Efficiency,fcc,,,,constant_tech,$,6444.430027,6444.430027,6444.430027,6444.430027,6444.430027,6444.430027,6444.430027,6444.430027,6444.430027,6444.430027,6444.430027,
CIMS.CAN.MB.Residential.Dwellings.Building Type.LowMed Density.Vintage.>2035 Bldg Code.Heating (Cold),Service,MB,Residential,Heating (Cold),Heating Oil - Standard Efficiency,fom,,,,constant_tech,$,100.1076509,100.1076509,100.1076509,100.1076509,100.1076509,100.1076509,100.1076509,100.1076509,100.1076509,100.1076509,100.1076509,
CIMS.CAN.MB.Residential.Dwellings.Building Type.LowMed Density.Vintage.>2035 Bldg Code.Heating (Cold),Service,MB,Residential,Heating (Cold),Heating Oil - Standard Efficiency,service_request,,,CIMS.Generic Fuels.Fuel Oil,annual_tech,GJ,1.282051282,1.282051282,1.282051282,1.282051282,1.282051282,1.282051282,1.282051282,1.282051282,1.282051282,1.282051282,1.282051282,
CIMS.CAN.MB.Residential.Dwellings.Building Type.LowMed Density.Vintage.>2035 Bldg Code.Heating (Cold),Service,MB,Residential,Heating (Cold),Heating Oil - High Efficiency,technology,,,,,,,,,,,,,,,,,
CIMS.CAN.MB.Residential.Dwellings.Building Type.LowMed Density.Vintage.>2035 Bldg Code.Heating (Cold),Service,MB,Residential,Heating (Cold),Heating Oil - High Efficiency,available,,,,constant_tech,Year,2000,2000,2000,2000,2000,2000,2000,2000,2000,2000,2000,
CIMS.CAN.MB.Residential.Dwellings.Building Type.LowMed Density.Vintage.>2035 Bldg Code.Heating (Cold),Service,MB,Residential,Heating (Cold),Heating Oil - High Efficiency,unavailable,,,,constant_tech,Year,2101,2101,2101,2101,2101,2101,2101,2101,2101,2101,2101,
CIMS.CAN.MB.Residential.Dwellings.Building Type.LowMed Density.Vintage.>2035 Bldg Code.Heating (Cold),Service,MB,Residential,Heating (Cold),Heating Oil - High Efficiency,lifetime,,,,constant_tech,Years,23,23,23,23,23,23,23,23,23,23,23,
CIMS.CAN.MB.Residential.Dwellings.Building Type.LowMed Density.Vintage.>2035 Bldg Code.Heating (Cold),Service,MB,Residential,Heating (Cold),Heating Oil - High Efficiency,market_share_total,,,,annual_tech,%,0,,,,,,,,,,,
CIMS.CAN.MB.Residential.Dwellings.Building Type.LowMed Density.Vintage.>2035 Bldg Code.Heating (Cold),Service,MB,Residential,Heating (Cold),Heating Oil - High Efficiency,output,,,,constant_tech,node unit,31.399776,31.399776,31.399776,31.399776,31.399776,31.399776,31.399776,31.399776,31.399776,31.399776,31.399776,
CIMS.CAN.MB.Residential.Dwellings.Building Type.LowMed Density.Vintage.>2035 Bldg Code.Heating (Cold),Service,MB,Residential,Heating (Cold),Heating Oil - High Efficiency,fcc,,,,constant_tech,$,9541.510477,9541.510477,9541.510477,9541.510477,9541.510477,9541.510477,9541.510477,9541.510477,9541.510477,9541.510477,9541.510477,
CIMS.CAN.MB.Residential.Dwellings.Building Type.LowMed Density.Vintage.>2035 Bldg Code.Heating (Cold),Service,MB,Residential,Heating (Cold),Heating Oil - High Efficiency,fom,,,,constant_tech,$,100.1076509,100.1076509,100.1076509,100.1076509,100.1076509,100.1076509,100.1076509,100.1076509,100.1076509,100.1076509,100.1076509,
CIMS.CAN.MB.Residential.Dwellings.Building Type.LowMed Density.Vintage.>2035 Bldg Code.Heating (Cold),Service,MB,Residential,Heating (Cold),Heating Oil - High Efficiency,service_request,,,CIMS.Generic Fuels.Fuel Oil,annual_tech,GJ,1.162790698,1.162790698,1.162790698,1.162790698,1.162790698,1.162790698,1.162790698,1.162790698,1.162790698,1.162790698,1.162790698,
CIMS.CAN.MB.Residential.Dwellings.Building Type.LowMed Density.Vintage.>2035 Bldg Code.Heating (Cold),Service,MB,Residential,Heating (Cold),Wood,technology,,,,,,,,,,,,,,,,,
CIMS.CAN.MB.Residential.Dwellings.Building Type.LowMed Density.Vintage.>2035 Bldg Code.Heating (Cold),Service,MB,Residential,Heating (Cold),Wood,available,,,,constant_tech,Year,1950,1950,1950,1950,1950,1950,1950,1950,1950,1950,1950,
CIMS.CAN.MB.Residential.Dwellings.Building Type.LowMed Density.Vintage.>2035 Bldg Code.Heating (Cold),Service,MB,Residential,Heating (Cold),Wood,unavailable,,,,constant_tech,Year,2101,2101,2101,2101,2101,2101,2101,2101,2101,2101,2101,
CIMS.CAN.MB.Residential.Dwellings.Building Type.LowMed Density.Vintage.>2035 Bldg Code.Heating (Cold),Service,MB,Residential,Heating (Cold),Wood,lifetime,,,,constant_tech,Years,18.5,18.5,18.5,18.5,18.5,18.5,18.5,18.5,18.5,18.5,18.5,
CIMS.CAN.MB.Residential.Dwellings.Building Type.LowMed Density.Vintage.>2035 Bldg Code.Heating (Cold),Service,MB,Residential,Heating (Cold),Wood,market_share_total,,,,annual_tech,%,0,,,,,,,,,,,
CIMS.CAN.MB.Residential.Dwellings.Building Type.LowMed Density.Vintage.>2035 Bldg Code.Heating (Cold),Service,MB,Residential,Heating (Cold),Wood,output,,,,constant_tech,node unit,31.399776,31.399776,31.399776,31.399776,31.399776,31.399776,31.399776,31.399776,31.399776,31.399776,31.399776,
CIMS.CAN.MB.Residential.Dwellings.Building Type.LowMed Density.Vintage.>2035 Bldg Code.Heating (Cold),Service,MB,Residential,Heating (Cold),Wood,fcc,,,,constant_tech,$,8000.269768,8000.269768,8000.269768,8000.269768,8000.269768,8000.269768,8000.269768,8000.269768,8000.269768,8000.269768,8000.269768,
CIMS.CAN.MB.Residential.Dwellings.Building Type.LowMed Density.Vintage.>2035 Bldg Code.Heating (Cold),Service,MB,Residential,Heating (Cold),Wood,fom,,,,constant_tech,$,250.2691273,250.2691273,250.2691273,250.2691273,250.2691273,250.2691273,250.2691273,250.2691273,250.2691273,250.2691273,250.2691273,
CIMS.CAN.MB.Residential.Dwellings.Building Type.LowMed Density.Vintage.>2035 Bldg Code.Heating (Cold),Service,MB,Residential,Heating (Cold),Wood,service_request,,,CIMS.Generic Fuels.Solid Biomass,annual_tech,GJ,2,2,2,2,2,2,2,2,2,2,2,
CIMS.CAN.MB.Residential.Dwellings.Building Type.LowMed Density.Cooling,Service,MB,Residential,Cooling,,service_provide,,,,constant_tech,GJ of cooling,,,,,,,,,,,,
CIMS.CAN.MB.Residential.Dwellings.Building Type.LowMed Density.Cooling,Service,MB,Residential,Cooling,,competition,Fixed Ratio,,,,,,,,,,,,,,,,
CIMS.CAN.MB.Residential.Dwellings.Building Type.LowMed Density.Cooling,Service,MB,Residential,Cooling,,inheritance,intercept_retirement,,,constant_tech,,TRUE,TRUE,TRUE,TRUE,TRUE,TRUE,TRUE,TRUE,TRUE,TRUE,TRUE,
CIMS.CAN.MB.Residential.Dwellings.Building Type.LowMed Density.Cooling,Service,MB,Residential,Cooling,,service_request,,,CIMS.CAN.MB.Residential.Dwellings.Building Type.LowMed Density.Cooling.Central,annual_region,GJ,0.83702937230611,0.84275211064543,0.85892372564689,0.91226817503586,0.93227241459091,0.93227241459091,0.93227241459091,0.93227241459091,0.93227241459091,0.93227241459091,0.93227241459091,
CIMS.CAN.MB.Residential.Dwellings.Building Type.LowMed Density.Cooling,Service,MB,Residential,Cooling,,service_request,,,CIMS.CAN.MB.Residential.Dwellings.Building Type.LowMed Density.Cooling.Room,annual_region,GJ,0.16297062769389,0.15724788935457,0.14107627435311,0.08773182496414,0.06772758540909,0.06772758540909,0.06772758540909,0.06772758540909,0.06772758540909,0.06772758540909,0.06772758540909,
CIMS.CAN.MB.Residential.Dwellings.Building Type.LowMed Density.Cooling.Central,Service,MB,Residential,Central,,service_provide,,,,constant_tech,GJ of cooling,,,,,,,,,,,,
CIMS.CAN.MB.Residential.Dwellings.Building Type.LowMed Density.Cooling.Central,Service,MB,Residential,Central,,competition,Tech Compete,,,,,,,,,,,,,,,,
CIMS.CAN.MB.Residential.Dwellings.Building Type.LowMed Density.Cooling.Central,Service,MB,Residential,Central,,discount_rate_financial,,,,constant_tech,%,0.25,0.25,0.25,0.25,0.25,0.25,0.25,0.25,0.25,0.25,0.25,
CIMS.CAN.MB.Residential.Dwellings.Building Type.LowMed Density.Cooling.Central,Service,MB,Residential,Central,,heterogeneity,,,,constant_tech,,10,10,10,10,10,10,10,10,10,10,10,
CIMS.CAN.MB.Residential.Dwellings.Building Type.LowMed Density.Cooling.Central,Service,MB,Residential,Central,Central - Existing,technology,,,,,,,,,,,,,,,,,
CIMS.CAN.MB.Residential.Dwellings.Building Type.LowMed Density.Cooling.Central,Service,MB,Residential,Central,Central - Existing,available,,,,constant_tech,Year,1990,1990,1990,1990,1990,1990,1990,1990,1990,1990,1990,
CIMS.CAN.MB.Residential.Dwellings.Building Type.LowMed Density.Cooling.Central,Service,MB,Residential,Central,Central - Existing,unavailable,,,,constant_tech,Year,2001,2001,2001,2001,2001,2001,2001,2001,2001,2001,2001,
CIMS.CAN.MB.Residential.Dwellings.Building Type.LowMed Density.Cooling.Central,Service,MB,Residential,Central,Central - Existing,lifetime,,,,constant_tech,Years,18,18,18,18,18,18,18,18,18,18,18,
CIMS.CAN.MB.Residential.Dwellings.Building Type.LowMed Density.Cooling.Central,Service,MB,Residential,Central,Central - Existing,market_share_total,,,,annual_tech,%,1,,,,,,,,,,,
CIMS.CAN.MB.Residential.Dwellings.Building Type.LowMed Density.Cooling.Central,Service,MB,Residential,Central,Central - Existing,output,,,,constant_tech,node unit,12.76,12.76,12.76,12.76,12.76,12.76,12.76,12.76,12.76,12.76,12.76,
CIMS.CAN.MB.Residential.Dwellings.Building Type.LowMed Density.Cooling.Central,Service,MB,Residential,Central,Central - Existing,fcc,,,,constant_tech,$,5005.38,5005.38,5005.38,5005.38,5005.38,5005.38,5005.38,5005.38,5005.38,5005.38,5005.38,
CIMS.CAN.MB.Residential.Dwellings.Building Type.LowMed Density.Cooling.Central,Service,MB,Residential,Central,Central - Existing,fom,,,,constant_tech,$,106.36,106.36,106.36,106.36,106.36,106.36,106.36,106.36,106.36,106.36,106.36,
CIMS.CAN.MB.Residential.Dwellings.Building Type.LowMed Density.Cooling.Central,Service,MB,Residential,Central,Central - Existing,service_request,,,CIMS.CAN.MB.Electricity,annual_tech,GJ,0.355812796,0.355812796,0.355812796,0.355812796,0.355812796,0.355812796,0.355812796,0.355812796,0.355812796,0.355812796,0.355812796,
CIMS.CAN.MB.Residential.Dwellings.Building Type.LowMed Density.Cooling.Central,Service,MB,Residential,Central,Central - SEER 12,technology,,,,,,,,,,,,,,,,,
CIMS.CAN.MB.Residential.Dwellings.Building Type.LowMed Density.Cooling.Central,Service,MB,Residential,Central,Central - SEER 12,available,,,,constant_tech,Year,2000,2000,2000,2000,2000,2000,2000,2000,2000,2000,2000,
CIMS.CAN.MB.Residential.Dwellings.Building Type.LowMed Density.Cooling.Central,Service,MB,Residential,Central,Central - SEER 12,unavailable,,,,constant_tech,Year,2101,2101,2101,2101,2101,2101,2101,2101,2101,2101,2101,
CIMS.CAN.MB.Residential.Dwellings.Building Type.LowMed Density.Cooling.Central,Service,MB,Residential,Central,Central - SEER 12,lifetime,,,,constant_tech,Years,18,18,18,18,18,18,18,18,18,18,18,
CIMS.CAN.MB.Residential.Dwellings.Building Type.LowMed Density.Cooling.Central,Service,MB,Residential,Central,Central - SEER 12,market_share_total,,,,annual_tech,%,0,,,,,,,,,,,
CIMS.CAN.MB.Residential.Dwellings.Building Type.LowMed Density.Cooling.Central,Service,MB,Residential,Central,Central - SEER 12,output,,,,constant_tech,node unit,16.03,16.03,16.03,16.03,16.03,16.03,16.03,16.03,16.03,16.03,16.03,
CIMS.CAN.MB.Residential.Dwellings.Building Type.LowMed Density.Cooling.Central,Service,MB,Residential,Central,Central - SEER 12,fcc,,,,constant_tech,$,6569.56,6569.56,6569.56,6569.56,6569.56,6569.56,6569.56,6569.56,6569.56,6569.56,6569.56,
CIMS.CAN.MB.Residential.Dwellings.Building Type.LowMed Density.Cooling.Central,Service,MB,Residential,Central,Central - SEER 12,fom,,,,constant_tech,$,106.36,106.36,106.36,106.36,106.36,106.36,106.36,106.36,106.36,106.36,106.36,
CIMS.CAN.MB.Residential.Dwellings.Building Type.LowMed Density.Cooling.Central,Service,MB,Residential,Central,Central - SEER 12,service_request,,,CIMS.CAN.MB.Electricity,annual_tech,GJ,0.284345097,0.284345097,0.284345097,0.284345097,0.284345097,0.284345097,0.284345097,0.284345097,0.284345097,0.284345097,0.284345097,
CIMS.CAN.MB.Residential.Dwellings.Building Type.LowMed Density.Cooling.Central,Service,MB,Residential,Central,Central - SEER 14,technology,,,,,,,,,,,,,,,,,
CIMS.CAN.MB.Residential.Dwellings.Building Type.LowMed Density.Cooling.Central,Service,MB,Residential,Central,Central - SEER 14,available,,,,constant_tech,Year,2015,2015,2015,2015,2015,2015,2015,2015,2015,2015,2015,
CIMS.CAN.MB.Residential.Dwellings.Building Type.LowMed Density.Cooling.Central,Service,MB,Residential,Central,Central - SEER 14,unavailable,,,,constant_tech,Year,2101,2101,2101,2101,2101,2101,2101,2101,2101,2101,2101,
CIMS.CAN.MB.Residential.Dwellings.Building Type.LowMed Density.Cooling.Central,Service,MB,Residential,Central,Central - SEER 14,lifetime,,,,constant_tech,Years,18,18,18,18,18,18,18,18,18,18,18,
CIMS.CAN.MB.Residential.Dwellings.Building Type.LowMed Density.Cooling.Central,Service,MB,Residential,Central,Central - SEER 14,market_share_total,,,,annual_tech,%,0,,,,,,,,,,,
CIMS.CAN.MB.Residential.Dwellings.Building Type.LowMed Density.Cooling.Central,Service,MB,Residential,Central,Central - SEER 14,output,,,,constant_tech,node unit,18.7,18.7,18.7,18.7,18.7,18.7,18.7,18.7,18.7,18.7,18.7,
CIMS.CAN.MB.Residential.Dwellings.Building Type.LowMed Density.Cooling.Central,Service,MB,Residential,Central,Central - SEER 14,fcc,,,,constant_tech,$,7483.05,7483.05,7483.05,7483.05,7483.05,7483.05,7483.05,7483.05,7483.05,7483.05,7483.05,
CIMS.CAN.MB.Residential.Dwellings.Building Type.LowMed Density.Cooling.Central,Service,MB,Residential,Central,Central - SEER 14,fom,,,,constant_tech,$,106.36,106.36,106.36,106.36,106.36,106.36,106.36,106.36,106.36,106.36,106.36,
CIMS.CAN.MB.Residential.Dwellings.Building Type.LowMed Density.Cooling.Central,Service,MB,Residential,Central,Central - SEER 14,service_request,,,CIMS.CAN.MB.Electricity,annual_tech,GJ,0.243724369,0.243724369,0.243724369,0.243724369,0.243724369,0.243724369,0.243724369,0.243724369,0.243724369,0.243724369,0.243724369,
CIMS.CAN.MB.Residential.Dwellings.Building Type.LowMed Density.Cooling.Room,Service,MB,Residential,Room,,service_provide,,,,constant_tech,GJ of cooling,,,,,,,,,,,,
CIMS.CAN.MB.Residential.Dwellings.Building Type.LowMed Density.Cooling.Room,Service,MB,Residential,Room,,competition,Tech Compete,,,,,,,,,,,,,,,,
CIMS.CAN.MB.Residential.Dwellings.Building Type.LowMed Density.Cooling.Room,Service,MB,Residential,Room,,discount_rate_financial,,,,constant_tech,%,0.25,0.25,0.25,0.25,0.25,0.25,0.25,0.25,0.25,0.25,0.25,
CIMS.CAN.MB.Residential.Dwellings.Building Type.LowMed Density.Cooling.Room,Service,MB,Residential,Room,,heterogeneity,,,,constant_tech,,10,10,10,10,10,10,10,10,10,10,10,
CIMS.CAN.MB.Residential.Dwellings.Building Type.LowMed Density.Cooling.Room,Service,MB,Residential,Room,Room - Existing,technology,,,,,,,,,,,,,,,,,
CIMS.CAN.MB.Residential.Dwellings.Building Type.LowMed Density.Cooling.Room,Service,MB,Residential,Room,Room - Existing,available,,,,constant_tech,Year,1990,1990,1990,1990,1990,1990,1990,1990,1990,1990,1990,
CIMS.CAN.MB.Residential.Dwellings.Building Type.LowMed Density.Cooling.Room,Service,MB,Residential,Room,Room - Existing,unavailable,,,,constant_tech,Year,2001,2001,2001,2001,2001,2001,2001,2001,2001,2001,2001,
CIMS.CAN.MB.Residential.Dwellings.Building Type.LowMed Density.Cooling.Room,Service,MB,Residential,Room,Room - Existing,lifetime,,,,constant_tech,Years,13,13,13,13,13,13,13,13,13,13,13,
CIMS.CAN.MB.Residential.Dwellings.Building Type.LowMed Density.Cooling.Room,Service,MB,Residential,Room,Room - Existing,market_share_total,,,,annual_tech,%,1,,,,,,,,,,,
CIMS.CAN.MB.Residential.Dwellings.Building Type.LowMed Density.Cooling.Room,Service,MB,Residential,Room,Room - Existing,output,,,,constant_tech,node unit,3.06,3.06,3.06,3.06,3.06,3.06,3.06,3.06,3.06,3.06,3.06,
CIMS.CAN.MB.Residential.Dwellings.Building Type.LowMed Density.Cooling.Room,Service,MB,Residential,Room,Room - Existing,fcc,,,,constant_tech,$,919.74,919.74,919.74,919.74,919.74,919.74,919.74,919.74,919.74,919.74,919.74,
CIMS.CAN.MB.Residential.Dwellings.Building Type.LowMed Density.Cooling.Room,Service,MB,Residential,Room,Room - Existing,service_request,,,CIMS.CAN.MB.Electricity,annual_tech,GJ,0.413347416,0.413347416,0.413347416,0.413347416,0.413347416,0.413347416,0.413347416,0.413347416,0.413347416,0.413347416,0.413347416,
CIMS.CAN.MB.Residential.Dwellings.Building Type.LowMed Density.Cooling.Room,Service,MB,Residential,Room,Room - CEER 10,technology,,,,,,,,,,,,,,,,,
CIMS.CAN.MB.Residential.Dwellings.Building Type.LowMed Density.Cooling.Room,Service,MB,Residential,Room,Room - CEER 10,available,,,,constant_tech,Year,2000,2000,2000,2000,2000,2000,2000,2000,2000,2000,2000,
CIMS.CAN.MB.Residential.Dwellings.Building Type.LowMed Density.Cooling.Room,Service,MB,Residential,Room,Room - CEER 10,unavailable,,,,constant_tech,Year,2101,2101,2101,2101,2101,2101,2101,2101,2101,2101,2101,
CIMS.CAN.MB.Residential.Dwellings.Building Type.LowMed Density.Cooling.Room,Service,MB,Residential,Room,Room - CEER 10,lifetime,,,,constant_tech,Years,13,13,13,13,13,13,13,13,13,13,13,
CIMS.CAN.MB.Residential.Dwellings.Building Type.LowMed Density.Cooling.Room,Service,MB,Residential,Room,Room - CEER 10,market_share_total,,,,annual_tech,%,0,,,,,,,,,,,
CIMS.CAN.MB.Residential.Dwellings.Building Type.LowMed Density.Cooling.Room,Service,MB,Residential,Room,Room - CEER 10,output,,,,constant_tech,node unit,3.71,3.71,3.71,3.71,3.71,3.71,3.71,3.71,3.71,3.71,3.71,
CIMS.CAN.MB.Residential.Dwellings.Building Type.LowMed Density.Cooling.Room,Service,MB,Residential,Room,Room - CEER 10,fcc,,,,constant_tech,$,700.75,700.75,700.75,700.75,700.75,700.75,700.75,700.75,700.75,700.75,700.75,
CIMS.CAN.MB.Residential.Dwellings.Building Type.LowMed Density.Cooling.Room,Service,MB,Residential,Room,Room - CEER 10,service_request,,,CIMS.CAN.MB.Electricity,annual_tech,GJ,0.341214117,0.341214117,0.341214117,0.341214117,0.341214117,0.341214117,0.341214117,0.341214117,0.341214117,0.341214117,0.341214117,
CIMS.CAN.MB.Residential.Dwellings.Building Type.LowMed Density.Cooling.Room,Service,MB,Residential,Room,Room - CEER 12,technology,,,,,,,,,,,,,,,,,
CIMS.CAN.MB.Residential.Dwellings.Building Type.LowMed Density.Cooling.Room,Service,MB,Residential,Room,Room - CEER 12,available,,,,constant_tech,Year,2015,2015,2015,2015,2015,2015,2015,2015,2015,2015,2015,
CIMS.CAN.MB.Residential.Dwellings.Building Type.LowMed Density.Cooling.Room,Service,MB,Residential,Room,Room - CEER 12,unavailable,,,,constant_tech,Year,2101,2101,2101,2101,2101,2101,2101,2101,2101,2101,2101,
CIMS.CAN.MB.Residential.Dwellings.Building Type.LowMed Density.Cooling.Room,Service,MB,Residential,Room,Room - CEER 12,lifetime,,,,constant_tech,Years,13,13,13,13,13,13,13,13,13,13,13,
CIMS.CAN.MB.Residential.Dwellings.Building Type.LowMed Density.Cooling.Room,Service,MB,Residential,Room,Room - CEER 12,market_share_total,,,,annual_tech,%,0,,,,,,,,,,,
CIMS.CAN.MB.Residential.Dwellings.Building Type.LowMed Density.Cooling.Room,Service,MB,Residential,Room,Room - CEER 12,output,,,,constant_tech,node unit,4.45,4.45,4.45,4.45,4.45,4.45,4.45,4.45,4.45,4.45,4.45,
CIMS.CAN.MB.Residential.Dwellings.Building Type.LowMed Density.Cooling.Room,Service,MB,Residential,Room,Room - CEER 12,fcc,,,,constant_tech,$,707.01,707.01,707.01,707.01,707.01,707.01,707.01,707.01,707.01,707.01,707.01,
CIMS.CAN.MB.Residential.Dwellings.Building Type.LowMed Density.Cooling.Room,Service,MB,Residential,Room,Room - CEER 12,service_request,,,CIMS.CAN.MB.Electricity,annual_tech,GJ,0.284345097,0.284345097,0.284345097,0.284345097,0.284345097,0.284345097,0.284345097,0.284345097,0.284345097,0.284345097,0.284345097,
CIMS.CAN.MB.Residential.Dwellings.Building Type.LowMed Density.Cooling.Room,Service,MB,Residential,Room,Room - CEER 14,technology,,,,,,,,,,,,,,,,,
CIMS.CAN.MB.Residential.Dwellings.Building Type.LowMed Density.Cooling.Room,Service,MB,Residential,Room,Room - CEER 14,available,,,,constant_tech,Year,2015,2015,2015,2015,2015,2015,2015,2015,2015,2015,2015,
CIMS.CAN.MB.Residential.Dwellings.Building Type.LowMed Density.Cooling.Room,Service,MB,Residential,Room,Room - CEER 14,unavailable,,,,constant_tech,Year,2101,2101,2101,2101,2101,2101,2101,2101,2101,2101,2101,
CIMS.CAN.MB.Residential.Dwellings.Building Type.LowMed Density.Cooling.Room,Service,MB,Residential,Room,Room - CEER 14,lifetime,,,,constant_tech,Years,18,18,18,18,18,18,18,18,18,18,18,
CIMS.CAN.MB.Residential.Dwellings.Building Type.LowMed Density.Cooling.Room,Service,MB,Residential,Room,Room - CEER 14,market_share_total,,,,annual_tech,%,0,,,,,,,,,,,
CIMS.CAN.MB.Residential.Dwellings.Building Type.LowMed Density.Cooling.Room,Service,MB,Residential,Room,Room - CEER 14,output,,,,constant_tech,node unit,5.19,5.19,5.19,5.19,5.19,5.19,5.19,5.19,5.19,5.19,5.19,
CIMS.CAN.MB.Residential.Dwellings.Building Type.LowMed Density.Cooling.Room,Service,MB,Residential,Room,Room - CEER 14,fcc,,,,constant_tech,$,844.66,844.66,844.66,844.66,844.66,844.66,844.66,844.66,844.66,844.66,844.66,
CIMS.CAN.MB.Residential.Dwellings.Building Type.LowMed Density.Cooling.Room,Service,MB,Residential,Room,Room - CEER 14,service_request,,,CIMS.CAN.MB.Electricity,annual_tech,GJ,0.243724369,0.243724369,0.243724369,0.243724369,0.243724369,0.243724369,0.243724369,0.243724369,0.243724369,0.243724369,0.243724369,
CIMS.CAN.MB.Residential.Water Heating,Service,MB,Residential,Water Heating,,service_provide,,,,constant_tech,GJ,,,,,,,,,,,,
CIMS.CAN.MB.Residential.Water Heating,Service,MB,Residential,Water Heating,,competition,Fixed Ratio,,,,,,,,,,,,,,,,
CIMS.CAN.MB.Residential.Water Heating,Service,MB,Residential,Water Heating,,service_request,,,CIMS.CAN.MB.Residential.Water Heating.LowMed Density,annual_region,GJ,0.80436058071641,0.80617015120658,0.82386192047234,0.83472037315054,0.82874491020464,0.82874491020464,0.82874491020464,0.82874491020464,0.82874491020464,0.82874491020464,0.82874491020464,
CIMS.CAN.MB.Residential.Water Heating,Service,MB,Residential,Water Heating,,service_request,,,CIMS.CAN.MB.Residential.Water Heating.High Density,annual_region,GJ,0.19563941928359,0.19382984879342,0.17613807952766,0.16527962684947,0.17125508979536,0.17125508979536,0.17125508979536,0.17125508979536,0.17125508979536,0.17125508979536,0.17125508979536,
CIMS.CAN.MB.Residential.Water Heating.LowMed Density,Service,MB,Residential,LowMed Density,,service_provide,,,,constant_tech,GJ,,,,,,,,,,,,
CIMS.CAN.MB.Residential.Water Heating.LowMed Density,Service,MB,Residential,LowMed Density,,competition,Tech Compete,,,,,,,,,,,,,,,,
CIMS.CAN.MB.Residential.Water Heating.LowMed Density,Service,MB,Residential,LowMed Density,,discount_rate_financial,,,,constant_tech,%,0.3,0.3,0.3,0.3,0.3,0.3,0.3,0.3,0.3,0.3,0.3,
CIMS.CAN.MB.Residential.Water Heating.LowMed Density,Service,MB,Residential,LowMed Density,,discount_rate_retrofit,,,,constant_tech,%,0.65,0.65,0.65,0.65,0.65,0.65,0.65,0.65,0.65,0.65,0.65,
CIMS.CAN.MB.Residential.Water Heating.LowMed Density,Service,MB,Residential,LowMed Density,,heterogeneity,,,,constant_tech,,10,10,10,10,10,10,10,10,10,10,10,
CIMS.CAN.MB.Residential.Water Heating.LowMed Density,Service,MB,Residential,LowMed Density,Electric - Storage - Existing,technology,,,,,,,,,,,,,,,,,
CIMS.CAN.MB.Residential.Water Heating.LowMed Density,Service,MB,Residential,LowMed Density,Electric - Storage - Existing,available,,,,constant_tech,Year,1990,1990,1990,1990,1990,1990,1990,1990,1990,1990,1990,
CIMS.CAN.MB.Residential.Water Heating.LowMed Density,Service,MB,Residential,LowMed Density,Electric - Storage - Existing,unavailable,,,,constant_tech,Year,2001,2001,2001,2001,2001,2001,2001,2001,2001,2001,2001,
CIMS.CAN.MB.Residential.Water Heating.LowMed Density,Service,MB,Residential,LowMed Density,Electric - Storage - Existing,lifetime,,,,constant_tech,Years,13,13,13,13,13,13,13,13,13,13,13,
CIMS.CAN.MB.Residential.Water Heating.LowMed Density,Service,MB,Residential,LowMed Density,Electric - Storage - Existing,market_share_total,,,,annual_region_tech,%,0.28017236336613,,,,,,,,,,,
CIMS.CAN.MB.Residential.Water Heating.LowMed Density,Service,MB,Residential,LowMed Density,Electric - Storage - Existing,output,,,,constant_tech,node unit,68.62,68.62,68.62,68.62,68.62,68.62,68.62,68.62,68.62,68.62,68.62,
CIMS.CAN.MB.Residential.Water Heating.LowMed Density,Service,MB,Residential,LowMed Density,Electric - Storage - Existing,fcc,,,,constant_tech,$,529.5832173,529.5832173,529.5832173,529.5832173,529.5832173,529.5832173,529.5832173,529.5832173,529.5832173,529.5832173,529.5832173,
CIMS.CAN.MB.Residential.Water Heating.LowMed Density,Service,MB,Residential,LowMed Density,Electric - Storage - Existing,service_request,,,CIMS.CAN.MB.Electricity,annual_tech,GJ,0.211064258,0.211064258,0.211064258,0.211064258,0.211064258,0.211064258,0.211064258,0.211064258,0.211064258,0.211064258,0.211064258,
CIMS.CAN.MB.Residential.Water Heating.LowMed Density,Service,MB,Residential,LowMed Density,Electric - Storage - Efficient,technology,,,,,,,,,,,,,,,,,
CIMS.CAN.MB.Residential.Water Heating.LowMed Density,Service,MB,Residential,LowMed Density,Electric - Storage - Efficient,available,,,,constant_tech,Year,1990,1990,1990,1990,1990,1990,1990,1990,1990,1990,1990,
CIMS.CAN.MB.Residential.Water Heating.LowMed Density,Service,MB,Residential,LowMed Density,Electric - Storage - Efficient,unavailable,,,,constant_tech,Year,2101,2101,2101,2101,2101,2101,2101,2101,2101,2101,2101,
CIMS.CAN.MB.Residential.Water Heating.LowMed Density,Service,MB,Residential,LowMed Density,Electric - Storage - Efficient,lifetime,,,,constant_tech,Years,13,13,13,13,13,13,13,13,13,13,13,
CIMS.CAN.MB.Residential.Water Heating.LowMed Density,Service,MB,Residential,LowMed Density,Electric - Storage - Efficient,market_share_total,,,,annual_region_tech,%,0,,,,,,,,,,,
CIMS.CAN.MB.Residential.Water Heating.LowMed Density,Service,MB,Residential,LowMed Density,Electric - Storage - Efficient,output,,,,constant_tech,node unit,68.62,68.62,68.62,68.62,68.62,68.62,68.62,68.62,68.62,68.62,68.62,
CIMS.CAN.MB.Residential.Water Heating.LowMed Density,Service,MB,Residential,LowMed Density,Electric - Storage - Efficient,fcc,,,,constant_tech,$,1654.033122,1654.033122,1654.033122,1654.033122,1654.033122,1654.033122,1654.033122,1654.033122,1654.033122,1654.033122,1654.033122,
CIMS.CAN.MB.Residential.Water Heating.LowMed Density,Service,MB,Residential,LowMed Density,Electric - Storage - Efficient,service_request,,,CIMS.CAN.MB.Electricity,annual_tech,GJ,0.195512155,0.195512155,0.195512155,0.195512155,0.195512155,0.195512155,0.195512155,0.195512155,0.195512155,0.195512155,0.195512155,
CIMS.CAN.MB.Residential.Water Heating.LowMed Density,Service,MB,Residential,LowMed Density,Electric - ASHP,technology,,,,,,,,,,,,,,,,,
CIMS.CAN.MB.Residential.Water Heating.LowMed Density,Service,MB,Residential,LowMed Density,Electric - ASHP,available,,,,constant_tech,Year,2000,2000,2000,2000,2000,2000,2000,2000,2000,2000,2000,
CIMS.CAN.MB.Residential.Water Heating.LowMed Density,Service,MB,Residential,LowMed Density,Electric - ASHP,unavailable,,,,constant_tech,Year,2101,2101,2101,2101,2101,2101,2101,2101,2101,2101,2101,
CIMS.CAN.MB.Residential.Water Heating.LowMed Density,Service,MB,Residential,LowMed Density,Electric - ASHP,lifetime,,,,constant_tech,Years,13,13,13,13,13,13,13,13,13,13,13,
CIMS.CAN.MB.Residential.Water Heating.LowMed Density,Service,MB,Residential,LowMed Density,Electric - ASHP,market_share_total,,,,annual_region_tech,%,0,,,,,,,,,,,
CIMS.CAN.MB.Residential.Water Heating.LowMed Density,Service,MB,Residential,LowMed Density,Electric - ASHP,output,,,,constant_tech,node unit,68.62,68.62,68.62,68.62,68.62,68.62,68.62,68.62,68.62,68.62,68.62,
CIMS.CAN.MB.Residential.Water Heating.LowMed Density,Service,MB,Residential,LowMed Density,Electric - ASHP,fcc,,,,constant_tech,$,2599.194906,2599.194906,2599.194906,2599.194906,2599.194906,2599.194906,2599.194906,2599.194906,2599.194906,2599.194906,2599.194906,
CIMS.CAN.MB.Residential.Water Heating.LowMed Density,Service,MB,Residential,LowMed Density,Electric - ASHP,fom,,,,constant_tech,$,27.0046224,27.0046224,27.0046224,27.0046224,27.0046224,27.0046224,27.0046224,27.0046224,27.0046224,27.0046224,27.0046224,
CIMS.CAN.MB.Residential.Water Heating.LowMed Density,Service,MB,Residential,LowMed Density,Electric - ASHP,service_request,,,CIMS.CAN.MB.Electricity,annual_tech,GJ,0.061912182,0.061912182,0.061912182,0.061912182,0.061912182,0.061912182,0.061912182,0.061912182,0.061912182,0.061912182,0.061912182,
CIMS.CAN.MB.Residential.Water Heating.LowMed Density,Service,MB,Residential,LowMed Density,Solar - Electric backup,technology,,,,,,,,,,,,,,,,,
CIMS.CAN.MB.Residential.Water Heating.LowMed Density,Service,MB,Residential,LowMed Density,Solar - Electric backup,available,,,,constant_tech,Year,2000,2000,2000,2000,2000,2000,2000,2000,2000,2000,2000,
CIMS.CAN.MB.Residential.Water Heating.LowMed Density,Service,MB,Residential,LowMed Density,Solar - Electric backup,unavailable,,,,constant_tech,Year,2101,2101,2101,2101,2101,2101,2101,2101,2101,2101,2101,
CIMS.CAN.MB.Residential.Water Heating.LowMed Density,Service,MB,Residential,LowMed Density,Solar - Electric backup,lifetime,,,,constant_tech,Years,22.5,22.5,22.5,22.5,22.5,22.5,22.5,22.5,22.5,22.5,22.5,
CIMS.CAN.MB.Residential.Water Heating.LowMed Density,Service,MB,Residential,LowMed Density,Solar - Electric backup,market_share_total,,,,annual_tech,%,0,,,,,,,,,,,
CIMS.CAN.MB.Residential.Water Heating.LowMed Density,Service,MB,Residential,LowMed Density,Solar - Electric backup,output,,,,constant_tech,node unit,68.62,68.62,68.62,68.62,68.62,68.62,68.62,68.62,68.62,68.62,68.62,
CIMS.CAN.MB.Residential.Water Heating.LowMed Density,Service,MB,Residential,LowMed Density,Solar - Electric backup,fcc,,,,constant_tech,$,12152.08008,12152.08008,12152.08008,12152.08008,12152.08008,12152.08008,12152.08008,12152.08008,12152.08008,12152.08008,12152.08008,
CIMS.CAN.MB.Residential.Water Heating.LowMed Density,Service,MB,Residential,LowMed Density,Solar - Electric backup,fom,,,,constant_tech,$,33.755778,33.755778,33.755778,33.755778,33.755778,33.755778,33.755778,33.755778,33.755778,33.755778,33.755778,
CIMS.CAN.MB.Residential.Water Heating.LowMed Density,Service,MB,Residential,LowMed Density,Solar - Electric backup,service_request,,,CIMS.CAN.MB.Electricity,annual_tech,GJ,0.097756078,0.097756078,0.097756078,0.097756078,0.097756078,0.097756078,0.097756078,0.097756078,0.097756078,0.097756078,0.097756078,
CIMS.CAN.MB.Residential.Water Heating.LowMed Density,Service,MB,Residential,LowMed Density,NG - Storage - Existing,technology,,,,,,,,,,,,,,,,,
CIMS.CAN.MB.Residential.Water Heating.LowMed Density,Service,MB,Residential,LowMed Density,NG - Storage - Existing,available,,,,constant_tech,Year,1990,1990,1990,1990,1990,1990,1990,1990,1990,1990,1990,
CIMS.CAN.MB.Residential.Water Heating.LowMed Density,Service,MB,Residential,LowMed Density,NG - Storage - Existing,unavailable,,,,constant_tech,Year,2001,2001,2001,2001,2001,2001,2001,2001,2001,2001,2001,
CIMS.CAN.MB.Residential.Water Heating.LowMed Density,Service,MB,Residential,LowMed Density,NG - Storage - Existing,lifetime,,,,constant_tech,Years,13,13,13,13,13,13,13,13,13,13,13,
CIMS.CAN.MB.Residential.Water Heating.LowMed Density,Service,MB,Residential,LowMed Density,NG - Storage - Existing,market_share_total,,,,annual_region_tech,%,0.33199805099001,,,,,,,,,,,
CIMS.CAN.MB.Residential.Water Heating.LowMed Density,Service,MB,Residential,LowMed Density,NG - Storage - Existing,output,,,,constant_tech,node unit,68.62,68.62,68.62,68.62,68.62,68.62,68.62,68.62,68.62,68.62,68.62,
CIMS.CAN.MB.Residential.Water Heating.LowMed Density,Service,MB,Residential,LowMed Density,NG - Storage - Existing,fcc,,,,constant_tech,$,1417.742676,1417.742676,1417.742676,1417.742676,1417.742676,1417.742676,1417.742676,1417.742676,1417.742676,1417.742676,1417.742676,
CIMS.CAN.MB.Residential.Water Heating.LowMed Density,Service,MB,Residential,LowMed Density,NG - Storage - Existing,service_request,,,CIMS.CAN.MB.Residential.Methane Blend,annual_tech,GJ,0.320235427,0.320235427,0.320235427,0.320235427,0.320235427,0.320235427,0.320235427,0.320235427,0.320235427,0.320235427,0.320235427,
CIMS.CAN.MB.Residential.Water Heating.LowMed Density,Service,MB,Residential,LowMed Density,NG - Storage - Standard,technology,,,,,,,,,,,,,,,,,
CIMS.CAN.MB.Residential.Water Heating.LowMed Density,Service,MB,Residential,LowMed Density,NG - Storage - Standard,available,,,,constant_tech,Year,1990,1990,1990,1990,1990,1990,1990,1990,1990,1990,1990,
CIMS.CAN.MB.Residential.Water Heating.LowMed Density,Service,MB,Residential,LowMed Density,NG - Storage - Standard,unavailable,,,,constant_tech,Year,2101,2101,2101,2101,2101,2101,2101,2101,2101,2101,2101,
CIMS.CAN.MB.Residential.Water Heating.LowMed Density,Service,MB,Residential,LowMed Density,NG - Storage - Standard,lifetime,,,,constant_tech,Years,13,13,13,13,13,13,13,13,13,13,13,
CIMS.CAN.MB.Residential.Water Heating.LowMed Density,Service,MB,Residential,LowMed Density,NG - Storage - Standard,market_share_total,,,,annual_region_tech,%,0.24465674055998,,,,,,,,,,,
CIMS.CAN.MB.Residential.Water Heating.LowMed Density,Service,MB,Residential,LowMed Density,NG - Storage - Standard,output,,,,constant_tech,node unit,68.62,68.62,68.62,68.62,68.62,68.62,68.62,68.62,68.62,68.62,68.62,
CIMS.CAN.MB.Residential.Water Heating.LowMed Density,Service,MB,Residential,LowMed Density,NG - Storage - Standard,fcc,,,,constant_tech,$,1147.696452,1147.696452,1147.696452,1147.696452,1147.696452,1147.696452,1147.696452,1147.696452,1147.696452,1147.696452,1147.696452,
CIMS.CAN.MB.Residential.Water Heating.LowMed Density,Service,MB,Residential,LowMed Density,NG - Storage - Standard,service_request,,,CIMS.CAN.MB.Residential.Methane Blend,annual_tech,GJ,0.299575077,0.299575077,0.299575077,0.299575077,0.299575077,0.299575077,0.299575077,0.299575077,0.299575077,0.299575077,0.299575077,
CIMS.CAN.MB.Residential.Water Heating.LowMed Density,Service,MB,Residential,LowMed Density,NG - Storage - Efficient,technology,,,,,,,,,,,,,,,,,
CIMS.CAN.MB.Residential.Water Heating.LowMed Density,Service,MB,Residential,LowMed Density,NG - Storage - Efficient,available,,,,constant_tech,Year,2000,2000,2000,2000,2000,2000,2000,2000,2000,2000,2000,
CIMS.CAN.MB.Residential.Water Heating.LowMed Density,Service,MB,Residential,LowMed Density,NG - Storage - Efficient,unavailable,,,,constant_tech,Year,2101,2101,2101,2101,2101,2101,2101,2101,2101,2101,2101,
CIMS.CAN.MB.Residential.Water Heating.LowMed Density,Service,MB,Residential,LowMed Density,NG - Storage - Efficient,lifetime,,,,constant_tech,Years,13,13,13,13,13,13,13,13,13,13,13,
CIMS.CAN.MB.Residential.Water Heating.LowMed Density,Service,MB,Residential,LowMed Density,NG - Storage - Efficient,market_share_total,,,,annual_region_tech,%,0.14090912905088,,,,,,,,,,,
CIMS.CAN.MB.Residential.Water Heating.LowMed Density,Service,MB,Residential,LowMed Density,NG - Storage - Efficient,output,,,,constant_tech,node unit,68.62,68.62,68.62,68.62,68.62,68.62,68.62,68.62,68.62,68.62,68.62,
CIMS.CAN.MB.Residential.Water Heating.LowMed Density,Service,MB,Residential,LowMed Density,NG - Storage - Efficient,fcc,,,,constant_tech,$,2666.706462,2666.706462,2666.706462,2666.706462,2666.706462,2666.706462,2666.706462,2666.706462,2666.706462,2666.706462,2666.706462,
CIMS.CAN.MB.Residential.Water Heating.LowMed Density,Service,MB,Residential,LowMed Density,NG - Storage - Efficient,service_request,,,CIMS.CAN.MB.Residential.Methane Blend,annual_tech,GJ,0.22930438,0.22930438,0.22930438,0.22930438,0.22930438,0.22930438,0.22930438,0.22930438,0.22930438,0.22930438,0.22930438,
CIMS.CAN.MB.Residential.Water Heating.LowMed Density,Service,MB,Residential,LowMed Density,NG - ASHP,technology,,,,,,,,,,,,,,,,,
CIMS.CAN.MB.Residential.Water Heating.LowMed Density,Service,MB,Residential,LowMed Density,NG - ASHP,available,,,,constant_tech,Year,2000,2000,2000,2000,2000,2000,2000,2000,2000,2000,2000,
CIMS.CAN.MB.Residential.Water Heating.LowMed Density,Service,MB,Residential,LowMed Density,NG - ASHP,unavailable,,,,constant_tech,Year,2101,2101,2101,2101,2101,2101,2101,2101,2101,2101,2101,
CIMS.CAN.MB.Residential.Water Heating.LowMed Density,Service,MB,Residential,LowMed Density,NG - ASHP,lifetime,,,,constant_tech,Years,13,13,13,13,13,13,13,13,13,13,13,
CIMS.CAN.MB.Residential.Water Heating.LowMed Density,Service,MB,Residential,LowMed Density,NG - ASHP,market_share_total,,,,annual_region_tech,%,0,,,,,,,,,,,
CIMS.CAN.MB.Residential.Water Heating.LowMed Density,Service,MB,Residential,LowMed Density,NG - ASHP,output,,,,constant_tech,node unit,68.62,68.62,68.62,68.62,68.62,68.62,68.62,68.62,68.62,68.62,68.62,
CIMS.CAN.MB.Residential.Water Heating.LowMed Density,Service,MB,Residential,LowMed Density,NG - ASHP,fcc,,,,constant_tech,$,3000,3000,3000,3000,3000,3000,3000,3000,3000,3000,3000,
CIMS.CAN.MB.Residential.Water Heating.LowMed Density,Service,MB,Residential,LowMed Density,NG - ASHP,fom,,,,constant_tech,$,25,25,25,25,25,25,25,25,25,25,25,
CIMS.CAN.MB.Residential.Water Heating.LowMed Density,Service,MB,Residential,LowMed Density,NG - ASHP,service_request,,,CIMS.CAN.MB.Residential.Methane Blend,annual_tech,GJ,0.123824364,0.123824364,0.123824364,0.123824364,0.123824364,0.123824364,0.123824364,0.123824364,0.123824364,0.123824364,0.123824364,
CIMS.CAN.MB.Residential.Water Heating.LowMed Density,Service,MB,Residential,LowMed Density,Solar - NG backup,technology,,,,,,,,,,,,,,,,,
CIMS.CAN.MB.Residential.Water Heating.LowMed Density,Service,MB,Residential,LowMed Density,Solar - NG backup,available,,,,constant_tech,Year,2000,2000,2000,2000,2000,2000,2000,2000,2000,2000,2000,
CIMS.CAN.MB.Residential.Water Heating.LowMed Density,Service,MB,Residential,LowMed Density,Solar - NG backup,unavailable,,,,constant_tech,Year,2101,2101,2101,2101,2101,2101,2101,2101,2101,2101,2101,
CIMS.CAN.MB.Residential.Water Heating.LowMed Density,Service,MB,Residential,LowMed Density,Solar - NG backup,lifetime,,,,constant_tech,Years,22.5,22.5,22.5,22.5,22.5,22.5,22.5,22.5,22.5,22.5,22.5,
CIMS.CAN.MB.Residential.Water Heating.LowMed Density,Service,MB,Residential,LowMed Density,Solar - NG backup,market_share_total,,,,annual_tech,%,0,,,,,,,,,,,
CIMS.CAN.MB.Residential.Water Heating.LowMed Density,Service,MB,Residential,LowMed Density,Solar - NG backup,output,,,,constant_tech,node unit,68.62,68.62,68.62,68.62,68.62,68.62,68.62,68.62,68.62,68.62,68.62,
CIMS.CAN.MB.Residential.Water Heating.LowMed Density,Service,MB,Residential,LowMed Density,Solar - NG backup,fcc,,,,constant_tech,$,12152.08008,12152.08008,12152.08008,12152.08008,12152.08008,12152.08008,12152.08008,12152.08008,12152.08008,12152.08008,12152.08008,
CIMS.CAN.MB.Residential.Water Heating.LowMed Density,Service,MB,Residential,LowMed Density,Solar - NG backup,fom,,,,constant_tech,$,33.755778,33.755778,33.755778,33.755778,33.755778,33.755778,33.755778,33.755778,33.755778,33.755778,33.755778,
CIMS.CAN.MB.Residential.Water Heating.LowMed Density,Service,MB,Residential,LowMed Density,Solar - NG backup,service_request,,,CIMS.CAN.MB.Residential.Methane Blend,annual_tech,GJ,0.11465219,0.11465219,0.11465219,0.11465219,0.11465219,0.11465219,0.11465219,0.11465219,0.11465219,0.11465219,0.11465219,
CIMS.CAN.MB.Residential.Water Heating.LowMed Density,Service,MB,Residential,LowMed Density,NG - Tankless - Standard,technology,,,,,,,,,,,,,,,,,
CIMS.CAN.MB.Residential.Water Heating.LowMed Density,Service,MB,Residential,LowMed Density,NG - Tankless - Standard,available,,,,constant_tech,Year,2000,2000,2000,2000,2000,2000,2000,2000,2000,2000,2000,
CIMS.CAN.MB.Residential.Water Heating.LowMed Density,Service,MB,Residential,LowMed Density,NG - Tankless - Standard,unavailable,,,,constant_tech,Year,2101,2101,2101,2101,2101,2101,2101,2101,2101,2101,2101,
CIMS.CAN.MB.Residential.Water Heating.LowMed Density,Service,MB,Residential,LowMed Density,NG - Tankless - Standard,lifetime,,,,constant_tech,Years,19,19,19,19,19,19,19,19,19,19,19,
CIMS.CAN.MB.Residential.Water Heating.LowMed Density,Service,MB,Residential,LowMed Density,NG - Tankless - Standard,market_share_total,,,,annual_region_tech,%,0,,,,,,,,,,,
CIMS.CAN.MB.Residential.Water Heating.LowMed Density,Service,MB,Residential,LowMed Density,NG - Tankless - Standard,output,,,,constant_tech,node unit,68.62,68.62,68.62,68.62,68.62,68.62,68.62,68.62,68.62,68.62,68.62,
CIMS.CAN.MB.Residential.Water Heating.LowMed Density,Service,MB,Residential,LowMed Density,NG - Tankless - Standard,fcc,,,,constant_tech,$,1282.719564,1282.719564,1282.719564,1282.719564,1282.719564,1282.719564,1282.719564,1282.719564,1282.719564,1282.719564,1282.719564,
CIMS.CAN.MB.Residential.Water Heating.LowMed Density,Service,MB,Residential,LowMed Density,NG - Tankless - Standard,fom,,,,constant_tech,$,121.5208008,121.5208008,121.5208008,121.5208008,121.5208008,121.5208008,121.5208008,121.5208008,121.5208008,121.5208008,121.5208008,
CIMS.CAN.MB.Residential.Water Heating.LowMed Density,Service,MB,Residential,LowMed Density,NG - Tankless - Standard,service_request,,,CIMS.CAN.MB.Residential.Methane Blend,annual_tech,GJ,0.22930438,0.22930438,0.22930438,0.22930438,0.22930438,0.22930438,0.22930438,0.22930438,0.22930438,0.22930438,0.22930438,
CIMS.CAN.MB.Residential.Water Heating.LowMed Density,Service,MB,Residential,LowMed Density,NG - Tankless - Efficient,technology,,,,,,,,,,,,,,,,,
CIMS.CAN.MB.Residential.Water Heating.LowMed Density,Service,MB,Residential,LowMed Density,NG - Tankless - Efficient,available,,,,constant_tech,Year,2000,2000,2000,2000,2000,2000,2000,2000,2000,2000,2000,
CIMS.CAN.MB.Residential.Water Heating.LowMed Density,Service,MB,Residential,LowMed Density,NG - Tankless - Efficient,unavailable,,,,constant_tech,Year,2101,2101,2101,2101,2101,2101,2101,2101,2101,2101,2101,
CIMS.CAN.MB.Residential.Water Heating.LowMed Density,Service,MB,Residential,LowMed Density,NG - Tankless - Efficient,lifetime,,,,constant_tech,Years,19,19,19,19,19,19,19,19,19,19,19,
CIMS.CAN.MB.Residential.Water Heating.LowMed Density,Service,MB,Residential,LowMed Density,NG - Tankless - Efficient,market_share_total,,,,annual_region_tech,%,0,,,,,,,,,,,
CIMS.CAN.MB.Residential.Water Heating.LowMed Density,Service,MB,Residential,LowMed Density,NG - Tankless - Efficient,output,,,,constant_tech,node unit,68.62,68.62,68.62,68.62,68.62,68.62,68.62,68.62,68.62,68.62,68.62,
CIMS.CAN.MB.Residential.Water Heating.LowMed Density,Service,MB,Residential,LowMed Density,NG - Tankless - Efficient,fcc,,,,constant_tech,$,3308.066244,3308.066244,3308.066244,3308.066244,3308.066244,3308.066244,3308.066244,3308.066244,3308.066244,3308.066244,3308.066244,
CIMS.CAN.MB.Residential.Water Heating.LowMed Density,Service,MB,Residential,LowMed Density,NG - Tankless - Efficient,fom,,,,constant_tech,$,175.5300456,175.5300456,175.5300456,175.5300456,175.5300456,175.5300456,175.5300456,175.5300456,175.5300456,175.5300456,175.5300456,
CIMS.CAN.MB.Residential.Water Heating.LowMed Density,Service,MB,Residential,LowMed Density,NG - Tankless - Efficient,service_request,,,CIMS.CAN.MB.Residential.Methane Blend,annual_tech,GJ,0.191480977,0.191480977,0.191480977,0.191480977,0.191480977,0.191480977,0.191480977,0.191480977,0.191480977,0.191480977,0.191480977,
CIMS.CAN.MB.Residential.Water Heating.LowMed Density,Service,MB,Residential,LowMed Density,Oil - Storage - Existing,technology,,,,,,,,,,,,,,,,,
CIMS.CAN.MB.Residential.Water Heating.LowMed Density,Service,MB,Residential,LowMed Density,Oil - Storage - Existing,available,,,,constant_tech,Year,1990,1990,1990,1990,1990,1990,1990,1990,1990,1990,1990,
CIMS.CAN.MB.Residential.Water Heating.LowMed Density,Service,MB,Residential,LowMed Density,Oil - Storage - Existing,unavailable,,,,constant_tech,Year,2001,2001,2001,2001,2001,2001,2001,2001,2001,2001,2001,
CIMS.CAN.MB.Residential.Water Heating.LowMed Density,Service,MB,Residential,LowMed Density,Oil - Storage - Existing,lifetime,,,,constant_tech,Years,16,16,16,16,16,16,16,16,16,16,16,
CIMS.CAN.MB.Residential.Water Heating.LowMed Density,Service,MB,Residential,LowMed Density,Oil - Storage - Existing,market_share_total,,,,annual_region_tech,%,0.00160229013931,,,,,,,,,,,
CIMS.CAN.MB.Residential.Water Heating.LowMed Density,Service,MB,Residential,LowMed Density,Oil - Storage - Existing,output,,,,constant_tech,node unit,68.62,68.62,68.62,68.62,68.62,68.62,68.62,68.62,68.62,68.62,68.62,
CIMS.CAN.MB.Residential.Water Heating.LowMed Density,Service,MB,Residential,LowMed Density,Oil - Storage - Existing,fcc,,,,constant_tech,$,2767.973796,2767.973796,2767.973796,2767.973796,2767.973796,2767.973796,2767.973796,2767.973796,2767.973796,2767.973796,2767.973796,
CIMS.CAN.MB.Residential.Water Heating.LowMed Density,Service,MB,Residential,LowMed Density,Oil - Storage - Existing,fom,,,,constant_tech,$,243.0416016,243.0416016,243.0416016,243.0416016,243.0416016,243.0416016,243.0416016,243.0416016,243.0416016,243.0416016,243.0416016,
CIMS.CAN.MB.Residential.Water Heating.LowMed Density,Service,MB,Residential,LowMed Density,Oil - Storage - Existing,service_request,,,CIMS.Generic Fuels.Fuel Oil,annual_tech,GJ,0.364189309,0.364189309,0.364189309,0.364189309,0.364189309,0.364189309,0.364189309,0.364189309,0.364189309,0.364189309,0.364189309,
CIMS.CAN.MB.Residential.Water Heating.LowMed Density,Service,MB,Residential,LowMed Density,Oil - Storage - Efficient,technology,,,,,,,,,,,,,,,,,
CIMS.CAN.MB.Residential.Water Heating.LowMed Density,Service,MB,Residential,LowMed Density,Oil - Storage - Efficient,available,,,,constant_tech,Year,2000,2000,2000,2000,2000,2000,2000,2000,2000,2000,2000,
CIMS.CAN.MB.Residential.Water Heating.LowMed Density,Service,MB,Residential,LowMed Density,Oil - Storage - Efficient,unavailable,,,,constant_tech,Year,2101,2101,2101,2101,2101,2101,2101,2101,2101,2101,2101,
CIMS.CAN.MB.Residential.Water Heating.LowMed Density,Service,MB,Residential,LowMed Density,Oil - Storage - Efficient,lifetime,,,,constant_tech,Years,16,16,16,16,16,16,16,16,16,16,16,
CIMS.CAN.MB.Residential.Water Heating.LowMed Density,Service,MB,Residential,LowMed Density,Oil - Storage - Efficient,market_share_total,,,,annual_region_tech,%,0.00066152942519,,,,,,,,,,,
CIMS.CAN.MB.Residential.Water Heating.LowMed Density,Service,MB,Residential,LowMed Density,Oil - Storage - Efficient,output,,,,constant_tech,node unit,68.62,68.62,68.62,68.62,68.62,68.62,68.62,68.62,68.62,68.62,68.62,
CIMS.CAN.MB.Residential.Water Heating.LowMed Density,Service,MB,Residential,LowMed Density,Oil - Storage - Efficient,fcc,,,,constant_tech,$,3409.333578,3409.333578,3409.333578,3409.333578,3409.333578,3409.333578,3409.333578,3409.333578,3409.333578,3409.333578,3409.333578,
CIMS.CAN.MB.Residential.Water Heating.LowMed Density,Service,MB,Residential,LowMed Density,Oil - Storage - Efficient,fom,,,,constant_tech,$,243.0416016,243.0416016,243.0416016,243.0416016,243.0416016,243.0416016,243.0416016,243.0416016,243.0416016,243.0416016,243.0416016,
CIMS.CAN.MB.Residential.Water Heating.LowMed Density,Service,MB,Residential,LowMed Density,Oil - Storage - Efficient,service_request,,,CIMS.Generic Fuels.Fuel Oil,annual_tech,GJ,0.269183402,0.269183402,0.269183402,0.269183402,0.269183402,0.269183402,0.269183402,0.269183402,0.269183402,0.269183402,0.269183402,
CIMS.CAN.MB.Residential.Water Heating.High Density,Service,MB,Residential,High Density,,service_provide,,,,constant_tech,GJ,,,,,,,,,,,,
CIMS.CAN.MB.Residential.Water Heating.High Density,Service,MB,Residential,High Density,,competition,Tech Compete,,,,,,,,,,,,,,,,
CIMS.CAN.MB.Residential.Water Heating.High Density,Service,MB,Residential,High Density,,discount_rate_financial,,,,constant_tech,%,0.3,0.3,0.3,0.3,0.3,0.3,0.3,0.3,0.3,0.3,0.3,
CIMS.CAN.MB.Residential.Water Heating.High Density,Service,MB,Residential,High Density,,discount_rate_retrofit,,,,constant_tech,%,0.65,0.65,0.65,0.65,0.65,0.65,0.65,0.65,0.65,0.65,0.65,
CIMS.CAN.MB.Residential.Water Heating.High Density,Service,MB,Residential,High Density,,heterogeneity,,,,constant_tech,,10,10,10,10,10,10,10,10,10,10,10,
CIMS.CAN.MB.Residential.Water Heating.High Density,Service,MB,Residential,High Density,Electric - Storage - Existing,technology,,,,,,,,,,,,,,,,,
CIMS.CAN.MB.Residential.Water Heating.High Density,Service,MB,Residential,High Density,Electric - Storage - Existing,available,,,,constant_tech,Year,1990,1990,1990,1990,1990,1990,1990,1990,1990,1990,1990,
CIMS.CAN.MB.Residential.Water Heating.High Density,Service,MB,Residential,High Density,Electric - Storage - Existing,unavailable,,,,constant_tech,Year,2001,2001,2001,2001,2001,2001,2001,2001,2001,2001,2001,
CIMS.CAN.MB.Residential.Water Heating.High Density,Service,MB,Residential,High Density,Electric - Storage - Existing,lifetime,,,,constant_tech,Years,13,13,13,13,13,13,13,13,13,13,13,
CIMS.CAN.MB.Residential.Water Heating.High Density,Service,MB,Residential,High Density,Electric - Storage - Existing,market_share_total,,,,annual_region_tech,%,0.28017236336613,,,,,,,,,,,
CIMS.CAN.MB.Residential.Water Heating.High Density,Service,MB,Residential,High Density,Electric - Storage - Existing,output,,,,constant_tech,node unit,642.4,642.4,642.4,642.4,642.4,642.4,642.4,642.4,642.4,642.4,642.4,
CIMS.CAN.MB.Residential.Water Heating.High Density,Service,MB,Residential,High Density,Electric - Storage - Existing,fcc,,,,constant_tech,$,2647.9,2647.9,2647.9,2647.9,2647.9,2647.9,2647.9,2647.9,2647.9,2647.9,2647.9,
CIMS.CAN.MB.Residential.Water Heating.High Density,Service,MB,Residential,High Density,Electric - Storage - Existing,service_request,,,CIMS.CAN.MB.Electricity,annual_tech,GJ,0.211064258,0.211064258,0.211064258,0.211064258,0.211064258,0.211064258,0.211064258,0.211064258,0.211064258,0.211064258,0.211064258,
CIMS.CAN.MB.Residential.Water Heating.High Density,Service,MB,Residential,High Density,Electric - Storage - Efficient,technology,,,,,,,,,,,,,,,,,
CIMS.CAN.MB.Residential.Water Heating.High Density,Service,MB,Residential,High Density,Electric - Storage - Efficient,available,,,,constant_tech,Year,2000,2000,2000,2000,2000,2000,2000,2000,2000,2000,2000,
CIMS.CAN.MB.Residential.Water Heating.High Density,Service,MB,Residential,High Density,Electric - Storage - Efficient,unavailable,,,,constant_tech,Year,2101,2101,2101,2101,2101,2101,2101,2101,2101,2101,2101,
CIMS.CAN.MB.Residential.Water Heating.High Density,Service,MB,Residential,High Density,Electric - Storage - Efficient,lifetime,,,,constant_tech,Years,13,13,13,13,13,13,13,13,13,13,13,
CIMS.CAN.MB.Residential.Water Heating.High Density,Service,MB,Residential,High Density,Electric - Storage - Efficient,market_share_total,,,,annual_region_tech,%,0,,,,,,,,,,,
CIMS.CAN.MB.Residential.Water Heating.High Density,Service,MB,Residential,High Density,Electric - Storage - Efficient,output,,,,constant_tech,node unit,642.4,642.4,642.4,642.4,642.4,642.4,642.4,642.4,642.4,642.4,642.4,
CIMS.CAN.MB.Residential.Water Heating.High Density,Service,MB,Residential,High Density,Electric - Storage - Efficient,fcc,,,,constant_tech,$,8270.16561,8270.16561,8270.16561,8270.16561,8270.16561,8270.16561,8270.16561,8270.16561,8270.16561,8270.16561,8270.16561,
CIMS.CAN.MB.Residential.Water Heating.High Density,Service,MB,Residential,High Density,Electric - Storage - Efficient,service_request,,,CIMS.CAN.MB.Electricity,annual_tech,GJ,0.195512155,0.195512155,0.195512155,0.195512155,0.195512155,0.195512155,0.195512155,0.195512155,0.195512155,0.195512155,0.195512155,
CIMS.CAN.MB.Residential.Water Heating.High Density,Service,MB,Residential,High Density,Electric - ASHP,technology,,,,,,,,,,,,,,,,,
CIMS.CAN.MB.Residential.Water Heating.High Density,Service,MB,Residential,High Density,Electric - ASHP,available,,,,constant_tech,Year,2000,2000,2000,2000,2000,2000,2000,2000,2000,2000,2000,
CIMS.CAN.MB.Residential.Water Heating.High Density,Service,MB,Residential,High Density,Electric - ASHP,unavailable,,,,constant_tech,Year,2101,2101,2101,2101,2101,2101,2101,2101,2101,2101,2101,
CIMS.CAN.MB.Residential.Water Heating.High Density,Service,MB,Residential,High Density,Electric - ASHP,lifetime,,,,constant_tech,Years,13,13,13,13,13,13,13,13,13,13,13,
CIMS.CAN.MB.Residential.Water Heating.High Density,Service,MB,Residential,High Density,Electric - ASHP,market_share_total,,,,annual_region_tech,%,0,,,,,,,,,,,
CIMS.CAN.MB.Residential.Water Heating.High Density,Service,MB,Residential,High Density,Electric - ASHP,output,,,,constant_tech,node unit,642.4,642.4,642.4,642.4,642.4,642.4,642.4,642.4,642.4,642.4,642.4,
CIMS.CAN.MB.Residential.Water Heating.High Density,Service,MB,Residential,High Density,Electric - ASHP,fcc,,,,constant_tech,$,12995.97453,12995.97453,12995.97453,12995.97453,12995.97453,12995.97453,12995.97453,12995.97453,12995.97453,12995.97453,12995.97453,
CIMS.CAN.MB.Residential.Water Heating.High Density,Service,MB,Residential,High Density,Electric - ASHP,fom,,,,constant_tech,$,27.0046224,27.0046224,27.0046224,27.0046224,27.0046224,27.0046224,27.0046224,27.0046224,27.0046224,27.0046224,27.0046224,
CIMS.CAN.MB.Residential.Water Heating.High Density,Service,MB,Residential,High Density,Electric - ASHP,service_request,,,CIMS.CAN.MB.Electricity,annual_tech,GJ,0.061912182,0.061912182,0.061912182,0.061912182,0.061912182,0.061912182,0.061912182,0.061912182,0.061912182,0.061912182,0.061912182,
CIMS.CAN.MB.Residential.Water Heating.High Density,Service,MB,Residential,High Density,NG - Storage - Existing,technology,,,,,,,,,,,,,,,,,
CIMS.CAN.MB.Residential.Water Heating.High Density,Service,MB,Residential,High Density,NG - Storage - Existing,available,,,,constant_tech,Year,1990,1990,1990,1990,1990,1990,1990,1990,1990,1990,1990,
CIMS.CAN.MB.Residential.Water Heating.High Density,Service,MB,Residential,High Density,NG - Storage - Existing,unavailable,,,,constant_tech,Year,2001,2001,2001,2001,2001,2001,2001,2001,2001,2001,2001,
CIMS.CAN.MB.Residential.Water Heating.High Density,Service,MB,Residential,High Density,NG - Storage - Existing,lifetime,,,,constant_tech,Years,13,13,13,13,13,13,13,13,13,13,13,
CIMS.CAN.MB.Residential.Water Heating.High Density,Service,MB,Residential,High Density,NG - Storage - Existing,market_share_total,,,,annual_region_tech,%,0.33199805099001,,,,,,,,,,,
CIMS.CAN.MB.Residential.Water Heating.High Density,Service,MB,Residential,High Density,NG - Storage - Existing,output,,,,constant_tech,node unit,642.4,642.4,642.4,642.4,642.4,642.4,642.4,642.4,642.4,642.4,642.4,
CIMS.CAN.MB.Residential.Water Heating.High Density,Service,MB,Residential,High Density,NG - Storage - Existing,fcc,,,,constant_tech,$,7088.7,7088.7,7088.7,7088.7,7088.7,7088.7,7088.7,7088.7,7088.7,7088.7,7088.7,
CIMS.CAN.MB.Residential.Water Heating.High Density,Service,MB,Residential,High Density,NG - Storage - Existing,service_request,,,CIMS.CAN.MB.Residential.Methane Blend,annual_tech,GJ,0.320235427,0.320235427,0.320235427,0.320235427,0.320235427,0.320235427,0.320235427,0.320235427,0.320235427,0.320235427,0.320235427,
CIMS.CAN.MB.Residential.Water Heating.High Density,Service,MB,Residential,High Density,NG - Storage - Standard,technology,,,,,,,,,,,,,,,,,
CIMS.CAN.MB.Residential.Water Heating.High Density,Service,MB,Residential,High Density,NG - Storage - Standard,available,,,,constant_tech,Year,2000,2000,2000,2000,2000,2000,2000,2000,2000,2000,2000,
CIMS.CAN.MB.Residential.Water Heating.High Density,Service,MB,Residential,High Density,NG - Storage - Standard,unavailable,,,,constant_tech,Year,2101,2101,2101,2101,2101,2101,2101,2101,2101,2101,2101,
CIMS.CAN.MB.Residential.Water Heating.High Density,Service,MB,Residential,High Density,NG - Storage - Standard,lifetime,,,,constant_tech,Years,13,13,13,13,13,13,13,13,13,13,13,
CIMS.CAN.MB.Residential.Water Heating.High Density,Service,MB,Residential,High Density,NG - Storage - Standard,market_share_total,,,,annual_region_tech,%,0.24465674055998,,,,,,,,,,,
CIMS.CAN.MB.Residential.Water Heating.High Density,Service,MB,Residential,High Density,NG - Storage - Standard,output,,,,constant_tech,node unit,642.4,642.4,642.4,642.4,642.4,642.4,642.4,642.4,642.4,642.4,642.4,
CIMS.CAN.MB.Residential.Water Heating.High Density,Service,MB,Residential,High Density,NG - Storage - Standard,fcc,,,,constant_tech,$,5738.48226,5738.48226,5738.48226,5738.48226,5738.48226,5738.48226,5738.48226,5738.48226,5738.48226,5738.48226,5738.48226,
CIMS.CAN.MB.Residential.Water Heating.High Density,Service,MB,Residential,High Density,NG - Storage - Standard,service_request,,,CIMS.CAN.MB.Residential.Methane Blend,annual_tech,GJ,0.299575077,0.299575077,0.299575077,0.299575077,0.299575077,0.299575077,0.299575077,0.299575077,0.299575077,0.299575077,0.299575077,
CIMS.CAN.MB.Residential.Water Heating.High Density,Service,MB,Residential,High Density,NG - Storage - Efficient,technology,,,,,,,,,,,,,,,,,
CIMS.CAN.MB.Residential.Water Heating.High Density,Service,MB,Residential,High Density,NG - Storage - Efficient,available,,,,constant_tech,Year,2000,2000,2000,2000,2000,2000,2000,2000,2000,2000,2000,
CIMS.CAN.MB.Residential.Water Heating.High Density,Service,MB,Residential,High Density,NG - Storage - Efficient,unavailable,,,,constant_tech,Year,2101,2101,2101,2101,2101,2101,2101,2101,2101,2101,2101,
CIMS.CAN.MB.Residential.Water Heating.High Density,Service,MB,Residential,High Density,NG - Storage - Efficient,lifetime,,,,constant_tech,Years,13,13,13,13,13,13,13,13,13,13,13,
CIMS.CAN.MB.Residential.Water Heating.High Density,Service,MB,Residential,High Density,NG - Storage - Efficient,market_share_total,,,,annual_region_tech,%,0.14090912905088,,,,,,,,,,,
CIMS.CAN.MB.Residential.Water Heating.High Density,Service,MB,Residential,High Density,NG - Storage - Efficient,output,,,,constant_tech,node unit,642.4,642.4,642.4,642.4,642.4,642.4,642.4,642.4,642.4,642.4,642.4,
CIMS.CAN.MB.Residential.Water Heating.High Density,Service,MB,Residential,High Density,NG - Storage - Efficient,fcc,,,,constant_tech,$,13333.53231,13333.53231,13333.53231,13333.53231,13333.53231,13333.53231,13333.53231,13333.53231,13333.53231,13333.53231,13333.53231,
CIMS.CAN.MB.Residential.Water Heating.High Density,Service,MB,Residential,High Density,NG - Storage - Efficient,service_request,,,CIMS.CAN.MB.Residential.Methane Blend,annual_tech,GJ,0.22930438,0.22930438,0.22930438,0.22930438,0.22930438,0.22930438,0.22930438,0.22930438,0.22930438,0.22930438,0.22930438,
CIMS.CAN.MB.Residential.Water Heating.High Density,Service,MB,Residential,High Density,NG - ASHP,technology,,,,,,,,,,,,,,,,,
CIMS.CAN.MB.Residential.Water Heating.High Density,Service,MB,Residential,High Density,NG - ASHP,available,,,,constant_tech,Year,2000,2000,2000,2000,2000,2000,2000,2000,2000,2000,2000,
CIMS.CAN.MB.Residential.Water Heating.High Density,Service,MB,Residential,High Density,NG - ASHP,unavailable,,,,constant_tech,Year,2101,2101,2101,2101,2101,2101,2101,2101,2101,2101,2101,
CIMS.CAN.MB.Residential.Water Heating.High Density,Service,MB,Residential,High Density,NG - ASHP,lifetime,,,,constant_tech,Years,13,13,13,13,13,13,13,13,13,13,13,
CIMS.CAN.MB.Residential.Water Heating.High Density,Service,MB,Residential,High Density,NG - ASHP,market_share_total,,,,annual_region_tech,%,0,,,,,,,,,,,
CIMS.CAN.MB.Residential.Water Heating.High Density,Service,MB,Residential,High Density,NG - ASHP,output,,,,constant_tech,node unit,642.4,642.4,642.4,642.4,642.4,642.4,642.4,642.4,642.4,642.4,642.4,
CIMS.CAN.MB.Residential.Water Heating.High Density,Service,MB,Residential,High Density,NG - ASHP,fcc,,,,constant_tech,$,15000,15000,15000,15000,15000,15000,15000,15000,15000,15000,15000,
CIMS.CAN.MB.Residential.Water Heating.High Density,Service,MB,Residential,High Density,NG - ASHP,fom,,,,constant_tech,$,125,125,125,125,125,125,125,125,125,125,125,
CIMS.CAN.MB.Residential.Water Heating.High Density,Service,MB,Residential,High Density,NG - ASHP,service_request,,,CIMS.CAN.MB.Residential.Methane Blend,annual_tech,GJ,0.123824364,0.123824364,0.123824364,0.123824364,0.123824364,0.123824364,0.123824364,0.123824364,0.123824364,0.123824364,0.123824364,
CIMS.CAN.MB.Residential.Water Heating.High Density,Service,MB,Residential,High Density,NG - Tankless - Standard,technology,,,,,,,,,,,,,,,,,
CIMS.CAN.MB.Residential.Water Heating.High Density,Service,MB,Residential,High Density,NG - Tankless - Standard,available,,,,constant_tech,Year,2000,2000,2000,2000,2000,2000,2000,2000,2000,2000,2000,
CIMS.CAN.MB.Residential.Water Heating.High Density,Service,MB,Residential,High Density,NG - Tankless - Standard,unavailable,,,,constant_tech,Year,2101,2101,2101,2101,2101,2101,2101,2101,2101,2101,2101,
CIMS.CAN.MB.Residential.Water Heating.High Density,Service,MB,Residential,High Density,NG - Tankless - Standard,lifetime,,,,constant_tech,Years,19,19,19,19,19,19,19,19,19,19,19,
CIMS.CAN.MB.Residential.Water Heating.High Density,Service,MB,Residential,High Density,NG - Tankless - Standard,market_share_total,,,,annual_region_tech,%,0,,,,,,,,,,,
CIMS.CAN.MB.Residential.Water Heating.High Density,Service,MB,Residential,High Density,NG - Tankless - Standard,output,,,,constant_tech,node unit,642.4,642.4,642.4,642.4,642.4,642.4,642.4,642.4,642.4,642.4,642.4,
CIMS.CAN.MB.Residential.Water Heating.High Density,Service,MB,Residential,High Density,NG - Tankless - Standard,fcc,,,,constant_tech,$,6413.59782,6413.59782,6413.59782,6413.59782,6413.59782,6413.59782,6413.59782,6413.59782,6413.59782,6413.59782,6413.59782,
CIMS.CAN.MB.Residential.Water Heating.High Density,Service,MB,Residential,High Density,NG - Tankless - Standard,fom,,,,constant_tech,$,121.5208008,121.5208008,121.5208008,121.5208008,121.5208008,121.5208008,121.5208008,121.5208008,121.5208008,121.5208008,121.5208008,
CIMS.CAN.MB.Residential.Water Heating.High Density,Service,MB,Residential,High Density,NG - Tankless - Standard,service_request,,,CIMS.CAN.MB.Residential.Methane Blend,annual_tech,GJ,0.22930438,0.22930438,0.22930438,0.22930438,0.22930438,0.22930438,0.22930438,0.22930438,0.22930438,0.22930438,0.22930438,
CIMS.CAN.MB.Residential.Water Heating.High Density,Service,MB,Residential,High Density,NG - Tankless - Efficient,technology,,,,,,,,,,,,,,,,,
CIMS.CAN.MB.Residential.Water Heating.High Density,Service,MB,Residential,High Density,NG - Tankless - Efficient,available,,,,constant_tech,Year,2000,2000,2000,2000,2000,2000,2000,2000,2000,2000,2000,
CIMS.CAN.MB.Residential.Water Heating.High Density,Service,MB,Residential,High Density,NG - Tankless - Efficient,unavailable,,,,constant_tech,Year,2101,2101,2101,2101,2101,2101,2101,2101,2101,2101,2101,
CIMS.CAN.MB.Residential.Water Heating.High Density,Service,MB,Residential,High Density,NG - Tankless - Efficient,lifetime,,,,constant_tech,Years,19,19,19,19,19,19,19,19,19,19,19,
CIMS.CAN.MB.Residential.Water Heating.High Density,Service,MB,Residential,High Density,NG - Tankless - Efficient,market_share_total,,,,annual_region_tech,%,0,,,,,,,,,,,
CIMS.CAN.MB.Residential.Water Heating.High Density,Service,MB,Residential,High Density,NG - Tankless - Efficient,output,,,,constant_tech,node unit,642.4,642.4,642.4,642.4,642.4,642.4,642.4,642.4,642.4,642.4,642.4,
CIMS.CAN.MB.Residential.Water Heating.High Density,Service,MB,Residential,High Density,NG - Tankless - Efficient,fcc,,,,constant_tech,$,16540.33122,16540.33122,16540.33122,16540.33122,16540.33122,16540.33122,16540.33122,16540.33122,16540.33122,16540.33122,16540.33122,
CIMS.CAN.MB.Residential.Water Heating.High Density,Service,MB,Residential,High Density,NG - Tankless - Efficient,fom,,,,constant_tech,$,175.5300456,175.5300456,175.5300456,175.5300456,175.5300456,175.5300456,175.5300456,175.5300456,175.5300456,175.5300456,175.5300456,
CIMS.CAN.MB.Residential.Water Heating.High Density,Service,MB,Residential,High Density,NG - Tankless - Efficient,service_request,,,CIMS.CAN.MB.Residential.Methane Blend,annual_tech,GJ,0.191480977,0.191480977,0.191480977,0.191480977,0.191480977,0.191480977,0.191480977,0.191480977,0.191480977,0.191480977,0.191480977,
CIMS.CAN.MB.Residential.Water Heating.High Density,Service,MB,Residential,High Density,Oil - Storage - Existing,technology,,,,,,,,,,,,,,,,,
CIMS.CAN.MB.Residential.Water Heating.High Density,Service,MB,Residential,High Density,Oil - Storage - Existing,available,,,,constant_tech,Year,1990,1990,1990,1990,1990,1990,1990,1990,1990,1990,1990,
CIMS.CAN.MB.Residential.Water Heating.High Density,Service,MB,Residential,High Density,Oil - Storage - Existing,unavailable,,,,constant_tech,Year,2001,2001,2001,2001,2001,2001,2001,2001,2001,2001,2001,
CIMS.CAN.MB.Residential.Water Heating.High Density,Service,MB,Residential,High Density,Oil - Storage - Existing,lifetime,,,,constant_tech,Years,16,16,16,16,16,16,16,16,16,16,16,
CIMS.CAN.MB.Residential.Water Heating.High Density,Service,MB,Residential,High Density,Oil - Storage - Existing,market_share_total,,,,annual_region_tech,%,0.00160229013931,,,,,,,,,,,
CIMS.CAN.MB.Residential.Water Heating.High Density,Service,MB,Residential,High Density,Oil - Storage - Existing,output,,,,constant_tech,node unit,642.4,642.4,642.4,642.4,642.4,642.4,642.4,642.4,642.4,642.4,642.4,
CIMS.CAN.MB.Residential.Water Heating.High Density,Service,MB,Residential,High Density,Oil - Storage - Existing,fcc,,,,constant_tech,$,13839.86898,13839.86898,13839.86898,13839.86898,13839.86898,13839.86898,13839.86898,13839.86898,13839.86898,13839.86898,13839.86898,
CIMS.CAN.MB.Residential.Water Heating.High Density,Service,MB,Residential,High Density,Oil - Storage - Existing,fom,,,,constant_tech,$,243.0416016,243.0416016,243.0416016,243.0416016,243.0416016,243.0416016,243.0416016,243.0416016,243.0416016,243.0416016,243.0416016,
CIMS.CAN.MB.Residential.Water Heating.High Density,Service,MB,Residential,High Density,Oil - Storage - Existing,service_request,,,CIMS.Generic Fuels.Fuel Oil,annual_tech,GJ,0.364189309,0.364189309,0.364189309,0.364189309,0.364189309,0.364189309,0.364189309,0.364189309,0.364189309,0.364189309,0.364189309,
CIMS.CAN.MB.Residential.Water Heating.High Density,Service,MB,Residential,High Density,Oil - Storage - Efficient,technology,,,,,,,,,,,,,,,,,
CIMS.CAN.MB.Residential.Water Heating.High Density,Service,MB,Residential,High Density,Oil - Storage - Efficient,available,,,,constant_tech,Year,2000,2000,2000,2000,2000,2000,2000,2000,2000,2000,2000,
CIMS.CAN.MB.Residential.Water Heating.High Density,Service,MB,Residential,High Density,Oil - Storage - Efficient,unavailable,,,,constant_tech,Year,2101,2101,2101,2101,2101,2101,2101,2101,2101,2101,2101,
CIMS.CAN.MB.Residential.Water Heating.High Density,Service,MB,Residential,High Density,Oil - Storage - Efficient,lifetime,,,,constant_tech,Years,16,16,16,16,16,16,16,16,16,16,16,
CIMS.CAN.MB.Residential.Water Heating.High Density,Service,MB,Residential,High Density,Oil - Storage - Efficient,market_share_total,,,,annual_region_tech,%,0.00066152942519,,,,,,,,,,,
CIMS.CAN.MB.Residential.Water Heating.High Density,Service,MB,Residential,High Density,Oil - Storage - Efficient,output,,,,constant_tech,node unit,642.4,642.4,642.4,642.4,642.4,642.4,642.4,642.4,642.4,642.4,642.4,
CIMS.CAN.MB.Residential.Water Heating.High Density,Service,MB,Residential,High Density,Oil - Storage - Efficient,fcc,,,,constant_tech,$,17046.66789,17046.66789,17046.66789,17046.66789,17046.66789,17046.66789,17046.66789,17046.66789,17046.66789,17046.66789,17046.66789,
CIMS.CAN.MB.Residential.Water Heating.High Density,Service,MB,Residential,High Density,Oil - Storage - Efficient,fom,,,,constant_tech,$,243.0416016,243.0416016,243.0416016,243.0416016,243.0416016,243.0416016,243.0416016,243.0416016,243.0416016,243.0416016,243.0416016,
CIMS.CAN.MB.Residential.Water Heating.High Density,Service,MB,Residential,High Density,Oil - Storage - Efficient,service_request,,,CIMS.Generic Fuels.Fuel Oil,annual_tech,GJ,0.269183402,0.269183402,0.269183402,0.269183402,0.269183402,0.269183402,0.269183402,0.269183402,0.269183402,0.269183402,0.269183402,
CIMS.CAN.MB.Residential.Dwellings.Lighting,Service,MB,Residential,Lighting,,service_provide,,,,constant_tech,m2,,,,,,,,,,,,
CIMS.CAN.MB.Residential.Dwellings.Lighting,Service,MB,Residential,Lighting,,competition,Tech Compete,,,,,,,,,,,,,,,,
CIMS.CAN.MB.Residential.Dwellings.Lighting,Service,MB,Residential,Lighting,,discount_rate_financial,,,,constant_tech,%,0.25,0.25,0.25,0.25,0.25,0.25,0.25,0.25,0.25,0.25,0.25,
CIMS.CAN.MB.Residential.Dwellings.Lighting,Service,MB,Residential,Lighting,,heterogeneity,,,,constant_tech,,10,10,10,10,10,10,10,10,10,10,10,
CIMS.CAN.MB.Residential.Dwellings.Lighting,Service,MB,Residential,Lighting,,retrofit_existing_max,,,,constant_tech,%,0,0,0,0,0,0,0,0,0,0,0,
CIMS.CAN.MB.Residential.Dwellings.Lighting,Service,MB,Residential,Lighting,Incandescent,technology,,,,,,,,,,,,,,,,,
CIMS.CAN.MB.Residential.Dwellings.Lighting,Service,MB,Residential,Lighting,Incandescent,available,,,,constant_tech,Year,1950,1950,1950,1950,1950,1950,1950,1950,1950,1950,1950,
CIMS.CAN.MB.Residential.Dwellings.Lighting,Service,MB,Residential,Lighting,Incandescent,unavailable,,,,constant_tech,Year,2101,2101,2101,2101,2101,2101,2101,2101,2101,2101,2101,
CIMS.CAN.MB.Residential.Dwellings.Lighting,Service,MB,Residential,Lighting,Incandescent,lifetime,,,,constant_tech,Years,5,5,5,5,5,5,5,5,5,5,5,
CIMS.CAN.MB.Residential.Dwellings.Lighting,Service,MB,Residential,Lighting,Incandescent,market_share_total,,,,annual_tech,%,0.9,,,,,,,,,,,
CIMS.CAN.MB.Residential.Dwellings.Lighting,Service,MB,Residential,Lighting,Incandescent,output,,,,constant_tech,node unit,4.2,4.2,4.2,4.2,4.2,4.2,4.2,4.2,4.2,4.2,4.2,
CIMS.CAN.MB.Residential.Dwellings.Lighting,Service,MB,Residential,Lighting,Incandescent,fcc,,,,constant_tech,$,3,3,3,3,3,3,3,3,3,3,3,
CIMS.CAN.MB.Residential.Dwellings.Lighting,Service,MB,Residential,Lighting,Incandescent,service_request,,,CIMS.CAN.MB.Electricity,annual_tech,GJ,0.031,0.031,0.031,0.031,0.031,0.031,0.031,0.031,0.031,0.031,0.031,
CIMS.CAN.MB.Residential.Dwellings.Lighting,Service,MB,Residential,Lighting,CFL,technology,,,,,,,,,,,,,,,,,
CIMS.CAN.MB.Residential.Dwellings.Lighting,Service,MB,Residential,Lighting,CFL,available,,,,constant_tech,Year,2000,2000,2000,2000,2000,2000,2000,2000,2000,2000,2000,
CIMS.CAN.MB.Residential.Dwellings.Lighting,Service,MB,Residential,Lighting,CFL,unavailable,,,,constant_tech,Year,2101,2101,2101,2101,2101,2101,2101,2101,2101,2101,2101,
CIMS.CAN.MB.Residential.Dwellings.Lighting,Service,MB,Residential,Lighting,CFL,lifetime,,,,constant_tech,Years,8,8,8,8,8,8,8,8,8,8,8,
CIMS.CAN.MB.Residential.Dwellings.Lighting,Service,MB,Residential,Lighting,CFL,market_share_total,,,,annual_tech,%,0.38,,,,,,,,,,,
CIMS.CAN.MB.Residential.Dwellings.Lighting,Service,MB,Residential,Lighting,CFL,output,,,,constant_tech,node unit,4.2,4.2,4.2,4.2,4.2,4.2,4.2,4.2,4.2,4.2,4.2,
CIMS.CAN.MB.Residential.Dwellings.Lighting,Service,MB,Residential,Lighting,CFL,fcc,,,,constant_tech,$,6,6,6,6,6,6,6,6,6,6,6,
CIMS.CAN.MB.Residential.Dwellings.Lighting,Service,MB,Residential,Lighting,CFL,service_request,,,CIMS.CAN.MB.Electricity,annual_tech,GJ,0.010460877,0.010460877,0.010460877,0.010460877,0.010460877,0.010460877,0.010460877,0.010460877,0.010460877,0.010460877,0.010460877,
CIMS.CAN.MB.Residential.Dwellings.Lighting,Service,MB,Residential,Lighting,LED,technology,,,,,,,,,,,,,,,,,
CIMS.CAN.MB.Residential.Dwellings.Lighting,Service,MB,Residential,Lighting,LED,available,,,,constant_tech,Year,2010,2010,2010,2010,2010,2010,2010,2010,2010,2010,2010,
CIMS.CAN.MB.Residential.Dwellings.Lighting,Service,MB,Residential,Lighting,LED,unavailable,,,,constant_tech,Year,2101,2101,2101,2101,2101,2101,2101,2101,2101,2101,2101,
CIMS.CAN.MB.Residential.Dwellings.Lighting,Service,MB,Residential,Lighting,LED,lifetime,,,,constant_tech,Years,13,13,13,13,13,13,13,13,13,13,13,
CIMS.CAN.MB.Residential.Dwellings.Lighting,Service,MB,Residential,Lighting,LED,market_share_total,,,,annual_tech,%,0.02,,,,,,,,,,,
CIMS.CAN.MB.Residential.Dwellings.Lighting,Service,MB,Residential,Lighting,LED,output,,,,constant_tech,node unit,4.2,4.2,4.2,4.2,4.2,4.2,4.2,4.2,4.2,4.2,4.2,
CIMS.CAN.MB.Residential.Dwellings.Lighting,Service,MB,Residential,Lighting,LED,fcc,,,,constant_tech,$,20,20,20,20,20,20,20,20,20,20,20,
CIMS.CAN.MB.Residential.Dwellings.Lighting,Service,MB,Residential,Lighting,LED,service_request,,,CIMS.CAN.MB.Electricity,annual_tech,GJ,0.008366882,0.008366882,0.008366882,0.008366882,0.008366882,0.008366882,0.008366882,0.008366882,0.008366882,0.008366882,0.008366882,
CIMS.CAN.MB.Residential.Dwellings.Solar PV,Service,MB,Residential,Solar PV,,service_provide,,,,constant_tech,m2 of roofspace,,,,,,,,,,,,
CIMS.CAN.MB.Residential.Dwellings.Solar PV,Service,MB,Residential,Solar PV,,competition,Tech Compete,,,,,,,,,,,,,,,,
CIMS.CAN.MB.Residential.Dwellings.Solar PV,Service,MB,Residential,Solar PV,,discount_rate_financial,,,,constant_tech,%,0.25,0.25,0.25,0.25,0.25,0.25,0.25,0.25,0.25,0.25,0.25,
CIMS.CAN.MB.Residential.Dwellings.Solar PV,Service,MB,Residential,Solar PV,,heterogeneity,,,,constant_tech,,10,10,10,10,10,10,10,10,10,10,10,
CIMS.CAN.MB.Residential.Dwellings.Solar PV,Service,MB,Residential,Solar PV,No Solar,technology,,,,,,,,,,,,,,,,,
CIMS.CAN.MB.Residential.Dwellings.Solar PV,Service,MB,Residential,Solar PV,No Solar,available,,,,constant_tech,Year,1950,1950,1950,1950,1950,1950,1950,1950,1950,1950,1950,
CIMS.CAN.MB.Residential.Dwellings.Solar PV,Service,MB,Residential,Solar PV,No Solar,unavailable,,,,constant_tech,Year,2101,2101,2101,2101,2101,2101,2101,2101,2101,2101,2101,
CIMS.CAN.MB.Residential.Dwellings.Solar PV,Service,MB,Residential,Solar PV,No Solar,lifetime,,,,constant_tech,Years,20,20,20,20,20,20,20,20,20,20,20,
CIMS.CAN.MB.Residential.Dwellings.Solar PV,Service,MB,Residential,Solar PV,No Solar,market_share_total,,,,annual_tech,%,1,,,,,,,,,,,
CIMS.CAN.MB.Residential.Dwellings.Solar PV,Service,MB,Residential,Solar PV,Solar PV,technology,,,,,,,,,,,,,,,,,
CIMS.CAN.MB.Residential.Dwellings.Solar PV,Service,MB,Residential,Solar PV,Solar PV,available,,,,constant_tech,Year,2015,2015,2015,2015,2015,2015,2015,2015,2015,2015,2015,
CIMS.CAN.MB.Residential.Dwellings.Solar PV,Service,MB,Residential,Solar PV,Solar PV,unavailable,,,,constant_tech,Year,2101,2101,2101,2101,2101,2101,2101,2101,2101,2101,2101,
CIMS.CAN.MB.Residential.Dwellings.Solar PV,Service,MB,Residential,Solar PV,Solar PV,lifetime,,,,constant_tech,Years,20,20,20,20,20,20,20,20,20,20,20,
CIMS.CAN.MB.Residential.Dwellings.Solar PV,Service,MB,Residential,Solar PV,Solar PV,market_share_total,,,,annual_tech,%,0,,,,,,,,,,,
CIMS.CAN.MB.Residential.Dwellings.Solar PV,Service,MB,Residential,Solar PV,Solar PV,fcc,,,,constant_tech,$,1382.747625,1382.747625,1382.747625,1382.747625,1382.747625,1382.747625,1382.747625,1382.747625,1382.747625,1382.747625,1382.747625,
CIMS.CAN.MB.Residential.Dwellings.Solar PV,Service,MB,Residential,Solar PV,Solar PV,service_request,,,CIMS.CAN.MB.Electricity,annual_tech,GJ,-0.638648353,-0.638648353,-0.638648353,-0.638648353,-0.638648353,-0.638648353,-0.638648353,-0.638648353,-0.638648353,-0.638648353,-0.638648353,
CIMS.CAN.MB.Residential.Dwellings.Refrigerators,Service,MB,Residential,Refrigerators,,service_provide,,,,constant_tech,unit,,,,,,,,,,,,
CIMS.CAN.MB.Residential.Dwellings.Refrigerators,Service,MB,Residential,Refrigerators,,competition,Tech Compete,,,,,,,,,,,,,,,,
CIMS.CAN.MB.Residential.Dwellings.Refrigerators,Service,MB,Residential,Refrigerators,,discount_rate_financial,,,,constant_tech,%,0.3,0.3,0.3,0.3,0.3,0.3,0.3,0.3,0.3,0.3,0.3,
CIMS.CAN.MB.Residential.Dwellings.Refrigerators,Service,MB,Residential,Refrigerators,,discount_rate_retrofit,,,,constant_tech,%,0.65,0.65,0.65,0.65,0.65,0.65,0.65,0.65,0.65,0.65,0.65,
CIMS.CAN.MB.Residential.Dwellings.Refrigerators,Service,MB,Residential,Refrigerators,,heterogeneity,,,,constant_tech,,10,10,10,10,10,10,10,10,10,10,10,
CIMS.CAN.MB.Residential.Dwellings.Refrigerators,Service,MB,Residential,Refrigerators,Existing,technology,,,,,,,,,,,,,,,,,
CIMS.CAN.MB.Residential.Dwellings.Refrigerators,Service,MB,Residential,Refrigerators,Existing,available,,,,constant_tech,Year,1985,1985,1985,1985,1985,1985,1985,1985,1985,1985,1985,
CIMS.CAN.MB.Residential.Dwellings.Refrigerators,Service,MB,Residential,Refrigerators,Existing,unavailable,,,,constant_tech,Year,2001,2001,2001,2001,2001,2001,2001,2001,2001,2001,2001,
CIMS.CAN.MB.Residential.Dwellings.Refrigerators,Service,MB,Residential,Refrigerators,Existing,lifetime,,,,constant_tech,Years,17,17,17,17,17,17,17,17,17,17,17,
CIMS.CAN.MB.Residential.Dwellings.Refrigerators,Service,MB,Residential,Refrigerators,Existing,market_share_total,,,,annual_tech,%,1,,,,,,,,,,,
CIMS.CAN.MB.Residential.Dwellings.Refrigerators,Service,MB,Residential,Refrigerators,Existing,fcc,,,,constant_tech,$,802.3109244,802.3109244,802.3109244,802.3109244,802.3109244,802.3109244,802.3109244,802.3109244,802.3109244,802.3109244,802.3109244,
CIMS.CAN.MB.Residential.Dwellings.Refrigerators,Service,MB,Residential,Refrigerators,Existing,fom,,,,constant_tech,$,4.999716432,4.999716432,4.999716432,4.999716432,4.999716432,4.999716432,4.999716432,4.999716432,4.999716432,4.999716432,4.999716432,
CIMS.CAN.MB.Residential.Dwellings.Refrigerators,Service,MB,Residential,Refrigerators,Existing,service_request,,,CIMS.CAN.MB.Electricity,annual_tech,GJ,3.402,3.402,3.402,3.402,3.402,3.402,3.402,3.402,3.402,3.402,3.402,
CIMS.CAN.MB.Residential.Dwellings.Refrigerators,Service,MB,Residential,Refrigerators,Std,technology,,,,,,,,,,,,,,,,,
CIMS.CAN.MB.Residential.Dwellings.Refrigerators,Service,MB,Residential,Refrigerators,Std,available,,,,constant_tech,Year,2000,2000,2000,2000,2000,2000,2000,2000,2000,2000,2000,
CIMS.CAN.MB.Residential.Dwellings.Refrigerators,Service,MB,Residential,Refrigerators,Std,unavailable,,,,constant_tech,Year,2101,2101,2101,2101,2101,2101,2101,2101,2101,2101,2101,
CIMS.CAN.MB.Residential.Dwellings.Refrigerators,Service,MB,Residential,Refrigerators,Std,lifetime,,,,constant_tech,Years,17,17,17,17,17,17,17,17,17,17,17,
CIMS.CAN.MB.Residential.Dwellings.Refrigerators,Service,MB,Residential,Refrigerators,Std,market_share_total,,,,annual_tech,%,0,,,,,,,,,,,
CIMS.CAN.MB.Residential.Dwellings.Refrigerators,Service,MB,Residential,Refrigerators,Std,fcc,,,,constant_tech,$,802.3109244,802.3109244,802.3109244,802.3109244,802.3109244,802.3109244,802.3109244,802.3109244,802.3109244,802.3109244,802.3109244,
CIMS.CAN.MB.Residential.Dwellings.Refrigerators,Service,MB,Residential,Refrigerators,Std,fom,,,,constant_tech,$,4.999716432,4.999716432,4.999716432,4.999716432,4.999716432,4.999716432,4.999716432,4.999716432,4.999716432,4.999716432,4.999716432,
CIMS.CAN.MB.Residential.Dwellings.Refrigerators,Service,MB,Residential,Refrigerators,Std,service_request,,,CIMS.CAN.MB.Electricity,annual_tech,GJ,1.746828,1.746828,1.746828,1.746828,1.746828,1.746828,1.746828,1.746828,1.746828,1.746828,1.746828,
CIMS.CAN.MB.Residential.Dwellings.Refrigerators,Service,MB,Residential,Refrigerators,Medium Efficiency,technology,,,,,,,,,,,,,,,,,
CIMS.CAN.MB.Residential.Dwellings.Refrigerators,Service,MB,Residential,Refrigerators,Medium Efficiency,available,,,,constant_tech,Year,2000,2000,2000,2000,2000,2000,2000,2000,2000,2000,2000,
CIMS.CAN.MB.Residential.Dwellings.Refrigerators,Service,MB,Residential,Refrigerators,Medium Efficiency,unavailable,,,,constant_tech,Year,2101,2101,2101,2101,2101,2101,2101,2101,2101,2101,2101,
CIMS.CAN.MB.Residential.Dwellings.Refrigerators,Service,MB,Residential,Refrigerators,Medium Efficiency,lifetime,,,,constant_tech,Years,17,17,17,17,17,17,17,17,17,17,17,
CIMS.CAN.MB.Residential.Dwellings.Refrigerators,Service,MB,Residential,Refrigerators,Medium Efficiency,market_share_total,,,,annual_tech,%,0,,,,,,,,,,,
CIMS.CAN.MB.Residential.Dwellings.Refrigerators,Service,MB,Residential,Refrigerators,Medium Efficiency,fcc,,,,constant_tech,$,907.2211008,907.2211008,907.2211008,907.2211008,907.2211008,907.2211008,907.2211008,907.2211008,907.2211008,907.2211008,907.2211008,
CIMS.CAN.MB.Residential.Dwellings.Refrigerators,Service,MB,Residential,Refrigerators,Medium Efficiency,fom,,,,constant_tech,$,4.999716432,4.999716432,4.999716432,4.999716432,4.999716432,4.999716432,4.999716432,4.999716432,4.999716432,4.999716432,4.999716432,
CIMS.CAN.MB.Residential.Dwellings.Refrigerators,Service,MB,Residential,Refrigerators,Medium Efficiency,service_request,,,CIMS.CAN.MB.Electricity,annual_tech,GJ,1.566828,1.566828,1.566828,1.566828,1.566828,1.566828,1.566828,1.566828,1.566828,1.566828,1.566828,
CIMS.CAN.MB.Residential.Dwellings.Refrigerators,Service,MB,Residential,Refrigerators,High Efficiency,technology,,,,,,,,,,,,,,,,,
CIMS.CAN.MB.Residential.Dwellings.Refrigerators,Service,MB,Residential,Refrigerators,High Efficiency,available,,,,constant_tech,Year,2000,2000,2000,2000,2000,2000,2000,2000,2000,2000,2000,
CIMS.CAN.MB.Residential.Dwellings.Refrigerators,Service,MB,Residential,Refrigerators,High Efficiency,unavailable,,,,constant_tech,Year,2101,2101,2101,2101,2101,2101,2101,2101,2101,2101,2101,
CIMS.CAN.MB.Residential.Dwellings.Refrigerators,Service,MB,Residential,Refrigerators,High Efficiency,lifetime,,,,constant_tech,Years,17,17,17,17,17,17,17,17,17,17,17,
CIMS.CAN.MB.Residential.Dwellings.Refrigerators,Service,MB,Residential,Refrigerators,High Efficiency,market_share_total,,,,annual_tech,%,0,,,,,,,,,,,
CIMS.CAN.MB.Residential.Dwellings.Refrigerators,Service,MB,Residential,Refrigerators,High Efficiency,fcc,,,,constant_tech,$,987.1247601,987.1247601,987.1247601,987.1247601,987.1247601,987.1247601,987.1247601,987.1247601,987.1247601,987.1247601,987.1247601,
CIMS.CAN.MB.Residential.Dwellings.Refrigerators,Service,MB,Residential,Refrigerators,High Efficiency,fom,,,,constant_tech,$,4.999716432,4.999716432,4.999716432,4.999716432,4.999716432,4.999716432,4.999716432,4.999716432,4.999716432,4.999716432,4.999716432,
CIMS.CAN.MB.Residential.Dwellings.Refrigerators,Service,MB,Residential,Refrigerators,High Efficiency,service_request,,,CIMS.CAN.MB.Electricity,annual_tech,GJ,1.222075234,1.222075234,1.222075234,1.222075234,1.222075234,1.222075234,1.222075234,1.222075234,1.222075234,1.222075234,1.222075234,
CIMS.CAN.MB.Residential.Dwellings.Freezers,Service,MB,Residential,Freezers,,service_provide,,,,constant_tech,unit,,,,,,,,,,,,
CIMS.CAN.MB.Residential.Dwellings.Freezers,Service,MB,Residential,Freezers,,competition,Tech Compete,,,,,,,,,,,,,,,,
CIMS.CAN.MB.Residential.Dwellings.Freezers,Service,MB,Residential,Freezers,,discount_rate_financial,,,,constant_tech,%,0.3,0.3,0.3,0.3,0.3,0.3,0.3,0.3,0.3,0.3,0.3,
CIMS.CAN.MB.Residential.Dwellings.Freezers,Service,MB,Residential,Freezers,,discount_rate_retrofit,,,,constant_tech,%,0.65,0.65,0.65,0.65,0.65,0.65,0.65,0.65,0.65,0.65,0.65,
CIMS.CAN.MB.Residential.Dwellings.Freezers,Service,MB,Residential,Freezers,,heterogeneity,,,,constant_tech,,10,10,10,10,10,10,10,10,10,10,10,
CIMS.CAN.MB.Residential.Dwellings.Freezers,Service,MB,Residential,Freezers,Existing,technology,,,,,,,,,,,,,,,,,
CIMS.CAN.MB.Residential.Dwellings.Freezers,Service,MB,Residential,Freezers,Existing,available,,,,constant_tech,Year,1982,1982,1982,1982,1982,1982,1982,1982,1982,1982,1982,
CIMS.CAN.MB.Residential.Dwellings.Freezers,Service,MB,Residential,Freezers,Existing,unavailable,,,,constant_tech,Year,2001,2001,2001,2001,2001,2001,2001,2001,2001,2001,2001,
CIMS.CAN.MB.Residential.Dwellings.Freezers,Service,MB,Residential,Freezers,Existing,lifetime,,,,constant_tech,Years,21,21,21,21,21,21,21,21,21,21,21,
CIMS.CAN.MB.Residential.Dwellings.Freezers,Service,MB,Residential,Freezers,Existing,market_share_total,,,,annual_tech,%,0.9,,,,,,,,,,,
CIMS.CAN.MB.Residential.Dwellings.Freezers,Service,MB,Residential,Freezers,Existing,fcc,,,,constant_tech,$,483.9889976,483.9889976,483.9889976,483.9889976,483.9889976,483.9889976,483.9889976,483.9889976,483.9889976,483.9889976,483.9889976,
CIMS.CAN.MB.Residential.Dwellings.Freezers,Service,MB,Residential,Freezers,Existing,fom,,,,constant_tech,$,12.49929108,12.49929108,12.49929108,12.49929108,12.49929108,12.49929108,12.49929108,12.49929108,12.49929108,12.49929108,12.49929108,
CIMS.CAN.MB.Residential.Dwellings.Freezers,Service,MB,Residential,Freezers,Existing,service_request,,,CIMS.CAN.MB.Electricity,annual_tech,GJ,2.25,2.25,2.25,2.25,2.25,2.25,2.25,2.25,2.25,2.25,2.25,
CIMS.CAN.MB.Residential.Dwellings.Freezers,Service,MB,Residential,Freezers,Std,technology,,,,,,,,,,,,,,,,,
CIMS.CAN.MB.Residential.Dwellings.Freezers,Service,MB,Residential,Freezers,Std,available,,,,constant_tech,Year,1988,1988,1988,1988,1988,1988,1988,1988,1988,1988,1988,
CIMS.CAN.MB.Residential.Dwellings.Freezers,Service,MB,Residential,Freezers,Std,unavailable,,,,constant_tech,Year,2101,2101,2101,2101,2101,2101,2101,2101,2101,2101,2101,
CIMS.CAN.MB.Residential.Dwellings.Freezers,Service,MB,Residential,Freezers,Std,lifetime,,,,constant_tech,Years,21,21,21,21,21,21,21,21,21,21,21,
CIMS.CAN.MB.Residential.Dwellings.Freezers,Service,MB,Residential,Freezers,Std,market_share_total,,,,annual_tech,%,0.1,,,,,,,,,,,
CIMS.CAN.MB.Residential.Dwellings.Freezers,Service,MB,Residential,Freezers,Std,fcc,,,,constant_tech,$,483.9889976,483.9889976,483.9889976,483.9889976,483.9889976,483.9889976,483.9889976,483.9889976,483.9889976,483.9889976,483.9889976,
CIMS.CAN.MB.Residential.Dwellings.Freezers,Service,MB,Residential,Freezers,Std,fom,,,,constant_tech,$,12.49929108,12.49929108,12.49929108,12.49929108,12.49929108,12.49929108,12.49929108,12.49929108,12.49929108,12.49929108,12.49929108,
CIMS.CAN.MB.Residential.Dwellings.Freezers,Service,MB,Residential,Freezers,Std,service_request,,,CIMS.CAN.MB.Electricity,annual_tech,GJ,1.4076,1.4076,1.4076,1.4076,1.4076,1.4076,1.4076,1.4076,1.4076,1.4076,1.4076,
CIMS.CAN.MB.Residential.Dwellings.Freezers,Service,MB,Residential,Freezers,High Efficiency,technology,,,,,,,,,,,,,,,,,
CIMS.CAN.MB.Residential.Dwellings.Freezers,Service,MB,Residential,Freezers,High Efficiency,available,,,,constant_tech,Year,1988,1988,1988,1988,1988,1988,1988,1988,1988,1988,1988,
CIMS.CAN.MB.Residential.Dwellings.Freezers,Service,MB,Residential,Freezers,High Efficiency,unavailable,,,,constant_tech,Year,2101,2101,2101,2101,2101,2101,2101,2101,2101,2101,2101,
CIMS.CAN.MB.Residential.Dwellings.Freezers,Service,MB,Residential,Freezers,High Efficiency,lifetime,,,,constant_tech,Years,21,21,21,21,21,21,21,21,21,21,21,
CIMS.CAN.MB.Residential.Dwellings.Freezers,Service,MB,Residential,Freezers,High Efficiency,market_share_total,,,,annual_tech,%,0,,,,,,,,,,,
CIMS.CAN.MB.Residential.Dwellings.Freezers,Service,MB,Residential,Freezers,High Efficiency,fcc,,,,constant_tech,$,616.952975,616.952975,616.952975,616.952975,616.952975,616.952975,616.952975,616.952975,616.952975,616.952975,616.952975,
CIMS.CAN.MB.Residential.Dwellings.Freezers,Service,MB,Residential,Freezers,High Efficiency,fom,,,,constant_tech,$,12.49929108,12.49929108,12.49929108,12.49929108,12.49929108,12.49929108,12.49929108,12.49929108,12.49929108,12.49929108,12.49929108,
CIMS.CAN.MB.Residential.Dwellings.Freezers,Service,MB,Residential,Freezers,High Efficiency,service_request,,,CIMS.CAN.MB.Electricity,annual_tech,GJ,1.175265246,1.175265246,1.175265246,1.175265246,1.175265246,1.175265246,1.175265246,1.175265246,1.175265246,1.175265246,1.175265246,
CIMS.CAN.MB.Residential.Dwellings.Ranges,Service,MB,Residential,Ranges,,service_provide,,,,constant_tech,unit,,,,,,,,,,,,
CIMS.CAN.MB.Residential.Dwellings.Ranges,Service,MB,Residential,Ranges,,competition,Tech Compete,,,,,,,,,,,,,,,,
CIMS.CAN.MB.Residential.Dwellings.Ranges,Service,MB,Residential,Ranges,,discount_rate_financial,,,,constant_tech,%,0.3,0.3,0.3,0.3,0.3,0.3,0.3,0.3,0.3,0.3,0.3,
CIMS.CAN.MB.Residential.Dwellings.Ranges,Service,MB,Residential,Ranges,,discount_rate_retrofit,,,,constant_tech,%,0.65,0.65,0.65,0.65,0.65,0.65,0.65,0.65,0.65,0.65,0.65,
CIMS.CAN.MB.Residential.Dwellings.Ranges,Service,MB,Residential,Ranges,,heterogeneity,,,,constant_tech,,10,10,10,10,10,10,10,10,10,10,10,
CIMS.CAN.MB.Residential.Dwellings.Ranges,Service,MB,Residential,Ranges,Electric existing,technology,,,,,,,,,,,,,,,,,
CIMS.CAN.MB.Residential.Dwellings.Ranges,Service,MB,Residential,Ranges,Electric existing,available,,,,constant_tech,Year,1980,1980,1980,1980,1980,1980,1980,1980,1980,1980,1980,
CIMS.CAN.MB.Residential.Dwellings.Ranges,Service,MB,Residential,Ranges,Electric existing,unavailable,,,,constant_tech,Year,2001,2001,2001,2001,2001,2001,2001,2001,2001,2001,2001,
CIMS.CAN.MB.Residential.Dwellings.Ranges,Service,MB,Residential,Ranges,Electric existing,lifetime,,,,constant_tech,Years,20,20,20,20,20,20,20,20,20,20,20,
CIMS.CAN.MB.Residential.Dwellings.Ranges,Service,MB,Residential,Ranges,Electric existing,market_share_total,,,,annual_tech,%,0.9,,,,,,,,,,,
CIMS.CAN.MB.Residential.Dwellings.Ranges,Service,MB,Residential,Ranges,Electric existing,fcc,,,,constant_tech,$,755.0038388,755.0038388,755.0038388,755.0038388,755.0038388,755.0038388,755.0038388,755.0038388,755.0038388,755.0038388,755.0038388,
CIMS.CAN.MB.Residential.Dwellings.Ranges,Service,MB,Residential,Ranges,Electric existing,fom,,,,constant_tech,$,12.49929108,12.49929108,12.49929108,12.49929108,12.49929108,12.49929108,12.49929108,12.49929108,12.49929108,12.49929108,12.49929108,
CIMS.CAN.MB.Residential.Dwellings.Ranges,Service,MB,Residential,Ranges,Electric existing,service_request,,,CIMS.CAN.MB.Electricity,annual_tech,GJ,3.00456,3.00456,3.00456,3.00456,3.00456,3.00456,3.00456,3.00456,3.00456,3.00456,3.00456,
CIMS.CAN.MB.Residential.Dwellings.Ranges,Service,MB,Residential,Ranges,Electric Std,technology,,,,,,,,,,,,,,,,,
CIMS.CAN.MB.Residential.Dwellings.Ranges,Service,MB,Residential,Ranges,Electric Std,available,,,,constant_tech,Year,2000,2000,2000,2000,2000,2000,2000,2000,2000,2000,2000,
CIMS.CAN.MB.Residential.Dwellings.Ranges,Service,MB,Residential,Ranges,Electric Std,unavailable,,,,constant_tech,Year,2101,2101,2101,2101,2101,2101,2101,2101,2101,2101,2101,
CIMS.CAN.MB.Residential.Dwellings.Ranges,Service,MB,Residential,Ranges,Electric Std,lifetime,,,,constant_tech,Years,20,20,20,20,20,20,20,20,20,20,20,
CIMS.CAN.MB.Residential.Dwellings.Ranges,Service,MB,Residential,Ranges,Electric Std,market_share_total,,,,annual_tech,%,0,,,,,,,,,,,
CIMS.CAN.MB.Residential.Dwellings.Ranges,Service,MB,Residential,Ranges,Electric Std,fcc,,,,constant_tech,$,755.0038388,755.0038388,755.0038388,755.0038388,755.0038388,755.0038388,755.0038388,755.0038388,755.0038388,755.0038388,755.0038388,
CIMS.CAN.MB.Residential.Dwellings.Ranges,Service,MB,Residential,Ranges,Electric Std,fom,,,,constant_tech,$,12.49929108,12.49929108,12.49929108,12.49929108,12.49929108,12.49929108,12.49929108,12.49929108,12.49929108,12.49929108,12.49929108,
CIMS.CAN.MB.Residential.Dwellings.Ranges,Service,MB,Residential,Ranges,Electric Std,service_request,,,CIMS.CAN.MB.Electricity,annual_tech,GJ,2.303496,2.303496,2.303496,2.303496,2.303496,2.303496,2.303496,2.303496,2.303496,2.303496,2.303496,
CIMS.CAN.MB.Residential.Dwellings.Ranges,Service,MB,Residential,Ranges,Electric Induction,technology,,,,,,,,,,,,,,,,,
CIMS.CAN.MB.Residential.Dwellings.Ranges,Service,MB,Residential,Ranges,Electric Induction,available,,,,constant_tech,Year,2020,2020,2020,2020,2020,2020,2020,2020,2020,2020,2020,
CIMS.CAN.MB.Residential.Dwellings.Ranges,Service,MB,Residential,Ranges,Electric Induction,unavailable,,,,constant_tech,Year,2101,2101,2101,2101,2101,2101,2101,2101,2101,2101,2101,
CIMS.CAN.MB.Residential.Dwellings.Ranges,Service,MB,Residential,Ranges,Electric Induction,lifetime,,,,constant_tech,Years,20,20,20,20,20,20,20,20,20,20,20,
CIMS.CAN.MB.Residential.Dwellings.Ranges,Service,MB,Residential,Ranges,Electric Induction,market_share_total,,,,annual_tech,%,0,,,,,,,,,,,
CIMS.CAN.MB.Residential.Dwellings.Ranges,Service,MB,Residential,Ranges,Electric Induction,fcc,,,,constant_tech,$,3665.067179,3665.067179,3665.067179,3665.067179,3665.067179,3665.067179,3665.067179,3665.067179,3665.067179,3665.067179,3665.067179,
CIMS.CAN.MB.Residential.Dwellings.Ranges,Service,MB,Residential,Ranges,Electric Induction,fom,,,,constant_tech,$,12.49929108,12.49929108,12.49929108,12.49929108,12.49929108,12.49929108,12.49929108,12.49929108,12.49929108,12.49929108,12.49929108,
CIMS.CAN.MB.Residential.Dwellings.Ranges,Service,MB,Residential,Ranges,Electric Induction,service_request,,,CIMS.CAN.MB.Electricity,annual_tech,GJ,1.151748,1.151748,1.151748,1.151748,1.151748,1.151748,1.151748,1.151748,1.151748,1.151748,1.151748,
CIMS.CAN.MB.Residential.Dwellings.Ranges,Service,MB,Residential,Ranges,NG existing,technology,,,,,,,,,,,,,,,,,
CIMS.CAN.MB.Residential.Dwellings.Ranges,Service,MB,Residential,Ranges,NG existing,available,,,,constant_tech,Year,1980,1980,1980,1980,1980,1980,1980,1980,1980,1980,1980,
CIMS.CAN.MB.Residential.Dwellings.Ranges,Service,MB,Residential,Ranges,NG existing,unavailable,,,,constant_tech,Year,2001,2001,2001,2001,2001,2001,2001,2001,2001,2001,2001,
CIMS.CAN.MB.Residential.Dwellings.Ranges,Service,MB,Residential,Ranges,NG existing,lifetime,,,,constant_tech,Years,20,20,20,20,20,20,20,20,20,20,20,
CIMS.CAN.MB.Residential.Dwellings.Ranges,Service,MB,Residential,Ranges,NG existing,market_share_total,,,,annual_tech,%,0.1,,,,,,,,,,,
CIMS.CAN.MB.Residential.Dwellings.Ranges,Service,MB,Residential,Ranges,NG existing,fcc,,,,constant_tech,$,1604.621849,1604.621849,1604.621849,1604.621849,1604.621849,1604.621849,1604.621849,1604.621849,1604.621849,1604.621849,1604.621849,
CIMS.CAN.MB.Residential.Dwellings.Ranges,Service,MB,Residential,Ranges,NG existing,fom,,,,constant_tech,$,12.49929108,12.49929108,12.49929108,12.49929108,12.49929108,12.49929108,12.49929108,12.49929108,12.49929108,12.49929108,12.49929108,
CIMS.CAN.MB.Residential.Dwellings.Ranges,Service,MB,Residential,Ranges,NG existing,service_request,,,CIMS.CAN.MB.Residential.Methane Blend,annual_tech,GJ,5.107752,5.107752,5.107752,5.107752,5.107752,5.107752,5.107752,5.107752,5.107752,5.107752,5.107752,
CIMS.CAN.MB.Residential.Dwellings.Ranges,Service,MB,Residential,Ranges,NG Std,technology,,,,,,,,,,,,,,,,,
CIMS.CAN.MB.Residential.Dwellings.Ranges,Service,MB,Residential,Ranges,NG Std,available,,,,constant_tech,Year,2000,2000,2000,2000,2000,2000,2000,2000,2000,2000,2000,
CIMS.CAN.MB.Residential.Dwellings.Ranges,Service,MB,Residential,Ranges,NG Std,unavailable,,,,constant_tech,Year,2101,2101,2101,2101,2101,2101,2101,2101,2101,2101,2101,
CIMS.CAN.MB.Residential.Dwellings.Ranges,Service,MB,Residential,Ranges,NG Std,lifetime,,,,constant_tech,Years,20,20,20,20,20,20,20,20,20,20,20,
CIMS.CAN.MB.Residential.Dwellings.Ranges,Service,MB,Residential,Ranges,NG Std,market_share_total,,,,annual_tech,%,0,,,,,,,,,,,
CIMS.CAN.MB.Residential.Dwellings.Ranges,Service,MB,Residential,Ranges,NG Std,fcc,,,,constant_tech,$,1604.621849,1604.621849,1604.621849,1604.621849,1604.621849,1604.621849,1604.621849,1604.621849,1604.621849,1604.621849,1604.621849,
CIMS.CAN.MB.Residential.Dwellings.Ranges,Service,MB,Residential,Ranges,NG Std,fom,,,,constant_tech,$,12.49929108,12.49929108,12.49929108,12.49929108,12.49929108,12.49929108,12.49929108,12.49929108,12.49929108,12.49929108,12.49929108,
CIMS.CAN.MB.Residential.Dwellings.Ranges,Service,MB,Residential,Ranges,NG Std,service_request,,,CIMS.CAN.MB.Residential.Methane Blend,annual_tech,GJ,4.722552,4.722552,4.722552,4.722552,4.722552,4.722552,4.722552,4.722552,4.722552,4.722552,4.722552,
CIMS.CAN.MB.Residential.Dwellings.Dishwashing,Service,MB,Residential,Dishwashing,,service_provide,,,,constant_tech,unit,,,,,,,,,,,,
CIMS.CAN.MB.Residential.Dwellings.Dishwashing,Service,MB,Residential,Dishwashing,,competition,Fixed Ratio,,,,,,,,,,,,,,,,
CIMS.CAN.MB.Residential.Dwellings.Dishwashing,Service,MB,Residential,Dishwashing,,service_request,,,CIMS.CAN.MB.Residential.Dwellings.Dishwashing.Machine,annual_tech,GJ,0.6,0.63,0.69,0.71,0.72,0.73,0.75,0.76,0.77,0.77,0.77,
CIMS.CAN.MB.Residential.Dwellings.Dishwashing,Service,MB,Residential,Dishwashing,,service_request,,,CIMS.CAN.MB.Residential.Dwellings.Dishwashing.Non-machine,annual_tech,GJ,0.4,0.37,0.31,0.29,0.28,0.27,0.25,0.24,0.23,0.23,0.23,
CIMS.CAN.MB.Residential.Dwellings.Dishwashing.Machine,Service,MB,Residential,Machine,,service_provide,,,,constant_tech,unit,,,,,,,,,,,,
CIMS.CAN.MB.Residential.Dwellings.Dishwashing.Machine,Service,MB,Residential,Machine,,competition,Tech Compete,,,,,,,,,,,,,,,,
CIMS.CAN.MB.Residential.Dwellings.Dishwashing.Machine,Service,MB,Residential,Machine,,discount_rate_financial,,,,constant_tech,%,0.3,0.3,0.3,0.3,0.3,0.3,0.3,0.3,0.3,0.3,0.3,
CIMS.CAN.MB.Residential.Dwellings.Dishwashing.Machine,Service,MB,Residential,Machine,,discount_rate_retrofit,,,,constant_tech,%,0.65,0.65,0.65,0.65,0.65,0.65,0.65,0.65,0.65,0.65,0.65,
CIMS.CAN.MB.Residential.Dwellings.Dishwashing.Machine,Service,MB,Residential,Machine,,heterogeneity,,,,constant_tech,,10,10,10,10,10,10,10,10,10,10,10,
CIMS.CAN.MB.Residential.Dwellings.Dishwashing.Machine,Service,MB,Residential,Machine,Existing,technology,,,,,,,,,,,,,,,,,
CIMS.CAN.MB.Residential.Dwellings.Dishwashing.Machine,Service,MB,Residential,Machine,Existing,available,,,,constant_tech,Year,1987,1987,1987,1987,1987,1987,1987,1987,1987,1987,1987,
CIMS.CAN.MB.Residential.Dwellings.Dishwashing.Machine,Service,MB,Residential,Machine,Existing,unavailable,,,,constant_tech,Year,2001,2001,2001,2001,2001,2001,2001,2001,2001,2001,2001,
CIMS.CAN.MB.Residential.Dwellings.Dishwashing.Machine,Service,MB,Residential,Machine,Existing,lifetime,,,,constant_tech,Years,13,13,13,13,13,13,13,13,13,13,13,
CIMS.CAN.MB.Residential.Dwellings.Dishwashing.Machine,Service,MB,Residential,Machine,Existing,market_share_total,,,,annual_tech,%,1,,,,,,,,,,,
CIMS.CAN.MB.Residential.Dwellings.Dishwashing.Machine,Service,MB,Residential,Machine,Existing,fcc,,,,constant_tech,$,746.4445802,746.4445802,746.4445802,746.4445802,746.4445802,746.4445802,746.4445802,746.4445802,746.4445802,746.4445802,746.4445802,
CIMS.CAN.MB.Residential.Dwellings.Dishwashing.Machine,Service,MB,Residential,Machine,Existing,fom,,,,constant_tech,$,11.24936197,11.24936197,11.24936197,11.24936197,11.24936197,11.24936197,11.24936197,11.24936197,11.24936197,11.24936197,11.24936197,
CIMS.CAN.MB.Residential.Dwellings.Dishwashing.Machine,Service,MB,Residential,Machine,Existing,service_request,,,CIMS.CAN.MB.Electricity,annual_tech,GJ,0.45,0.45,0.45,0.45,0.45,0.45,0.45,0.45,0.45,0.45,0.45,
CIMS.CAN.MB.Residential.Dwellings.Dishwashing.Machine,Service,MB,Residential,Machine,Existing,service_request,,,CIMS.CAN.MB.Residential.Water Heating,annual_tech,GJ,10.6921,10.6921,10.6921,10.6921,10.6921,10.6921,10.6921,10.6921,10.6921,10.6921,10.6921,
CIMS.CAN.MB.Residential.Dwellings.Dishwashing.Machine,Service,MB,Residential,Machine,Std (46% Eff),technology,,,,,,,,,,,,,,,,,
CIMS.CAN.MB.Residential.Dwellings.Dishwashing.Machine,Service,MB,Residential,Machine,Std (46% Eff),available,,,,constant_tech,Year,2000,2000,2000,2000,2000,2000,2000,2000,2000,2000,2000,
CIMS.CAN.MB.Residential.Dwellings.Dishwashing.Machine,Service,MB,Residential,Machine,Std (46% Eff),unavailable,,,,constant_tech,Year,2101,2101,2101,2101,2101,2101,2101,2101,2101,2101,2101,
CIMS.CAN.MB.Residential.Dwellings.Dishwashing.Machine,Service,MB,Residential,Machine,Std (46% Eff),lifetime,,,,constant_tech,Years,13,13,13,13,13,13,13,13,13,13,13,
CIMS.CAN.MB.Residential.Dwellings.Dishwashing.Machine,Service,MB,Residential,Machine,Std (46% Eff),market_share_total,,,,annual_tech,%,0,,,,,,,,,,,
CIMS.CAN.MB.Residential.Dwellings.Dishwashing.Machine,Service,MB,Residential,Machine,Std (46% Eff),fcc,,,,constant_tech,$,746.4445802,746.4445802,746.4445802,746.4445802,746.4445802,746.4445802,746.4445802,746.4445802,746.4445802,746.4445802,746.4445802,
CIMS.CAN.MB.Residential.Dwellings.Dishwashing.Machine,Service,MB,Residential,Machine,Std (46% Eff),fom,,,,constant_tech,$,11.24936197,11.24936197,11.24936197,11.24936197,11.24936197,11.24936197,11.24936197,11.24936197,11.24936197,11.24936197,11.24936197,
CIMS.CAN.MB.Residential.Dwellings.Dishwashing.Machine,Service,MB,Residential,Machine,Std (46% Eff),service_request,,,CIMS.CAN.MB.Electricity,annual_tech,GJ,0.823339659,0.823339659,0.823339659,0.823339659,0.823339659,0.823339659,0.823339659,0.823339659,0.823339659,0.823339659,0.823339659,
CIMS.CAN.MB.Residential.Dwellings.Dishwashing.Machine,Service,MB,Residential,Machine,Std (46% Eff),service_request,,,CIMS.CAN.MB.Residential.Water Heating,annual_tech,GJ,4.6402,4.6402,4.6402,4.6402,4.6402,4.6402,4.6402,4.6402,4.6402,4.6402,4.6402,
CIMS.CAN.MB.Residential.Dwellings.Dishwashing.Machine,Service,MB,Residential,Machine,High (58% Eff),technology,,,,,,,,,,,,,,,,,
CIMS.CAN.MB.Residential.Dwellings.Dishwashing.Machine,Service,MB,Residential,Machine,High (58% Eff),available,,,,constant_tech,Year,2000,2000,2000,2000,2000,2000,2000,2000,2000,2000,2000,
CIMS.CAN.MB.Residential.Dwellings.Dishwashing.Machine,Service,MB,Residential,Machine,High (58% Eff),unavailable,,,,constant_tech,Year,2101,2101,2101,2101,2101,2101,2101,2101,2101,2101,2101,
CIMS.CAN.MB.Residential.Dwellings.Dishwashing.Machine,Service,MB,Residential,Machine,High (58% Eff),lifetime,,,,constant_tech,Years,13,13,13,13,13,13,13,13,13,13,13,
CIMS.CAN.MB.Residential.Dwellings.Dishwashing.Machine,Service,MB,Residential,Machine,High (58% Eff),market_share_total,,,,annual_tech,%,0,,,,,,,,,,,
CIMS.CAN.MB.Residential.Dwellings.Dishwashing.Machine,Service,MB,Residential,Machine,High (58% Eff),fcc,,,,constant_tech,$,755.9939778,755.9939778,755.9939778,755.9939778,755.9939778,755.9939778,755.9939778,755.9939778,755.9939778,755.9939778,755.9939778,
CIMS.CAN.MB.Residential.Dwellings.Dishwashing.Machine,Service,MB,Residential,Machine,High (58% Eff),fom,,,,constant_tech,$,11.24936197,11.24936197,11.24936197,11.24936197,11.24936197,11.24936197,11.24936197,11.24936197,11.24936197,11.24936197,11.24936197,
CIMS.CAN.MB.Residential.Dwellings.Dishwashing.Machine,Service,MB,Residential,Machine,High (58% Eff),service_request,,,CIMS.CAN.MB.Electricity,annual_tech,GJ,0.6129,0.6129,0.6129,0.6129,0.6129,0.6129,0.6129,0.6129,0.6129,0.6129,0.6129,
CIMS.CAN.MB.Residential.Dwellings.Dishwashing.Machine,Service,MB,Residential,Machine,High (58% Eff),service_request,,,CIMS.CAN.MB.Residential.Water Heating,annual_tech,GJ,3.4372,3.4372,3.4372,3.4372,3.4372,3.4372,3.4372,3.4372,3.4372,3.4372,3.4372,
CIMS.CAN.MB.Residential.Dwellings.Dishwashing.Machine,Service,MB,Residential,Machine,Top (94% Eff),technology,,,,,,,,,,,,,,,,,
CIMS.CAN.MB.Residential.Dwellings.Dishwashing.Machine,Service,MB,Residential,Machine,Top (94% Eff),available,,,,constant_tech,Year,2000,2000,2000,2000,2000,2000,2000,2000,2000,2000,2000,
CIMS.CAN.MB.Residential.Dwellings.Dishwashing.Machine,Service,MB,Residential,Machine,Top (94% Eff),unavailable,,,,constant_tech,Year,2101,2101,2101,2101,2101,2101,2101,2101,2101,2101,2101,
CIMS.CAN.MB.Residential.Dwellings.Dishwashing.Machine,Service,MB,Residential,Machine,Top (94% Eff),lifetime,,,,constant_tech,Years,13,13,13,13,13,13,13,13,13,13,13,
CIMS.CAN.MB.Residential.Dwellings.Dishwashing.Machine,Service,MB,Residential,Machine,Top (94% Eff),market_share_total,,,,annual_tech,%,0,,,,,,,,,,,
CIMS.CAN.MB.Residential.Dwellings.Dishwashing.Machine,Service,MB,Residential,Machine,Top (94% Eff),fcc,,,,constant_tech,$,1707.750607,1707.750607,1707.750607,1707.750607,1707.750607,1707.750607,1707.750607,1707.750607,1707.750607,1707.750607,1707.750607,
CIMS.CAN.MB.Residential.Dwellings.Dishwashing.Machine,Service,MB,Residential,Machine,Top (94% Eff),fom,,,,constant_tech,$,11.24936197,11.24936197,11.24936197,11.24936197,11.24936197,11.24936197,11.24936197,11.24936197,11.24936197,11.24936197,11.24936197,
CIMS.CAN.MB.Residential.Dwellings.Dishwashing.Machine,Service,MB,Residential,Machine,Top (94% Eff),service_request,,,CIMS.CAN.MB.Electricity,annual_tech,GJ,0.057391782,0.057391782,0.057391782,0.057391782,0.057391782,0.057391782,0.057391782,0.057391782,0.057391782,0.057391782,0.057391782,
CIMS.CAN.MB.Residential.Dwellings.Dishwashing.Machine,Service,MB,Residential,Machine,Top (94% Eff),service_request,,,CIMS.CAN.MB.Residential.Water Heating,annual_tech,GJ,3.9527,3.9527,3.9527,3.9527,3.9527,3.9527,3.9527,3.9527,3.9527,3.9527,3.9527,
CIMS.CAN.MB.Residential.Dwellings.Dishwashing.Non-machine,Service,MB,Residential,Non-machine,,service_provide,,,,constant_tech,unit,,,,,,,,,,,,
CIMS.CAN.MB.Residential.Dwellings.Dishwashing.Non-machine,Service,MB,Residential,Non-machine,,competition,Tech Compete,,,,,,,,,,,,,,,,
CIMS.CAN.MB.Residential.Dwellings.Dishwashing.Non-machine,Service,MB,Residential,Non-machine,,discount_rate_financial,,,,constant_tech,%,0.3,0.3,0.3,0.3,0.3,0.3,0.3,0.3,0.3,0.3,0.3,
CIMS.CAN.MB.Residential.Dwellings.Dishwashing.Non-machine,Service,MB,Residential,Non-machine,,discount_rate_retrofit,,,,constant_tech,%,0.65,0.65,0.65,0.65,0.65,0.65,0.65,0.65,0.65,0.65,0.65,
CIMS.CAN.MB.Residential.Dwellings.Dishwashing.Non-machine,Service,MB,Residential,Non-machine,,heterogeneity,,,,constant_tech,,10,10,10,10,10,10,10,10,10,10,10,
CIMS.CAN.MB.Residential.Dwellings.Dishwashing.Non-machine,Service,MB,Residential,Non-machine,Hot water,technology,,,,,,,,,,,,,,,,,
CIMS.CAN.MB.Residential.Dwellings.Dishwashing.Non-machine,Service,MB,Residential,Non-machine,Hot water,available,,,,constant_tech,Year,1990,1990,1990,1990,1990,1990,1990,1990,1990,1990,1990,
CIMS.CAN.MB.Residential.Dwellings.Dishwashing.Non-machine,Service,MB,Residential,Non-machine,Hot water,unavailable,,,,constant_tech,Year,2101,2101,2101,2101,2101,2101,2101,2101,2101,2101,2101,
CIMS.CAN.MB.Residential.Dwellings.Dishwashing.Non-machine,Service,MB,Residential,Non-machine,Hot water,lifetime,,,,constant_tech,Years,10,10,10,10,10,10,10,10,10,10,10,
CIMS.CAN.MB.Residential.Dwellings.Dishwashing.Non-machine,Service,MB,Residential,Non-machine,Hot water,market_share_total,,,,annual_tech,%,0.9,,,,,,,,,,,
CIMS.CAN.MB.Residential.Dwellings.Dishwashing.Non-machine,Service,MB,Residential,Non-machine,Hot water,fcc,,,,constant_tech,$,1.22168906,1.22168906,1.22168906,1.22168906,1.22168906,1.22168906,1.22168906,1.22168906,1.22168906,1.22168906,1.22168906,
CIMS.CAN.MB.Residential.Dwellings.Dishwashing.Non-machine,Service,MB,Residential,Non-machine,Hot water,fom,,,,constant_tech,$,0.624964554,0.624964554,0.624964554,0.624964554,0.624964554,0.624964554,0.624964554,0.624964554,0.624964554,0.624964554,0.624964554,
CIMS.CAN.MB.Residential.Dwellings.Dishwashing.Non-machine,Service,MB,Residential,Non-machine,Hot water,service_request,,,CIMS.CAN.MB.Residential.Water Heating,annual_tech,GJ,10.6945,10.6945,10.6945,10.6945,10.6945,10.6945,10.6945,10.6945,10.6945,10.6945,10.6945,
CIMS.CAN.MB.Residential.Dwellings.Dishwashing.Non-machine,Service,MB,Residential,Non-machine,How water aerator,technology,,,,,,,,,,,,,,,,,
CIMS.CAN.MB.Residential.Dwellings.Dishwashing.Non-machine,Service,MB,Residential,Non-machine,How water aerator,available,,,,constant_tech,Year,1990,1990,1990,1990,1990,1990,1990,1990,1990,1990,1990,
CIMS.CAN.MB.Residential.Dwellings.Dishwashing.Non-machine,Service,MB,Residential,Non-machine,How water aerator,unavailable,,,,constant_tech,Year,2101,2101,2101,2101,2101,2101,2101,2101,2101,2101,2101,
CIMS.CAN.MB.Residential.Dwellings.Dishwashing.Non-machine,Service,MB,Residential,Non-machine,How water aerator,lifetime,,,,constant_tech,Years,10,10,10,10,10,10,10,10,10,10,10,
CIMS.CAN.MB.Residential.Dwellings.Dishwashing.Non-machine,Service,MB,Residential,Non-machine,How water aerator,market_share_total,,,,annual_tech,%,0.1,,,,,,,,,,,
CIMS.CAN.MB.Residential.Dwellings.Dishwashing.Non-machine,Service,MB,Residential,Non-machine,How water aerator,fcc,,,,constant_tech,$,8.667134438,8.667134438,8.667134438,8.667134438,8.667134438,8.667134438,8.667134438,8.667134438,8.667134438,8.667134438,8.667134438,
CIMS.CAN.MB.Residential.Dwellings.Dishwashing.Non-machine,Service,MB,Residential,Non-machine,How water aerator,fom,,,,constant_tech,$,0.624964554,0.624964554,0.624964554,0.624964554,0.624964554,0.624964554,0.624964554,0.624964554,0.624964554,0.624964554,0.624964554,
CIMS.CAN.MB.Residential.Dwellings.Dishwashing.Non-machine,Service,MB,Residential,Non-machine,How water aerator,service_request,,,CIMS.CAN.MB.Residential.Water Heating,annual_tech,GJ,10.0528,10.0528,10.0528,10.0528,10.0528,10.0528,10.0528,10.0528,10.0528,10.0528,10.0528,
CIMS.CAN.MB.Residential.Dwellings.Clothes Washing,Service,MB,Residential,Clothes Washing,,service_provide,,,,constant_tech,unit,,,,,,,,,,,,
CIMS.CAN.MB.Residential.Dwellings.Clothes Washing,Service,MB,Residential,Clothes Washing,,competition,Tech Compete,,,,,,,,,,,,,,,,
CIMS.CAN.MB.Residential.Dwellings.Clothes Washing,Service,MB,Residential,Clothes Washing,,discount_rate_financial,,,,constant_tech,%,0.3,0.3,0.3,0.3,0.3,0.3,0.3,0.3,0.3,0.3,0.3,
CIMS.CAN.MB.Residential.Dwellings.Clothes Washing,Service,MB,Residential,Clothes Washing,,discount_rate_retrofit,,,,constant_tech,%,0.65,0.65,0.65,0.65,0.65,0.65,0.65,0.65,0.65,0.65,0.65,
CIMS.CAN.MB.Residential.Dwellings.Clothes Washing,Service,MB,Residential,Clothes Washing,,heterogeneity,,,,constant_tech,,10,10,10,10,10,10,10,10,10,10,10,
CIMS.CAN.MB.Residential.Dwellings.Clothes Washing,Service,MB,Residential,Clothes Washing,Existing,technology,,,,,,,,,,,,,,,,,
CIMS.CAN.MB.Residential.Dwellings.Clothes Washing,Service,MB,Residential,Clothes Washing,Existing,available,,,,constant_tech,Year,1980,1980,1980,1980,1980,1980,1980,1980,1980,1980,1980,
CIMS.CAN.MB.Residential.Dwellings.Clothes Washing,Service,MB,Residential,Clothes Washing,Existing,unavailable,,,,constant_tech,Year,2001,2001,2001,2001,2001,2001,2001,2001,2001,2001,2001,
CIMS.CAN.MB.Residential.Dwellings.Clothes Washing,Service,MB,Residential,Clothes Washing,Existing,lifetime,,,,constant_tech,Years,14,14,14,14,14,14,14,14,14,14,14,
CIMS.CAN.MB.Residential.Dwellings.Clothes Washing,Service,MB,Residential,Clothes Washing,Existing,market_share_total,,,,annual_tech,%,1,,,,,,,,,,,
CIMS.CAN.MB.Residential.Dwellings.Clothes Washing,Service,MB,Residential,Clothes Washing,Existing,fcc,,,,constant_tech,$,670.1496679,670.1496679,670.1496679,670.1496679,670.1496679,670.1496679,670.1496679,670.1496679,670.1496679,670.1496679,670.1496679,
CIMS.CAN.MB.Residential.Dwellings.Clothes Washing,Service,MB,Residential,Clothes Washing,Existing,fom,,,,constant_tech,$,9.999432865,9.999432865,9.999432865,9.999432865,9.999432865,9.999432865,9.999432865,9.999432865,9.999432865,9.999432865,9.999432865,
CIMS.CAN.MB.Residential.Dwellings.Clothes Washing,Service,MB,Residential,Clothes Washing,Existing,service_request,,,CIMS.CAN.MB.Electricity,annual_tech,GJ,0.335,0.335,0.335,0.335,0.335,0.335,0.335,0.335,0.335,0.335,0.335,
CIMS.CAN.MB.Residential.Dwellings.Clothes Washing,Service,MB,Residential,Clothes Washing,Existing,service_request,,,CIMS.CAN.MB.Residential.Water Heating,annual_tech,GJ,19.8567,19.8567,19.8567,19.8567,19.8567,19.8567,19.8567,19.8567,19.8567,19.8567,19.8567,
CIMS.CAN.MB.Residential.Dwellings.Clothes Washing,Service,MB,Residential,Clothes Washing,Existing,service_request,,,CIMS.CAN.MB.Residential.Clothes Drying,annual_tech,GJ,327.6,327.6,327.6,327.6,327.6,327.6,327.6,327.6,327.6,327.6,327.6,
CIMS.CAN.MB.Residential.Dwellings.Clothes Washing,Service,MB,Residential,Clothes Washing,Std,technology,,,,,,,,,,,,,,,,,
CIMS.CAN.MB.Residential.Dwellings.Clothes Washing,Service,MB,Residential,Clothes Washing,Std,available,,,,constant_tech,Year,2000,2000,2000,2000,2000,2000,2000,2000,2000,2000,2000,
CIMS.CAN.MB.Residential.Dwellings.Clothes Washing,Service,MB,Residential,Clothes Washing,Std,unavailable,,,,constant_tech,Year,2101,2101,2101,2101,2101,2101,2101,2101,2101,2101,2101,
CIMS.CAN.MB.Residential.Dwellings.Clothes Washing,Service,MB,Residential,Clothes Washing,Std,lifetime,,,,constant_tech,Years,14,14,14,14,14,14,14,14,14,14,14,
CIMS.CAN.MB.Residential.Dwellings.Clothes Washing,Service,MB,Residential,Clothes Washing,Std,market_share_total,,,,annual_tech,%,0,,,,,,,,,,,
CIMS.CAN.MB.Residential.Dwellings.Clothes Washing,Service,MB,Residential,Clothes Washing,Std,fcc,,,,constant_tech,$,861.0617714,861.0617714,861.0617714,861.0617714,861.0617714,861.0617714,861.0617714,861.0617714,861.0617714,861.0617714,861.0617714,
CIMS.CAN.MB.Residential.Dwellings.Clothes Washing,Service,MB,Residential,Clothes Washing,Std,fom,,,,constant_tech,$,9.999432865,9.999432865,9.999432865,9.999432865,9.999432865,9.999432865,9.999432865,9.999432865,9.999432865,9.999432865,9.999432865,
CIMS.CAN.MB.Residential.Dwellings.Clothes Washing,Service,MB,Residential,Clothes Washing,Std,service_request,,,CIMS.CAN.MB.Electricity,annual_tech,GJ,0.265,0.265,0.265,0.265,0.265,0.265,0.265,0.265,0.265,0.265,0.265,
CIMS.CAN.MB.Residential.Dwellings.Clothes Washing,Service,MB,Residential,Clothes Washing,Std,service_request,,,CIMS.CAN.MB.Residential.Water Heating,annual_tech,GJ,5.2928,5.2928,5.2928,5.2928,5.2928,5.2928,5.2928,5.2928,5.2928,5.2928,5.2928,
CIMS.CAN.MB.Residential.Dwellings.Clothes Washing,Service,MB,Residential,Clothes Washing,Std,service_request,,,CIMS.CAN.MB.Residential.Clothes Drying,annual_tech,GJ,307.94,307.94,307.94,307.94,307.94,307.94,307.94,307.94,307.94,307.94,307.94,
CIMS.CAN.MB.Residential.Dwellings.Clothes Washing,Service,MB,Residential,Clothes Washing,High Efficiency,technology,,,,,,,,,,,,,,,,,
CIMS.CAN.MB.Residential.Dwellings.Clothes Washing,Service,MB,Residential,Clothes Washing,High Efficiency,available,,,,constant_tech,Year,2000,2000,2000,2000,2000,2000,2000,2000,2000,2000,2000,
CIMS.CAN.MB.Residential.Dwellings.Clothes Washing,Service,MB,Residential,Clothes Washing,High Efficiency,unavailable,,,,constant_tech,Year,2101,2101,2101,2101,2101,2101,2101,2101,2101,2101,2101,
CIMS.CAN.MB.Residential.Dwellings.Clothes Washing,Service,MB,Residential,Clothes Washing,High Efficiency,lifetime,,,,constant_tech,Years,14,14,14,14,14,14,14,14,14,14,14,
CIMS.CAN.MB.Residential.Dwellings.Clothes Washing,Service,MB,Residential,Clothes Washing,High Efficiency,market_share_total,,,,annual_tech,%,0,,,,,,,,,,,
CIMS.CAN.MB.Residential.Dwellings.Clothes Washing,Service,MB,Residential,Clothes Washing,High Efficiency,fcc,,,,constant_tech,$,1059.216899,1059.216899,1059.216899,1059.216899,1059.216899,1059.216899,1059.216899,1059.216899,1059.216899,1059.216899,1059.216899,
CIMS.CAN.MB.Residential.Dwellings.Clothes Washing,Service,MB,Residential,Clothes Washing,High Efficiency,fom,,,,constant_tech,$,9.999432865,9.999432865,9.999432865,9.999432865,9.999432865,9.999432865,9.999432865,9.999432865,9.999432865,9.999432865,9.999432865,
CIMS.CAN.MB.Residential.Dwellings.Clothes Washing,Service,MB,Residential,Clothes Washing,High Efficiency,service_request,,,CIMS.CAN.MB.Electricity,annual_tech,GJ,0.186,0.186,0.186,0.186,0.186,0.186,0.186,0.186,0.186,0.186,0.186,
CIMS.CAN.MB.Residential.Dwellings.Clothes Washing,Service,MB,Residential,Clothes Washing,High Efficiency,service_request,,,CIMS.CAN.MB.Residential.Water Heating,annual_tech,GJ,3.42,3.42,3.42,3.42,3.42,3.42,3.42,3.42,3.42,3.42,3.42,
CIMS.CAN.MB.Residential.Dwellings.Clothes Washing,Service,MB,Residential,Clothes Washing,High Efficiency,service_request,,,CIMS.CAN.MB.Residential.Clothes Drying,annual_tech,GJ,307.94,307.94,307.94,307.94,307.94,307.94,307.94,307.94,307.94,307.94,307.94,
CIMS.CAN.MB.Residential.Dwellings.Clothes Washing,Service,MB,Residential,Clothes Washing,Steam,technology,,,,,,,,,,,,,,,,,
CIMS.CAN.MB.Residential.Dwellings.Clothes Washing,Service,MB,Residential,Clothes Washing,Steam,available,,,,constant_tech,Year,2000,2000,2000,2000,2000,2000,2000,2000,2000,2000,2000,
CIMS.CAN.MB.Residential.Dwellings.Clothes Washing,Service,MB,Residential,Clothes Washing,Steam,unavailable,,,,constant_tech,Year,2101,2101,2101,2101,2101,2101,2101,2101,2101,2101,2101,
CIMS.CAN.MB.Residential.Dwellings.Clothes Washing,Service,MB,Residential,Clothes Washing,Steam,lifetime,,,,constant_tech,Years,14,14,14,14,14,14,14,14,14,14,14,
CIMS.CAN.MB.Residential.Dwellings.Clothes Washing,Service,MB,Residential,Clothes Washing,Steam,market_share_total,,,,annual_tech,%,0,,,,,,,,,,,
CIMS.CAN.MB.Residential.Dwellings.Clothes Washing,Service,MB,Residential,Clothes Washing,Steam,fcc,,,,constant_tech,$,2443.378119,2443.378119,2443.378119,2443.378119,2443.378119,2443.378119,2443.378119,2443.378119,2443.378119,2443.378119,2443.378119,
CIMS.CAN.MB.Residential.Dwellings.Clothes Washing,Service,MB,Residential,Clothes Washing,Steam,fom,,,,constant_tech,$,9.999432865,9.999432865,9.999432865,9.999432865,9.999432865,9.999432865,9.999432865,9.999432865,9.999432865,9.999432865,9.999432865,
CIMS.CAN.MB.Residential.Dwellings.Clothes Washing,Service,MB,Residential,Clothes Washing,Steam,service_request,,,CIMS.CAN.MB.Electricity,annual_tech,GJ,0.084269,0.084269,0.084269,0.084269,0.084269,0.084269,0.084269,0.084269,0.084269,0.084269,0.084269,
CIMS.CAN.MB.Residential.Dwellings.Clothes Washing,Service,MB,Residential,Clothes Washing,Steam,service_request,,,CIMS.CAN.MB.Residential.Water Heating,annual_tech,GJ,2.05,2.05,2.05,2.05,2.05,2.05,2.05,2.05,2.05,2.05,2.05,
CIMS.CAN.MB.Residential.Dwellings.Clothes Washing,Service,MB,Residential,Clothes Washing,Steam,service_request,,,CIMS.CAN.MB.Residential.Clothes Drying,annual_tech,GJ,163.8,163.8,163.8,163.8,163.8,163.8,163.8,163.8,163.8,163.8,163.8,
CIMS.CAN.MB.Residential.Dwellings.Minor Appliances,Service,MB,Residential,Minor Appliances,,service_provide,,,,constant_tech,unit,,,,,,,,,,,,
CIMS.CAN.MB.Residential.Dwellings.Minor Appliances,Service,MB,Residential,Minor Appliances,,competition,Tech Compete,,,,,,,,,,,,,,,,
CIMS.CAN.MB.Residential.Dwellings.Minor Appliances,Service,MB,Residential,Minor Appliances,,discount_rate_financial,,,,constant_tech,%,0.3,0.3,0.3,0.3,0.3,0.3,0.3,0.3,0.3,0.3,0.3,
CIMS.CAN.MB.Residential.Dwellings.Minor Appliances,Service,MB,Residential,Minor Appliances,,discount_rate_retrofit,,,,constant_tech,%,0.65,0.65,0.65,0.65,0.65,0.65,0.65,0.65,0.65,0.65,0.65,
CIMS.CAN.MB.Residential.Dwellings.Minor Appliances,Service,MB,Residential,Minor Appliances,,heterogeneity,,,,constant_tech,,10,10,10,10,10,10,10,10,10,10,10,
CIMS.CAN.MB.Residential.Dwellings.Minor Appliances,Service,MB,Residential,Minor Appliances,Existing,technology,,,,,,,,,,,,,,,,,
CIMS.CAN.MB.Residential.Dwellings.Minor Appliances,Service,MB,Residential,Minor Appliances,Existing,available,,,,constant_tech,Year,2000,2000,2000,2000,2000,2000,2000,2000,2000,2000,2000,
CIMS.CAN.MB.Residential.Dwellings.Minor Appliances,Service,MB,Residential,Minor Appliances,Existing,unavailable,,,,constant_tech,Year,2001,2001,2001,2001,2001,2001,2001,2001,2001,2001,2001,
CIMS.CAN.MB.Residential.Dwellings.Minor Appliances,Service,MB,Residential,Minor Appliances,Existing,lifetime,,,,constant_tech,Years,20,20,20,20,20,20,20,20,20,20,20,
CIMS.CAN.MB.Residential.Dwellings.Minor Appliances,Service,MB,Residential,Minor Appliances,Existing,market_share_total,,,,annual_tech,%,1,,,,,,,,,,,
CIMS.CAN.MB.Residential.Dwellings.Minor Appliances,Service,MB,Residential,Minor Appliances,Existing,fcc,,,,constant_tech,$,3318.45543,3318.45543,3318.45543,3318.45543,3318.45543,3318.45543,3318.45543,3318.45543,3318.45543,3318.45543,3318.45543,
CIMS.CAN.MB.Residential.Dwellings.Minor Appliances,Service,MB,Residential,Minor Appliances,Existing,fom,,,,constant_tech,$,31.2482277,31.2482277,31.2482277,31.2482277,31.2482277,31.2482277,31.2482277,31.2482277,31.2482277,31.2482277,31.2482277,
CIMS.CAN.MB.Residential.Dwellings.Minor Appliances,Service,MB,Residential,Minor Appliances,Existing,service_request,,,CIMS.CAN.MB.Electricity,annual_tech,GJ,5.044338336,5.044338336,5.044338336,5.044338336,5.044338336,5.044338336,5.044338336,5.044338336,5.044338336,5.044338336,5.044338336,
CIMS.CAN.MB.Residential.Dwellings.Minor Appliances,Service,MB,Residential,Minor Appliances,New,technology,,,,,,,,,,,,,,,,,
CIMS.CAN.MB.Residential.Dwellings.Minor Appliances,Service,MB,Residential,Minor Appliances,New,available,,,,constant_tech,Year,2000,2000,2000,2000,2000,2000,2000,2000,2000,2000,2000,
CIMS.CAN.MB.Residential.Dwellings.Minor Appliances,Service,MB,Residential,Minor Appliances,New,unavailable,,,,constant_tech,Year,2101,2101,2101,2101,2101,2101,2101,2101,2101,2101,2101,
CIMS.CAN.MB.Residential.Dwellings.Minor Appliances,Service,MB,Residential,Minor Appliances,New,lifetime,,,,constant_tech,Years,20,20,20,20,20,20,20,20,20,20,20,
CIMS.CAN.MB.Residential.Dwellings.Minor Appliances,Service,MB,Residential,Minor Appliances,New,market_share_total,,,,annual_tech,%,0,,,,,,,,,,,
CIMS.CAN.MB.Residential.Dwellings.Minor Appliances,Service,MB,Residential,Minor Appliances,New,fcc,,,,constant_tech,$,4977.683145,4977.683145,4977.683145,4977.683145,4977.683145,4977.683145,4977.683145,4977.683145,4977.683145,4977.683145,4977.683145,
CIMS.CAN.MB.Residential.Dwellings.Minor Appliances,Service,MB,Residential,Minor Appliances,New,fom,,,,constant_tech,$,31.2482277,31.2482277,31.2482277,31.2482277,31.2482277,31.2482277,31.2482277,31.2482277,31.2482277,31.2482277,31.2482277,
CIMS.CAN.MB.Residential.Dwellings.Minor Appliances,Service,MB,Residential,Minor Appliances,New,service_request,,,CIMS.CAN.MB.Electricity,annual_tech,GJ,7.566507503,7.566507503,7.566507503,7.566507503,7.566507503,7.566507503,7.566507503,7.566507503,7.566507503,7.566507503,7.566507503,
CIMS.CAN.MB.Residential.Dwellings.Minor Appliances,Service,MB,Residential,Minor Appliances,New 1W standby,technology,,,,,,,,,,,,,,,,,
CIMS.CAN.MB.Residential.Dwellings.Minor Appliances,Service,MB,Residential,Minor Appliances,New 1W standby,available,,,,constant_tech,Year,2010,2010,2010,2010,2010,2010,2010,2010,2010,2010,2010,
CIMS.CAN.MB.Residential.Dwellings.Minor Appliances,Service,MB,Residential,Minor Appliances,New 1W standby,unavailable,,,,constant_tech,Year,2101,2101,2101,2101,2101,2101,2101,2101,2101,2101,2101,
CIMS.CAN.MB.Residential.Dwellings.Minor Appliances,Service,MB,Residential,Minor Appliances,New 1W standby,lifetime,,,,constant_tech,Years,20,20,20,20,20,20,20,20,20,20,20,
CIMS.CAN.MB.Residential.Dwellings.Minor Appliances,Service,MB,Residential,Minor Appliances,New 1W standby,market_share_total,,,,annual_tech,%,0,,,,,,,,,,,
CIMS.CAN.MB.Residential.Dwellings.Minor Appliances,Service,MB,Residential,Minor Appliances,New 1W standby,fcc,,,,constant_tech,$,5022.644649,5022.644649,5022.644649,5022.644649,5022.644649,5022.644649,5022.644649,5022.644649,5022.644649,5022.644649,5022.644649,
CIMS.CAN.MB.Residential.Dwellings.Minor Appliances,Service,MB,Residential,Minor Appliances,New 1W standby,fom,,,,constant_tech,$,31.2482277,31.2482277,31.2482277,31.2482277,31.2482277,31.2482277,31.2482277,31.2482277,31.2482277,31.2482277,31.2482277,
CIMS.CAN.MB.Residential.Dwellings.Minor Appliances,Service,MB,Residential,Minor Appliances,New 1W standby,service_request,,,CIMS.CAN.MB.Electricity,annual_tech,GJ,6.612507503,6.612507503,6.612507503,6.612507503,6.612507503,6.612507503,6.612507503,6.612507503,6.612507503,6.612507503,6.612507503,
CIMS.CAN.MB.Residential.Dwellings.Minor Appliances,Service,MB,Residential,Minor Appliances,New PV panels,technology,,,,,,,,,,,,,,,,,
CIMS.CAN.MB.Residential.Dwellings.Minor Appliances,Service,MB,Residential,Minor Appliances,New PV panels,available,,,,constant_tech,Year,2020,2020,2020,2020,2020,2020,2020,2020,2020,2020,2020,
CIMS.CAN.MB.Residential.Dwellings.Minor Appliances,Service,MB,Residential,Minor Appliances,New PV panels,unavailable,,,,constant_tech,Year,2101,2101,2101,2101,2101,2101,2101,2101,2101,2101,2101,
CIMS.CAN.MB.Residential.Dwellings.Minor Appliances,Service,MB,Residential,Minor Appliances,New PV panels,lifetime,,,,constant_tech,Years,20,20,20,20,20,20,20,20,20,20,20,
CIMS.CAN.MB.Residential.Dwellings.Minor Appliances,Service,MB,Residential,Minor Appliances,New PV panels,market_share_total,,,,annual_tech,%,0,,,,,,,,,,,
CIMS.CAN.MB.Residential.Dwellings.Minor Appliances,Service,MB,Residential,Minor Appliances,New PV panels,fcc,,,,constant_tech,$,22981.47382,22981.47382,22981.47382,22981.47382,22981.47382,22981.47382,22981.47382,22981.47382,22981.47382,22981.47382,22981.47382,
CIMS.CAN.MB.Residential.Dwellings.Minor Appliances,Service,MB,Residential,Minor Appliances,New PV panels,fom,,,,constant_tech,$,31.2482277,31.2482277,31.2482277,31.2482277,31.2482277,31.2482277,31.2482277,31.2482277,31.2482277,31.2482277,31.2482277,
CIMS.CAN.MB.Residential.Dwellings.Minor Appliances,Service,MB,Residential,Minor Appliances,New PV panels,service_request,,,CIMS.CAN.MB.Electricity,annual_tech,GJ,-4.28901148,-4.28901148,-4.28901148,-4.28901148,-4.28901148,-4.28901148,-4.28901148,-4.28901148,-4.28901148,-4.28901148,-4.28901148,
CIMS.CAN.MB.Residential.Dwellings.Non-appliance Hot Water,Service,MB,Residential,Non-appliance Hot Water,,service_provide,,,,constant_tech,unit,,,,,,,,,,,,
CIMS.CAN.MB.Residential.Dwellings.Non-appliance Hot Water,Service,MB,Residential,Non-appliance Hot Water,,competition,Tech Compete,,,,,,,,,,,,,,,,
CIMS.CAN.MB.Residential.Dwellings.Non-appliance Hot Water,Service,MB,Residential,Non-appliance Hot Water,,discount_rate_financial,,,,constant_tech,%,0.3,0.3,0.3,0.3,0.3,0.3,0.3,0.3,0.3,0.3,0.3,
CIMS.CAN.MB.Residential.Dwellings.Non-appliance Hot Water,Service,MB,Residential,Non-appliance Hot Water,,discount_rate_retrofit,,,,constant_tech,%,0.65,0.65,0.65,0.65,0.65,0.65,0.65,0.65,0.65,0.65,0.65,
CIMS.CAN.MB.Residential.Dwellings.Non-appliance Hot Water,Service,MB,Residential,Non-appliance Hot Water,,heterogeneity,,,,constant_tech,,10,10,10,10,10,10,10,10,10,10,10,
CIMS.CAN.MB.Residential.Dwellings.Non-appliance Hot Water,Service,MB,Residential,Non-appliance Hot Water,Std use,technology,,,,,,,,,,,,,,,,,
CIMS.CAN.MB.Residential.Dwellings.Non-appliance Hot Water,Service,MB,Residential,Non-appliance Hot Water,Std use,available,,,,constant_tech,Year,1990,1990,1990,1990,1990,1990,1990,1990,1990,1990,1990,
CIMS.CAN.MB.Residential.Dwellings.Non-appliance Hot Water,Service,MB,Residential,Non-appliance Hot Water,Std use,unavailable,,,,constant_tech,Year,2001,2001,2001,2001,2001,2001,2001,2001,2001,2001,2001,
CIMS.CAN.MB.Residential.Dwellings.Non-appliance Hot Water,Service,MB,Residential,Non-appliance Hot Water,Std use,lifetime,,,,constant_tech,Years,10,10,10,10,10,10,10,10,10,10,10,
CIMS.CAN.MB.Residential.Dwellings.Non-appliance Hot Water,Service,MB,Residential,Non-appliance Hot Water,Std use,market_share_total,,,,annual_tech,%,0.7,,,,,,,,,,,
CIMS.CAN.MB.Residential.Dwellings.Non-appliance Hot Water,Service,MB,Residential,Non-appliance Hot Water,Std use,fcc,,,,constant_tech,$,10.95937842,10.95937842,10.95937842,10.95937842,10.95937842,10.95937842,10.95937842,10.95937842,10.95937842,10.95937842,10.95937842,
CIMS.CAN.MB.Residential.Dwellings.Non-appliance Hot Water,Service,MB,Residential,Non-appliance Hot Water,Std use,fom,,,,constant_tech,$,0.624964554,0.624964554,0.624964554,0.624964554,0.624964554,0.624964554,0.624964554,0.624964554,0.624964554,0.624964554,0.624964554,
CIMS.CAN.MB.Residential.Dwellings.Non-appliance Hot Water,Service,MB,Residential,Non-appliance Hot Water,Std use,service_request,,,CIMS.CAN.MB.Residential.Water Heating,annual_tech,GJ,41.172,41.172,41.172,41.172,41.172,41.172,41.172,41.172,41.172,41.172,41.172,
CIMS.CAN.MB.Residential.Dwellings.Non-appliance Hot Water,Service,MB,Residential,Non-appliance Hot Water,Low flow devices,technology,,,,,,,,,,,,,,,,,
CIMS.CAN.MB.Residential.Dwellings.Non-appliance Hot Water,Service,MB,Residential,Non-appliance Hot Water,Low flow devices,available,,,,constant_tech,Year,1990,1990,1990,1990,1990,1990,1990,1990,1990,1990,1990,
CIMS.CAN.MB.Residential.Dwellings.Non-appliance Hot Water,Service,MB,Residential,Non-appliance Hot Water,Low flow devices,unavailable,,,,constant_tech,Year,2101,2101,2101,2101,2101,2101,2101,2101,2101,2101,2101,
CIMS.CAN.MB.Residential.Dwellings.Non-appliance Hot Water,Service,MB,Residential,Non-appliance Hot Water,Low flow devices,lifetime,,,,constant_tech,Years,10,10,10,10,10,10,10,10,10,10,10,
CIMS.CAN.MB.Residential.Dwellings.Non-appliance Hot Water,Service,MB,Residential,Non-appliance Hot Water,Low flow devices,market_share_total,,,,annual_tech,%,0.3,,,,,,,,,,,
CIMS.CAN.MB.Residential.Dwellings.Non-appliance Hot Water,Service,MB,Residential,Non-appliance Hot Water,Low flow devices,fcc,,,,constant_tech,$,22.46470588,22.46470588,22.46470588,22.46470588,22.46470588,22.46470588,22.46470588,22.46470588,22.46470588,22.46470588,22.46470588,
CIMS.CAN.MB.Residential.Dwellings.Non-appliance Hot Water,Service,MB,Residential,Non-appliance Hot Water,Low flow devices,fom,,,,constant_tech,$,0.624964554,0.624964554,0.624964554,0.624964554,0.624964554,0.624964554,0.624964554,0.624964554,0.624964554,0.624964554,0.624964554,
CIMS.CAN.MB.Residential.Dwellings.Non-appliance Hot Water,Service,MB,Residential,Non-appliance Hot Water,Low flow devices,service_request,,,CIMS.CAN.MB.Residential.Water Heating,annual_tech,GJ,34.6,34.6,34.6,34.6,34.6,34.6,34.6,34.6,34.6,34.6,34.6,
CIMS.CAN.MB.Residential.Clothes Drying,Service,MB,Residential,Clothes Drying,,service_provide,,,,constant_tech,GJ,,,,,,,,,,,,
CIMS.CAN.MB.Residential.Clothes Drying,Service,MB,Residential,Clothes Drying,,competition,Fixed Ratio,,,,,,,,,,,,,,,,
CIMS.CAN.MB.Residential.Clothes Drying,Service,MB,Residential,Clothes Drying,,service_request,,,CIMS.CAN.MB.Residential.Clothes Drying.Machine,annual_tech,GJ,0.77,0.8,0.83,0.84,0.85,0.85,0.85,0.85,0.85,0.85,0.85,
CIMS.CAN.MB.Residential.Clothes Drying,Service,MB,Residential,Clothes Drying,,service_request,,,CIMS.CAN.MB.Residential.Clothes Drying.Air dry,annual_tech,GJ,0.23,0.2,0.17,0.16,0.15,0.15,0.15,0.15,0.15,0.15,0.15,
CIMS.CAN.MB.Residential.Clothes Drying.Machine,Service,MB,Residential,Machine,,service_provide,,,,constant_tech,GJ,,,,,,,,,,,,
CIMS.CAN.MB.Residential.Clothes Drying.Machine,Service,MB,Residential,Machine,,competition,Tech Compete,,,,,,,,,,,,,,,,
CIMS.CAN.MB.Residential.Clothes Drying.Machine,Service,MB,Residential,Machine,,discount_rate_financial,,,,constant_tech,%,0.3,0.3,0.3,0.3,0.3,0.3,0.3,0.3,0.3,0.3,0.3,
CIMS.CAN.MB.Residential.Clothes Drying.Machine,Service,MB,Residential,Machine,,discount_rate_retrofit,,,,constant_tech,%,0.65,0.65,0.65,0.65,0.65,0.65,0.65,0.65,0.65,0.65,0.65,
CIMS.CAN.MB.Residential.Clothes Drying.Machine,Service,MB,Residential,Machine,,heterogeneity,,,,constant_tech,,10,10,10,10,10,10,10,10,10,10,10,
CIMS.CAN.MB.Residential.Clothes Drying.Machine,Service,MB,Residential,Machine,Electric existing,technology,,,,,,,,,,,,,,,,,
CIMS.CAN.MB.Residential.Clothes Drying.Machine,Service,MB,Residential,Machine,Electric existing,available,,,,constant_tech,Year,1988,1988,1988,1988,1988,1988,1988,1988,1988,1988,1988,
CIMS.CAN.MB.Residential.Clothes Drying.Machine,Service,MB,Residential,Machine,Electric existing,unavailable,,,,constant_tech,Year,2001,2001,2001,2001,2001,2001,2001,2001,2001,2001,2001,
CIMS.CAN.MB.Residential.Clothes Drying.Machine,Service,MB,Residential,Machine,Electric existing,lifetime,,,,constant_tech,Years,18,18,18,18,18,18,18,18,18,18,18,
CIMS.CAN.MB.Residential.Clothes Drying.Machine,Service,MB,Residential,Machine,Electric existing,market_share_total,,,,annual_tech,%,0.98,,,,,,,,,,,
CIMS.CAN.MB.Residential.Clothes Drying.Machine,Service,MB,Residential,Machine,Electric existing,output,,,,constant_tech,node unit,327.6,327.6,327.6,327.6,327.6,327.6,327.6,327.6,327.6,327.6,327.6,
CIMS.CAN.MB.Residential.Clothes Drying.Machine,Service,MB,Residential,Machine,Electric existing,fcc,,,,constant_tech,$,473.102285,473.102285,473.102285,473.102285,473.102285,473.102285,473.102285,473.102285,473.102285,473.102285,473.102285,
CIMS.CAN.MB.Residential.Clothes Drying.Machine,Service,MB,Residential,Machine,Electric existing,fom,,,,constant_tech,$,11.24936197,11.24936197,11.24936197,11.24936197,11.24936197,11.24936197,11.24936197,11.24936197,11.24936197,11.24936197,11.24936197,
CIMS.CAN.MB.Residential.Clothes Drying.Machine,Service,MB,Residential,Machine,Electric existing,service_request,,,CIMS.CAN.MB.Electricity,annual_tech,GJ,0.01545885,0.01545885,0.01545885,0.01545885,0.01545885,0.01545885,0.01545885,0.01545885,0.01545885,0.01545885,0.01545885,
CIMS.CAN.MB.Residential.Clothes Drying.Machine,Service,MB,Residential,Machine,Electric Std,technology,,,,,,,,,,,,,,,,,
CIMS.CAN.MB.Residential.Clothes Drying.Machine,Service,MB,Residential,Machine,Electric Std,available,,,,constant_tech,Year,1988,1988,1988,1988,1988,1988,1988,1988,1988,1988,1988,
CIMS.CAN.MB.Residential.Clothes Drying.Machine,Service,MB,Residential,Machine,Electric Std,unavailable,,,,constant_tech,Year,2101,2101,2101,2101,2101,2101,2101,2101,2101,2101,2101,
CIMS.CAN.MB.Residential.Clothes Drying.Machine,Service,MB,Residential,Machine,Electric Std,lifetime,,,,constant_tech,Years,18,18,18,18,18,18,18,18,18,18,18,
CIMS.CAN.MB.Residential.Clothes Drying.Machine,Service,MB,Residential,Machine,Electric Std,market_share_total,,,,annual_tech,%,0,,,,,,,,,,,
CIMS.CAN.MB.Residential.Clothes Drying.Machine,Service,MB,Residential,Machine,Electric Std,output,,,,constant_tech,node unit,327.6,327.6,327.6,327.6,327.6,327.6,327.6,327.6,327.6,327.6,327.6,
CIMS.CAN.MB.Residential.Clothes Drying.Machine,Service,MB,Residential,Machine,Electric Std,fcc,,,,constant_tech,$,473.102285,473.102285,473.102285,473.102285,473.102285,473.102285,473.102285,473.102285,473.102285,473.102285,473.102285,
CIMS.CAN.MB.Residential.Clothes Drying.Machine,Service,MB,Residential,Machine,Electric Std,fom,,,,constant_tech,$,11.24936197,11.24936197,11.24936197,11.24936197,11.24936197,11.24936197,11.24936197,11.24936197,11.24936197,11.24936197,11.24936197,
CIMS.CAN.MB.Residential.Clothes Drying.Machine,Service,MB,Residential,Machine,Electric Std,service_request,,,CIMS.CAN.MB.Electricity,annual_tech,GJ,0.0135,0.0135,0.0135,0.0135,0.0135,0.0135,0.0135,0.0135,0.0135,0.0135,0.0135,
CIMS.CAN.MB.Residential.Clothes Drying.Machine,Service,MB,Residential,Machine,Electric heat pump,technology,,,,,,,,,,,,,,,,,
CIMS.CAN.MB.Residential.Clothes Drying.Machine,Service,MB,Residential,Machine,Electric heat pump,available,,,,constant_tech,Year,2000,2000,2000,2000,2000,2000,2000,2000,2000,2000,2000,
CIMS.CAN.MB.Residential.Clothes Drying.Machine,Service,MB,Residential,Machine,Electric heat pump,unavailable,,,,constant_tech,Year,2101,2101,2101,2101,2101,2101,2101,2101,2101,2101,2101,
CIMS.CAN.MB.Residential.Clothes Drying.Machine,Service,MB,Residential,Machine,Electric heat pump,lifetime,,,,constant_tech,Years,18,18,18,18,18,18,18,18,18,18,18,
CIMS.CAN.MB.Residential.Clothes Drying.Machine,Service,MB,Residential,Machine,Electric heat pump,market_share_total,,,,annual_tech,%,0,,,,,,,,,,,
CIMS.CAN.MB.Residential.Clothes Drying.Machine,Service,MB,Residential,Machine,Electric heat pump,output,,,,constant_tech,node unit,327.6,327.6,327.6,327.6,327.6,327.6,327.6,327.6,327.6,327.6,327.6,
CIMS.CAN.MB.Residential.Clothes Drying.Machine,Service,MB,Residential,Machine,Electric heat pump,fcc,,,,constant_tech,$,839.6668906,839.6668906,839.6668906,839.6668906,839.6668906,839.6668906,839.6668906,839.6668906,839.6668906,839.6668906,839.6668906,
CIMS.CAN.MB.Residential.Clothes Drying.Machine,Service,MB,Residential,Machine,Electric heat pump,fom,,,,constant_tech,$,11.24936197,11.24936197,11.24936197,11.24936197,11.24936197,11.24936197,11.24936197,11.24936197,11.24936197,11.24936197,11.24936197,
CIMS.CAN.MB.Residential.Clothes Drying.Machine,Service,MB,Residential,Machine,Electric heat pump,service_request,,,CIMS.CAN.MB.Electricity,annual_tech,GJ,0.0054,0.0054,0.0054,0.0054,0.0054,0.0054,0.0054,0.0054,0.0054,0.0054,0.0054,
CIMS.CAN.MB.Residential.Clothes Drying.Machine,Service,MB,Residential,Machine,NG existing,technology,,,,,,,,,,,,,,,,,
CIMS.CAN.MB.Residential.Clothes Drying.Machine,Service,MB,Residential,Machine,NG existing,available,,,,constant_tech,Year,1988,1988,1988,1988,1988,1988,1988,1988,1988,1988,1988,
CIMS.CAN.MB.Residential.Clothes Drying.Machine,Service,MB,Residential,Machine,NG existing,unavailable,,,,constant_tech,Year,2001,2001,2001,2001,2001,2001,2001,2001,2001,2001,2001,
CIMS.CAN.MB.Residential.Clothes Drying.Machine,Service,MB,Residential,Machine,NG existing,lifetime,,,,constant_tech,Years,18,18,18,18,18,18,18,18,18,18,18,
CIMS.CAN.MB.Residential.Clothes Drying.Machine,Service,MB,Residential,Machine,NG existing,market_share_total,,,,annual_tech,%,0.02,,,,,,,,,,,
CIMS.CAN.MB.Residential.Clothes Drying.Machine,Service,MB,Residential,Machine,NG existing,output,,,,constant_tech,node unit,327.6,327.6,327.6,327.6,327.6,327.6,327.6,327.6,327.6,327.6,327.6,
CIMS.CAN.MB.Residential.Clothes Drying.Machine,Service,MB,Residential,Machine,NG existing,fcc,,,,constant_tech,$,506.2771403,506.2771403,506.2771403,506.2771403,506.2771403,506.2771403,506.2771403,506.2771403,506.2771403,506.2771403,506.2771403,
CIMS.CAN.MB.Residential.Clothes Drying.Machine,Service,MB,Residential,Machine,NG existing,fom,,,,constant_tech,$,11.24936197,11.24936197,11.24936197,11.24936197,11.24936197,11.24936197,11.24936197,11.24936197,11.24936197,11.24936197,11.24936197,
CIMS.CAN.MB.Residential.Clothes Drying.Machine,Service,MB,Residential,Machine,NG existing,service_request,,,CIMS.CAN.MB.Residential.Methane Blend,annual_tech,GJ,0.0139158,0.0139158,0.0139158,0.0139158,0.0139158,0.0139158,0.0139158,0.0139158,0.0139158,0.0139158,0.0139158,
CIMS.CAN.MB.Residential.Clothes Drying.Machine,Service,MB,Residential,Machine,NG Std,technology,,,,,,,,,,,,,,,,,
CIMS.CAN.MB.Residential.Clothes Drying.Machine,Service,MB,Residential,Machine,NG Std,available,,,,constant_tech,Year,1988,1988,1988,1988,1988,1988,1988,1988,1988,1988,1988,
CIMS.CAN.MB.Residential.Clothes Drying.Machine,Service,MB,Residential,Machine,NG Std,unavailable,,,,constant_tech,Year,2101,2101,2101,2101,2101,2101,2101,2101,2101,2101,2101,
CIMS.CAN.MB.Residential.Clothes Drying.Machine,Service,MB,Residential,Machine,NG Std,lifetime,,,,constant_tech,Years,18,18,18,18,18,18,18,18,18,18,18,
CIMS.CAN.MB.Residential.Clothes Drying.Machine,Service,MB,Residential,Machine,NG Std,market_share_total,,,,annual_tech,%,0,,,,,,,,,,,
CIMS.CAN.MB.Residential.Clothes Drying.Machine,Service,MB,Residential,Machine,NG Std,output,,,,constant_tech,node unit,327.6,327.6,327.6,327.6,327.6,327.6,327.6,327.6,327.6,327.6,327.6,
CIMS.CAN.MB.Residential.Clothes Drying.Machine,Service,MB,Residential,Machine,NG Std,fcc,,,,constant_tech,$,506.2771403,506.2771403,506.2771403,506.2771403,506.2771403,506.2771403,506.2771403,506.2771403,506.2771403,506.2771403,506.2771403,
CIMS.CAN.MB.Residential.Clothes Drying.Machine,Service,MB,Residential,Machine,NG Std,fom,,,,constant_tech,$,11.24936197,11.24936197,11.24936197,11.24936197,11.24936197,11.24936197,11.24936197,11.24936197,11.24936197,11.24936197,11.24936197,
CIMS.CAN.MB.Residential.Clothes Drying.Machine,Service,MB,Residential,Machine,NG Std,service_request,,,CIMS.CAN.MB.Residential.Methane Blend,annual_tech,GJ,0.0130545,0.0130545,0.0130545,0.0130545,0.0130545,0.0130545,0.0130545,0.0130545,0.0130545,0.0130545,0.0130545,
CIMS.CAN.MB.Residential.Clothes Drying.Machine,Service,MB,Residential,Machine,NG heat pump,technology,,,,,,,,,,,,,,,,,
CIMS.CAN.MB.Residential.Clothes Drying.Machine,Service,MB,Residential,Machine,NG heat pump,available,,,,constant_tech,Year,2000,2000,2000,2000,2000,2000,2000,2000,2000,2000,2000,
CIMS.CAN.MB.Residential.Clothes Drying.Machine,Service,MB,Residential,Machine,NG heat pump,unavailable,,,,constant_tech,Year,2101,2101,2101,2101,2101,2101,2101,2101,2101,2101,2101,
CIMS.CAN.MB.Residential.Clothes Drying.Machine,Service,MB,Residential,Machine,NG heat pump,lifetime,,,,constant_tech,Years,18,18,18,18,18,18,18,18,18,18,18,
CIMS.CAN.MB.Residential.Clothes Drying.Machine,Service,MB,Residential,Machine,NG heat pump,market_share_total,,,,annual_tech,%,0,,,,,,,,,,,
CIMS.CAN.MB.Residential.Clothes Drying.Machine,Service,MB,Residential,Machine,NG heat pump,output,,,,constant_tech,node unit,327.6,327.6,327.6,327.6,327.6,327.6,327.6,327.6,327.6,327.6,327.6,
CIMS.CAN.MB.Residential.Clothes Drying.Machine,Service,MB,Residential,Machine,NG heat pump,fcc,,,,constant_tech,$,872.7746641,872.7746641,872.7746641,872.7746641,872.7746641,872.7746641,872.7746641,872.7746641,872.7746641,872.7746641,872.7746641,
CIMS.CAN.MB.Residential.Clothes Drying.Machine,Service,MB,Residential,Machine,NG heat pump,fom,,,,constant_tech,$,11.24936197,11.24936197,11.24936197,11.24936197,11.24936197,11.24936197,11.24936197,11.24936197,11.24936197,11.24936197,11.24936197,
CIMS.CAN.MB.Residential.Clothes Drying.Machine,Service,MB,Residential,Machine,NG heat pump,service_request,,,CIMS.CAN.MB.Residential.Methane Blend,annual_tech,GJ,0.0044388,0.0044388,0.0044388,0.0044388,0.0044388,0.0044388,0.0044388,0.0044388,0.0044388,0.0044388,0.0044388,
CIMS.CAN.MB.Residential.Clothes Drying.Air dry,Service,MB,Residential,Air dry,,service_provide,,,,constant_tech,GJ,,,,,,,,,,,,
CIMS.CAN.MB.Residential.Clothes Drying.Air dry,Service,MB,Residential,Air dry,,competition,Tech Compete,,,,,,,,,,,,,,,,
CIMS.CAN.MB.Residential.Clothes Drying.Air dry,Service,MB,Residential,Air dry,,discount_rate_financial,,,,constant_tech,%,0.3,0.3,0.3,0.3,0.3,0.3,0.3,0.3,0.3,0.3,0.3,
CIMS.CAN.MB.Residential.Clothes Drying.Air dry,Service,MB,Residential,Air dry,,heterogeneity,,,,constant_tech,,10,10,10,10,10,10,10,10,10,10,10,
CIMS.CAN.MB.Residential.Clothes Drying.Air dry,Service,MB,Residential,Air dry,Air dry clothes,technology,,,,,,,,,,,,,,,,,
CIMS.CAN.MB.Residential.Clothes Drying.Air dry,Service,MB,Residential,Air dry,Air dry clothes,available,,,,constant_tech,Year,1990,1990,1990,1990,1990,1990,1990,1990,1990,1990,1990,
CIMS.CAN.MB.Residential.Clothes Drying.Air dry,Service,MB,Residential,Air dry,Air dry clothes,unavailable,,,,constant_tech,Year,2101,2101,2101,2101,2101,2101,2101,2101,2101,2101,2101,
CIMS.CAN.MB.Residential.Clothes Drying.Air dry,Service,MB,Residential,Air dry,Air dry clothes,lifetime,,,,constant_tech,Years,5,5,5,5,5,5,5,5,5,5,5,
CIMS.CAN.MB.Residential.Clothes Drying.Air dry,Service,MB,Residential,Air dry,Air dry clothes,market_share_total,,,,annual_tech,%,1,,,,,,,,,,,
CIMS.CAN.MB.Residential.Methane Blend,Service,MB,Residential,Methane Blend,,service_provide,,,,constant_tech,GJ,,,,,,,,,,,,
CIMS.CAN.MB.Residential.Methane Blend,Service,MB,Residential,Methane Blend,,competition,Tech Compete,,,,,,,,,,,,,,,,
CIMS.CAN.MB.Residential.Methane Blend,Service,MB,Residential,Methane Blend,,heterogeneity,,,,constant_tech,,15,15,15,15,15,15,15,15,15,15,15,
CIMS.CAN.MB.Residential.Methane Blend,Service,MB,Residential,Methane Blend,NG,technology,,,,,,,,,,,,,,,,,
CIMS.CAN.MB.Residential.Methane Blend,Service,MB,Residential,Methane Blend,NG,available,,,,constant_tech,Year,1950,1950,1950,1950,1950,1950,1950,1950,1950,1950,1950,
CIMS.CAN.MB.Residential.Methane Blend,Service,MB,Residential,Methane Blend,NG,unavailable,,,,constant_tech,Year,2101,2101,2101,2101,2101,2101,2101,2101,2101,2101,2101,
CIMS.CAN.MB.Residential.Methane Blend,Service,MB,Residential,Methane Blend,NG,lifetime,,,,constant_tech,Years,5,5,5,5,5,5,5,5,5,5,5,
CIMS.CAN.MB.Residential.Methane Blend,Service,MB,Residential,Methane Blend,NG,market_share_total,,,,annual_tech,%,1,,,,,,,,,,,
CIMS.CAN.MB.Residential.Methane Blend,Service,MB,Residential,Methane Blend,NG,service_request,,,CIMS.Generic Fuels.Natural Gas,annual_tech,GJ,1,1,1,1,1,1,1,1,1,1,1,
CIMS.CAN.MB.Residential.Methane Blend,Service,MB,Residential,Methane Blend,Biogas,technology,,,,,,,,,,,,,,,,,
CIMS.CAN.MB.Residential.Methane Blend,Service,MB,Residential,Methane Blend,Biogas,available,,,,constant_tech,Year,2010,2010,2010,2010,2010,2010,2010,2010,2010,2010,2010,
CIMS.CAN.MB.Residential.Methane Blend,Service,MB,Residential,Methane Blend,Biogas,unavailable,,,,constant_tech,Year,2101,2101,2101,2101,2101,2101,2101,2101,2101,2101,2101,
CIMS.CAN.MB.Residential.Methane Blend,Service,MB,Residential,Methane Blend,Biogas,lifetime,,,,constant_tech,Years,5,5,5,5,5,5,5,5,5,5,5,
CIMS.CAN.MB.Residential.Methane Blend,Service,MB,Residential,Methane Blend,Biogas,market_share_total,,,,annual_tech,%,0,,,,,,,,,,,
CIMS.CAN.MB.Residential.Methane Blend,Service,MB,Residential,Methane Blend,Biogas,service_request,,,CIMS.Generic Fuels.Biogas,annual_tech,GJ,1,1,1,1,1,1,1,1,1,1,1,
CIMS.CAN.MB.Residential.Methane Blend,Service,MB,Residential,Methane Blend,Biomass Gasification,technology,,,,,,,,,,,,,,,,,
CIMS.CAN.MB.Residential.Methane Blend,Service,MB,Residential,Methane Blend,Biomass Gasification,available,,,,constant_tech,Year,2030,2030,2030,2030,2030,2030,2030,2030,2030,2030,2030,
CIMS.CAN.MB.Residential.Methane Blend,Service,MB,Residential,Methane Blend,Biomass Gasification,unavailable,,,,constant_tech,Year,2101,2101,2101,2101,2101,2101,2101,2101,2101,2101,2101,
CIMS.CAN.MB.Residential.Methane Blend,Service,MB,Residential,Methane Blend,Biomass Gasification,lifetime,,,,constant_tech,Years,5,5,5,5,5,5,5,5,5,5,5,
CIMS.CAN.MB.Residential.Methane Blend,Service,MB,Residential,Methane Blend,Biomass Gasification,market_share_total,,,,annual_tech,%,0,,,,,,,,,,,
CIMS.CAN.MB.Residential.Methane Blend,Service,MB,Residential,Methane Blend,Biomass Gasification,service_request,,,CIMS.Generic Fuels.Solid Biomass,annual_tech,GJ,1,1,1,1,1,1,1,1,1,1,1,
CIMS.CAN.MB.Residential.Methane Blend,Service,MB,Residential,Methane Blend,H2,technology,,,,,,,,,,,,,,,,,
CIMS.CAN.MB.Residential.Methane Blend,Service,MB,Residential,Methane Blend,H2,available,,,,constant_tech,Year,2025,2025,2025,2025,2025,2025,2025,2025,2025,2025,2025,
CIMS.CAN.MB.Residential.Methane Blend,Service,MB,Residential,Methane Blend,H2,unavailable,,,,constant_tech,Year,2101,2101,2101,2101,2101,2101,2101,2101,2101,2101,2101,
CIMS.CAN.MB.Residential.Methane Blend,Service,MB,Residential,Methane Blend,H2,lifetime,,,,constant_tech,Years,5,5,5,5,5,5,5,5,5,5,5,
CIMS.CAN.MB.Residential.Methane Blend,Service,MB,Residential,Methane Blend,H2,market_share_total,,,,annual_tech,%,0,,,,,,,,,,,
CIMS.CAN.MB.Residential.Methane Blend,Service,MB,Residential,Methane Blend,H2,market_share_new_max,,,,constant_tech,%,0.15,0.15,0.15,0.15,0.15,0.15,0.15,0.15,0.15,0.15,0.15,
CIMS.CAN.MB.Residential.Methane Blend,Service,MB,Residential,Methane Blend,H2,service_request,,,CIMS.CAN.MB.Hydrogen,annual_tech,GJ,1,1,1,1,1,1,1,1,1,1,1,
