CIMS.CAN.ON.Residential.Dwellings.Building Type.High Density.Vintage.<1960 Bldg Code,<-- Navigate by typing to search,,,,,,,,,,,,,,,,,,,,,,
Branch,Type,Region,Sector,Service,Technology,Parameter,Context,Sub_Context,Target,Source,Unit,2000,2005,2010,2015,2020,2025,2030,2035,2040,2045,2050,Comments
CIMS.CAN.ON,Region,ON,Residential,,,service_request,,,CIMS.CAN.ON.Residential,annual_region,household,4467553,4845367,5153651,5443987,5835796,6095790.85670395,6367368.93624717,6651046.29134333,6947361.96575161,7256879.01856772,7580185.59414891,
CIMS.CAN.ON.Residential,Sector,ON,Residential,,,service_provide,,,,constant_tech,household,,,,,,,,,,,,
CIMS.CAN.ON.Residential,Sector,ON,Residential,,,competition,Sector,,,,,,,,,,,,,,,,
CIMS.CAN.ON.Residential,Sector,ON,Residential,,,multiplier_price,,,CIMS.CAN.ON.Biodiesel,JCIMS,,1,1,1,1,1,1,1,1,1,1,1,
CIMS.CAN.ON.Residential,Sector,ON,Residential,,,multiplier_price,,,CIMS.Generic Fuels.Biogas,JCIMS,,1,1,1,1,1,1,1,1,1,1,1,
CIMS.CAN.ON.Residential,Sector,ON,Residential,,,multiplier_price,,,CIMS.Generic Fuels.Black Liquor,JCIMS,,1,1,1,1,1,1,1,1,1,1,1,
CIMS.CAN.ON.Residential,Sector,ON,Residential,,,multiplier_price,,,CIMS.Generic Fuels.Coal,JCIMS,,1,1,1,1,1,1,1,1,1,1,1,
CIMS.CAN.ON.Residential,Sector,ON,Residential,,,multiplier_price,,,CIMS.Generic Fuels.Coke,JCIMS,,1,1,1,1,1,1,1,1,1,1,1,
CIMS.CAN.ON.Residential,Sector,ON,Residential,,,multiplier_price,,,CIMS.Generic Fuels.Diesel,JCIMS,,0.30269967326154,0.62906956112447,1.08594546041871,1.34916115697844,1.52563876261694,1.66962887004887,1.80226221278474,1.91662224583048,1.98620174077157,2.00061824961254,2.02534198883621,
CIMS.CAN.ON.Residential,Sector,ON,Residential,,,multiplier_price,,,CIMS.CAN.ON.Electricity,CER,,1.33,1.33,1.33,1.33,1.33,1.33,1.33,1.33,1.33,1.33,1.33,
CIMS.CAN.ON.Residential,Sector,ON,Residential,,,multiplier_price,,,CIMS.CAN.ON.Ethanol,JCIMS,,1,1,1,1,1,1,1,1,1,1,1,
CIMS.CAN.ON.Residential,Sector,ON,Residential,,,multiplier_price,,,CIMS.Generic Fuels.Fuel Oil,CER,,1.72586216086029,1.66254477745438,1.57764193300465,1.64837260708554,1.61494865334457,1.49123292920706,1.44622884629304,1.48953605169044,1.51825776873685,1.54802471608931,1.57367538500994,
CIMS.CAN.ON.Residential,Sector,ON,Residential,,,multiplier_price,,,CIMS.Generic Fuels.Gasoline,JCIMS,,1,1,1,1,1,1,1,1,1,1,1,
CIMS.CAN.ON.Residential,Sector,ON,Residential,,,multiplier_price,,,CIMS.CAN.ON.Hydrogen,JCIMS,,1,1,1,1,1,1,1,1,1,1,1,
CIMS.CAN.ON.Residential,Sector,ON,Residential,,,multiplier_price,,,CIMS.Generic Fuels.Jet Fuel,JCIMS,,1,1,1,1,1,1,1,1,1,1,1,
CIMS.CAN.ON.Residential,Sector,ON,Residential,,,multiplier_price,,,CIMS.Generic Fuels.LPG,JCIMS,,1,1,1,1,1,1,1,1,1,1,1,
CIMS.CAN.ON.Residential,Sector,ON,Residential,,,multiplier_price,,,CIMS.Generic Fuels.Natural Gas,CER,,1.73081503432979,1.8408230001673,2.26638855194528,2.66255050315912,2.03875507500197,1.48922648605188,1.19391104341263,1.27472289343114,1.34831831160309,1.41982124817508,1.48120323306439,
CIMS.CAN.ON.Residential,Sector,ON,Residential,,,multiplier_price,,,CIMS.Generic Fuels.Petroleum Coke,JCIMS,,1,1,1,1,1,1,1,1,1,1,1,
CIMS.CAN.ON.Residential,Sector,ON,Residential,,,multiplier_price,,,CIMS.Generic Fuels.Propane,JCIMS,,1,1,1,1,1,1,1,1,1,1,1,
CIMS.CAN.ON.Residential,Sector,ON,Residential,,,multiplier_price,,,CIMS.Generic Fuels.Refinery Fuel Gas,JCIMS,,1,1,1,1,1,1,1,1,1,1,1,
CIMS.CAN.ON.Residential,Sector,ON,Residential,,,multiplier_price,,,CIMS.Generic Fuels.Solid Biomass,JCIMS,,8.15869115664895,10,32.4452527204579,32.4452527204579,32.4452527204579,32.4452527204579,32.4452527204579,32.4452527204579,32.4452527204579,32.4452527204579,32.4452527204579,
CIMS.CAN.ON.Residential,Sector,ON,Residential,,,multiplier_price,,,CIMS.Generic Fuels.Uranium,JCIMS,,1,1,1,1,1,1,1,1,1,1,1,
CIMS.CAN.ON.Residential,Sector,ON,Residential,,,multiplier_price,,,CIMS.Generic Fuels.Waste Fuel,JCIMS,,1,1,1,1,1,1,1,1,1,1,1,
CIMS.CAN.ON.Residential,Sector,ON,Residential,,,service_request,,,CIMS.CAN.ON.Residential.Dwellings,annual_tech,building,1,1,1,1,1,1,1,1,1,1,1,
CIMS.CAN.ON.Residential.Dwellings,Service,ON,Residential,Dwellings,,service_provide,,,,constant_tech,building,,,,,,,,,,,,
CIMS.CAN.ON.Residential.Dwellings,Service,ON,Residential,Dwellings,,competition,Fixed Ratio,,,,,,,,,,,,,,,,
CIMS.CAN.ON.Residential.Dwellings,Service,ON,Residential,Dwellings,,service_request,,,CIMS.CAN.ON.Residential.Dwellings.Building Type,annual_tech,building,1,1,1,1,1,1,1,1,1,1,1,
CIMS.CAN.ON.Residential.Dwellings,Service,ON,Residential,Dwellings,,service_request,,,CIMS.CAN.ON.Residential.Dwellings.Refrigerators,annual_region,unit,1.251728,1.273339,1.307176132,1.330824561,1.354256124,1.377450828,1.400389546,1.423054075,1.445427183,1.445427183,1.445427183,
CIMS.CAN.ON.Residential.Dwellings,Service,ON,Residential,Dwellings,,service_request,,,CIMS.CAN.ON.Residential.Dwellings.Freezers,annual_region,unit,0.571757,0.534712,0.520323588,0.504664734,0.489153124,0.473807609,0.458646185,0.443685924,0.428942905,0.428942905,0.428942905,
CIMS.CAN.ON.Residential.Dwellings,Service,ON,Residential,Dwellings,,service_request,,,CIMS.CAN.ON.Residential.Dwellings.Ranges,annual_region,unit,1,1,1,1,1,1,1,1,1,1,1,
CIMS.CAN.ON.Residential.Dwellings,Service,ON,Residential,Dwellings,,service_request,,,CIMS.CAN.ON.Residential.Dwellings.Dishwashing,annual_region,unit,1,1,1,1,1,1,1,1,1,1,1,
CIMS.CAN.ON.Residential.Dwellings,Service,ON,Residential,Dwellings,,service_request,,,CIMS.CAN.ON.Residential.Dwellings.Clothes Washing,annual_region,unit,0.751267,0.77115,0.794140498,0.815884167,0.837242167,0.858172723,0.878637808,0.89860334,0.918039312,0.918039312,0.918039312,
CIMS.CAN.ON.Residential.Dwellings,Service,ON,Residential,Dwellings,,service_request,,,CIMS.CAN.ON.Residential.Dwellings.Minor Appliances,annual_region,unit,1,1.192123591,1.361853177,1.57527599,1.814567321,2.080506777,2.373180546,2.691823712,3.03469597,3.03469597,3.03469597,
CIMS.CAN.ON.Residential.Dwellings,Service,ON,Residential,Dwellings,,service_request,,,CIMS.CAN.ON.Residential.Dwellings.Non-appliance Hot Water,annual_region,unit,1.21,1.21,1.21,1.21,1.21,1.21,1.21,1.21,1.21,1.21,1.21,
CIMS.CAN.ON.Residential.Dwellings.Building Type,Service,ON,Residential,Building Type,,service_provide,,,,constant_tech,building,,,,,,,,,,,,
CIMS.CAN.ON.Residential.Dwellings.Building Type,Service,ON,Residential,Building Type,,competition,Tech Compete,,,,,,,,,,,,,,,,
CIMS.CAN.ON.Residential.Dwellings.Building Type,Service,ON,Residential,Building Type,,intercept_retirement,,,,constant_tech,,-2.619,-2.619,-2.619,-2.619,-2.619,-2.619,-2.619,-2.619,-2.619,-2.619,-2.619,
CIMS.CAN.ON.Residential.Dwellings.Building Type,Service,ON,Residential,Building Type,Apartment,technology,,,,,,,,,,,,,,,,,
CIMS.CAN.ON.Residential.Dwellings.Building Type,Service,ON,Residential,Building Type,Apartment,market_share_total,,,,annual_region_tech,%,0.28882119585375,0.28143379025779,0.28200842470707,0.29028210390657,0.29420733692542,0.29383091154356,0.29645540660948,0.29862483418016,0.30020672883767,0.30137263368421,0.30223988292049,
CIMS.CAN.ON.Residential.Dwellings.Building Type,Service,ON,Residential,Building Type,Apartment,service_request,,,CIMS.CAN.ON.Residential.Dwellings.Building Type.High Density,annual_region_tech,m2,84.6020069377924,86.5185348146518,88.9193620632831,91.6431899927355,94.0286580614048,96.3937799528766,98.8240027110254,100.941318933846,102.611549940947,103.923377354343,104.950240424718,
CIMS.CAN.ON.Residential.Dwellings.Building Type,Service,ON,Residential,Building Type,Detached,technology,,,,,,,,,,,,,,,,,
CIMS.CAN.ON.Residential.Dwellings.Building Type,Service,ON,Residential,Building Type,Detached,market_share_total,,,,annual_region_tech,%,0.56562261264724,0.56579429380685,0.56084084855571,0.5497902548261,0.54420373844459,0.53880942259829,0.53240126080895,0.52692843914267,0.52273329400022,0.51951068954811,0.51703108795949,
CIMS.CAN.ON.Residential.Dwellings.Building Type,Service,ON,Residential,Building Type,Detached,service_request,,,CIMS.CAN.ON.Residential.Dwellings.Building Type.LowMed Density,annual_region_tech,m2,161.767412005545,166.13684355281,170.022398454458,172.742796564442,177.196301350625,180.53572371986,184.161351122888,187.311688312288,189.787255017867,191.725813252833,193.23976199279,
CIMS.CAN.ON.Residential.Dwellings.Building Type,Service,ON,Residential,Building Type,Attached,technology,,,,,,,,,,,,,,,,,
CIMS.CAN.ON.Residential.Dwellings.Building Type,Service,ON,Residential,Building Type,Attached,market_share_total,,,,annual_region_tech,%,0.1399896095245,0.14753908217891,0.15213661150124,0.15509735787393,0.15700240378519,0.16299093108656,0.16699731320978,0.17048669999893,0.17323798056011,0.17539809226757,0.17708849056042,
CIMS.CAN.ON.Residential.Dwellings.Building Type,Service,ON,Residential,Building Type,Attached,service_request,,,CIMS.CAN.ON.Residential.Dwellings.Building Type.LowMed Density,annual_region_tech,m2,123.953688054735,126.216810909788,128.661235952907,139.029168068143,141.442033367022,146.554392010255,151.533610606606,155.891440986016,159.351517978078,162.08284853952,164.229220642935,
CIMS.CAN.ON.Residential.Dwellings.Building Type,Service,ON,Residential,Building Type,Mobile,technology,,,,,,,,,,,,,,,,,
CIMS.CAN.ON.Residential.Dwellings.Building Type,Service,ON,Residential,Building Type,Mobile,market_share_total,,,,annual_region_tech,%,0.00556658197452,0.00523304013917,0.00501411523598,0.0048302833934,0.0045865208448,0.00436873477159,0.00414601937179,0.00396002667824,0.003821996602,0.0037185845001,0.00364053855959,
CIMS.CAN.ON.Residential.Dwellings.Building Type,Service,ON,Residential,Building Type,Mobile,service_request,,,CIMS.CAN.ON.Residential.Dwellings.Building Type.LowMed Density,annual_region_tech,m2,90.5142949053038,91.4970815586054,92.4112843930188,94.5390933982355,95.2327579765374,96.6300267544072,97.8984310680477,98.9965126888178,99.8548511321953,100.524252743701,101.045380335433,
CIMS.CAN.ON.Residential.Dwellings.Building Type.High Density,Service,ON,Residential,High Density,,service_provide,,,,constant_tech,m2,,,,,,,,,,,,
CIMS.CAN.ON.Residential.Dwellings.Building Type.High Density,Service,ON,Residential,High Density,,competition,Fixed Ratio,,,,,,,,,,,,,,,,
CIMS.CAN.ON.Residential.Dwellings.Building Type.High Density,Service,ON,Residential,High Density,,service_request,,,CIMS.CAN.ON.Residential.Dwellings.Building Type.High Density.Vintage,annual_tech,m2,1,1,1,1,1,1,1,1,1,1,1,
CIMS.CAN.ON.Residential.Dwellings.Building Type.High Density,Service,ON,Residential,High Density,,service_request,,,CIMS.CAN.ON.Residential.Dwellings.Building Type.High Density.Cooling,annual_region,GJ,0.03680032622862,0.03680032622862,0.03680032622862,0.03680032622862,0.03680032622862,0.03680032622862,0.03680032622862,0.03680032622862,0.03680032622862,0.03680032622862,0.03680032622862,
CIMS.CAN.ON.Residential.Dwellings.Building Type.High Density,Service,ON,Residential,High Density,,service_request,,,CIMS.CAN.ON.Residential.Dwellings.Lighting,annual_tech,m2,1.16,1.16,1.16,1.16,1.16,1.16,1.16,1.16,1.16,1.16,1.16,
CIMS.CAN.ON.Residential.Dwellings.Building Type.High Density,Service,ON,Residential,High Density,,service_request,,,CIMS.CAN.ON.Residential.Dwellings.Solar PV,annual_tech,m2 of roofspace,0.05,0.05,0.05,0.05,0.05,0.05,0.05,0.05,0.05,0.05,0.05,
CIMS.CAN.ON.Residential.Dwellings.Building Type.High Density.Vintage,Service,ON,Residential,Vintage,,service_provide,,,,constant_tech,m2,,,,,,,,,,,,
CIMS.CAN.ON.Residential.Dwellings.Building Type.High Density.Vintage,Service,ON,Residential,Vintage,,competition,Tech Compete,,,,,,,,,,,,,,,,
CIMS.CAN.ON.Residential.Dwellings.Building Type.High Density.Vintage,Service,ON,Residential,Vintage,,discount_rate_financial,,,,constant_tech,%,0.25,0.25,0.25,0.25,0.25,0.25,0.25,0.25,0.25,0.25,0.25,
CIMS.CAN.ON.Residential.Dwellings.Building Type.High Density.Vintage,Service,ON,Residential,Vintage,<1960,technology,,,,,,,,,,,,,,,,,
CIMS.CAN.ON.Residential.Dwellings.Building Type.High Density.Vintage,Service,ON,Residential,Vintage,<1960,market_share_total,,,,annual_region_tech,%,0.34245722032905,,,,,,,,,,,
CIMS.CAN.ON.Residential.Dwellings.Building Type.High Density.Vintage,Service,ON,Residential,Vintage,<1960,available,,,,constant_tech,Year,1945,1945,1945,1945,1945,1945,1945,1945,1945,1945,1945,
CIMS.CAN.ON.Residential.Dwellings.Building Type.High Density.Vintage,Service,ON,Residential,Vintage,<1960,unavailable,,,,constant_tech,Year,2001,2001,2001,2001,2001,2001,2001,2001,2001,2001,2001,
CIMS.CAN.ON.Residential.Dwellings.Building Type.High Density.Vintage,Service,ON,Residential,Vintage,<1960,lifetime,,,,constant_tech,Years,105,105,105,105,105,105,105,105,105,105,105,
CIMS.CAN.ON.Residential.Dwellings.Building Type.High Density.Vintage,Service,ON,Residential,Vintage,<1960,retrofit_existing_max,,,,constant_tech,%,0,0,0,0,0,0,0,0,0,0,0,
CIMS.CAN.ON.Residential.Dwellings.Building Type.High Density.Vintage,Service,ON,Residential,Vintage,<1960,service_request,,,CIMS.CAN.ON.Residential.Dwellings.Building Type.High Density.Vintage.<1960 Bldg Code,annual_tech,GJ,1,1,1,1,1,1,1,1,1,1,1,
CIMS.CAN.ON.Residential.Dwellings.Building Type.High Density.Vintage,Service,ON,Residential,Vintage,1961-1980,technology,,,,,,,,,,,,,,,,,
CIMS.CAN.ON.Residential.Dwellings.Building Type.High Density.Vintage,Service,ON,Residential,Vintage,1961-1980,market_share_total,,,,annual_region_tech,%,0.36015536257374,,,,,,,,,,,
CIMS.CAN.ON.Residential.Dwellings.Building Type.High Density.Vintage,Service,ON,Residential,Vintage,1961-1980,available,,,,constant_tech,Year,1961,1961,1961,1961,1961,1961,1961,1961,1961,1961,1961,
CIMS.CAN.ON.Residential.Dwellings.Building Type.High Density.Vintage,Service,ON,Residential,Vintage,1961-1980,unavailable,,,,constant_tech,Year,2001,2001,2001,2001,2001,2001,2001,2001,2001,2001,2001,
CIMS.CAN.ON.Residential.Dwellings.Building Type.High Density.Vintage,Service,ON,Residential,Vintage,1961-1980,lifetime,,,,constant_tech,Years,185,185,185,185,185,185,185,185,185,185,185,
CIMS.CAN.ON.Residential.Dwellings.Building Type.High Density.Vintage,Service,ON,Residential,Vintage,1961-1980,retrofit_existing_max,,,,constant_tech,%,0,0,0,0,0,0,0,0,0,0,0,
CIMS.CAN.ON.Residential.Dwellings.Building Type.High Density.Vintage,Service,ON,Residential,Vintage,1961-1980,service_request,,,CIMS.CAN.ON.Residential.Dwellings.Building Type.High Density.Vintage.1961-1980 Bldg Code,annual_tech,GJ,1,1,1,1,1,1,1,1,1,1,1,
CIMS.CAN.ON.Residential.Dwellings.Building Type.High Density.Vintage,Service,ON,Residential,Vintage,1981-2000,technology,,,,,,,,,,,,,,,,,
CIMS.CAN.ON.Residential.Dwellings.Building Type.High Density.Vintage,Service,ON,Residential,Vintage,1981-2000,market_share_total,,,,annual_region_tech,%,0.29738741709721,,,,,,,,,,,
CIMS.CAN.ON.Residential.Dwellings.Building Type.High Density.Vintage,Service,ON,Residential,Vintage,1981-2000,available,,,,constant_tech,Year,1981,1981,1981,1981,1981,1981,1981,1981,1981,1981,1981,
CIMS.CAN.ON.Residential.Dwellings.Building Type.High Density.Vintage,Service,ON,Residential,Vintage,1981-2000,unavailable,,,,constant_tech,Year,2001,2001,2001,2001,2001,2001,2001,2001,2001,2001,2001,
CIMS.CAN.ON.Residential.Dwellings.Building Type.High Density.Vintage,Service,ON,Residential,Vintage,1981-2000,lifetime,,,,constant_tech,Years,275,275,275,275,275,275,275,275,275,275,275,
CIMS.CAN.ON.Residential.Dwellings.Building Type.High Density.Vintage,Service,ON,Residential,Vintage,1981-2000,retrofit_existing_max,,,,constant_tech,%,0,0,0,0,0,0,0,0,0,0,0,
CIMS.CAN.ON.Residential.Dwellings.Building Type.High Density.Vintage,Service,ON,Residential,Vintage,1981-2000,service_request,,,CIMS.CAN.ON.Residential.Dwellings.Building Type.High Density.Vintage.1981-2000 Bldg Code,annual_tech,GJ,1,1,1,1,1,1,1,1,1,1,1,
CIMS.CAN.ON.Residential.Dwellings.Building Type.High Density.Vintage,Service,ON,Residential,Vintage,2001-2020,technology,,,,,,,,,,,,,,,,,
CIMS.CAN.ON.Residential.Dwellings.Building Type.High Density.Vintage,Service,ON,Residential,Vintage,2001-2020,market_share_total,,,,annual_region_tech,%,0,,,,,,,,,,,
CIMS.CAN.ON.Residential.Dwellings.Building Type.High Density.Vintage,Service,ON,Residential,Vintage,2001-2020,available,,,,constant_tech,Year,2001,2001,2001,2001,2001,2001,2001,2001,2001,2001,2001,
CIMS.CAN.ON.Residential.Dwellings.Building Type.High Density.Vintage,Service,ON,Residential,Vintage,2001-2020,unavailable,,,,constant_tech,Year,2021,2021,2021,2021,2021,2021,2021,2021,2021,2021,2021,
CIMS.CAN.ON.Residential.Dwellings.Building Type.High Density.Vintage,Service,ON,Residential,Vintage,2001-2020,lifetime,,,,constant_tech,Years,80,80,80,80,80,80,80,80,80,80,80,
CIMS.CAN.ON.Residential.Dwellings.Building Type.High Density.Vintage,Service,ON,Residential,Vintage,2001-2020,retrofit_existing_max,,,,constant_tech,%,0,0,0,0,0,0,0,0,0,0,0,
CIMS.CAN.ON.Residential.Dwellings.Building Type.High Density.Vintage,Service,ON,Residential,Vintage,2001-2020,service_request,,,CIMS.CAN.ON.Residential.Dwellings.Building Type.High Density.Vintage.2001-2020 Bldg Code,annual_tech,GJ,1,1,1,1,1,1,1,1,1,1,1,
CIMS.CAN.ON.Residential.Dwellings.Building Type.High Density.Vintage,Service,ON,Residential,Vintage,2021-2035,technology,,,,,,,,,,,,,,,,,
CIMS.CAN.ON.Residential.Dwellings.Building Type.High Density.Vintage,Service,ON,Residential,Vintage,2021-2035,market_share_total,,,,annual_region_tech,%,0,,,,,,,,,,,
CIMS.CAN.ON.Residential.Dwellings.Building Type.High Density.Vintage,Service,ON,Residential,Vintage,2021-2035,available,,,,constant_tech,Year,2021,2021,2021,2021,2021,2021,2021,2021,2021,2021,2021,
CIMS.CAN.ON.Residential.Dwellings.Building Type.High Density.Vintage,Service,ON,Residential,Vintage,2021-2035,unavailable,,,,constant_tech,Year,2036,2036,2036,2036,2036,2036,2036,2036,2036,2036,2036,
CIMS.CAN.ON.Residential.Dwellings.Building Type.High Density.Vintage,Service,ON,Residential,Vintage,2021-2035,lifetime,,,,constant_tech,Years,80,80,80,80,80,80,80,80,80,80,80,
CIMS.CAN.ON.Residential.Dwellings.Building Type.High Density.Vintage,Service,ON,Residential,Vintage,2021-2035,retrofit_existing_max,,,,constant_tech,%,0,0,0,0,0,0,0,0,0,0,0,
CIMS.CAN.ON.Residential.Dwellings.Building Type.High Density.Vintage,Service,ON,Residential,Vintage,2021-2035,service_request,,,CIMS.CAN.ON.Residential.Dwellings.Building Type.High Density.Vintage.2021-2035 Bldg Code,annual_tech,GJ,1,1,1,1,1,1,1,1,1,1,1,
CIMS.CAN.ON.Residential.Dwellings.Building Type.High Density.Vintage,Service,ON,Residential,Vintage,>2035,technology,,,,,,,,,,,,,,,,,
CIMS.CAN.ON.Residential.Dwellings.Building Type.High Density.Vintage,Service,ON,Residential,Vintage,>2035,market_share_total,,,,annual_tech,%,0,,,,,,,,,,,
CIMS.CAN.ON.Residential.Dwellings.Building Type.High Density.Vintage,Service,ON,Residential,Vintage,>2035,available,,,,constant_tech,Year,2036,2036,2036,2036,2036,2036,2036,2036,2036,2036,2036,
CIMS.CAN.ON.Residential.Dwellings.Building Type.High Density.Vintage,Service,ON,Residential,Vintage,>2035,unavailable,,,,constant_tech,Year,2101,2101,2101,2101,2101,2101,2101,2101,2101,2101,2101,
CIMS.CAN.ON.Residential.Dwellings.Building Type.High Density.Vintage,Service,ON,Residential,Vintage,>2035,lifetime,,,,constant_tech,Years,80,80,80,80,80,80,80,80,80,80,80,
CIMS.CAN.ON.Residential.Dwellings.Building Type.High Density.Vintage,Service,ON,Residential,Vintage,>2035,retrofit_existing_max,,,,constant_tech,%,0,0,0,0,0,0,0,0,0,0,0,
CIMS.CAN.ON.Residential.Dwellings.Building Type.High Density.Vintage,Service,ON,Residential,Vintage,>2035,service_request,,,CIMS.CAN.ON.Residential.Dwellings.Building Type.High Density.Vintage.>2035 Bldg Code,annual_tech,GJ,1,1,1,1,1,1,1,1,1,1,1,
CIMS.CAN.ON.Residential.Dwellings.Building Type.High Density.Vintage.<1960 Bldg Code,Service,ON,Residential,<1960 Bldg Code,,service_provide,,,,constant_tech,m2,,,,,,,,,,,,
CIMS.CAN.ON.Residential.Dwellings.Building Type.High Density.Vintage.<1960 Bldg Code,Service,ON,Residential,<1960 Bldg Code,,competition,Tech Compete,,,,,,,,,,,,,,,,
CIMS.CAN.ON.Residential.Dwellings.Building Type.High Density.Vintage.<1960 Bldg Code,Service,ON,Residential,<1960 Bldg Code,,discount_rate_financial,,,,constant_tech,%,0.25,0.25,0.25,0.25,0.25,0.25,0.25,0.25,0.25,0.25,0.25,
CIMS.CAN.ON.Residential.Dwellings.Building Type.High Density.Vintage.<1960 Bldg Code,Service,ON,Residential,<1960 Bldg Code,,heterogeneity,,,,constant_tech,,10,10,10,10,10,10,10,10,10,10,10,
CIMS.CAN.ON.Residential.Dwellings.Building Type.High Density.Vintage.<1960 Bldg Code,Service,ON,Residential,<1960 Bldg Code,Reference,technology,,,,,,,,,,,,,,,,,
CIMS.CAN.ON.Residential.Dwellings.Building Type.High Density.Vintage.<1960 Bldg Code,Service,ON,Residential,<1960 Bldg Code,Reference,available,,,,constant_tech,Year,1945,1945,1945,1945,1945,1945,1945,1945,1945,1945,1945,
CIMS.CAN.ON.Residential.Dwellings.Building Type.High Density.Vintage.<1960 Bldg Code,Service,ON,Residential,<1960 Bldg Code,Reference,unavailable,,,,constant_tech,Year,2001,2001,2001,2001,2001,2001,2001,2001,2001,2001,2001,
CIMS.CAN.ON.Residential.Dwellings.Building Type.High Density.Vintage.<1960 Bldg Code,Service,ON,Residential,<1960 Bldg Code,Reference,lifetime,,,,constant_tech,Years,105,105,105,105,105,105,105,105,105,105,105,
CIMS.CAN.ON.Residential.Dwellings.Building Type.High Density.Vintage.<1960 Bldg Code,Service,ON,Residential,<1960 Bldg Code,Reference,market_share_total,,,,annual_tech,%,1,,,,,,,,,,,
CIMS.CAN.ON.Residential.Dwellings.Building Type.High Density.Vintage.<1960 Bldg Code,Service,ON,Residential,<1960 Bldg Code,Reference,service_request,,,CIMS.CAN.ON.Residential.Dwellings.Building Type.High Density.Vintage.<1960 Bldg Code.Heating (Cold),annual_region_tech,GJ,0.43455264925714,0.4498434618838,0.43129716300615,0.47047435091932,0.38417331166582,0.38417331166582,0.38417331166582,0.38417331166582,0.38417331166582,0.38417331166582,0.38417331166582,
CIMS.CAN.ON.Residential.Dwellings.Building Type.High Density.Vintage.<1960 Bldg Code,Service,ON,Residential,<1960 Bldg Code,Retrofit Average,technology,,,,,,,,,,,,,,,,,
CIMS.CAN.ON.Residential.Dwellings.Building Type.High Density.Vintage.<1960 Bldg Code,Service,ON,Residential,<1960 Bldg Code,Retrofit Average,available,,,,constant_tech,Year,1945,1945,1945,1945,1945,1945,1945,1945,1945,1945,1945,
CIMS.CAN.ON.Residential.Dwellings.Building Type.High Density.Vintage.<1960 Bldg Code,Service,ON,Residential,<1960 Bldg Code,Retrofit Average,unavailable,,,,constant_tech,Year,2101,2101,2101,2101,2101,2101,2101,2101,2101,2101,2101,
CIMS.CAN.ON.Residential.Dwellings.Building Type.High Density.Vintage.<1960 Bldg Code,Service,ON,Residential,<1960 Bldg Code,Retrofit Average,lifetime,,,,constant_tech,Years,105,105,105,105,105,105,105,105,105,105,105,
CIMS.CAN.ON.Residential.Dwellings.Building Type.High Density.Vintage.<1960 Bldg Code,Service,ON,Residential,<1960 Bldg Code,Retrofit Average,market_share_total,,,,annual_tech,%,0,,,,,,,,,,,
CIMS.CAN.ON.Residential.Dwellings.Building Type.High Density.Vintage.<1960 Bldg Code,Service,ON,Residential,<1960 Bldg Code,Retrofit Average,fcc,,,,constant_tech,$,1565,1565,1565,1565,1565,1565,1565,1565,1565,1565,1565,
CIMS.CAN.ON.Residential.Dwellings.Building Type.High Density.Vintage.<1960 Bldg Code,Service,ON,Residential,<1960 Bldg Code,Retrofit Average,market_share_new_max,,,,constant_tech,%,0,0,0,0,0,0,0,0,0,0,0,
CIMS.CAN.ON.Residential.Dwellings.Building Type.High Density.Vintage.<1960 Bldg Code,Service,ON,Residential,<1960 Bldg Code,Retrofit Average,service_request,,,CIMS.CAN.ON.Residential.Dwellings.Building Type.High Density.Vintage.<1960 Bldg Code.Heating (Cold),annual_region_tech,GJ,0.30418685448,0.31489042331866,0.30190801410431,0.32933204564353,0.26892131816608,0.26892131816608,0.26892131816608,0.26892131816608,0.26892131816608,0.26892131816608,0.26892131816608,
CIMS.CAN.ON.Residential.Dwellings.Building Type.High Density.Vintage.<1960 Bldg Code,Service,ON,Residential,<1960 Bldg Code,Retrofit Deep,technology,,,,,,,,,,,,,,,,,
CIMS.CAN.ON.Residential.Dwellings.Building Type.High Density.Vintage.<1960 Bldg Code,Service,ON,Residential,<1960 Bldg Code,Retrofit Deep,available,,,,constant_tech,Year,1945,1945,1945,1945,1945,1945,1945,1945,1945,1945,1945,
CIMS.CAN.ON.Residential.Dwellings.Building Type.High Density.Vintage.<1960 Bldg Code,Service,ON,Residential,<1960 Bldg Code,Retrofit Deep,unavailable,,,,constant_tech,Year,2101,2101,2101,2101,2101,2101,2101,2101,2101,2101,2101,
CIMS.CAN.ON.Residential.Dwellings.Building Type.High Density.Vintage.<1960 Bldg Code,Service,ON,Residential,<1960 Bldg Code,Retrofit Deep,lifetime,,,,constant_tech,Years,105,105,105,105,105,105,105,105,105,105,105,
CIMS.CAN.ON.Residential.Dwellings.Building Type.High Density.Vintage.<1960 Bldg Code,Service,ON,Residential,<1960 Bldg Code,Retrofit Deep,market_share_total,,,,annual_tech,%,0,,,,,,,,,,,
CIMS.CAN.ON.Residential.Dwellings.Building Type.High Density.Vintage.<1960 Bldg Code,Service,ON,Residential,<1960 Bldg Code,Retrofit Deep,fcc,,,,constant_tech,$,3130,3130,3130,3130,3130,3130,3130,3130,3130,3130,3130,
CIMS.CAN.ON.Residential.Dwellings.Building Type.High Density.Vintage.<1960 Bldg Code,Service,ON,Residential,<1960 Bldg Code,Retrofit Deep,market_share_new_max,,,,constant_tech,%,0,0,0,0,0,0,0,0,0,0,0,
CIMS.CAN.ON.Residential.Dwellings.Building Type.High Density.Vintage.<1960 Bldg Code,Service,ON,Residential,<1960 Bldg Code,Retrofit Deep,service_request,,,CIMS.CAN.ON.Residential.Dwellings.Building Type.High Density.Vintage.<1960 Bldg Code.Heating (Cold),annual_region_tech,GJ,0.21727632462857,0.2249217309419,0.21564858150308,0.23523717545966,0.19208665583291,0.19208665583291,0.19208665583291,0.19208665583291,0.19208665583291,0.19208665583291,0.19208665583291,
CIMS.CAN.ON.Residential.Dwellings.Building Type.High Density.Vintage.<1960 Bldg Code.Heating (Cold),Service,ON,Residential,Heating (Cold),,service_provide,,,,constant_tech,GJ of heat,,,,,,,,,,,,
CIMS.CAN.ON.Residential.Dwellings.Building Type.High Density.Vintage.<1960 Bldg Code.Heating (Cold),Service,ON,Residential,Heating (Cold),,competition,Tech Compete,,,,,,,,,,,,,,,,
CIMS.CAN.ON.Residential.Dwellings.Building Type.High Density.Vintage.<1960 Bldg Code.Heating (Cold),Service,ON,Residential,Heating (Cold),,discount_rate_financial,,,,constant_tech,%,0.25,0.25,0.25,0.25,0.25,0.25,0.25,0.25,0.25,0.25,0.25,
CIMS.CAN.ON.Residential.Dwellings.Building Type.High Density.Vintage.<1960 Bldg Code.Heating (Cold),Service,ON,Residential,Heating (Cold),,inheritance,intercept_retirement,,,constant_tech,,FALSE,FALSE,FALSE,FALSE,FALSE,FALSE,FALSE,FALSE,FALSE,FALSE,FALSE,
CIMS.CAN.ON.Residential.Dwellings.Building Type.High Density.Vintage.<1960 Bldg Code.Heating (Cold),Service,ON,Residential,Heating (Cold),,heterogeneity,,,,constant_tech,,10,10,10,10,10,10,10,10,10,10,10,
CIMS.CAN.ON.Residential.Dwellings.Building Type.High Density.Vintage.<1960 Bldg Code.Heating (Cold),Service,ON,Residential,Heating (Cold),NG - Existing,technology,,,,,,,,,,,,,,,,,
CIMS.CAN.ON.Residential.Dwellings.Building Type.High Density.Vintage.<1960 Bldg Code.Heating (Cold),Service,ON,Residential,Heating (Cold),NG - Existing,available,,,,constant_tech,Year,1950,1950,1950,1950,1950,1950,1950,1950,1950,1950,1950,
CIMS.CAN.ON.Residential.Dwellings.Building Type.High Density.Vintage.<1960 Bldg Code.Heating (Cold),Service,ON,Residential,Heating (Cold),NG - Existing,unavailable,,,,constant_tech,Year,2001,2001,2001,2001,2001,2001,2001,2001,2001,2001,2001,
CIMS.CAN.ON.Residential.Dwellings.Building Type.High Density.Vintage.<1960 Bldg Code.Heating (Cold),Service,ON,Residential,Heating (Cold),NG - Existing,lifetime,,,,constant_tech,Years,14,14,14,14,14,14,14,14,14,14,14,
CIMS.CAN.ON.Residential.Dwellings.Building Type.High Density.Vintage.<1960 Bldg Code.Heating (Cold),Service,ON,Residential,Heating (Cold),NG - Existing,market_share_total,,,,annual_region_tech,%,0.33990247425844,,,,,,,,,,,
CIMS.CAN.ON.Residential.Dwellings.Building Type.High Density.Vintage.<1960 Bldg Code.Heating (Cold),Service,ON,Residential,Heating (Cold),NG - Existing,output,,,,constant_tech,node unit,31.399776,31.399776,31.399776,31.399776,31.399776,31.399776,31.399776,31.399776,31.399776,31.399776,31.399776,
CIMS.CAN.ON.Residential.Dwellings.Building Type.High Density.Vintage.<1960 Bldg Code.Heating (Cold),Service,ON,Residential,Heating (Cold),NG - Existing,fcc,,,,constant_tech,$,3603.875433,3603.875433,3603.875433,3603.875433,3603.875433,3603.875433,3603.875433,3603.875433,3603.875433,3603.875433,3603.875433,
CIMS.CAN.ON.Residential.Dwellings.Building Type.High Density.Vintage.<1960 Bldg Code.Heating (Cold),Service,ON,Residential,Heating (Cold),NG - Existing,fom,,,,constant_tech,$,75.08073818,75.08073818,75.08073818,75.08073818,75.08073818,75.08073818,75.08073818,75.08073818,75.08073818,75.08073818,75.08073818,
CIMS.CAN.ON.Residential.Dwellings.Building Type.High Density.Vintage.<1960 Bldg Code.Heating (Cold),Service,ON,Residential,Heating (Cold),NG - Existing,service_request,,,CIMS.CAN.ON.Residential.Methane Blend,annual_tech,GJ,1.6935483873,1.6935483873,1.6935483873,1.6935483873,1.6935483873,1.6935483873,1.6935483873,1.6935483873,1.6935483873,1.6935483873,1.6935483873,
CIMS.CAN.ON.Residential.Dwellings.Building Type.High Density.Vintage.<1960 Bldg Code.Heating (Cold),Service,ON,Residential,Heating (Cold),NG - Standard Efficiency,technology,,,,,,,,,,,,,,,,,
CIMS.CAN.ON.Residential.Dwellings.Building Type.High Density.Vintage.<1960 Bldg Code.Heating (Cold),Service,ON,Residential,Heating (Cold),NG - Standard Efficiency,available,,,,constant_tech,Year,1990,1990,1990,1990,1990,1990,1990,1990,1990,1990,1990,
CIMS.CAN.ON.Residential.Dwellings.Building Type.High Density.Vintage.<1960 Bldg Code.Heating (Cold),Service,ON,Residential,Heating (Cold),NG - Standard Efficiency,unavailable,,,,constant_tech,Year,2101,2101,2101,2101,2101,2101,2101,2101,2101,2101,2101,
CIMS.CAN.ON.Residential.Dwellings.Building Type.High Density.Vintage.<1960 Bldg Code.Heating (Cold),Service,ON,Residential,Heating (Cold),NG - Standard Efficiency,lifetime,,,,constant_tech,Years,19,19,19,19,19,19,19,19,19,19,19,
CIMS.CAN.ON.Residential.Dwellings.Building Type.High Density.Vintage.<1960 Bldg Code.Heating (Cold),Service,ON,Residential,Heating (Cold),NG - Standard Efficiency,market_share_total,,,,annual_region_tech,%,0.1966704538233,,,,,,,,,,,
CIMS.CAN.ON.Residential.Dwellings.Building Type.High Density.Vintage.<1960 Bldg Code.Heating (Cold),Service,ON,Residential,Heating (Cold),NG - Standard Efficiency,output,,,,constant_tech,node unit,31.399776,31.399776,31.399776,31.399776,31.399776,31.399776,31.399776,31.399776,31.399776,31.399776,31.399776,
CIMS.CAN.ON.Residential.Dwellings.Building Type.High Density.Vintage.<1960 Bldg Code.Heating (Cold),Service,ON,Residential,Heating (Cold),NG - Standard Efficiency,fcc,,,,constant_tech,$,5005.382545,5005.382545,5005.382545,5005.382545,5005.382545,5005.382545,5005.382545,5005.382545,5005.382545,5005.382545,5005.382545,
CIMS.CAN.ON.Residential.Dwellings.Building Type.High Density.Vintage.<1960 Bldg Code.Heating (Cold),Service,ON,Residential,Heating (Cold),NG - Standard Efficiency,fom,,,,constant_tech,$,162.6749327,162.6749327,162.6749327,162.6749327,162.6749327,162.6749327,162.6749327,162.6749327,162.6749327,162.6749327,162.6749327,
CIMS.CAN.ON.Residential.Dwellings.Building Type.High Density.Vintage.<1960 Bldg Code.Heating (Cold),Service,ON,Residential,Heating (Cold),NG - Standard Efficiency,service_request,,,CIMS.CAN.ON.Residential.Methane Blend,annual_tech,GJ,1.32911392425,1.32911392425,1.32911392425,1.32911392425,1.32911392425,1.32911392425,1.32911392425,1.32911392425,1.32911392425,1.32911392425,1.32911392425,
CIMS.CAN.ON.Residential.Dwellings.Building Type.High Density.Vintage.<1960 Bldg Code.Heating (Cold),Service,ON,Residential,Heating (Cold),NG - High Efficiency,technology,,,,,,,,,,,,,,,,,
CIMS.CAN.ON.Residential.Dwellings.Building Type.High Density.Vintage.<1960 Bldg Code.Heating (Cold),Service,ON,Residential,Heating (Cold),NG - High Efficiency,available,,,,constant_tech,Year,2000,2000,2000,2000,2000,2000,2000,2000,2000,2000,2000,
CIMS.CAN.ON.Residential.Dwellings.Building Type.High Density.Vintage.<1960 Bldg Code.Heating (Cold),Service,ON,Residential,Heating (Cold),NG - High Efficiency,unavailable,,,,constant_tech,Year,2101,2101,2101,2101,2101,2101,2101,2101,2101,2101,2101,
CIMS.CAN.ON.Residential.Dwellings.Building Type.High Density.Vintage.<1960 Bldg Code.Heating (Cold),Service,ON,Residential,Heating (Cold),NG - High Efficiency,lifetime,,,,constant_tech,Years,19,19,19,19,19,19,19,19,19,19,19,
CIMS.CAN.ON.Residential.Dwellings.Building Type.High Density.Vintage.<1960 Bldg Code.Heating (Cold),Service,ON,Residential,Heating (Cold),NG - High Efficiency,market_share_total,,,,annual_region_tech,%,0.15420521635618,,,,,,,,,,,
CIMS.CAN.ON.Residential.Dwellings.Building Type.High Density.Vintage.<1960 Bldg Code.Heating (Cold),Service,ON,Residential,Heating (Cold),NG - High Efficiency,output,,,,constant_tech,node unit,31.399776,31.399776,31.399776,31.399776,31.399776,31.399776,31.399776,31.399776,31.399776,31.399776,31.399776,
CIMS.CAN.ON.Residential.Dwellings.Building Type.High Density.Vintage.<1960 Bldg Code.Heating (Cold),Service,ON,Residential,Heating (Cold),NG - High Efficiency,fcc,,,,constant_tech,$,6231.7012692,6231.7012692,6231.7012692,6231.7012692,6231.7012692,6231.7012692,6231.7012692,6231.7012692,6231.7012692,6231.7012692,6231.7012692,
CIMS.CAN.ON.Residential.Dwellings.Building Type.High Density.Vintage.<1960 Bldg Code.Heating (Cold),Service,ON,Residential,Heating (Cold),NG - High Efficiency,fom,,,,constant_tech,$,162.6749327,162.6749327,162.6749327,162.6749327,162.6749327,162.6749327,162.6749327,162.6749327,162.6749327,162.6749327,162.6749327,
CIMS.CAN.ON.Residential.Dwellings.Building Type.High Density.Vintage.<1960 Bldg Code.Heating (Cold),Service,ON,Residential,Heating (Cold),NG - High Efficiency,service_request,,,CIMS.CAN.ON.Residential.Methane Blend,annual_tech,GJ,1.16666666655,1.16666666655,1.16666666655,1.16666666655,1.16666666655,1.16666666655,1.16666666655,1.16666666655,1.16666666655,1.16666666655,1.16666666655,
CIMS.CAN.ON.Residential.Dwellings.Building Type.High Density.Vintage.<1960 Bldg Code.Heating (Cold),Service,ON,Residential,Heating (Cold),NG - ASHP / NG - backup,technology,,,,,,,,,,,,,,,,,
CIMS.CAN.ON.Residential.Dwellings.Building Type.High Density.Vintage.<1960 Bldg Code.Heating (Cold),Service,ON,Residential,Heating (Cold),NG - ASHP / NG - backup,available,,,,constant_tech,Year,2000,2000,2000,2000,2000,2000,2000,2000,2000,2000,2000,
CIMS.CAN.ON.Residential.Dwellings.Building Type.High Density.Vintage.<1960 Bldg Code.Heating (Cold),Service,ON,Residential,Heating (Cold),NG - ASHP / NG - backup,unavailable,,,,constant_tech,Year,2101,2101,2101,2101,2101,2101,2101,2101,2101,2101,2101,
CIMS.CAN.ON.Residential.Dwellings.Building Type.High Density.Vintage.<1960 Bldg Code.Heating (Cold),Service,ON,Residential,Heating (Cold),NG - ASHP / NG - backup,lifetime,,,,constant_tech,Years,15,15,15,15,15,15,15,15,15,15,15,
CIMS.CAN.ON.Residential.Dwellings.Building Type.High Density.Vintage.<1960 Bldg Code.Heating (Cold),Service,ON,Residential,Heating (Cold),NG - ASHP / NG - backup,market_share_total,,,,annual_region_tech,%,0,,,,,,,,,,,
CIMS.CAN.ON.Residential.Dwellings.Building Type.High Density.Vintage.<1960 Bldg Code.Heating (Cold),Service,ON,Residential,Heating (Cold),NG - ASHP / NG - backup,output,,,,constant_tech,node unit,31.399776,31.399776,31.399776,31.399776,31.399776,31.399776,31.399776,31.399776,31.399776,31.399776,31.399776,
CIMS.CAN.ON.Residential.Dwellings.Building Type.High Density.Vintage.<1960 Bldg Code.Heating (Cold),Service,ON,Residential,Heating (Cold),NG - ASHP / NG - backup,fcc,,,,constant_tech,$,20015.27345,20015.27345,20015.27345,20015.27345,20015.27345,20015.27345,20015.27345,20015.27345,20015.27345,20015.27345,20015.27345,
CIMS.CAN.ON.Residential.Dwellings.Building Type.High Density.Vintage.<1960 Bldg Code.Heating (Cold),Service,ON,Residential,Heating (Cold),NG - ASHP / NG - backup,fom,,,,constant_tech,$,250.2691273,250.2691273,250.2691273,250.2691273,250.2691273,250.2691273,250.2691273,250.2691273,250.2691273,250.2691273,250.2691273,
CIMS.CAN.ON.Residential.Dwellings.Building Type.High Density.Vintage.<1960 Bldg Code.Heating (Cold),Service,ON,Residential,Heating (Cold),NG - ASHP / NG - backup,service_request,,,CIMS.CAN.ON.Residential.Methane Blend,annual_tech,GJ,2.1593627892625,2.1593627892625,2.1593627892625,2.1593627892625,2.1593627892625,2.1593627892625,2.1593627892625,2.1593627892625,2.1593627892625,2.1593627892625,2.1593627892625,
CIMS.CAN.ON.Residential.Dwellings.Building Type.High Density.Vintage.<1960 Bldg Code.Heating (Cold),Service,ON,Residential,Heating (Cold),NG - ASHP / NG - backup,service_request,,,CIMS.CAN.ON.Residential.Dwellings.Building Type.High Density.Cooling,annual_tech,GJ of cooling,-0.004568364,-0.004568364,-0.004568364,-0.004568364,-0.004568364,-0.004568364,-0.004568364,-0.004568364,-0.004568364,-0.004568364,-0.004568364,
CIMS.CAN.ON.Residential.Dwellings.Building Type.High Density.Vintage.<1960 Bldg Code.Heating (Cold),Service,ON,Residential,Heating (Cold),Electric - Standard Efficiency,technology,,,,,,,,,,,,,,,,,
CIMS.CAN.ON.Residential.Dwellings.Building Type.High Density.Vintage.<1960 Bldg Code.Heating (Cold),Service,ON,Residential,Heating (Cold),Electric - Standard Efficiency,available,,,,constant_tech,Year,1950,1950,1950,1950,1950,1950,1950,1950,1950,1950,1950,
CIMS.CAN.ON.Residential.Dwellings.Building Type.High Density.Vintage.<1960 Bldg Code.Heating (Cold),Service,ON,Residential,Heating (Cold),Electric - Standard Efficiency,unavailable,,,,constant_tech,Year,2101,2101,2101,2101,2101,2101,2101,2101,2101,2101,2101,
CIMS.CAN.ON.Residential.Dwellings.Building Type.High Density.Vintage.<1960 Bldg Code.Heating (Cold),Service,ON,Residential,Heating (Cold),Electric - Standard Efficiency,lifetime,,,,constant_tech,Years,22.5,22.5,22.5,22.5,22.5,22.5,22.5,22.5,22.5,22.5,22.5,
CIMS.CAN.ON.Residential.Dwellings.Building Type.High Density.Vintage.<1960 Bldg Code.Heating (Cold),Service,ON,Residential,Heating (Cold),Electric - Standard Efficiency,market_share_total,,,,annual_region_tech,%,0.1755393598207,,,,,,,,,,,
CIMS.CAN.ON.Residential.Dwellings.Building Type.High Density.Vintage.<1960 Bldg Code.Heating (Cold),Service,ON,Residential,Heating (Cold),Electric - Standard Efficiency,output,,,,constant_tech,node unit,31.399776,31.399776,31.399776,31.399776,31.399776,31.399776,31.399776,31.399776,31.399776,31.399776,31.399776,
CIMS.CAN.ON.Residential.Dwellings.Building Type.High Density.Vintage.<1960 Bldg Code.Heating (Cold),Service,ON,Residential,Heating (Cold),Electric - Standard Efficiency,fcc,,,,constant_tech,$,3822.860919,3822.860919,3822.860919,3822.860919,3822.860919,3822.860919,3822.860919,3822.860919,3822.860919,3822.860919,3822.860919,
CIMS.CAN.ON.Residential.Dwellings.Building Type.High Density.Vintage.<1960 Bldg Code.Heating (Cold),Service,ON,Residential,Heating (Cold),Electric - Standard Efficiency,service_request,,,CIMS.CAN.ON.Electricity,annual_tech,GJ,1,1,1,1,1,1,1,1,1,1,1,
CIMS.CAN.ON.Residential.Dwellings.Building Type.High Density.Vintage.<1960 Bldg Code.Heating (Cold),Service,ON,Residential,Heating (Cold),Electric - ASHP / NG - backup,technology,,,,,,,,,,,,,,,,,
CIMS.CAN.ON.Residential.Dwellings.Building Type.High Density.Vintage.<1960 Bldg Code.Heating (Cold),Service,ON,Residential,Heating (Cold),Electric - ASHP / NG - backup,available,,,,constant_tech,Year,2000,2000,2000,2000,2000,2000,2000,2000,2000,2000,2000,
CIMS.CAN.ON.Residential.Dwellings.Building Type.High Density.Vintage.<1960 Bldg Code.Heating (Cold),Service,ON,Residential,Heating (Cold),Electric - ASHP / NG - backup,unavailable,,,,constant_tech,Year,2101,2101,2101,2101,2101,2101,2101,2101,2101,2101,2101,
CIMS.CAN.ON.Residential.Dwellings.Building Type.High Density.Vintage.<1960 Bldg Code.Heating (Cold),Service,ON,Residential,Heating (Cold),Electric - ASHP / NG - backup,lifetime,,,,constant_tech,Years,15.5,15.5,15.5,15.5,15.5,15.5,15.5,15.5,15.5,15.5,15.5,
CIMS.CAN.ON.Residential.Dwellings.Building Type.High Density.Vintage.<1960 Bldg Code.Heating (Cold),Service,ON,Residential,Heating (Cold),Electric - ASHP / NG - backup,market_share_total,,,,annual_region_tech,%,0.00840020273946,,,,,,,,,,,
CIMS.CAN.ON.Residential.Dwellings.Building Type.High Density.Vintage.<1960 Bldg Code.Heating (Cold),Service,ON,Residential,Heating (Cold),Electric - ASHP / NG - backup,output,,,,constant_tech,node unit,31.399776,31.399776,31.399776,31.399776,31.399776,31.399776,31.399776,31.399776,31.399776,31.399776,31.399776,
CIMS.CAN.ON.Residential.Dwellings.Building Type.High Density.Vintage.<1960 Bldg Code.Heating (Cold),Service,ON,Residential,Heating (Cold),Electric - ASHP / NG - backup,fcc,,,,constant_tech,$,9647.874856,9647.874856,9647.874856,9647.874856,9647.874856,9647.874856,9647.874856,9647.874856,9647.874856,9647.874856,9647.874856,
CIMS.CAN.ON.Residential.Dwellings.Building Type.High Density.Vintage.<1960 Bldg Code.Heating (Cold),Service,ON,Residential,Heating (Cold),Electric - ASHP / NG - backup,fom,,,,constant_tech,$,269.0393118,269.0393118,269.0393118,269.0393118,269.0393118,269.0393118,269.0393118,269.0393118,269.0393118,269.0393118,269.0393118,
CIMS.CAN.ON.Residential.Dwellings.Building Type.High Density.Vintage.<1960 Bldg Code.Heating (Cold),Service,ON,Residential,Heating (Cold),Electric - ASHP / NG - backup,service_request,,,CIMS.CAN.ON.Electricity,annual_tech,GJ,0.72747607755,0.72747607755,0.72747607755,0.72747607755,0.72747607755,0.72747607755,0.72747607755,0.72747607755,0.72747607755,0.72747607755,0.72747607755,
CIMS.CAN.ON.Residential.Dwellings.Building Type.High Density.Vintage.<1960 Bldg Code.Heating (Cold),Service,ON,Residential,Heating (Cold),Electric - ASHP / NG - backup,service_request,,,CIMS.CAN.ON.Residential.Methane Blend,annual_tech,GJ,0.0583333333275,0.0583333333275,0.0583333333275,0.0583333333275,0.0583333333275,0.0583333333275,0.0583333333275,0.0583333333275,0.0583333333275,0.0583333333275,0.0583333333275,
CIMS.CAN.ON.Residential.Dwellings.Building Type.High Density.Vintage.<1960 Bldg Code.Heating (Cold),Service,ON,Residential,Heating (Cold),Electric - ASHP / NG - backup,service_request,,,CIMS.CAN.ON.Residential.Dwellings.Building Type.High Density.Cooling,annual_tech,GJ of cooling,-0.004568364,-0.004568364,-0.004568364,-0.004568364,-0.004568364,-0.004568364,-0.004568364,-0.004568364,-0.004568364,-0.004568364,-0.004568364,
CIMS.CAN.ON.Residential.Dwellings.Building Type.High Density.Vintage.<1960 Bldg Code.Heating (Cold),Service,ON,Residential,Heating (Cold),Electric - ASHP / Electric - backup,technology,,,,,,,,,,,,,,,,,
CIMS.CAN.ON.Residential.Dwellings.Building Type.High Density.Vintage.<1960 Bldg Code.Heating (Cold),Service,ON,Residential,Heating (Cold),Electric - ASHP / Electric - backup,available,,,,constant_tech,Year,2000,2000,2000,2000,2000,2000,2000,2000,2000,2000,2000,
CIMS.CAN.ON.Residential.Dwellings.Building Type.High Density.Vintage.<1960 Bldg Code.Heating (Cold),Service,ON,Residential,Heating (Cold),Electric - ASHP / Electric - backup,unavailable,,,,constant_tech,Year,2101,2101,2101,2101,2101,2101,2101,2101,2101,2101,2101,
CIMS.CAN.ON.Residential.Dwellings.Building Type.High Density.Vintage.<1960 Bldg Code.Heating (Cold),Service,ON,Residential,Heating (Cold),Electric - ASHP / Electric - backup,lifetime,,,,constant_tech,Years,15.5,15.5,15.5,15.5,15.5,15.5,15.5,15.5,15.5,15.5,15.5,
CIMS.CAN.ON.Residential.Dwellings.Building Type.High Density.Vintage.<1960 Bldg Code.Heating (Cold),Service,ON,Residential,Heating (Cold),Electric - ASHP / Electric - backup,market_share_total,,,,annual_region_tech,%,0,,,,,,,,,,,
CIMS.CAN.ON.Residential.Dwellings.Building Type.High Density.Vintage.<1960 Bldg Code.Heating (Cold),Service,ON,Residential,Heating (Cold),Electric - ASHP / Electric - backup,output,,,,constant_tech,node unit,31.399776,31.399776,31.399776,31.399776,31.399776,31.399776,31.399776,31.399776,31.399776,31.399776,31.399776,
CIMS.CAN.ON.Residential.Dwellings.Building Type.High Density.Vintage.<1960 Bldg Code.Heating (Cold),Service,ON,Residential,Heating (Cold),Electric - ASHP / Electric - backup,fcc,,,,constant_tech,$,9373.830161,9373.830161,9373.830161,9373.830161,9373.830161,9373.830161,9373.830161,9373.830161,9373.830161,9373.830161,9373.830161,
CIMS.CAN.ON.Residential.Dwellings.Building Type.High Density.Vintage.<1960 Bldg Code.Heating (Cold),Service,ON,Residential,Heating (Cold),Electric - ASHP / Electric - backup,fom,,,,constant_tech,$,106.3643791,106.3643791,106.3643791,106.3643791,106.3643791,106.3643791,106.3643791,106.3643791,106.3643791,106.3643791,106.3643791,
CIMS.CAN.ON.Residential.Dwellings.Building Type.High Density.Vintage.<1960 Bldg Code.Heating (Cold),Service,ON,Residential,Heating (Cold),Electric - ASHP / Electric - backup,service_request,,,CIMS.CAN.ON.Electricity,annual_tech,GJ,0.77747607755,0.77747607755,0.77747607755,0.77747607755,0.77747607755,0.77747607755,0.77747607755,0.77747607755,0.77747607755,0.77747607755,0.77747607755,
CIMS.CAN.ON.Residential.Dwellings.Building Type.High Density.Vintage.<1960 Bldg Code.Heating (Cold),Service,ON,Residential,Heating (Cold),Electric - ASHP / Electric - backup,service_request,,,CIMS.CAN.ON.Residential.Dwellings.Building Type.High Density.Cooling,annual_tech,GJ of cooling,-0.004568364,-0.004568364,-0.004568364,-0.004568364,-0.004568364,-0.004568364,-0.004568364,-0.004568364,-0.004568364,-0.004568364,-0.004568364,
CIMS.CAN.ON.Residential.Dwellings.Building Type.High Density.Vintage.<1960 Bldg Code.Heating (Cold),Service,ON,Residential,Heating (Cold),Heating Oil - Existing,technology,,,,,,,,,,,,,,,,,
CIMS.CAN.ON.Residential.Dwellings.Building Type.High Density.Vintage.<1960 Bldg Code.Heating (Cold),Service,ON,Residential,Heating (Cold),Heating Oil - Existing,available,,,,constant_tech,Year,1950,1950,1950,1950,1950,1950,1950,1950,1950,1950,1950,
CIMS.CAN.ON.Residential.Dwellings.Building Type.High Density.Vintage.<1960 Bldg Code.Heating (Cold),Service,ON,Residential,Heating (Cold),Heating Oil - Existing,unavailable,,,,constant_tech,Year,2001,2001,2001,2001,2001,2001,2001,2001,2001,2001,2001,
CIMS.CAN.ON.Residential.Dwellings.Building Type.High Density.Vintage.<1960 Bldg Code.Heating (Cold),Service,ON,Residential,Heating (Cold),Heating Oil - Existing,lifetime,,,,constant_tech,Years,23,23,23,23,23,23,23,23,23,23,23,
CIMS.CAN.ON.Residential.Dwellings.Building Type.High Density.Vintage.<1960 Bldg Code.Heating (Cold),Service,ON,Residential,Heating (Cold),Heating Oil - Existing,market_share_total,,,,annual_region_tech,%,0.05063139082681,,,,,,,,,,,
CIMS.CAN.ON.Residential.Dwellings.Building Type.High Density.Vintage.<1960 Bldg Code.Heating (Cold),Service,ON,Residential,Heating (Cold),Heating Oil - Existing,output,,,,constant_tech,node unit,31.399776,31.399776,31.399776,31.399776,31.399776,31.399776,31.399776,31.399776,31.399776,31.399776,31.399776,
CIMS.CAN.ON.Residential.Dwellings.Building Type.High Density.Vintage.<1960 Bldg Code.Heating (Cold),Service,ON,Residential,Heating (Cold),Heating Oil - Existing,fcc,,,,constant_tech,$,5943.891772,5943.891772,5943.891772,5943.891772,5943.891772,5943.891772,5943.891772,5943.891772,5943.891772,5943.891772,5943.891772,
CIMS.CAN.ON.Residential.Dwellings.Building Type.High Density.Vintage.<1960 Bldg Code.Heating (Cold),Service,ON,Residential,Heating (Cold),Heating Oil - Existing,fom,,,,constant_tech,$,100.1076509,100.1076509,100.1076509,100.1076509,100.1076509,100.1076509,100.1076509,100.1076509,100.1076509,100.1076509,100.1076509,
CIMS.CAN.ON.Residential.Dwellings.Building Type.High Density.Vintage.<1960 Bldg Code.Heating (Cold),Service,ON,Residential,Heating (Cold),Heating Oil - Existing,service_request,,,CIMS.Generic Fuels.Fuel Oil,annual_tech,GJ,1.666666667,1.666666667,1.666666667,1.666666667,1.666666667,1.666666667,1.666666667,1.666666667,1.666666667,1.666666667,1.666666667,
CIMS.CAN.ON.Residential.Dwellings.Building Type.High Density.Vintage.<1960 Bldg Code.Heating (Cold),Service,ON,Residential,Heating (Cold),Heating Oil - High Efficiency,technology,,,,,,,,,,,,,,,,,
CIMS.CAN.ON.Residential.Dwellings.Building Type.High Density.Vintage.<1960 Bldg Code.Heating (Cold),Service,ON,Residential,Heating (Cold),Heating Oil - High Efficiency,available,,,,constant_tech,Year,2000,2000,2000,2000,2000,2000,2000,2000,2000,2000,2000,
CIMS.CAN.ON.Residential.Dwellings.Building Type.High Density.Vintage.<1960 Bldg Code.Heating (Cold),Service,ON,Residential,Heating (Cold),Heating Oil - High Efficiency,unavailable,,,,constant_tech,Year,2101,2101,2101,2101,2101,2101,2101,2101,2101,2101,2101,
CIMS.CAN.ON.Residential.Dwellings.Building Type.High Density.Vintage.<1960 Bldg Code.Heating (Cold),Service,ON,Residential,Heating (Cold),Heating Oil - High Efficiency,lifetime,,,,constant_tech,Years,23,23,23,23,23,23,23,23,23,23,23,
CIMS.CAN.ON.Residential.Dwellings.Building Type.High Density.Vintage.<1960 Bldg Code.Heating (Cold),Service,ON,Residential,Heating (Cold),Heating Oil - High Efficiency,market_share_total,,,,annual_region_tech,%,0.05114521446518,,,,,,,,,,,
CIMS.CAN.ON.Residential.Dwellings.Building Type.High Density.Vintage.<1960 Bldg Code.Heating (Cold),Service,ON,Residential,Heating (Cold),Heating Oil - High Efficiency,output,,,,constant_tech,node unit,31.399776,31.399776,31.399776,31.399776,31.399776,31.399776,31.399776,31.399776,31.399776,31.399776,31.399776,
CIMS.CAN.ON.Residential.Dwellings.Building Type.High Density.Vintage.<1960 Bldg Code.Heating (Cold),Service,ON,Residential,Heating (Cold),Heating Oil - High Efficiency,fcc,,,,constant_tech,$,9541.510477,9541.510477,9541.510477,9541.510477,9541.510477,9541.510477,9541.510477,9541.510477,9541.510477,9541.510477,9541.510477,
CIMS.CAN.ON.Residential.Dwellings.Building Type.High Density.Vintage.<1960 Bldg Code.Heating (Cold),Service,ON,Residential,Heating (Cold),Heating Oil - High Efficiency,fom,,,,constant_tech,$,100.1076509,100.1076509,100.1076509,100.1076509,100.1076509,100.1076509,100.1076509,100.1076509,100.1076509,100.1076509,100.1076509,
CIMS.CAN.ON.Residential.Dwellings.Building Type.High Density.Vintage.<1960 Bldg Code.Heating (Cold),Service,ON,Residential,Heating (Cold),Heating Oil - High Efficiency,service_request,,,CIMS.Generic Fuels.Fuel Oil,annual_tech,GJ,1.162790698,1.162790698,1.162790698,1.162790698,1.162790698,1.162790698,1.162790698,1.162790698,1.162790698,1.162790698,1.162790698,
CIMS.CAN.ON.Residential.Dwellings.Building Type.High Density.Vintage.<1960 Bldg Code.Heating (Cold),Service,ON,Residential,Heating (Cold),Wood,technology,,,,,,,,,,,,,,,,,
CIMS.CAN.ON.Residential.Dwellings.Building Type.High Density.Vintage.<1960 Bldg Code.Heating (Cold),Service,ON,Residential,Heating (Cold),Wood,available,,,,constant_tech,Year,1950,1950,1950,1950,1950,1950,1950,1950,1950,1950,1950,
CIMS.CAN.ON.Residential.Dwellings.Building Type.High Density.Vintage.<1960 Bldg Code.Heating (Cold),Service,ON,Residential,Heating (Cold),Wood,unavailable,,,,constant_tech,Year,2101,2101,2101,2101,2101,2101,2101,2101,2101,2101,2101,
CIMS.CAN.ON.Residential.Dwellings.Building Type.High Density.Vintage.<1960 Bldg Code.Heating (Cold),Service,ON,Residential,Heating (Cold),Wood,lifetime,,,,constant_tech,Years,18.5,18.5,18.5,18.5,18.5,18.5,18.5,18.5,18.5,18.5,18.5,
CIMS.CAN.ON.Residential.Dwellings.Building Type.High Density.Vintage.<1960 Bldg Code.Heating (Cold),Service,ON,Residential,Heating (Cold),Wood,market_share_total,,,,annual_region_tech,%,0.02350568770993,,,,,,,,,,,
CIMS.CAN.ON.Residential.Dwellings.Building Type.High Density.Vintage.<1960 Bldg Code.Heating (Cold),Service,ON,Residential,Heating (Cold),Wood,output,,,,constant_tech,node unit,31.399776,31.399776,31.399776,31.399776,31.399776,31.399776,31.399776,31.399776,31.399776,31.399776,31.399776,
CIMS.CAN.ON.Residential.Dwellings.Building Type.High Density.Vintage.<1960 Bldg Code.Heating (Cold),Service,ON,Residential,Heating (Cold),Wood,fcc,,,,constant_tech,$,8000.269768,8000.269768,8000.269768,8000.269768,8000.269768,8000.269768,8000.269768,8000.269768,8000.269768,8000.269768,8000.269768,
CIMS.CAN.ON.Residential.Dwellings.Building Type.High Density.Vintage.<1960 Bldg Code.Heating (Cold),Service,ON,Residential,Heating (Cold),Wood,fom,,,,constant_tech,$,250.2691273,250.2691273,250.2691273,250.2691273,250.2691273,250.2691273,250.2691273,250.2691273,250.2691273,250.2691273,250.2691273,
CIMS.CAN.ON.Residential.Dwellings.Building Type.High Density.Vintage.<1960 Bldg Code.Heating (Cold),Service,ON,Residential,Heating (Cold),Wood,service_request,,,CIMS.Generic Fuels.Solid Biomass,annual_tech,GJ,2,2,2,2,2,2,2,2,2,2,2,
CIMS.CAN.ON.Residential.Dwellings.Building Type.High Density.Vintage.1961-1980 Bldg Code,Service,ON,Residential,1961-1980 Bldg Code,,service_provide,,,,constant_tech,m2,,,,,,,,,,,,
CIMS.CAN.ON.Residential.Dwellings.Building Type.High Density.Vintage.1961-1980 Bldg Code,Service,ON,Residential,1961-1980 Bldg Code,,competition,Tech Compete,,,,,,,,,,,,,,,,
CIMS.CAN.ON.Residential.Dwellings.Building Type.High Density.Vintage.1961-1980 Bldg Code,Service,ON,Residential,1961-1980 Bldg Code,,discount_rate_financial,,,,constant_tech,%,0.25,0.25,0.25,0.25,0.25,0.25,0.25,0.25,0.25,0.25,0.25,
CIMS.CAN.ON.Residential.Dwellings.Building Type.High Density.Vintage.1961-1980 Bldg Code,Service,ON,Residential,1961-1980 Bldg Code,,heterogeneity,,,,constant_tech,,10,10,10,10,10,10,10,10,10,10,10,
CIMS.CAN.ON.Residential.Dwellings.Building Type.High Density.Vintage.1961-1980 Bldg Code,Service,ON,Residential,1961-1980 Bldg Code,Reference,technology,,,,,,,,,,,,,,,,,
CIMS.CAN.ON.Residential.Dwellings.Building Type.High Density.Vintage.1961-1980 Bldg Code,Service,ON,Residential,1961-1980 Bldg Code,Reference,available,,,,constant_tech,Year,1961,1961,1961,1961,1961,1961,1961,1961,1961,1961,1961,
CIMS.CAN.ON.Residential.Dwellings.Building Type.High Density.Vintage.1961-1980 Bldg Code,Service,ON,Residential,1961-1980 Bldg Code,Reference,unavailable,,,,constant_tech,Year,2001,2001,2001,2001,2001,2001,2001,2001,2001,2001,2001,
CIMS.CAN.ON.Residential.Dwellings.Building Type.High Density.Vintage.1961-1980 Bldg Code,Service,ON,Residential,1961-1980 Bldg Code,Reference,lifetime,,,,constant_tech,Years,185,185,185,185,185,185,185,185,185,185,185,
CIMS.CAN.ON.Residential.Dwellings.Building Type.High Density.Vintage.1961-1980 Bldg Code,Service,ON,Residential,1961-1980 Bldg Code,Reference,market_share_total,,,,annual_tech,%,1,,,,,,,,,,,
CIMS.CAN.ON.Residential.Dwellings.Building Type.High Density.Vintage.1961-1980 Bldg Code,Service,ON,Residential,1961-1980 Bldg Code,Reference,service_request,,,CIMS.CAN.ON.Residential.Dwellings.Building Type.High Density.Vintage.1961-1980 Bldg Code.Heating (Cold),annual_region_tech,GJ,0.34353054845812,0.35533158103533,0.34174609633144,0.38492911470891,0.31479721806997,0.31479721806997,0.31479721806997,0.31479721806997,0.31479721806997,0.31479721806997,0.31479721806997,
CIMS.CAN.ON.Residential.Dwellings.Building Type.High Density.Vintage.1961-1980 Bldg Code,Service,ON,Residential,1961-1980 Bldg Code,Retrofit Average,technology,,,,,,,,,,,,,,,,,
CIMS.CAN.ON.Residential.Dwellings.Building Type.High Density.Vintage.1961-1980 Bldg Code,Service,ON,Residential,1961-1980 Bldg Code,Retrofit Average,available,,,,constant_tech,Year,1961,1961,1961,1961,1961,1961,1961,1961,1961,1961,1961,
CIMS.CAN.ON.Residential.Dwellings.Building Type.High Density.Vintage.1961-1980 Bldg Code,Service,ON,Residential,1961-1980 Bldg Code,Retrofit Average,unavailable,,,,constant_tech,Year,2101,2101,2101,2101,2101,2101,2101,2101,2101,2101,2101,
CIMS.CAN.ON.Residential.Dwellings.Building Type.High Density.Vintage.1961-1980 Bldg Code,Service,ON,Residential,1961-1980 Bldg Code,Retrofit Average,lifetime,,,,constant_tech,Years,185,185,185,185,185,185,185,185,185,185,185,
CIMS.CAN.ON.Residential.Dwellings.Building Type.High Density.Vintage.1961-1980 Bldg Code,Service,ON,Residential,1961-1980 Bldg Code,Retrofit Average,market_share_total,,,,annual_tech,%,0,,,,,,,,,,,
CIMS.CAN.ON.Residential.Dwellings.Building Type.High Density.Vintage.1961-1980 Bldg Code,Service,ON,Residential,1961-1980 Bldg Code,Retrofit Average,fcc,,,,constant_tech,$,1565,1565,1565,1565,1565,1565,1565,1565,1565,1565,1565,
CIMS.CAN.ON.Residential.Dwellings.Building Type.High Density.Vintage.1961-1980 Bldg Code,Service,ON,Residential,1961-1980 Bldg Code,Retrofit Average,market_share_new_max,,,,constant_tech,%,0,0,0,0,0,0,0,0,0,0,0,
CIMS.CAN.ON.Residential.Dwellings.Building Type.High Density.Vintage.1961-1980 Bldg Code,Service,ON,Residential,1961-1980 Bldg Code,Retrofit Average,service_request,,,CIMS.CAN.ON.Residential.Dwellings.Building Type.High Density.Vintage.1961-1980 Bldg Code.Heating (Cold),annual_region_tech,GJ,0.24047138392069,0.24873210672473,0.23922226743201,0.26945038029624,0.22035805264898,0.22035805264898,0.22035805264898,0.22035805264898,0.22035805264898,0.22035805264898,0.22035805264898,
CIMS.CAN.ON.Residential.Dwellings.Building Type.High Density.Vintage.1961-1980 Bldg Code,Service,ON,Residential,1961-1980 Bldg Code,Retrofit Deep,technology,,,,,,,,,,,,,,,,,
CIMS.CAN.ON.Residential.Dwellings.Building Type.High Density.Vintage.1961-1980 Bldg Code,Service,ON,Residential,1961-1980 Bldg Code,Retrofit Deep,available,,,,constant_tech,Year,1961,1961,1961,1961,1961,1961,1961,1961,1961,1961,1961,
CIMS.CAN.ON.Residential.Dwellings.Building Type.High Density.Vintage.1961-1980 Bldg Code,Service,ON,Residential,1961-1980 Bldg Code,Retrofit Deep,unavailable,,,,constant_tech,Year,2101,2101,2101,2101,2101,2101,2101,2101,2101,2101,2101,
CIMS.CAN.ON.Residential.Dwellings.Building Type.High Density.Vintage.1961-1980 Bldg Code,Service,ON,Residential,1961-1980 Bldg Code,Retrofit Deep,lifetime,,,,constant_tech,Years,185,185,185,185,185,185,185,185,185,185,185,
CIMS.CAN.ON.Residential.Dwellings.Building Type.High Density.Vintage.1961-1980 Bldg Code,Service,ON,Residential,1961-1980 Bldg Code,Retrofit Deep,market_share_total,,,,annual_tech,%,0,,,,,,,,,,,
CIMS.CAN.ON.Residential.Dwellings.Building Type.High Density.Vintage.1961-1980 Bldg Code,Service,ON,Residential,1961-1980 Bldg Code,Retrofit Deep,fcc,,,,constant_tech,$,3130,3130,3130,3130,3130,3130,3130,3130,3130,3130,3130,
CIMS.CAN.ON.Residential.Dwellings.Building Type.High Density.Vintage.1961-1980 Bldg Code,Service,ON,Residential,1961-1980 Bldg Code,Retrofit Deep,market_share_new_max,,,,constant_tech,%,0,0,0,0,0,0,0,0,0,0,0,
CIMS.CAN.ON.Residential.Dwellings.Building Type.High Density.Vintage.1961-1980 Bldg Code,Service,ON,Residential,1961-1980 Bldg Code,Retrofit Deep,service_request,,,CIMS.CAN.ON.Residential.Dwellings.Building Type.High Density.Vintage.1961-1980 Bldg Code.Heating (Cold),annual_region_tech,GJ,0.17176527422906,0.17766579051766,0.17087304816572,0.19246455735445,0.15739860903499,0.15739860903499,0.15739860903499,0.15739860903499,0.15739860903499,0.15739860903499,0.15739860903499,
CIMS.CAN.ON.Residential.Dwellings.Building Type.High Density.Vintage.1961-1980 Bldg Code.Heating (Cold),Service,ON,Residential,Heating (Cold),,service_provide,,,,constant_tech,GJ of heat,,,,,,,,,,,,
CIMS.CAN.ON.Residential.Dwellings.Building Type.High Density.Vintage.1961-1980 Bldg Code.Heating (Cold),Service,ON,Residential,Heating (Cold),,competition,Tech Compete,,,,,,,,,,,,,,,,
CIMS.CAN.ON.Residential.Dwellings.Building Type.High Density.Vintage.1961-1980 Bldg Code.Heating (Cold),Service,ON,Residential,Heating (Cold),,discount_rate_financial,,,,constant_tech,%,0.25,0.25,0.25,0.25,0.25,0.25,0.25,0.25,0.25,0.25,0.25,
CIMS.CAN.ON.Residential.Dwellings.Building Type.High Density.Vintage.1961-1980 Bldg Code.Heating (Cold),Service,ON,Residential,Heating (Cold),,inheritance,intercept_retirement,,,constant_tech,,FALSE,FALSE,FALSE,FALSE,FALSE,FALSE,FALSE,FALSE,FALSE,FALSE,FALSE,
CIMS.CAN.ON.Residential.Dwellings.Building Type.High Density.Vintage.1961-1980 Bldg Code.Heating (Cold),Service,ON,Residential,Heating (Cold),,heterogeneity,,,,constant_tech,,10,10,10,10,10,10,10,10,10,10,10,
CIMS.CAN.ON.Residential.Dwellings.Building Type.High Density.Vintage.1961-1980 Bldg Code.Heating (Cold),Service,ON,Residential,Heating (Cold),NG - Existing,technology,,,,,,,,,,,,,,,,,
CIMS.CAN.ON.Residential.Dwellings.Building Type.High Density.Vintage.1961-1980 Bldg Code.Heating (Cold),Service,ON,Residential,Heating (Cold),NG - Existing,available,,,,constant_tech,Year,1950,1950,1950,1950,1950,1950,1950,1950,1950,1950,1950,
CIMS.CAN.ON.Residential.Dwellings.Building Type.High Density.Vintage.1961-1980 Bldg Code.Heating (Cold),Service,ON,Residential,Heating (Cold),NG - Existing,unavailable,,,,constant_tech,Year,2001,2001,2001,2001,2001,2001,2001,2001,2001,2001,2001,
CIMS.CAN.ON.Residential.Dwellings.Building Type.High Density.Vintage.1961-1980 Bldg Code.Heating (Cold),Service,ON,Residential,Heating (Cold),NG - Existing,lifetime,,,,constant_tech,Years,14,14,14,14,14,14,14,14,14,14,14,
CIMS.CAN.ON.Residential.Dwellings.Building Type.High Density.Vintage.1961-1980 Bldg Code.Heating (Cold),Service,ON,Residential,Heating (Cold),NG - Existing,market_share_total,,,,annual_region_tech,%,0.33990247425844,,,,,,,,,,,
CIMS.CAN.ON.Residential.Dwellings.Building Type.High Density.Vintage.1961-1980 Bldg Code.Heating (Cold),Service,ON,Residential,Heating (Cold),NG - Existing,output,,,,constant_tech,node unit,31.399776,31.399776,31.399776,31.399776,31.399776,31.399776,31.399776,31.399776,31.399776,31.399776,31.399776,
CIMS.CAN.ON.Residential.Dwellings.Building Type.High Density.Vintage.1961-1980 Bldg Code.Heating (Cold),Service,ON,Residential,Heating (Cold),NG - Existing,fcc,,,,constant_tech,$,3603.875433,3603.875433,3603.875433,3603.875433,3603.875433,3603.875433,3603.875433,3603.875433,3603.875433,3603.875433,3603.875433,
CIMS.CAN.ON.Residential.Dwellings.Building Type.High Density.Vintage.1961-1980 Bldg Code.Heating (Cold),Service,ON,Residential,Heating (Cold),NG - Existing,fom,,,,constant_tech,$,75.08073818,75.08073818,75.08073818,75.08073818,75.08073818,75.08073818,75.08073818,75.08073818,75.08073818,75.08073818,75.08073818,
CIMS.CAN.ON.Residential.Dwellings.Building Type.High Density.Vintage.1961-1980 Bldg Code.Heating (Cold),Service,ON,Residential,Heating (Cold),NG - Existing,service_request,,,CIMS.CAN.ON.Residential.Methane Blend,annual_tech,GJ,1.6935483873,1.6935483873,1.6935483873,1.6935483873,1.6935483873,1.6935483873,1.6935483873,1.6935483873,1.6935483873,1.6935483873,1.6935483873,
CIMS.CAN.ON.Residential.Dwellings.Building Type.High Density.Vintage.1961-1980 Bldg Code.Heating (Cold),Service,ON,Residential,Heating (Cold),NG - Standard Efficiency,technology,,,,,,,,,,,,,,,,,
CIMS.CAN.ON.Residential.Dwellings.Building Type.High Density.Vintage.1961-1980 Bldg Code.Heating (Cold),Service,ON,Residential,Heating (Cold),NG - Standard Efficiency,available,,,,constant_tech,Year,1990,1990,1990,1990,1990,1990,1990,1990,1990,1990,1990,
CIMS.CAN.ON.Residential.Dwellings.Building Type.High Density.Vintage.1961-1980 Bldg Code.Heating (Cold),Service,ON,Residential,Heating (Cold),NG - Standard Efficiency,unavailable,,,,constant_tech,Year,2101,2101,2101,2101,2101,2101,2101,2101,2101,2101,2101,
CIMS.CAN.ON.Residential.Dwellings.Building Type.High Density.Vintage.1961-1980 Bldg Code.Heating (Cold),Service,ON,Residential,Heating (Cold),NG - Standard Efficiency,lifetime,,,,constant_tech,Years,19,19,19,19,19,19,19,19,19,19,19,
CIMS.CAN.ON.Residential.Dwellings.Building Type.High Density.Vintage.1961-1980 Bldg Code.Heating (Cold),Service,ON,Residential,Heating (Cold),NG - Standard Efficiency,market_share_total,,,,annual_region_tech,%,0.1966704538233,,,,,,,,,,,
CIMS.CAN.ON.Residential.Dwellings.Building Type.High Density.Vintage.1961-1980 Bldg Code.Heating (Cold),Service,ON,Residential,Heating (Cold),NG - Standard Efficiency,output,,,,constant_tech,node unit,31.399776,31.399776,31.399776,31.399776,31.399776,31.399776,31.399776,31.399776,31.399776,31.399776,31.399776,
CIMS.CAN.ON.Residential.Dwellings.Building Type.High Density.Vintage.1961-1980 Bldg Code.Heating (Cold),Service,ON,Residential,Heating (Cold),NG - Standard Efficiency,fcc,,,,constant_tech,$,5005.382545,5005.382545,5005.382545,5005.382545,5005.382545,5005.382545,5005.382545,5005.382545,5005.382545,5005.382545,5005.382545,
CIMS.CAN.ON.Residential.Dwellings.Building Type.High Density.Vintage.1961-1980 Bldg Code.Heating (Cold),Service,ON,Residential,Heating (Cold),NG - Standard Efficiency,fom,,,,constant_tech,$,162.6749327,162.6749327,162.6749327,162.6749327,162.6749327,162.6749327,162.6749327,162.6749327,162.6749327,162.6749327,162.6749327,
CIMS.CAN.ON.Residential.Dwellings.Building Type.High Density.Vintage.1961-1980 Bldg Code.Heating (Cold),Service,ON,Residential,Heating (Cold),NG - Standard Efficiency,service_request,,,CIMS.CAN.ON.Residential.Methane Blend,annual_tech,GJ,1.32911392425,1.32911392425,1.32911392425,1.32911392425,1.32911392425,1.32911392425,1.32911392425,1.32911392425,1.32911392425,1.32911392425,1.32911392425,
CIMS.CAN.ON.Residential.Dwellings.Building Type.High Density.Vintage.1961-1980 Bldg Code.Heating (Cold),Service,ON,Residential,Heating (Cold),NG - High Efficiency,technology,,,,,,,,,,,,,,,,,
CIMS.CAN.ON.Residential.Dwellings.Building Type.High Density.Vintage.1961-1980 Bldg Code.Heating (Cold),Service,ON,Residential,Heating (Cold),NG - High Efficiency,available,,,,constant_tech,Year,2000,2000,2000,2000,2000,2000,2000,2000,2000,2000,2000,
CIMS.CAN.ON.Residential.Dwellings.Building Type.High Density.Vintage.1961-1980 Bldg Code.Heating (Cold),Service,ON,Residential,Heating (Cold),NG - High Efficiency,unavailable,,,,constant_tech,Year,2101,2101,2101,2101,2101,2101,2101,2101,2101,2101,2101,
CIMS.CAN.ON.Residential.Dwellings.Building Type.High Density.Vintage.1961-1980 Bldg Code.Heating (Cold),Service,ON,Residential,Heating (Cold),NG - High Efficiency,lifetime,,,,constant_tech,Years,19,19,19,19,19,19,19,19,19,19,19,
CIMS.CAN.ON.Residential.Dwellings.Building Type.High Density.Vintage.1961-1980 Bldg Code.Heating (Cold),Service,ON,Residential,Heating (Cold),NG - High Efficiency,market_share_total,,,,annual_region_tech,%,0.15420521635618,,,,,,,,,,,
CIMS.CAN.ON.Residential.Dwellings.Building Type.High Density.Vintage.1961-1980 Bldg Code.Heating (Cold),Service,ON,Residential,Heating (Cold),NG - High Efficiency,output,,,,constant_tech,node unit,31.399776,31.399776,31.399776,31.399776,31.399776,31.399776,31.399776,31.399776,31.399776,31.399776,31.399776,
CIMS.CAN.ON.Residential.Dwellings.Building Type.High Density.Vintage.1961-1980 Bldg Code.Heating (Cold),Service,ON,Residential,Heating (Cold),NG - High Efficiency,fcc,,,,constant_tech,$,6231.7012692,6231.7012692,6231.7012692,6231.7012692,6231.7012692,6231.7012692,6231.7012692,6231.7012692,6231.7012692,6231.7012692,6231.7012692,
CIMS.CAN.ON.Residential.Dwellings.Building Type.High Density.Vintage.1961-1980 Bldg Code.Heating (Cold),Service,ON,Residential,Heating (Cold),NG - High Efficiency,fom,,,,constant_tech,$,162.6749327,162.6749327,162.6749327,162.6749327,162.6749327,162.6749327,162.6749327,162.6749327,162.6749327,162.6749327,162.6749327,
CIMS.CAN.ON.Residential.Dwellings.Building Type.High Density.Vintage.1961-1980 Bldg Code.Heating (Cold),Service,ON,Residential,Heating (Cold),NG - High Efficiency,service_request,,,CIMS.CAN.ON.Residential.Methane Blend,annual_tech,GJ,1.16666666655,1.16666666655,1.16666666655,1.16666666655,1.16666666655,1.16666666655,1.16666666655,1.16666666655,1.16666666655,1.16666666655,1.16666666655,
CIMS.CAN.ON.Residential.Dwellings.Building Type.High Density.Vintage.1961-1980 Bldg Code.Heating (Cold),Service,ON,Residential,Heating (Cold),NG - ASHP / NG - backup,technology,,,,,,,,,,,,,,,,,
CIMS.CAN.ON.Residential.Dwellings.Building Type.High Density.Vintage.1961-1980 Bldg Code.Heating (Cold),Service,ON,Residential,Heating (Cold),NG - ASHP / NG - backup,available,,,,constant_tech,Year,2000,2000,2000,2000,2000,2000,2000,2000,2000,2000,2000,
CIMS.CAN.ON.Residential.Dwellings.Building Type.High Density.Vintage.1961-1980 Bldg Code.Heating (Cold),Service,ON,Residential,Heating (Cold),NG - ASHP / NG - backup,unavailable,,,,constant_tech,Year,2101,2101,2101,2101,2101,2101,2101,2101,2101,2101,2101,
CIMS.CAN.ON.Residential.Dwellings.Building Type.High Density.Vintage.1961-1980 Bldg Code.Heating (Cold),Service,ON,Residential,Heating (Cold),NG - ASHP / NG - backup,lifetime,,,,constant_tech,Years,15,15,15,15,15,15,15,15,15,15,15,
CIMS.CAN.ON.Residential.Dwellings.Building Type.High Density.Vintage.1961-1980 Bldg Code.Heating (Cold),Service,ON,Residential,Heating (Cold),NG - ASHP / NG - backup,market_share_total,,,,annual_region_tech,%,0,,,,,,,,,,,
CIMS.CAN.ON.Residential.Dwellings.Building Type.High Density.Vintage.1961-1980 Bldg Code.Heating (Cold),Service,ON,Residential,Heating (Cold),NG - ASHP / NG - backup,output,,,,constant_tech,node unit,31.399776,31.399776,31.399776,31.399776,31.399776,31.399776,31.399776,31.399776,31.399776,31.399776,31.399776,
CIMS.CAN.ON.Residential.Dwellings.Building Type.High Density.Vintage.1961-1980 Bldg Code.Heating (Cold),Service,ON,Residential,Heating (Cold),NG - ASHP / NG - backup,fcc,,,,constant_tech,$,20015.27345,20015.27345,20015.27345,20015.27345,20015.27345,20015.27345,20015.27345,20015.27345,20015.27345,20015.27345,20015.27345,
CIMS.CAN.ON.Residential.Dwellings.Building Type.High Density.Vintage.1961-1980 Bldg Code.Heating (Cold),Service,ON,Residential,Heating (Cold),NG - ASHP / NG - backup,fom,,,,constant_tech,$,250.2691273,250.2691273,250.2691273,250.2691273,250.2691273,250.2691273,250.2691273,250.2691273,250.2691273,250.2691273,250.2691273,
CIMS.CAN.ON.Residential.Dwellings.Building Type.High Density.Vintage.1961-1980 Bldg Code.Heating (Cold),Service,ON,Residential,Heating (Cold),NG - ASHP / NG - backup,service_request,,,CIMS.CAN.ON.Residential.Methane Blend,annual_tech,GJ,2.1593627892625,2.1593627892625,2.1593627892625,2.1593627892625,2.1593627892625,2.1593627892625,2.1593627892625,2.1593627892625,2.1593627892625,2.1593627892625,2.1593627892625,
CIMS.CAN.ON.Residential.Dwellings.Building Type.High Density.Vintage.1961-1980 Bldg Code.Heating (Cold),Service,ON,Residential,Heating (Cold),NG - ASHP / NG - backup,service_request,,,CIMS.CAN.ON.Residential.Dwellings.Building Type.High Density.Cooling,annual_tech,GJ of cooling,-0.004568364,-0.004568364,-0.004568364,-0.004568364,-0.004568364,-0.004568364,-0.004568364,-0.004568364,-0.004568364,-0.004568364,-0.004568364,
CIMS.CAN.ON.Residential.Dwellings.Building Type.High Density.Vintage.1961-1980 Bldg Code.Heating (Cold),Service,ON,Residential,Heating (Cold),Electric - Standard Efficiency,technology,,,,,,,,,,,,,,,,,
CIMS.CAN.ON.Residential.Dwellings.Building Type.High Density.Vintage.1961-1980 Bldg Code.Heating (Cold),Service,ON,Residential,Heating (Cold),Electric - Standard Efficiency,available,,,,constant_tech,Year,1950,1950,1950,1950,1950,1950,1950,1950,1950,1950,1950,
CIMS.CAN.ON.Residential.Dwellings.Building Type.High Density.Vintage.1961-1980 Bldg Code.Heating (Cold),Service,ON,Residential,Heating (Cold),Electric - Standard Efficiency,unavailable,,,,constant_tech,Year,2101,2101,2101,2101,2101,2101,2101,2101,2101,2101,2101,
CIMS.CAN.ON.Residential.Dwellings.Building Type.High Density.Vintage.1961-1980 Bldg Code.Heating (Cold),Service,ON,Residential,Heating (Cold),Electric - Standard Efficiency,lifetime,,,,constant_tech,Years,22.5,22.5,22.5,22.5,22.5,22.5,22.5,22.5,22.5,22.5,22.5,
CIMS.CAN.ON.Residential.Dwellings.Building Type.High Density.Vintage.1961-1980 Bldg Code.Heating (Cold),Service,ON,Residential,Heating (Cold),Electric - Standard Efficiency,market_share_total,,,,annual_region_tech,%,0.1755393598207,,,,,,,,,,,
CIMS.CAN.ON.Residential.Dwellings.Building Type.High Density.Vintage.1961-1980 Bldg Code.Heating (Cold),Service,ON,Residential,Heating (Cold),Electric - Standard Efficiency,output,,,,constant_tech,node unit,31.399776,31.399776,31.399776,31.399776,31.399776,31.399776,31.399776,31.399776,31.399776,31.399776,31.399776,
CIMS.CAN.ON.Residential.Dwellings.Building Type.High Density.Vintage.1961-1980 Bldg Code.Heating (Cold),Service,ON,Residential,Heating (Cold),Electric - Standard Efficiency,fcc,,,,constant_tech,$,3822.860919,3822.860919,3822.860919,3822.860919,3822.860919,3822.860919,3822.860919,3822.860919,3822.860919,3822.860919,3822.860919,
CIMS.CAN.ON.Residential.Dwellings.Building Type.High Density.Vintage.1961-1980 Bldg Code.Heating (Cold),Service,ON,Residential,Heating (Cold),Electric - Standard Efficiency,service_request,,,CIMS.CAN.ON.Electricity,annual_tech,GJ,1,1,1,1,1,1,1,1,1,1,1,
CIMS.CAN.ON.Residential.Dwellings.Building Type.High Density.Vintage.1961-1980 Bldg Code.Heating (Cold),Service,ON,Residential,Heating (Cold),Electric - ASHP / NG - backup,technology,,,,,,,,,,,,,,,,,
CIMS.CAN.ON.Residential.Dwellings.Building Type.High Density.Vintage.1961-1980 Bldg Code.Heating (Cold),Service,ON,Residential,Heating (Cold),Electric - ASHP / NG - backup,available,,,,constant_tech,Year,2000,2000,2000,2000,2000,2000,2000,2000,2000,2000,2000,
CIMS.CAN.ON.Residential.Dwellings.Building Type.High Density.Vintage.1961-1980 Bldg Code.Heating (Cold),Service,ON,Residential,Heating (Cold),Electric - ASHP / NG - backup,unavailable,,,,constant_tech,Year,2101,2101,2101,2101,2101,2101,2101,2101,2101,2101,2101,
CIMS.CAN.ON.Residential.Dwellings.Building Type.High Density.Vintage.1961-1980 Bldg Code.Heating (Cold),Service,ON,Residential,Heating (Cold),Electric - ASHP / NG - backup,lifetime,,,,constant_tech,Years,15.5,15.5,15.5,15.5,15.5,15.5,15.5,15.5,15.5,15.5,15.5,
CIMS.CAN.ON.Residential.Dwellings.Building Type.High Density.Vintage.1961-1980 Bldg Code.Heating (Cold),Service,ON,Residential,Heating (Cold),Electric - ASHP / NG - backup,market_share_total,,,,annual_region_tech,%,0.00840020273946,,,,,,,,,,,
CIMS.CAN.ON.Residential.Dwellings.Building Type.High Density.Vintage.1961-1980 Bldg Code.Heating (Cold),Service,ON,Residential,Heating (Cold),Electric - ASHP / NG - backup,output,,,,constant_tech,node unit,31.399776,31.399776,31.399776,31.399776,31.399776,31.399776,31.399776,31.399776,31.399776,31.399776,31.399776,
CIMS.CAN.ON.Residential.Dwellings.Building Type.High Density.Vintage.1961-1980 Bldg Code.Heating (Cold),Service,ON,Residential,Heating (Cold),Electric - ASHP / NG - backup,fcc,,,,constant_tech,$,9647.874856,9647.874856,9647.874856,9647.874856,9647.874856,9647.874856,9647.874856,9647.874856,9647.874856,9647.874856,9647.874856,
CIMS.CAN.ON.Residential.Dwellings.Building Type.High Density.Vintage.1961-1980 Bldg Code.Heating (Cold),Service,ON,Residential,Heating (Cold),Electric - ASHP / NG - backup,fom,,,,constant_tech,$,269.0393118,269.0393118,269.0393118,269.0393118,269.0393118,269.0393118,269.0393118,269.0393118,269.0393118,269.0393118,269.0393118,
CIMS.CAN.ON.Residential.Dwellings.Building Type.High Density.Vintage.1961-1980 Bldg Code.Heating (Cold),Service,ON,Residential,Heating (Cold),Electric - ASHP / NG - backup,service_request,,,CIMS.CAN.ON.Electricity,annual_tech,GJ,0.72747607755,0.72747607755,0.72747607755,0.72747607755,0.72747607755,0.72747607755,0.72747607755,0.72747607755,0.72747607755,0.72747607755,0.72747607755,
CIMS.CAN.ON.Residential.Dwellings.Building Type.High Density.Vintage.1961-1980 Bldg Code.Heating (Cold),Service,ON,Residential,Heating (Cold),Electric - ASHP / NG - backup,service_request,,,CIMS.CAN.ON.Residential.Methane Blend,annual_tech,GJ,0.0583333333275,0.0583333333275,0.0583333333275,0.0583333333275,0.0583333333275,0.0583333333275,0.0583333333275,0.0583333333275,0.0583333333275,0.0583333333275,0.0583333333275,
CIMS.CAN.ON.Residential.Dwellings.Building Type.High Density.Vintage.1961-1980 Bldg Code.Heating (Cold),Service,ON,Residential,Heating (Cold),Electric - ASHP / NG - backup,service_request,,,CIMS.CAN.ON.Residential.Dwellings.Building Type.High Density.Cooling,annual_tech,GJ of cooling,-0.004568364,-0.004568364,-0.004568364,-0.004568364,-0.004568364,-0.004568364,-0.004568364,-0.004568364,-0.004568364,-0.004568364,-0.004568364,
CIMS.CAN.ON.Residential.Dwellings.Building Type.High Density.Vintage.1961-1980 Bldg Code.Heating (Cold),Service,ON,Residential,Heating (Cold),Electric - ASHP / Electric - backup,technology,,,,,,,,,,,,,,,,,
CIMS.CAN.ON.Residential.Dwellings.Building Type.High Density.Vintage.1961-1980 Bldg Code.Heating (Cold),Service,ON,Residential,Heating (Cold),Electric - ASHP / Electric - backup,available,,,,constant_tech,Year,2000,2000,2000,2000,2000,2000,2000,2000,2000,2000,2000,
CIMS.CAN.ON.Residential.Dwellings.Building Type.High Density.Vintage.1961-1980 Bldg Code.Heating (Cold),Service,ON,Residential,Heating (Cold),Electric - ASHP / Electric - backup,unavailable,,,,constant_tech,Year,2101,2101,2101,2101,2101,2101,2101,2101,2101,2101,2101,
CIMS.CAN.ON.Residential.Dwellings.Building Type.High Density.Vintage.1961-1980 Bldg Code.Heating (Cold),Service,ON,Residential,Heating (Cold),Electric - ASHP / Electric - backup,lifetime,,,,constant_tech,Years,15.5,15.5,15.5,15.5,15.5,15.5,15.5,15.5,15.5,15.5,15.5,
CIMS.CAN.ON.Residential.Dwellings.Building Type.High Density.Vintage.1961-1980 Bldg Code.Heating (Cold),Service,ON,Residential,Heating (Cold),Electric - ASHP / Electric - backup,market_share_total,,,,annual_region_tech,%,0,,,,,,,,,,,
CIMS.CAN.ON.Residential.Dwellings.Building Type.High Density.Vintage.1961-1980 Bldg Code.Heating (Cold),Service,ON,Residential,Heating (Cold),Electric - ASHP / Electric - backup,output,,,,constant_tech,node unit,31.399776,31.399776,31.399776,31.399776,31.399776,31.399776,31.399776,31.399776,31.399776,31.399776,31.399776,
CIMS.CAN.ON.Residential.Dwellings.Building Type.High Density.Vintage.1961-1980 Bldg Code.Heating (Cold),Service,ON,Residential,Heating (Cold),Electric - ASHP / Electric - backup,fcc,,,,constant_tech,$,9373.830161,9373.830161,9373.830161,9373.830161,9373.830161,9373.830161,9373.830161,9373.830161,9373.830161,9373.830161,9373.830161,
CIMS.CAN.ON.Residential.Dwellings.Building Type.High Density.Vintage.1961-1980 Bldg Code.Heating (Cold),Service,ON,Residential,Heating (Cold),Electric - ASHP / Electric - backup,fom,,,,constant_tech,$,106.3643791,106.3643791,106.3643791,106.3643791,106.3643791,106.3643791,106.3643791,106.3643791,106.3643791,106.3643791,106.3643791,
CIMS.CAN.ON.Residential.Dwellings.Building Type.High Density.Vintage.1961-1980 Bldg Code.Heating (Cold),Service,ON,Residential,Heating (Cold),Electric - ASHP / Electric - backup,service_request,,,CIMS.CAN.ON.Electricity,annual_tech,GJ,0.77747607755,0.77747607755,0.77747607755,0.77747607755,0.77747607755,0.77747607755,0.77747607755,0.77747607755,0.77747607755,0.77747607755,0.77747607755,
CIMS.CAN.ON.Residential.Dwellings.Building Type.High Density.Vintage.1961-1980 Bldg Code.Heating (Cold),Service,ON,Residential,Heating (Cold),Electric - ASHP / Electric - backup,service_request,,,CIMS.CAN.ON.Residential.Dwellings.Building Type.High Density.Cooling,annual_tech,GJ of cooling,-0.004568364,-0.004568364,-0.004568364,-0.004568364,-0.004568364,-0.004568364,-0.004568364,-0.004568364,-0.004568364,-0.004568364,-0.004568364,
CIMS.CAN.ON.Residential.Dwellings.Building Type.High Density.Vintage.1961-1980 Bldg Code.Heating (Cold),Service,ON,Residential,Heating (Cold),Heating Oil - Existing,technology,,,,,,,,,,,,,,,,,
CIMS.CAN.ON.Residential.Dwellings.Building Type.High Density.Vintage.1961-1980 Bldg Code.Heating (Cold),Service,ON,Residential,Heating (Cold),Heating Oil - Existing,available,,,,constant_tech,Year,1950,1950,1950,1950,1950,1950,1950,1950,1950,1950,1950,
CIMS.CAN.ON.Residential.Dwellings.Building Type.High Density.Vintage.1961-1980 Bldg Code.Heating (Cold),Service,ON,Residential,Heating (Cold),Heating Oil - Existing,unavailable,,,,constant_tech,Year,2001,2001,2001,2001,2001,2001,2001,2001,2001,2001,2001,
CIMS.CAN.ON.Residential.Dwellings.Building Type.High Density.Vintage.1961-1980 Bldg Code.Heating (Cold),Service,ON,Residential,Heating (Cold),Heating Oil - Existing,lifetime,,,,constant_tech,Years,23,23,23,23,23,23,23,23,23,23,23,
CIMS.CAN.ON.Residential.Dwellings.Building Type.High Density.Vintage.1961-1980 Bldg Code.Heating (Cold),Service,ON,Residential,Heating (Cold),Heating Oil - Existing,market_share_total,,,,annual_region_tech,%,0.05063139082681,,,,,,,,,,,
CIMS.CAN.ON.Residential.Dwellings.Building Type.High Density.Vintage.1961-1980 Bldg Code.Heating (Cold),Service,ON,Residential,Heating (Cold),Heating Oil - Existing,output,,,,constant_tech,node unit,31.399776,31.399776,31.399776,31.399776,31.399776,31.399776,31.399776,31.399776,31.399776,31.399776,31.399776,
CIMS.CAN.ON.Residential.Dwellings.Building Type.High Density.Vintage.1961-1980 Bldg Code.Heating (Cold),Service,ON,Residential,Heating (Cold),Heating Oil - Existing,fcc,,,,constant_tech,$,5943.891772,5943.891772,5943.891772,5943.891772,5943.891772,5943.891772,5943.891772,5943.891772,5943.891772,5943.891772,5943.891772,
CIMS.CAN.ON.Residential.Dwellings.Building Type.High Density.Vintage.1961-1980 Bldg Code.Heating (Cold),Service,ON,Residential,Heating (Cold),Heating Oil - Existing,fom,,,,constant_tech,$,100.1076509,100.1076509,100.1076509,100.1076509,100.1076509,100.1076509,100.1076509,100.1076509,100.1076509,100.1076509,100.1076509,
CIMS.CAN.ON.Residential.Dwellings.Building Type.High Density.Vintage.1961-1980 Bldg Code.Heating (Cold),Service,ON,Residential,Heating (Cold),Heating Oil - Existing,service_request,,,CIMS.Generic Fuels.Fuel Oil,annual_tech,GJ,1.666666667,1.666666667,1.666666667,1.666666667,1.666666667,1.666666667,1.666666667,1.666666667,1.666666667,1.666666667,1.666666667,
CIMS.CAN.ON.Residential.Dwellings.Building Type.High Density.Vintage.1961-1980 Bldg Code.Heating (Cold),Service,ON,Residential,Heating (Cold),Heating Oil - High Efficiency,technology,,,,,,,,,,,,,,,,,
CIMS.CAN.ON.Residential.Dwellings.Building Type.High Density.Vintage.1961-1980 Bldg Code.Heating (Cold),Service,ON,Residential,Heating (Cold),Heating Oil - High Efficiency,available,,,,constant_tech,Year,2000,2000,2000,2000,2000,2000,2000,2000,2000,2000,2000,
CIMS.CAN.ON.Residential.Dwellings.Building Type.High Density.Vintage.1961-1980 Bldg Code.Heating (Cold),Service,ON,Residential,Heating (Cold),Heating Oil - High Efficiency,unavailable,,,,constant_tech,Year,2101,2101,2101,2101,2101,2101,2101,2101,2101,2101,2101,
CIMS.CAN.ON.Residential.Dwellings.Building Type.High Density.Vintage.1961-1980 Bldg Code.Heating (Cold),Service,ON,Residential,Heating (Cold),Heating Oil - High Efficiency,lifetime,,,,constant_tech,Years,23,23,23,23,23,23,23,23,23,23,23,
CIMS.CAN.ON.Residential.Dwellings.Building Type.High Density.Vintage.1961-1980 Bldg Code.Heating (Cold),Service,ON,Residential,Heating (Cold),Heating Oil - High Efficiency,market_share_total,,,,annual_region_tech,%,0.05114521446518,,,,,,,,,,,
CIMS.CAN.ON.Residential.Dwellings.Building Type.High Density.Vintage.1961-1980 Bldg Code.Heating (Cold),Service,ON,Residential,Heating (Cold),Heating Oil - High Efficiency,output,,,,constant_tech,node unit,31.399776,31.399776,31.399776,31.399776,31.399776,31.399776,31.399776,31.399776,31.399776,31.399776,31.399776,
CIMS.CAN.ON.Residential.Dwellings.Building Type.High Density.Vintage.1961-1980 Bldg Code.Heating (Cold),Service,ON,Residential,Heating (Cold),Heating Oil - High Efficiency,fcc,,,,constant_tech,$,9541.510477,9541.510477,9541.510477,9541.510477,9541.510477,9541.510477,9541.510477,9541.510477,9541.510477,9541.510477,9541.510477,
CIMS.CAN.ON.Residential.Dwellings.Building Type.High Density.Vintage.1961-1980 Bldg Code.Heating (Cold),Service,ON,Residential,Heating (Cold),Heating Oil - High Efficiency,fom,,,,constant_tech,$,100.1076509,100.1076509,100.1076509,100.1076509,100.1076509,100.1076509,100.1076509,100.1076509,100.1076509,100.1076509,100.1076509,
CIMS.CAN.ON.Residential.Dwellings.Building Type.High Density.Vintage.1961-1980 Bldg Code.Heating (Cold),Service,ON,Residential,Heating (Cold),Heating Oil - High Efficiency,service_request,,,CIMS.Generic Fuels.Fuel Oil,annual_tech,GJ,1.162790698,1.162790698,1.162790698,1.162790698,1.162790698,1.162790698,1.162790698,1.162790698,1.162790698,1.162790698,1.162790698,
CIMS.CAN.ON.Residential.Dwellings.Building Type.High Density.Vintage.1961-1980 Bldg Code.Heating (Cold),Service,ON,Residential,Heating (Cold),Wood,technology,,,,,,,,,,,,,,,,,
CIMS.CAN.ON.Residential.Dwellings.Building Type.High Density.Vintage.1961-1980 Bldg Code.Heating (Cold),Service,ON,Residential,Heating (Cold),Wood,available,,,,constant_tech,Year,1950,1950,1950,1950,1950,1950,1950,1950,1950,1950,1950,
CIMS.CAN.ON.Residential.Dwellings.Building Type.High Density.Vintage.1961-1980 Bldg Code.Heating (Cold),Service,ON,Residential,Heating (Cold),Wood,unavailable,,,,constant_tech,Year,2101,2101,2101,2101,2101,2101,2101,2101,2101,2101,2101,
CIMS.CAN.ON.Residential.Dwellings.Building Type.High Density.Vintage.1961-1980 Bldg Code.Heating (Cold),Service,ON,Residential,Heating (Cold),Wood,lifetime,,,,constant_tech,Years,18.5,18.5,18.5,18.5,18.5,18.5,18.5,18.5,18.5,18.5,18.5,
CIMS.CAN.ON.Residential.Dwellings.Building Type.High Density.Vintage.1961-1980 Bldg Code.Heating (Cold),Service,ON,Residential,Heating (Cold),Wood,market_share_total,,,,annual_region_tech,%,0.02350568770993,,,,,,,,,,,
CIMS.CAN.ON.Residential.Dwellings.Building Type.High Density.Vintage.1961-1980 Bldg Code.Heating (Cold),Service,ON,Residential,Heating (Cold),Wood,output,,,,constant_tech,node unit,31.399776,31.399776,31.399776,31.399776,31.399776,31.399776,31.399776,31.399776,31.399776,31.399776,31.399776,
CIMS.CAN.ON.Residential.Dwellings.Building Type.High Density.Vintage.1961-1980 Bldg Code.Heating (Cold),Service,ON,Residential,Heating (Cold),Wood,fcc,,,,constant_tech,$,8000.269768,8000.269768,8000.269768,8000.269768,8000.269768,8000.269768,8000.269768,8000.269768,8000.269768,8000.269768,8000.269768,
CIMS.CAN.ON.Residential.Dwellings.Building Type.High Density.Vintage.1961-1980 Bldg Code.Heating (Cold),Service,ON,Residential,Heating (Cold),Wood,fom,,,,constant_tech,$,250.2691273,250.2691273,250.2691273,250.2691273,250.2691273,250.2691273,250.2691273,250.2691273,250.2691273,250.2691273,250.2691273,
CIMS.CAN.ON.Residential.Dwellings.Building Type.High Density.Vintage.1961-1980 Bldg Code.Heating (Cold),Service,ON,Residential,Heating (Cold),Wood,service_request,,,CIMS.Generic Fuels.Solid Biomass,annual_tech,GJ,2,2,2,2,2,2,2,2,2,2,2,
CIMS.CAN.ON.Residential.Dwellings.Building Type.High Density.Vintage.1981-2000 Bldg Code,Service,ON,Residential,1981-2000 Bldg Code,,service_provide,,,,constant_tech,m2,,,,,,,,,,,,
CIMS.CAN.ON.Residential.Dwellings.Building Type.High Density.Vintage.1981-2000 Bldg Code,Service,ON,Residential,1981-2000 Bldg Code,,competition,Tech Compete,,,,,,,,,,,,,,,,
CIMS.CAN.ON.Residential.Dwellings.Building Type.High Density.Vintage.1981-2000 Bldg Code,Service,ON,Residential,1981-2000 Bldg Code,,discount_rate_financial,,,,constant_tech,%,0.25,0.25,0.25,0.25,0.25,0.25,0.25,0.25,0.25,0.25,0.25,
CIMS.CAN.ON.Residential.Dwellings.Building Type.High Density.Vintage.1981-2000 Bldg Code,Service,ON,Residential,1981-2000 Bldg Code,,heterogeneity,,,,constant_tech,,10,10,10,10,10,10,10,10,10,10,10,
CIMS.CAN.ON.Residential.Dwellings.Building Type.High Density.Vintage.1981-2000 Bldg Code,Service,ON,Residential,1981-2000 Bldg Code,Reference,technology,,,,,,,,,,,,,,,,,
CIMS.CAN.ON.Residential.Dwellings.Building Type.High Density.Vintage.1981-2000 Bldg Code,Service,ON,Residential,1981-2000 Bldg Code,Reference,available,,,,constant_tech,Year,1981,1981,1981,1981,1981,1981,1981,1981,1981,1981,1981,
CIMS.CAN.ON.Residential.Dwellings.Building Type.High Density.Vintage.1981-2000 Bldg Code,Service,ON,Residential,1981-2000 Bldg Code,Reference,unavailable,,,,constant_tech,Year,2001,2001,2001,2001,2001,2001,2001,2001,2001,2001,2001,
CIMS.CAN.ON.Residential.Dwellings.Building Type.High Density.Vintage.1981-2000 Bldg Code,Service,ON,Residential,1981-2000 Bldg Code,Reference,lifetime,,,,constant_tech,Years,275,275,275,275,275,275,275,275,275,275,275,
CIMS.CAN.ON.Residential.Dwellings.Building Type.High Density.Vintage.1981-2000 Bldg Code,Service,ON,Residential,1981-2000 Bldg Code,Reference,market_share_total,,,,annual_tech,%,1,,,,,,,,,,,
CIMS.CAN.ON.Residential.Dwellings.Building Type.High Density.Vintage.1981-2000 Bldg Code,Service,ON,Residential,1981-2000 Bldg Code,Reference,service_request,,,CIMS.CAN.ON.Residential.Dwellings.Building Type.High Density.Vintage.1981-2000 Bldg Code.Heating (Cold),annual_region_tech,GJ,0.33034588429822,0.34472706044947,0.33495500836365,0.37630769364389,0.30817739330442,0.30817739330442,0.30817739330442,0.30817739330442,0.30817739330442,0.30817739330442,0.30817739330442,
CIMS.CAN.ON.Residential.Dwellings.Building Type.High Density.Vintage.1981-2000 Bldg Code,Service,ON,Residential,1981-2000 Bldg Code,Retrofit Average,technology,,,,,,,,,,,,,,,,,
CIMS.CAN.ON.Residential.Dwellings.Building Type.High Density.Vintage.1981-2000 Bldg Code,Service,ON,Residential,1981-2000 Bldg Code,Retrofit Average,available,,,,constant_tech,Year,1981,1981,1981,1981,1981,1981,1981,1981,1981,1981,1981,
CIMS.CAN.ON.Residential.Dwellings.Building Type.High Density.Vintage.1981-2000 Bldg Code,Service,ON,Residential,1981-2000 Bldg Code,Retrofit Average,unavailable,,,,constant_tech,Year,2101,2101,2101,2101,2101,2101,2101,2101,2101,2101,2101,
CIMS.CAN.ON.Residential.Dwellings.Building Type.High Density.Vintage.1981-2000 Bldg Code,Service,ON,Residential,1981-2000 Bldg Code,Retrofit Average,lifetime,,,,constant_tech,Years,275,275,275,275,275,275,275,275,275,275,275,
CIMS.CAN.ON.Residential.Dwellings.Building Type.High Density.Vintage.1981-2000 Bldg Code,Service,ON,Residential,1981-2000 Bldg Code,Retrofit Average,market_share_total,,,,annual_tech,%,0,,,,,,,,,,,
CIMS.CAN.ON.Residential.Dwellings.Building Type.High Density.Vintage.1981-2000 Bldg Code,Service,ON,Residential,1981-2000 Bldg Code,Retrofit Average,fcc,,,,constant_tech,$,1565,1565,1565,1565,1565,1565,1565,1565,1565,1565,1565,
CIMS.CAN.ON.Residential.Dwellings.Building Type.High Density.Vintage.1981-2000 Bldg Code,Service,ON,Residential,1981-2000 Bldg Code,Retrofit Average,market_share_new_max,,,,constant_tech,%,0,0,0,0,0,0,0,0,0,0,0,
CIMS.CAN.ON.Residential.Dwellings.Building Type.High Density.Vintage.1981-2000 Bldg Code,Service,ON,Residential,1981-2000 Bldg Code,Retrofit Average,service_request,,,CIMS.CAN.ON.Residential.Dwellings.Building Type.High Density.Vintage.1981-2000 Bldg Code.Heating (Cold),annual_region_tech,GJ,0.23124211900876,0.24130894231463,0.23446850585456,0.26341538555072,0.21572417531309,0.21572417531309,0.21572417531309,0.21572417531309,0.21572417531309,0.21572417531309,0.21572417531309,
CIMS.CAN.ON.Residential.Dwellings.Building Type.High Density.Vintage.1981-2000 Bldg Code,Service,ON,Residential,1981-2000 Bldg Code,Retrofit Deep,technology,,,,,,,,,,,,,,,,,
CIMS.CAN.ON.Residential.Dwellings.Building Type.High Density.Vintage.1981-2000 Bldg Code,Service,ON,Residential,1981-2000 Bldg Code,Retrofit Deep,available,,,,constant_tech,Year,1981,1981,1981,1981,1981,1981,1981,1981,1981,1981,1981,
CIMS.CAN.ON.Residential.Dwellings.Building Type.High Density.Vintage.1981-2000 Bldg Code,Service,ON,Residential,1981-2000 Bldg Code,Retrofit Deep,unavailable,,,,constant_tech,Year,2101,2101,2101,2101,2101,2101,2101,2101,2101,2101,2101,
CIMS.CAN.ON.Residential.Dwellings.Building Type.High Density.Vintage.1981-2000 Bldg Code,Service,ON,Residential,1981-2000 Bldg Code,Retrofit Deep,lifetime,,,,constant_tech,Years,275,275,275,275,275,275,275,275,275,275,275,
CIMS.CAN.ON.Residential.Dwellings.Building Type.High Density.Vintage.1981-2000 Bldg Code,Service,ON,Residential,1981-2000 Bldg Code,Retrofit Deep,market_share_total,,,,annual_tech,%,0,,,,,,,,,,,
CIMS.CAN.ON.Residential.Dwellings.Building Type.High Density.Vintage.1981-2000 Bldg Code,Service,ON,Residential,1981-2000 Bldg Code,Retrofit Deep,fcc,,,,constant_tech,$,3130,3130,3130,3130,3130,3130,3130,3130,3130,3130,3130,
CIMS.CAN.ON.Residential.Dwellings.Building Type.High Density.Vintage.1981-2000 Bldg Code,Service,ON,Residential,1981-2000 Bldg Code,Retrofit Deep,market_share_new_max,,,,constant_tech,%,0,0,0,0,0,0,0,0,0,0,0,
CIMS.CAN.ON.Residential.Dwellings.Building Type.High Density.Vintage.1981-2000 Bldg Code,Service,ON,Residential,1981-2000 Bldg Code,Retrofit Deep,service_request,,,CIMS.CAN.ON.Residential.Dwellings.Building Type.High Density.Vintage.1981-2000 Bldg Code.Heating (Cold),annual_region_tech,GJ,0.16517294214911,0.17236353022473,0.16747750418183,0.18815384682194,0.15408869665221,0.15408869665221,0.15408869665221,0.15408869665221,0.15408869665221,0.15408869665221,0.15408869665221,
CIMS.CAN.ON.Residential.Dwellings.Building Type.High Density.Vintage.1981-2000 Bldg Code.Heating (Cold),Service,ON,Residential,Heating (Cold),,service_provide,,,,constant_tech,GJ of heat,,,,,,,,,,,,
CIMS.CAN.ON.Residential.Dwellings.Building Type.High Density.Vintage.1981-2000 Bldg Code.Heating (Cold),Service,ON,Residential,Heating (Cold),,competition,Tech Compete,,,,,,,,,,,,,,,,
CIMS.CAN.ON.Residential.Dwellings.Building Type.High Density.Vintage.1981-2000 Bldg Code.Heating (Cold),Service,ON,Residential,Heating (Cold),,discount_rate_financial,,,,constant_tech,%,0.25,0.25,0.25,0.25,0.25,0.25,0.25,0.25,0.25,0.25,0.25,
CIMS.CAN.ON.Residential.Dwellings.Building Type.High Density.Vintage.1981-2000 Bldg Code.Heating (Cold),Service,ON,Residential,Heating (Cold),,inheritance,intercept_retirement,,,constant_tech,,FALSE,FALSE,FALSE,FALSE,FALSE,FALSE,FALSE,FALSE,FALSE,FALSE,FALSE,
CIMS.CAN.ON.Residential.Dwellings.Building Type.High Density.Vintage.1981-2000 Bldg Code.Heating (Cold),Service,ON,Residential,Heating (Cold),,heterogeneity,,,,constant_tech,,10,10,10,10,10,10,10,10,10,10,10,
CIMS.CAN.ON.Residential.Dwellings.Building Type.High Density.Vintage.1981-2000 Bldg Code.Heating (Cold),Service,ON,Residential,Heating (Cold),NG - Existing,technology,,,,,,,,,,,,,,,,,
CIMS.CAN.ON.Residential.Dwellings.Building Type.High Density.Vintage.1981-2000 Bldg Code.Heating (Cold),Service,ON,Residential,Heating (Cold),NG - Existing,available,,,,constant_tech,Year,1950,1950,1950,1950,1950,1950,1950,1950,1950,1950,1950,
CIMS.CAN.ON.Residential.Dwellings.Building Type.High Density.Vintage.1981-2000 Bldg Code.Heating (Cold),Service,ON,Residential,Heating (Cold),NG - Existing,unavailable,,,,constant_tech,Year,2001,2001,2001,2001,2001,2001,2001,2001,2001,2001,2001,
CIMS.CAN.ON.Residential.Dwellings.Building Type.High Density.Vintage.1981-2000 Bldg Code.Heating (Cold),Service,ON,Residential,Heating (Cold),NG - Existing,lifetime,,,,constant_tech,Years,14,14,14,14,14,14,14,14,14,14,14,
CIMS.CAN.ON.Residential.Dwellings.Building Type.High Density.Vintage.1981-2000 Bldg Code.Heating (Cold),Service,ON,Residential,Heating (Cold),NG - Existing,market_share_total,,,,annual_region_tech,%,0.33990247425844,,,,,,,,,,,
CIMS.CAN.ON.Residential.Dwellings.Building Type.High Density.Vintage.1981-2000 Bldg Code.Heating (Cold),Service,ON,Residential,Heating (Cold),NG - Existing,output,,,,constant_tech,node unit,31.399776,31.399776,31.399776,31.399776,31.399776,31.399776,31.399776,31.399776,31.399776,31.399776,31.399776,
CIMS.CAN.ON.Residential.Dwellings.Building Type.High Density.Vintage.1981-2000 Bldg Code.Heating (Cold),Service,ON,Residential,Heating (Cold),NG - Existing,fcc,,,,constant_tech,$,3603.875433,3603.875433,3603.875433,3603.875433,3603.875433,3603.875433,3603.875433,3603.875433,3603.875433,3603.875433,3603.875433,
CIMS.CAN.ON.Residential.Dwellings.Building Type.High Density.Vintage.1981-2000 Bldg Code.Heating (Cold),Service,ON,Residential,Heating (Cold),NG - Existing,fom,,,,constant_tech,$,75.08073818,75.08073818,75.08073818,75.08073818,75.08073818,75.08073818,75.08073818,75.08073818,75.08073818,75.08073818,75.08073818,
CIMS.CAN.ON.Residential.Dwellings.Building Type.High Density.Vintage.1981-2000 Bldg Code.Heating (Cold),Service,ON,Residential,Heating (Cold),NG - Existing,service_request,,,CIMS.CAN.ON.Residential.Methane Blend,annual_tech,GJ,1.6935483873,1.6935483873,1.6935483873,1.6935483873,1.6935483873,1.6935483873,1.6935483873,1.6935483873,1.6935483873,1.6935483873,1.6935483873,
CIMS.CAN.ON.Residential.Dwellings.Building Type.High Density.Vintage.1981-2000 Bldg Code.Heating (Cold),Service,ON,Residential,Heating (Cold),NG - Standard Efficiency,technology,,,,,,,,,,,,,,,,,
CIMS.CAN.ON.Residential.Dwellings.Building Type.High Density.Vintage.1981-2000 Bldg Code.Heating (Cold),Service,ON,Residential,Heating (Cold),NG - Standard Efficiency,available,,,,constant_tech,Year,1990,1990,1990,1990,1990,1990,1990,1990,1990,1990,1990,
CIMS.CAN.ON.Residential.Dwellings.Building Type.High Density.Vintage.1981-2000 Bldg Code.Heating (Cold),Service,ON,Residential,Heating (Cold),NG - Standard Efficiency,unavailable,,,,constant_tech,Year,2101,2101,2101,2101,2101,2101,2101,2101,2101,2101,2101,
CIMS.CAN.ON.Residential.Dwellings.Building Type.High Density.Vintage.1981-2000 Bldg Code.Heating (Cold),Service,ON,Residential,Heating (Cold),NG - Standard Efficiency,lifetime,,,,constant_tech,Years,19,19,19,19,19,19,19,19,19,19,19,
CIMS.CAN.ON.Residential.Dwellings.Building Type.High Density.Vintage.1981-2000 Bldg Code.Heating (Cold),Service,ON,Residential,Heating (Cold),NG - Standard Efficiency,market_share_total,,,,annual_region_tech,%,0.1966704538233,,,,,,,,,,,
CIMS.CAN.ON.Residential.Dwellings.Building Type.High Density.Vintage.1981-2000 Bldg Code.Heating (Cold),Service,ON,Residential,Heating (Cold),NG - Standard Efficiency,output,,,,constant_tech,node unit,31.399776,31.399776,31.399776,31.399776,31.399776,31.399776,31.399776,31.399776,31.399776,31.399776,31.399776,
CIMS.CAN.ON.Residential.Dwellings.Building Type.High Density.Vintage.1981-2000 Bldg Code.Heating (Cold),Service,ON,Residential,Heating (Cold),NG - Standard Efficiency,fcc,,,,constant_tech,$,5005.382545,5005.382545,5005.382545,5005.382545,5005.382545,5005.382545,5005.382545,5005.382545,5005.382545,5005.382545,5005.382545,
CIMS.CAN.ON.Residential.Dwellings.Building Type.High Density.Vintage.1981-2000 Bldg Code.Heating (Cold),Service,ON,Residential,Heating (Cold),NG - Standard Efficiency,fom,,,,constant_tech,$,162.6749327,162.6749327,162.6749327,162.6749327,162.6749327,162.6749327,162.6749327,162.6749327,162.6749327,162.6749327,162.6749327,
CIMS.CAN.ON.Residential.Dwellings.Building Type.High Density.Vintage.1981-2000 Bldg Code.Heating (Cold),Service,ON,Residential,Heating (Cold),NG - Standard Efficiency,service_request,,,CIMS.CAN.ON.Residential.Methane Blend,annual_tech,GJ,1.32911392425,1.32911392425,1.32911392425,1.32911392425,1.32911392425,1.32911392425,1.32911392425,1.32911392425,1.32911392425,1.32911392425,1.32911392425,
CIMS.CAN.ON.Residential.Dwellings.Building Type.High Density.Vintage.1981-2000 Bldg Code.Heating (Cold),Service,ON,Residential,Heating (Cold),NG - High Efficiency,technology,,,,,,,,,,,,,,,,,
CIMS.CAN.ON.Residential.Dwellings.Building Type.High Density.Vintage.1981-2000 Bldg Code.Heating (Cold),Service,ON,Residential,Heating (Cold),NG - High Efficiency,available,,,,constant_tech,Year,2000,2000,2000,2000,2000,2000,2000,2000,2000,2000,2000,
CIMS.CAN.ON.Residential.Dwellings.Building Type.High Density.Vintage.1981-2000 Bldg Code.Heating (Cold),Service,ON,Residential,Heating (Cold),NG - High Efficiency,unavailable,,,,constant_tech,Year,2101,2101,2101,2101,2101,2101,2101,2101,2101,2101,2101,
CIMS.CAN.ON.Residential.Dwellings.Building Type.High Density.Vintage.1981-2000 Bldg Code.Heating (Cold),Service,ON,Residential,Heating (Cold),NG - High Efficiency,lifetime,,,,constant_tech,Years,19,19,19,19,19,19,19,19,19,19,19,
CIMS.CAN.ON.Residential.Dwellings.Building Type.High Density.Vintage.1981-2000 Bldg Code.Heating (Cold),Service,ON,Residential,Heating (Cold),NG - High Efficiency,market_share_total,,,,annual_region_tech,%,0.15420521635618,,,,,,,,,,,
CIMS.CAN.ON.Residential.Dwellings.Building Type.High Density.Vintage.1981-2000 Bldg Code.Heating (Cold),Service,ON,Residential,Heating (Cold),NG - High Efficiency,output,,,,constant_tech,node unit,31.399776,31.399776,31.399776,31.399776,31.399776,31.399776,31.399776,31.399776,31.399776,31.399776,31.399776,
CIMS.CAN.ON.Residential.Dwellings.Building Type.High Density.Vintage.1981-2000 Bldg Code.Heating (Cold),Service,ON,Residential,Heating (Cold),NG - High Efficiency,fcc,,,,constant_tech,$,6231.7012692,6231.7012692,6231.7012692,6231.7012692,6231.7012692,6231.7012692,6231.7012692,6231.7012692,6231.7012692,6231.7012692,6231.7012692,
CIMS.CAN.ON.Residential.Dwellings.Building Type.High Density.Vintage.1981-2000 Bldg Code.Heating (Cold),Service,ON,Residential,Heating (Cold),NG - High Efficiency,fom,,,,constant_tech,$,162.6749327,162.6749327,162.6749327,162.6749327,162.6749327,162.6749327,162.6749327,162.6749327,162.6749327,162.6749327,162.6749327,
CIMS.CAN.ON.Residential.Dwellings.Building Type.High Density.Vintage.1981-2000 Bldg Code.Heating (Cold),Service,ON,Residential,Heating (Cold),NG - High Efficiency,service_request,,,CIMS.CAN.ON.Residential.Methane Blend,annual_tech,GJ,1.16666666655,1.16666666655,1.16666666655,1.16666666655,1.16666666655,1.16666666655,1.16666666655,1.16666666655,1.16666666655,1.16666666655,1.16666666655,
CIMS.CAN.ON.Residential.Dwellings.Building Type.High Density.Vintage.1981-2000 Bldg Code.Heating (Cold),Service,ON,Residential,Heating (Cold),NG - ASHP / NG - backup,technology,,,,,,,,,,,,,,,,,
CIMS.CAN.ON.Residential.Dwellings.Building Type.High Density.Vintage.1981-2000 Bldg Code.Heating (Cold),Service,ON,Residential,Heating (Cold),NG - ASHP / NG - backup,available,,,,constant_tech,Year,2000,2000,2000,2000,2000,2000,2000,2000,2000,2000,2000,
CIMS.CAN.ON.Residential.Dwellings.Building Type.High Density.Vintage.1981-2000 Bldg Code.Heating (Cold),Service,ON,Residential,Heating (Cold),NG - ASHP / NG - backup,unavailable,,,,constant_tech,Year,2101,2101,2101,2101,2101,2101,2101,2101,2101,2101,2101,
CIMS.CAN.ON.Residential.Dwellings.Building Type.High Density.Vintage.1981-2000 Bldg Code.Heating (Cold),Service,ON,Residential,Heating (Cold),NG - ASHP / NG - backup,lifetime,,,,constant_tech,Years,15,15,15,15,15,15,15,15,15,15,15,
CIMS.CAN.ON.Residential.Dwellings.Building Type.High Density.Vintage.1981-2000 Bldg Code.Heating (Cold),Service,ON,Residential,Heating (Cold),NG - ASHP / NG - backup,market_share_total,,,,annual_region_tech,%,0,,,,,,,,,,,
CIMS.CAN.ON.Residential.Dwellings.Building Type.High Density.Vintage.1981-2000 Bldg Code.Heating (Cold),Service,ON,Residential,Heating (Cold),NG - ASHP / NG - backup,output,,,,constant_tech,node unit,31.399776,31.399776,31.399776,31.399776,31.399776,31.399776,31.399776,31.399776,31.399776,31.399776,31.399776,
CIMS.CAN.ON.Residential.Dwellings.Building Type.High Density.Vintage.1981-2000 Bldg Code.Heating (Cold),Service,ON,Residential,Heating (Cold),NG - ASHP / NG - backup,fcc,,,,constant_tech,$,20015.27345,20015.27345,20015.27345,20015.27345,20015.27345,20015.27345,20015.27345,20015.27345,20015.27345,20015.27345,20015.27345,
CIMS.CAN.ON.Residential.Dwellings.Building Type.High Density.Vintage.1981-2000 Bldg Code.Heating (Cold),Service,ON,Residential,Heating (Cold),NG - ASHP / NG - backup,fom,,,,constant_tech,$,250.2691273,250.2691273,250.2691273,250.2691273,250.2691273,250.2691273,250.2691273,250.2691273,250.2691273,250.2691273,250.2691273,
CIMS.CAN.ON.Residential.Dwellings.Building Type.High Density.Vintage.1981-2000 Bldg Code.Heating (Cold),Service,ON,Residential,Heating (Cold),NG - ASHP / NG - backup,service_request,,,CIMS.CAN.ON.Residential.Methane Blend,annual_tech,GJ,2.1593627892625,2.1593627892625,2.1593627892625,2.1593627892625,2.1593627892625,2.1593627892625,2.1593627892625,2.1593627892625,2.1593627892625,2.1593627892625,2.1593627892625,
CIMS.CAN.ON.Residential.Dwellings.Building Type.High Density.Vintage.1981-2000 Bldg Code.Heating (Cold),Service,ON,Residential,Heating (Cold),NG - ASHP / NG - backup,service_request,,,CIMS.CAN.ON.Residential.Dwellings.Building Type.High Density.Cooling,annual_tech,GJ of cooling,-0.004568364,-0.004568364,-0.004568364,-0.004568364,-0.004568364,-0.004568364,-0.004568364,-0.004568364,-0.004568364,-0.004568364,-0.004568364,
CIMS.CAN.ON.Residential.Dwellings.Building Type.High Density.Vintage.1981-2000 Bldg Code.Heating (Cold),Service,ON,Residential,Heating (Cold),Electric - Standard Efficiency,technology,,,,,,,,,,,,,,,,,
CIMS.CAN.ON.Residential.Dwellings.Building Type.High Density.Vintage.1981-2000 Bldg Code.Heating (Cold),Service,ON,Residential,Heating (Cold),Electric - Standard Efficiency,available,,,,constant_tech,Year,1950,1950,1950,1950,1950,1950,1950,1950,1950,1950,1950,
CIMS.CAN.ON.Residential.Dwellings.Building Type.High Density.Vintage.1981-2000 Bldg Code.Heating (Cold),Service,ON,Residential,Heating (Cold),Electric - Standard Efficiency,unavailable,,,,constant_tech,Year,2101,2101,2101,2101,2101,2101,2101,2101,2101,2101,2101,
CIMS.CAN.ON.Residential.Dwellings.Building Type.High Density.Vintage.1981-2000 Bldg Code.Heating (Cold),Service,ON,Residential,Heating (Cold),Electric - Standard Efficiency,lifetime,,,,constant_tech,Years,22.5,22.5,22.5,22.5,22.5,22.5,22.5,22.5,22.5,22.5,22.5,
CIMS.CAN.ON.Residential.Dwellings.Building Type.High Density.Vintage.1981-2000 Bldg Code.Heating (Cold),Service,ON,Residential,Heating (Cold),Electric - Standard Efficiency,market_share_total,,,,annual_region_tech,%,0.1755393598207,,,,,,,,,,,
CIMS.CAN.ON.Residential.Dwellings.Building Type.High Density.Vintage.1981-2000 Bldg Code.Heating (Cold),Service,ON,Residential,Heating (Cold),Electric - Standard Efficiency,output,,,,constant_tech,node unit,31.399776,31.399776,31.399776,31.399776,31.399776,31.399776,31.399776,31.399776,31.399776,31.399776,31.399776,
CIMS.CAN.ON.Residential.Dwellings.Building Type.High Density.Vintage.1981-2000 Bldg Code.Heating (Cold),Service,ON,Residential,Heating (Cold),Electric - Standard Efficiency,fcc,,,,constant_tech,$,3822.860919,3822.860919,3822.860919,3822.860919,3822.860919,3822.860919,3822.860919,3822.860919,3822.860919,3822.860919,3822.860919,
CIMS.CAN.ON.Residential.Dwellings.Building Type.High Density.Vintage.1981-2000 Bldg Code.Heating (Cold),Service,ON,Residential,Heating (Cold),Electric - Standard Efficiency,service_request,,,CIMS.CAN.ON.Electricity,annual_tech,GJ,1,1,1,1,1,1,1,1,1,1,1,
CIMS.CAN.ON.Residential.Dwellings.Building Type.High Density.Vintage.1981-2000 Bldg Code.Heating (Cold),Service,ON,Residential,Heating (Cold),Electric - ASHP / NG - backup,technology,,,,,,,,,,,,,,,,,
CIMS.CAN.ON.Residential.Dwellings.Building Type.High Density.Vintage.1981-2000 Bldg Code.Heating (Cold),Service,ON,Residential,Heating (Cold),Electric - ASHP / NG - backup,available,,,,constant_tech,Year,2000,2000,2000,2000,2000,2000,2000,2000,2000,2000,2000,
CIMS.CAN.ON.Residential.Dwellings.Building Type.High Density.Vintage.1981-2000 Bldg Code.Heating (Cold),Service,ON,Residential,Heating (Cold),Electric - ASHP / NG - backup,unavailable,,,,constant_tech,Year,2101,2101,2101,2101,2101,2101,2101,2101,2101,2101,2101,
CIMS.CAN.ON.Residential.Dwellings.Building Type.High Density.Vintage.1981-2000 Bldg Code.Heating (Cold),Service,ON,Residential,Heating (Cold),Electric - ASHP / NG - backup,lifetime,,,,constant_tech,Years,15.5,15.5,15.5,15.5,15.5,15.5,15.5,15.5,15.5,15.5,15.5,
CIMS.CAN.ON.Residential.Dwellings.Building Type.High Density.Vintage.1981-2000 Bldg Code.Heating (Cold),Service,ON,Residential,Heating (Cold),Electric - ASHP / NG - backup,market_share_total,,,,annual_region_tech,%,0.00840020273946,,,,,,,,,,,
CIMS.CAN.ON.Residential.Dwellings.Building Type.High Density.Vintage.1981-2000 Bldg Code.Heating (Cold),Service,ON,Residential,Heating (Cold),Electric - ASHP / NG - backup,output,,,,constant_tech,node unit,31.399776,31.399776,31.399776,31.399776,31.399776,31.399776,31.399776,31.399776,31.399776,31.399776,31.399776,
CIMS.CAN.ON.Residential.Dwellings.Building Type.High Density.Vintage.1981-2000 Bldg Code.Heating (Cold),Service,ON,Residential,Heating (Cold),Electric - ASHP / NG - backup,fcc,,,,constant_tech,$,9647.874856,9647.874856,9647.874856,9647.874856,9647.874856,9647.874856,9647.874856,9647.874856,9647.874856,9647.874856,9647.874856,
CIMS.CAN.ON.Residential.Dwellings.Building Type.High Density.Vintage.1981-2000 Bldg Code.Heating (Cold),Service,ON,Residential,Heating (Cold),Electric - ASHP / NG - backup,fom,,,,constant_tech,$,269.0393118,269.0393118,269.0393118,269.0393118,269.0393118,269.0393118,269.0393118,269.0393118,269.0393118,269.0393118,269.0393118,
CIMS.CAN.ON.Residential.Dwellings.Building Type.High Density.Vintage.1981-2000 Bldg Code.Heating (Cold),Service,ON,Residential,Heating (Cold),Electric - ASHP / NG - backup,service_request,,,CIMS.CAN.ON.Electricity,annual_tech,GJ,0.72747607755,0.72747607755,0.72747607755,0.72747607755,0.72747607755,0.72747607755,0.72747607755,0.72747607755,0.72747607755,0.72747607755,0.72747607755,
CIMS.CAN.ON.Residential.Dwellings.Building Type.High Density.Vintage.1981-2000 Bldg Code.Heating (Cold),Service,ON,Residential,Heating (Cold),Electric - ASHP / NG - backup,service_request,,,CIMS.CAN.ON.Residential.Methane Blend,annual_tech,GJ,0.0583333333275,0.0583333333275,0.0583333333275,0.0583333333275,0.0583333333275,0.0583333333275,0.0583333333275,0.0583333333275,0.0583333333275,0.0583333333275,0.0583333333275,
CIMS.CAN.ON.Residential.Dwellings.Building Type.High Density.Vintage.1981-2000 Bldg Code.Heating (Cold),Service,ON,Residential,Heating (Cold),Electric - ASHP / NG - backup,service_request,,,CIMS.CAN.ON.Residential.Dwellings.Building Type.High Density.Cooling,annual_tech,GJ of cooling,-0.004568364,-0.004568364,-0.004568364,-0.004568364,-0.004568364,-0.004568364,-0.004568364,-0.004568364,-0.004568364,-0.004568364,-0.004568364,
CIMS.CAN.ON.Residential.Dwellings.Building Type.High Density.Vintage.1981-2000 Bldg Code.Heating (Cold),Service,ON,Residential,Heating (Cold),Electric - ASHP / Electric - backup,technology,,,,,,,,,,,,,,,,,
CIMS.CAN.ON.Residential.Dwellings.Building Type.High Density.Vintage.1981-2000 Bldg Code.Heating (Cold),Service,ON,Residential,Heating (Cold),Electric - ASHP / Electric - backup,available,,,,constant_tech,Year,2000,2000,2000,2000,2000,2000,2000,2000,2000,2000,2000,
CIMS.CAN.ON.Residential.Dwellings.Building Type.High Density.Vintage.1981-2000 Bldg Code.Heating (Cold),Service,ON,Residential,Heating (Cold),Electric - ASHP / Electric - backup,unavailable,,,,constant_tech,Year,2101,2101,2101,2101,2101,2101,2101,2101,2101,2101,2101,
CIMS.CAN.ON.Residential.Dwellings.Building Type.High Density.Vintage.1981-2000 Bldg Code.Heating (Cold),Service,ON,Residential,Heating (Cold),Electric - ASHP / Electric - backup,lifetime,,,,constant_tech,Years,15.5,15.5,15.5,15.5,15.5,15.5,15.5,15.5,15.5,15.5,15.5,
CIMS.CAN.ON.Residential.Dwellings.Building Type.High Density.Vintage.1981-2000 Bldg Code.Heating (Cold),Service,ON,Residential,Heating (Cold),Electric - ASHP / Electric - backup,market_share_total,,,,annual_region_tech,%,0,,,,,,,,,,,
CIMS.CAN.ON.Residential.Dwellings.Building Type.High Density.Vintage.1981-2000 Bldg Code.Heating (Cold),Service,ON,Residential,Heating (Cold),Electric - ASHP / Electric - backup,output,,,,constant_tech,node unit,31.399776,31.399776,31.399776,31.399776,31.399776,31.399776,31.399776,31.399776,31.399776,31.399776,31.399776,
CIMS.CAN.ON.Residential.Dwellings.Building Type.High Density.Vintage.1981-2000 Bldg Code.Heating (Cold),Service,ON,Residential,Heating (Cold),Electric - ASHP / Electric - backup,fcc,,,,constant_tech,$,9373.830161,9373.830161,9373.830161,9373.830161,9373.830161,9373.830161,9373.830161,9373.830161,9373.830161,9373.830161,9373.830161,
CIMS.CAN.ON.Residential.Dwellings.Building Type.High Density.Vintage.1981-2000 Bldg Code.Heating (Cold),Service,ON,Residential,Heating (Cold),Electric - ASHP / Electric - backup,fom,,,,constant_tech,$,106.3643791,106.3643791,106.3643791,106.3643791,106.3643791,106.3643791,106.3643791,106.3643791,106.3643791,106.3643791,106.3643791,
CIMS.CAN.ON.Residential.Dwellings.Building Type.High Density.Vintage.1981-2000 Bldg Code.Heating (Cold),Service,ON,Residential,Heating (Cold),Electric - ASHP / Electric - backup,service_request,,,CIMS.CAN.ON.Electricity,annual_tech,GJ,0.77747607755,0.77747607755,0.77747607755,0.77747607755,0.77747607755,0.77747607755,0.77747607755,0.77747607755,0.77747607755,0.77747607755,0.77747607755,
CIMS.CAN.ON.Residential.Dwellings.Building Type.High Density.Vintage.1981-2000 Bldg Code.Heating (Cold),Service,ON,Residential,Heating (Cold),Electric - ASHP / Electric - backup,service_request,,,CIMS.CAN.ON.Residential.Dwellings.Building Type.High Density.Cooling,annual_tech,GJ of cooling,-0.004568364,-0.004568364,-0.004568364,-0.004568364,-0.004568364,-0.004568364,-0.004568364,-0.004568364,-0.004568364,-0.004568364,-0.004568364,
CIMS.CAN.ON.Residential.Dwellings.Building Type.High Density.Vintage.1981-2000 Bldg Code.Heating (Cold),Service,ON,Residential,Heating (Cold),Heating Oil - Existing,technology,,,,,,,,,,,,,,,,,
CIMS.CAN.ON.Residential.Dwellings.Building Type.High Density.Vintage.1981-2000 Bldg Code.Heating (Cold),Service,ON,Residential,Heating (Cold),Heating Oil - Existing,available,,,,constant_tech,Year,1950,1950,1950,1950,1950,1950,1950,1950,1950,1950,1950,
CIMS.CAN.ON.Residential.Dwellings.Building Type.High Density.Vintage.1981-2000 Bldg Code.Heating (Cold),Service,ON,Residential,Heating (Cold),Heating Oil - Existing,unavailable,,,,constant_tech,Year,2001,2001,2001,2001,2001,2001,2001,2001,2001,2001,2001,
CIMS.CAN.ON.Residential.Dwellings.Building Type.High Density.Vintage.1981-2000 Bldg Code.Heating (Cold),Service,ON,Residential,Heating (Cold),Heating Oil - Existing,lifetime,,,,constant_tech,Years,23,23,23,23,23,23,23,23,23,23,23,
CIMS.CAN.ON.Residential.Dwellings.Building Type.High Density.Vintage.1981-2000 Bldg Code.Heating (Cold),Service,ON,Residential,Heating (Cold),Heating Oil - Existing,market_share_total,,,,annual_region_tech,%,0.05063139082681,,,,,,,,,,,
CIMS.CAN.ON.Residential.Dwellings.Building Type.High Density.Vintage.1981-2000 Bldg Code.Heating (Cold),Service,ON,Residential,Heating (Cold),Heating Oil - Existing,output,,,,constant_tech,node unit,31.399776,31.399776,31.399776,31.399776,31.399776,31.399776,31.399776,31.399776,31.399776,31.399776,31.399776,
CIMS.CAN.ON.Residential.Dwellings.Building Type.High Density.Vintage.1981-2000 Bldg Code.Heating (Cold),Service,ON,Residential,Heating (Cold),Heating Oil - Existing,fcc,,,,constant_tech,$,5943.891772,5943.891772,5943.891772,5943.891772,5943.891772,5943.891772,5943.891772,5943.891772,5943.891772,5943.891772,5943.891772,
CIMS.CAN.ON.Residential.Dwellings.Building Type.High Density.Vintage.1981-2000 Bldg Code.Heating (Cold),Service,ON,Residential,Heating (Cold),Heating Oil - Existing,fom,,,,constant_tech,$,100.1076509,100.1076509,100.1076509,100.1076509,100.1076509,100.1076509,100.1076509,100.1076509,100.1076509,100.1076509,100.1076509,
CIMS.CAN.ON.Residential.Dwellings.Building Type.High Density.Vintage.1981-2000 Bldg Code.Heating (Cold),Service,ON,Residential,Heating (Cold),Heating Oil - Existing,service_request,,,CIMS.Generic Fuels.Fuel Oil,annual_tech,GJ,1.666666667,1.666666667,1.666666667,1.666666667,1.666666667,1.666666667,1.666666667,1.666666667,1.666666667,1.666666667,1.666666667,
CIMS.CAN.ON.Residential.Dwellings.Building Type.High Density.Vintage.1981-2000 Bldg Code.Heating (Cold),Service,ON,Residential,Heating (Cold),Heating Oil - High Efficiency,technology,,,,,,,,,,,,,,,,,
CIMS.CAN.ON.Residential.Dwellings.Building Type.High Density.Vintage.1981-2000 Bldg Code.Heating (Cold),Service,ON,Residential,Heating (Cold),Heating Oil - High Efficiency,available,,,,constant_tech,Year,2000,2000,2000,2000,2000,2000,2000,2000,2000,2000,2000,
CIMS.CAN.ON.Residential.Dwellings.Building Type.High Density.Vintage.1981-2000 Bldg Code.Heating (Cold),Service,ON,Residential,Heating (Cold),Heating Oil - High Efficiency,unavailable,,,,constant_tech,Year,2101,2101,2101,2101,2101,2101,2101,2101,2101,2101,2101,
CIMS.CAN.ON.Residential.Dwellings.Building Type.High Density.Vintage.1981-2000 Bldg Code.Heating (Cold),Service,ON,Residential,Heating (Cold),Heating Oil - High Efficiency,lifetime,,,,constant_tech,Years,23,23,23,23,23,23,23,23,23,23,23,
CIMS.CAN.ON.Residential.Dwellings.Building Type.High Density.Vintage.1981-2000 Bldg Code.Heating (Cold),Service,ON,Residential,Heating (Cold),Heating Oil - High Efficiency,market_share_total,,,,annual_region_tech,%,0.05114521446518,,,,,,,,,,,
CIMS.CAN.ON.Residential.Dwellings.Building Type.High Density.Vintage.1981-2000 Bldg Code.Heating (Cold),Service,ON,Residential,Heating (Cold),Heating Oil - High Efficiency,output,,,,constant_tech,node unit,31.399776,31.399776,31.399776,31.399776,31.399776,31.399776,31.399776,31.399776,31.399776,31.399776,31.399776,
CIMS.CAN.ON.Residential.Dwellings.Building Type.High Density.Vintage.1981-2000 Bldg Code.Heating (Cold),Service,ON,Residential,Heating (Cold),Heating Oil - High Efficiency,fcc,,,,constant_tech,$,9541.510477,9541.510477,9541.510477,9541.510477,9541.510477,9541.510477,9541.510477,9541.510477,9541.510477,9541.510477,9541.510477,
CIMS.CAN.ON.Residential.Dwellings.Building Type.High Density.Vintage.1981-2000 Bldg Code.Heating (Cold),Service,ON,Residential,Heating (Cold),Heating Oil - High Efficiency,fom,,,,constant_tech,$,100.1076509,100.1076509,100.1076509,100.1076509,100.1076509,100.1076509,100.1076509,100.1076509,100.1076509,100.1076509,100.1076509,
CIMS.CAN.ON.Residential.Dwellings.Building Type.High Density.Vintage.1981-2000 Bldg Code.Heating (Cold),Service,ON,Residential,Heating (Cold),Heating Oil - High Efficiency,service_request,,,CIMS.Generic Fuels.Fuel Oil,annual_tech,GJ,1.162790698,1.162790698,1.162790698,1.162790698,1.162790698,1.162790698,1.162790698,1.162790698,1.162790698,1.162790698,1.162790698,
CIMS.CAN.ON.Residential.Dwellings.Building Type.High Density.Vintage.1981-2000 Bldg Code.Heating (Cold),Service,ON,Residential,Heating (Cold),Wood,technology,,,,,,,,,,,,,,,,,
CIMS.CAN.ON.Residential.Dwellings.Building Type.High Density.Vintage.1981-2000 Bldg Code.Heating (Cold),Service,ON,Residential,Heating (Cold),Wood,available,,,,constant_tech,Year,1950,1950,1950,1950,1950,1950,1950,1950,1950,1950,1950,
CIMS.CAN.ON.Residential.Dwellings.Building Type.High Density.Vintage.1981-2000 Bldg Code.Heating (Cold),Service,ON,Residential,Heating (Cold),Wood,unavailable,,,,constant_tech,Year,2101,2101,2101,2101,2101,2101,2101,2101,2101,2101,2101,
CIMS.CAN.ON.Residential.Dwellings.Building Type.High Density.Vintage.1981-2000 Bldg Code.Heating (Cold),Service,ON,Residential,Heating (Cold),Wood,lifetime,,,,constant_tech,Years,18.5,18.5,18.5,18.5,18.5,18.5,18.5,18.5,18.5,18.5,18.5,
CIMS.CAN.ON.Residential.Dwellings.Building Type.High Density.Vintage.1981-2000 Bldg Code.Heating (Cold),Service,ON,Residential,Heating (Cold),Wood,market_share_total,,,,annual_region_tech,%,0.02350568770993,,,,,,,,,,,
CIMS.CAN.ON.Residential.Dwellings.Building Type.High Density.Vintage.1981-2000 Bldg Code.Heating (Cold),Service,ON,Residential,Heating (Cold),Wood,output,,,,constant_tech,node unit,31.399776,31.399776,31.399776,31.399776,31.399776,31.399776,31.399776,31.399776,31.399776,31.399776,31.399776,
CIMS.CAN.ON.Residential.Dwellings.Building Type.High Density.Vintage.1981-2000 Bldg Code.Heating (Cold),Service,ON,Residential,Heating (Cold),Wood,fcc,,,,constant_tech,$,8000.269768,8000.269768,8000.269768,8000.269768,8000.269768,8000.269768,8000.269768,8000.269768,8000.269768,8000.269768,8000.269768,
CIMS.CAN.ON.Residential.Dwellings.Building Type.High Density.Vintage.1981-2000 Bldg Code.Heating (Cold),Service,ON,Residential,Heating (Cold),Wood,fom,,,,constant_tech,$,250.2691273,250.2691273,250.2691273,250.2691273,250.2691273,250.2691273,250.2691273,250.2691273,250.2691273,250.2691273,250.2691273,
CIMS.CAN.ON.Residential.Dwellings.Building Type.High Density.Vintage.1981-2000 Bldg Code.Heating (Cold),Service,ON,Residential,Heating (Cold),Wood,service_request,,,CIMS.Generic Fuels.Solid Biomass,annual_tech,GJ,2,2,2,2,2,2,2,2,2,2,2,
CIMS.CAN.ON.Residential.Dwellings.Building Type.High Density.Vintage.2001-2020 Bldg Code,Service,ON,Residential,2001-2020 Bldg Code,,service_provide,,,,constant_tech,m2,,,,,,,,,,,,
CIMS.CAN.ON.Residential.Dwellings.Building Type.High Density.Vintage.2001-2020 Bldg Code,Service,ON,Residential,2001-2020 Bldg Code,,competition,Tech Compete,,,,,,,,,,,,,,,,
CIMS.CAN.ON.Residential.Dwellings.Building Type.High Density.Vintage.2001-2020 Bldg Code,Service,ON,Residential,2001-2020 Bldg Code,,discount_rate_financial,,,,constant_tech,%,0.25,0.25,0.25,0.25,0.25,0.25,0.25,0.25,0.25,0.25,0.25,
CIMS.CAN.ON.Residential.Dwellings.Building Type.High Density.Vintage.2001-2020 Bldg Code,Service,ON,Residential,2001-2020 Bldg Code,,heterogeneity,,,,constant_tech,,10,10,10,10,10,10,10,10,10,10,10,
CIMS.CAN.ON.Residential.Dwellings.Building Type.High Density.Vintage.2001-2020 Bldg Code,Service,ON,Residential,2001-2020 Bldg Code,Reference,technology,,,,,,,,,,,,,,,,,
CIMS.CAN.ON.Residential.Dwellings.Building Type.High Density.Vintage.2001-2020 Bldg Code,Service,ON,Residential,2001-2020 Bldg Code,Reference,available,,,,constant_tech,Year,2001,2001,2001,2001,2001,2001,2001,2001,2001,2001,2001,
CIMS.CAN.ON.Residential.Dwellings.Building Type.High Density.Vintage.2001-2020 Bldg Code,Service,ON,Residential,2001-2020 Bldg Code,Reference,unavailable,,,,constant_tech,Year,2021,2021,2021,2021,2021,2021,2021,2021,2021,2021,2021,
CIMS.CAN.ON.Residential.Dwellings.Building Type.High Density.Vintage.2001-2020 Bldg Code,Service,ON,Residential,2001-2020 Bldg Code,Reference,lifetime,,,,constant_tech,Years,80,80,80,80,80,80,80,80,80,80,80,
CIMS.CAN.ON.Residential.Dwellings.Building Type.High Density.Vintage.2001-2020 Bldg Code,Service,ON,Residential,2001-2020 Bldg Code,Reference,market_share_total,,,,annual_tech,%,1,,,,,,,,,,,
CIMS.CAN.ON.Residential.Dwellings.Building Type.High Density.Vintage.2001-2020 Bldg Code,Service,ON,Residential,2001-2020 Bldg Code,Reference,service_request,,,CIMS.CAN.ON.Residential.Dwellings.Building Type.High Density.Vintage.2001-2020 Bldg Code.Heating (Cold),annual_region_tech,GJ,0.38686410157842,0.3018033725252,0.22848891990944,0.20709386741257,0.15313140410094,0.15313140410094,0.15313140410094,0.15313140410094,0.15313140410094,0.15313140410094,0.15313140410094,
CIMS.CAN.ON.Residential.Dwellings.Building Type.High Density.Vintage.2001-2020 Bldg Code,Service,ON,Residential,2001-2020 Bldg Code,Retrofit Average,technology,,,,,,,,,,,,,,,,,
CIMS.CAN.ON.Residential.Dwellings.Building Type.High Density.Vintage.2001-2020 Bldg Code,Service,ON,Residential,2001-2020 Bldg Code,Retrofit Average,available,,,,constant_tech,Year,2001,2001,2001,2001,2001,2001,2001,2001,2001,2001,2001,
CIMS.CAN.ON.Residential.Dwellings.Building Type.High Density.Vintage.2001-2020 Bldg Code,Service,ON,Residential,2001-2020 Bldg Code,Retrofit Average,unavailable,,,,constant_tech,Year,2101,2101,2101,2101,2101,2101,2101,2101,2101,2101,2101,
CIMS.CAN.ON.Residential.Dwellings.Building Type.High Density.Vintage.2001-2020 Bldg Code,Service,ON,Residential,2001-2020 Bldg Code,Retrofit Average,lifetime,,,,constant_tech,Years,80,80,80,80,80,80,80,80,80,80,80,
CIMS.CAN.ON.Residential.Dwellings.Building Type.High Density.Vintage.2001-2020 Bldg Code,Service,ON,Residential,2001-2020 Bldg Code,Retrofit Average,market_share_total,,,,annual_tech,%,0,,,,,,,,,,,
CIMS.CAN.ON.Residential.Dwellings.Building Type.High Density.Vintage.2001-2020 Bldg Code,Service,ON,Residential,2001-2020 Bldg Code,Retrofit Average,fcc,,,,constant_tech,$,1565,1565,1565,1565,1565,1565,1565,1565,1565,1565,1565,
CIMS.CAN.ON.Residential.Dwellings.Building Type.High Density.Vintage.2001-2020 Bldg Code,Service,ON,Residential,2001-2020 Bldg Code,Retrofit Average,market_share_new_max,,,,constant_tech,%,0,0,0,0,0,0,0,0,0,0,0,
CIMS.CAN.ON.Residential.Dwellings.Building Type.High Density.Vintage.2001-2020 Bldg Code,Service,ON,Residential,2001-2020 Bldg Code,Retrofit Average,service_request,,,CIMS.CAN.ON.Residential.Dwellings.Building Type.High Density.Vintage.2001-2020 Bldg Code.Heating (Cold),annual_region_tech,GJ,0.27080487110489,0.21126236076764,0.15994224393661,0.1449657071888,0.10719198287066,0.10719198287066,0.10719198287066,0.10719198287066,0.10719198287066,0.10719198287066,0.10719198287066,
CIMS.CAN.ON.Residential.Dwellings.Building Type.High Density.Vintage.2001-2020 Bldg Code,Service,ON,Residential,2001-2020 Bldg Code,Retrofit Deep,technology,,,,,,,,,,,,,,,,,
CIMS.CAN.ON.Residential.Dwellings.Building Type.High Density.Vintage.2001-2020 Bldg Code,Service,ON,Residential,2001-2020 Bldg Code,Retrofit Deep,available,,,,constant_tech,Year,2001,2001,2001,2001,2001,2001,2001,2001,2001,2001,2001,
CIMS.CAN.ON.Residential.Dwellings.Building Type.High Density.Vintage.2001-2020 Bldg Code,Service,ON,Residential,2001-2020 Bldg Code,Retrofit Deep,unavailable,,,,constant_tech,Year,2101,2101,2101,2101,2101,2101,2101,2101,2101,2101,2101,
CIMS.CAN.ON.Residential.Dwellings.Building Type.High Density.Vintage.2001-2020 Bldg Code,Service,ON,Residential,2001-2020 Bldg Code,Retrofit Deep,lifetime,,,,constant_tech,Years,80,80,80,80,80,80,80,80,80,80,80,
CIMS.CAN.ON.Residential.Dwellings.Building Type.High Density.Vintage.2001-2020 Bldg Code,Service,ON,Residential,2001-2020 Bldg Code,Retrofit Deep,market_share_total,,,,annual_tech,%,0,,,,,,,,,,,
CIMS.CAN.ON.Residential.Dwellings.Building Type.High Density.Vintage.2001-2020 Bldg Code,Service,ON,Residential,2001-2020 Bldg Code,Retrofit Deep,fcc,,,,constant_tech,$,3130,3130,3130,3130,3130,3130,3130,3130,3130,3130,3130,
CIMS.CAN.ON.Residential.Dwellings.Building Type.High Density.Vintage.2001-2020 Bldg Code,Service,ON,Residential,2001-2020 Bldg Code,Retrofit Deep,market_share_new_max,,,,constant_tech,%,0,0,0,0,0,0,0,0,0,0,0,
CIMS.CAN.ON.Residential.Dwellings.Building Type.High Density.Vintage.2001-2020 Bldg Code,Service,ON,Residential,2001-2020 Bldg Code,Retrofit Deep,service_request,,,CIMS.CAN.ON.Residential.Dwellings.Building Type.High Density.Vintage.2001-2020 Bldg Code.Heating (Cold),annual_region_tech,GJ,0.19343205078921,0.1509016862626,0.11424445995472,0.10354693370628,0.07656570205047,0.07656570205047,0.07656570205047,0.07656570205047,0.07656570205047,0.07656570205047,0.07656570205047,
CIMS.CAN.ON.Residential.Dwellings.Building Type.High Density.Vintage.2001-2020 Bldg Code.Heating (Cold),Service,ON,Residential,Heating (Cold),,service_provide,,,,constant_tech,GJ of heat,,,,,,,,,,,,
CIMS.CAN.ON.Residential.Dwellings.Building Type.High Density.Vintage.2001-2020 Bldg Code.Heating (Cold),Service,ON,Residential,Heating (Cold),,competition,Tech Compete,,,,,,,,,,,,,,,,
CIMS.CAN.ON.Residential.Dwellings.Building Type.High Density.Vintage.2001-2020 Bldg Code.Heating (Cold),Service,ON,Residential,Heating (Cold),,discount_rate_financial,,,,constant_tech,%,0.25,0.25,0.25,0.25,0.25,0.25,0.25,0.25,0.25,0.25,0.25,
CIMS.CAN.ON.Residential.Dwellings.Building Type.High Density.Vintage.2001-2020 Bldg Code.Heating (Cold),Service,ON,Residential,Heating (Cold),,inheritance,intercept_retirement,,,constant_tech,,FALSE,FALSE,FALSE,FALSE,FALSE,FALSE,FALSE,FALSE,FALSE,FALSE,FALSE,
CIMS.CAN.ON.Residential.Dwellings.Building Type.High Density.Vintage.2001-2020 Bldg Code.Heating (Cold),Service,ON,Residential,Heating (Cold),,heterogeneity,,,,constant_tech,,10,10,10,10,10,10,10,10,10,10,10,
CIMS.CAN.ON.Residential.Dwellings.Building Type.High Density.Vintage.2001-2020 Bldg Code.Heating (Cold),Service,ON,Residential,Heating (Cold),NG - Standard Efficiency,technology,,,,,,,,,,,,,,,,,
CIMS.CAN.ON.Residential.Dwellings.Building Type.High Density.Vintage.2001-2020 Bldg Code.Heating (Cold),Service,ON,Residential,Heating (Cold),NG - Standard Efficiency,available,,,,constant_tech,Year,1990,1990,1990,1990,1990,1990,1990,1990,1990,1990,1990,
CIMS.CAN.ON.Residential.Dwellings.Building Type.High Density.Vintage.2001-2020 Bldg Code.Heating (Cold),Service,ON,Residential,Heating (Cold),NG - Standard Efficiency,unavailable,,,,constant_tech,Year,2101,2101,2101,2101,2101,2101,2101,2101,2101,2101,2101,
CIMS.CAN.ON.Residential.Dwellings.Building Type.High Density.Vintage.2001-2020 Bldg Code.Heating (Cold),Service,ON,Residential,Heating (Cold),NG - Standard Efficiency,lifetime,,,,constant_tech,Years,19,19,19,19,19,19,19,19,19,19,19,
CIMS.CAN.ON.Residential.Dwellings.Building Type.High Density.Vintage.2001-2020 Bldg Code.Heating (Cold),Service,ON,Residential,Heating (Cold),NG - Standard Efficiency,market_share_total,,,,annual_tech,%,1,,,,,,,,,,,
CIMS.CAN.ON.Residential.Dwellings.Building Type.High Density.Vintage.2001-2020 Bldg Code.Heating (Cold),Service,ON,Residential,Heating (Cold),NG - Standard Efficiency,output,,,,constant_tech,node unit,31.399776,31.399776,31.399776,31.399776,31.399776,31.399776,31.399776,31.399776,31.399776,31.399776,31.399776,
CIMS.CAN.ON.Residential.Dwellings.Building Type.High Density.Vintage.2001-2020 Bldg Code.Heating (Cold),Service,ON,Residential,Heating (Cold),NG - Standard Efficiency,fcc,,,,constant_tech,$,5005.382545,5005.382545,5005.382545,5005.382545,5005.382545,5005.382545,5005.382545,5005.382545,5005.382545,5005.382545,5005.382545,
CIMS.CAN.ON.Residential.Dwellings.Building Type.High Density.Vintage.2001-2020 Bldg Code.Heating (Cold),Service,ON,Residential,Heating (Cold),NG - Standard Efficiency,fom,,,,constant_tech,$,162.6749327,162.6749327,162.6749327,162.6749327,162.6749327,162.6749327,162.6749327,162.6749327,162.6749327,162.6749327,162.6749327,
CIMS.CAN.ON.Residential.Dwellings.Building Type.High Density.Vintage.2001-2020 Bldg Code.Heating (Cold),Service,ON,Residential,Heating (Cold),NG - Standard Efficiency,service_request,,,CIMS.CAN.ON.Residential.Methane Blend,annual_tech,GJ,1.32911392425,1.32911392425,1.32911392425,1.32911392425,1.32911392425,1.32911392425,1.32911392425,1.32911392425,1.32911392425,1.32911392425,1.32911392425,
CIMS.CAN.ON.Residential.Dwellings.Building Type.High Density.Vintage.2001-2020 Bldg Code.Heating (Cold),Service,ON,Residential,Heating (Cold),NG - High Efficiency,technology,,,,,,,,,,,,,,,,,
CIMS.CAN.ON.Residential.Dwellings.Building Type.High Density.Vintage.2001-2020 Bldg Code.Heating (Cold),Service,ON,Residential,Heating (Cold),NG - High Efficiency,available,,,,constant_tech,Year,2000,2000,2000,2000,2000,2000,2000,2000,2000,2000,2000,
CIMS.CAN.ON.Residential.Dwellings.Building Type.High Density.Vintage.2001-2020 Bldg Code.Heating (Cold),Service,ON,Residential,Heating (Cold),NG - High Efficiency,unavailable,,,,constant_tech,Year,2101,2101,2101,2101,2101,2101,2101,2101,2101,2101,2101,
CIMS.CAN.ON.Residential.Dwellings.Building Type.High Density.Vintage.2001-2020 Bldg Code.Heating (Cold),Service,ON,Residential,Heating (Cold),NG - High Efficiency,lifetime,,,,constant_tech,Years,19,19,19,19,19,19,19,19,19,19,19,
CIMS.CAN.ON.Residential.Dwellings.Building Type.High Density.Vintage.2001-2020 Bldg Code.Heating (Cold),Service,ON,Residential,Heating (Cold),NG - High Efficiency,market_share_total,,,,annual_tech,%,0,,,,,,,,,,,
CIMS.CAN.ON.Residential.Dwellings.Building Type.High Density.Vintage.2001-2020 Bldg Code.Heating (Cold),Service,ON,Residential,Heating (Cold),NG - High Efficiency,output,,,,constant_tech,node unit,31.399776,31.399776,31.399776,31.399776,31.399776,31.399776,31.399776,31.399776,31.399776,31.399776,31.399776,
CIMS.CAN.ON.Residential.Dwellings.Building Type.High Density.Vintage.2001-2020 Bldg Code.Heating (Cold),Service,ON,Residential,Heating (Cold),NG - High Efficiency,fcc,,,,constant_tech,$,6231.7012692,6231.7012692,6231.7012692,6231.7012692,6231.7012692,6231.7012692,6231.7012692,6231.7012692,6231.7012692,6231.7012692,6231.7012692,
CIMS.CAN.ON.Residential.Dwellings.Building Type.High Density.Vintage.2001-2020 Bldg Code.Heating (Cold),Service,ON,Residential,Heating (Cold),NG - High Efficiency,fom,,,,constant_tech,$,162.6749327,162.6749327,162.6749327,162.6749327,162.6749327,162.6749327,162.6749327,162.6749327,162.6749327,162.6749327,162.6749327,
CIMS.CAN.ON.Residential.Dwellings.Building Type.High Density.Vintage.2001-2020 Bldg Code.Heating (Cold),Service,ON,Residential,Heating (Cold),NG - High Efficiency,service_request,,,CIMS.CAN.ON.Residential.Methane Blend,annual_tech,GJ,1.16666666655,1.16666666655,1.16666666655,1.16666666655,1.16666666655,1.16666666655,1.16666666655,1.16666666655,1.16666666655,1.16666666655,1.16666666655,
CIMS.CAN.ON.Residential.Dwellings.Building Type.High Density.Vintage.2001-2020 Bldg Code.Heating (Cold),Service,ON,Residential,Heating (Cold),NG - ASHP / NG - backup,technology,,,,,,,,,,,,,,,,,
CIMS.CAN.ON.Residential.Dwellings.Building Type.High Density.Vintage.2001-2020 Bldg Code.Heating (Cold),Service,ON,Residential,Heating (Cold),NG - ASHP / NG - backup,available,,,,constant_tech,Year,2000,2000,2000,2000,2000,2000,2000,2000,2000,2000,2000,
CIMS.CAN.ON.Residential.Dwellings.Building Type.High Density.Vintage.2001-2020 Bldg Code.Heating (Cold),Service,ON,Residential,Heating (Cold),NG - ASHP / NG - backup,unavailable,,,,constant_tech,Year,2101,2101,2101,2101,2101,2101,2101,2101,2101,2101,2101,
CIMS.CAN.ON.Residential.Dwellings.Building Type.High Density.Vintage.2001-2020 Bldg Code.Heating (Cold),Service,ON,Residential,Heating (Cold),NG - ASHP / NG - backup,lifetime,,,,constant_tech,Years,15,15,15,15,15,15,15,15,15,15,15,
CIMS.CAN.ON.Residential.Dwellings.Building Type.High Density.Vintage.2001-2020 Bldg Code.Heating (Cold),Service,ON,Residential,Heating (Cold),NG - ASHP / NG - backup,market_share_total,,,,annual_tech,%,0,,,,,,,,,,,
CIMS.CAN.ON.Residential.Dwellings.Building Type.High Density.Vintage.2001-2020 Bldg Code.Heating (Cold),Service,ON,Residential,Heating (Cold),NG - ASHP / NG - backup,output,,,,constant_tech,node unit,31.399776,31.399776,31.399776,31.399776,31.399776,31.399776,31.399776,31.399776,31.399776,31.399776,31.399776,
CIMS.CAN.ON.Residential.Dwellings.Building Type.High Density.Vintage.2001-2020 Bldg Code.Heating (Cold),Service,ON,Residential,Heating (Cold),NG - ASHP / NG - backup,fcc,,,,constant_tech,$,20015.27345,20015.27345,20015.27345,20015.27345,20015.27345,20015.27345,20015.27345,20015.27345,20015.27345,20015.27345,20015.27345,
CIMS.CAN.ON.Residential.Dwellings.Building Type.High Density.Vintage.2001-2020 Bldg Code.Heating (Cold),Service,ON,Residential,Heating (Cold),NG - ASHP / NG - backup,fom,,,,constant_tech,$,250.2691273,250.2691273,250.2691273,250.2691273,250.2691273,250.2691273,250.2691273,250.2691273,250.2691273,250.2691273,250.2691273,
CIMS.CAN.ON.Residential.Dwellings.Building Type.High Density.Vintage.2001-2020 Bldg Code.Heating (Cold),Service,ON,Residential,Heating (Cold),NG - ASHP / NG - backup,service_request,,,CIMS.CAN.ON.Residential.Methane Blend,annual_tech,GJ,2.1593627892625,2.1593627892625,2.1593627892625,2.1593627892625,2.1593627892625,2.1593627892625,2.1593627892625,2.1593627892625,2.1593627892625,2.1593627892625,2.1593627892625,
CIMS.CAN.ON.Residential.Dwellings.Building Type.High Density.Vintage.2001-2020 Bldg Code.Heating (Cold),Service,ON,Residential,Heating (Cold),NG - ASHP / NG - backup,service_request,,,CIMS.CAN.ON.Residential.Dwellings.Building Type.High Density.Cooling,annual_tech,GJ of cooling,-0.004568364,-0.004568364,-0.004568364,-0.004568364,-0.004568364,-0.004568364,-0.004568364,-0.004568364,-0.004568364,-0.004568364,-0.004568364,
CIMS.CAN.ON.Residential.Dwellings.Building Type.High Density.Vintage.2001-2020 Bldg Code.Heating (Cold),Service,ON,Residential,Heating (Cold),Electric - Standard Efficiency,technology,,,,,,,,,,,,,,,,,
CIMS.CAN.ON.Residential.Dwellings.Building Type.High Density.Vintage.2001-2020 Bldg Code.Heating (Cold),Service,ON,Residential,Heating (Cold),Electric - Standard Efficiency,available,,,,constant_tech,Year,1950,1950,1950,1950,1950,1950,1950,1950,1950,1950,1950,
CIMS.CAN.ON.Residential.Dwellings.Building Type.High Density.Vintage.2001-2020 Bldg Code.Heating (Cold),Service,ON,Residential,Heating (Cold),Electric - Standard Efficiency,unavailable,,,,constant_tech,Year,2101,2101,2101,2101,2101,2101,2101,2101,2101,2101,2101,
CIMS.CAN.ON.Residential.Dwellings.Building Type.High Density.Vintage.2001-2020 Bldg Code.Heating (Cold),Service,ON,Residential,Heating (Cold),Electric - Standard Efficiency,lifetime,,,,constant_tech,Years,22.5,22.5,22.5,22.5,22.5,22.5,22.5,22.5,22.5,22.5,22.5,
CIMS.CAN.ON.Residential.Dwellings.Building Type.High Density.Vintage.2001-2020 Bldg Code.Heating (Cold),Service,ON,Residential,Heating (Cold),Electric - Standard Efficiency,market_share_total,,,,annual_tech,%,0,,,,,,,,,,,
CIMS.CAN.ON.Residential.Dwellings.Building Type.High Density.Vintage.2001-2020 Bldg Code.Heating (Cold),Service,ON,Residential,Heating (Cold),Electric - Standard Efficiency,output,,,,constant_tech,node unit,31.399776,31.399776,31.399776,31.399776,31.399776,31.399776,31.399776,31.399776,31.399776,31.399776,31.399776,
CIMS.CAN.ON.Residential.Dwellings.Building Type.High Density.Vintage.2001-2020 Bldg Code.Heating (Cold),Service,ON,Residential,Heating (Cold),Electric - Standard Efficiency,fcc,,,,constant_tech,$,3822.860919,3822.860919,3822.860919,3822.860919,3822.860919,3822.860919,3822.860919,3822.860919,3822.860919,3822.860919,3822.860919,
CIMS.CAN.ON.Residential.Dwellings.Building Type.High Density.Vintage.2001-2020 Bldg Code.Heating (Cold),Service,ON,Residential,Heating (Cold),Electric - Standard Efficiency,service_request,,,CIMS.CAN.ON.Electricity,annual_tech,GJ,1,1,1,1,1,1,1,1,1,1,1,
CIMS.CAN.ON.Residential.Dwellings.Building Type.High Density.Vintage.2001-2020 Bldg Code.Heating (Cold),Service,ON,Residential,Heating (Cold),Electric - ASHP / NG - backup,technology,,,,,,,,,,,,,,,,,
CIMS.CAN.ON.Residential.Dwellings.Building Type.High Density.Vintage.2001-2020 Bldg Code.Heating (Cold),Service,ON,Residential,Heating (Cold),Electric - ASHP / NG - backup,available,,,,constant_tech,Year,2000,2000,2000,2000,2000,2000,2000,2000,2000,2000,2000,
CIMS.CAN.ON.Residential.Dwellings.Building Type.High Density.Vintage.2001-2020 Bldg Code.Heating (Cold),Service,ON,Residential,Heating (Cold),Electric - ASHP / NG - backup,unavailable,,,,constant_tech,Year,2101,2101,2101,2101,2101,2101,2101,2101,2101,2101,2101,
CIMS.CAN.ON.Residential.Dwellings.Building Type.High Density.Vintage.2001-2020 Bldg Code.Heating (Cold),Service,ON,Residential,Heating (Cold),Electric - ASHP / NG - backup,lifetime,,,,constant_tech,Years,15.5,15.5,15.5,15.5,15.5,15.5,15.5,15.5,15.5,15.5,15.5,
CIMS.CAN.ON.Residential.Dwellings.Building Type.High Density.Vintage.2001-2020 Bldg Code.Heating (Cold),Service,ON,Residential,Heating (Cold),Electric - ASHP / NG - backup,market_share_total,,,,annual_tech,%,0,,,,,,,,,,,
CIMS.CAN.ON.Residential.Dwellings.Building Type.High Density.Vintage.2001-2020 Bldg Code.Heating (Cold),Service,ON,Residential,Heating (Cold),Electric - ASHP / NG - backup,output,,,,constant_tech,node unit,31.399776,31.399776,31.399776,31.399776,31.399776,31.399776,31.399776,31.399776,31.399776,31.399776,31.399776,
CIMS.CAN.ON.Residential.Dwellings.Building Type.High Density.Vintage.2001-2020 Bldg Code.Heating (Cold),Service,ON,Residential,Heating (Cold),Electric - ASHP / NG - backup,fcc,,,,constant_tech,$,9647.874856,9647.874856,9647.874856,9647.874856,9647.874856,9647.874856,9647.874856,9647.874856,9647.874856,9647.874856,9647.874856,
CIMS.CAN.ON.Residential.Dwellings.Building Type.High Density.Vintage.2001-2020 Bldg Code.Heating (Cold),Service,ON,Residential,Heating (Cold),Electric - ASHP / NG - backup,fom,,,,constant_tech,$,269.0393118,269.0393118,269.0393118,269.0393118,269.0393118,269.0393118,269.0393118,269.0393118,269.0393118,269.0393118,269.0393118,
CIMS.CAN.ON.Residential.Dwellings.Building Type.High Density.Vintage.2001-2020 Bldg Code.Heating (Cold),Service,ON,Residential,Heating (Cold),Electric - ASHP / NG - backup,service_request,,,CIMS.CAN.ON.Electricity,annual_tech,GJ,0.72747607755,0.72747607755,0.72747607755,0.72747607755,0.72747607755,0.72747607755,0.72747607755,0.72747607755,0.72747607755,0.72747607755,0.72747607755,
CIMS.CAN.ON.Residential.Dwellings.Building Type.High Density.Vintage.2001-2020 Bldg Code.Heating (Cold),Service,ON,Residential,Heating (Cold),Electric - ASHP / NG - backup,service_request,,,CIMS.CAN.ON.Residential.Methane Blend,annual_tech,GJ,0.0583333333275,0.0583333333275,0.0583333333275,0.0583333333275,0.0583333333275,0.0583333333275,0.0583333333275,0.0583333333275,0.0583333333275,0.0583333333275,0.0583333333275,
CIMS.CAN.ON.Residential.Dwellings.Building Type.High Density.Vintage.2001-2020 Bldg Code.Heating (Cold),Service,ON,Residential,Heating (Cold),Electric - ASHP / NG - backup,service_request,,,CIMS.CAN.ON.Residential.Dwellings.Building Type.High Density.Cooling,annual_tech,GJ of cooling,-0.004568364,-0.004568364,-0.004568364,-0.004568364,-0.004568364,-0.004568364,-0.004568364,-0.004568364,-0.004568364,-0.004568364,-0.004568364,
CIMS.CAN.ON.Residential.Dwellings.Building Type.High Density.Vintage.2001-2020 Bldg Code.Heating (Cold),Service,ON,Residential,Heating (Cold),Electric - ASHP / Electric - backup,technology,,,,,,,,,,,,,,,,,
CIMS.CAN.ON.Residential.Dwellings.Building Type.High Density.Vintage.2001-2020 Bldg Code.Heating (Cold),Service,ON,Residential,Heating (Cold),Electric - ASHP / Electric - backup,available,,,,constant_tech,Year,2000,2000,2000,2000,2000,2000,2000,2000,2000,2000,2000,
CIMS.CAN.ON.Residential.Dwellings.Building Type.High Density.Vintage.2001-2020 Bldg Code.Heating (Cold),Service,ON,Residential,Heating (Cold),Electric - ASHP / Electric - backup,unavailable,,,,constant_tech,Year,2101,2101,2101,2101,2101,2101,2101,2101,2101,2101,2101,
CIMS.CAN.ON.Residential.Dwellings.Building Type.High Density.Vintage.2001-2020 Bldg Code.Heating (Cold),Service,ON,Residential,Heating (Cold),Electric - ASHP / Electric - backup,lifetime,,,,constant_tech,Years,15.5,15.5,15.5,15.5,15.5,15.5,15.5,15.5,15.5,15.5,15.5,
CIMS.CAN.ON.Residential.Dwellings.Building Type.High Density.Vintage.2001-2020 Bldg Code.Heating (Cold),Service,ON,Residential,Heating (Cold),Electric - ASHP / Electric - backup,market_share_total,,,,annual_tech,%,0,,,,,,,,,,,
CIMS.CAN.ON.Residential.Dwellings.Building Type.High Density.Vintage.2001-2020 Bldg Code.Heating (Cold),Service,ON,Residential,Heating (Cold),Electric - ASHP / Electric - backup,output,,,,constant_tech,node unit,31.399776,31.399776,31.399776,31.399776,31.399776,31.399776,31.399776,31.399776,31.399776,31.399776,31.399776,
CIMS.CAN.ON.Residential.Dwellings.Building Type.High Density.Vintage.2001-2020 Bldg Code.Heating (Cold),Service,ON,Residential,Heating (Cold),Electric - ASHP / Electric - backup,fcc,,,,constant_tech,$,9373.830161,9373.830161,9373.830161,9373.830161,9373.830161,9373.830161,9373.830161,9373.830161,9373.830161,9373.830161,9373.830161,
CIMS.CAN.ON.Residential.Dwellings.Building Type.High Density.Vintage.2001-2020 Bldg Code.Heating (Cold),Service,ON,Residential,Heating (Cold),Electric - ASHP / Electric - backup,fom,,,,constant_tech,$,106.3643791,106.3643791,106.3643791,106.3643791,106.3643791,106.3643791,106.3643791,106.3643791,106.3643791,106.3643791,106.3643791,
CIMS.CAN.ON.Residential.Dwellings.Building Type.High Density.Vintage.2001-2020 Bldg Code.Heating (Cold),Service,ON,Residential,Heating (Cold),Electric - ASHP / Electric - backup,service_request,,,CIMS.CAN.ON.Electricity,annual_tech,GJ,0.77747607755,0.77747607755,0.77747607755,0.77747607755,0.77747607755,0.77747607755,0.77747607755,0.77747607755,0.77747607755,0.77747607755,0.77747607755,
CIMS.CAN.ON.Residential.Dwellings.Building Type.High Density.Vintage.2001-2020 Bldg Code.Heating (Cold),Service,ON,Residential,Heating (Cold),Electric - ASHP / Electric - backup,service_request,,,CIMS.CAN.ON.Residential.Dwellings.Building Type.High Density.Cooling,annual_tech,GJ of cooling,-0.004568364,-0.004568364,-0.004568364,-0.004568364,-0.004568364,-0.004568364,-0.004568364,-0.004568364,-0.004568364,-0.004568364,-0.004568364,
CIMS.CAN.ON.Residential.Dwellings.Building Type.High Density.Vintage.2001-2020 Bldg Code.Heating (Cold),Service,ON,Residential,Heating (Cold),Electric - GSHP,technology,,,,,,,,,,,,,,,,,
CIMS.CAN.ON.Residential.Dwellings.Building Type.High Density.Vintage.2001-2020 Bldg Code.Heating (Cold),Service,ON,Residential,Heating (Cold),Electric - GSHP,available,,,,constant_tech,Year,2000,2000,2000,2000,2000,2000,2000,2000,2000,2000,2000,
CIMS.CAN.ON.Residential.Dwellings.Building Type.High Density.Vintage.2001-2020 Bldg Code.Heating (Cold),Service,ON,Residential,Heating (Cold),Electric - GSHP,unavailable,,,,constant_tech,Year,2101,2101,2101,2101,2101,2101,2101,2101,2101,2101,2101,
CIMS.CAN.ON.Residential.Dwellings.Building Type.High Density.Vintage.2001-2020 Bldg Code.Heating (Cold),Service,ON,Residential,Heating (Cold),Electric - GSHP,lifetime,,,,constant_tech,Years,20,20,20,20,20,20,20,20,20,20,20,
CIMS.CAN.ON.Residential.Dwellings.Building Type.High Density.Vintage.2001-2020 Bldg Code.Heating (Cold),Service,ON,Residential,Heating (Cold),Electric - GSHP,market_share_total,,,,annual_tech,%,0,,,,,,,,,,,
CIMS.CAN.ON.Residential.Dwellings.Building Type.High Density.Vintage.2001-2020 Bldg Code.Heating (Cold),Service,ON,Residential,Heating (Cold),Electric - GSHP,output,,,,constant_tech,node unit,31.399776,31.399776,31.399776,31.399776,31.399776,31.399776,31.399776,31.399776,31.399776,31.399776,31.399776,
CIMS.CAN.ON.Residential.Dwellings.Building Type.High Density.Vintage.2001-2020 Bldg Code.Heating (Cold),Service,ON,Residential,Heating (Cold),Electric - GSHP,fcc,,,,constant_tech,$,23775.56709,23775.56709,23775.56709,23775.56709,23775.56709,23775.56709,23775.56709,23775.56709,23775.56709,23775.56709,23775.56709,
CIMS.CAN.ON.Residential.Dwellings.Building Type.High Density.Vintage.2001-2020 Bldg Code.Heating (Cold),Service,ON,Residential,Heating (Cold),Electric - GSHP,fom,,,,constant_tech,$,112.6211073,112.6211073,112.6211073,112.6211073,112.6211073,112.6211073,112.6211073,112.6211073,112.6211073,112.6211073,112.6211073,
CIMS.CAN.ON.Residential.Dwellings.Building Type.High Density.Vintage.2001-2020 Bldg Code.Heating (Cold),Service,ON,Residential,Heating (Cold),Electric - GSHP,service_request,,,CIMS.CAN.ON.Electricity,annual_tech,GJ,0.486428472,0.486428472,0.486428472,0.486428472,0.486428472,0.486428472,0.486428472,0.486428472,0.486428472,0.486428472,0.486428472,
CIMS.CAN.ON.Residential.Dwellings.Building Type.High Density.Vintage.2001-2020 Bldg Code.Heating (Cold),Service,ON,Residential,Heating (Cold),Electric - GSHP,service_request,,,CIMS.CAN.ON.Residential.Dwellings.Building Type.High Density.Cooling,annual_tech,GJ of cooling,-0.004568364,-0.004568364,-0.004568364,-0.004568364,-0.004568364,-0.004568364,-0.004568364,-0.004568364,-0.004568364,-0.004568364,-0.004568364,
CIMS.CAN.ON.Residential.Dwellings.Building Type.High Density.Vintage.2001-2020 Bldg Code.Heating (Cold),Service,ON,Residential,Heating (Cold),Heating Oil - Standard Efficiency,technology,,,,,,,,,,,,,,,,,
CIMS.CAN.ON.Residential.Dwellings.Building Type.High Density.Vintage.2001-2020 Bldg Code.Heating (Cold),Service,ON,Residential,Heating (Cold),Heating Oil - Standard Efficiency,available,,,,constant_tech,Year,1950,1950,1950,1950,1950,1950,1950,1950,1950,1950,1950,
CIMS.CAN.ON.Residential.Dwellings.Building Type.High Density.Vintage.2001-2020 Bldg Code.Heating (Cold),Service,ON,Residential,Heating (Cold),Heating Oil - Standard Efficiency,unavailable,,,,constant_tech,Year,2021,2021,2021,2021,2021,2021,2021,2021,2021,2021,2021,
CIMS.CAN.ON.Residential.Dwellings.Building Type.High Density.Vintage.2001-2020 Bldg Code.Heating (Cold),Service,ON,Residential,Heating (Cold),Heating Oil - Standard Efficiency,lifetime,,,,constant_tech,Years,23,23,23,23,23,23,23,23,23,23,23,
CIMS.CAN.ON.Residential.Dwellings.Building Type.High Density.Vintage.2001-2020 Bldg Code.Heating (Cold),Service,ON,Residential,Heating (Cold),Heating Oil - Standard Efficiency,market_share_total,,,,annual_tech,%,0,,,,,,,,,,,
CIMS.CAN.ON.Residential.Dwellings.Building Type.High Density.Vintage.2001-2020 Bldg Code.Heating (Cold),Service,ON,Residential,Heating (Cold),Heating Oil - Standard Efficiency,output,,,,constant_tech,node unit,31.399776,31.399776,31.399776,31.399776,31.399776,31.399776,31.399776,31.399776,31.399776,31.399776,31.399776,
CIMS.CAN.ON.Residential.Dwellings.Building Type.High Density.Vintage.2001-2020 Bldg Code.Heating (Cold),Service,ON,Residential,Heating (Cold),Heating Oil - Standard Efficiency,fcc,,,,constant_tech,$,6444.430027,6444.430027,6444.430027,6444.430027,6444.430027,6444.430027,6444.430027,6444.430027,6444.430027,6444.430027,6444.430027,
CIMS.CAN.ON.Residential.Dwellings.Building Type.High Density.Vintage.2001-2020 Bldg Code.Heating (Cold),Service,ON,Residential,Heating (Cold),Heating Oil - Standard Efficiency,fom,,,,constant_tech,$,100.1076509,100.1076509,100.1076509,100.1076509,100.1076509,100.1076509,100.1076509,100.1076509,100.1076509,100.1076509,100.1076509,
CIMS.CAN.ON.Residential.Dwellings.Building Type.High Density.Vintage.2001-2020 Bldg Code.Heating (Cold),Service,ON,Residential,Heating (Cold),Heating Oil - Standard Efficiency,service_request,,,CIMS.Generic Fuels.Fuel Oil,annual_tech,GJ,1.282051282,1.282051282,1.282051282,1.282051282,1.282051282,1.282051282,1.282051282,1.282051282,1.282051282,1.282051282,1.282051282,
CIMS.CAN.ON.Residential.Dwellings.Building Type.High Density.Vintage.2001-2020 Bldg Code.Heating (Cold),Service,ON,Residential,Heating (Cold),Heating Oil - High Efficiency,technology,,,,,,,,,,,,,,,,,
CIMS.CAN.ON.Residential.Dwellings.Building Type.High Density.Vintage.2001-2020 Bldg Code.Heating (Cold),Service,ON,Residential,Heating (Cold),Heating Oil - High Efficiency,available,,,,constant_tech,Year,2000,2000,2000,2000,2000,2000,2000,2000,2000,2000,2000,
CIMS.CAN.ON.Residential.Dwellings.Building Type.High Density.Vintage.2001-2020 Bldg Code.Heating (Cold),Service,ON,Residential,Heating (Cold),Heating Oil - High Efficiency,unavailable,,,,constant_tech,Year,2101,2101,2101,2101,2101,2101,2101,2101,2101,2101,2101,
CIMS.CAN.ON.Residential.Dwellings.Building Type.High Density.Vintage.2001-2020 Bldg Code.Heating (Cold),Service,ON,Residential,Heating (Cold),Heating Oil - High Efficiency,lifetime,,,,constant_tech,Years,23,23,23,23,23,23,23,23,23,23,23,
CIMS.CAN.ON.Residential.Dwellings.Building Type.High Density.Vintage.2001-2020 Bldg Code.Heating (Cold),Service,ON,Residential,Heating (Cold),Heating Oil - High Efficiency,market_share_total,,,,annual_tech,%,0,,,,,,,,,,,
CIMS.CAN.ON.Residential.Dwellings.Building Type.High Density.Vintage.2001-2020 Bldg Code.Heating (Cold),Service,ON,Residential,Heating (Cold),Heating Oil - High Efficiency,output,,,,constant_tech,node unit,31.399776,31.399776,31.399776,31.399776,31.399776,31.399776,31.399776,31.399776,31.399776,31.399776,31.399776,
CIMS.CAN.ON.Residential.Dwellings.Building Type.High Density.Vintage.2001-2020 Bldg Code.Heating (Cold),Service,ON,Residential,Heating (Cold),Heating Oil - High Efficiency,fcc,,,,constant_tech,$,9541.510477,9541.510477,9541.510477,9541.510477,9541.510477,9541.510477,9541.510477,9541.510477,9541.510477,9541.510477,9541.510477,
CIMS.CAN.ON.Residential.Dwellings.Building Type.High Density.Vintage.2001-2020 Bldg Code.Heating (Cold),Service,ON,Residential,Heating (Cold),Heating Oil - High Efficiency,fom,,,,constant_tech,$,100.1076509,100.1076509,100.1076509,100.1076509,100.1076509,100.1076509,100.1076509,100.1076509,100.1076509,100.1076509,100.1076509,
CIMS.CAN.ON.Residential.Dwellings.Building Type.High Density.Vintage.2001-2020 Bldg Code.Heating (Cold),Service,ON,Residential,Heating (Cold),Heating Oil - High Efficiency,service_request,,,CIMS.Generic Fuels.Fuel Oil,annual_tech,GJ,1.162790698,1.162790698,1.162790698,1.162790698,1.162790698,1.162790698,1.162790698,1.162790698,1.162790698,1.162790698,1.162790698,
CIMS.CAN.ON.Residential.Dwellings.Building Type.High Density.Vintage.2001-2020 Bldg Code.Heating (Cold),Service,ON,Residential,Heating (Cold),Wood,technology,,,,,,,,,,,,,,,,,
CIMS.CAN.ON.Residential.Dwellings.Building Type.High Density.Vintage.2001-2020 Bldg Code.Heating (Cold),Service,ON,Residential,Heating (Cold),Wood,available,,,,constant_tech,Year,1950,1950,1950,1950,1950,1950,1950,1950,1950,1950,1950,
CIMS.CAN.ON.Residential.Dwellings.Building Type.High Density.Vintage.2001-2020 Bldg Code.Heating (Cold),Service,ON,Residential,Heating (Cold),Wood,unavailable,,,,constant_tech,Year,2101,2101,2101,2101,2101,2101,2101,2101,2101,2101,2101,
CIMS.CAN.ON.Residential.Dwellings.Building Type.High Density.Vintage.2001-2020 Bldg Code.Heating (Cold),Service,ON,Residential,Heating (Cold),Wood,lifetime,,,,constant_tech,Years,18.5,18.5,18.5,18.5,18.5,18.5,18.5,18.5,18.5,18.5,18.5,
CIMS.CAN.ON.Residential.Dwellings.Building Type.High Density.Vintage.2001-2020 Bldg Code.Heating (Cold),Service,ON,Residential,Heating (Cold),Wood,market_share_total,,,,annual_tech,%,0,,,,,,,,,,,
CIMS.CAN.ON.Residential.Dwellings.Building Type.High Density.Vintage.2001-2020 Bldg Code.Heating (Cold),Service,ON,Residential,Heating (Cold),Wood,output,,,,constant_tech,node unit,31.399776,31.399776,31.399776,31.399776,31.399776,31.399776,31.399776,31.399776,31.399776,31.399776,31.399776,
CIMS.CAN.ON.Residential.Dwellings.Building Type.High Density.Vintage.2001-2020 Bldg Code.Heating (Cold),Service,ON,Residential,Heating (Cold),Wood,fcc,,,,constant_tech,$,8000.269768,8000.269768,8000.269768,8000.269768,8000.269768,8000.269768,8000.269768,8000.269768,8000.269768,8000.269768,8000.269768,
CIMS.CAN.ON.Residential.Dwellings.Building Type.High Density.Vintage.2001-2020 Bldg Code.Heating (Cold),Service,ON,Residential,Heating (Cold),Wood,fom,,,,constant_tech,$,250.2691273,250.2691273,250.2691273,250.2691273,250.2691273,250.2691273,250.2691273,250.2691273,250.2691273,250.2691273,250.2691273,
CIMS.CAN.ON.Residential.Dwellings.Building Type.High Density.Vintage.2001-2020 Bldg Code.Heating (Cold),Service,ON,Residential,Heating (Cold),Wood,service_request,,,CIMS.Generic Fuels.Solid Biomass,annual_tech,GJ,2,2,2,2,2,2,2,2,2,2,2,
CIMS.CAN.ON.Residential.Dwellings.Building Type.High Density.Vintage.2021-2035 Bldg Code,Service,ON,Residential,2021-2035 Bldg Code,,service_provide,,,,constant_tech,m2,,,,,,,,,,,,
CIMS.CAN.ON.Residential.Dwellings.Building Type.High Density.Vintage.2021-2035 Bldg Code,Service,ON,Residential,2021-2035 Bldg Code,,competition,Tech Compete,,,,,,,,,,,,,,,,
CIMS.CAN.ON.Residential.Dwellings.Building Type.High Density.Vintage.2021-2035 Bldg Code,Service,ON,Residential,2021-2035 Bldg Code,,discount_rate_financial,,,,constant_tech,%,0.25,0.25,0.25,0.25,0.25,0.25,0.25,0.25,0.25,0.25,0.25,
CIMS.CAN.ON.Residential.Dwellings.Building Type.High Density.Vintage.2021-2035 Bldg Code,Service,ON,Residential,2021-2035 Bldg Code,,heterogeneity,,,,constant_tech,,10,10,10,10,10,10,10,10,10,10,10,
CIMS.CAN.ON.Residential.Dwellings.Building Type.High Density.Vintage.2021-2035 Bldg Code,Service,ON,Residential,2021-2035 Bldg Code,Reference,technology,,,,,,,,,,,,,,,,,
CIMS.CAN.ON.Residential.Dwellings.Building Type.High Density.Vintage.2021-2035 Bldg Code,Service,ON,Residential,2021-2035 Bldg Code,Reference,available,,,,constant_tech,Year,2021,2021,2021,2021,2021,2021,2021,2021,2021,2021,2021,
CIMS.CAN.ON.Residential.Dwellings.Building Type.High Density.Vintage.2021-2035 Bldg Code,Service,ON,Residential,2021-2035 Bldg Code,Reference,unavailable,,,,constant_tech,Year,2036,2036,2036,2036,2036,2036,2036,2036,2036,2036,2036,
CIMS.CAN.ON.Residential.Dwellings.Building Type.High Density.Vintage.2021-2035 Bldg Code,Service,ON,Residential,2021-2035 Bldg Code,Reference,lifetime,,,,constant_tech,Years,80,80,80,80,80,80,80,80,80,80,80,
CIMS.CAN.ON.Residential.Dwellings.Building Type.High Density.Vintage.2021-2035 Bldg Code,Service,ON,Residential,2021-2035 Bldg Code,Reference,market_share_total,,,,annual_tech,%,1,,,,,,,,,,,
CIMS.CAN.ON.Residential.Dwellings.Building Type.High Density.Vintage.2021-2035 Bldg Code,Service,ON,Residential,2021-2035 Bldg Code,Reference,service_request,,,CIMS.CAN.ON.Residential.Dwellings.Building Type.High Density.Vintage.2021-2035 Bldg Code.Heating (Cold),annual_region_tech,GJ,0.29014807618382,0.2263525293939,0.17136668993208,0.15532040055943,0.1148485530757,0.1148485530757,0.1148485530757,0.1148485530757,0.1148485530757,0.1148485530757,0.1148485530757,
CIMS.CAN.ON.Residential.Dwellings.Building Type.High Density.Vintage.2021-2035 Bldg Code,Service,ON,Residential,2021-2035 Bldg Code,Retrofit Average,technology,,,,,,,,,,,,,,,,,
CIMS.CAN.ON.Residential.Dwellings.Building Type.High Density.Vintage.2021-2035 Bldg Code,Service,ON,Residential,2021-2035 Bldg Code,Retrofit Average,available,,,,constant_tech,Year,2021,2021,2021,2021,2021,2021,2021,2021,2021,2021,2021,
CIMS.CAN.ON.Residential.Dwellings.Building Type.High Density.Vintage.2021-2035 Bldg Code,Service,ON,Residential,2021-2035 Bldg Code,Retrofit Average,unavailable,,,,constant_tech,Year,2101,2101,2101,2101,2101,2101,2101,2101,2101,2101,2101,
CIMS.CAN.ON.Residential.Dwellings.Building Type.High Density.Vintage.2021-2035 Bldg Code,Service,ON,Residential,2021-2035 Bldg Code,Retrofit Average,lifetime,,,,constant_tech,Years,80,80,80,80,80,80,80,80,80,80,80,
CIMS.CAN.ON.Residential.Dwellings.Building Type.High Density.Vintage.2021-2035 Bldg Code,Service,ON,Residential,2021-2035 Bldg Code,Retrofit Average,market_share_total,,,,annual_tech,%,0,,,,,,,,,,,
CIMS.CAN.ON.Residential.Dwellings.Building Type.High Density.Vintage.2021-2035 Bldg Code,Service,ON,Residential,2021-2035 Bldg Code,Retrofit Average,fcc,,,,constant_tech,$,1565,1565,1565,1565,1565,1565,1565,1565,1565,1565,1565,
CIMS.CAN.ON.Residential.Dwellings.Building Type.High Density.Vintage.2021-2035 Bldg Code,Service,ON,Residential,2021-2035 Bldg Code,Retrofit Average,market_share_new_max,,,,constant_tech,%,0,0,0,0,0,0,0,0,0,0,0,
CIMS.CAN.ON.Residential.Dwellings.Building Type.High Density.Vintage.2021-2035 Bldg Code,Service,ON,Residential,2021-2035 Bldg Code,Retrofit Average,service_request,,,CIMS.CAN.ON.Residential.Dwellings.Building Type.High Density.Vintage.2021-2035 Bldg Code.Heating (Cold),annual_region_tech,GJ,0.20310365332867,0.15844677057573,0.11995668295246,0.1087242803916,0.08039398715299,0.08039398715299,0.08039398715299,0.08039398715299,0.08039398715299,0.08039398715299,0.08039398715299,
CIMS.CAN.ON.Residential.Dwellings.Building Type.High Density.Vintage.2021-2035 Bldg Code,Service,ON,Residential,2021-2035 Bldg Code,Retrofit Deep,technology,,,,,,,,,,,,,,,,,
CIMS.CAN.ON.Residential.Dwellings.Building Type.High Density.Vintage.2021-2035 Bldg Code,Service,ON,Residential,2021-2035 Bldg Code,Retrofit Deep,available,,,,constant_tech,Year,2021,2021,2021,2021,2021,2021,2021,2021,2021,2021,2021,
CIMS.CAN.ON.Residential.Dwellings.Building Type.High Density.Vintage.2021-2035 Bldg Code,Service,ON,Residential,2021-2035 Bldg Code,Retrofit Deep,unavailable,,,,constant_tech,Year,2101,2101,2101,2101,2101,2101,2101,2101,2101,2101,2101,
CIMS.CAN.ON.Residential.Dwellings.Building Type.High Density.Vintage.2021-2035 Bldg Code,Service,ON,Residential,2021-2035 Bldg Code,Retrofit Deep,lifetime,,,,constant_tech,Years,80,80,80,80,80,80,80,80,80,80,80,
CIMS.CAN.ON.Residential.Dwellings.Building Type.High Density.Vintage.2021-2035 Bldg Code,Service,ON,Residential,2021-2035 Bldg Code,Retrofit Deep,market_share_total,,,,annual_tech,%,0,,,,,,,,,,,
CIMS.CAN.ON.Residential.Dwellings.Building Type.High Density.Vintage.2021-2035 Bldg Code,Service,ON,Residential,2021-2035 Bldg Code,Retrofit Deep,fcc,,,,constant_tech,$,3130,3130,3130,3130,3130,3130,3130,3130,3130,3130,3130,
CIMS.CAN.ON.Residential.Dwellings.Building Type.High Density.Vintage.2021-2035 Bldg Code,Service,ON,Residential,2021-2035 Bldg Code,Retrofit Deep,market_share_new_max,,,,constant_tech,%,0,0,0,0,0,0,0,0,0,0,0,
CIMS.CAN.ON.Residential.Dwellings.Building Type.High Density.Vintage.2021-2035 Bldg Code,Service,ON,Residential,2021-2035 Bldg Code,Retrofit Deep,service_request,,,CIMS.CAN.ON.Residential.Dwellings.Building Type.High Density.Vintage.2021-2035 Bldg Code.Heating (Cold),annual_region_tech,GJ,0.14507403809191,0.11317626469695,0.08568334496604,0.07766020027971,0.05742427653785,0.05742427653785,0.05742427653785,0.05742427653785,0.05742427653785,0.05742427653785,0.05742427653785,
CIMS.CAN.ON.Residential.Dwellings.Building Type.High Density.Vintage.2021-2035 Bldg Code.Heating (Cold),Service,ON,Residential,Heating (Cold),,service_provide,,,,constant_tech,GJ of heat,,,,,,,,,,,,
CIMS.CAN.ON.Residential.Dwellings.Building Type.High Density.Vintage.2021-2035 Bldg Code.Heating (Cold),Service,ON,Residential,Heating (Cold),,competition,Tech Compete,,,,,,,,,,,,,,,,
CIMS.CAN.ON.Residential.Dwellings.Building Type.High Density.Vintage.2021-2035 Bldg Code.Heating (Cold),Service,ON,Residential,Heating (Cold),,discount_rate_financial,,,,constant_tech,%,0.25,0.25,0.25,0.25,0.25,0.25,0.25,0.25,0.25,0.25,0.25,
CIMS.CAN.ON.Residential.Dwellings.Building Type.High Density.Vintage.2021-2035 Bldg Code.Heating (Cold),Service,ON,Residential,Heating (Cold),,inheritance,intercept_retirement,,,constant_tech,,FALSE,FALSE,FALSE,FALSE,FALSE,FALSE,FALSE,FALSE,FALSE,FALSE,FALSE,
CIMS.CAN.ON.Residential.Dwellings.Building Type.High Density.Vintage.2021-2035 Bldg Code.Heating (Cold),Service,ON,Residential,Heating (Cold),,heterogeneity,,,,constant_tech,,10,10,10,10,10,10,10,10,10,10,10,
CIMS.CAN.ON.Residential.Dwellings.Building Type.High Density.Vintage.2021-2035 Bldg Code.Heating (Cold),Service,ON,Residential,Heating (Cold),NG - Standard Efficiency,technology,,,,,,,,,,,,,,,,,
CIMS.CAN.ON.Residential.Dwellings.Building Type.High Density.Vintage.2021-2035 Bldg Code.Heating (Cold),Service,ON,Residential,Heating (Cold),NG - Standard Efficiency,available,,,,constant_tech,Year,1990,1990,1990,1990,1990,1990,1990,1990,1990,1990,1990,
CIMS.CAN.ON.Residential.Dwellings.Building Type.High Density.Vintage.2021-2035 Bldg Code.Heating (Cold),Service,ON,Residential,Heating (Cold),NG - Standard Efficiency,unavailable,,,,constant_tech,Year,2101,2101,2101,2101,2101,2101,2101,2101,2101,2101,2101,
CIMS.CAN.ON.Residential.Dwellings.Building Type.High Density.Vintage.2021-2035 Bldg Code.Heating (Cold),Service,ON,Residential,Heating (Cold),NG - Standard Efficiency,lifetime,,,,constant_tech,Years,19,19,19,19,19,19,19,19,19,19,19,
CIMS.CAN.ON.Residential.Dwellings.Building Type.High Density.Vintage.2021-2035 Bldg Code.Heating (Cold),Service,ON,Residential,Heating (Cold),NG - Standard Efficiency,market_share_total,,,,annual_tech,%,1,,,,,,,,,,,
CIMS.CAN.ON.Residential.Dwellings.Building Type.High Density.Vintage.2021-2035 Bldg Code.Heating (Cold),Service,ON,Residential,Heating (Cold),NG - Standard Efficiency,output,,,,constant_tech,node unit,31.399776,31.399776,31.399776,31.399776,31.399776,31.399776,31.399776,31.399776,31.399776,31.399776,31.399776,
CIMS.CAN.ON.Residential.Dwellings.Building Type.High Density.Vintage.2021-2035 Bldg Code.Heating (Cold),Service,ON,Residential,Heating (Cold),NG - Standard Efficiency,fcc,,,,constant_tech,$,5005.382545,5005.382545,5005.382545,5005.382545,5005.382545,5005.382545,5005.382545,5005.382545,5005.382545,5005.382545,5005.382545,
CIMS.CAN.ON.Residential.Dwellings.Building Type.High Density.Vintage.2021-2035 Bldg Code.Heating (Cold),Service,ON,Residential,Heating (Cold),NG - Standard Efficiency,fom,,,,constant_tech,$,162.6749327,162.6749327,162.6749327,162.6749327,162.6749327,162.6749327,162.6749327,162.6749327,162.6749327,162.6749327,162.6749327,
CIMS.CAN.ON.Residential.Dwellings.Building Type.High Density.Vintage.2021-2035 Bldg Code.Heating (Cold),Service,ON,Residential,Heating (Cold),NG - Standard Efficiency,service_request,,,CIMS.CAN.ON.Residential.Methane Blend,annual_tech,GJ,1.32911392425,1.32911392425,1.32911392425,1.32911392425,1.32911392425,1.32911392425,1.32911392425,1.32911392425,1.32911392425,1.32911392425,1.32911392425,
CIMS.CAN.ON.Residential.Dwellings.Building Type.High Density.Vintage.2021-2035 Bldg Code.Heating (Cold),Service,ON,Residential,Heating (Cold),NG - High Efficiency,technology,,,,,,,,,,,,,,,,,
CIMS.CAN.ON.Residential.Dwellings.Building Type.High Density.Vintage.2021-2035 Bldg Code.Heating (Cold),Service,ON,Residential,Heating (Cold),NG - High Efficiency,available,,,,constant_tech,Year,2000,2000,2000,2000,2000,2000,2000,2000,2000,2000,2000,
CIMS.CAN.ON.Residential.Dwellings.Building Type.High Density.Vintage.2021-2035 Bldg Code.Heating (Cold),Service,ON,Residential,Heating (Cold),NG - High Efficiency,unavailable,,,,constant_tech,Year,2101,2101,2101,2101,2101,2101,2101,2101,2101,2101,2101,
CIMS.CAN.ON.Residential.Dwellings.Building Type.High Density.Vintage.2021-2035 Bldg Code.Heating (Cold),Service,ON,Residential,Heating (Cold),NG - High Efficiency,lifetime,,,,constant_tech,Years,19,19,19,19,19,19,19,19,19,19,19,
CIMS.CAN.ON.Residential.Dwellings.Building Type.High Density.Vintage.2021-2035 Bldg Code.Heating (Cold),Service,ON,Residential,Heating (Cold),NG - High Efficiency,market_share_total,,,,annual_tech,%,0,,,,,,,,,,,
CIMS.CAN.ON.Residential.Dwellings.Building Type.High Density.Vintage.2021-2035 Bldg Code.Heating (Cold),Service,ON,Residential,Heating (Cold),NG - High Efficiency,output,,,,constant_tech,node unit,31.399776,31.399776,31.399776,31.399776,31.399776,31.399776,31.399776,31.399776,31.399776,31.399776,31.399776,
CIMS.CAN.ON.Residential.Dwellings.Building Type.High Density.Vintage.2021-2035 Bldg Code.Heating (Cold),Service,ON,Residential,Heating (Cold),NG - High Efficiency,fcc,,,,constant_tech,$,6231.7012692,6231.7012692,6231.7012692,6231.7012692,6231.7012692,6231.7012692,6231.7012692,6231.7012692,6231.7012692,6231.7012692,6231.7012692,
CIMS.CAN.ON.Residential.Dwellings.Building Type.High Density.Vintage.2021-2035 Bldg Code.Heating (Cold),Service,ON,Residential,Heating (Cold),NG - High Efficiency,fom,,,,constant_tech,$,162.6749327,162.6749327,162.6749327,162.6749327,162.6749327,162.6749327,162.6749327,162.6749327,162.6749327,162.6749327,162.6749327,
CIMS.CAN.ON.Residential.Dwellings.Building Type.High Density.Vintage.2021-2035 Bldg Code.Heating (Cold),Service,ON,Residential,Heating (Cold),NG - High Efficiency,service_request,,,CIMS.CAN.ON.Residential.Methane Blend,annual_tech,GJ,1.16666666655,1.16666666655,1.16666666655,1.16666666655,1.16666666655,1.16666666655,1.16666666655,1.16666666655,1.16666666655,1.16666666655,1.16666666655,
CIMS.CAN.ON.Residential.Dwellings.Building Type.High Density.Vintage.2021-2035 Bldg Code.Heating (Cold),Service,ON,Residential,Heating (Cold),NG - ASHP / NG - backup,technology,,,,,,,,,,,,,,,,,
CIMS.CAN.ON.Residential.Dwellings.Building Type.High Density.Vintage.2021-2035 Bldg Code.Heating (Cold),Service,ON,Residential,Heating (Cold),NG - ASHP / NG - backup,available,,,,constant_tech,Year,2000,2000,2000,2000,2000,2000,2000,2000,2000,2000,2000,
CIMS.CAN.ON.Residential.Dwellings.Building Type.High Density.Vintage.2021-2035 Bldg Code.Heating (Cold),Service,ON,Residential,Heating (Cold),NG - ASHP / NG - backup,unavailable,,,,constant_tech,Year,2101,2101,2101,2101,2101,2101,2101,2101,2101,2101,2101,
CIMS.CAN.ON.Residential.Dwellings.Building Type.High Density.Vintage.2021-2035 Bldg Code.Heating (Cold),Service,ON,Residential,Heating (Cold),NG - ASHP / NG - backup,lifetime,,,,constant_tech,Years,15,15,15,15,15,15,15,15,15,15,15,
CIMS.CAN.ON.Residential.Dwellings.Building Type.High Density.Vintage.2021-2035 Bldg Code.Heating (Cold),Service,ON,Residential,Heating (Cold),NG - ASHP / NG - backup,market_share_total,,,,annual_tech,%,0,,,,,,,,,,,
CIMS.CAN.ON.Residential.Dwellings.Building Type.High Density.Vintage.2021-2035 Bldg Code.Heating (Cold),Service,ON,Residential,Heating (Cold),NG - ASHP / NG - backup,output,,,,constant_tech,node unit,31.399776,31.399776,31.399776,31.399776,31.399776,31.399776,31.399776,31.399776,31.399776,31.399776,31.399776,
CIMS.CAN.ON.Residential.Dwellings.Building Type.High Density.Vintage.2021-2035 Bldg Code.Heating (Cold),Service,ON,Residential,Heating (Cold),NG - ASHP / NG - backup,fcc,,,,constant_tech,$,20015.27345,20015.27345,20015.27345,20015.27345,20015.27345,20015.27345,20015.27345,20015.27345,20015.27345,20015.27345,20015.27345,
CIMS.CAN.ON.Residential.Dwellings.Building Type.High Density.Vintage.2021-2035 Bldg Code.Heating (Cold),Service,ON,Residential,Heating (Cold),NG - ASHP / NG - backup,fom,,,,constant_tech,$,250.2691273,250.2691273,250.2691273,250.2691273,250.2691273,250.2691273,250.2691273,250.2691273,250.2691273,250.2691273,250.2691273,
CIMS.CAN.ON.Residential.Dwellings.Building Type.High Density.Vintage.2021-2035 Bldg Code.Heating (Cold),Service,ON,Residential,Heating (Cold),NG - ASHP / NG - backup,service_request,,,CIMS.CAN.ON.Residential.Methane Blend,annual_tech,GJ,2.1593627892625,2.1593627892625,2.1593627892625,2.1593627892625,2.1593627892625,2.1593627892625,2.1593627892625,2.1593627892625,2.1593627892625,2.1593627892625,2.1593627892625,
CIMS.CAN.ON.Residential.Dwellings.Building Type.High Density.Vintage.2021-2035 Bldg Code.Heating (Cold),Service,ON,Residential,Heating (Cold),NG - ASHP / NG - backup,service_request,,,CIMS.CAN.ON.Residential.Dwellings.Building Type.High Density.Cooling,annual_tech,GJ of cooling,-0.004568364,-0.004568364,-0.004568364,-0.004568364,-0.004568364,-0.004568364,-0.004568364,-0.004568364,-0.004568364,-0.004568364,-0.004568364,
CIMS.CAN.ON.Residential.Dwellings.Building Type.High Density.Vintage.2021-2035 Bldg Code.Heating (Cold),Service,ON,Residential,Heating (Cold),Electric - Standard Efficiency,technology,,,,,,,,,,,,,,,,,
CIMS.CAN.ON.Residential.Dwellings.Building Type.High Density.Vintage.2021-2035 Bldg Code.Heating (Cold),Service,ON,Residential,Heating (Cold),Electric - Standard Efficiency,available,,,,constant_tech,Year,1950,1950,1950,1950,1950,1950,1950,1950,1950,1950,1950,
CIMS.CAN.ON.Residential.Dwellings.Building Type.High Density.Vintage.2021-2035 Bldg Code.Heating (Cold),Service,ON,Residential,Heating (Cold),Electric - Standard Efficiency,unavailable,,,,constant_tech,Year,2101,2101,2101,2101,2101,2101,2101,2101,2101,2101,2101,
CIMS.CAN.ON.Residential.Dwellings.Building Type.High Density.Vintage.2021-2035 Bldg Code.Heating (Cold),Service,ON,Residential,Heating (Cold),Electric - Standard Efficiency,lifetime,,,,constant_tech,Years,22.5,22.5,22.5,22.5,22.5,22.5,22.5,22.5,22.5,22.5,22.5,
CIMS.CAN.ON.Residential.Dwellings.Building Type.High Density.Vintage.2021-2035 Bldg Code.Heating (Cold),Service,ON,Residential,Heating (Cold),Electric - Standard Efficiency,market_share_total,,,,annual_tech,%,0,,,,,,,,,,,
CIMS.CAN.ON.Residential.Dwellings.Building Type.High Density.Vintage.2021-2035 Bldg Code.Heating (Cold),Service,ON,Residential,Heating (Cold),Electric - Standard Efficiency,output,,,,constant_tech,node unit,31.399776,31.399776,31.399776,31.399776,31.399776,31.399776,31.399776,31.399776,31.399776,31.399776,31.399776,
CIMS.CAN.ON.Residential.Dwellings.Building Type.High Density.Vintage.2021-2035 Bldg Code.Heating (Cold),Service,ON,Residential,Heating (Cold),Electric - Standard Efficiency,fcc,,,,constant_tech,$,3822.860919,3822.860919,3822.860919,3822.860919,3822.860919,3822.860919,3822.860919,3822.860919,3822.860919,3822.860919,3822.860919,
CIMS.CAN.ON.Residential.Dwellings.Building Type.High Density.Vintage.2021-2035 Bldg Code.Heating (Cold),Service,ON,Residential,Heating (Cold),Electric - Standard Efficiency,service_request,,,CIMS.CAN.ON.Electricity,annual_tech,GJ,1,1,1,1,1,1,1,1,1,1,1,
CIMS.CAN.ON.Residential.Dwellings.Building Type.High Density.Vintage.2021-2035 Bldg Code.Heating (Cold),Service,ON,Residential,Heating (Cold),Electric - ASHP / NG - backup,technology,,,,,,,,,,,,,,,,,
CIMS.CAN.ON.Residential.Dwellings.Building Type.High Density.Vintage.2021-2035 Bldg Code.Heating (Cold),Service,ON,Residential,Heating (Cold),Electric - ASHP / NG - backup,available,,,,constant_tech,Year,2000,2000,2000,2000,2000,2000,2000,2000,2000,2000,2000,
CIMS.CAN.ON.Residential.Dwellings.Building Type.High Density.Vintage.2021-2035 Bldg Code.Heating (Cold),Service,ON,Residential,Heating (Cold),Electric - ASHP / NG - backup,unavailable,,,,constant_tech,Year,2101,2101,2101,2101,2101,2101,2101,2101,2101,2101,2101,
CIMS.CAN.ON.Residential.Dwellings.Building Type.High Density.Vintage.2021-2035 Bldg Code.Heating (Cold),Service,ON,Residential,Heating (Cold),Electric - ASHP / NG - backup,lifetime,,,,constant_tech,Years,15.5,15.5,15.5,15.5,15.5,15.5,15.5,15.5,15.5,15.5,15.5,
CIMS.CAN.ON.Residential.Dwellings.Building Type.High Density.Vintage.2021-2035 Bldg Code.Heating (Cold),Service,ON,Residential,Heating (Cold),Electric - ASHP / NG - backup,market_share_total,,,,annual_tech,%,0,,,,,,,,,,,
CIMS.CAN.ON.Residential.Dwellings.Building Type.High Density.Vintage.2021-2035 Bldg Code.Heating (Cold),Service,ON,Residential,Heating (Cold),Electric - ASHP / NG - backup,output,,,,constant_tech,node unit,31.399776,31.399776,31.399776,31.399776,31.399776,31.399776,31.399776,31.399776,31.399776,31.399776,31.399776,
CIMS.CAN.ON.Residential.Dwellings.Building Type.High Density.Vintage.2021-2035 Bldg Code.Heating (Cold),Service,ON,Residential,Heating (Cold),Electric - ASHP / NG - backup,fcc,,,,constant_tech,$,9647.874856,9647.874856,9647.874856,9647.874856,9647.874856,9647.874856,9647.874856,9647.874856,9647.874856,9647.874856,9647.874856,
CIMS.CAN.ON.Residential.Dwellings.Building Type.High Density.Vintage.2021-2035 Bldg Code.Heating (Cold),Service,ON,Residential,Heating (Cold),Electric - ASHP / NG - backup,fom,,,,constant_tech,$,269.0393118,269.0393118,269.0393118,269.0393118,269.0393118,269.0393118,269.0393118,269.0393118,269.0393118,269.0393118,269.0393118,
CIMS.CAN.ON.Residential.Dwellings.Building Type.High Density.Vintage.2021-2035 Bldg Code.Heating (Cold),Service,ON,Residential,Heating (Cold),Electric - ASHP / NG - backup,service_request,,,CIMS.CAN.ON.Electricity,annual_tech,GJ,0.72747607755,0.72747607755,0.72747607755,0.72747607755,0.72747607755,0.72747607755,0.72747607755,0.72747607755,0.72747607755,0.72747607755,0.72747607755,
CIMS.CAN.ON.Residential.Dwellings.Building Type.High Density.Vintage.2021-2035 Bldg Code.Heating (Cold),Service,ON,Residential,Heating (Cold),Electric - ASHP / NG - backup,service_request,,,CIMS.CAN.ON.Residential.Methane Blend,annual_tech,GJ,0.0583333333275,0.0583333333275,0.0583333333275,0.0583333333275,0.0583333333275,0.0583333333275,0.0583333333275,0.0583333333275,0.0583333333275,0.0583333333275,0.0583333333275,
CIMS.CAN.ON.Residential.Dwellings.Building Type.High Density.Vintage.2021-2035 Bldg Code.Heating (Cold),Service,ON,Residential,Heating (Cold),Electric - ASHP / NG - backup,service_request,,,CIMS.CAN.ON.Residential.Dwellings.Building Type.High Density.Cooling,annual_tech,GJ of cooling,-0.004568364,-0.004568364,-0.004568364,-0.004568364,-0.004568364,-0.004568364,-0.004568364,-0.004568364,-0.004568364,-0.004568364,-0.004568364,
CIMS.CAN.ON.Residential.Dwellings.Building Type.High Density.Vintage.2021-2035 Bldg Code.Heating (Cold),Service,ON,Residential,Heating (Cold),Electric - ASHP / Electric - backup,technology,,,,,,,,,,,,,,,,,
CIMS.CAN.ON.Residential.Dwellings.Building Type.High Density.Vintage.2021-2035 Bldg Code.Heating (Cold),Service,ON,Residential,Heating (Cold),Electric - ASHP / Electric - backup,available,,,,constant_tech,Year,2000,2000,2000,2000,2000,2000,2000,2000,2000,2000,2000,
CIMS.CAN.ON.Residential.Dwellings.Building Type.High Density.Vintage.2021-2035 Bldg Code.Heating (Cold),Service,ON,Residential,Heating (Cold),Electric - ASHP / Electric - backup,unavailable,,,,constant_tech,Year,2101,2101,2101,2101,2101,2101,2101,2101,2101,2101,2101,
CIMS.CAN.ON.Residential.Dwellings.Building Type.High Density.Vintage.2021-2035 Bldg Code.Heating (Cold),Service,ON,Residential,Heating (Cold),Electric - ASHP / Electric - backup,lifetime,,,,constant_tech,Years,15.5,15.5,15.5,15.5,15.5,15.5,15.5,15.5,15.5,15.5,15.5,
CIMS.CAN.ON.Residential.Dwellings.Building Type.High Density.Vintage.2021-2035 Bldg Code.Heating (Cold),Service,ON,Residential,Heating (Cold),Electric - ASHP / Electric - backup,market_share_total,,,,annual_tech,%,0,,,,,,,,,,,
CIMS.CAN.ON.Residential.Dwellings.Building Type.High Density.Vintage.2021-2035 Bldg Code.Heating (Cold),Service,ON,Residential,Heating (Cold),Electric - ASHP / Electric - backup,output,,,,constant_tech,node unit,31.399776,31.399776,31.399776,31.399776,31.399776,31.399776,31.399776,31.399776,31.399776,31.399776,31.399776,
CIMS.CAN.ON.Residential.Dwellings.Building Type.High Density.Vintage.2021-2035 Bldg Code.Heating (Cold),Service,ON,Residential,Heating (Cold),Electric - ASHP / Electric - backup,fcc,,,,constant_tech,$,9373.830161,9373.830161,9373.830161,9373.830161,9373.830161,9373.830161,9373.830161,9373.830161,9373.830161,9373.830161,9373.830161,
CIMS.CAN.ON.Residential.Dwellings.Building Type.High Density.Vintage.2021-2035 Bldg Code.Heating (Cold),Service,ON,Residential,Heating (Cold),Electric - ASHP / Electric - backup,fom,,,,constant_tech,$,106.3643791,106.3643791,106.3643791,106.3643791,106.3643791,106.3643791,106.3643791,106.3643791,106.3643791,106.3643791,106.3643791,
CIMS.CAN.ON.Residential.Dwellings.Building Type.High Density.Vintage.2021-2035 Bldg Code.Heating (Cold),Service,ON,Residential,Heating (Cold),Electric - ASHP / Electric - backup,service_request,,,CIMS.CAN.ON.Electricity,annual_tech,GJ,0.77747607755,0.77747607755,0.77747607755,0.77747607755,0.77747607755,0.77747607755,0.77747607755,0.77747607755,0.77747607755,0.77747607755,0.77747607755,
CIMS.CAN.ON.Residential.Dwellings.Building Type.High Density.Vintage.2021-2035 Bldg Code.Heating (Cold),Service,ON,Residential,Heating (Cold),Electric - ASHP / Electric - backup,service_request,,,CIMS.CAN.ON.Residential.Dwellings.Building Type.High Density.Cooling,annual_tech,GJ of cooling,-0.004568364,-0.004568364,-0.004568364,-0.004568364,-0.004568364,-0.004568364,-0.004568364,-0.004568364,-0.004568364,-0.004568364,-0.004568364,
CIMS.CAN.ON.Residential.Dwellings.Building Type.High Density.Vintage.2021-2035 Bldg Code.Heating (Cold),Service,ON,Residential,Heating (Cold),Electric - GSHP,technology,,,,,,,,,,,,,,,,,
CIMS.CAN.ON.Residential.Dwellings.Building Type.High Density.Vintage.2021-2035 Bldg Code.Heating (Cold),Service,ON,Residential,Heating (Cold),Electric - GSHP,available,,,,constant_tech,Year,2000,2000,2000,2000,2000,2000,2000,2000,2000,2000,2000,
CIMS.CAN.ON.Residential.Dwellings.Building Type.High Density.Vintage.2021-2035 Bldg Code.Heating (Cold),Service,ON,Residential,Heating (Cold),Electric - GSHP,unavailable,,,,constant_tech,Year,2101,2101,2101,2101,2101,2101,2101,2101,2101,2101,2101,
CIMS.CAN.ON.Residential.Dwellings.Building Type.High Density.Vintage.2021-2035 Bldg Code.Heating (Cold),Service,ON,Residential,Heating (Cold),Electric - GSHP,lifetime,,,,constant_tech,Years,20,20,20,20,20,20,20,20,20,20,20,
CIMS.CAN.ON.Residential.Dwellings.Building Type.High Density.Vintage.2021-2035 Bldg Code.Heating (Cold),Service,ON,Residential,Heating (Cold),Electric - GSHP,market_share_total,,,,annual_tech,%,0,,,,,,,,,,,
CIMS.CAN.ON.Residential.Dwellings.Building Type.High Density.Vintage.2021-2035 Bldg Code.Heating (Cold),Service,ON,Residential,Heating (Cold),Electric - GSHP,output,,,,constant_tech,node unit,31.399776,31.399776,31.399776,31.399776,31.399776,31.399776,31.399776,31.399776,31.399776,31.399776,31.399776,
CIMS.CAN.ON.Residential.Dwellings.Building Type.High Density.Vintage.2021-2035 Bldg Code.Heating (Cold),Service,ON,Residential,Heating (Cold),Electric - GSHP,fcc,,,,constant_tech,$,23775.56709,23775.56709,23775.56709,23775.56709,23775.56709,23775.56709,23775.56709,23775.56709,23775.56709,23775.56709,23775.56709,
CIMS.CAN.ON.Residential.Dwellings.Building Type.High Density.Vintage.2021-2035 Bldg Code.Heating (Cold),Service,ON,Residential,Heating (Cold),Electric - GSHP,fom,,,,constant_tech,$,112.6211073,112.6211073,112.6211073,112.6211073,112.6211073,112.6211073,112.6211073,112.6211073,112.6211073,112.6211073,112.6211073,
CIMS.CAN.ON.Residential.Dwellings.Building Type.High Density.Vintage.2021-2035 Bldg Code.Heating (Cold),Service,ON,Residential,Heating (Cold),Electric - GSHP,service_request,,,CIMS.CAN.ON.Electricity,annual_tech,GJ,0.486428472,0.486428472,0.486428472,0.486428472,0.486428472,0.486428472,0.486428472,0.486428472,0.486428472,0.486428472,0.486428472,
CIMS.CAN.ON.Residential.Dwellings.Building Type.High Density.Vintage.2021-2035 Bldg Code.Heating (Cold),Service,ON,Residential,Heating (Cold),Electric - GSHP,service_request,,,CIMS.CAN.ON.Residential.Dwellings.Building Type.High Density.Cooling,annual_tech,GJ of cooling,-0.004568364,-0.004568364,-0.004568364,-0.004568364,-0.004568364,-0.004568364,-0.004568364,-0.004568364,-0.004568364,-0.004568364,-0.004568364,
CIMS.CAN.ON.Residential.Dwellings.Building Type.High Density.Vintage.2021-2035 Bldg Code.Heating (Cold),Service,ON,Residential,Heating (Cold),Heating Oil - Standard Efficiency,technology,,,,,,,,,,,,,,,,,
CIMS.CAN.ON.Residential.Dwellings.Building Type.High Density.Vintage.2021-2035 Bldg Code.Heating (Cold),Service,ON,Residential,Heating (Cold),Heating Oil - Standard Efficiency,available,,,,constant_tech,Year,1950,1950,1950,1950,1950,1950,1950,1950,1950,1950,1950,
CIMS.CAN.ON.Residential.Dwellings.Building Type.High Density.Vintage.2021-2035 Bldg Code.Heating (Cold),Service,ON,Residential,Heating (Cold),Heating Oil - Standard Efficiency,unavailable,,,,constant_tech,Year,2021,2021,2021,2021,2021,2021,2021,2021,2021,2021,2021,
CIMS.CAN.ON.Residential.Dwellings.Building Type.High Density.Vintage.2021-2035 Bldg Code.Heating (Cold),Service,ON,Residential,Heating (Cold),Heating Oil - Standard Efficiency,lifetime,,,,constant_tech,Years,23,23,23,23,23,23,23,23,23,23,23,
CIMS.CAN.ON.Residential.Dwellings.Building Type.High Density.Vintage.2021-2035 Bldg Code.Heating (Cold),Service,ON,Residential,Heating (Cold),Heating Oil - Standard Efficiency,market_share_total,,,,annual_tech,%,0,,,,,,,,,,,
CIMS.CAN.ON.Residential.Dwellings.Building Type.High Density.Vintage.2021-2035 Bldg Code.Heating (Cold),Service,ON,Residential,Heating (Cold),Heating Oil - Standard Efficiency,output,,,,constant_tech,node unit,31.399776,31.399776,31.399776,31.399776,31.399776,31.399776,31.399776,31.399776,31.399776,31.399776,31.399776,
CIMS.CAN.ON.Residential.Dwellings.Building Type.High Density.Vintage.2021-2035 Bldg Code.Heating (Cold),Service,ON,Residential,Heating (Cold),Heating Oil - Standard Efficiency,fcc,,,,constant_tech,$,6444.430027,6444.430027,6444.430027,6444.430027,6444.430027,6444.430027,6444.430027,6444.430027,6444.430027,6444.430027,6444.430027,
CIMS.CAN.ON.Residential.Dwellings.Building Type.High Density.Vintage.2021-2035 Bldg Code.Heating (Cold),Service,ON,Residential,Heating (Cold),Heating Oil - Standard Efficiency,fom,,,,constant_tech,$,100.1076509,100.1076509,100.1076509,100.1076509,100.1076509,100.1076509,100.1076509,100.1076509,100.1076509,100.1076509,100.1076509,
CIMS.CAN.ON.Residential.Dwellings.Building Type.High Density.Vintage.2021-2035 Bldg Code.Heating (Cold),Service,ON,Residential,Heating (Cold),Heating Oil - Standard Efficiency,service_request,,,CIMS.Generic Fuels.Fuel Oil,annual_tech,GJ,1.282051282,1.282051282,1.282051282,1.282051282,1.282051282,1.282051282,1.282051282,1.282051282,1.282051282,1.282051282,1.282051282,
CIMS.CAN.ON.Residential.Dwellings.Building Type.High Density.Vintage.2021-2035 Bldg Code.Heating (Cold),Service,ON,Residential,Heating (Cold),Heating Oil - High Efficiency,technology,,,,,,,,,,,,,,,,,
CIMS.CAN.ON.Residential.Dwellings.Building Type.High Density.Vintage.2021-2035 Bldg Code.Heating (Cold),Service,ON,Residential,Heating (Cold),Heating Oil - High Efficiency,available,,,,constant_tech,Year,2000,2000,2000,2000,2000,2000,2000,2000,2000,2000,2000,
CIMS.CAN.ON.Residential.Dwellings.Building Type.High Density.Vintage.2021-2035 Bldg Code.Heating (Cold),Service,ON,Residential,Heating (Cold),Heating Oil - High Efficiency,unavailable,,,,constant_tech,Year,2101,2101,2101,2101,2101,2101,2101,2101,2101,2101,2101,
CIMS.CAN.ON.Residential.Dwellings.Building Type.High Density.Vintage.2021-2035 Bldg Code.Heating (Cold),Service,ON,Residential,Heating (Cold),Heating Oil - High Efficiency,lifetime,,,,constant_tech,Years,23,23,23,23,23,23,23,23,23,23,23,
CIMS.CAN.ON.Residential.Dwellings.Building Type.High Density.Vintage.2021-2035 Bldg Code.Heating (Cold),Service,ON,Residential,Heating (Cold),Heating Oil - High Efficiency,market_share_total,,,,annual_tech,%,0,,,,,,,,,,,
CIMS.CAN.ON.Residential.Dwellings.Building Type.High Density.Vintage.2021-2035 Bldg Code.Heating (Cold),Service,ON,Residential,Heating (Cold),Heating Oil - High Efficiency,output,,,,constant_tech,node unit,31.399776,31.399776,31.399776,31.399776,31.399776,31.399776,31.399776,31.399776,31.399776,31.399776,31.399776,
CIMS.CAN.ON.Residential.Dwellings.Building Type.High Density.Vintage.2021-2035 Bldg Code.Heating (Cold),Service,ON,Residential,Heating (Cold),Heating Oil - High Efficiency,fcc,,,,constant_tech,$,9541.510477,9541.510477,9541.510477,9541.510477,9541.510477,9541.510477,9541.510477,9541.510477,9541.510477,9541.510477,9541.510477,
CIMS.CAN.ON.Residential.Dwellings.Building Type.High Density.Vintage.2021-2035 Bldg Code.Heating (Cold),Service,ON,Residential,Heating (Cold),Heating Oil - High Efficiency,fom,,,,constant_tech,$,100.1076509,100.1076509,100.1076509,100.1076509,100.1076509,100.1076509,100.1076509,100.1076509,100.1076509,100.1076509,100.1076509,
CIMS.CAN.ON.Residential.Dwellings.Building Type.High Density.Vintage.2021-2035 Bldg Code.Heating (Cold),Service,ON,Residential,Heating (Cold),Heating Oil - High Efficiency,service_request,,,CIMS.Generic Fuels.Fuel Oil,annual_tech,GJ,1.162790698,1.162790698,1.162790698,1.162790698,1.162790698,1.162790698,1.162790698,1.162790698,1.162790698,1.162790698,1.162790698,
CIMS.CAN.ON.Residential.Dwellings.Building Type.High Density.Vintage.2021-2035 Bldg Code.Heating (Cold),Service,ON,Residential,Heating (Cold),Wood,technology,,,,,,,,,,,,,,,,,
CIMS.CAN.ON.Residential.Dwellings.Building Type.High Density.Vintage.2021-2035 Bldg Code.Heating (Cold),Service,ON,Residential,Heating (Cold),Wood,available,,,,constant_tech,Year,1950,1950,1950,1950,1950,1950,1950,1950,1950,1950,1950,
CIMS.CAN.ON.Residential.Dwellings.Building Type.High Density.Vintage.2021-2035 Bldg Code.Heating (Cold),Service,ON,Residential,Heating (Cold),Wood,unavailable,,,,constant_tech,Year,2101,2101,2101,2101,2101,2101,2101,2101,2101,2101,2101,
CIMS.CAN.ON.Residential.Dwellings.Building Type.High Density.Vintage.2021-2035 Bldg Code.Heating (Cold),Service,ON,Residential,Heating (Cold),Wood,lifetime,,,,constant_tech,Years,18.5,18.5,18.5,18.5,18.5,18.5,18.5,18.5,18.5,18.5,18.5,
CIMS.CAN.ON.Residential.Dwellings.Building Type.High Density.Vintage.2021-2035 Bldg Code.Heating (Cold),Service,ON,Residential,Heating (Cold),Wood,market_share_total,,,,annual_tech,%,0,,,,,,,,,,,
CIMS.CAN.ON.Residential.Dwellings.Building Type.High Density.Vintage.2021-2035 Bldg Code.Heating (Cold),Service,ON,Residential,Heating (Cold),Wood,output,,,,constant_tech,node unit,31.399776,31.399776,31.399776,31.399776,31.399776,31.399776,31.399776,31.399776,31.399776,31.399776,31.399776,
CIMS.CAN.ON.Residential.Dwellings.Building Type.High Density.Vintage.2021-2035 Bldg Code.Heating (Cold),Service,ON,Residential,Heating (Cold),Wood,fcc,,,,constant_tech,$,8000.269768,8000.269768,8000.269768,8000.269768,8000.269768,8000.269768,8000.269768,8000.269768,8000.269768,8000.269768,8000.269768,
CIMS.CAN.ON.Residential.Dwellings.Building Type.High Density.Vintage.2021-2035 Bldg Code.Heating (Cold),Service,ON,Residential,Heating (Cold),Wood,fom,,,,constant_tech,$,250.2691273,250.2691273,250.2691273,250.2691273,250.2691273,250.2691273,250.2691273,250.2691273,250.2691273,250.2691273,250.2691273,
CIMS.CAN.ON.Residential.Dwellings.Building Type.High Density.Vintage.2021-2035 Bldg Code.Heating (Cold),Service,ON,Residential,Heating (Cold),Wood,service_request,,,CIMS.Generic Fuels.Solid Biomass,annual_tech,GJ,2,2,2,2,2,2,2,2,2,2,2,
CIMS.CAN.ON.Residential.Dwellings.Building Type.High Density.Vintage.>2035 Bldg Code,Service,ON,Residential,>2035 Bldg Code,,service_provide,,,,constant_tech,m2,,,,,,,,,,,,
CIMS.CAN.ON.Residential.Dwellings.Building Type.High Density.Vintage.>2035 Bldg Code,Service,ON,Residential,>2035 Bldg Code,,competition,Tech Compete,,,,,,,,,,,,,,,,
CIMS.CAN.ON.Residential.Dwellings.Building Type.High Density.Vintage.>2035 Bldg Code,Service,ON,Residential,>2035 Bldg Code,,discount_rate_financial,,,,constant_tech,%,0.25,0.25,0.25,0.25,0.25,0.25,0.25,0.25,0.25,0.25,0.25,
CIMS.CAN.ON.Residential.Dwellings.Building Type.High Density.Vintage.>2035 Bldg Code,Service,ON,Residential,>2035 Bldg Code,,heterogeneity,,,,constant_tech,,10,10,10,10,10,10,10,10,10,10,10,
CIMS.CAN.ON.Residential.Dwellings.Building Type.High Density.Vintage.>2035 Bldg Code,Service,ON,Residential,>2035 Bldg Code,Reference,technology,,,,,,,,,,,,,,,,,
CIMS.CAN.ON.Residential.Dwellings.Building Type.High Density.Vintage.>2035 Bldg Code,Service,ON,Residential,>2035 Bldg Code,Reference,available,,,,constant_tech,Year,2036,2036,2036,2036,2036,2036,2036,2036,2036,2036,2036,
CIMS.CAN.ON.Residential.Dwellings.Building Type.High Density.Vintage.>2035 Bldg Code,Service,ON,Residential,>2035 Bldg Code,Reference,unavailable,,,,constant_tech,Year,2101,2101,2101,2101,2101,2101,2101,2101,2101,2101,2101,
CIMS.CAN.ON.Residential.Dwellings.Building Type.High Density.Vintage.>2035 Bldg Code,Service,ON,Residential,>2035 Bldg Code,Reference,lifetime,,,,constant_tech,Years,80,80,80,80,80,80,80,80,80,80,80,
CIMS.CAN.ON.Residential.Dwellings.Building Type.High Density.Vintage.>2035 Bldg Code,Service,ON,Residential,>2035 Bldg Code,Reference,market_share_total,,,,annual_tech,%,1,,,,,,,,,,,
CIMS.CAN.ON.Residential.Dwellings.Building Type.High Density.Vintage.>2035 Bldg Code,Service,ON,Residential,>2035 Bldg Code,Reference,service_request,,,CIMS.CAN.ON.Residential.Dwellings.Building Type.High Density.Vintage.>2035 Bldg Code.Heating (Cold),annual_region_tech,GJ,0.21761105713786,0.16976439704543,0.12852501744906,0.11649030041957,0.08613641480678,0.08613641480678,0.08613641480678,0.08613641480678,0.08613641480678,0.08613641480678,0.08613641480678,
CIMS.CAN.ON.Residential.Dwellings.Building Type.High Density.Vintage.>2035 Bldg Code,Service,ON,Residential,>2035 Bldg Code,Retrofit Passive,technology,,,,,,,,,,,,,,,,,
CIMS.CAN.ON.Residential.Dwellings.Building Type.High Density.Vintage.>2035 Bldg Code,Service,ON,Residential,>2035 Bldg Code,Retrofit Passive,available,,,,constant_tech,Year,2036,2036,2036,2036,2036,2036,2036,2036,2036,2036,2036,
CIMS.CAN.ON.Residential.Dwellings.Building Type.High Density.Vintage.>2035 Bldg Code,Service,ON,Residential,>2035 Bldg Code,Retrofit Passive,unavailable,,,,constant_tech,Year,2101,2101,2101,2101,2101,2101,2101,2101,2101,2101,2101,
CIMS.CAN.ON.Residential.Dwellings.Building Type.High Density.Vintage.>2035 Bldg Code,Service,ON,Residential,>2035 Bldg Code,Retrofit Passive,lifetime,,,,constant_tech,Years,80,80,80,80,80,80,80,80,80,80,80,
CIMS.CAN.ON.Residential.Dwellings.Building Type.High Density.Vintage.>2035 Bldg Code,Service,ON,Residential,>2035 Bldg Code,Retrofit Passive,market_share_total,,,,annual_tech,%,0,,,,,,,,,,,
CIMS.CAN.ON.Residential.Dwellings.Building Type.High Density.Vintage.>2035 Bldg Code,Service,ON,Residential,>2035 Bldg Code,Retrofit Passive,fcc,,,,constant_tech,$,3130,3130,3130,3130,3130,3130,3130,3130,3130,3130,3130,
CIMS.CAN.ON.Residential.Dwellings.Building Type.High Density.Vintage.>2035 Bldg Code,Service,ON,Residential,>2035 Bldg Code,Retrofit Passive,market_share_new_max,,,,constant_tech,%,0,0,0,0,0,0,0,0,0,0,0,
CIMS.CAN.ON.Residential.Dwellings.Building Type.High Density.Vintage.>2035 Bldg Code.Heating (Cold),Service,ON,Residential,Heating (Cold),,service_provide,,,,constant_tech,GJ of heat,,,,,,,,,,,,
CIMS.CAN.ON.Residential.Dwellings.Building Type.High Density.Vintage.>2035 Bldg Code.Heating (Cold),Service,ON,Residential,Heating (Cold),,competition,Tech Compete,,,,,,,,,,,,,,,,
CIMS.CAN.ON.Residential.Dwellings.Building Type.High Density.Vintage.>2035 Bldg Code.Heating (Cold),Service,ON,Residential,Heating (Cold),,discount_rate_financial,,,,constant_tech,%,0.25,0.25,0.25,0.25,0.25,0.25,0.25,0.25,0.25,0.25,0.25,
CIMS.CAN.ON.Residential.Dwellings.Building Type.High Density.Vintage.>2035 Bldg Code.Heating (Cold),Service,ON,Residential,Heating (Cold),,inheritance,intercept_retirement,,,constant_tech,,FALSE,FALSE,FALSE,FALSE,FALSE,FALSE,FALSE,FALSE,FALSE,FALSE,FALSE,
CIMS.CAN.ON.Residential.Dwellings.Building Type.High Density.Vintage.>2035 Bldg Code.Heating (Cold),Service,ON,Residential,Heating (Cold),,heterogeneity,,,,constant_tech,,10,10,10,10,10,10,10,10,10,10,10,
CIMS.CAN.ON.Residential.Dwellings.Building Type.High Density.Vintage.>2035 Bldg Code.Heating (Cold),Service,ON,Residential,Heating (Cold),NG - Standard Efficiency,technology,,,,,,,,,,,,,,,,,
CIMS.CAN.ON.Residential.Dwellings.Building Type.High Density.Vintage.>2035 Bldg Code.Heating (Cold),Service,ON,Residential,Heating (Cold),NG - Standard Efficiency,available,,,,constant_tech,Year,1990,1990,1990,1990,1990,1990,1990,1990,1990,1990,1990,
CIMS.CAN.ON.Residential.Dwellings.Building Type.High Density.Vintage.>2035 Bldg Code.Heating (Cold),Service,ON,Residential,Heating (Cold),NG - Standard Efficiency,unavailable,,,,constant_tech,Year,2101,2101,2101,2101,2101,2101,2101,2101,2101,2101,2101,
CIMS.CAN.ON.Residential.Dwellings.Building Type.High Density.Vintage.>2035 Bldg Code.Heating (Cold),Service,ON,Residential,Heating (Cold),NG - Standard Efficiency,lifetime,,,,constant_tech,Years,19,19,19,19,19,19,19,19,19,19,19,
CIMS.CAN.ON.Residential.Dwellings.Building Type.High Density.Vintage.>2035 Bldg Code.Heating (Cold),Service,ON,Residential,Heating (Cold),NG - Standard Efficiency,market_share_total,,,,annual_tech,%,1,,,,,,,,,,,
CIMS.CAN.ON.Residential.Dwellings.Building Type.High Density.Vintage.>2035 Bldg Code.Heating (Cold),Service,ON,Residential,Heating (Cold),NG - Standard Efficiency,output,,,,constant_tech,node unit,31.399776,31.399776,31.399776,31.399776,31.399776,31.399776,31.399776,31.399776,31.399776,31.399776,31.399776,
CIMS.CAN.ON.Residential.Dwellings.Building Type.High Density.Vintage.>2035 Bldg Code.Heating (Cold),Service,ON,Residential,Heating (Cold),NG - Standard Efficiency,fcc,,,,constant_tech,$,5005.382545,5005.382545,5005.382545,5005.382545,5005.382545,5005.382545,5005.382545,5005.382545,5005.382545,5005.382545,5005.382545,
CIMS.CAN.ON.Residential.Dwellings.Building Type.High Density.Vintage.>2035 Bldg Code.Heating (Cold),Service,ON,Residential,Heating (Cold),NG - Standard Efficiency,fom,,,,constant_tech,$,162.6749327,162.6749327,162.6749327,162.6749327,162.6749327,162.6749327,162.6749327,162.6749327,162.6749327,162.6749327,162.6749327,
CIMS.CAN.ON.Residential.Dwellings.Building Type.High Density.Vintage.>2035 Bldg Code.Heating (Cold),Service,ON,Residential,Heating (Cold),NG - Standard Efficiency,service_request,,,CIMS.CAN.ON.Residential.Methane Blend,annual_tech,GJ,1.32911392425,1.32911392425,1.32911392425,1.32911392425,1.32911392425,1.32911392425,1.32911392425,1.32911392425,1.32911392425,1.32911392425,1.32911392425,
CIMS.CAN.ON.Residential.Dwellings.Building Type.High Density.Vintage.>2035 Bldg Code.Heating (Cold),Service,ON,Residential,Heating (Cold),NG - High Efficiency,technology,,,,,,,,,,,,,,,,,
CIMS.CAN.ON.Residential.Dwellings.Building Type.High Density.Vintage.>2035 Bldg Code.Heating (Cold),Service,ON,Residential,Heating (Cold),NG - High Efficiency,available,,,,constant_tech,Year,2000,2000,2000,2000,2000,2000,2000,2000,2000,2000,2000,
CIMS.CAN.ON.Residential.Dwellings.Building Type.High Density.Vintage.>2035 Bldg Code.Heating (Cold),Service,ON,Residential,Heating (Cold),NG - High Efficiency,unavailable,,,,constant_tech,Year,2101,2101,2101,2101,2101,2101,2101,2101,2101,2101,2101,
CIMS.CAN.ON.Residential.Dwellings.Building Type.High Density.Vintage.>2035 Bldg Code.Heating (Cold),Service,ON,Residential,Heating (Cold),NG - High Efficiency,lifetime,,,,constant_tech,Years,19,19,19,19,19,19,19,19,19,19,19,
CIMS.CAN.ON.Residential.Dwellings.Building Type.High Density.Vintage.>2035 Bldg Code.Heating (Cold),Service,ON,Residential,Heating (Cold),NG - High Efficiency,market_share_total,,,,annual_tech,%,0,,,,,,,,,,,
CIMS.CAN.ON.Residential.Dwellings.Building Type.High Density.Vintage.>2035 Bldg Code.Heating (Cold),Service,ON,Residential,Heating (Cold),NG - High Efficiency,output,,,,constant_tech,node unit,31.399776,31.399776,31.399776,31.399776,31.399776,31.399776,31.399776,31.399776,31.399776,31.399776,31.399776,
CIMS.CAN.ON.Residential.Dwellings.Building Type.High Density.Vintage.>2035 Bldg Code.Heating (Cold),Service,ON,Residential,Heating (Cold),NG - High Efficiency,fcc,,,,constant_tech,$,6231.7012692,6231.7012692,6231.7012692,6231.7012692,6231.7012692,6231.7012692,6231.7012692,6231.7012692,6231.7012692,6231.7012692,6231.7012692,
CIMS.CAN.ON.Residential.Dwellings.Building Type.High Density.Vintage.>2035 Bldg Code.Heating (Cold),Service,ON,Residential,Heating (Cold),NG - High Efficiency,fom,,,,constant_tech,$,162.6749327,162.6749327,162.6749327,162.6749327,162.6749327,162.6749327,162.6749327,162.6749327,162.6749327,162.6749327,162.6749327,
CIMS.CAN.ON.Residential.Dwellings.Building Type.High Density.Vintage.>2035 Bldg Code.Heating (Cold),Service,ON,Residential,Heating (Cold),NG - High Efficiency,service_request,,,CIMS.CAN.ON.Residential.Methane Blend,annual_tech,GJ,1.16666666655,1.16666666655,1.16666666655,1.16666666655,1.16666666655,1.16666666655,1.16666666655,1.16666666655,1.16666666655,1.16666666655,1.16666666655,
CIMS.CAN.ON.Residential.Dwellings.Building Type.High Density.Vintage.>2035 Bldg Code.Heating (Cold),Service,ON,Residential,Heating (Cold),NG - ASHP / NG - backup,technology,,,,,,,,,,,,,,,,,
CIMS.CAN.ON.Residential.Dwellings.Building Type.High Density.Vintage.>2035 Bldg Code.Heating (Cold),Service,ON,Residential,Heating (Cold),NG - ASHP / NG - backup,available,,,,constant_tech,Year,2000,2000,2000,2000,2000,2000,2000,2000,2000,2000,2000,
CIMS.CAN.ON.Residential.Dwellings.Building Type.High Density.Vintage.>2035 Bldg Code.Heating (Cold),Service,ON,Residential,Heating (Cold),NG - ASHP / NG - backup,unavailable,,,,constant_tech,Year,2101,2101,2101,2101,2101,2101,2101,2101,2101,2101,2101,
CIMS.CAN.ON.Residential.Dwellings.Building Type.High Density.Vintage.>2035 Bldg Code.Heating (Cold),Service,ON,Residential,Heating (Cold),NG - ASHP / NG - backup,lifetime,,,,constant_tech,Years,15,15,15,15,15,15,15,15,15,15,15,
CIMS.CAN.ON.Residential.Dwellings.Building Type.High Density.Vintage.>2035 Bldg Code.Heating (Cold),Service,ON,Residential,Heating (Cold),NG - ASHP / NG - backup,market_share_total,,,,annual_tech,%,0,,,,,,,,,,,
CIMS.CAN.ON.Residential.Dwellings.Building Type.High Density.Vintage.>2035 Bldg Code.Heating (Cold),Service,ON,Residential,Heating (Cold),NG - ASHP / NG - backup,output,,,,constant_tech,node unit,31.399776,31.399776,31.399776,31.399776,31.399776,31.399776,31.399776,31.399776,31.399776,31.399776,31.399776,
CIMS.CAN.ON.Residential.Dwellings.Building Type.High Density.Vintage.>2035 Bldg Code.Heating (Cold),Service,ON,Residential,Heating (Cold),NG - ASHP / NG - backup,fcc,,,,constant_tech,$,20015.27345,20015.27345,20015.27345,20015.27345,20015.27345,20015.27345,20015.27345,20015.27345,20015.27345,20015.27345,20015.27345,
CIMS.CAN.ON.Residential.Dwellings.Building Type.High Density.Vintage.>2035 Bldg Code.Heating (Cold),Service,ON,Residential,Heating (Cold),NG - ASHP / NG - backup,fom,,,,constant_tech,$,250.2691273,250.2691273,250.2691273,250.2691273,250.2691273,250.2691273,250.2691273,250.2691273,250.2691273,250.2691273,250.2691273,
CIMS.CAN.ON.Residential.Dwellings.Building Type.High Density.Vintage.>2035 Bldg Code.Heating (Cold),Service,ON,Residential,Heating (Cold),NG - ASHP / NG - backup,service_request,,,CIMS.CAN.ON.Residential.Methane Blend,annual_tech,GJ,2.1593627892625,2.1593627892625,2.1593627892625,2.1593627892625,2.1593627892625,2.1593627892625,2.1593627892625,2.1593627892625,2.1593627892625,2.1593627892625,2.1593627892625,
CIMS.CAN.ON.Residential.Dwellings.Building Type.High Density.Vintage.>2035 Bldg Code.Heating (Cold),Service,ON,Residential,Heating (Cold),NG - ASHP / NG - backup,service_request,,,CIMS.CAN.ON.Residential.Dwellings.Building Type.High Density.Cooling,annual_tech,GJ of cooling,-0.004568364,-0.004568364,-0.004568364,-0.004568364,-0.004568364,-0.004568364,-0.004568364,-0.004568364,-0.004568364,-0.004568364,-0.004568364,
CIMS.CAN.ON.Residential.Dwellings.Building Type.High Density.Vintage.>2035 Bldg Code.Heating (Cold),Service,ON,Residential,Heating (Cold),Electric - Standard Efficiency,technology,,,,,,,,,,,,,,,,,
CIMS.CAN.ON.Residential.Dwellings.Building Type.High Density.Vintage.>2035 Bldg Code.Heating (Cold),Service,ON,Residential,Heating (Cold),Electric - Standard Efficiency,available,,,,constant_tech,Year,1950,1950,1950,1950,1950,1950,1950,1950,1950,1950,1950,
CIMS.CAN.ON.Residential.Dwellings.Building Type.High Density.Vintage.>2035 Bldg Code.Heating (Cold),Service,ON,Residential,Heating (Cold),Electric - Standard Efficiency,unavailable,,,,constant_tech,Year,2101,2101,2101,2101,2101,2101,2101,2101,2101,2101,2101,
CIMS.CAN.ON.Residential.Dwellings.Building Type.High Density.Vintage.>2035 Bldg Code.Heating (Cold),Service,ON,Residential,Heating (Cold),Electric - Standard Efficiency,lifetime,,,,constant_tech,Years,22.5,22.5,22.5,22.5,22.5,22.5,22.5,22.5,22.5,22.5,22.5,
CIMS.CAN.ON.Residential.Dwellings.Building Type.High Density.Vintage.>2035 Bldg Code.Heating (Cold),Service,ON,Residential,Heating (Cold),Electric - Standard Efficiency,market_share_total,,,,annual_tech,%,0,,,,,,,,,,,
CIMS.CAN.ON.Residential.Dwellings.Building Type.High Density.Vintage.>2035 Bldg Code.Heating (Cold),Service,ON,Residential,Heating (Cold),Electric - Standard Efficiency,output,,,,constant_tech,node unit,31.399776,31.399776,31.399776,31.399776,31.399776,31.399776,31.399776,31.399776,31.399776,31.399776,31.399776,
CIMS.CAN.ON.Residential.Dwellings.Building Type.High Density.Vintage.>2035 Bldg Code.Heating (Cold),Service,ON,Residential,Heating (Cold),Electric - Standard Efficiency,fcc,,,,constant_tech,$,3822.860919,3822.860919,3822.860919,3822.860919,3822.860919,3822.860919,3822.860919,3822.860919,3822.860919,3822.860919,3822.860919,
CIMS.CAN.ON.Residential.Dwellings.Building Type.High Density.Vintage.>2035 Bldg Code.Heating (Cold),Service,ON,Residential,Heating (Cold),Electric - Standard Efficiency,service_request,,,CIMS.CAN.ON.Electricity,annual_tech,GJ,1,1,1,1,1,1,1,1,1,1,1,
CIMS.CAN.ON.Residential.Dwellings.Building Type.High Density.Vintage.>2035 Bldg Code.Heating (Cold),Service,ON,Residential,Heating (Cold),Electric - ASHP / NG - backup,technology,,,,,,,,,,,,,,,,,
CIMS.CAN.ON.Residential.Dwellings.Building Type.High Density.Vintage.>2035 Bldg Code.Heating (Cold),Service,ON,Residential,Heating (Cold),Electric - ASHP / NG - backup,available,,,,constant_tech,Year,2000,2000,2000,2000,2000,2000,2000,2000,2000,2000,2000,
CIMS.CAN.ON.Residential.Dwellings.Building Type.High Density.Vintage.>2035 Bldg Code.Heating (Cold),Service,ON,Residential,Heating (Cold),Electric - ASHP / NG - backup,unavailable,,,,constant_tech,Year,2101,2101,2101,2101,2101,2101,2101,2101,2101,2101,2101,
CIMS.CAN.ON.Residential.Dwellings.Building Type.High Density.Vintage.>2035 Bldg Code.Heating (Cold),Service,ON,Residential,Heating (Cold),Electric - ASHP / NG - backup,lifetime,,,,constant_tech,Years,15.5,15.5,15.5,15.5,15.5,15.5,15.5,15.5,15.5,15.5,15.5,
CIMS.CAN.ON.Residential.Dwellings.Building Type.High Density.Vintage.>2035 Bldg Code.Heating (Cold),Service,ON,Residential,Heating (Cold),Electric - ASHP / NG - backup,market_share_total,,,,annual_tech,%,0,,,,,,,,,,,
CIMS.CAN.ON.Residential.Dwellings.Building Type.High Density.Vintage.>2035 Bldg Code.Heating (Cold),Service,ON,Residential,Heating (Cold),Electric - ASHP / NG - backup,output,,,,constant_tech,node unit,31.399776,31.399776,31.399776,31.399776,31.399776,31.399776,31.399776,31.399776,31.399776,31.399776,31.399776,
CIMS.CAN.ON.Residential.Dwellings.Building Type.High Density.Vintage.>2035 Bldg Code.Heating (Cold),Service,ON,Residential,Heating (Cold),Electric - ASHP / NG - backup,fcc,,,,constant_tech,$,9647.874856,9647.874856,9647.874856,9647.874856,9647.874856,9647.874856,9647.874856,9647.874856,9647.874856,9647.874856,9647.874856,
CIMS.CAN.ON.Residential.Dwellings.Building Type.High Density.Vintage.>2035 Bldg Code.Heating (Cold),Service,ON,Residential,Heating (Cold),Electric - ASHP / NG - backup,fom,,,,constant_tech,$,269.0393118,269.0393118,269.0393118,269.0393118,269.0393118,269.0393118,269.0393118,269.0393118,269.0393118,269.0393118,269.0393118,
CIMS.CAN.ON.Residential.Dwellings.Building Type.High Density.Vintage.>2035 Bldg Code.Heating (Cold),Service,ON,Residential,Heating (Cold),Electric - ASHP / NG - backup,service_request,,,CIMS.CAN.ON.Electricity,annual_tech,GJ,0.72747607755,0.72747607755,0.72747607755,0.72747607755,0.72747607755,0.72747607755,0.72747607755,0.72747607755,0.72747607755,0.72747607755,0.72747607755,
CIMS.CAN.ON.Residential.Dwellings.Building Type.High Density.Vintage.>2035 Bldg Code.Heating (Cold),Service,ON,Residential,Heating (Cold),Electric - ASHP / NG - backup,service_request,,,CIMS.CAN.ON.Residential.Methane Blend,annual_tech,GJ,0.0583333333275,0.0583333333275,0.0583333333275,0.0583333333275,0.0583333333275,0.0583333333275,0.0583333333275,0.0583333333275,0.0583333333275,0.0583333333275,0.0583333333275,
CIMS.CAN.ON.Residential.Dwellings.Building Type.High Density.Vintage.>2035 Bldg Code.Heating (Cold),Service,ON,Residential,Heating (Cold),Electric - ASHP / NG - backup,service_request,,,CIMS.CAN.ON.Residential.Dwellings.Building Type.High Density.Cooling,annual_tech,GJ of cooling,-0.004568364,-0.004568364,-0.004568364,-0.004568364,-0.004568364,-0.004568364,-0.004568364,-0.004568364,-0.004568364,-0.004568364,-0.004568364,
CIMS.CAN.ON.Residential.Dwellings.Building Type.High Density.Vintage.>2035 Bldg Code.Heating (Cold),Service,ON,Residential,Heating (Cold),Electric - ASHP / Electric - backup,technology,,,,,,,,,,,,,,,,,
CIMS.CAN.ON.Residential.Dwellings.Building Type.High Density.Vintage.>2035 Bldg Code.Heating (Cold),Service,ON,Residential,Heating (Cold),Electric - ASHP / Electric - backup,available,,,,constant_tech,Year,2000,2000,2000,2000,2000,2000,2000,2000,2000,2000,2000,
CIMS.CAN.ON.Residential.Dwellings.Building Type.High Density.Vintage.>2035 Bldg Code.Heating (Cold),Service,ON,Residential,Heating (Cold),Electric - ASHP / Electric - backup,unavailable,,,,constant_tech,Year,2101,2101,2101,2101,2101,2101,2101,2101,2101,2101,2101,
CIMS.CAN.ON.Residential.Dwellings.Building Type.High Density.Vintage.>2035 Bldg Code.Heating (Cold),Service,ON,Residential,Heating (Cold),Electric - ASHP / Electric - backup,lifetime,,,,constant_tech,Years,15.5,15.5,15.5,15.5,15.5,15.5,15.5,15.5,15.5,15.5,15.5,
CIMS.CAN.ON.Residential.Dwellings.Building Type.High Density.Vintage.>2035 Bldg Code.Heating (Cold),Service,ON,Residential,Heating (Cold),Electric - ASHP / Electric - backup,market_share_total,,,,annual_tech,%,0,,,,,,,,,,,
CIMS.CAN.ON.Residential.Dwellings.Building Type.High Density.Vintage.>2035 Bldg Code.Heating (Cold),Service,ON,Residential,Heating (Cold),Electric - ASHP / Electric - backup,output,,,,constant_tech,node unit,31.399776,31.399776,31.399776,31.399776,31.399776,31.399776,31.399776,31.399776,31.399776,31.399776,31.399776,
CIMS.CAN.ON.Residential.Dwellings.Building Type.High Density.Vintage.>2035 Bldg Code.Heating (Cold),Service,ON,Residential,Heating (Cold),Electric - ASHP / Electric - backup,fcc,,,,constant_tech,$,9373.830161,9373.830161,9373.830161,9373.830161,9373.830161,9373.830161,9373.830161,9373.830161,9373.830161,9373.830161,9373.830161,
CIMS.CAN.ON.Residential.Dwellings.Building Type.High Density.Vintage.>2035 Bldg Code.Heating (Cold),Service,ON,Residential,Heating (Cold),Electric - ASHP / Electric - backup,fom,,,,constant_tech,$,106.3643791,106.3643791,106.3643791,106.3643791,106.3643791,106.3643791,106.3643791,106.3643791,106.3643791,106.3643791,106.3643791,
CIMS.CAN.ON.Residential.Dwellings.Building Type.High Density.Vintage.>2035 Bldg Code.Heating (Cold),Service,ON,Residential,Heating (Cold),Electric - ASHP / Electric - backup,service_request,,,CIMS.CAN.ON.Electricity,annual_tech,GJ,0.77747607755,0.77747607755,0.77747607755,0.77747607755,0.77747607755,0.77747607755,0.77747607755,0.77747607755,0.77747607755,0.77747607755,0.77747607755,
CIMS.CAN.ON.Residential.Dwellings.Building Type.High Density.Vintage.>2035 Bldg Code.Heating (Cold),Service,ON,Residential,Heating (Cold),Electric - ASHP / Electric - backup,service_request,,,CIMS.CAN.ON.Residential.Dwellings.Building Type.High Density.Cooling,annual_tech,GJ of cooling,-0.004568364,-0.004568364,-0.004568364,-0.004568364,-0.004568364,-0.004568364,-0.004568364,-0.004568364,-0.004568364,-0.004568364,-0.004568364,
CIMS.CAN.ON.Residential.Dwellings.Building Type.High Density.Vintage.>2035 Bldg Code.Heating (Cold),Service,ON,Residential,Heating (Cold),Electric - GSHP,technology,,,,,,,,,,,,,,,,,
CIMS.CAN.ON.Residential.Dwellings.Building Type.High Density.Vintage.>2035 Bldg Code.Heating (Cold),Service,ON,Residential,Heating (Cold),Electric - GSHP,available,,,,constant_tech,Year,2000,2000,2000,2000,2000,2000,2000,2000,2000,2000,2000,
CIMS.CAN.ON.Residential.Dwellings.Building Type.High Density.Vintage.>2035 Bldg Code.Heating (Cold),Service,ON,Residential,Heating (Cold),Electric - GSHP,unavailable,,,,constant_tech,Year,2101,2101,2101,2101,2101,2101,2101,2101,2101,2101,2101,
CIMS.CAN.ON.Residential.Dwellings.Building Type.High Density.Vintage.>2035 Bldg Code.Heating (Cold),Service,ON,Residential,Heating (Cold),Electric - GSHP,lifetime,,,,constant_tech,Years,20,20,20,20,20,20,20,20,20,20,20,
CIMS.CAN.ON.Residential.Dwellings.Building Type.High Density.Vintage.>2035 Bldg Code.Heating (Cold),Service,ON,Residential,Heating (Cold),Electric - GSHP,market_share_total,,,,annual_tech,%,0,,,,,,,,,,,
CIMS.CAN.ON.Residential.Dwellings.Building Type.High Density.Vintage.>2035 Bldg Code.Heating (Cold),Service,ON,Residential,Heating (Cold),Electric - GSHP,output,,,,constant_tech,node unit,31.399776,31.399776,31.399776,31.399776,31.399776,31.399776,31.399776,31.399776,31.399776,31.399776,31.399776,
CIMS.CAN.ON.Residential.Dwellings.Building Type.High Density.Vintage.>2035 Bldg Code.Heating (Cold),Service,ON,Residential,Heating (Cold),Electric - GSHP,fcc,,,,constant_tech,$,23775.56709,23775.56709,23775.56709,23775.56709,23775.56709,23775.56709,23775.56709,23775.56709,23775.56709,23775.56709,23775.56709,
CIMS.CAN.ON.Residential.Dwellings.Building Type.High Density.Vintage.>2035 Bldg Code.Heating (Cold),Service,ON,Residential,Heating (Cold),Electric - GSHP,fom,,,,constant_tech,$,112.6211073,112.6211073,112.6211073,112.6211073,112.6211073,112.6211073,112.6211073,112.6211073,112.6211073,112.6211073,112.6211073,
CIMS.CAN.ON.Residential.Dwellings.Building Type.High Density.Vintage.>2035 Bldg Code.Heating (Cold),Service,ON,Residential,Heating (Cold),Electric - GSHP,service_request,,,CIMS.CAN.ON.Electricity,annual_tech,GJ,0.486428472,0.486428472,0.486428472,0.486428472,0.486428472,0.486428472,0.486428472,0.486428472,0.486428472,0.486428472,0.486428472,
CIMS.CAN.ON.Residential.Dwellings.Building Type.High Density.Vintage.>2035 Bldg Code.Heating (Cold),Service,ON,Residential,Heating (Cold),Electric - GSHP,service_request,,,CIMS.CAN.ON.Residential.Dwellings.Building Type.High Density.Cooling,annual_tech,GJ of cooling,-0.004568364,-0.004568364,-0.004568364,-0.004568364,-0.004568364,-0.004568364,-0.004568364,-0.004568364,-0.004568364,-0.004568364,-0.004568364,
CIMS.CAN.ON.Residential.Dwellings.Building Type.High Density.Vintage.>2035 Bldg Code.Heating (Cold),Service,ON,Residential,Heating (Cold),Heating Oil - Standard Efficiency,technology,,,,,,,,,,,,,,,,,
CIMS.CAN.ON.Residential.Dwellings.Building Type.High Density.Vintage.>2035 Bldg Code.Heating (Cold),Service,ON,Residential,Heating (Cold),Heating Oil - Standard Efficiency,available,,,,constant_tech,Year,1950,1950,1950,1950,1950,1950,1950,1950,1950,1950,1950,
CIMS.CAN.ON.Residential.Dwellings.Building Type.High Density.Vintage.>2035 Bldg Code.Heating (Cold),Service,ON,Residential,Heating (Cold),Heating Oil - Standard Efficiency,unavailable,,,,constant_tech,Year,2021,2021,2021,2021,2021,2021,2021,2021,2021,2021,2021,
CIMS.CAN.ON.Residential.Dwellings.Building Type.High Density.Vintage.>2035 Bldg Code.Heating (Cold),Service,ON,Residential,Heating (Cold),Heating Oil - Standard Efficiency,lifetime,,,,constant_tech,Years,23,23,23,23,23,23,23,23,23,23,23,
CIMS.CAN.ON.Residential.Dwellings.Building Type.High Density.Vintage.>2035 Bldg Code.Heating (Cold),Service,ON,Residential,Heating (Cold),Heating Oil - Standard Efficiency,market_share_total,,,,annual_tech,%,0,,,,,,,,,,,
CIMS.CAN.ON.Residential.Dwellings.Building Type.High Density.Vintage.>2035 Bldg Code.Heating (Cold),Service,ON,Residential,Heating (Cold),Heating Oil - Standard Efficiency,output,,,,constant_tech,node unit,31.399776,31.399776,31.399776,31.399776,31.399776,31.399776,31.399776,31.399776,31.399776,31.399776,31.399776,
CIMS.CAN.ON.Residential.Dwellings.Building Type.High Density.Vintage.>2035 Bldg Code.Heating (Cold),Service,ON,Residential,Heating (Cold),Heating Oil - Standard Efficiency,fcc,,,,constant_tech,$,6444.430027,6444.430027,6444.430027,6444.430027,6444.430027,6444.430027,6444.430027,6444.430027,6444.430027,6444.430027,6444.430027,
CIMS.CAN.ON.Residential.Dwellings.Building Type.High Density.Vintage.>2035 Bldg Code.Heating (Cold),Service,ON,Residential,Heating (Cold),Heating Oil - Standard Efficiency,fom,,,,constant_tech,$,100.1076509,100.1076509,100.1076509,100.1076509,100.1076509,100.1076509,100.1076509,100.1076509,100.1076509,100.1076509,100.1076509,
CIMS.CAN.ON.Residential.Dwellings.Building Type.High Density.Vintage.>2035 Bldg Code.Heating (Cold),Service,ON,Residential,Heating (Cold),Heating Oil - Standard Efficiency,service_request,,,CIMS.Generic Fuels.Fuel Oil,annual_tech,GJ,1.282051282,1.282051282,1.282051282,1.282051282,1.282051282,1.282051282,1.282051282,1.282051282,1.282051282,1.282051282,1.282051282,
CIMS.CAN.ON.Residential.Dwellings.Building Type.High Density.Vintage.>2035 Bldg Code.Heating (Cold),Service,ON,Residential,Heating (Cold),Heating Oil - High Efficiency,technology,,,,,,,,,,,,,,,,,
CIMS.CAN.ON.Residential.Dwellings.Building Type.High Density.Vintage.>2035 Bldg Code.Heating (Cold),Service,ON,Residential,Heating (Cold),Heating Oil - High Efficiency,available,,,,constant_tech,Year,2000,2000,2000,2000,2000,2000,2000,2000,2000,2000,2000,
CIMS.CAN.ON.Residential.Dwellings.Building Type.High Density.Vintage.>2035 Bldg Code.Heating (Cold),Service,ON,Residential,Heating (Cold),Heating Oil - High Efficiency,unavailable,,,,constant_tech,Year,2101,2101,2101,2101,2101,2101,2101,2101,2101,2101,2101,
CIMS.CAN.ON.Residential.Dwellings.Building Type.High Density.Vintage.>2035 Bldg Code.Heating (Cold),Service,ON,Residential,Heating (Cold),Heating Oil - High Efficiency,lifetime,,,,constant_tech,Years,23,23,23,23,23,23,23,23,23,23,23,
CIMS.CAN.ON.Residential.Dwellings.Building Type.High Density.Vintage.>2035 Bldg Code.Heating (Cold),Service,ON,Residential,Heating (Cold),Heating Oil - High Efficiency,market_share_total,,,,annual_tech,%,0,,,,,,,,,,,
CIMS.CAN.ON.Residential.Dwellings.Building Type.High Density.Vintage.>2035 Bldg Code.Heating (Cold),Service,ON,Residential,Heating (Cold),Heating Oil - High Efficiency,output,,,,constant_tech,node unit,31.399776,31.399776,31.399776,31.399776,31.399776,31.399776,31.399776,31.399776,31.399776,31.399776,31.399776,
CIMS.CAN.ON.Residential.Dwellings.Building Type.High Density.Vintage.>2035 Bldg Code.Heating (Cold),Service,ON,Residential,Heating (Cold),Heating Oil - High Efficiency,fcc,,,,constant_tech,$,9541.510477,9541.510477,9541.510477,9541.510477,9541.510477,9541.510477,9541.510477,9541.510477,9541.510477,9541.510477,9541.510477,
CIMS.CAN.ON.Residential.Dwellings.Building Type.High Density.Vintage.>2035 Bldg Code.Heating (Cold),Service,ON,Residential,Heating (Cold),Heating Oil - High Efficiency,fom,,,,constant_tech,$,100.1076509,100.1076509,100.1076509,100.1076509,100.1076509,100.1076509,100.1076509,100.1076509,100.1076509,100.1076509,100.1076509,
CIMS.CAN.ON.Residential.Dwellings.Building Type.High Density.Vintage.>2035 Bldg Code.Heating (Cold),Service,ON,Residential,Heating (Cold),Heating Oil - High Efficiency,service_request,,,CIMS.Generic Fuels.Fuel Oil,annual_tech,GJ,1.162790698,1.162790698,1.162790698,1.162790698,1.162790698,1.162790698,1.162790698,1.162790698,1.162790698,1.162790698,1.162790698,
CIMS.CAN.ON.Residential.Dwellings.Building Type.High Density.Vintage.>2035 Bldg Code.Heating (Cold),Service,ON,Residential,Heating (Cold),Wood,technology,,,,,,,,,,,,,,,,,
CIMS.CAN.ON.Residential.Dwellings.Building Type.High Density.Vintage.>2035 Bldg Code.Heating (Cold),Service,ON,Residential,Heating (Cold),Wood,available,,,,constant_tech,Year,1950,1950,1950,1950,1950,1950,1950,1950,1950,1950,1950,
CIMS.CAN.ON.Residential.Dwellings.Building Type.High Density.Vintage.>2035 Bldg Code.Heating (Cold),Service,ON,Residential,Heating (Cold),Wood,unavailable,,,,constant_tech,Year,2101,2101,2101,2101,2101,2101,2101,2101,2101,2101,2101,
CIMS.CAN.ON.Residential.Dwellings.Building Type.High Density.Vintage.>2035 Bldg Code.Heating (Cold),Service,ON,Residential,Heating (Cold),Wood,lifetime,,,,constant_tech,Years,18.5,18.5,18.5,18.5,18.5,18.5,18.5,18.5,18.5,18.5,18.5,
CIMS.CAN.ON.Residential.Dwellings.Building Type.High Density.Vintage.>2035 Bldg Code.Heating (Cold),Service,ON,Residential,Heating (Cold),Wood,market_share_total,,,,annual_tech,%,0,,,,,,,,,,,
CIMS.CAN.ON.Residential.Dwellings.Building Type.High Density.Vintage.>2035 Bldg Code.Heating (Cold),Service,ON,Residential,Heating (Cold),Wood,output,,,,constant_tech,node unit,31.399776,31.399776,31.399776,31.399776,31.399776,31.399776,31.399776,31.399776,31.399776,31.399776,31.399776,
CIMS.CAN.ON.Residential.Dwellings.Building Type.High Density.Vintage.>2035 Bldg Code.Heating (Cold),Service,ON,Residential,Heating (Cold),Wood,fcc,,,,constant_tech,$,8000.269768,8000.269768,8000.269768,8000.269768,8000.269768,8000.269768,8000.269768,8000.269768,8000.269768,8000.269768,8000.269768,
CIMS.CAN.ON.Residential.Dwellings.Building Type.High Density.Vintage.>2035 Bldg Code.Heating (Cold),Service,ON,Residential,Heating (Cold),Wood,fom,,,,constant_tech,$,250.2691273,250.2691273,250.2691273,250.2691273,250.2691273,250.2691273,250.2691273,250.2691273,250.2691273,250.2691273,250.2691273,
CIMS.CAN.ON.Residential.Dwellings.Building Type.High Density.Vintage.>2035 Bldg Code.Heating (Cold),Service,ON,Residential,Heating (Cold),Wood,service_request,,,CIMS.Generic Fuels.Solid Biomass,annual_tech,GJ,2,2,2,2,2,2,2,2,2,2,2,
CIMS.CAN.ON.Residential.Dwellings.Building Type.High Density.Cooling,Service,ON,Residential,Cooling,,service_provide,,,,constant_tech,GJ of cooling,,,,,,,,,,,,
CIMS.CAN.ON.Residential.Dwellings.Building Type.High Density.Cooling,Service,ON,Residential,Cooling,,competition,Fixed Ratio,,,,,,,,,,,,,,,,
CIMS.CAN.ON.Residential.Dwellings.Building Type.High Density.Cooling,Service,ON,Residential,Cooling,,inheritance,intercept_retirement,,,constant_tech,,FALSE,FALSE,FALSE,FALSE,FALSE,FALSE,FALSE,FALSE,FALSE,FALSE,FALSE,
CIMS.CAN.ON.Residential.Dwellings.Building Type.High Density.Cooling,Service,ON,Residential,Cooling,,service_request,,,CIMS.CAN.ON.Residential.Dwellings.Building Type.High Density.Cooling.Central,annual_region,GJ,0.86035643775032,0.88702473612532,0.90380837676071,0.93485324716969,0.95675132743999,0.95675132743999,0.95675132743999,0.95675132743999,0.95675132743999,0.95675132743999,0.95675132743999,
CIMS.CAN.ON.Residential.Dwellings.Building Type.High Density.Cooling,Service,ON,Residential,Cooling,,service_request,,,CIMS.CAN.ON.Residential.Dwellings.Building Type.High Density.Cooling.Room,annual_region,GJ,0.13964356224968,0.11297526387468,0.09619162323929,0.06514675283031,0.04324867256001,0.04324867256001,0.04324867256001,0.04324867256001,0.04324867256001,0.04324867256001,0.04324867256001,
CIMS.CAN.ON.Residential.Dwellings.Building Type.High Density.Cooling.Central,Service,ON,Residential,Central,,service_provide,,,,constant_tech,GJ of cooling,,,,,,,,,,,,
CIMS.CAN.ON.Residential.Dwellings.Building Type.High Density.Cooling.Central,Service,ON,Residential,Central,,competition,Tech Compete,,,,,,,,,,,,,,,,
CIMS.CAN.ON.Residential.Dwellings.Building Type.High Density.Cooling.Central,Service,ON,Residential,Central,,discount_rate_financial,,,,constant_tech,%,0.25,0.25,0.25,0.25,0.25,0.25,0.25,0.25,0.25,0.25,0.25,
CIMS.CAN.ON.Residential.Dwellings.Building Type.High Density.Cooling.Central,Service,ON,Residential,Central,,heterogeneity,,,,constant_tech,,10,10,10,10,10,10,10,10,10,10,10,
CIMS.CAN.ON.Residential.Dwellings.Building Type.High Density.Cooling.Central,Service,ON,Residential,Central,Central - Existing,technology,,,,,,,,,,,,,,,,,
CIMS.CAN.ON.Residential.Dwellings.Building Type.High Density.Cooling.Central,Service,ON,Residential,Central,Central - Existing,available,,,,constant_tech,Year,1990,1990,1990,1990,1990,1990,1990,1990,1990,1990,1990,
CIMS.CAN.ON.Residential.Dwellings.Building Type.High Density.Cooling.Central,Service,ON,Residential,Central,Central - Existing,unavailable,,,,constant_tech,Year,2001,2001,2001,2001,2001,2001,2001,2001,2001,2001,2001,
CIMS.CAN.ON.Residential.Dwellings.Building Type.High Density.Cooling.Central,Service,ON,Residential,Central,Central - Existing,lifetime,,,,constant_tech,Years,18,18,18,18,18,18,18,18,18,18,18,
CIMS.CAN.ON.Residential.Dwellings.Building Type.High Density.Cooling.Central,Service,ON,Residential,Central,Central - Existing,market_share_total,,,,annual_tech,%,1,,,,,,,,,,,
CIMS.CAN.ON.Residential.Dwellings.Building Type.High Density.Cooling.Central,Service,ON,Residential,Central,Central - Existing,output,,,,constant_tech,node unit,12.76,12.76,12.76,12.76,12.76,12.76,12.76,12.76,12.76,12.76,12.76,
CIMS.CAN.ON.Residential.Dwellings.Building Type.High Density.Cooling.Central,Service,ON,Residential,Central,Central - Existing,fcc,,,,constant_tech,$,5005.38,5005.38,5005.38,5005.38,5005.38,5005.38,5005.38,5005.38,5005.38,5005.38,5005.38,
CIMS.CAN.ON.Residential.Dwellings.Building Type.High Density.Cooling.Central,Service,ON,Residential,Central,Central - Existing,fom,,,,constant_tech,$,106.36,106.36,106.36,106.36,106.36,106.36,106.36,106.36,106.36,106.36,106.36,
CIMS.CAN.ON.Residential.Dwellings.Building Type.High Density.Cooling.Central,Service,ON,Residential,Central,Central - Existing,service_request,,,CIMS.CAN.ON.Electricity,annual_tech,GJ,0.355812796,0.355812796,0.355812796,0.355812796,0.355812796,0.355812796,0.355812796,0.355812796,0.355812796,0.355812796,0.355812796,
CIMS.CAN.ON.Residential.Dwellings.Building Type.High Density.Cooling.Central,Service,ON,Residential,Central,Central - SEER 12,technology,,,,,,,,,,,,,,,,,
CIMS.CAN.ON.Residential.Dwellings.Building Type.High Density.Cooling.Central,Service,ON,Residential,Central,Central - SEER 12,available,,,,constant_tech,Year,2000,2000,2000,2000,2000,2000,2000,2000,2000,2000,2000,
CIMS.CAN.ON.Residential.Dwellings.Building Type.High Density.Cooling.Central,Service,ON,Residential,Central,Central - SEER 12,unavailable,,,,constant_tech,Year,2101,2101,2101,2101,2101,2101,2101,2101,2101,2101,2101,
CIMS.CAN.ON.Residential.Dwellings.Building Type.High Density.Cooling.Central,Service,ON,Residential,Central,Central - SEER 12,lifetime,,,,constant_tech,Years,18,18,18,18,18,18,18,18,18,18,18,
CIMS.CAN.ON.Residential.Dwellings.Building Type.High Density.Cooling.Central,Service,ON,Residential,Central,Central - SEER 12,market_share_total,,,,annual_tech,%,0,,,,,,,,,,,
CIMS.CAN.ON.Residential.Dwellings.Building Type.High Density.Cooling.Central,Service,ON,Residential,Central,Central - SEER 12,output,,,,constant_tech,node unit,16.03,16.03,16.03,16.03,16.03,16.03,16.03,16.03,16.03,16.03,16.03,
CIMS.CAN.ON.Residential.Dwellings.Building Type.High Density.Cooling.Central,Service,ON,Residential,Central,Central - SEER 12,fcc,,,,constant_tech,$,6569.56,6569.56,6569.56,6569.56,6569.56,6569.56,6569.56,6569.56,6569.56,6569.56,6569.56,
CIMS.CAN.ON.Residential.Dwellings.Building Type.High Density.Cooling.Central,Service,ON,Residential,Central,Central - SEER 12,fom,,,,constant_tech,$,106.36,106.36,106.36,106.36,106.36,106.36,106.36,106.36,106.36,106.36,106.36,
CIMS.CAN.ON.Residential.Dwellings.Building Type.High Density.Cooling.Central,Service,ON,Residential,Central,Central - SEER 12,service_request,,,CIMS.CAN.ON.Electricity,annual_tech,GJ,0.284345097,0.284345097,0.284345097,0.284345097,0.284345097,0.284345097,0.284345097,0.284345097,0.284345097,0.284345097,0.284345097,
CIMS.CAN.ON.Residential.Dwellings.Building Type.High Density.Cooling.Central,Service,ON,Residential,Central,Central - SEER 14,technology,,,,,,,,,,,,,,,,,
CIMS.CAN.ON.Residential.Dwellings.Building Type.High Density.Cooling.Central,Service,ON,Residential,Central,Central - SEER 14,available,,,,constant_tech,Year,2015,2015,2015,2015,2015,2015,2015,2015,2015,2015,2015,
CIMS.CAN.ON.Residential.Dwellings.Building Type.High Density.Cooling.Central,Service,ON,Residential,Central,Central - SEER 14,unavailable,,,,constant_tech,Year,2101,2101,2101,2101,2101,2101,2101,2101,2101,2101,2101,
CIMS.CAN.ON.Residential.Dwellings.Building Type.High Density.Cooling.Central,Service,ON,Residential,Central,Central - SEER 14,lifetime,,,,constant_tech,Years,18,18,18,18,18,18,18,18,18,18,18,
CIMS.CAN.ON.Residential.Dwellings.Building Type.High Density.Cooling.Central,Service,ON,Residential,Central,Central - SEER 14,market_share_total,,,,annual_tech,%,0,,,,,,,,,,,
CIMS.CAN.ON.Residential.Dwellings.Building Type.High Density.Cooling.Central,Service,ON,Residential,Central,Central - SEER 14,output,,,,constant_tech,node unit,18.7,18.7,18.7,18.7,18.7,18.7,18.7,18.7,18.7,18.7,18.7,
CIMS.CAN.ON.Residential.Dwellings.Building Type.High Density.Cooling.Central,Service,ON,Residential,Central,Central - SEER 14,fcc,,,,constant_tech,$,7483.05,7483.05,7483.05,7483.05,7483.05,7483.05,7483.05,7483.05,7483.05,7483.05,7483.05,
CIMS.CAN.ON.Residential.Dwellings.Building Type.High Density.Cooling.Central,Service,ON,Residential,Central,Central - SEER 14,fom,,,,constant_tech,$,106.36,106.36,106.36,106.36,106.36,106.36,106.36,106.36,106.36,106.36,106.36,
CIMS.CAN.ON.Residential.Dwellings.Building Type.High Density.Cooling.Central,Service,ON,Residential,Central,Central - SEER 14,service_request,,,CIMS.CAN.ON.Electricity,annual_tech,GJ,0.243724369,0.243724369,0.243724369,0.243724369,0.243724369,0.243724369,0.243724369,0.243724369,0.243724369,0.243724369,0.243724369,
CIMS.CAN.ON.Residential.Dwellings.Building Type.High Density.Cooling.Room,Service,ON,Residential,Room,,service_provide,,,,constant_tech,GJ of cooling,,,,,,,,,,,,
CIMS.CAN.ON.Residential.Dwellings.Building Type.High Density.Cooling.Room,Service,ON,Residential,Room,,competition,Tech Compete,,,,,,,,,,,,,,,,
CIMS.CAN.ON.Residential.Dwellings.Building Type.High Density.Cooling.Room,Service,ON,Residential,Room,,discount_rate_financial,,,,constant_tech,%,0.25,0.25,0.25,0.25,0.25,0.25,0.25,0.25,0.25,0.25,0.25,
CIMS.CAN.ON.Residential.Dwellings.Building Type.High Density.Cooling.Room,Service,ON,Residential,Room,,heterogeneity,,,,constant_tech,,10,10,10,10,10,10,10,10,10,10,10,
CIMS.CAN.ON.Residential.Dwellings.Building Type.High Density.Cooling.Room,Service,ON,Residential,Room,Room - Existing,technology,,,,,,,,,,,,,,,,,
CIMS.CAN.ON.Residential.Dwellings.Building Type.High Density.Cooling.Room,Service,ON,Residential,Room,Room - Existing,available,,,,constant_tech,Year,1990,1990,1990,1990,1990,1990,1990,1990,1990,1990,1990,
CIMS.CAN.ON.Residential.Dwellings.Building Type.High Density.Cooling.Room,Service,ON,Residential,Room,Room - Existing,unavailable,,,,constant_tech,Year,2001,2001,2001,2001,2001,2001,2001,2001,2001,2001,2001,
CIMS.CAN.ON.Residential.Dwellings.Building Type.High Density.Cooling.Room,Service,ON,Residential,Room,Room - Existing,lifetime,,,,constant_tech,Years,13,13,13,13,13,13,13,13,13,13,13,
CIMS.CAN.ON.Residential.Dwellings.Building Type.High Density.Cooling.Room,Service,ON,Residential,Room,Room - Existing,market_share_total,,,,annual_tech,%,1,,,,,,,,,,,
CIMS.CAN.ON.Residential.Dwellings.Building Type.High Density.Cooling.Room,Service,ON,Residential,Room,Room - Existing,output,,,,constant_tech,node unit,3.06,3.06,3.06,3.06,3.06,3.06,3.06,3.06,3.06,3.06,3.06,
CIMS.CAN.ON.Residential.Dwellings.Building Type.High Density.Cooling.Room,Service,ON,Residential,Room,Room - Existing,fcc,,,,constant_tech,$,919.74,919.74,919.74,919.74,919.74,919.74,919.74,919.74,919.74,919.74,919.74,
CIMS.CAN.ON.Residential.Dwellings.Building Type.High Density.Cooling.Room,Service,ON,Residential,Room,Room - Existing,service_request,,,CIMS.CAN.ON.Electricity,annual_tech,GJ,0.413347416,0.413347416,0.413347416,0.413347416,0.413347416,0.413347416,0.413347416,0.413347416,0.413347416,0.413347416,0.413347416,
CIMS.CAN.ON.Residential.Dwellings.Building Type.High Density.Cooling.Room,Service,ON,Residential,Room,Room - CEER 10,technology,,,,,,,,,,,,,,,,,
CIMS.CAN.ON.Residential.Dwellings.Building Type.High Density.Cooling.Room,Service,ON,Residential,Room,Room - CEER 10,available,,,,constant_tech,Year,2000,2000,2000,2000,2000,2000,2000,2000,2000,2000,2000,
CIMS.CAN.ON.Residential.Dwellings.Building Type.High Density.Cooling.Room,Service,ON,Residential,Room,Room - CEER 10,unavailable,,,,constant_tech,Year,2101,2101,2101,2101,2101,2101,2101,2101,2101,2101,2101,
CIMS.CAN.ON.Residential.Dwellings.Building Type.High Density.Cooling.Room,Service,ON,Residential,Room,Room - CEER 10,lifetime,,,,constant_tech,Years,13,13,13,13,13,13,13,13,13,13,13,
CIMS.CAN.ON.Residential.Dwellings.Building Type.High Density.Cooling.Room,Service,ON,Residential,Room,Room - CEER 10,market_share_total,,,,annual_tech,%,0,,,,,,,,,,,
CIMS.CAN.ON.Residential.Dwellings.Building Type.High Density.Cooling.Room,Service,ON,Residential,Room,Room - CEER 10,output,,,,constant_tech,node unit,3.71,3.71,3.71,3.71,3.71,3.71,3.71,3.71,3.71,3.71,3.71,
CIMS.CAN.ON.Residential.Dwellings.Building Type.High Density.Cooling.Room,Service,ON,Residential,Room,Room - CEER 10,fcc,,,,constant_tech,$,700.75,700.75,700.75,700.75,700.75,700.75,700.75,700.75,700.75,700.75,700.75,
CIMS.CAN.ON.Residential.Dwellings.Building Type.High Density.Cooling.Room,Service,ON,Residential,Room,Room - CEER 10,service_request,,,CIMS.CAN.ON.Electricity,annual_tech,GJ,0.341214117,0.341214117,0.341214117,0.341214117,0.341214117,0.341214117,0.341214117,0.341214117,0.341214117,0.341214117,0.341214117,
CIMS.CAN.ON.Residential.Dwellings.Building Type.High Density.Cooling.Room,Service,ON,Residential,Room,Room - CEER 12,technology,,,,,,,,,,,,,,,,,
CIMS.CAN.ON.Residential.Dwellings.Building Type.High Density.Cooling.Room,Service,ON,Residential,Room,Room - CEER 12,available,,,,constant_tech,Year,2015,2015,2015,2015,2015,2015,2015,2015,2015,2015,2015,
CIMS.CAN.ON.Residential.Dwellings.Building Type.High Density.Cooling.Room,Service,ON,Residential,Room,Room - CEER 12,unavailable,,,,constant_tech,Year,2101,2101,2101,2101,2101,2101,2101,2101,2101,2101,2101,
CIMS.CAN.ON.Residential.Dwellings.Building Type.High Density.Cooling.Room,Service,ON,Residential,Room,Room - CEER 12,lifetime,,,,constant_tech,Years,13,13,13,13,13,13,13,13,13,13,13,
CIMS.CAN.ON.Residential.Dwellings.Building Type.High Density.Cooling.Room,Service,ON,Residential,Room,Room - CEER 12,market_share_total,,,,annual_tech,%,0,,,,,,,,,,,
CIMS.CAN.ON.Residential.Dwellings.Building Type.High Density.Cooling.Room,Service,ON,Residential,Room,Room - CEER 12,output,,,,constant_tech,node unit,4.45,4.45,4.45,4.45,4.45,4.45,4.45,4.45,4.45,4.45,4.45,
CIMS.CAN.ON.Residential.Dwellings.Building Type.High Density.Cooling.Room,Service,ON,Residential,Room,Room - CEER 12,fcc,,,,constant_tech,$,707.01,707.01,707.01,707.01,707.01,707.01,707.01,707.01,707.01,707.01,707.01,
CIMS.CAN.ON.Residential.Dwellings.Building Type.High Density.Cooling.Room,Service,ON,Residential,Room,Room - CEER 12,service_request,,,CIMS.CAN.ON.Electricity,annual_tech,GJ,0.284345097,0.284345097,0.284345097,0.284345097,0.284345097,0.284345097,0.284345097,0.284345097,0.284345097,0.284345097,0.284345097,
CIMS.CAN.ON.Residential.Dwellings.Building Type.High Density.Cooling.Room,Service,ON,Residential,Room,Room - CEER 14,technology,,,,,,,,,,,,,,,,,
CIMS.CAN.ON.Residential.Dwellings.Building Type.High Density.Cooling.Room,Service,ON,Residential,Room,Room - CEER 14,available,,,,constant_tech,Year,2015,2015,2015,2015,2015,2015,2015,2015,2015,2015,2015,
CIMS.CAN.ON.Residential.Dwellings.Building Type.High Density.Cooling.Room,Service,ON,Residential,Room,Room - CEER 14,unavailable,,,,constant_tech,Year,2101,2101,2101,2101,2101,2101,2101,2101,2101,2101,2101,
CIMS.CAN.ON.Residential.Dwellings.Building Type.High Density.Cooling.Room,Service,ON,Residential,Room,Room - CEER 14,lifetime,,,,constant_tech,Years,18,18,18,18,18,18,18,18,18,18,18,
CIMS.CAN.ON.Residential.Dwellings.Building Type.High Density.Cooling.Room,Service,ON,Residential,Room,Room - CEER 14,market_share_total,,,,annual_tech,%,0,,,,,,,,,,,
CIMS.CAN.ON.Residential.Dwellings.Building Type.High Density.Cooling.Room,Service,ON,Residential,Room,Room - CEER 14,output,,,,constant_tech,node unit,5.19,5.19,5.19,5.19,5.19,5.19,5.19,5.19,5.19,5.19,5.19,
CIMS.CAN.ON.Residential.Dwellings.Building Type.High Density.Cooling.Room,Service,ON,Residential,Room,Room - CEER 14,fcc,,,,constant_tech,$,844.66,844.66,844.66,844.66,844.66,844.66,844.66,844.66,844.66,844.66,844.66,
CIMS.CAN.ON.Residential.Dwellings.Building Type.High Density.Cooling.Room,Service,ON,Residential,Room,Room - CEER 14,service_request,,,CIMS.CAN.ON.Electricity,annual_tech,GJ,0.243724369,0.243724369,0.243724369,0.243724369,0.243724369,0.243724369,0.243724369,0.243724369,0.243724369,0.243724369,0.243724369,
CIMS.CAN.ON.Residential.Dwellings.Building Type.LowMed Density,Service,ON,Residential,LowMed Density,,service_provide,,,,constant_tech,m2,,,,,,,,,,,,
CIMS.CAN.ON.Residential.Dwellings.Building Type.LowMed Density,Service,ON,Residential,LowMed Density,,competition,Fixed Ratio,,,,,,,,,,,,,,,,
CIMS.CAN.ON.Residential.Dwellings.Building Type.LowMed Density,Service,ON,Residential,LowMed Density,,service_request,,,CIMS.CAN.ON.Residential.Dwellings.Building Type.LowMed Density.Vintage,annual_tech,m2,1,1,1,1,1,1,1,1,1,1,1,
CIMS.CAN.ON.Residential.Dwellings.Building Type.LowMed Density,Service,ON,Residential,LowMed Density,,service_request,,,CIMS.CAN.ON.Residential.Dwellings.Building Type.LowMed Density.Cooling,annual_region,GJ,0.03680032622862,0.03680032622862,0.03680032622862,0.03680032622862,0.03680032622862,0.03680032622862,0.03680032622862,0.03680032622862,0.03680032622862,0.03680032622862,0.03680032622862,
CIMS.CAN.ON.Residential.Dwellings.Building Type.LowMed Density,Service,ON,Residential,LowMed Density,,service_request,,,CIMS.CAN.ON.Residential.Dwellings.Lighting,annual_tech,m2,1.16,1.16,1.16,1.16,1.16,1.16,1.16,1.16,1.16,1.16,1.16,
CIMS.CAN.ON.Residential.Dwellings.Building Type.LowMed Density,Service,ON,Residential,LowMed Density,,service_request,,,CIMS.CAN.ON.Residential.Dwellings.Solar PV,annual_tech,m2 of roofspace,0.25,0.25,0.25,0.25,0.25,0.25,0.25,0.25,0.25,0.25,0.25,
CIMS.CAN.ON.Residential.Dwellings.Building Type.LowMed Density.Vintage,Service,ON,Residential,Vintage,,service_provide,,,,constant_tech,m2,,,,,,,,,,,,
CIMS.CAN.ON.Residential.Dwellings.Building Type.LowMed Density.Vintage,Service,ON,Residential,Vintage,,competition,Tech Compete,,,,,,,,,,,,,,,,
CIMS.CAN.ON.Residential.Dwellings.Building Type.LowMed Density.Vintage,Service,ON,Residential,Vintage,,discount_rate_financial,,,,constant_tech,%,0.25,0.25,0.25,0.25,0.25,0.25,0.25,0.25,0.25,0.25,0.25,
CIMS.CAN.ON.Residential.Dwellings.Building Type.LowMed Density.Vintage,Service,ON,Residential,Vintage,<1960,technology,,,,,,,,,,,,,,,,,
CIMS.CAN.ON.Residential.Dwellings.Building Type.LowMed Density.Vintage,Service,ON,Residential,Vintage,<1960,market_share_total,,,,annual_region_tech,%,0.23722551540061,,,,,,,,,,,
CIMS.CAN.ON.Residential.Dwellings.Building Type.LowMed Density.Vintage,Service,ON,Residential,Vintage,<1960,available,,,,constant_tech,Year,1945,1945,1945,1945,1945,1945,1945,1945,1945,1945,1945,
CIMS.CAN.ON.Residential.Dwellings.Building Type.LowMed Density.Vintage,Service,ON,Residential,Vintage,<1960,unavailable,,,,constant_tech,Year,2001,2001,2001,2001,2001,2001,2001,2001,2001,2001,2001,
CIMS.CAN.ON.Residential.Dwellings.Building Type.LowMed Density.Vintage,Service,ON,Residential,Vintage,<1960,lifetime,,,,constant_tech,Years,90,90,90,90,90,90,90,90,90,90,90,
CIMS.CAN.ON.Residential.Dwellings.Building Type.LowMed Density.Vintage,Service,ON,Residential,Vintage,<1960,retrofit_existing_max,,,,constant_tech,%,0,0,0,0,0,0,0,0,0,0,0,
CIMS.CAN.ON.Residential.Dwellings.Building Type.LowMed Density.Vintage,Service,ON,Residential,Vintage,<1960,service_request,,,CIMS.CAN.ON.Residential.Dwellings.Building Type.LowMed Density.Vintage.<1960 Bldg Code,annual_tech,GJ,1,1,1,1,1,1,1,1,1,1,1,
CIMS.CAN.ON.Residential.Dwellings.Building Type.LowMed Density.Vintage,Service,ON,Residential,Vintage,1961-1980,technology,,,,,,,,,,,,,,,,,
CIMS.CAN.ON.Residential.Dwellings.Building Type.LowMed Density.Vintage,Service,ON,Residential,Vintage,1961-1980,market_share_total,,,,annual_region_tech,%,0.35117244428433,,,,,,,,,,,
CIMS.CAN.ON.Residential.Dwellings.Building Type.LowMed Density.Vintage,Service,ON,Residential,Vintage,1961-1980,available,,,,constant_tech,Year,1961,1961,1961,1961,1961,1961,1961,1961,1961,1961,1961,
CIMS.CAN.ON.Residential.Dwellings.Building Type.LowMed Density.Vintage,Service,ON,Residential,Vintage,1961-1980,unavailable,,,,constant_tech,Year,2001,2001,2001,2001,2001,2001,2001,2001,2001,2001,2001,
CIMS.CAN.ON.Residential.Dwellings.Building Type.LowMed Density.Vintage,Service,ON,Residential,Vintage,1961-1980,lifetime,,,,constant_tech,Years,180,180,180,180,180,180,180,180,180,180,180,
CIMS.CAN.ON.Residential.Dwellings.Building Type.LowMed Density.Vintage,Service,ON,Residential,Vintage,1961-1980,retrofit_existing_max,,,,constant_tech,%,0,0,0,0,0,0,0,0,0,0,0,
CIMS.CAN.ON.Residential.Dwellings.Building Type.LowMed Density.Vintage,Service,ON,Residential,Vintage,1961-1980,service_request,,,CIMS.CAN.ON.Residential.Dwellings.Building Type.LowMed Density.Vintage.1961-1980 Bldg Code,annual_tech,GJ,1,1,1,1,1,1,1,1,1,1,1,
CIMS.CAN.ON.Residential.Dwellings.Building Type.LowMed Density.Vintage,Service,ON,Residential,Vintage,1981-2000,technology,,,,,,,,,,,,,,,,,
CIMS.CAN.ON.Residential.Dwellings.Building Type.LowMed Density.Vintage,Service,ON,Residential,Vintage,1981-2000,market_share_total,,,,annual_region_tech,%,0.41160204031505,,,,,,,,,,,
CIMS.CAN.ON.Residential.Dwellings.Building Type.LowMed Density.Vintage,Service,ON,Residential,Vintage,1981-2000,available,,,,constant_tech,Year,1981,1981,1981,1981,1981,1981,1981,1981,1981,1981,1981,
CIMS.CAN.ON.Residential.Dwellings.Building Type.LowMed Density.Vintage,Service,ON,Residential,Vintage,1981-2000,unavailable,,,,constant_tech,Year,2001,2001,2001,2001,2001,2001,2001,2001,2001,2001,2001,
CIMS.CAN.ON.Residential.Dwellings.Building Type.LowMed Density.Vintage,Service,ON,Residential,Vintage,1981-2000,lifetime,,,,constant_tech,Years,250,250,250,250,250,250,250,250,250,250,250,
CIMS.CAN.ON.Residential.Dwellings.Building Type.LowMed Density.Vintage,Service,ON,Residential,Vintage,1981-2000,retrofit_existing_max,,,,constant_tech,%,0,0,0,0,0,0,0,0,0,0,0,
CIMS.CAN.ON.Residential.Dwellings.Building Type.LowMed Density.Vintage,Service,ON,Residential,Vintage,1981-2000,service_request,,,CIMS.CAN.ON.Residential.Dwellings.Building Type.LowMed Density.Vintage.1981-2000 Bldg Code,annual_tech,GJ,1,1,1,1,1,1,1,1,1,1,1,
CIMS.CAN.ON.Residential.Dwellings.Building Type.LowMed Density.Vintage,Service,ON,Residential,Vintage,2001-2020,technology,,,,,,,,,,,,,,,,,
CIMS.CAN.ON.Residential.Dwellings.Building Type.LowMed Density.Vintage,Service,ON,Residential,Vintage,2001-2020,market_share_total,,,,annual_region_tech,%,0,,,,,,,,,,,
CIMS.CAN.ON.Residential.Dwellings.Building Type.LowMed Density.Vintage,Service,ON,Residential,Vintage,2001-2020,available,,,,constant_tech,Year,2001,2001,2001,2001,2001,2001,2001,2001,2001,2001,2001,
CIMS.CAN.ON.Residential.Dwellings.Building Type.LowMed Density.Vintage,Service,ON,Residential,Vintage,2001-2020,unavailable,,,,constant_tech,Year,2021,2021,2021,2021,2021,2021,2021,2021,2021,2021,2021,
CIMS.CAN.ON.Residential.Dwellings.Building Type.LowMed Density.Vintage,Service,ON,Residential,Vintage,2001-2020,lifetime,,,,constant_tech,Years,65,65,65,65,65,65,65,65,65,65,65,
CIMS.CAN.ON.Residential.Dwellings.Building Type.LowMed Density.Vintage,Service,ON,Residential,Vintage,2001-2020,retrofit_existing_max,,,,constant_tech,%,0,0,0,0,0,0,0,0,0,0,0,
CIMS.CAN.ON.Residential.Dwellings.Building Type.LowMed Density.Vintage,Service,ON,Residential,Vintage,2001-2020,service_request,,,CIMS.CAN.ON.Residential.Dwellings.Building Type.LowMed Density.Vintage.2001-2020 Bldg Code,annual_tech,GJ,1,1,1,1,1,1,1,1,1,1,1,
CIMS.CAN.ON.Residential.Dwellings.Building Type.LowMed Density.Vintage,Service,ON,Residential,Vintage,2021-2035,technology,,,,,,,,,,,,,,,,,
CIMS.CAN.ON.Residential.Dwellings.Building Type.LowMed Density.Vintage,Service,ON,Residential,Vintage,2021-2035,market_share_total,,,,annual_region_tech,%,0,,,,,,,,,,,
CIMS.CAN.ON.Residential.Dwellings.Building Type.LowMed Density.Vintage,Service,ON,Residential,Vintage,2021-2035,available,,,,constant_tech,Year,2021,2021,2021,2021,2021,2021,2021,2021,2021,2021,2021,
CIMS.CAN.ON.Residential.Dwellings.Building Type.LowMed Density.Vintage,Service,ON,Residential,Vintage,2021-2035,unavailable,,,,constant_tech,Year,2036,2036,2036,2036,2036,2036,2036,2036,2036,2036,2036,
CIMS.CAN.ON.Residential.Dwellings.Building Type.LowMed Density.Vintage,Service,ON,Residential,Vintage,2021-2035,lifetime,,,,constant_tech,Years,65,65,65,65,65,65,65,65,65,65,65,
CIMS.CAN.ON.Residential.Dwellings.Building Type.LowMed Density.Vintage,Service,ON,Residential,Vintage,2021-2035,retrofit_existing_max,,,,constant_tech,%,0,0,0,0,0,0,0,0,0,0,0,
CIMS.CAN.ON.Residential.Dwellings.Building Type.LowMed Density.Vintage,Service,ON,Residential,Vintage,2021-2035,service_request,,,CIMS.CAN.ON.Residential.Dwellings.Building Type.LowMed Density.Vintage.2021-2035 Bldg Code,annual_tech,GJ,1,1,1,1,1,1,1,1,1,1,1,
CIMS.CAN.ON.Residential.Dwellings.Building Type.LowMed Density.Vintage,Service,ON,Residential,Vintage,>2035,technology,,,,,,,,,,,,,,,,,
CIMS.CAN.ON.Residential.Dwellings.Building Type.LowMed Density.Vintage,Service,ON,Residential,Vintage,>2035,market_share_total,,,,annual_tech,%,0,,,,,,,,,,,
CIMS.CAN.ON.Residential.Dwellings.Building Type.LowMed Density.Vintage,Service,ON,Residential,Vintage,>2035,available,,,,constant_tech,Year,2036,2036,2036,2036,2036,2036,2036,2036,2036,2036,2036,
CIMS.CAN.ON.Residential.Dwellings.Building Type.LowMed Density.Vintage,Service,ON,Residential,Vintage,>2035,unavailable,,,,constant_tech,Year,2101,2101,2101,2101,2101,2101,2101,2101,2101,2101,2101,
CIMS.CAN.ON.Residential.Dwellings.Building Type.LowMed Density.Vintage,Service,ON,Residential,Vintage,>2035,lifetime,,,,constant_tech,Years,65,65,65,65,65,65,65,65,65,65,65,
CIMS.CAN.ON.Residential.Dwellings.Building Type.LowMed Density.Vintage,Service,ON,Residential,Vintage,>2035,retrofit_existing_max,,,,constant_tech,%,0,0,0,0,0,0,0,0,0,0,0,
CIMS.CAN.ON.Residential.Dwellings.Building Type.LowMed Density.Vintage,Service,ON,Residential,Vintage,>2035,service_request,,,CIMS.CAN.ON.Residential.Dwellings.Building Type.LowMed Density.Vintage.>2035 Bldg Code,annual_tech,GJ,1,1,1,1,1,1,1,1,1,1,1,
CIMS.CAN.ON.Residential.Dwellings.Building Type.LowMed Density.Vintage.<1960 Bldg Code,Service,ON,Residential,<1960 Bldg Code,,service_provide,,,,constant_tech,m2,,,,,,,,,,,,
CIMS.CAN.ON.Residential.Dwellings.Building Type.LowMed Density.Vintage.<1960 Bldg Code,Service,ON,Residential,<1960 Bldg Code,,competition,Tech Compete,,,,,,,,,,,,,,,,
CIMS.CAN.ON.Residential.Dwellings.Building Type.LowMed Density.Vintage.<1960 Bldg Code,Service,ON,Residential,<1960 Bldg Code,,discount_rate_financial,,,,constant_tech,%,0.25,0.25,0.25,0.25,0.25,0.25,0.25,0.25,0.25,0.25,0.25,
CIMS.CAN.ON.Residential.Dwellings.Building Type.LowMed Density.Vintage.<1960 Bldg Code,Service,ON,Residential,<1960 Bldg Code,,heterogeneity,,,,constant_tech,,10,10,10,10,10,10,10,10,10,10,10,
CIMS.CAN.ON.Residential.Dwellings.Building Type.LowMed Density.Vintage.<1960 Bldg Code,Service,ON,Residential,<1960 Bldg Code,Reference,technology,,,,,,,,,,,,,,,,,
CIMS.CAN.ON.Residential.Dwellings.Building Type.LowMed Density.Vintage.<1960 Bldg Code,Service,ON,Residential,<1960 Bldg Code,Reference,available,,,,constant_tech,Year,1945,1945,1945,1945,1945,1945,1945,1945,1945,1945,1945,
CIMS.CAN.ON.Residential.Dwellings.Building Type.LowMed Density.Vintage.<1960 Bldg Code,Service,ON,Residential,<1960 Bldg Code,Reference,unavailable,,,,constant_tech,Year,2001,2001,2001,2001,2001,2001,2001,2001,2001,2001,2001,
CIMS.CAN.ON.Residential.Dwellings.Building Type.LowMed Density.Vintage.<1960 Bldg Code,Service,ON,Residential,<1960 Bldg Code,Reference,lifetime,,,,constant_tech,Years,90,90,90,90,90,90,90,90,90,90,90,
CIMS.CAN.ON.Residential.Dwellings.Building Type.LowMed Density.Vintage.<1960 Bldg Code,Service,ON,Residential,<1960 Bldg Code,Reference,market_share_total,,,,annual_tech,%,1,,,,,,,,,,,
CIMS.CAN.ON.Residential.Dwellings.Building Type.LowMed Density.Vintage.<1960 Bldg Code,Service,ON,Residential,<1960 Bldg Code,Reference,service_request,,,CIMS.CAN.ON.Residential.Dwellings.Building Type.LowMed Density.Vintage.<1960 Bldg Code.Heating (Cold),annual_region_tech,GJ,0.79931170360871,0.83017290847526,0.78092464045741,0.8802263153401,0.71703269410567,0.71703269410567,0.71703269410567,0.71703269410567,0.71703269410567,0.71703269410567,0.71703269410567,
CIMS.CAN.ON.Residential.Dwellings.Building Type.LowMed Density.Vintage.<1960 Bldg Code,Service,ON,Residential,<1960 Bldg Code,Retrofit Average,technology,,,,,,,,,,,,,,,,,
CIMS.CAN.ON.Residential.Dwellings.Building Type.LowMed Density.Vintage.<1960 Bldg Code,Service,ON,Residential,<1960 Bldg Code,Retrofit Average,available,,,,constant_tech,Year,1945,1945,1945,1945,1945,1945,1945,1945,1945,1945,1945,
CIMS.CAN.ON.Residential.Dwellings.Building Type.LowMed Density.Vintage.<1960 Bldg Code,Service,ON,Residential,<1960 Bldg Code,Retrofit Average,unavailable,,,,constant_tech,Year,2101,2101,2101,2101,2101,2101,2101,2101,2101,2101,2101,
CIMS.CAN.ON.Residential.Dwellings.Building Type.LowMed Density.Vintage.<1960 Bldg Code,Service,ON,Residential,<1960 Bldg Code,Retrofit Average,lifetime,,,,constant_tech,Years,90,90,90,90,90,90,90,90,90,90,90,
CIMS.CAN.ON.Residential.Dwellings.Building Type.LowMed Density.Vintage.<1960 Bldg Code,Service,ON,Residential,<1960 Bldg Code,Retrofit Average,market_share_total,,,,annual_tech,%,0,,,,,,,,,,,
CIMS.CAN.ON.Residential.Dwellings.Building Type.LowMed Density.Vintage.<1960 Bldg Code,Service,ON,Residential,<1960 Bldg Code,Retrofit Average,fcc,,,,constant_tech,$,1565,1565,1565,1565,1565,1565,1565,1565,1565,1565,1565,
CIMS.CAN.ON.Residential.Dwellings.Building Type.LowMed Density.Vintage.<1960 Bldg Code,Service,ON,Residential,<1960 Bldg Code,Retrofit Average,market_share_new_max,,,,constant_tech,%,0,0,0,0,0,0,0,0,0,0,0,
CIMS.CAN.ON.Residential.Dwellings.Building Type.LowMed Density.Vintage.<1960 Bldg Code,Service,ON,Residential,<1960 Bldg Code,Retrofit Average,service_request,,,CIMS.CAN.ON.Residential.Dwellings.Building Type.LowMed Density.Vintage.<1960 Bldg Code.Heating (Cold),annual_region_tech,GJ,0.5595181925261,0.58112103593268,0.54664724832019,0.61615842073807,0.50192288587397,0.50192288587397,0.50192288587397,0.50192288587397,0.50192288587397,0.50192288587397,0.50192288587397,
CIMS.CAN.ON.Residential.Dwellings.Building Type.LowMed Density.Vintage.<1960 Bldg Code,Service,ON,Residential,<1960 Bldg Code,Retrofit Deep,technology,,,,,,,,,,,,,,,,,
CIMS.CAN.ON.Residential.Dwellings.Building Type.LowMed Density.Vintage.<1960 Bldg Code,Service,ON,Residential,<1960 Bldg Code,Retrofit Deep,available,,,,constant_tech,Year,1945,1945,1945,1945,1945,1945,1945,1945,1945,1945,1945,
CIMS.CAN.ON.Residential.Dwellings.Building Type.LowMed Density.Vintage.<1960 Bldg Code,Service,ON,Residential,<1960 Bldg Code,Retrofit Deep,unavailable,,,,constant_tech,Year,2101,2101,2101,2101,2101,2101,2101,2101,2101,2101,2101,
CIMS.CAN.ON.Residential.Dwellings.Building Type.LowMed Density.Vintage.<1960 Bldg Code,Service,ON,Residential,<1960 Bldg Code,Retrofit Deep,lifetime,,,,constant_tech,Years,90,90,90,90,90,90,90,90,90,90,90,
CIMS.CAN.ON.Residential.Dwellings.Building Type.LowMed Density.Vintage.<1960 Bldg Code,Service,ON,Residential,<1960 Bldg Code,Retrofit Deep,market_share_total,,,,annual_tech,%,0,,,,,,,,,,,
CIMS.CAN.ON.Residential.Dwellings.Building Type.LowMed Density.Vintage.<1960 Bldg Code,Service,ON,Residential,<1960 Bldg Code,Retrofit Deep,fcc,,,,constant_tech,$,3130,3130,3130,3130,3130,3130,3130,3130,3130,3130,3130,
CIMS.CAN.ON.Residential.Dwellings.Building Type.LowMed Density.Vintage.<1960 Bldg Code,Service,ON,Residential,<1960 Bldg Code,Retrofit Deep,market_share_new_max,,,,constant_tech,%,0,0,0,0,0,0,0,0,0,0,0,
CIMS.CAN.ON.Residential.Dwellings.Building Type.LowMed Density.Vintage.<1960 Bldg Code,Service,ON,Residential,<1960 Bldg Code,Retrofit Deep,service_request,,,CIMS.CAN.ON.Residential.Dwellings.Building Type.LowMed Density.Vintage.<1960 Bldg Code.Heating (Cold),annual_region_tech,GJ,0.39965585180435,0.41508645423763,0.39046232022871,0.44011315767005,0.35851634705284,0.35851634705284,0.35851634705284,0.35851634705284,0.35851634705284,0.35851634705284,0.35851634705284,
CIMS.CAN.ON.Residential.Dwellings.Building Type.LowMed Density.Vintage.<1960 Bldg Code.Heating (Cold),Service,ON,Residential,Heating (Cold),,service_provide,,,,constant_tech,GJ of heat,,,,,,,,,,,,
CIMS.CAN.ON.Residential.Dwellings.Building Type.LowMed Density.Vintage.<1960 Bldg Code.Heating (Cold),Service,ON,Residential,Heating (Cold),,competition,Tech Compete,,,,,,,,,,,,,,,,
CIMS.CAN.ON.Residential.Dwellings.Building Type.LowMed Density.Vintage.<1960 Bldg Code.Heating (Cold),Service,ON,Residential,Heating (Cold),,discount_rate_financial,,,,constant_tech,%,0.25,0.25,0.25,0.25,0.25,0.25,0.25,0.25,0.25,0.25,0.25,
CIMS.CAN.ON.Residential.Dwellings.Building Type.LowMed Density.Vintage.<1960 Bldg Code.Heating (Cold),Service,ON,Residential,Heating (Cold),,inheritance,intercept_retirement,,,constant_tech,,FALSE,FALSE,FALSE,FALSE,FALSE,FALSE,FALSE,FALSE,FALSE,FALSE,FALSE,
CIMS.CAN.ON.Residential.Dwellings.Building Type.LowMed Density.Vintage.<1960 Bldg Code.Heating (Cold),Service,ON,Residential,Heating (Cold),,heterogeneity,,,,constant_tech,,10,10,10,10,10,10,10,10,10,10,10,
CIMS.CAN.ON.Residential.Dwellings.Building Type.LowMed Density.Vintage.<1960 Bldg Code.Heating (Cold),Service,ON,Residential,Heating (Cold),NG - Existing,technology,,,,,,,,,,,,,,,,,
CIMS.CAN.ON.Residential.Dwellings.Building Type.LowMed Density.Vintage.<1960 Bldg Code.Heating (Cold),Service,ON,Residential,Heating (Cold),NG - Existing,available,,,,constant_tech,Year,1950,1950,1950,1950,1950,1950,1950,1950,1950,1950,1950,
CIMS.CAN.ON.Residential.Dwellings.Building Type.LowMed Density.Vintage.<1960 Bldg Code.Heating (Cold),Service,ON,Residential,Heating (Cold),NG - Existing,unavailable,,,,constant_tech,Year,2001,2001,2001,2001,2001,2001,2001,2001,2001,2001,2001,
CIMS.CAN.ON.Residential.Dwellings.Building Type.LowMed Density.Vintage.<1960 Bldg Code.Heating (Cold),Service,ON,Residential,Heating (Cold),NG - Existing,lifetime,,,,constant_tech,Years,14,14,14,14,14,14,14,14,14,14,14,
CIMS.CAN.ON.Residential.Dwellings.Building Type.LowMed Density.Vintage.<1960 Bldg Code.Heating (Cold),Service,ON,Residential,Heating (Cold),NG - Existing,market_share_total,,,,annual_region_tech,%,0.3128768415013,,,,,,,,,,,
CIMS.CAN.ON.Residential.Dwellings.Building Type.LowMed Density.Vintage.<1960 Bldg Code.Heating (Cold),Service,ON,Residential,Heating (Cold),NG - Existing,output,,,,constant_tech,node unit,31.399776,31.399776,31.399776,31.399776,31.399776,31.399776,31.399776,31.399776,31.399776,31.399776,31.399776,
CIMS.CAN.ON.Residential.Dwellings.Building Type.LowMed Density.Vintage.<1960 Bldg Code.Heating (Cold),Service,ON,Residential,Heating (Cold),NG - Existing,fcc,,,,constant_tech,$,3603.875433,3603.875433,3603.875433,3603.875433,3603.875433,3603.875433,3603.875433,3603.875433,3603.875433,3603.875433,3603.875433,
CIMS.CAN.ON.Residential.Dwellings.Building Type.LowMed Density.Vintage.<1960 Bldg Code.Heating (Cold),Service,ON,Residential,Heating (Cold),NG - Existing,fom,,,,constant_tech,$,75.08073818,75.08073818,75.08073818,75.08073818,75.08073818,75.08073818,75.08073818,75.08073818,75.08073818,75.08073818,75.08073818,
CIMS.CAN.ON.Residential.Dwellings.Building Type.LowMed Density.Vintage.<1960 Bldg Code.Heating (Cold),Service,ON,Residential,Heating (Cold),NG - Existing,service_request,,,CIMS.CAN.ON.Residential.Methane Blend,annual_tech,GJ,1.6935483873,1.6935483873,1.6935483873,1.6935483873,1.6935483873,1.6935483873,1.6935483873,1.6935483873,1.6935483873,1.6935483873,1.6935483873,
CIMS.CAN.ON.Residential.Dwellings.Building Type.LowMed Density.Vintage.<1960 Bldg Code.Heating (Cold),Service,ON,Residential,Heating (Cold),NG - Standard Efficiency,technology,,,,,,,,,,,,,,,,,
CIMS.CAN.ON.Residential.Dwellings.Building Type.LowMed Density.Vintage.<1960 Bldg Code.Heating (Cold),Service,ON,Residential,Heating (Cold),NG - Standard Efficiency,available,,,,constant_tech,Year,1990,1990,1990,1990,1990,1990,1990,1990,1990,1990,1990,
CIMS.CAN.ON.Residential.Dwellings.Building Type.LowMed Density.Vintage.<1960 Bldg Code.Heating (Cold),Service,ON,Residential,Heating (Cold),NG - Standard Efficiency,unavailable,,,,constant_tech,Year,2101,2101,2101,2101,2101,2101,2101,2101,2101,2101,2101,
CIMS.CAN.ON.Residential.Dwellings.Building Type.LowMed Density.Vintage.<1960 Bldg Code.Heating (Cold),Service,ON,Residential,Heating (Cold),NG - Standard Efficiency,lifetime,,,,constant_tech,Years,19,19,19,19,19,19,19,19,19,19,19,
CIMS.CAN.ON.Residential.Dwellings.Building Type.LowMed Density.Vintage.<1960 Bldg Code.Heating (Cold),Service,ON,Residential,Heating (Cold),NG - Standard Efficiency,market_share_total,,,,annual_region_tech,%,0.19366297256951,,,,,,,,,,,
CIMS.CAN.ON.Residential.Dwellings.Building Type.LowMed Density.Vintage.<1960 Bldg Code.Heating (Cold),Service,ON,Residential,Heating (Cold),NG - Standard Efficiency,output,,,,constant_tech,node unit,31.399776,31.399776,31.399776,31.399776,31.399776,31.399776,31.399776,31.399776,31.399776,31.399776,31.399776,
CIMS.CAN.ON.Residential.Dwellings.Building Type.LowMed Density.Vintage.<1960 Bldg Code.Heating (Cold),Service,ON,Residential,Heating (Cold),NG - Standard Efficiency,fcc,,,,constant_tech,$,5005.382545,5005.382545,5005.382545,5005.382545,5005.382545,5005.382545,5005.382545,5005.382545,5005.382545,5005.382545,5005.382545,
CIMS.CAN.ON.Residential.Dwellings.Building Type.LowMed Density.Vintage.<1960 Bldg Code.Heating (Cold),Service,ON,Residential,Heating (Cold),NG - Standard Efficiency,fom,,,,constant_tech,$,162.6749327,162.6749327,162.6749327,162.6749327,162.6749327,162.6749327,162.6749327,162.6749327,162.6749327,162.6749327,162.6749327,
CIMS.CAN.ON.Residential.Dwellings.Building Type.LowMed Density.Vintage.<1960 Bldg Code.Heating (Cold),Service,ON,Residential,Heating (Cold),NG - Standard Efficiency,service_request,,,CIMS.CAN.ON.Residential.Methane Blend,annual_tech,GJ,1.32911392425,1.32911392425,1.32911392425,1.32911392425,1.32911392425,1.32911392425,1.32911392425,1.32911392425,1.32911392425,1.32911392425,1.32911392425,
CIMS.CAN.ON.Residential.Dwellings.Building Type.LowMed Density.Vintage.<1960 Bldg Code.Heating (Cold),Service,ON,Residential,Heating (Cold),NG - High Efficiency,technology,,,,,,,,,,,,,,,,,
CIMS.CAN.ON.Residential.Dwellings.Building Type.LowMed Density.Vintage.<1960 Bldg Code.Heating (Cold),Service,ON,Residential,Heating (Cold),NG - High Efficiency,available,,,,constant_tech,Year,2000,2000,2000,2000,2000,2000,2000,2000,2000,2000,2000,
CIMS.CAN.ON.Residential.Dwellings.Building Type.LowMed Density.Vintage.<1960 Bldg Code.Heating (Cold),Service,ON,Residential,Heating (Cold),NG - High Efficiency,unavailable,,,,constant_tech,Year,2101,2101,2101,2101,2101,2101,2101,2101,2101,2101,2101,
CIMS.CAN.ON.Residential.Dwellings.Building Type.LowMed Density.Vintage.<1960 Bldg Code.Heating (Cold),Service,ON,Residential,Heating (Cold),NG - High Efficiency,lifetime,,,,constant_tech,Years,19,19,19,19,19,19,19,19,19,19,19,
CIMS.CAN.ON.Residential.Dwellings.Building Type.LowMed Density.Vintage.<1960 Bldg Code.Heating (Cold),Service,ON,Residential,Heating (Cold),NG - High Efficiency,market_share_total,,,,annual_region_tech,%,0.15584419263189,,,,,,,,,,,
CIMS.CAN.ON.Residential.Dwellings.Building Type.LowMed Density.Vintage.<1960 Bldg Code.Heating (Cold),Service,ON,Residential,Heating (Cold),NG - High Efficiency,output,,,,constant_tech,node unit,31.399776,31.399776,31.399776,31.399776,31.399776,31.399776,31.399776,31.399776,31.399776,31.399776,31.399776,
CIMS.CAN.ON.Residential.Dwellings.Building Type.LowMed Density.Vintage.<1960 Bldg Code.Heating (Cold),Service,ON,Residential,Heating (Cold),NG - High Efficiency,fcc,,,,constant_tech,$,6231.7012692,6231.7012692,6231.7012692,6231.7012692,6231.7012692,6231.7012692,6231.7012692,6231.7012692,6231.7012692,6231.7012692,6231.7012692,
CIMS.CAN.ON.Residential.Dwellings.Building Type.LowMed Density.Vintage.<1960 Bldg Code.Heating (Cold),Service,ON,Residential,Heating (Cold),NG - High Efficiency,fom,,,,constant_tech,$,162.6749327,162.6749327,162.6749327,162.6749327,162.6749327,162.6749327,162.6749327,162.6749327,162.6749327,162.6749327,162.6749327,
CIMS.CAN.ON.Residential.Dwellings.Building Type.LowMed Density.Vintage.<1960 Bldg Code.Heating (Cold),Service,ON,Residential,Heating (Cold),NG - High Efficiency,service_request,,,CIMS.CAN.ON.Residential.Methane Blend,annual_tech,GJ,1.16666666655,1.16666666655,1.16666666655,1.16666666655,1.16666666655,1.16666666655,1.16666666655,1.16666666655,1.16666666655,1.16666666655,1.16666666655,
CIMS.CAN.ON.Residential.Dwellings.Building Type.LowMed Density.Vintage.<1960 Bldg Code.Heating (Cold),Service,ON,Residential,Heating (Cold),NG - ASHP / NG - backup,technology,,,,,,,,,,,,,,,,,
CIMS.CAN.ON.Residential.Dwellings.Building Type.LowMed Density.Vintage.<1960 Bldg Code.Heating (Cold),Service,ON,Residential,Heating (Cold),NG - ASHP / NG - backup,available,,,,constant_tech,Year,2000,2000,2000,2000,2000,2000,2000,2000,2000,2000,2000,
CIMS.CAN.ON.Residential.Dwellings.Building Type.LowMed Density.Vintage.<1960 Bldg Code.Heating (Cold),Service,ON,Residential,Heating (Cold),NG - ASHP / NG - backup,unavailable,,,,constant_tech,Year,2101,2101,2101,2101,2101,2101,2101,2101,2101,2101,2101,
CIMS.CAN.ON.Residential.Dwellings.Building Type.LowMed Density.Vintage.<1960 Bldg Code.Heating (Cold),Service,ON,Residential,Heating (Cold),NG - ASHP / NG - backup,lifetime,,,,constant_tech,Years,15,15,15,15,15,15,15,15,15,15,15,
CIMS.CAN.ON.Residential.Dwellings.Building Type.LowMed Density.Vintage.<1960 Bldg Code.Heating (Cold),Service,ON,Residential,Heating (Cold),NG - ASHP / NG - backup,market_share_total,,,,annual_region_tech,%,0,,,,,,,,,,,
CIMS.CAN.ON.Residential.Dwellings.Building Type.LowMed Density.Vintage.<1960 Bldg Code.Heating (Cold),Service,ON,Residential,Heating (Cold),NG - ASHP / NG - backup,output,,,,constant_tech,node unit,31.399776,31.399776,31.399776,31.399776,31.399776,31.399776,31.399776,31.399776,31.399776,31.399776,31.399776,
CIMS.CAN.ON.Residential.Dwellings.Building Type.LowMed Density.Vintage.<1960 Bldg Code.Heating (Cold),Service,ON,Residential,Heating (Cold),NG - ASHP / NG - backup,fcc,,,,constant_tech,$,20015.27345,20015.27345,20015.27345,20015.27345,20015.27345,20015.27345,20015.27345,20015.27345,20015.27345,20015.27345,20015.27345,
CIMS.CAN.ON.Residential.Dwellings.Building Type.LowMed Density.Vintage.<1960 Bldg Code.Heating (Cold),Service,ON,Residential,Heating (Cold),NG - ASHP / NG - backup,fom,,,,constant_tech,$,250.2691273,250.2691273,250.2691273,250.2691273,250.2691273,250.2691273,250.2691273,250.2691273,250.2691273,250.2691273,250.2691273,
CIMS.CAN.ON.Residential.Dwellings.Building Type.LowMed Density.Vintage.<1960 Bldg Code.Heating (Cold),Service,ON,Residential,Heating (Cold),NG - ASHP / NG - backup,service_request,,,CIMS.CAN.ON.Residential.Methane Blend,annual_tech,GJ,2.1593627892625,2.1593627892625,2.1593627892625,2.1593627892625,2.1593627892625,2.1593627892625,2.1593627892625,2.1593627892625,2.1593627892625,2.1593627892625,2.1593627892625,
CIMS.CAN.ON.Residential.Dwellings.Building Type.LowMed Density.Vintage.<1960 Bldg Code.Heating (Cold),Service,ON,Residential,Heating (Cold),NG - ASHP / NG - backup,service_request,,,CIMS.CAN.ON.Residential.Dwellings.Building Type.LowMed Density.Cooling,annual_tech,GJ of cooling,-0.004568364,-0.004568364,-0.004568364,-0.004568364,-0.004568364,-0.004568364,-0.004568364,-0.004568364,-0.004568364,-0.004568364,-0.004568364,
CIMS.CAN.ON.Residential.Dwellings.Building Type.LowMed Density.Vintage.<1960 Bldg Code.Heating (Cold),Service,ON,Residential,Heating (Cold),Electric - Standard Efficiency,technology,,,,,,,,,,,,,,,,,
CIMS.CAN.ON.Residential.Dwellings.Building Type.LowMed Density.Vintage.<1960 Bldg Code.Heating (Cold),Service,ON,Residential,Heating (Cold),Electric - Standard Efficiency,available,,,,constant_tech,Year,1950,1950,1950,1950,1950,1950,1950,1950,1950,1950,1950,
CIMS.CAN.ON.Residential.Dwellings.Building Type.LowMed Density.Vintage.<1960 Bldg Code.Heating (Cold),Service,ON,Residential,Heating (Cold),Electric - Standard Efficiency,unavailable,,,,constant_tech,Year,2101,2101,2101,2101,2101,2101,2101,2101,2101,2101,2101,
CIMS.CAN.ON.Residential.Dwellings.Building Type.LowMed Density.Vintage.<1960 Bldg Code.Heating (Cold),Service,ON,Residential,Heating (Cold),Electric - Standard Efficiency,lifetime,,,,constant_tech,Years,22.5,22.5,22.5,22.5,22.5,22.5,22.5,22.5,22.5,22.5,22.5,
CIMS.CAN.ON.Residential.Dwellings.Building Type.LowMed Density.Vintage.<1960 Bldg Code.Heating (Cold),Service,ON,Residential,Heating (Cold),Electric - Standard Efficiency,market_share_total,,,,annual_region_tech,%,0.14058058731015,,,,,,,,,,,
CIMS.CAN.ON.Residential.Dwellings.Building Type.LowMed Density.Vintage.<1960 Bldg Code.Heating (Cold),Service,ON,Residential,Heating (Cold),Electric - Standard Efficiency,output,,,,constant_tech,node unit,31.399776,31.399776,31.399776,31.399776,31.399776,31.399776,31.399776,31.399776,31.399776,31.399776,31.399776,
CIMS.CAN.ON.Residential.Dwellings.Building Type.LowMed Density.Vintage.<1960 Bldg Code.Heating (Cold),Service,ON,Residential,Heating (Cold),Electric - Standard Efficiency,fcc,,,,constant_tech,$,3822.860919,3822.860919,3822.860919,3822.860919,3822.860919,3822.860919,3822.860919,3822.860919,3822.860919,3822.860919,3822.860919,
CIMS.CAN.ON.Residential.Dwellings.Building Type.LowMed Density.Vintage.<1960 Bldg Code.Heating (Cold),Service,ON,Residential,Heating (Cold),Electric - Standard Efficiency,service_request,,,CIMS.CAN.ON.Electricity,annual_tech,GJ,1,1,1,1,1,1,1,1,1,1,1,
CIMS.CAN.ON.Residential.Dwellings.Building Type.LowMed Density.Vintage.<1960 Bldg Code.Heating (Cold),Service,ON,Residential,Heating (Cold),Electric - ASHP / NG - backup,technology,,,,,,,,,,,,,,,,,
CIMS.CAN.ON.Residential.Dwellings.Building Type.LowMed Density.Vintage.<1960 Bldg Code.Heating (Cold),Service,ON,Residential,Heating (Cold),Electric - ASHP / NG - backup,available,,,,constant_tech,Year,2000,2000,2000,2000,2000,2000,2000,2000,2000,2000,2000,
CIMS.CAN.ON.Residential.Dwellings.Building Type.LowMed Density.Vintage.<1960 Bldg Code.Heating (Cold),Service,ON,Residential,Heating (Cold),Electric - ASHP / NG - backup,unavailable,,,,constant_tech,Year,2101,2101,2101,2101,2101,2101,2101,2101,2101,2101,2101,
CIMS.CAN.ON.Residential.Dwellings.Building Type.LowMed Density.Vintage.<1960 Bldg Code.Heating (Cold),Service,ON,Residential,Heating (Cold),Electric - ASHP / NG - backup,lifetime,,,,constant_tech,Years,15.5,15.5,15.5,15.5,15.5,15.5,15.5,15.5,15.5,15.5,15.5,
CIMS.CAN.ON.Residential.Dwellings.Building Type.LowMed Density.Vintage.<1960 Bldg Code.Heating (Cold),Service,ON,Residential,Heating (Cold),Electric - ASHP / NG - backup,market_share_total,,,,annual_region_tech,%,0.05569472285773,,,,,,,,,,,
CIMS.CAN.ON.Residential.Dwellings.Building Type.LowMed Density.Vintage.<1960 Bldg Code.Heating (Cold),Service,ON,Residential,Heating (Cold),Electric - ASHP / NG - backup,output,,,,constant_tech,node unit,31.399776,31.399776,31.399776,31.399776,31.399776,31.399776,31.399776,31.399776,31.399776,31.399776,31.399776,
CIMS.CAN.ON.Residential.Dwellings.Building Type.LowMed Density.Vintage.<1960 Bldg Code.Heating (Cold),Service,ON,Residential,Heating (Cold),Electric - ASHP / NG - backup,fcc,,,,constant_tech,$,9647.874856,9647.874856,9647.874856,9647.874856,9647.874856,9647.874856,9647.874856,9647.874856,9647.874856,9647.874856,9647.874856,
CIMS.CAN.ON.Residential.Dwellings.Building Type.LowMed Density.Vintage.<1960 Bldg Code.Heating (Cold),Service,ON,Residential,Heating (Cold),Electric - ASHP / NG - backup,fom,,,,constant_tech,$,269.0393118,269.0393118,269.0393118,269.0393118,269.0393118,269.0393118,269.0393118,269.0393118,269.0393118,269.0393118,269.0393118,
CIMS.CAN.ON.Residential.Dwellings.Building Type.LowMed Density.Vintage.<1960 Bldg Code.Heating (Cold),Service,ON,Residential,Heating (Cold),Electric - ASHP / NG - backup,service_request,,,CIMS.CAN.ON.Electricity,annual_tech,GJ,0.72747607755,0.72747607755,0.72747607755,0.72747607755,0.72747607755,0.72747607755,0.72747607755,0.72747607755,0.72747607755,0.72747607755,0.72747607755,
CIMS.CAN.ON.Residential.Dwellings.Building Type.LowMed Density.Vintage.<1960 Bldg Code.Heating (Cold),Service,ON,Residential,Heating (Cold),Electric - ASHP / NG - backup,service_request,,,CIMS.CAN.ON.Residential.Methane Blend,annual_tech,GJ,0.0583333333275,0.0583333333275,0.0583333333275,0.0583333333275,0.0583333333275,0.0583333333275,0.0583333333275,0.0583333333275,0.0583333333275,0.0583333333275,0.0583333333275,
CIMS.CAN.ON.Residential.Dwellings.Building Type.LowMed Density.Vintage.<1960 Bldg Code.Heating (Cold),Service,ON,Residential,Heating (Cold),Electric - ASHP / NG - backup,service_request,,,CIMS.CAN.ON.Residential.Dwellings.Building Type.LowMed Density.Cooling,annual_tech,GJ of cooling,-0.004568364,-0.004568364,-0.004568364,-0.004568364,-0.004568364,-0.004568364,-0.004568364,-0.004568364,-0.004568364,-0.004568364,-0.004568364,
CIMS.CAN.ON.Residential.Dwellings.Building Type.LowMed Density.Vintage.<1960 Bldg Code.Heating (Cold),Service,ON,Residential,Heating (Cold),Electric - ASHP / Electric - backup,technology,,,,,,,,,,,,,,,,,
CIMS.CAN.ON.Residential.Dwellings.Building Type.LowMed Density.Vintage.<1960 Bldg Code.Heating (Cold),Service,ON,Residential,Heating (Cold),Electric - ASHP / Electric - backup,available,,,,constant_tech,Year,2000,2000,2000,2000,2000,2000,2000,2000,2000,2000,2000,
CIMS.CAN.ON.Residential.Dwellings.Building Type.LowMed Density.Vintage.<1960 Bldg Code.Heating (Cold),Service,ON,Residential,Heating (Cold),Electric - ASHP / Electric - backup,unavailable,,,,constant_tech,Year,2101,2101,2101,2101,2101,2101,2101,2101,2101,2101,2101,
CIMS.CAN.ON.Residential.Dwellings.Building Type.LowMed Density.Vintage.<1960 Bldg Code.Heating (Cold),Service,ON,Residential,Heating (Cold),Electric - ASHP / Electric - backup,lifetime,,,,constant_tech,Years,15.5,15.5,15.5,15.5,15.5,15.5,15.5,15.5,15.5,15.5,15.5,
CIMS.CAN.ON.Residential.Dwellings.Building Type.LowMed Density.Vintage.<1960 Bldg Code.Heating (Cold),Service,ON,Residential,Heating (Cold),Electric - ASHP / Electric - backup,market_share_total,,,,annual_region_tech,%,0,,,,,,,,,,,
CIMS.CAN.ON.Residential.Dwellings.Building Type.LowMed Density.Vintage.<1960 Bldg Code.Heating (Cold),Service,ON,Residential,Heating (Cold),Electric - ASHP / Electric - backup,output,,,,constant_tech,node unit,31.399776,31.399776,31.399776,31.399776,31.399776,31.399776,31.399776,31.399776,31.399776,31.399776,31.399776,
CIMS.CAN.ON.Residential.Dwellings.Building Type.LowMed Density.Vintage.<1960 Bldg Code.Heating (Cold),Service,ON,Residential,Heating (Cold),Electric - ASHP / Electric - backup,fcc,,,,constant_tech,$,9373.830161,9373.830161,9373.830161,9373.830161,9373.830161,9373.830161,9373.830161,9373.830161,9373.830161,9373.830161,9373.830161,
CIMS.CAN.ON.Residential.Dwellings.Building Type.LowMed Density.Vintage.<1960 Bldg Code.Heating (Cold),Service,ON,Residential,Heating (Cold),Electric - ASHP / Electric - backup,fom,,,,constant_tech,$,106.3643791,106.3643791,106.3643791,106.3643791,106.3643791,106.3643791,106.3643791,106.3643791,106.3643791,106.3643791,106.3643791,
CIMS.CAN.ON.Residential.Dwellings.Building Type.LowMed Density.Vintage.<1960 Bldg Code.Heating (Cold),Service,ON,Residential,Heating (Cold),Electric - ASHP / Electric - backup,service_request,,,CIMS.CAN.ON.Electricity,annual_tech,GJ,0.77747607755,0.77747607755,0.77747607755,0.77747607755,0.77747607755,0.77747607755,0.77747607755,0.77747607755,0.77747607755,0.77747607755,0.77747607755,
CIMS.CAN.ON.Residential.Dwellings.Building Type.LowMed Density.Vintage.<1960 Bldg Code.Heating (Cold),Service,ON,Residential,Heating (Cold),Electric - ASHP / Electric - backup,service_request,,,CIMS.CAN.ON.Residential.Dwellings.Building Type.LowMed Density.Cooling,annual_tech,GJ of cooling,-0.004568364,-0.004568364,-0.004568364,-0.004568364,-0.004568364,-0.004568364,-0.004568364,-0.004568364,-0.004568364,-0.004568364,-0.004568364,
CIMS.CAN.ON.Residential.Dwellings.Building Type.LowMed Density.Vintage.<1960 Bldg Code.Heating (Cold),Service,ON,Residential,Heating (Cold),Heating Oil - Existing,technology,,,,,,,,,,,,,,,,,
CIMS.CAN.ON.Residential.Dwellings.Building Type.LowMed Density.Vintage.<1960 Bldg Code.Heating (Cold),Service,ON,Residential,Heating (Cold),Heating Oil - Existing,available,,,,constant_tech,Year,1950,1950,1950,1950,1950,1950,1950,1950,1950,1950,1950,
CIMS.CAN.ON.Residential.Dwellings.Building Type.LowMed Density.Vintage.<1960 Bldg Code.Heating (Cold),Service,ON,Residential,Heating (Cold),Heating Oil - Existing,unavailable,,,,constant_tech,Year,2001,2001,2001,2001,2001,2001,2001,2001,2001,2001,2001,
CIMS.CAN.ON.Residential.Dwellings.Building Type.LowMed Density.Vintage.<1960 Bldg Code.Heating (Cold),Service,ON,Residential,Heating (Cold),Heating Oil - Existing,lifetime,,,,constant_tech,Years,23,23,23,23,23,23,23,23,23,23,23,
CIMS.CAN.ON.Residential.Dwellings.Building Type.LowMed Density.Vintage.<1960 Bldg Code.Heating (Cold),Service,ON,Residential,Heating (Cold),Heating Oil - Existing,market_share_total,,,,annual_region_tech,%,0.03196525528046,,,,,,,,,,,
CIMS.CAN.ON.Residential.Dwellings.Building Type.LowMed Density.Vintage.<1960 Bldg Code.Heating (Cold),Service,ON,Residential,Heating (Cold),Heating Oil - Existing,output,,,,constant_tech,node unit,31.399776,31.399776,31.399776,31.399776,31.399776,31.399776,31.399776,31.399776,31.399776,31.399776,31.399776,
CIMS.CAN.ON.Residential.Dwellings.Building Type.LowMed Density.Vintage.<1960 Bldg Code.Heating (Cold),Service,ON,Residential,Heating (Cold),Heating Oil - Existing,fcc,,,,constant_tech,$,5943.891772,5943.891772,5943.891772,5943.891772,5943.891772,5943.891772,5943.891772,5943.891772,5943.891772,5943.891772,5943.891772,
CIMS.CAN.ON.Residential.Dwellings.Building Type.LowMed Density.Vintage.<1960 Bldg Code.Heating (Cold),Service,ON,Residential,Heating (Cold),Heating Oil - Existing,fom,,,,constant_tech,$,100.1076509,100.1076509,100.1076509,100.1076509,100.1076509,100.1076509,100.1076509,100.1076509,100.1076509,100.1076509,100.1076509,
CIMS.CAN.ON.Residential.Dwellings.Building Type.LowMed Density.Vintage.<1960 Bldg Code.Heating (Cold),Service,ON,Residential,Heating (Cold),Heating Oil - Existing,service_request,,,CIMS.Generic Fuels.Fuel Oil,annual_tech,GJ,1.666666667,1.666666667,1.666666667,1.666666667,1.666666667,1.666666667,1.666666667,1.666666667,1.666666667,1.666666667,1.666666667,
CIMS.CAN.ON.Residential.Dwellings.Building Type.LowMed Density.Vintage.<1960 Bldg Code.Heating (Cold),Service,ON,Residential,Heating (Cold),Heating Oil - High Efficiency,technology,,,,,,,,,,,,,,,,,
CIMS.CAN.ON.Residential.Dwellings.Building Type.LowMed Density.Vintage.<1960 Bldg Code.Heating (Cold),Service,ON,Residential,Heating (Cold),Heating Oil - High Efficiency,available,,,,constant_tech,Year,2000,2000,2000,2000,2000,2000,2000,2000,2000,2000,2000,
CIMS.CAN.ON.Residential.Dwellings.Building Type.LowMed Density.Vintage.<1960 Bldg Code.Heating (Cold),Service,ON,Residential,Heating (Cold),Heating Oil - High Efficiency,unavailable,,,,constant_tech,Year,2101,2101,2101,2101,2101,2101,2101,2101,2101,2101,2101,
CIMS.CAN.ON.Residential.Dwellings.Building Type.LowMed Density.Vintage.<1960 Bldg Code.Heating (Cold),Service,ON,Residential,Heating (Cold),Heating Oil - High Efficiency,lifetime,,,,constant_tech,Years,23,23,23,23,23,23,23,23,23,23,23,
CIMS.CAN.ON.Residential.Dwellings.Building Type.LowMed Density.Vintage.<1960 Bldg Code.Heating (Cold),Service,ON,Residential,Heating (Cold),Heating Oil - High Efficiency,market_share_total,,,,annual_region_tech,%,0.0453923557966,,,,,,,,,,,
CIMS.CAN.ON.Residential.Dwellings.Building Type.LowMed Density.Vintage.<1960 Bldg Code.Heating (Cold),Service,ON,Residential,Heating (Cold),Heating Oil - High Efficiency,output,,,,constant_tech,node unit,31.399776,31.399776,31.399776,31.399776,31.399776,31.399776,31.399776,31.399776,31.399776,31.399776,31.399776,
CIMS.CAN.ON.Residential.Dwellings.Building Type.LowMed Density.Vintage.<1960 Bldg Code.Heating (Cold),Service,ON,Residential,Heating (Cold),Heating Oil - High Efficiency,fcc,,,,constant_tech,$,9541.510477,9541.510477,9541.510477,9541.510477,9541.510477,9541.510477,9541.510477,9541.510477,9541.510477,9541.510477,9541.510477,
CIMS.CAN.ON.Residential.Dwellings.Building Type.LowMed Density.Vintage.<1960 Bldg Code.Heating (Cold),Service,ON,Residential,Heating (Cold),Heating Oil - High Efficiency,fom,,,,constant_tech,$,100.1076509,100.1076509,100.1076509,100.1076509,100.1076509,100.1076509,100.1076509,100.1076509,100.1076509,100.1076509,100.1076509,
CIMS.CAN.ON.Residential.Dwellings.Building Type.LowMed Density.Vintage.<1960 Bldg Code.Heating (Cold),Service,ON,Residential,Heating (Cold),Heating Oil - High Efficiency,service_request,,,CIMS.Generic Fuels.Fuel Oil,annual_tech,GJ,1.162790698,1.162790698,1.162790698,1.162790698,1.162790698,1.162790698,1.162790698,1.162790698,1.162790698,1.162790698,1.162790698,
CIMS.CAN.ON.Residential.Dwellings.Building Type.LowMed Density.Vintage.<1960 Bldg Code.Heating (Cold),Service,ON,Residential,Heating (Cold),Wood,technology,,,,,,,,,,,,,,,,,
CIMS.CAN.ON.Residential.Dwellings.Building Type.LowMed Density.Vintage.<1960 Bldg Code.Heating (Cold),Service,ON,Residential,Heating (Cold),Wood,available,,,,constant_tech,Year,1950,1950,1950,1950,1950,1950,1950,1950,1950,1950,1950,
CIMS.CAN.ON.Residential.Dwellings.Building Type.LowMed Density.Vintage.<1960 Bldg Code.Heating (Cold),Service,ON,Residential,Heating (Cold),Wood,unavailable,,,,constant_tech,Year,2101,2101,2101,2101,2101,2101,2101,2101,2101,2101,2101,
CIMS.CAN.ON.Residential.Dwellings.Building Type.LowMed Density.Vintage.<1960 Bldg Code.Heating (Cold),Service,ON,Residential,Heating (Cold),Wood,lifetime,,,,constant_tech,Years,18.5,18.5,18.5,18.5,18.5,18.5,18.5,18.5,18.5,18.5,18.5,
CIMS.CAN.ON.Residential.Dwellings.Building Type.LowMed Density.Vintage.<1960 Bldg Code.Heating (Cold),Service,ON,Residential,Heating (Cold),Wood,market_share_total,,,,annual_region_tech,%,0.06398307205236,,,,,,,,,,,
CIMS.CAN.ON.Residential.Dwellings.Building Type.LowMed Density.Vintage.<1960 Bldg Code.Heating (Cold),Service,ON,Residential,Heating (Cold),Wood,output,,,,constant_tech,node unit,31.399776,31.399776,31.399776,31.399776,31.399776,31.399776,31.399776,31.399776,31.399776,31.399776,31.399776,
CIMS.CAN.ON.Residential.Dwellings.Building Type.LowMed Density.Vintage.<1960 Bldg Code.Heating (Cold),Service,ON,Residential,Heating (Cold),Wood,fcc,,,,constant_tech,$,8000.269768,8000.269768,8000.269768,8000.269768,8000.269768,8000.269768,8000.269768,8000.269768,8000.269768,8000.269768,8000.269768,
CIMS.CAN.ON.Residential.Dwellings.Building Type.LowMed Density.Vintage.<1960 Bldg Code.Heating (Cold),Service,ON,Residential,Heating (Cold),Wood,fom,,,,constant_tech,$,250.2691273,250.2691273,250.2691273,250.2691273,250.2691273,250.2691273,250.2691273,250.2691273,250.2691273,250.2691273,250.2691273,
CIMS.CAN.ON.Residential.Dwellings.Building Type.LowMed Density.Vintage.<1960 Bldg Code.Heating (Cold),Service,ON,Residential,Heating (Cold),Wood,service_request,,,CIMS.Generic Fuels.Solid Biomass,annual_tech,GJ,2,2,2,2,2,2,2,2,2,2,2,
CIMS.CAN.ON.Residential.Dwellings.Building Type.LowMed Density.Vintage.1961-1980 Bldg Code,Service,ON,Residential,1961-1980 Bldg Code,,service_provide,,,,constant_tech,m2,,,,,,,,,,,,
CIMS.CAN.ON.Residential.Dwellings.Building Type.LowMed Density.Vintage.1961-1980 Bldg Code,Service,ON,Residential,1961-1980 Bldg Code,,competition,Tech Compete,,,,,,,,,,,,,,,,
CIMS.CAN.ON.Residential.Dwellings.Building Type.LowMed Density.Vintage.1961-1980 Bldg Code,Service,ON,Residential,1961-1980 Bldg Code,,discount_rate_financial,,,,constant_tech,%,0.25,0.25,0.25,0.25,0.25,0.25,0.25,0.25,0.25,0.25,0.25,
CIMS.CAN.ON.Residential.Dwellings.Building Type.LowMed Density.Vintage.1961-1980 Bldg Code,Service,ON,Residential,1961-1980 Bldg Code,,heterogeneity,,,,constant_tech,,10,10,10,10,10,10,10,10,10,10,10,
CIMS.CAN.ON.Residential.Dwellings.Building Type.LowMed Density.Vintage.1961-1980 Bldg Code,Service,ON,Residential,1961-1980 Bldg Code,Reference,technology,,,,,,,,,,,,,,,,,
CIMS.CAN.ON.Residential.Dwellings.Building Type.LowMed Density.Vintage.1961-1980 Bldg Code,Service,ON,Residential,1961-1980 Bldg Code,Reference,available,,,,constant_tech,Year,1961,1961,1961,1961,1961,1961,1961,1961,1961,1961,1961,
CIMS.CAN.ON.Residential.Dwellings.Building Type.LowMed Density.Vintage.1961-1980 Bldg Code,Service,ON,Residential,1961-1980 Bldg Code,Reference,unavailable,,,,constant_tech,Year,2001,2001,2001,2001,2001,2001,2001,2001,2001,2001,2001,
CIMS.CAN.ON.Residential.Dwellings.Building Type.LowMed Density.Vintage.1961-1980 Bldg Code,Service,ON,Residential,1961-1980 Bldg Code,Reference,lifetime,,,,constant_tech,Years,180,180,180,180,180,180,180,180,180,180,180,
CIMS.CAN.ON.Residential.Dwellings.Building Type.LowMed Density.Vintage.1961-1980 Bldg Code,Service,ON,Residential,1961-1980 Bldg Code,Reference,market_share_total,,,,annual_tech,%,1,,,,,,,,,,,
CIMS.CAN.ON.Residential.Dwellings.Building Type.LowMed Density.Vintage.1961-1980 Bldg Code,Service,ON,Residential,1961-1980 Bldg Code,Reference,service_request,,,CIMS.CAN.ON.Residential.Dwellings.Building Type.LowMed Density.Vintage.1961-1980 Bldg Code.Heating (Cold),annual_region_tech,GJ,0.44825559888444,0.46812846596496,0.44268265454762,0.50132955723586,0.40955239399449,0.40955239399449,0.40955239399449,0.40955239399449,0.40955239399449,0.40955239399449,0.40955239399449,
CIMS.CAN.ON.Residential.Dwellings.Building Type.LowMed Density.Vintage.1961-1980 Bldg Code,Service,ON,Residential,1961-1980 Bldg Code,Retrofit Average,technology,,,,,,,,,,,,,,,,,
CIMS.CAN.ON.Residential.Dwellings.Building Type.LowMed Density.Vintage.1961-1980 Bldg Code,Service,ON,Residential,1961-1980 Bldg Code,Retrofit Average,available,,,,constant_tech,Year,1961,1961,1961,1961,1961,1961,1961,1961,1961,1961,1961,
CIMS.CAN.ON.Residential.Dwellings.Building Type.LowMed Density.Vintage.1961-1980 Bldg Code,Service,ON,Residential,1961-1980 Bldg Code,Retrofit Average,unavailable,,,,constant_tech,Year,2101,2101,2101,2101,2101,2101,2101,2101,2101,2101,2101,
CIMS.CAN.ON.Residential.Dwellings.Building Type.LowMed Density.Vintage.1961-1980 Bldg Code,Service,ON,Residential,1961-1980 Bldg Code,Retrofit Average,lifetime,,,,constant_tech,Years,180,180,180,180,180,180,180,180,180,180,180,
CIMS.CAN.ON.Residential.Dwellings.Building Type.LowMed Density.Vintage.1961-1980 Bldg Code,Service,ON,Residential,1961-1980 Bldg Code,Retrofit Average,market_share_total,,,,annual_tech,%,0,,,,,,,,,,,
CIMS.CAN.ON.Residential.Dwellings.Building Type.LowMed Density.Vintage.1961-1980 Bldg Code,Service,ON,Residential,1961-1980 Bldg Code,Retrofit Average,fcc,,,,constant_tech,$,1565,1565,1565,1565,1565,1565,1565,1565,1565,1565,1565,
CIMS.CAN.ON.Residential.Dwellings.Building Type.LowMed Density.Vintage.1961-1980 Bldg Code,Service,ON,Residential,1961-1980 Bldg Code,Retrofit Average,market_share_new_max,,,,constant_tech,%,0,0,0,0,0,0,0,0,0,0,0,
CIMS.CAN.ON.Residential.Dwellings.Building Type.LowMed Density.Vintage.1961-1980 Bldg Code,Service,ON,Residential,1961-1980 Bldg Code,Retrofit Average,service_request,,,CIMS.CAN.ON.Residential.Dwellings.Building Type.LowMed Density.Vintage.1961-1980 Bldg Code.Heating (Cold),annual_region_tech,GJ,0.31377891921911,0.32768992617547,0.30987785818333,0.3509306900651,0.28668667579615,0.28668667579615,0.28668667579615,0.28668667579615,0.28668667579615,0.28668667579615,0.28668667579615,
CIMS.CAN.ON.Residential.Dwellings.Building Type.LowMed Density.Vintage.1961-1980 Bldg Code,Service,ON,Residential,1961-1980 Bldg Code,Retrofit Deep,technology,,,,,,,,,,,,,,,,,
CIMS.CAN.ON.Residential.Dwellings.Building Type.LowMed Density.Vintage.1961-1980 Bldg Code,Service,ON,Residential,1961-1980 Bldg Code,Retrofit Deep,available,,,,constant_tech,Year,1961,1961,1961,1961,1961,1961,1961,1961,1961,1961,1961,
CIMS.CAN.ON.Residential.Dwellings.Building Type.LowMed Density.Vintage.1961-1980 Bldg Code,Service,ON,Residential,1961-1980 Bldg Code,Retrofit Deep,unavailable,,,,constant_tech,Year,2101,2101,2101,2101,2101,2101,2101,2101,2101,2101,2101,
CIMS.CAN.ON.Residential.Dwellings.Building Type.LowMed Density.Vintage.1961-1980 Bldg Code,Service,ON,Residential,1961-1980 Bldg Code,Retrofit Deep,lifetime,,,,constant_tech,Years,180,180,180,180,180,180,180,180,180,180,180,
CIMS.CAN.ON.Residential.Dwellings.Building Type.LowMed Density.Vintage.1961-1980 Bldg Code,Service,ON,Residential,1961-1980 Bldg Code,Retrofit Deep,market_share_total,,,,annual_tech,%,0,,,,,,,,,,,
CIMS.CAN.ON.Residential.Dwellings.Building Type.LowMed Density.Vintage.1961-1980 Bldg Code,Service,ON,Residential,1961-1980 Bldg Code,Retrofit Deep,fcc,,,,constant_tech,$,3130,3130,3130,3130,3130,3130,3130,3130,3130,3130,3130,
CIMS.CAN.ON.Residential.Dwellings.Building Type.LowMed Density.Vintage.1961-1980 Bldg Code,Service,ON,Residential,1961-1980 Bldg Code,Retrofit Deep,market_share_new_max,,,,constant_tech,%,0,0,0,0,0,0,0,0,0,0,0,
CIMS.CAN.ON.Residential.Dwellings.Building Type.LowMed Density.Vintage.1961-1980 Bldg Code,Service,ON,Residential,1961-1980 Bldg Code,Retrofit Deep,service_request,,,CIMS.CAN.ON.Residential.Dwellings.Building Type.LowMed Density.Vintage.1961-1980 Bldg Code.Heating (Cold),annual_region_tech,GJ,0.22412779944222,0.23406423298248,0.22134132727381,0.25066477861793,0.20477619699725,0.20477619699725,0.20477619699725,0.20477619699725,0.20477619699725,0.20477619699725,0.20477619699725,
CIMS.CAN.ON.Residential.Dwellings.Building Type.LowMed Density.Vintage.1961-1980 Bldg Code.Heating (Cold),Service,ON,Residential,Heating (Cold),,service_provide,,,,constant_tech,GJ of heat,,,,,,,,,,,,
CIMS.CAN.ON.Residential.Dwellings.Building Type.LowMed Density.Vintage.1961-1980 Bldg Code.Heating (Cold),Service,ON,Residential,Heating (Cold),,competition,Tech Compete,,,,,,,,,,,,,,,,
CIMS.CAN.ON.Residential.Dwellings.Building Type.LowMed Density.Vintage.1961-1980 Bldg Code.Heating (Cold),Service,ON,Residential,Heating (Cold),,discount_rate_financial,,,,constant_tech,%,0.25,0.25,0.25,0.25,0.25,0.25,0.25,0.25,0.25,0.25,0.25,
CIMS.CAN.ON.Residential.Dwellings.Building Type.LowMed Density.Vintage.1961-1980 Bldg Code.Heating (Cold),Service,ON,Residential,Heating (Cold),,inheritance,intercept_retirement,,,constant_tech,,FALSE,FALSE,FALSE,FALSE,FALSE,FALSE,FALSE,FALSE,FALSE,FALSE,FALSE,
CIMS.CAN.ON.Residential.Dwellings.Building Type.LowMed Density.Vintage.1961-1980 Bldg Code.Heating (Cold),Service,ON,Residential,Heating (Cold),,heterogeneity,,,,constant_tech,,10,10,10,10,10,10,10,10,10,10,10,
CIMS.CAN.ON.Residential.Dwellings.Building Type.LowMed Density.Vintage.1961-1980 Bldg Code.Heating (Cold),Service,ON,Residential,Heating (Cold),NG - Existing,technology,,,,,,,,,,,,,,,,,
CIMS.CAN.ON.Residential.Dwellings.Building Type.LowMed Density.Vintage.1961-1980 Bldg Code.Heating (Cold),Service,ON,Residential,Heating (Cold),NG - Existing,available,,,,constant_tech,Year,1950,1950,1950,1950,1950,1950,1950,1950,1950,1950,1950,
CIMS.CAN.ON.Residential.Dwellings.Building Type.LowMed Density.Vintage.1961-1980 Bldg Code.Heating (Cold),Service,ON,Residential,Heating (Cold),NG - Existing,unavailable,,,,constant_tech,Year,2001,2001,2001,2001,2001,2001,2001,2001,2001,2001,2001,
CIMS.CAN.ON.Residential.Dwellings.Building Type.LowMed Density.Vintage.1961-1980 Bldg Code.Heating (Cold),Service,ON,Residential,Heating (Cold),NG - Existing,lifetime,,,,constant_tech,Years,14,14,14,14,14,14,14,14,14,14,14,
CIMS.CAN.ON.Residential.Dwellings.Building Type.LowMed Density.Vintage.1961-1980 Bldg Code.Heating (Cold),Service,ON,Residential,Heating (Cold),NG - Existing,market_share_total,,,,annual_region_tech,%,0.3128768415013,,,,,,,,,,,
CIMS.CAN.ON.Residential.Dwellings.Building Type.LowMed Density.Vintage.1961-1980 Bldg Code.Heating (Cold),Service,ON,Residential,Heating (Cold),NG - Existing,output,,,,constant_tech,node unit,31.399776,31.399776,31.399776,31.399776,31.399776,31.399776,31.399776,31.399776,31.399776,31.399776,31.399776,
CIMS.CAN.ON.Residential.Dwellings.Building Type.LowMed Density.Vintage.1961-1980 Bldg Code.Heating (Cold),Service,ON,Residential,Heating (Cold),NG - Existing,fcc,,,,constant_tech,$,3603.875433,3603.875433,3603.875433,3603.875433,3603.875433,3603.875433,3603.875433,3603.875433,3603.875433,3603.875433,3603.875433,
CIMS.CAN.ON.Residential.Dwellings.Building Type.LowMed Density.Vintage.1961-1980 Bldg Code.Heating (Cold),Service,ON,Residential,Heating (Cold),NG - Existing,fom,,,,constant_tech,$,75.08073818,75.08073818,75.08073818,75.08073818,75.08073818,75.08073818,75.08073818,75.08073818,75.08073818,75.08073818,75.08073818,
CIMS.CAN.ON.Residential.Dwellings.Building Type.LowMed Density.Vintage.1961-1980 Bldg Code.Heating (Cold),Service,ON,Residential,Heating (Cold),NG - Existing,service_request,,,CIMS.CAN.ON.Residential.Methane Blend,annual_tech,GJ,1.6935483873,1.6935483873,1.6935483873,1.6935483873,1.6935483873,1.6935483873,1.6935483873,1.6935483873,1.6935483873,1.6935483873,1.6935483873,
CIMS.CAN.ON.Residential.Dwellings.Building Type.LowMed Density.Vintage.1961-1980 Bldg Code.Heating (Cold),Service,ON,Residential,Heating (Cold),NG - Standard Efficiency,technology,,,,,,,,,,,,,,,,,
CIMS.CAN.ON.Residential.Dwellings.Building Type.LowMed Density.Vintage.1961-1980 Bldg Code.Heating (Cold),Service,ON,Residential,Heating (Cold),NG - Standard Efficiency,available,,,,constant_tech,Year,1990,1990,1990,1990,1990,1990,1990,1990,1990,1990,1990,
CIMS.CAN.ON.Residential.Dwellings.Building Type.LowMed Density.Vintage.1961-1980 Bldg Code.Heating (Cold),Service,ON,Residential,Heating (Cold),NG - Standard Efficiency,unavailable,,,,constant_tech,Year,2101,2101,2101,2101,2101,2101,2101,2101,2101,2101,2101,
CIMS.CAN.ON.Residential.Dwellings.Building Type.LowMed Density.Vintage.1961-1980 Bldg Code.Heating (Cold),Service,ON,Residential,Heating (Cold),NG - Standard Efficiency,lifetime,,,,constant_tech,Years,19,19,19,19,19,19,19,19,19,19,19,
CIMS.CAN.ON.Residential.Dwellings.Building Type.LowMed Density.Vintage.1961-1980 Bldg Code.Heating (Cold),Service,ON,Residential,Heating (Cold),NG - Standard Efficiency,market_share_total,,,,annual_region_tech,%,0.19366297256951,,,,,,,,,,,
CIMS.CAN.ON.Residential.Dwellings.Building Type.LowMed Density.Vintage.1961-1980 Bldg Code.Heating (Cold),Service,ON,Residential,Heating (Cold),NG - Standard Efficiency,output,,,,constant_tech,node unit,31.399776,31.399776,31.399776,31.399776,31.399776,31.399776,31.399776,31.399776,31.399776,31.399776,31.399776,
CIMS.CAN.ON.Residential.Dwellings.Building Type.LowMed Density.Vintage.1961-1980 Bldg Code.Heating (Cold),Service,ON,Residential,Heating (Cold),NG - Standard Efficiency,fcc,,,,constant_tech,$,5005.382545,5005.382545,5005.382545,5005.382545,5005.382545,5005.382545,5005.382545,5005.382545,5005.382545,5005.382545,5005.382545,
CIMS.CAN.ON.Residential.Dwellings.Building Type.LowMed Density.Vintage.1961-1980 Bldg Code.Heating (Cold),Service,ON,Residential,Heating (Cold),NG - Standard Efficiency,fom,,,,constant_tech,$,162.6749327,162.6749327,162.6749327,162.6749327,162.6749327,162.6749327,162.6749327,162.6749327,162.6749327,162.6749327,162.6749327,
CIMS.CAN.ON.Residential.Dwellings.Building Type.LowMed Density.Vintage.1961-1980 Bldg Code.Heating (Cold),Service,ON,Residential,Heating (Cold),NG - Standard Efficiency,service_request,,,CIMS.CAN.ON.Residential.Methane Blend,annual_tech,GJ,1.32911392425,1.32911392425,1.32911392425,1.32911392425,1.32911392425,1.32911392425,1.32911392425,1.32911392425,1.32911392425,1.32911392425,1.32911392425,
CIMS.CAN.ON.Residential.Dwellings.Building Type.LowMed Density.Vintage.1961-1980 Bldg Code.Heating (Cold),Service,ON,Residential,Heating (Cold),NG - High Efficiency,technology,,,,,,,,,,,,,,,,,
CIMS.CAN.ON.Residential.Dwellings.Building Type.LowMed Density.Vintage.1961-1980 Bldg Code.Heating (Cold),Service,ON,Residential,Heating (Cold),NG - High Efficiency,available,,,,constant_tech,Year,2000,2000,2000,2000,2000,2000,2000,2000,2000,2000,2000,
CIMS.CAN.ON.Residential.Dwellings.Building Type.LowMed Density.Vintage.1961-1980 Bldg Code.Heating (Cold),Service,ON,Residential,Heating (Cold),NG - High Efficiency,unavailable,,,,constant_tech,Year,2101,2101,2101,2101,2101,2101,2101,2101,2101,2101,2101,
CIMS.CAN.ON.Residential.Dwellings.Building Type.LowMed Density.Vintage.1961-1980 Bldg Code.Heating (Cold),Service,ON,Residential,Heating (Cold),NG - High Efficiency,lifetime,,,,constant_tech,Years,19,19,19,19,19,19,19,19,19,19,19,
CIMS.CAN.ON.Residential.Dwellings.Building Type.LowMed Density.Vintage.1961-1980 Bldg Code.Heating (Cold),Service,ON,Residential,Heating (Cold),NG - High Efficiency,market_share_total,,,,annual_region_tech,%,0.15584419263189,,,,,,,,,,,
CIMS.CAN.ON.Residential.Dwellings.Building Type.LowMed Density.Vintage.1961-1980 Bldg Code.Heating (Cold),Service,ON,Residential,Heating (Cold),NG - High Efficiency,output,,,,constant_tech,node unit,31.399776,31.399776,31.399776,31.399776,31.399776,31.399776,31.399776,31.399776,31.399776,31.399776,31.399776,
CIMS.CAN.ON.Residential.Dwellings.Building Type.LowMed Density.Vintage.1961-1980 Bldg Code.Heating (Cold),Service,ON,Residential,Heating (Cold),NG - High Efficiency,fcc,,,,constant_tech,$,6231.7012692,6231.7012692,6231.7012692,6231.7012692,6231.7012692,6231.7012692,6231.7012692,6231.7012692,6231.7012692,6231.7012692,6231.7012692,
CIMS.CAN.ON.Residential.Dwellings.Building Type.LowMed Density.Vintage.1961-1980 Bldg Code.Heating (Cold),Service,ON,Residential,Heating (Cold),NG - High Efficiency,fom,,,,constant_tech,$,162.6749327,162.6749327,162.6749327,162.6749327,162.6749327,162.6749327,162.6749327,162.6749327,162.6749327,162.6749327,162.6749327,
CIMS.CAN.ON.Residential.Dwellings.Building Type.LowMed Density.Vintage.1961-1980 Bldg Code.Heating (Cold),Service,ON,Residential,Heating (Cold),NG - High Efficiency,service_request,,,CIMS.CAN.ON.Residential.Methane Blend,annual_tech,GJ,1.16666666655,1.16666666655,1.16666666655,1.16666666655,1.16666666655,1.16666666655,1.16666666655,1.16666666655,1.16666666655,1.16666666655,1.16666666655,
CIMS.CAN.ON.Residential.Dwellings.Building Type.LowMed Density.Vintage.1961-1980 Bldg Code.Heating (Cold),Service,ON,Residential,Heating (Cold),NG - ASHP / NG - backup,technology,,,,,,,,,,,,,,,,,
CIMS.CAN.ON.Residential.Dwellings.Building Type.LowMed Density.Vintage.1961-1980 Bldg Code.Heating (Cold),Service,ON,Residential,Heating (Cold),NG - ASHP / NG - backup,available,,,,constant_tech,Year,2000,2000,2000,2000,2000,2000,2000,2000,2000,2000,2000,
CIMS.CAN.ON.Residential.Dwellings.Building Type.LowMed Density.Vintage.1961-1980 Bldg Code.Heating (Cold),Service,ON,Residential,Heating (Cold),NG - ASHP / NG - backup,unavailable,,,,constant_tech,Year,2101,2101,2101,2101,2101,2101,2101,2101,2101,2101,2101,
CIMS.CAN.ON.Residential.Dwellings.Building Type.LowMed Density.Vintage.1961-1980 Bldg Code.Heating (Cold),Service,ON,Residential,Heating (Cold),NG - ASHP / NG - backup,lifetime,,,,constant_tech,Years,15,15,15,15,15,15,15,15,15,15,15,
CIMS.CAN.ON.Residential.Dwellings.Building Type.LowMed Density.Vintage.1961-1980 Bldg Code.Heating (Cold),Service,ON,Residential,Heating (Cold),NG - ASHP / NG - backup,market_share_total,,,,annual_region_tech,%,0,,,,,,,,,,,
CIMS.CAN.ON.Residential.Dwellings.Building Type.LowMed Density.Vintage.1961-1980 Bldg Code.Heating (Cold),Service,ON,Residential,Heating (Cold),NG - ASHP / NG - backup,output,,,,constant_tech,node unit,31.399776,31.399776,31.399776,31.399776,31.399776,31.399776,31.399776,31.399776,31.399776,31.399776,31.399776,
CIMS.CAN.ON.Residential.Dwellings.Building Type.LowMed Density.Vintage.1961-1980 Bldg Code.Heating (Cold),Service,ON,Residential,Heating (Cold),NG - ASHP / NG - backup,fcc,,,,constant_tech,$,20015.27345,20015.27345,20015.27345,20015.27345,20015.27345,20015.27345,20015.27345,20015.27345,20015.27345,20015.27345,20015.27345,
CIMS.CAN.ON.Residential.Dwellings.Building Type.LowMed Density.Vintage.1961-1980 Bldg Code.Heating (Cold),Service,ON,Residential,Heating (Cold),NG - ASHP / NG - backup,fom,,,,constant_tech,$,250.2691273,250.2691273,250.2691273,250.2691273,250.2691273,250.2691273,250.2691273,250.2691273,250.2691273,250.2691273,250.2691273,
CIMS.CAN.ON.Residential.Dwellings.Building Type.LowMed Density.Vintage.1961-1980 Bldg Code.Heating (Cold),Service,ON,Residential,Heating (Cold),NG - ASHP / NG - backup,service_request,,,CIMS.CAN.ON.Residential.Methane Blend,annual_tech,GJ,2.1593627892625,2.1593627892625,2.1593627892625,2.1593627892625,2.1593627892625,2.1593627892625,2.1593627892625,2.1593627892625,2.1593627892625,2.1593627892625,2.1593627892625,
CIMS.CAN.ON.Residential.Dwellings.Building Type.LowMed Density.Vintage.1961-1980 Bldg Code.Heating (Cold),Service,ON,Residential,Heating (Cold),NG - ASHP / NG - backup,service_request,,,CIMS.CAN.ON.Residential.Dwellings.Building Type.LowMed Density.Cooling,annual_tech,GJ of cooling,-0.004568364,-0.004568364,-0.004568364,-0.004568364,-0.004568364,-0.004568364,-0.004568364,-0.004568364,-0.004568364,-0.004568364,-0.004568364,
CIMS.CAN.ON.Residential.Dwellings.Building Type.LowMed Density.Vintage.1961-1980 Bldg Code.Heating (Cold),Service,ON,Residential,Heating (Cold),Electric - Standard Efficiency,technology,,,,,,,,,,,,,,,,,
CIMS.CAN.ON.Residential.Dwellings.Building Type.LowMed Density.Vintage.1961-1980 Bldg Code.Heating (Cold),Service,ON,Residential,Heating (Cold),Electric - Standard Efficiency,available,,,,constant_tech,Year,1950,1950,1950,1950,1950,1950,1950,1950,1950,1950,1950,
CIMS.CAN.ON.Residential.Dwellings.Building Type.LowMed Density.Vintage.1961-1980 Bldg Code.Heating (Cold),Service,ON,Residential,Heating (Cold),Electric - Standard Efficiency,unavailable,,,,constant_tech,Year,2101,2101,2101,2101,2101,2101,2101,2101,2101,2101,2101,
CIMS.CAN.ON.Residential.Dwellings.Building Type.LowMed Density.Vintage.1961-1980 Bldg Code.Heating (Cold),Service,ON,Residential,Heating (Cold),Electric - Standard Efficiency,lifetime,,,,constant_tech,Years,22.5,22.5,22.5,22.5,22.5,22.5,22.5,22.5,22.5,22.5,22.5,
CIMS.CAN.ON.Residential.Dwellings.Building Type.LowMed Density.Vintage.1961-1980 Bldg Code.Heating (Cold),Service,ON,Residential,Heating (Cold),Electric - Standard Efficiency,market_share_total,,,,annual_region_tech,%,0.14058058731015,,,,,,,,,,,
CIMS.CAN.ON.Residential.Dwellings.Building Type.LowMed Density.Vintage.1961-1980 Bldg Code.Heating (Cold),Service,ON,Residential,Heating (Cold),Electric - Standard Efficiency,output,,,,constant_tech,node unit,31.399776,31.399776,31.399776,31.399776,31.399776,31.399776,31.399776,31.399776,31.399776,31.399776,31.399776,
CIMS.CAN.ON.Residential.Dwellings.Building Type.LowMed Density.Vintage.1961-1980 Bldg Code.Heating (Cold),Service,ON,Residential,Heating (Cold),Electric - Standard Efficiency,fcc,,,,constant_tech,$,3822.860919,3822.860919,3822.860919,3822.860919,3822.860919,3822.860919,3822.860919,3822.860919,3822.860919,3822.860919,3822.860919,
CIMS.CAN.ON.Residential.Dwellings.Building Type.LowMed Density.Vintage.1961-1980 Bldg Code.Heating (Cold),Service,ON,Residential,Heating (Cold),Electric - Standard Efficiency,service_request,,,CIMS.CAN.ON.Electricity,annual_tech,GJ,1,1,1,1,1,1,1,1,1,1,1,
CIMS.CAN.ON.Residential.Dwellings.Building Type.LowMed Density.Vintage.1961-1980 Bldg Code.Heating (Cold),Service,ON,Residential,Heating (Cold),Electric - ASHP / NG - backup,technology,,,,,,,,,,,,,,,,,
CIMS.CAN.ON.Residential.Dwellings.Building Type.LowMed Density.Vintage.1961-1980 Bldg Code.Heating (Cold),Service,ON,Residential,Heating (Cold),Electric - ASHP / NG - backup,available,,,,constant_tech,Year,2000,2000,2000,2000,2000,2000,2000,2000,2000,2000,2000,
CIMS.CAN.ON.Residential.Dwellings.Building Type.LowMed Density.Vintage.1961-1980 Bldg Code.Heating (Cold),Service,ON,Residential,Heating (Cold),Electric - ASHP / NG - backup,unavailable,,,,constant_tech,Year,2101,2101,2101,2101,2101,2101,2101,2101,2101,2101,2101,
CIMS.CAN.ON.Residential.Dwellings.Building Type.LowMed Density.Vintage.1961-1980 Bldg Code.Heating (Cold),Service,ON,Residential,Heating (Cold),Electric - ASHP / NG - backup,lifetime,,,,constant_tech,Years,15.5,15.5,15.5,15.5,15.5,15.5,15.5,15.5,15.5,15.5,15.5,
CIMS.CAN.ON.Residential.Dwellings.Building Type.LowMed Density.Vintage.1961-1980 Bldg Code.Heating (Cold),Service,ON,Residential,Heating (Cold),Electric - ASHP / NG - backup,market_share_total,,,,annual_region_tech,%,0.05569472285773,,,,,,,,,,,
CIMS.CAN.ON.Residential.Dwellings.Building Type.LowMed Density.Vintage.1961-1980 Bldg Code.Heating (Cold),Service,ON,Residential,Heating (Cold),Electric - ASHP / NG - backup,output,,,,constant_tech,node unit,31.399776,31.399776,31.399776,31.399776,31.399776,31.399776,31.399776,31.399776,31.399776,31.399776,31.399776,
CIMS.CAN.ON.Residential.Dwellings.Building Type.LowMed Density.Vintage.1961-1980 Bldg Code.Heating (Cold),Service,ON,Residential,Heating (Cold),Electric - ASHP / NG - backup,fcc,,,,constant_tech,$,9647.874856,9647.874856,9647.874856,9647.874856,9647.874856,9647.874856,9647.874856,9647.874856,9647.874856,9647.874856,9647.874856,
CIMS.CAN.ON.Residential.Dwellings.Building Type.LowMed Density.Vintage.1961-1980 Bldg Code.Heating (Cold),Service,ON,Residential,Heating (Cold),Electric - ASHP / NG - backup,fom,,,,constant_tech,$,269.0393118,269.0393118,269.0393118,269.0393118,269.0393118,269.0393118,269.0393118,269.0393118,269.0393118,269.0393118,269.0393118,
CIMS.CAN.ON.Residential.Dwellings.Building Type.LowMed Density.Vintage.1961-1980 Bldg Code.Heating (Cold),Service,ON,Residential,Heating (Cold),Electric - ASHP / NG - backup,service_request,,,CIMS.CAN.ON.Electricity,annual_tech,GJ,0.72747607755,0.72747607755,0.72747607755,0.72747607755,0.72747607755,0.72747607755,0.72747607755,0.72747607755,0.72747607755,0.72747607755,0.72747607755,
CIMS.CAN.ON.Residential.Dwellings.Building Type.LowMed Density.Vintage.1961-1980 Bldg Code.Heating (Cold),Service,ON,Residential,Heating (Cold),Electric - ASHP / NG - backup,service_request,,,CIMS.CAN.ON.Residential.Methane Blend,annual_tech,GJ,0.0583333333275,0.0583333333275,0.0583333333275,0.0583333333275,0.0583333333275,0.0583333333275,0.0583333333275,0.0583333333275,0.0583333333275,0.0583333333275,0.0583333333275,
CIMS.CAN.ON.Residential.Dwellings.Building Type.LowMed Density.Vintage.1961-1980 Bldg Code.Heating (Cold),Service,ON,Residential,Heating (Cold),Electric - ASHP / NG - backup,service_request,,,CIMS.CAN.ON.Residential.Dwellings.Building Type.LowMed Density.Cooling,annual_tech,GJ of cooling,-0.004568364,-0.004568364,-0.004568364,-0.004568364,-0.004568364,-0.004568364,-0.004568364,-0.004568364,-0.004568364,-0.004568364,-0.004568364,
CIMS.CAN.ON.Residential.Dwellings.Building Type.LowMed Density.Vintage.1961-1980 Bldg Code.Heating (Cold),Service,ON,Residential,Heating (Cold),Electric - ASHP / Electric - backup,technology,,,,,,,,,,,,,,,,,
CIMS.CAN.ON.Residential.Dwellings.Building Type.LowMed Density.Vintage.1961-1980 Bldg Code.Heating (Cold),Service,ON,Residential,Heating (Cold),Electric - ASHP / Electric - backup,available,,,,constant_tech,Year,2000,2000,2000,2000,2000,2000,2000,2000,2000,2000,2000,
CIMS.CAN.ON.Residential.Dwellings.Building Type.LowMed Density.Vintage.1961-1980 Bldg Code.Heating (Cold),Service,ON,Residential,Heating (Cold),Electric - ASHP / Electric - backup,unavailable,,,,constant_tech,Year,2101,2101,2101,2101,2101,2101,2101,2101,2101,2101,2101,
CIMS.CAN.ON.Residential.Dwellings.Building Type.LowMed Density.Vintage.1961-1980 Bldg Code.Heating (Cold),Service,ON,Residential,Heating (Cold),Electric - ASHP / Electric - backup,lifetime,,,,constant_tech,Years,15.5,15.5,15.5,15.5,15.5,15.5,15.5,15.5,15.5,15.5,15.5,
CIMS.CAN.ON.Residential.Dwellings.Building Type.LowMed Density.Vintage.1961-1980 Bldg Code.Heating (Cold),Service,ON,Residential,Heating (Cold),Electric - ASHP / Electric - backup,market_share_total,,,,annual_region_tech,%,0,,,,,,,,,,,
CIMS.CAN.ON.Residential.Dwellings.Building Type.LowMed Density.Vintage.1961-1980 Bldg Code.Heating (Cold),Service,ON,Residential,Heating (Cold),Electric - ASHP / Electric - backup,output,,,,constant_tech,node unit,31.399776,31.399776,31.399776,31.399776,31.399776,31.399776,31.399776,31.399776,31.399776,31.399776,31.399776,
CIMS.CAN.ON.Residential.Dwellings.Building Type.LowMed Density.Vintage.1961-1980 Bldg Code.Heating (Cold),Service,ON,Residential,Heating (Cold),Electric - ASHP / Electric - backup,fcc,,,,constant_tech,$,9373.830161,9373.830161,9373.830161,9373.830161,9373.830161,9373.830161,9373.830161,9373.830161,9373.830161,9373.830161,9373.830161,
CIMS.CAN.ON.Residential.Dwellings.Building Type.LowMed Density.Vintage.1961-1980 Bldg Code.Heating (Cold),Service,ON,Residential,Heating (Cold),Electric - ASHP / Electric - backup,fom,,,,constant_tech,$,106.3643791,106.3643791,106.3643791,106.3643791,106.3643791,106.3643791,106.3643791,106.3643791,106.3643791,106.3643791,106.3643791,
CIMS.CAN.ON.Residential.Dwellings.Building Type.LowMed Density.Vintage.1961-1980 Bldg Code.Heating (Cold),Service,ON,Residential,Heating (Cold),Electric - ASHP / Electric - backup,service_request,,,CIMS.CAN.ON.Electricity,annual_tech,GJ,0.77747607755,0.77747607755,0.77747607755,0.77747607755,0.77747607755,0.77747607755,0.77747607755,0.77747607755,0.77747607755,0.77747607755,0.77747607755,
CIMS.CAN.ON.Residential.Dwellings.Building Type.LowMed Density.Vintage.1961-1980 Bldg Code.Heating (Cold),Service,ON,Residential,Heating (Cold),Electric - ASHP / Electric - backup,service_request,,,CIMS.CAN.ON.Residential.Dwellings.Building Type.LowMed Density.Cooling,annual_tech,GJ of cooling,-0.004568364,-0.004568364,-0.004568364,-0.004568364,-0.004568364,-0.004568364,-0.004568364,-0.004568364,-0.004568364,-0.004568364,-0.004568364,
CIMS.CAN.ON.Residential.Dwellings.Building Type.LowMed Density.Vintage.1961-1980 Bldg Code.Heating (Cold),Service,ON,Residential,Heating (Cold),Heating Oil - Existing,technology,,,,,,,,,,,,,,,,,
CIMS.CAN.ON.Residential.Dwellings.Building Type.LowMed Density.Vintage.1961-1980 Bldg Code.Heating (Cold),Service,ON,Residential,Heating (Cold),Heating Oil - Existing,available,,,,constant_tech,Year,1950,1950,1950,1950,1950,1950,1950,1950,1950,1950,1950,
CIMS.CAN.ON.Residential.Dwellings.Building Type.LowMed Density.Vintage.1961-1980 Bldg Code.Heating (Cold),Service,ON,Residential,Heating (Cold),Heating Oil - Existing,unavailable,,,,constant_tech,Year,2001,2001,2001,2001,2001,2001,2001,2001,2001,2001,2001,
CIMS.CAN.ON.Residential.Dwellings.Building Type.LowMed Density.Vintage.1961-1980 Bldg Code.Heating (Cold),Service,ON,Residential,Heating (Cold),Heating Oil - Existing,lifetime,,,,constant_tech,Years,23,23,23,23,23,23,23,23,23,23,23,
CIMS.CAN.ON.Residential.Dwellings.Building Type.LowMed Density.Vintage.1961-1980 Bldg Code.Heating (Cold),Service,ON,Residential,Heating (Cold),Heating Oil - Existing,market_share_total,,,,annual_region_tech,%,0.03196525528046,,,,,,,,,,,
CIMS.CAN.ON.Residential.Dwellings.Building Type.LowMed Density.Vintage.1961-1980 Bldg Code.Heating (Cold),Service,ON,Residential,Heating (Cold),Heating Oil - Existing,output,,,,constant_tech,node unit,31.399776,31.399776,31.399776,31.399776,31.399776,31.399776,31.399776,31.399776,31.399776,31.399776,31.399776,
CIMS.CAN.ON.Residential.Dwellings.Building Type.LowMed Density.Vintage.1961-1980 Bldg Code.Heating (Cold),Service,ON,Residential,Heating (Cold),Heating Oil - Existing,fcc,,,,constant_tech,$,5943.891772,5943.891772,5943.891772,5943.891772,5943.891772,5943.891772,5943.891772,5943.891772,5943.891772,5943.891772,5943.891772,
CIMS.CAN.ON.Residential.Dwellings.Building Type.LowMed Density.Vintage.1961-1980 Bldg Code.Heating (Cold),Service,ON,Residential,Heating (Cold),Heating Oil - Existing,fom,,,,constant_tech,$,100.1076509,100.1076509,100.1076509,100.1076509,100.1076509,100.1076509,100.1076509,100.1076509,100.1076509,100.1076509,100.1076509,
CIMS.CAN.ON.Residential.Dwellings.Building Type.LowMed Density.Vintage.1961-1980 Bldg Code.Heating (Cold),Service,ON,Residential,Heating (Cold),Heating Oil - Existing,service_request,,,CIMS.Generic Fuels.Fuel Oil,annual_tech,GJ,1.666666667,1.666666667,1.666666667,1.666666667,1.666666667,1.666666667,1.666666667,1.666666667,1.666666667,1.666666667,1.666666667,
CIMS.CAN.ON.Residential.Dwellings.Building Type.LowMed Density.Vintage.1961-1980 Bldg Code.Heating (Cold),Service,ON,Residential,Heating (Cold),Heating Oil - High Efficiency,technology,,,,,,,,,,,,,,,,,
CIMS.CAN.ON.Residential.Dwellings.Building Type.LowMed Density.Vintage.1961-1980 Bldg Code.Heating (Cold),Service,ON,Residential,Heating (Cold),Heating Oil - High Efficiency,available,,,,constant_tech,Year,2000,2000,2000,2000,2000,2000,2000,2000,2000,2000,2000,
CIMS.CAN.ON.Residential.Dwellings.Building Type.LowMed Density.Vintage.1961-1980 Bldg Code.Heating (Cold),Service,ON,Residential,Heating (Cold),Heating Oil - High Efficiency,unavailable,,,,constant_tech,Year,2101,2101,2101,2101,2101,2101,2101,2101,2101,2101,2101,
CIMS.CAN.ON.Residential.Dwellings.Building Type.LowMed Density.Vintage.1961-1980 Bldg Code.Heating (Cold),Service,ON,Residential,Heating (Cold),Heating Oil - High Efficiency,lifetime,,,,constant_tech,Years,23,23,23,23,23,23,23,23,23,23,23,
CIMS.CAN.ON.Residential.Dwellings.Building Type.LowMed Density.Vintage.1961-1980 Bldg Code.Heating (Cold),Service,ON,Residential,Heating (Cold),Heating Oil - High Efficiency,market_share_total,,,,annual_region_tech,%,0.0453923557966,,,,,,,,,,,
CIMS.CAN.ON.Residential.Dwellings.Building Type.LowMed Density.Vintage.1961-1980 Bldg Code.Heating (Cold),Service,ON,Residential,Heating (Cold),Heating Oil - High Efficiency,output,,,,constant_tech,node unit,31.399776,31.399776,31.399776,31.399776,31.399776,31.399776,31.399776,31.399776,31.399776,31.399776,31.399776,
CIMS.CAN.ON.Residential.Dwellings.Building Type.LowMed Density.Vintage.1961-1980 Bldg Code.Heating (Cold),Service,ON,Residential,Heating (Cold),Heating Oil - High Efficiency,fcc,,,,constant_tech,$,9541.510477,9541.510477,9541.510477,9541.510477,9541.510477,9541.510477,9541.510477,9541.510477,9541.510477,9541.510477,9541.510477,
CIMS.CAN.ON.Residential.Dwellings.Building Type.LowMed Density.Vintage.1961-1980 Bldg Code.Heating (Cold),Service,ON,Residential,Heating (Cold),Heating Oil - High Efficiency,fom,,,,constant_tech,$,100.1076509,100.1076509,100.1076509,100.1076509,100.1076509,100.1076509,100.1076509,100.1076509,100.1076509,100.1076509,100.1076509,
CIMS.CAN.ON.Residential.Dwellings.Building Type.LowMed Density.Vintage.1961-1980 Bldg Code.Heating (Cold),Service,ON,Residential,Heating (Cold),Heating Oil - High Efficiency,service_request,,,CIMS.Generic Fuels.Fuel Oil,annual_tech,GJ,1.162790698,1.162790698,1.162790698,1.162790698,1.162790698,1.162790698,1.162790698,1.162790698,1.162790698,1.162790698,1.162790698,
CIMS.CAN.ON.Residential.Dwellings.Building Type.LowMed Density.Vintage.1961-1980 Bldg Code.Heating (Cold),Service,ON,Residential,Heating (Cold),Wood,technology,,,,,,,,,,,,,,,,,
CIMS.CAN.ON.Residential.Dwellings.Building Type.LowMed Density.Vintage.1961-1980 Bldg Code.Heating (Cold),Service,ON,Residential,Heating (Cold),Wood,available,,,,constant_tech,Year,1950,1950,1950,1950,1950,1950,1950,1950,1950,1950,1950,
CIMS.CAN.ON.Residential.Dwellings.Building Type.LowMed Density.Vintage.1961-1980 Bldg Code.Heating (Cold),Service,ON,Residential,Heating (Cold),Wood,unavailable,,,,constant_tech,Year,2101,2101,2101,2101,2101,2101,2101,2101,2101,2101,2101,
CIMS.CAN.ON.Residential.Dwellings.Building Type.LowMed Density.Vintage.1961-1980 Bldg Code.Heating (Cold),Service,ON,Residential,Heating (Cold),Wood,lifetime,,,,constant_tech,Years,18.5,18.5,18.5,18.5,18.5,18.5,18.5,18.5,18.5,18.5,18.5,
CIMS.CAN.ON.Residential.Dwellings.Building Type.LowMed Density.Vintage.1961-1980 Bldg Code.Heating (Cold),Service,ON,Residential,Heating (Cold),Wood,market_share_total,,,,annual_region_tech,%,0.06398307205236,,,,,,,,,,,
CIMS.CAN.ON.Residential.Dwellings.Building Type.LowMed Density.Vintage.1961-1980 Bldg Code.Heating (Cold),Service,ON,Residential,Heating (Cold),Wood,output,,,,constant_tech,node unit,31.399776,31.399776,31.399776,31.399776,31.399776,31.399776,31.399776,31.399776,31.399776,31.399776,31.399776,
CIMS.CAN.ON.Residential.Dwellings.Building Type.LowMed Density.Vintage.1961-1980 Bldg Code.Heating (Cold),Service,ON,Residential,Heating (Cold),Wood,fcc,,,,constant_tech,$,8000.269768,8000.269768,8000.269768,8000.269768,8000.269768,8000.269768,8000.269768,8000.269768,8000.269768,8000.269768,8000.269768,
CIMS.CAN.ON.Residential.Dwellings.Building Type.LowMed Density.Vintage.1961-1980 Bldg Code.Heating (Cold),Service,ON,Residential,Heating (Cold),Wood,fom,,,,constant_tech,$,250.2691273,250.2691273,250.2691273,250.2691273,250.2691273,250.2691273,250.2691273,250.2691273,250.2691273,250.2691273,250.2691273,
CIMS.CAN.ON.Residential.Dwellings.Building Type.LowMed Density.Vintage.1961-1980 Bldg Code.Heating (Cold),Service,ON,Residential,Heating (Cold),Wood,service_request,,,CIMS.Generic Fuels.Solid Biomass,annual_tech,GJ,2,2,2,2,2,2,2,2,2,2,2,
CIMS.CAN.ON.Residential.Dwellings.Building Type.LowMed Density.Vintage.1981-2000 Bldg Code,Service,ON,Residential,1981-2000 Bldg Code,,service_provide,,,,constant_tech,m2,,,,,,,,,,,,
CIMS.CAN.ON.Residential.Dwellings.Building Type.LowMed Density.Vintage.1981-2000 Bldg Code,Service,ON,Residential,1981-2000 Bldg Code,,competition,Tech Compete,,,,,,,,,,,,,,,,
CIMS.CAN.ON.Residential.Dwellings.Building Type.LowMed Density.Vintage.1981-2000 Bldg Code,Service,ON,Residential,1981-2000 Bldg Code,,discount_rate_financial,,,,constant_tech,%,0.25,0.25,0.25,0.25,0.25,0.25,0.25,0.25,0.25,0.25,0.25,
CIMS.CAN.ON.Residential.Dwellings.Building Type.LowMed Density.Vintage.1981-2000 Bldg Code,Service,ON,Residential,1981-2000 Bldg Code,,heterogeneity,,,,constant_tech,,10,10,10,10,10,10,10,10,10,10,10,
CIMS.CAN.ON.Residential.Dwellings.Building Type.LowMed Density.Vintage.1981-2000 Bldg Code,Service,ON,Residential,1981-2000 Bldg Code,Reference,technology,,,,,,,,,,,,,,,,,
CIMS.CAN.ON.Residential.Dwellings.Building Type.LowMed Density.Vintage.1981-2000 Bldg Code,Service,ON,Residential,1981-2000 Bldg Code,Reference,available,,,,constant_tech,Year,1981,1981,1981,1981,1981,1981,1981,1981,1981,1981,1981,
CIMS.CAN.ON.Residential.Dwellings.Building Type.LowMed Density.Vintage.1981-2000 Bldg Code,Service,ON,Residential,1981-2000 Bldg Code,Reference,unavailable,,,,constant_tech,Year,2001,2001,2001,2001,2001,2001,2001,2001,2001,2001,2001,
CIMS.CAN.ON.Residential.Dwellings.Building Type.LowMed Density.Vintage.1981-2000 Bldg Code,Service,ON,Residential,1981-2000 Bldg Code,Reference,lifetime,,,,constant_tech,Years,250,250,250,250,250,250,250,250,250,250,250,
CIMS.CAN.ON.Residential.Dwellings.Building Type.LowMed Density.Vintage.1981-2000 Bldg Code,Service,ON,Residential,1981-2000 Bldg Code,Reference,market_share_total,,,,annual_tech,%,1,,,,,,,,,,,
CIMS.CAN.ON.Residential.Dwellings.Building Type.LowMed Density.Vintage.1981-2000 Bldg Code,Service,ON,Residential,1981-2000 Bldg Code,Reference,service_request,,,CIMS.CAN.ON.Residential.Dwellings.Building Type.LowMed Density.Vintage.1981-2000 Bldg Code.Heating (Cold),annual_region_tech,GJ,0.30611277834665,0.31990905815299,0.30293345747852,0.34467637394867,0.28163164175184,0.28163164175184,0.28163164175184,0.28163164175184,0.28163164175184,0.28163164175184,0.28163164175184,
CIMS.CAN.ON.Residential.Dwellings.Building Type.LowMed Density.Vintage.1981-2000 Bldg Code,Service,ON,Residential,1981-2000 Bldg Code,Retrofit Average,technology,,,,,,,,,,,,,,,,,
CIMS.CAN.ON.Residential.Dwellings.Building Type.LowMed Density.Vintage.1981-2000 Bldg Code,Service,ON,Residential,1981-2000 Bldg Code,Retrofit Average,available,,,,constant_tech,Year,1981,1981,1981,1981,1981,1981,1981,1981,1981,1981,1981,
CIMS.CAN.ON.Residential.Dwellings.Building Type.LowMed Density.Vintage.1981-2000 Bldg Code,Service,ON,Residential,1981-2000 Bldg Code,Retrofit Average,unavailable,,,,constant_tech,Year,2101,2101,2101,2101,2101,2101,2101,2101,2101,2101,2101,
CIMS.CAN.ON.Residential.Dwellings.Building Type.LowMed Density.Vintage.1981-2000 Bldg Code,Service,ON,Residential,1981-2000 Bldg Code,Retrofit Average,lifetime,,,,constant_tech,Years,250,250,250,250,250,250,250,250,250,250,250,
CIMS.CAN.ON.Residential.Dwellings.Building Type.LowMed Density.Vintage.1981-2000 Bldg Code,Service,ON,Residential,1981-2000 Bldg Code,Retrofit Average,market_share_total,,,,annual_tech,%,0,,,,,,,,,,,
CIMS.CAN.ON.Residential.Dwellings.Building Type.LowMed Density.Vintage.1981-2000 Bldg Code,Service,ON,Residential,1981-2000 Bldg Code,Retrofit Average,fcc,,,,constant_tech,$,1565,1565,1565,1565,1565,1565,1565,1565,1565,1565,1565,
CIMS.CAN.ON.Residential.Dwellings.Building Type.LowMed Density.Vintage.1981-2000 Bldg Code,Service,ON,Residential,1981-2000 Bldg Code,Retrofit Average,market_share_new_max,,,,constant_tech,%,0,0,0,0,0,0,0,0,0,0,0,
CIMS.CAN.ON.Residential.Dwellings.Building Type.LowMed Density.Vintage.1981-2000 Bldg Code,Service,ON,Residential,1981-2000 Bldg Code,Retrofit Average,service_request,,,CIMS.CAN.ON.Residential.Dwellings.Building Type.LowMed Density.Vintage.1981-2000 Bldg Code.Heating (Cold),annual_region_tech,GJ,0.21427894484266,0.22393634070709,0.21205342023497,0.24127346176407,0.19714214922629,0.19714214922629,0.19714214922629,0.19714214922629,0.19714214922629,0.19714214922629,0.19714214922629,
CIMS.CAN.ON.Residential.Dwellings.Building Type.LowMed Density.Vintage.1981-2000 Bldg Code,Service,ON,Residential,1981-2000 Bldg Code,Retrofit Deep,technology,,,,,,,,,,,,,,,,,
CIMS.CAN.ON.Residential.Dwellings.Building Type.LowMed Density.Vintage.1981-2000 Bldg Code,Service,ON,Residential,1981-2000 Bldg Code,Retrofit Deep,available,,,,constant_tech,Year,1981,1981,1981,1981,1981,1981,1981,1981,1981,1981,1981,
CIMS.CAN.ON.Residential.Dwellings.Building Type.LowMed Density.Vintage.1981-2000 Bldg Code,Service,ON,Residential,1981-2000 Bldg Code,Retrofit Deep,unavailable,,,,constant_tech,Year,2101,2101,2101,2101,2101,2101,2101,2101,2101,2101,2101,
CIMS.CAN.ON.Residential.Dwellings.Building Type.LowMed Density.Vintage.1981-2000 Bldg Code,Service,ON,Residential,1981-2000 Bldg Code,Retrofit Deep,lifetime,,,,constant_tech,Years,250,250,250,250,250,250,250,250,250,250,250,
CIMS.CAN.ON.Residential.Dwellings.Building Type.LowMed Density.Vintage.1981-2000 Bldg Code,Service,ON,Residential,1981-2000 Bldg Code,Retrofit Deep,market_share_total,,,,annual_tech,%,0,,,,,,,,,,,
CIMS.CAN.ON.Residential.Dwellings.Building Type.LowMed Density.Vintage.1981-2000 Bldg Code,Service,ON,Residential,1981-2000 Bldg Code,Retrofit Deep,fcc,,,,constant_tech,$,3130,3130,3130,3130,3130,3130,3130,3130,3130,3130,3130,
CIMS.CAN.ON.Residential.Dwellings.Building Type.LowMed Density.Vintage.1981-2000 Bldg Code,Service,ON,Residential,1981-2000 Bldg Code,Retrofit Deep,market_share_new_max,,,,constant_tech,%,0,0,0,0,0,0,0,0,0,0,0,
CIMS.CAN.ON.Residential.Dwellings.Building Type.LowMed Density.Vintage.1981-2000 Bldg Code,Service,ON,Residential,1981-2000 Bldg Code,Retrofit Deep,service_request,,,CIMS.CAN.ON.Residential.Dwellings.Building Type.LowMed Density.Vintage.1981-2000 Bldg Code.Heating (Cold),annual_region_tech,GJ,0.15305638917333,0.1599545290765,0.15146672873926,0.17233818697434,0.14081582087592,0.14081582087592,0.14081582087592,0.14081582087592,0.14081582087592,0.14081582087592,0.14081582087592,
CIMS.CAN.ON.Residential.Dwellings.Building Type.LowMed Density.Vintage.1981-2000 Bldg Code.Heating (Cold),Service,ON,Residential,Heating (Cold),,service_provide,,,,constant_tech,GJ of heat,,,,,,,,,,,,
CIMS.CAN.ON.Residential.Dwellings.Building Type.LowMed Density.Vintage.1981-2000 Bldg Code.Heating (Cold),Service,ON,Residential,Heating (Cold),,competition,Tech Compete,,,,,,,,,,,,,,,,
CIMS.CAN.ON.Residential.Dwellings.Building Type.LowMed Density.Vintage.1981-2000 Bldg Code.Heating (Cold),Service,ON,Residential,Heating (Cold),,discount_rate_financial,,,,constant_tech,%,0.25,0.25,0.25,0.25,0.25,0.25,0.25,0.25,0.25,0.25,0.25,
CIMS.CAN.ON.Residential.Dwellings.Building Type.LowMed Density.Vintage.1981-2000 Bldg Code.Heating (Cold),Service,ON,Residential,Heating (Cold),,inheritance,intercept_retirement,,,constant_tech,,FALSE,FALSE,FALSE,FALSE,FALSE,FALSE,FALSE,FALSE,FALSE,FALSE,FALSE,
CIMS.CAN.ON.Residential.Dwellings.Building Type.LowMed Density.Vintage.1981-2000 Bldg Code.Heating (Cold),Service,ON,Residential,Heating (Cold),,heterogeneity,,,,constant_tech,,10,10,10,10,10,10,10,10,10,10,10,
CIMS.CAN.ON.Residential.Dwellings.Building Type.LowMed Density.Vintage.1981-2000 Bldg Code.Heating (Cold),Service,ON,Residential,Heating (Cold),NG - Existing,technology,,,,,,,,,,,,,,,,,
CIMS.CAN.ON.Residential.Dwellings.Building Type.LowMed Density.Vintage.1981-2000 Bldg Code.Heating (Cold),Service,ON,Residential,Heating (Cold),NG - Existing,available,,,,constant_tech,Year,1950,1950,1950,1950,1950,1950,1950,1950,1950,1950,1950,
CIMS.CAN.ON.Residential.Dwellings.Building Type.LowMed Density.Vintage.1981-2000 Bldg Code.Heating (Cold),Service,ON,Residential,Heating (Cold),NG - Existing,unavailable,,,,constant_tech,Year,2001,2001,2001,2001,2001,2001,2001,2001,2001,2001,2001,
CIMS.CAN.ON.Residential.Dwellings.Building Type.LowMed Density.Vintage.1981-2000 Bldg Code.Heating (Cold),Service,ON,Residential,Heating (Cold),NG - Existing,lifetime,,,,constant_tech,Years,14,14,14,14,14,14,14,14,14,14,14,
CIMS.CAN.ON.Residential.Dwellings.Building Type.LowMed Density.Vintage.1981-2000 Bldg Code.Heating (Cold),Service,ON,Residential,Heating (Cold),NG - Existing,market_share_total,,,,annual_region_tech,%,0.3128768415013,,,,,,,,,,,
CIMS.CAN.ON.Residential.Dwellings.Building Type.LowMed Density.Vintage.1981-2000 Bldg Code.Heating (Cold),Service,ON,Residential,Heating (Cold),NG - Existing,output,,,,constant_tech,node unit,31.399776,31.399776,31.399776,31.399776,31.399776,31.399776,31.399776,31.399776,31.399776,31.399776,31.399776,
CIMS.CAN.ON.Residential.Dwellings.Building Type.LowMed Density.Vintage.1981-2000 Bldg Code.Heating (Cold),Service,ON,Residential,Heating (Cold),NG - Existing,fcc,,,,constant_tech,$,3603.875433,3603.875433,3603.875433,3603.875433,3603.875433,3603.875433,3603.875433,3603.875433,3603.875433,3603.875433,3603.875433,
CIMS.CAN.ON.Residential.Dwellings.Building Type.LowMed Density.Vintage.1981-2000 Bldg Code.Heating (Cold),Service,ON,Residential,Heating (Cold),NG - Existing,fom,,,,constant_tech,$,75.08073818,75.08073818,75.08073818,75.08073818,75.08073818,75.08073818,75.08073818,75.08073818,75.08073818,75.08073818,75.08073818,
CIMS.CAN.ON.Residential.Dwellings.Building Type.LowMed Density.Vintage.1981-2000 Bldg Code.Heating (Cold),Service,ON,Residential,Heating (Cold),NG - Existing,service_request,,,CIMS.CAN.ON.Residential.Methane Blend,annual_tech,GJ,1.6935483873,1.6935483873,1.6935483873,1.6935483873,1.6935483873,1.6935483873,1.6935483873,1.6935483873,1.6935483873,1.6935483873,1.6935483873,
CIMS.CAN.ON.Residential.Dwellings.Building Type.LowMed Density.Vintage.1981-2000 Bldg Code.Heating (Cold),Service,ON,Residential,Heating (Cold),NG - Standard Efficiency,technology,,,,,,,,,,,,,,,,,
CIMS.CAN.ON.Residential.Dwellings.Building Type.LowMed Density.Vintage.1981-2000 Bldg Code.Heating (Cold),Service,ON,Residential,Heating (Cold),NG - Standard Efficiency,available,,,,constant_tech,Year,1990,1990,1990,1990,1990,1990,1990,1990,1990,1990,1990,
CIMS.CAN.ON.Residential.Dwellings.Building Type.LowMed Density.Vintage.1981-2000 Bldg Code.Heating (Cold),Service,ON,Residential,Heating (Cold),NG - Standard Efficiency,unavailable,,,,constant_tech,Year,2101,2101,2101,2101,2101,2101,2101,2101,2101,2101,2101,
CIMS.CAN.ON.Residential.Dwellings.Building Type.LowMed Density.Vintage.1981-2000 Bldg Code.Heating (Cold),Service,ON,Residential,Heating (Cold),NG - Standard Efficiency,lifetime,,,,constant_tech,Years,19,19,19,19,19,19,19,19,19,19,19,
CIMS.CAN.ON.Residential.Dwellings.Building Type.LowMed Density.Vintage.1981-2000 Bldg Code.Heating (Cold),Service,ON,Residential,Heating (Cold),NG - Standard Efficiency,market_share_total,,,,annual_region_tech,%,0.19366297256951,,,,,,,,,,,
CIMS.CAN.ON.Residential.Dwellings.Building Type.LowMed Density.Vintage.1981-2000 Bldg Code.Heating (Cold),Service,ON,Residential,Heating (Cold),NG - Standard Efficiency,output,,,,constant_tech,node unit,31.399776,31.399776,31.399776,31.399776,31.399776,31.399776,31.399776,31.399776,31.399776,31.399776,31.399776,
CIMS.CAN.ON.Residential.Dwellings.Building Type.LowMed Density.Vintage.1981-2000 Bldg Code.Heating (Cold),Service,ON,Residential,Heating (Cold),NG - Standard Efficiency,fcc,,,,constant_tech,$,5005.382545,5005.382545,5005.382545,5005.382545,5005.382545,5005.382545,5005.382545,5005.382545,5005.382545,5005.382545,5005.382545,
CIMS.CAN.ON.Residential.Dwellings.Building Type.LowMed Density.Vintage.1981-2000 Bldg Code.Heating (Cold),Service,ON,Residential,Heating (Cold),NG - Standard Efficiency,fom,,,,constant_tech,$,162.6749327,162.6749327,162.6749327,162.6749327,162.6749327,162.6749327,162.6749327,162.6749327,162.6749327,162.6749327,162.6749327,
CIMS.CAN.ON.Residential.Dwellings.Building Type.LowMed Density.Vintage.1981-2000 Bldg Code.Heating (Cold),Service,ON,Residential,Heating (Cold),NG - Standard Efficiency,service_request,,,CIMS.CAN.ON.Residential.Methane Blend,annual_tech,GJ,1.32911392425,1.32911392425,1.32911392425,1.32911392425,1.32911392425,1.32911392425,1.32911392425,1.32911392425,1.32911392425,1.32911392425,1.32911392425,
CIMS.CAN.ON.Residential.Dwellings.Building Type.LowMed Density.Vintage.1981-2000 Bldg Code.Heating (Cold),Service,ON,Residential,Heating (Cold),NG - High Efficiency,technology,,,,,,,,,,,,,,,,,
CIMS.CAN.ON.Residential.Dwellings.Building Type.LowMed Density.Vintage.1981-2000 Bldg Code.Heating (Cold),Service,ON,Residential,Heating (Cold),NG - High Efficiency,available,,,,constant_tech,Year,2000,2000,2000,2000,2000,2000,2000,2000,2000,2000,2000,
CIMS.CAN.ON.Residential.Dwellings.Building Type.LowMed Density.Vintage.1981-2000 Bldg Code.Heating (Cold),Service,ON,Residential,Heating (Cold),NG - High Efficiency,unavailable,,,,constant_tech,Year,2101,2101,2101,2101,2101,2101,2101,2101,2101,2101,2101,
CIMS.CAN.ON.Residential.Dwellings.Building Type.LowMed Density.Vintage.1981-2000 Bldg Code.Heating (Cold),Service,ON,Residential,Heating (Cold),NG - High Efficiency,lifetime,,,,constant_tech,Years,19,19,19,19,19,19,19,19,19,19,19,
CIMS.CAN.ON.Residential.Dwellings.Building Type.LowMed Density.Vintage.1981-2000 Bldg Code.Heating (Cold),Service,ON,Residential,Heating (Cold),NG - High Efficiency,market_share_total,,,,annual_region_tech,%,0.15584419263189,,,,,,,,,,,
CIMS.CAN.ON.Residential.Dwellings.Building Type.LowMed Density.Vintage.1981-2000 Bldg Code.Heating (Cold),Service,ON,Residential,Heating (Cold),NG - High Efficiency,output,,,,constant_tech,node unit,31.399776,31.399776,31.399776,31.399776,31.399776,31.399776,31.399776,31.399776,31.399776,31.399776,31.399776,
CIMS.CAN.ON.Residential.Dwellings.Building Type.LowMed Density.Vintage.1981-2000 Bldg Code.Heating (Cold),Service,ON,Residential,Heating (Cold),NG - High Efficiency,fcc,,,,constant_tech,$,6231.7012692,6231.7012692,6231.7012692,6231.7012692,6231.7012692,6231.7012692,6231.7012692,6231.7012692,6231.7012692,6231.7012692,6231.7012692,
CIMS.CAN.ON.Residential.Dwellings.Building Type.LowMed Density.Vintage.1981-2000 Bldg Code.Heating (Cold),Service,ON,Residential,Heating (Cold),NG - High Efficiency,fom,,,,constant_tech,$,162.6749327,162.6749327,162.6749327,162.6749327,162.6749327,162.6749327,162.6749327,162.6749327,162.6749327,162.6749327,162.6749327,
CIMS.CAN.ON.Residential.Dwellings.Building Type.LowMed Density.Vintage.1981-2000 Bldg Code.Heating (Cold),Service,ON,Residential,Heating (Cold),NG - High Efficiency,service_request,,,CIMS.CAN.ON.Residential.Methane Blend,annual_tech,GJ,1.16666666655,1.16666666655,1.16666666655,1.16666666655,1.16666666655,1.16666666655,1.16666666655,1.16666666655,1.16666666655,1.16666666655,1.16666666655,
CIMS.CAN.ON.Residential.Dwellings.Building Type.LowMed Density.Vintage.1981-2000 Bldg Code.Heating (Cold),Service,ON,Residential,Heating (Cold),NG - ASHP / NG - backup,technology,,,,,,,,,,,,,,,,,
CIMS.CAN.ON.Residential.Dwellings.Building Type.LowMed Density.Vintage.1981-2000 Bldg Code.Heating (Cold),Service,ON,Residential,Heating (Cold),NG - ASHP / NG - backup,available,,,,constant_tech,Year,2000,2000,2000,2000,2000,2000,2000,2000,2000,2000,2000,
CIMS.CAN.ON.Residential.Dwellings.Building Type.LowMed Density.Vintage.1981-2000 Bldg Code.Heating (Cold),Service,ON,Residential,Heating (Cold),NG - ASHP / NG - backup,unavailable,,,,constant_tech,Year,2101,2101,2101,2101,2101,2101,2101,2101,2101,2101,2101,
CIMS.CAN.ON.Residential.Dwellings.Building Type.LowMed Density.Vintage.1981-2000 Bldg Code.Heating (Cold),Service,ON,Residential,Heating (Cold),NG - ASHP / NG - backup,lifetime,,,,constant_tech,Years,15,15,15,15,15,15,15,15,15,15,15,
CIMS.CAN.ON.Residential.Dwellings.Building Type.LowMed Density.Vintage.1981-2000 Bldg Code.Heating (Cold),Service,ON,Residential,Heating (Cold),NG - ASHP / NG - backup,market_share_total,,,,annual_region_tech,%,0,,,,,,,,,,,
CIMS.CAN.ON.Residential.Dwellings.Building Type.LowMed Density.Vintage.1981-2000 Bldg Code.Heating (Cold),Service,ON,Residential,Heating (Cold),NG - ASHP / NG - backup,output,,,,constant_tech,node unit,31.399776,31.399776,31.399776,31.399776,31.399776,31.399776,31.399776,31.399776,31.399776,31.399776,31.399776,
CIMS.CAN.ON.Residential.Dwellings.Building Type.LowMed Density.Vintage.1981-2000 Bldg Code.Heating (Cold),Service,ON,Residential,Heating (Cold),NG - ASHP / NG - backup,fcc,,,,constant_tech,$,20015.27345,20015.27345,20015.27345,20015.27345,20015.27345,20015.27345,20015.27345,20015.27345,20015.27345,20015.27345,20015.27345,
CIMS.CAN.ON.Residential.Dwellings.Building Type.LowMed Density.Vintage.1981-2000 Bldg Code.Heating (Cold),Service,ON,Residential,Heating (Cold),NG - ASHP / NG - backup,fom,,,,constant_tech,$,250.2691273,250.2691273,250.2691273,250.2691273,250.2691273,250.2691273,250.2691273,250.2691273,250.2691273,250.2691273,250.2691273,
CIMS.CAN.ON.Residential.Dwellings.Building Type.LowMed Density.Vintage.1981-2000 Bldg Code.Heating (Cold),Service,ON,Residential,Heating (Cold),NG - ASHP / NG - backup,service_request,,,CIMS.CAN.ON.Residential.Methane Blend,annual_tech,GJ,2.1593627892625,2.1593627892625,2.1593627892625,2.1593627892625,2.1593627892625,2.1593627892625,2.1593627892625,2.1593627892625,2.1593627892625,2.1593627892625,2.1593627892625,
CIMS.CAN.ON.Residential.Dwellings.Building Type.LowMed Density.Vintage.1981-2000 Bldg Code.Heating (Cold),Service,ON,Residential,Heating (Cold),NG - ASHP / NG - backup,service_request,,,CIMS.CAN.ON.Residential.Dwellings.Building Type.LowMed Density.Cooling,annual_tech,GJ of cooling,-0.004568364,-0.004568364,-0.004568364,-0.004568364,-0.004568364,-0.004568364,-0.004568364,-0.004568364,-0.004568364,-0.004568364,-0.004568364,
CIMS.CAN.ON.Residential.Dwellings.Building Type.LowMed Density.Vintage.1981-2000 Bldg Code.Heating (Cold),Service,ON,Residential,Heating (Cold),Electric - Standard Efficiency,technology,,,,,,,,,,,,,,,,,
CIMS.CAN.ON.Residential.Dwellings.Building Type.LowMed Density.Vintage.1981-2000 Bldg Code.Heating (Cold),Service,ON,Residential,Heating (Cold),Electric - Standard Efficiency,available,,,,constant_tech,Year,1950,1950,1950,1950,1950,1950,1950,1950,1950,1950,1950,
CIMS.CAN.ON.Residential.Dwellings.Building Type.LowMed Density.Vintage.1981-2000 Bldg Code.Heating (Cold),Service,ON,Residential,Heating (Cold),Electric - Standard Efficiency,unavailable,,,,constant_tech,Year,2101,2101,2101,2101,2101,2101,2101,2101,2101,2101,2101,
CIMS.CAN.ON.Residential.Dwellings.Building Type.LowMed Density.Vintage.1981-2000 Bldg Code.Heating (Cold),Service,ON,Residential,Heating (Cold),Electric - Standard Efficiency,lifetime,,,,constant_tech,Years,22.5,22.5,22.5,22.5,22.5,22.5,22.5,22.5,22.5,22.5,22.5,
CIMS.CAN.ON.Residential.Dwellings.Building Type.LowMed Density.Vintage.1981-2000 Bldg Code.Heating (Cold),Service,ON,Residential,Heating (Cold),Electric - Standard Efficiency,market_share_total,,,,annual_region_tech,%,0.14058058731015,,,,,,,,,,,
CIMS.CAN.ON.Residential.Dwellings.Building Type.LowMed Density.Vintage.1981-2000 Bldg Code.Heating (Cold),Service,ON,Residential,Heating (Cold),Electric - Standard Efficiency,output,,,,constant_tech,node unit,31.399776,31.399776,31.399776,31.399776,31.399776,31.399776,31.399776,31.399776,31.399776,31.399776,31.399776,
CIMS.CAN.ON.Residential.Dwellings.Building Type.LowMed Density.Vintage.1981-2000 Bldg Code.Heating (Cold),Service,ON,Residential,Heating (Cold),Electric - Standard Efficiency,fcc,,,,constant_tech,$,3822.860919,3822.860919,3822.860919,3822.860919,3822.860919,3822.860919,3822.860919,3822.860919,3822.860919,3822.860919,3822.860919,
CIMS.CAN.ON.Residential.Dwellings.Building Type.LowMed Density.Vintage.1981-2000 Bldg Code.Heating (Cold),Service,ON,Residential,Heating (Cold),Electric - Standard Efficiency,service_request,,,CIMS.CAN.ON.Electricity,annual_tech,GJ,1,1,1,1,1,1,1,1,1,1,1,
CIMS.CAN.ON.Residential.Dwellings.Building Type.LowMed Density.Vintage.1981-2000 Bldg Code.Heating (Cold),Service,ON,Residential,Heating (Cold),Electric - ASHP / NG - backup,technology,,,,,,,,,,,,,,,,,
CIMS.CAN.ON.Residential.Dwellings.Building Type.LowMed Density.Vintage.1981-2000 Bldg Code.Heating (Cold),Service,ON,Residential,Heating (Cold),Electric - ASHP / NG - backup,available,,,,constant_tech,Year,2000,2000,2000,2000,2000,2000,2000,2000,2000,2000,2000,
CIMS.CAN.ON.Residential.Dwellings.Building Type.LowMed Density.Vintage.1981-2000 Bldg Code.Heating (Cold),Service,ON,Residential,Heating (Cold),Electric - ASHP / NG - backup,unavailable,,,,constant_tech,Year,2101,2101,2101,2101,2101,2101,2101,2101,2101,2101,2101,
CIMS.CAN.ON.Residential.Dwellings.Building Type.LowMed Density.Vintage.1981-2000 Bldg Code.Heating (Cold),Service,ON,Residential,Heating (Cold),Electric - ASHP / NG - backup,lifetime,,,,constant_tech,Years,15.5,15.5,15.5,15.5,15.5,15.5,15.5,15.5,15.5,15.5,15.5,
CIMS.CAN.ON.Residential.Dwellings.Building Type.LowMed Density.Vintage.1981-2000 Bldg Code.Heating (Cold),Service,ON,Residential,Heating (Cold),Electric - ASHP / NG - backup,market_share_total,,,,annual_region_tech,%,0.05569472285773,,,,,,,,,,,
CIMS.CAN.ON.Residential.Dwellings.Building Type.LowMed Density.Vintage.1981-2000 Bldg Code.Heating (Cold),Service,ON,Residential,Heating (Cold),Electric - ASHP / NG - backup,output,,,,constant_tech,node unit,31.399776,31.399776,31.399776,31.399776,31.399776,31.399776,31.399776,31.399776,31.399776,31.399776,31.399776,
CIMS.CAN.ON.Residential.Dwellings.Building Type.LowMed Density.Vintage.1981-2000 Bldg Code.Heating (Cold),Service,ON,Residential,Heating (Cold),Electric - ASHP / NG - backup,fcc,,,,constant_tech,$,9647.874856,9647.874856,9647.874856,9647.874856,9647.874856,9647.874856,9647.874856,9647.874856,9647.874856,9647.874856,9647.874856,
CIMS.CAN.ON.Residential.Dwellings.Building Type.LowMed Density.Vintage.1981-2000 Bldg Code.Heating (Cold),Service,ON,Residential,Heating (Cold),Electric - ASHP / NG - backup,fom,,,,constant_tech,$,269.0393118,269.0393118,269.0393118,269.0393118,269.0393118,269.0393118,269.0393118,269.0393118,269.0393118,269.0393118,269.0393118,
CIMS.CAN.ON.Residential.Dwellings.Building Type.LowMed Density.Vintage.1981-2000 Bldg Code.Heating (Cold),Service,ON,Residential,Heating (Cold),Electric - ASHP / NG - backup,service_request,,,CIMS.CAN.ON.Electricity,annual_tech,GJ,0.72747607755,0.72747607755,0.72747607755,0.72747607755,0.72747607755,0.72747607755,0.72747607755,0.72747607755,0.72747607755,0.72747607755,0.72747607755,
CIMS.CAN.ON.Residential.Dwellings.Building Type.LowMed Density.Vintage.1981-2000 Bldg Code.Heating (Cold),Service,ON,Residential,Heating (Cold),Electric - ASHP / NG - backup,service_request,,,CIMS.CAN.ON.Residential.Methane Blend,annual_tech,GJ,0.0583333333275,0.0583333333275,0.0583333333275,0.0583333333275,0.0583333333275,0.0583333333275,0.0583333333275,0.0583333333275,0.0583333333275,0.0583333333275,0.0583333333275,
CIMS.CAN.ON.Residential.Dwellings.Building Type.LowMed Density.Vintage.1981-2000 Bldg Code.Heating (Cold),Service,ON,Residential,Heating (Cold),Electric - ASHP / NG - backup,service_request,,,CIMS.CAN.ON.Residential.Dwellings.Building Type.LowMed Density.Cooling,annual_tech,GJ of cooling,-0.004568364,-0.004568364,-0.004568364,-0.004568364,-0.004568364,-0.004568364,-0.004568364,-0.004568364,-0.004568364,-0.004568364,-0.004568364,
CIMS.CAN.ON.Residential.Dwellings.Building Type.LowMed Density.Vintage.1981-2000 Bldg Code.Heating (Cold),Service,ON,Residential,Heating (Cold),Electric - ASHP / Electric - backup,technology,,,,,,,,,,,,,,,,,
CIMS.CAN.ON.Residential.Dwellings.Building Type.LowMed Density.Vintage.1981-2000 Bldg Code.Heating (Cold),Service,ON,Residential,Heating (Cold),Electric - ASHP / Electric - backup,available,,,,constant_tech,Year,2000,2000,2000,2000,2000,2000,2000,2000,2000,2000,2000,
CIMS.CAN.ON.Residential.Dwellings.Building Type.LowMed Density.Vintage.1981-2000 Bldg Code.Heating (Cold),Service,ON,Residential,Heating (Cold),Electric - ASHP / Electric - backup,unavailable,,,,constant_tech,Year,2101,2101,2101,2101,2101,2101,2101,2101,2101,2101,2101,
CIMS.CAN.ON.Residential.Dwellings.Building Type.LowMed Density.Vintage.1981-2000 Bldg Code.Heating (Cold),Service,ON,Residential,Heating (Cold),Electric - ASHP / Electric - backup,lifetime,,,,constant_tech,Years,15.5,15.5,15.5,15.5,15.5,15.5,15.5,15.5,15.5,15.5,15.5,
CIMS.CAN.ON.Residential.Dwellings.Building Type.LowMed Density.Vintage.1981-2000 Bldg Code.Heating (Cold),Service,ON,Residential,Heating (Cold),Electric - ASHP / Electric - backup,market_share_total,,,,annual_region_tech,%,0,,,,,,,,,,,
CIMS.CAN.ON.Residential.Dwellings.Building Type.LowMed Density.Vintage.1981-2000 Bldg Code.Heating (Cold),Service,ON,Residential,Heating (Cold),Electric - ASHP / Electric - backup,output,,,,constant_tech,node unit,31.399776,31.399776,31.399776,31.399776,31.399776,31.399776,31.399776,31.399776,31.399776,31.399776,31.399776,
CIMS.CAN.ON.Residential.Dwellings.Building Type.LowMed Density.Vintage.1981-2000 Bldg Code.Heating (Cold),Service,ON,Residential,Heating (Cold),Electric - ASHP / Electric - backup,fcc,,,,constant_tech,$,9373.830161,9373.830161,9373.830161,9373.830161,9373.830161,9373.830161,9373.830161,9373.830161,9373.830161,9373.830161,9373.830161,
CIMS.CAN.ON.Residential.Dwellings.Building Type.LowMed Density.Vintage.1981-2000 Bldg Code.Heating (Cold),Service,ON,Residential,Heating (Cold),Electric - ASHP / Electric - backup,fom,,,,constant_tech,$,106.3643791,106.3643791,106.3643791,106.3643791,106.3643791,106.3643791,106.3643791,106.3643791,106.3643791,106.3643791,106.3643791,
CIMS.CAN.ON.Residential.Dwellings.Building Type.LowMed Density.Vintage.1981-2000 Bldg Code.Heating (Cold),Service,ON,Residential,Heating (Cold),Electric - ASHP / Electric - backup,service_request,,,CIMS.CAN.ON.Electricity,annual_tech,GJ,0.77747607755,0.77747607755,0.77747607755,0.77747607755,0.77747607755,0.77747607755,0.77747607755,0.77747607755,0.77747607755,0.77747607755,0.77747607755,
CIMS.CAN.ON.Residential.Dwellings.Building Type.LowMed Density.Vintage.1981-2000 Bldg Code.Heating (Cold),Service,ON,Residential,Heating (Cold),Electric - ASHP / Electric - backup,service_request,,,CIMS.CAN.ON.Residential.Dwellings.Building Type.LowMed Density.Cooling,annual_tech,GJ of cooling,-0.004568364,-0.004568364,-0.004568364,-0.004568364,-0.004568364,-0.004568364,-0.004568364,-0.004568364,-0.004568364,-0.004568364,-0.004568364,
CIMS.CAN.ON.Residential.Dwellings.Building Type.LowMed Density.Vintage.1981-2000 Bldg Code.Heating (Cold),Service,ON,Residential,Heating (Cold),Heating Oil - Existing,technology,,,,,,,,,,,,,,,,,
CIMS.CAN.ON.Residential.Dwellings.Building Type.LowMed Density.Vintage.1981-2000 Bldg Code.Heating (Cold),Service,ON,Residential,Heating (Cold),Heating Oil - Existing,available,,,,constant_tech,Year,1950,1950,1950,1950,1950,1950,1950,1950,1950,1950,1950,
CIMS.CAN.ON.Residential.Dwellings.Building Type.LowMed Density.Vintage.1981-2000 Bldg Code.Heating (Cold),Service,ON,Residential,Heating (Cold),Heating Oil - Existing,unavailable,,,,constant_tech,Year,2001,2001,2001,2001,2001,2001,2001,2001,2001,2001,2001,
CIMS.CAN.ON.Residential.Dwellings.Building Type.LowMed Density.Vintage.1981-2000 Bldg Code.Heating (Cold),Service,ON,Residential,Heating (Cold),Heating Oil - Existing,lifetime,,,,constant_tech,Years,23,23,23,23,23,23,23,23,23,23,23,
CIMS.CAN.ON.Residential.Dwellings.Building Type.LowMed Density.Vintage.1981-2000 Bldg Code.Heating (Cold),Service,ON,Residential,Heating (Cold),Heating Oil - Existing,market_share_total,,,,annual_region_tech,%,0.03196525528046,,,,,,,,,,,
CIMS.CAN.ON.Residential.Dwellings.Building Type.LowMed Density.Vintage.1981-2000 Bldg Code.Heating (Cold),Service,ON,Residential,Heating (Cold),Heating Oil - Existing,output,,,,constant_tech,node unit,31.399776,31.399776,31.399776,31.399776,31.399776,31.399776,31.399776,31.399776,31.399776,31.399776,31.399776,
CIMS.CAN.ON.Residential.Dwellings.Building Type.LowMed Density.Vintage.1981-2000 Bldg Code.Heating (Cold),Service,ON,Residential,Heating (Cold),Heating Oil - Existing,fcc,,,,constant_tech,$,5943.891772,5943.891772,5943.891772,5943.891772,5943.891772,5943.891772,5943.891772,5943.891772,5943.891772,5943.891772,5943.891772,
CIMS.CAN.ON.Residential.Dwellings.Building Type.LowMed Density.Vintage.1981-2000 Bldg Code.Heating (Cold),Service,ON,Residential,Heating (Cold),Heating Oil - Existing,fom,,,,constant_tech,$,100.1076509,100.1076509,100.1076509,100.1076509,100.1076509,100.1076509,100.1076509,100.1076509,100.1076509,100.1076509,100.1076509,
CIMS.CAN.ON.Residential.Dwellings.Building Type.LowMed Density.Vintage.1981-2000 Bldg Code.Heating (Cold),Service,ON,Residential,Heating (Cold),Heating Oil - Existing,service_request,,,CIMS.Generic Fuels.Fuel Oil,annual_tech,GJ,1.666666667,1.666666667,1.666666667,1.666666667,1.666666667,1.666666667,1.666666667,1.666666667,1.666666667,1.666666667,1.666666667,
CIMS.CAN.ON.Residential.Dwellings.Building Type.LowMed Density.Vintage.1981-2000 Bldg Code.Heating (Cold),Service,ON,Residential,Heating (Cold),Heating Oil - High Efficiency,technology,,,,,,,,,,,,,,,,,
CIMS.CAN.ON.Residential.Dwellings.Building Type.LowMed Density.Vintage.1981-2000 Bldg Code.Heating (Cold),Service,ON,Residential,Heating (Cold),Heating Oil - High Efficiency,available,,,,constant_tech,Year,2000,2000,2000,2000,2000,2000,2000,2000,2000,2000,2000,
CIMS.CAN.ON.Residential.Dwellings.Building Type.LowMed Density.Vintage.1981-2000 Bldg Code.Heating (Cold),Service,ON,Residential,Heating (Cold),Heating Oil - High Efficiency,unavailable,,,,constant_tech,Year,2101,2101,2101,2101,2101,2101,2101,2101,2101,2101,2101,
CIMS.CAN.ON.Residential.Dwellings.Building Type.LowMed Density.Vintage.1981-2000 Bldg Code.Heating (Cold),Service,ON,Residential,Heating (Cold),Heating Oil - High Efficiency,lifetime,,,,constant_tech,Years,23,23,23,23,23,23,23,23,23,23,23,
CIMS.CAN.ON.Residential.Dwellings.Building Type.LowMed Density.Vintage.1981-2000 Bldg Code.Heating (Cold),Service,ON,Residential,Heating (Cold),Heating Oil - High Efficiency,market_share_total,,,,annual_region_tech,%,0.0453923557966,,,,,,,,,,,
CIMS.CAN.ON.Residential.Dwellings.Building Type.LowMed Density.Vintage.1981-2000 Bldg Code.Heating (Cold),Service,ON,Residential,Heating (Cold),Heating Oil - High Efficiency,output,,,,constant_tech,node unit,31.399776,31.399776,31.399776,31.399776,31.399776,31.399776,31.399776,31.399776,31.399776,31.399776,31.399776,
CIMS.CAN.ON.Residential.Dwellings.Building Type.LowMed Density.Vintage.1981-2000 Bldg Code.Heating (Cold),Service,ON,Residential,Heating (Cold),Heating Oil - High Efficiency,fcc,,,,constant_tech,$,9541.510477,9541.510477,9541.510477,9541.510477,9541.510477,9541.510477,9541.510477,9541.510477,9541.510477,9541.510477,9541.510477,
CIMS.CAN.ON.Residential.Dwellings.Building Type.LowMed Density.Vintage.1981-2000 Bldg Code.Heating (Cold),Service,ON,Residential,Heating (Cold),Heating Oil - High Efficiency,fom,,,,constant_tech,$,100.1076509,100.1076509,100.1076509,100.1076509,100.1076509,100.1076509,100.1076509,100.1076509,100.1076509,100.1076509,100.1076509,
CIMS.CAN.ON.Residential.Dwellings.Building Type.LowMed Density.Vintage.1981-2000 Bldg Code.Heating (Cold),Service,ON,Residential,Heating (Cold),Heating Oil - High Efficiency,service_request,,,CIMS.Generic Fuels.Fuel Oil,annual_tech,GJ,1.162790698,1.162790698,1.162790698,1.162790698,1.162790698,1.162790698,1.162790698,1.162790698,1.162790698,1.162790698,1.162790698,
CIMS.CAN.ON.Residential.Dwellings.Building Type.LowMed Density.Vintage.1981-2000 Bldg Code.Heating (Cold),Service,ON,Residential,Heating (Cold),Wood,technology,,,,,,,,,,,,,,,,,
CIMS.CAN.ON.Residential.Dwellings.Building Type.LowMed Density.Vintage.1981-2000 Bldg Code.Heating (Cold),Service,ON,Residential,Heating (Cold),Wood,available,,,,constant_tech,Year,1950,1950,1950,1950,1950,1950,1950,1950,1950,1950,1950,
CIMS.CAN.ON.Residential.Dwellings.Building Type.LowMed Density.Vintage.1981-2000 Bldg Code.Heating (Cold),Service,ON,Residential,Heating (Cold),Wood,unavailable,,,,constant_tech,Year,2101,2101,2101,2101,2101,2101,2101,2101,2101,2101,2101,
CIMS.CAN.ON.Residential.Dwellings.Building Type.LowMed Density.Vintage.1981-2000 Bldg Code.Heating (Cold),Service,ON,Residential,Heating (Cold),Wood,lifetime,,,,constant_tech,Years,18.5,18.5,18.5,18.5,18.5,18.5,18.5,18.5,18.5,18.5,18.5,
CIMS.CAN.ON.Residential.Dwellings.Building Type.LowMed Density.Vintage.1981-2000 Bldg Code.Heating (Cold),Service,ON,Residential,Heating (Cold),Wood,market_share_total,,,,annual_region_tech,%,0.06398307205236,,,,,,,,,,,
CIMS.CAN.ON.Residential.Dwellings.Building Type.LowMed Density.Vintage.1981-2000 Bldg Code.Heating (Cold),Service,ON,Residential,Heating (Cold),Wood,output,,,,constant_tech,node unit,31.399776,31.399776,31.399776,31.399776,31.399776,31.399776,31.399776,31.399776,31.399776,31.399776,31.399776,
CIMS.CAN.ON.Residential.Dwellings.Building Type.LowMed Density.Vintage.1981-2000 Bldg Code.Heating (Cold),Service,ON,Residential,Heating (Cold),Wood,fcc,,,,constant_tech,$,8000.269768,8000.269768,8000.269768,8000.269768,8000.269768,8000.269768,8000.269768,8000.269768,8000.269768,8000.269768,8000.269768,
CIMS.CAN.ON.Residential.Dwellings.Building Type.LowMed Density.Vintage.1981-2000 Bldg Code.Heating (Cold),Service,ON,Residential,Heating (Cold),Wood,fom,,,,constant_tech,$,250.2691273,250.2691273,250.2691273,250.2691273,250.2691273,250.2691273,250.2691273,250.2691273,250.2691273,250.2691273,250.2691273,
CIMS.CAN.ON.Residential.Dwellings.Building Type.LowMed Density.Vintage.1981-2000 Bldg Code.Heating (Cold),Service,ON,Residential,Heating (Cold),Wood,service_request,,,CIMS.Generic Fuels.Solid Biomass,annual_tech,GJ,2,2,2,2,2,2,2,2,2,2,2,
CIMS.CAN.ON.Residential.Dwellings.Building Type.LowMed Density.Vintage.2001-2020 Bldg Code,Service,ON,Residential,2001-2020 Bldg Code,,service_provide,,,,constant_tech,m2,,,,,,,,,,,,
CIMS.CAN.ON.Residential.Dwellings.Building Type.LowMed Density.Vintage.2001-2020 Bldg Code,Service,ON,Residential,2001-2020 Bldg Code,,competition,Tech Compete,,,,,,,,,,,,,,,,
CIMS.CAN.ON.Residential.Dwellings.Building Type.LowMed Density.Vintage.2001-2020 Bldg Code,Service,ON,Residential,2001-2020 Bldg Code,,discount_rate_financial,,,,constant_tech,%,0.25,0.25,0.25,0.25,0.25,0.25,0.25,0.25,0.25,0.25,0.25,
CIMS.CAN.ON.Residential.Dwellings.Building Type.LowMed Density.Vintage.2001-2020 Bldg Code,Service,ON,Residential,2001-2020 Bldg Code,,heterogeneity,,,,constant_tech,,10,10,10,10,10,10,10,10,10,10,10,
CIMS.CAN.ON.Residential.Dwellings.Building Type.LowMed Density.Vintage.2001-2020 Bldg Code,Service,ON,Residential,2001-2020 Bldg Code,Reference,technology,,,,,,,,,,,,,,,,,
CIMS.CAN.ON.Residential.Dwellings.Building Type.LowMed Density.Vintage.2001-2020 Bldg Code,Service,ON,Residential,2001-2020 Bldg Code,Reference,available,,,,constant_tech,Year,2001,2001,2001,2001,2001,2001,2001,2001,2001,2001,2001,
CIMS.CAN.ON.Residential.Dwellings.Building Type.LowMed Density.Vintage.2001-2020 Bldg Code,Service,ON,Residential,2001-2020 Bldg Code,Reference,unavailable,,,,constant_tech,Year,2021,2021,2021,2021,2021,2021,2021,2021,2021,2021,2021,
CIMS.CAN.ON.Residential.Dwellings.Building Type.LowMed Density.Vintage.2001-2020 Bldg Code,Service,ON,Residential,2001-2020 Bldg Code,Reference,lifetime,,,,constant_tech,Years,65,65,65,65,65,65,65,65,65,65,65,
CIMS.CAN.ON.Residential.Dwellings.Building Type.LowMed Density.Vintage.2001-2020 Bldg Code,Service,ON,Residential,2001-2020 Bldg Code,Reference,market_share_total,,,,annual_tech,%,1,,,,,,,,,,,
CIMS.CAN.ON.Residential.Dwellings.Building Type.LowMed Density.Vintage.2001-2020 Bldg Code,Service,ON,Residential,2001-2020 Bldg Code,Reference,service_request,,,CIMS.CAN.ON.Residential.Dwellings.Building Type.LowMed Density.Vintage.2001-2020 Bldg Code.Heating (Cold),annual_region_tech,GJ,0.23194532295349,0.26582489130921,0.24336058520161,0.27221766755311,0.21472160268919,0.21472160268919,0.21472160268919,0.21472160268919,0.21472160268919,0.21472160268919,0.21472160268919,
CIMS.CAN.ON.Residential.Dwellings.Building Type.LowMed Density.Vintage.2001-2020 Bldg Code,Service,ON,Residential,2001-2020 Bldg Code,Retrofit Average,technology,,,,,,,,,,,,,,,,,
CIMS.CAN.ON.Residential.Dwellings.Building Type.LowMed Density.Vintage.2001-2020 Bldg Code,Service,ON,Residential,2001-2020 Bldg Code,Retrofit Average,available,,,,constant_tech,Year,2001,2001,2001,2001,2001,2001,2001,2001,2001,2001,2001,
CIMS.CAN.ON.Residential.Dwellings.Building Type.LowMed Density.Vintage.2001-2020 Bldg Code,Service,ON,Residential,2001-2020 Bldg Code,Retrofit Average,unavailable,,,,constant_tech,Year,2101,2101,2101,2101,2101,2101,2101,2101,2101,2101,2101,
CIMS.CAN.ON.Residential.Dwellings.Building Type.LowMed Density.Vintage.2001-2020 Bldg Code,Service,ON,Residential,2001-2020 Bldg Code,Retrofit Average,lifetime,,,,constant_tech,Years,65,65,65,65,65,65,65,65,65,65,65,
CIMS.CAN.ON.Residential.Dwellings.Building Type.LowMed Density.Vintage.2001-2020 Bldg Code,Service,ON,Residential,2001-2020 Bldg Code,Retrofit Average,market_share_total,,,,annual_tech,%,0,,,,,,,,,,,
CIMS.CAN.ON.Residential.Dwellings.Building Type.LowMed Density.Vintage.2001-2020 Bldg Code,Service,ON,Residential,2001-2020 Bldg Code,Retrofit Average,fcc,,,,constant_tech,$,1565,1565,1565,1565,1565,1565,1565,1565,1565,1565,1565,
CIMS.CAN.ON.Residential.Dwellings.Building Type.LowMed Density.Vintage.2001-2020 Bldg Code,Service,ON,Residential,2001-2020 Bldg Code,Retrofit Average,market_share_new_max,,,,constant_tech,%,0,0,0,0,0,0,0,0,0,0,0,
CIMS.CAN.ON.Residential.Dwellings.Building Type.LowMed Density.Vintage.2001-2020 Bldg Code,Service,ON,Residential,2001-2020 Bldg Code,Retrofit Average,service_request,,,CIMS.CAN.ON.Residential.Dwellings.Building Type.LowMed Density.Vintage.2001-2020 Bldg Code.Heating (Cold),annual_region_tech,GJ,0.16236172606744,0.18607742391645,0.17035240964113,0.19055236728717,0.15030512188243,0.15030512188243,0.15030512188243,0.15030512188243,0.15030512188243,0.15030512188243,0.15030512188243,
CIMS.CAN.ON.Residential.Dwellings.Building Type.LowMed Density.Vintage.2001-2020 Bldg Code,Service,ON,Residential,2001-2020 Bldg Code,Retrofit Deep,technology,,,,,,,,,,,,,,,,,
CIMS.CAN.ON.Residential.Dwellings.Building Type.LowMed Density.Vintage.2001-2020 Bldg Code,Service,ON,Residential,2001-2020 Bldg Code,Retrofit Deep,available,,,,constant_tech,Year,2001,2001,2001,2001,2001,2001,2001,2001,2001,2001,2001,
CIMS.CAN.ON.Residential.Dwellings.Building Type.LowMed Density.Vintage.2001-2020 Bldg Code,Service,ON,Residential,2001-2020 Bldg Code,Retrofit Deep,unavailable,,,,constant_tech,Year,2101,2101,2101,2101,2101,2101,2101,2101,2101,2101,2101,
CIMS.CAN.ON.Residential.Dwellings.Building Type.LowMed Density.Vintage.2001-2020 Bldg Code,Service,ON,Residential,2001-2020 Bldg Code,Retrofit Deep,lifetime,,,,constant_tech,Years,65,65,65,65,65,65,65,65,65,65,65,
CIMS.CAN.ON.Residential.Dwellings.Building Type.LowMed Density.Vintage.2001-2020 Bldg Code,Service,ON,Residential,2001-2020 Bldg Code,Retrofit Deep,market_share_total,,,,annual_tech,%,0,,,,,,,,,,,
CIMS.CAN.ON.Residential.Dwellings.Building Type.LowMed Density.Vintage.2001-2020 Bldg Code,Service,ON,Residential,2001-2020 Bldg Code,Retrofit Deep,fcc,,,,constant_tech,$,3130,3130,3130,3130,3130,3130,3130,3130,3130,3130,3130,
CIMS.CAN.ON.Residential.Dwellings.Building Type.LowMed Density.Vintage.2001-2020 Bldg Code,Service,ON,Residential,2001-2020 Bldg Code,Retrofit Deep,market_share_new_max,,,,constant_tech,%,0,0,0,0,0,0,0,0,0,0,0,
CIMS.CAN.ON.Residential.Dwellings.Building Type.LowMed Density.Vintage.2001-2020 Bldg Code,Service,ON,Residential,2001-2020 Bldg Code,Retrofit Deep,service_request,,,CIMS.CAN.ON.Residential.Dwellings.Building Type.LowMed Density.Vintage.2001-2020 Bldg Code.Heating (Cold),annual_region_tech,GJ,0.11597266147675,0.13291244565461,0.1216802926008,0.13610883377655,0.1073608013446,0.1073608013446,0.1073608013446,0.1073608013446,0.1073608013446,0.1073608013446,0.1073608013446,
CIMS.CAN.ON.Residential.Dwellings.Building Type.LowMed Density.Vintage.2001-2020 Bldg Code.Heating (Cold),Service,ON,Residential,Heating (Cold),,service_provide,,,,constant_tech,GJ of heat,,,,,,,,,,,,
CIMS.CAN.ON.Residential.Dwellings.Building Type.LowMed Density.Vintage.2001-2020 Bldg Code.Heating (Cold),Service,ON,Residential,Heating (Cold),,competition,Tech Compete,,,,,,,,,,,,,,,,
CIMS.CAN.ON.Residential.Dwellings.Building Type.LowMed Density.Vintage.2001-2020 Bldg Code.Heating (Cold),Service,ON,Residential,Heating (Cold),,discount_rate_financial,,,,constant_tech,%,0.25,0.25,0.25,0.25,0.25,0.25,0.25,0.25,0.25,0.25,0.25,
CIMS.CAN.ON.Residential.Dwellings.Building Type.LowMed Density.Vintage.2001-2020 Bldg Code.Heating (Cold),Service,ON,Residential,Heating (Cold),,inheritance,intercept_retirement,,,constant_tech,,FALSE,FALSE,FALSE,FALSE,FALSE,FALSE,FALSE,FALSE,FALSE,FALSE,FALSE,
CIMS.CAN.ON.Residential.Dwellings.Building Type.LowMed Density.Vintage.2001-2020 Bldg Code.Heating (Cold),Service,ON,Residential,Heating (Cold),,heterogeneity,,,,constant_tech,,10,10,10,10,10,10,10,10,10,10,10,
CIMS.CAN.ON.Residential.Dwellings.Building Type.LowMed Density.Vintage.2001-2020 Bldg Code.Heating (Cold),Service,ON,Residential,Heating (Cold),NG - Standard Efficiency,technology,,,,,,,,,,,,,,,,,
CIMS.CAN.ON.Residential.Dwellings.Building Type.LowMed Density.Vintage.2001-2020 Bldg Code.Heating (Cold),Service,ON,Residential,Heating (Cold),NG - Standard Efficiency,available,,,,constant_tech,Year,1990,1990,1990,1990,1990,1990,1990,1990,1990,1990,1990,
CIMS.CAN.ON.Residential.Dwellings.Building Type.LowMed Density.Vintage.2001-2020 Bldg Code.Heating (Cold),Service,ON,Residential,Heating (Cold),NG - Standard Efficiency,unavailable,,,,constant_tech,Year,2101,2101,2101,2101,2101,2101,2101,2101,2101,2101,2101,
CIMS.CAN.ON.Residential.Dwellings.Building Type.LowMed Density.Vintage.2001-2020 Bldg Code.Heating (Cold),Service,ON,Residential,Heating (Cold),NG - Standard Efficiency,lifetime,,,,constant_tech,Years,19,19,19,19,19,19,19,19,19,19,19,
CIMS.CAN.ON.Residential.Dwellings.Building Type.LowMed Density.Vintage.2001-2020 Bldg Code.Heating (Cold),Service,ON,Residential,Heating (Cold),NG - Standard Efficiency,market_share_total,,,,annual_tech,%,1,,,,,,,,,,,
CIMS.CAN.ON.Residential.Dwellings.Building Type.LowMed Density.Vintage.2001-2020 Bldg Code.Heating (Cold),Service,ON,Residential,Heating (Cold),NG - Standard Efficiency,output,,,,constant_tech,node unit,31.399776,31.399776,31.399776,31.399776,31.399776,31.399776,31.399776,31.399776,31.399776,31.399776,31.399776,
CIMS.CAN.ON.Residential.Dwellings.Building Type.LowMed Density.Vintage.2001-2020 Bldg Code.Heating (Cold),Service,ON,Residential,Heating (Cold),NG - Standard Efficiency,fcc,,,,constant_tech,$,5005.382545,5005.382545,5005.382545,5005.382545,5005.382545,5005.382545,5005.382545,5005.382545,5005.382545,5005.382545,5005.382545,
CIMS.CAN.ON.Residential.Dwellings.Building Type.LowMed Density.Vintage.2001-2020 Bldg Code.Heating (Cold),Service,ON,Residential,Heating (Cold),NG - Standard Efficiency,fom,,,,constant_tech,$,162.6749327,162.6749327,162.6749327,162.6749327,162.6749327,162.6749327,162.6749327,162.6749327,162.6749327,162.6749327,162.6749327,
CIMS.CAN.ON.Residential.Dwellings.Building Type.LowMed Density.Vintage.2001-2020 Bldg Code.Heating (Cold),Service,ON,Residential,Heating (Cold),NG - Standard Efficiency,service_request,,,CIMS.CAN.ON.Residential.Methane Blend,annual_tech,GJ,1.32911392425,1.32911392425,1.32911392425,1.32911392425,1.32911392425,1.32911392425,1.32911392425,1.32911392425,1.32911392425,1.32911392425,1.32911392425,
CIMS.CAN.ON.Residential.Dwellings.Building Type.LowMed Density.Vintage.2001-2020 Bldg Code.Heating (Cold),Service,ON,Residential,Heating (Cold),NG - High Efficiency,technology,,,,,,,,,,,,,,,,,
CIMS.CAN.ON.Residential.Dwellings.Building Type.LowMed Density.Vintage.2001-2020 Bldg Code.Heating (Cold),Service,ON,Residential,Heating (Cold),NG - High Efficiency,available,,,,constant_tech,Year,2000,2000,2000,2000,2000,2000,2000,2000,2000,2000,2000,
CIMS.CAN.ON.Residential.Dwellings.Building Type.LowMed Density.Vintage.2001-2020 Bldg Code.Heating (Cold),Service,ON,Residential,Heating (Cold),NG - High Efficiency,unavailable,,,,constant_tech,Year,2101,2101,2101,2101,2101,2101,2101,2101,2101,2101,2101,
CIMS.CAN.ON.Residential.Dwellings.Building Type.LowMed Density.Vintage.2001-2020 Bldg Code.Heating (Cold),Service,ON,Residential,Heating (Cold),NG - High Efficiency,lifetime,,,,constant_tech,Years,19,19,19,19,19,19,19,19,19,19,19,
CIMS.CAN.ON.Residential.Dwellings.Building Type.LowMed Density.Vintage.2001-2020 Bldg Code.Heating (Cold),Service,ON,Residential,Heating (Cold),NG - High Efficiency,market_share_total,,,,annual_tech,%,0,,,,,,,,,,,
CIMS.CAN.ON.Residential.Dwellings.Building Type.LowMed Density.Vintage.2001-2020 Bldg Code.Heating (Cold),Service,ON,Residential,Heating (Cold),NG - High Efficiency,output,,,,constant_tech,node unit,31.399776,31.399776,31.399776,31.399776,31.399776,31.399776,31.399776,31.399776,31.399776,31.399776,31.399776,
CIMS.CAN.ON.Residential.Dwellings.Building Type.LowMed Density.Vintage.2001-2020 Bldg Code.Heating (Cold),Service,ON,Residential,Heating (Cold),NG - High Efficiency,fcc,,,,constant_tech,$,6231.7012692,6231.7012692,6231.7012692,6231.7012692,6231.7012692,6231.7012692,6231.7012692,6231.7012692,6231.7012692,6231.7012692,6231.7012692,
CIMS.CAN.ON.Residential.Dwellings.Building Type.LowMed Density.Vintage.2001-2020 Bldg Code.Heating (Cold),Service,ON,Residential,Heating (Cold),NG - High Efficiency,fom,,,,constant_tech,$,162.6749327,162.6749327,162.6749327,162.6749327,162.6749327,162.6749327,162.6749327,162.6749327,162.6749327,162.6749327,162.6749327,
CIMS.CAN.ON.Residential.Dwellings.Building Type.LowMed Density.Vintage.2001-2020 Bldg Code.Heating (Cold),Service,ON,Residential,Heating (Cold),NG - High Efficiency,service_request,,,CIMS.CAN.ON.Residential.Methane Blend,annual_tech,GJ,1.16666666655,1.16666666655,1.16666666655,1.16666666655,1.16666666655,1.16666666655,1.16666666655,1.16666666655,1.16666666655,1.16666666655,1.16666666655,
CIMS.CAN.ON.Residential.Dwellings.Building Type.LowMed Density.Vintage.2001-2020 Bldg Code.Heating (Cold),Service,ON,Residential,Heating (Cold),NG - ASHP / NG - backup,technology,,,,,,,,,,,,,,,,,
CIMS.CAN.ON.Residential.Dwellings.Building Type.LowMed Density.Vintage.2001-2020 Bldg Code.Heating (Cold),Service,ON,Residential,Heating (Cold),NG - ASHP / NG - backup,available,,,,constant_tech,Year,2000,2000,2000,2000,2000,2000,2000,2000,2000,2000,2000,
CIMS.CAN.ON.Residential.Dwellings.Building Type.LowMed Density.Vintage.2001-2020 Bldg Code.Heating (Cold),Service,ON,Residential,Heating (Cold),NG - ASHP / NG - backup,unavailable,,,,constant_tech,Year,2101,2101,2101,2101,2101,2101,2101,2101,2101,2101,2101,
CIMS.CAN.ON.Residential.Dwellings.Building Type.LowMed Density.Vintage.2001-2020 Bldg Code.Heating (Cold),Service,ON,Residential,Heating (Cold),NG - ASHP / NG - backup,lifetime,,,,constant_tech,Years,15,15,15,15,15,15,15,15,15,15,15,
CIMS.CAN.ON.Residential.Dwellings.Building Type.LowMed Density.Vintage.2001-2020 Bldg Code.Heating (Cold),Service,ON,Residential,Heating (Cold),NG - ASHP / NG - backup,market_share_total,,,,annual_tech,%,0,,,,,,,,,,,
CIMS.CAN.ON.Residential.Dwellings.Building Type.LowMed Density.Vintage.2001-2020 Bldg Code.Heating (Cold),Service,ON,Residential,Heating (Cold),NG - ASHP / NG - backup,output,,,,constant_tech,node unit,31.399776,31.399776,31.399776,31.399776,31.399776,31.399776,31.399776,31.399776,31.399776,31.399776,31.399776,
CIMS.CAN.ON.Residential.Dwellings.Building Type.LowMed Density.Vintage.2001-2020 Bldg Code.Heating (Cold),Service,ON,Residential,Heating (Cold),NG - ASHP / NG - backup,fcc,,,,constant_tech,$,20015.27345,20015.27345,20015.27345,20015.27345,20015.27345,20015.27345,20015.27345,20015.27345,20015.27345,20015.27345,20015.27345,
CIMS.CAN.ON.Residential.Dwellings.Building Type.LowMed Density.Vintage.2001-2020 Bldg Code.Heating (Cold),Service,ON,Residential,Heating (Cold),NG - ASHP / NG - backup,fom,,,,constant_tech,$,250.2691273,250.2691273,250.2691273,250.2691273,250.2691273,250.2691273,250.2691273,250.2691273,250.2691273,250.2691273,250.2691273,
CIMS.CAN.ON.Residential.Dwellings.Building Type.LowMed Density.Vintage.2001-2020 Bldg Code.Heating (Cold),Service,ON,Residential,Heating (Cold),NG - ASHP / NG - backup,service_request,,,CIMS.CAN.ON.Residential.Methane Blend,annual_tech,GJ,2.1593627892625,2.1593627892625,2.1593627892625,2.1593627892625,2.1593627892625,2.1593627892625,2.1593627892625,2.1593627892625,2.1593627892625,2.1593627892625,2.1593627892625,
CIMS.CAN.ON.Residential.Dwellings.Building Type.LowMed Density.Vintage.2001-2020 Bldg Code.Heating (Cold),Service,ON,Residential,Heating (Cold),NG - ASHP / NG - backup,service_request,,,CIMS.CAN.ON.Residential.Dwellings.Building Type.LowMed Density.Cooling,annual_tech,GJ of cooling,-0.004568364,-0.004568364,-0.004568364,-0.004568364,-0.004568364,-0.004568364,-0.004568364,-0.004568364,-0.004568364,-0.004568364,-0.004568364,
CIMS.CAN.ON.Residential.Dwellings.Building Type.LowMed Density.Vintage.2001-2020 Bldg Code.Heating (Cold),Service,ON,Residential,Heating (Cold),Electric - Standard Efficiency,technology,,,,,,,,,,,,,,,,,
CIMS.CAN.ON.Residential.Dwellings.Building Type.LowMed Density.Vintage.2001-2020 Bldg Code.Heating (Cold),Service,ON,Residential,Heating (Cold),Electric - Standard Efficiency,available,,,,constant_tech,Year,1950,1950,1950,1950,1950,1950,1950,1950,1950,1950,1950,
CIMS.CAN.ON.Residential.Dwellings.Building Type.LowMed Density.Vintage.2001-2020 Bldg Code.Heating (Cold),Service,ON,Residential,Heating (Cold),Electric - Standard Efficiency,unavailable,,,,constant_tech,Year,2101,2101,2101,2101,2101,2101,2101,2101,2101,2101,2101,
CIMS.CAN.ON.Residential.Dwellings.Building Type.LowMed Density.Vintage.2001-2020 Bldg Code.Heating (Cold),Service,ON,Residential,Heating (Cold),Electric - Standard Efficiency,lifetime,,,,constant_tech,Years,22.5,22.5,22.5,22.5,22.5,22.5,22.5,22.5,22.5,22.5,22.5,
CIMS.CAN.ON.Residential.Dwellings.Building Type.LowMed Density.Vintage.2001-2020 Bldg Code.Heating (Cold),Service,ON,Residential,Heating (Cold),Electric - Standard Efficiency,market_share_total,,,,annual_tech,%,0,,,,,,,,,,,
CIMS.CAN.ON.Residential.Dwellings.Building Type.LowMed Density.Vintage.2001-2020 Bldg Code.Heating (Cold),Service,ON,Residential,Heating (Cold),Electric - Standard Efficiency,output,,,,constant_tech,node unit,31.399776,31.399776,31.399776,31.399776,31.399776,31.399776,31.399776,31.399776,31.399776,31.399776,31.399776,
CIMS.CAN.ON.Residential.Dwellings.Building Type.LowMed Density.Vintage.2001-2020 Bldg Code.Heating (Cold),Service,ON,Residential,Heating (Cold),Electric - Standard Efficiency,fcc,,,,constant_tech,$,3822.860919,3822.860919,3822.860919,3822.860919,3822.860919,3822.860919,3822.860919,3822.860919,3822.860919,3822.860919,3822.860919,
CIMS.CAN.ON.Residential.Dwellings.Building Type.LowMed Density.Vintage.2001-2020 Bldg Code.Heating (Cold),Service,ON,Residential,Heating (Cold),Electric - Standard Efficiency,service_request,,,CIMS.CAN.ON.Electricity,annual_tech,GJ,1,1,1,1,1,1,1,1,1,1,1,
CIMS.CAN.ON.Residential.Dwellings.Building Type.LowMed Density.Vintage.2001-2020 Bldg Code.Heating (Cold),Service,ON,Residential,Heating (Cold),Electric - ASHP / NG - backup,technology,,,,,,,,,,,,,,,,,
CIMS.CAN.ON.Residential.Dwellings.Building Type.LowMed Density.Vintage.2001-2020 Bldg Code.Heating (Cold),Service,ON,Residential,Heating (Cold),Electric - ASHP / NG - backup,available,,,,constant_tech,Year,2000,2000,2000,2000,2000,2000,2000,2000,2000,2000,2000,
CIMS.CAN.ON.Residential.Dwellings.Building Type.LowMed Density.Vintage.2001-2020 Bldg Code.Heating (Cold),Service,ON,Residential,Heating (Cold),Electric - ASHP / NG - backup,unavailable,,,,constant_tech,Year,2101,2101,2101,2101,2101,2101,2101,2101,2101,2101,2101,
CIMS.CAN.ON.Residential.Dwellings.Building Type.LowMed Density.Vintage.2001-2020 Bldg Code.Heating (Cold),Service,ON,Residential,Heating (Cold),Electric - ASHP / NG - backup,lifetime,,,,constant_tech,Years,15.5,15.5,15.5,15.5,15.5,15.5,15.5,15.5,15.5,15.5,15.5,
CIMS.CAN.ON.Residential.Dwellings.Building Type.LowMed Density.Vintage.2001-2020 Bldg Code.Heating (Cold),Service,ON,Residential,Heating (Cold),Electric - ASHP / NG - backup,market_share_total,,,,annual_tech,%,0,,,,,,,,,,,
CIMS.CAN.ON.Residential.Dwellings.Building Type.LowMed Density.Vintage.2001-2020 Bldg Code.Heating (Cold),Service,ON,Residential,Heating (Cold),Electric - ASHP / NG - backup,output,,,,constant_tech,node unit,31.399776,31.399776,31.399776,31.399776,31.399776,31.399776,31.399776,31.399776,31.399776,31.399776,31.399776,
CIMS.CAN.ON.Residential.Dwellings.Building Type.LowMed Density.Vintage.2001-2020 Bldg Code.Heating (Cold),Service,ON,Residential,Heating (Cold),Electric - ASHP / NG - backup,fcc,,,,constant_tech,$,9647.874856,9647.874856,9647.874856,9647.874856,9647.874856,9647.874856,9647.874856,9647.874856,9647.874856,9647.874856,9647.874856,
CIMS.CAN.ON.Residential.Dwellings.Building Type.LowMed Density.Vintage.2001-2020 Bldg Code.Heating (Cold),Service,ON,Residential,Heating (Cold),Electric - ASHP / NG - backup,fom,,,,constant_tech,$,269.0393118,269.0393118,269.0393118,269.0393118,269.0393118,269.0393118,269.0393118,269.0393118,269.0393118,269.0393118,269.0393118,
CIMS.CAN.ON.Residential.Dwellings.Building Type.LowMed Density.Vintage.2001-2020 Bldg Code.Heating (Cold),Service,ON,Residential,Heating (Cold),Electric - ASHP / NG - backup,service_request,,,CIMS.CAN.ON.Electricity,annual_tech,GJ,0.72747607755,0.72747607755,0.72747607755,0.72747607755,0.72747607755,0.72747607755,0.72747607755,0.72747607755,0.72747607755,0.72747607755,0.72747607755,
CIMS.CAN.ON.Residential.Dwellings.Building Type.LowMed Density.Vintage.2001-2020 Bldg Code.Heating (Cold),Service,ON,Residential,Heating (Cold),Electric - ASHP / NG - backup,service_request,,,CIMS.CAN.ON.Residential.Methane Blend,annual_tech,GJ,0.0583333333275,0.0583333333275,0.0583333333275,0.0583333333275,0.0583333333275,0.0583333333275,0.0583333333275,0.0583333333275,0.0583333333275,0.0583333333275,0.0583333333275,
CIMS.CAN.ON.Residential.Dwellings.Building Type.LowMed Density.Vintage.2001-2020 Bldg Code.Heating (Cold),Service,ON,Residential,Heating (Cold),Electric - ASHP / NG - backup,service_request,,,CIMS.CAN.ON.Residential.Dwellings.Building Type.LowMed Density.Cooling,annual_tech,GJ of cooling,-0.004568364,-0.004568364,-0.004568364,-0.004568364,-0.004568364,-0.004568364,-0.004568364,-0.004568364,-0.004568364,-0.004568364,-0.004568364,
CIMS.CAN.ON.Residential.Dwellings.Building Type.LowMed Density.Vintage.2001-2020 Bldg Code.Heating (Cold),Service,ON,Residential,Heating (Cold),Electric - ASHP / Electric - backup,technology,,,,,,,,,,,,,,,,,
CIMS.CAN.ON.Residential.Dwellings.Building Type.LowMed Density.Vintage.2001-2020 Bldg Code.Heating (Cold),Service,ON,Residential,Heating (Cold),Electric - ASHP / Electric - backup,available,,,,constant_tech,Year,2000,2000,2000,2000,2000,2000,2000,2000,2000,2000,2000,
CIMS.CAN.ON.Residential.Dwellings.Building Type.LowMed Density.Vintage.2001-2020 Bldg Code.Heating (Cold),Service,ON,Residential,Heating (Cold),Electric - ASHP / Electric - backup,unavailable,,,,constant_tech,Year,2101,2101,2101,2101,2101,2101,2101,2101,2101,2101,2101,
CIMS.CAN.ON.Residential.Dwellings.Building Type.LowMed Density.Vintage.2001-2020 Bldg Code.Heating (Cold),Service,ON,Residential,Heating (Cold),Electric - ASHP / Electric - backup,lifetime,,,,constant_tech,Years,15.5,15.5,15.5,15.5,15.5,15.5,15.5,15.5,15.5,15.5,15.5,
CIMS.CAN.ON.Residential.Dwellings.Building Type.LowMed Density.Vintage.2001-2020 Bldg Code.Heating (Cold),Service,ON,Residential,Heating (Cold),Electric - ASHP / Electric - backup,market_share_total,,,,annual_tech,%,0,,,,,,,,,,,
CIMS.CAN.ON.Residential.Dwellings.Building Type.LowMed Density.Vintage.2001-2020 Bldg Code.Heating (Cold),Service,ON,Residential,Heating (Cold),Electric - ASHP / Electric - backup,output,,,,constant_tech,node unit,31.399776,31.399776,31.399776,31.399776,31.399776,31.399776,31.399776,31.399776,31.399776,31.399776,31.399776,
CIMS.CAN.ON.Residential.Dwellings.Building Type.LowMed Density.Vintage.2001-2020 Bldg Code.Heating (Cold),Service,ON,Residential,Heating (Cold),Electric - ASHP / Electric - backup,fcc,,,,constant_tech,$,9373.830161,9373.830161,9373.830161,9373.830161,9373.830161,9373.830161,9373.830161,9373.830161,9373.830161,9373.830161,9373.830161,
CIMS.CAN.ON.Residential.Dwellings.Building Type.LowMed Density.Vintage.2001-2020 Bldg Code.Heating (Cold),Service,ON,Residential,Heating (Cold),Electric - ASHP / Electric - backup,fom,,,,constant_tech,$,106.3643791,106.3643791,106.3643791,106.3643791,106.3643791,106.3643791,106.3643791,106.3643791,106.3643791,106.3643791,106.3643791,
CIMS.CAN.ON.Residential.Dwellings.Building Type.LowMed Density.Vintage.2001-2020 Bldg Code.Heating (Cold),Service,ON,Residential,Heating (Cold),Electric - ASHP / Electric - backup,service_request,,,CIMS.CAN.ON.Electricity,annual_tech,GJ,0.77747607755,0.77747607755,0.77747607755,0.77747607755,0.77747607755,0.77747607755,0.77747607755,0.77747607755,0.77747607755,0.77747607755,0.77747607755,
CIMS.CAN.ON.Residential.Dwellings.Building Type.LowMed Density.Vintage.2001-2020 Bldg Code.Heating (Cold),Service,ON,Residential,Heating (Cold),Electric - ASHP / Electric - backup,service_request,,,CIMS.CAN.ON.Residential.Dwellings.Building Type.LowMed Density.Cooling,annual_tech,GJ of cooling,-0.004568364,-0.004568364,-0.004568364,-0.004568364,-0.004568364,-0.004568364,-0.004568364,-0.004568364,-0.004568364,-0.004568364,-0.004568364,
CIMS.CAN.ON.Residential.Dwellings.Building Type.LowMed Density.Vintage.2001-2020 Bldg Code.Heating (Cold),Service,ON,Residential,Heating (Cold),Electric - GSHP,technology,,,,,,,,,,,,,,,,,
CIMS.CAN.ON.Residential.Dwellings.Building Type.LowMed Density.Vintage.2001-2020 Bldg Code.Heating (Cold),Service,ON,Residential,Heating (Cold),Electric - GSHP,available,,,,constant_tech,Year,2000,2000,2000,2000,2000,2000,2000,2000,2000,2000,2000,
CIMS.CAN.ON.Residential.Dwellings.Building Type.LowMed Density.Vintage.2001-2020 Bldg Code.Heating (Cold),Service,ON,Residential,Heating (Cold),Electric - GSHP,unavailable,,,,constant_tech,Year,2101,2101,2101,2101,2101,2101,2101,2101,2101,2101,2101,
CIMS.CAN.ON.Residential.Dwellings.Building Type.LowMed Density.Vintage.2001-2020 Bldg Code.Heating (Cold),Service,ON,Residential,Heating (Cold),Electric - GSHP,lifetime,,,,constant_tech,Years,20,20,20,20,20,20,20,20,20,20,20,
CIMS.CAN.ON.Residential.Dwellings.Building Type.LowMed Density.Vintage.2001-2020 Bldg Code.Heating (Cold),Service,ON,Residential,Heating (Cold),Electric - GSHP,market_share_total,,,,annual_tech,%,0,,,,,,,,,,,
CIMS.CAN.ON.Residential.Dwellings.Building Type.LowMed Density.Vintage.2001-2020 Bldg Code.Heating (Cold),Service,ON,Residential,Heating (Cold),Electric - GSHP,output,,,,constant_tech,node unit,31.399776,31.399776,31.399776,31.399776,31.399776,31.399776,31.399776,31.399776,31.399776,31.399776,31.399776,
CIMS.CAN.ON.Residential.Dwellings.Building Type.LowMed Density.Vintage.2001-2020 Bldg Code.Heating (Cold),Service,ON,Residential,Heating (Cold),Electric - GSHP,fcc,,,,constant_tech,$,23775.56709,23775.56709,23775.56709,23775.56709,23775.56709,23775.56709,23775.56709,23775.56709,23775.56709,23775.56709,23775.56709,
CIMS.CAN.ON.Residential.Dwellings.Building Type.LowMed Density.Vintage.2001-2020 Bldg Code.Heating (Cold),Service,ON,Residential,Heating (Cold),Electric - GSHP,fom,,,,constant_tech,$,112.6211073,112.6211073,112.6211073,112.6211073,112.6211073,112.6211073,112.6211073,112.6211073,112.6211073,112.6211073,112.6211073,
CIMS.CAN.ON.Residential.Dwellings.Building Type.LowMed Density.Vintage.2001-2020 Bldg Code.Heating (Cold),Service,ON,Residential,Heating (Cold),Electric - GSHP,service_request,,,CIMS.CAN.ON.Electricity,annual_tech,GJ,0.486428472,0.486428472,0.486428472,0.486428472,0.486428472,0.486428472,0.486428472,0.486428472,0.486428472,0.486428472,0.486428472,
CIMS.CAN.ON.Residential.Dwellings.Building Type.LowMed Density.Vintage.2001-2020 Bldg Code.Heating (Cold),Service,ON,Residential,Heating (Cold),Electric - GSHP,service_request,,,CIMS.CAN.ON.Residential.Dwellings.Building Type.LowMed Density.Cooling,annual_tech,GJ of cooling,-0.004568364,-0.004568364,-0.004568364,-0.004568364,-0.004568364,-0.004568364,-0.004568364,-0.004568364,-0.004568364,-0.004568364,-0.004568364,
CIMS.CAN.ON.Residential.Dwellings.Building Type.LowMed Density.Vintage.2001-2020 Bldg Code.Heating (Cold),Service,ON,Residential,Heating (Cold),Heating Oil - Standard Efficiency,technology,,,,,,,,,,,,,,,,,
CIMS.CAN.ON.Residential.Dwellings.Building Type.LowMed Density.Vintage.2001-2020 Bldg Code.Heating (Cold),Service,ON,Residential,Heating (Cold),Heating Oil - Standard Efficiency,available,,,,constant_tech,Year,1950,1950,1950,1950,1950,1950,1950,1950,1950,1950,1950,
CIMS.CAN.ON.Residential.Dwellings.Building Type.LowMed Density.Vintage.2001-2020 Bldg Code.Heating (Cold),Service,ON,Residential,Heating (Cold),Heating Oil - Standard Efficiency,unavailable,,,,constant_tech,Year,2021,2021,2021,2021,2021,2021,2021,2021,2021,2021,2021,
CIMS.CAN.ON.Residential.Dwellings.Building Type.LowMed Density.Vintage.2001-2020 Bldg Code.Heating (Cold),Service,ON,Residential,Heating (Cold),Heating Oil - Standard Efficiency,lifetime,,,,constant_tech,Years,23,23,23,23,23,23,23,23,23,23,23,
CIMS.CAN.ON.Residential.Dwellings.Building Type.LowMed Density.Vintage.2001-2020 Bldg Code.Heating (Cold),Service,ON,Residential,Heating (Cold),Heating Oil - Standard Efficiency,market_share_total,,,,annual_tech,%,0,,,,,,,,,,,
CIMS.CAN.ON.Residential.Dwellings.Building Type.LowMed Density.Vintage.2001-2020 Bldg Code.Heating (Cold),Service,ON,Residential,Heating (Cold),Heating Oil - Standard Efficiency,output,,,,constant_tech,node unit,31.399776,31.399776,31.399776,31.399776,31.399776,31.399776,31.399776,31.399776,31.399776,31.399776,31.399776,
CIMS.CAN.ON.Residential.Dwellings.Building Type.LowMed Density.Vintage.2001-2020 Bldg Code.Heating (Cold),Service,ON,Residential,Heating (Cold),Heating Oil - Standard Efficiency,fcc,,,,constant_tech,$,6444.430027,6444.430027,6444.430027,6444.430027,6444.430027,6444.430027,6444.430027,6444.430027,6444.430027,6444.430027,6444.430027,
CIMS.CAN.ON.Residential.Dwellings.Building Type.LowMed Density.Vintage.2001-2020 Bldg Code.Heating (Cold),Service,ON,Residential,Heating (Cold),Heating Oil - Standard Efficiency,fom,,,,constant_tech,$,100.1076509,100.1076509,100.1076509,100.1076509,100.1076509,100.1076509,100.1076509,100.1076509,100.1076509,100.1076509,100.1076509,
CIMS.CAN.ON.Residential.Dwellings.Building Type.LowMed Density.Vintage.2001-2020 Bldg Code.Heating (Cold),Service,ON,Residential,Heating (Cold),Heating Oil - Standard Efficiency,service_request,,,CIMS.Generic Fuels.Fuel Oil,annual_tech,GJ,1.282051282,1.282051282,1.282051282,1.282051282,1.282051282,1.282051282,1.282051282,1.282051282,1.282051282,1.282051282,1.282051282,
CIMS.CAN.ON.Residential.Dwellings.Building Type.LowMed Density.Vintage.2001-2020 Bldg Code.Heating (Cold),Service,ON,Residential,Heating (Cold),Heating Oil - High Efficiency,technology,,,,,,,,,,,,,,,,,
CIMS.CAN.ON.Residential.Dwellings.Building Type.LowMed Density.Vintage.2001-2020 Bldg Code.Heating (Cold),Service,ON,Residential,Heating (Cold),Heating Oil - High Efficiency,available,,,,constant_tech,Year,2000,2000,2000,2000,2000,2000,2000,2000,2000,2000,2000,
CIMS.CAN.ON.Residential.Dwellings.Building Type.LowMed Density.Vintage.2001-2020 Bldg Code.Heating (Cold),Service,ON,Residential,Heating (Cold),Heating Oil - High Efficiency,unavailable,,,,constant_tech,Year,2101,2101,2101,2101,2101,2101,2101,2101,2101,2101,2101,
CIMS.CAN.ON.Residential.Dwellings.Building Type.LowMed Density.Vintage.2001-2020 Bldg Code.Heating (Cold),Service,ON,Residential,Heating (Cold),Heating Oil - High Efficiency,lifetime,,,,constant_tech,Years,23,23,23,23,23,23,23,23,23,23,23,
CIMS.CAN.ON.Residential.Dwellings.Building Type.LowMed Density.Vintage.2001-2020 Bldg Code.Heating (Cold),Service,ON,Residential,Heating (Cold),Heating Oil - High Efficiency,market_share_total,,,,annual_tech,%,0,,,,,,,,,,,
CIMS.CAN.ON.Residential.Dwellings.Building Type.LowMed Density.Vintage.2001-2020 Bldg Code.Heating (Cold),Service,ON,Residential,Heating (Cold),Heating Oil - High Efficiency,output,,,,constant_tech,node unit,31.399776,31.399776,31.399776,31.399776,31.399776,31.399776,31.399776,31.399776,31.399776,31.399776,31.399776,
CIMS.CAN.ON.Residential.Dwellings.Building Type.LowMed Density.Vintage.2001-2020 Bldg Code.Heating (Cold),Service,ON,Residential,Heating (Cold),Heating Oil - High Efficiency,fcc,,,,constant_tech,$,9541.510477,9541.510477,9541.510477,9541.510477,9541.510477,9541.510477,9541.510477,9541.510477,9541.510477,9541.510477,9541.510477,
CIMS.CAN.ON.Residential.Dwellings.Building Type.LowMed Density.Vintage.2001-2020 Bldg Code.Heating (Cold),Service,ON,Residential,Heating (Cold),Heating Oil - High Efficiency,fom,,,,constant_tech,$,100.1076509,100.1076509,100.1076509,100.1076509,100.1076509,100.1076509,100.1076509,100.1076509,100.1076509,100.1076509,100.1076509,
CIMS.CAN.ON.Residential.Dwellings.Building Type.LowMed Density.Vintage.2001-2020 Bldg Code.Heating (Cold),Service,ON,Residential,Heating (Cold),Heating Oil - High Efficiency,service_request,,,CIMS.Generic Fuels.Fuel Oil,annual_tech,GJ,1.162790698,1.162790698,1.162790698,1.162790698,1.162790698,1.162790698,1.162790698,1.162790698,1.162790698,1.162790698,1.162790698,
CIMS.CAN.ON.Residential.Dwellings.Building Type.LowMed Density.Vintage.2001-2020 Bldg Code.Heating (Cold),Service,ON,Residential,Heating (Cold),Wood,technology,,,,,,,,,,,,,,,,,
CIMS.CAN.ON.Residential.Dwellings.Building Type.LowMed Density.Vintage.2001-2020 Bldg Code.Heating (Cold),Service,ON,Residential,Heating (Cold),Wood,available,,,,constant_tech,Year,1950,1950,1950,1950,1950,1950,1950,1950,1950,1950,1950,
CIMS.CAN.ON.Residential.Dwellings.Building Type.LowMed Density.Vintage.2001-2020 Bldg Code.Heating (Cold),Service,ON,Residential,Heating (Cold),Wood,unavailable,,,,constant_tech,Year,2101,2101,2101,2101,2101,2101,2101,2101,2101,2101,2101,
CIMS.CAN.ON.Residential.Dwellings.Building Type.LowMed Density.Vintage.2001-2020 Bldg Code.Heating (Cold),Service,ON,Residential,Heating (Cold),Wood,lifetime,,,,constant_tech,Years,18.5,18.5,18.5,18.5,18.5,18.5,18.5,18.5,18.5,18.5,18.5,
CIMS.CAN.ON.Residential.Dwellings.Building Type.LowMed Density.Vintage.2001-2020 Bldg Code.Heating (Cold),Service,ON,Residential,Heating (Cold),Wood,market_share_total,,,,annual_tech,%,0,,,,,,,,,,,
CIMS.CAN.ON.Residential.Dwellings.Building Type.LowMed Density.Vintage.2001-2020 Bldg Code.Heating (Cold),Service,ON,Residential,Heating (Cold),Wood,output,,,,constant_tech,node unit,31.399776,31.399776,31.399776,31.399776,31.399776,31.399776,31.399776,31.399776,31.399776,31.399776,31.399776,
CIMS.CAN.ON.Residential.Dwellings.Building Type.LowMed Density.Vintage.2001-2020 Bldg Code.Heating (Cold),Service,ON,Residential,Heating (Cold),Wood,fcc,,,,constant_tech,$,8000.269768,8000.269768,8000.269768,8000.269768,8000.269768,8000.269768,8000.269768,8000.269768,8000.269768,8000.269768,8000.269768,
CIMS.CAN.ON.Residential.Dwellings.Building Type.LowMed Density.Vintage.2001-2020 Bldg Code.Heating (Cold),Service,ON,Residential,Heating (Cold),Wood,fom,,,,constant_tech,$,250.2691273,250.2691273,250.2691273,250.2691273,250.2691273,250.2691273,250.2691273,250.2691273,250.2691273,250.2691273,250.2691273,
CIMS.CAN.ON.Residential.Dwellings.Building Type.LowMed Density.Vintage.2001-2020 Bldg Code.Heating (Cold),Service,ON,Residential,Heating (Cold),Wood,service_request,,,CIMS.Generic Fuels.Solid Biomass,annual_tech,GJ,2,2,2,2,2,2,2,2,2,2,2,
CIMS.CAN.ON.Residential.Dwellings.Building Type.LowMed Density.Vintage.2021-2035 Bldg Code,Service,ON,Residential,2021-2035 Bldg Code,,service_provide,,,,constant_tech,m2,,,,,,,,,,,,
CIMS.CAN.ON.Residential.Dwellings.Building Type.LowMed Density.Vintage.2021-2035 Bldg Code,Service,ON,Residential,2021-2035 Bldg Code,,competition,Tech Compete,,,,,,,,,,,,,,,,
CIMS.CAN.ON.Residential.Dwellings.Building Type.LowMed Density.Vintage.2021-2035 Bldg Code,Service,ON,Residential,2021-2035 Bldg Code,,discount_rate_financial,,,,constant_tech,%,0.25,0.25,0.25,0.25,0.25,0.25,0.25,0.25,0.25,0.25,0.25,
CIMS.CAN.ON.Residential.Dwellings.Building Type.LowMed Density.Vintage.2021-2035 Bldg Code,Service,ON,Residential,2021-2035 Bldg Code,,heterogeneity,,,,constant_tech,,10,10,10,10,10,10,10,10,10,10,10,
CIMS.CAN.ON.Residential.Dwellings.Building Type.LowMed Density.Vintage.2021-2035 Bldg Code,Service,ON,Residential,2021-2035 Bldg Code,Reference,technology,,,,,,,,,,,,,,,,,
CIMS.CAN.ON.Residential.Dwellings.Building Type.LowMed Density.Vintage.2021-2035 Bldg Code,Service,ON,Residential,2021-2035 Bldg Code,Reference,available,,,,constant_tech,Year,2021,2021,2021,2021,2021,2021,2021,2021,2021,2021,2021,
CIMS.CAN.ON.Residential.Dwellings.Building Type.LowMed Density.Vintage.2021-2035 Bldg Code,Service,ON,Residential,2021-2035 Bldg Code,Reference,unavailable,,,,constant_tech,Year,2036,2036,2036,2036,2036,2036,2036,2036,2036,2036,2036,
CIMS.CAN.ON.Residential.Dwellings.Building Type.LowMed Density.Vintage.2021-2035 Bldg Code,Service,ON,Residential,2021-2035 Bldg Code,Reference,lifetime,,,,constant_tech,Years,65,65,65,65,65,65,65,65,65,65,65,
CIMS.CAN.ON.Residential.Dwellings.Building Type.LowMed Density.Vintage.2021-2035 Bldg Code,Service,ON,Residential,2021-2035 Bldg Code,Reference,market_share_total,,,,annual_tech,%,1,,,,,,,,,,,
CIMS.CAN.ON.Residential.Dwellings.Building Type.LowMed Density.Vintage.2021-2035 Bldg Code,Service,ON,Residential,2021-2035 Bldg Code,Reference,service_request,,,CIMS.CAN.ON.Residential.Dwellings.Building Type.LowMed Density.Vintage.2021-2035 Bldg Code.Heating (Cold),annual_region_tech,GJ,0.17395899221512,0.19936866848191,0.18252043890121,0.20416325066483,0.16104120201689,0.16104120201689,0.16104120201689,0.16104120201689,0.16104120201689,0.16104120201689,0.16104120201689,
CIMS.CAN.ON.Residential.Dwellings.Building Type.LowMed Density.Vintage.2021-2035 Bldg Code,Service,ON,Residential,2021-2035 Bldg Code,Retrofit Average,technology,,,,,,,,,,,,,,,,,
CIMS.CAN.ON.Residential.Dwellings.Building Type.LowMed Density.Vintage.2021-2035 Bldg Code,Service,ON,Residential,2021-2035 Bldg Code,Retrofit Average,available,,,,constant_tech,Year,2021,2021,2021,2021,2021,2021,2021,2021,2021,2021,2021,
CIMS.CAN.ON.Residential.Dwellings.Building Type.LowMed Density.Vintage.2021-2035 Bldg Code,Service,ON,Residential,2021-2035 Bldg Code,Retrofit Average,unavailable,,,,constant_tech,Year,2101,2101,2101,2101,2101,2101,2101,2101,2101,2101,2101,
CIMS.CAN.ON.Residential.Dwellings.Building Type.LowMed Density.Vintage.2021-2035 Bldg Code,Service,ON,Residential,2021-2035 Bldg Code,Retrofit Average,lifetime,,,,constant_tech,Years,65,65,65,65,65,65,65,65,65,65,65,
CIMS.CAN.ON.Residential.Dwellings.Building Type.LowMed Density.Vintage.2021-2035 Bldg Code,Service,ON,Residential,2021-2035 Bldg Code,Retrofit Average,market_share_total,,,,annual_tech,%,0,,,,,,,,,,,
CIMS.CAN.ON.Residential.Dwellings.Building Type.LowMed Density.Vintage.2021-2035 Bldg Code,Service,ON,Residential,2021-2035 Bldg Code,Retrofit Average,fcc,,,,constant_tech,$,1565,1565,1565,1565,1565,1565,1565,1565,1565,1565,1565,
CIMS.CAN.ON.Residential.Dwellings.Building Type.LowMed Density.Vintage.2021-2035 Bldg Code,Service,ON,Residential,2021-2035 Bldg Code,Retrofit Average,market_share_new_max,,,,constant_tech,%,0,0,0,0,0,0,0,0,0,0,0,
CIMS.CAN.ON.Residential.Dwellings.Building Type.LowMed Density.Vintage.2021-2035 Bldg Code,Service,ON,Residential,2021-2035 Bldg Code,Retrofit Average,service_request,,,CIMS.CAN.ON.Residential.Dwellings.Building Type.LowMed Density.Vintage.2021-2035 Bldg Code.Heating (Cold),annual_region_tech,GJ,0.12177129455058,0.13955806793734,0.12776430723084,0.14291427546538,0.11272884141182,0.11272884141182,0.11272884141182,0.11272884141182,0.11272884141182,0.11272884141182,0.11272884141182,
CIMS.CAN.ON.Residential.Dwellings.Building Type.LowMed Density.Vintage.2021-2035 Bldg Code,Service,ON,Residential,2021-2035 Bldg Code,Retrofit Deep,technology,,,,,,,,,,,,,,,,,
CIMS.CAN.ON.Residential.Dwellings.Building Type.LowMed Density.Vintage.2021-2035 Bldg Code,Service,ON,Residential,2021-2035 Bldg Code,Retrofit Deep,available,,,,constant_tech,Year,2021,2021,2021,2021,2021,2021,2021,2021,2021,2021,2021,
CIMS.CAN.ON.Residential.Dwellings.Building Type.LowMed Density.Vintage.2021-2035 Bldg Code,Service,ON,Residential,2021-2035 Bldg Code,Retrofit Deep,unavailable,,,,constant_tech,Year,2101,2101,2101,2101,2101,2101,2101,2101,2101,2101,2101,
CIMS.CAN.ON.Residential.Dwellings.Building Type.LowMed Density.Vintage.2021-2035 Bldg Code,Service,ON,Residential,2021-2035 Bldg Code,Retrofit Deep,lifetime,,,,constant_tech,Years,65,65,65,65,65,65,65,65,65,65,65,
CIMS.CAN.ON.Residential.Dwellings.Building Type.LowMed Density.Vintage.2021-2035 Bldg Code,Service,ON,Residential,2021-2035 Bldg Code,Retrofit Deep,market_share_total,,,,annual_tech,%,0,,,,,,,,,,,
CIMS.CAN.ON.Residential.Dwellings.Building Type.LowMed Density.Vintage.2021-2035 Bldg Code,Service,ON,Residential,2021-2035 Bldg Code,Retrofit Deep,fcc,,,,constant_tech,$,3130,3130,3130,3130,3130,3130,3130,3130,3130,3130,3130,
CIMS.CAN.ON.Residential.Dwellings.Building Type.LowMed Density.Vintage.2021-2035 Bldg Code,Service,ON,Residential,2021-2035 Bldg Code,Retrofit Deep,market_share_new_max,,,,constant_tech,%,0,0,0,0,0,0,0,0,0,0,0,
CIMS.CAN.ON.Residential.Dwellings.Building Type.LowMed Density.Vintage.2021-2035 Bldg Code,Service,ON,Residential,2021-2035 Bldg Code,Retrofit Deep,service_request,,,CIMS.CAN.ON.Residential.Dwellings.Building Type.LowMed Density.Vintage.2021-2035 Bldg Code.Heating (Cold),annual_region_tech,GJ,0.08697949610756,0.09968433424095,0.0912602194506,0.10208162533242,0.08052060100845,0.08052060100845,0.08052060100845,0.08052060100845,0.08052060100845,0.08052060100845,0.08052060100845,
CIMS.CAN.ON.Residential.Dwellings.Building Type.LowMed Density.Vintage.2021-2035 Bldg Code.Heating (Cold),Service,ON,Residential,Heating (Cold),,service_provide,,,,constant_tech,GJ of heat,,,,,,,,,,,,
CIMS.CAN.ON.Residential.Dwellings.Building Type.LowMed Density.Vintage.2021-2035 Bldg Code.Heating (Cold),Service,ON,Residential,Heating (Cold),,competition,Tech Compete,,,,,,,,,,,,,,,,
CIMS.CAN.ON.Residential.Dwellings.Building Type.LowMed Density.Vintage.2021-2035 Bldg Code.Heating (Cold),Service,ON,Residential,Heating (Cold),,discount_rate_financial,,,,constant_tech,%,0.25,0.25,0.25,0.25,0.25,0.25,0.25,0.25,0.25,0.25,0.25,
CIMS.CAN.ON.Residential.Dwellings.Building Type.LowMed Density.Vintage.2021-2035 Bldg Code.Heating (Cold),Service,ON,Residential,Heating (Cold),,inheritance,intercept_retirement,,,constant_tech,,FALSE,FALSE,FALSE,FALSE,FALSE,FALSE,FALSE,FALSE,FALSE,FALSE,FALSE,
CIMS.CAN.ON.Residential.Dwellings.Building Type.LowMed Density.Vintage.2021-2035 Bldg Code.Heating (Cold),Service,ON,Residential,Heating (Cold),,heterogeneity,,,,constant_tech,,10,10,10,10,10,10,10,10,10,10,10,
CIMS.CAN.ON.Residential.Dwellings.Building Type.LowMed Density.Vintage.2021-2035 Bldg Code.Heating (Cold),Service,ON,Residential,Heating (Cold),NG - Standard Efficiency,technology,,,,,,,,,,,,,,,,,
CIMS.CAN.ON.Residential.Dwellings.Building Type.LowMed Density.Vintage.2021-2035 Bldg Code.Heating (Cold),Service,ON,Residential,Heating (Cold),NG - Standard Efficiency,available,,,,constant_tech,Year,1990,1990,1990,1990,1990,1990,1990,1990,1990,1990,1990,
CIMS.CAN.ON.Residential.Dwellings.Building Type.LowMed Density.Vintage.2021-2035 Bldg Code.Heating (Cold),Service,ON,Residential,Heating (Cold),NG - Standard Efficiency,unavailable,,,,constant_tech,Year,2101,2101,2101,2101,2101,2101,2101,2101,2101,2101,2101,
CIMS.CAN.ON.Residential.Dwellings.Building Type.LowMed Density.Vintage.2021-2035 Bldg Code.Heating (Cold),Service,ON,Residential,Heating (Cold),NG - Standard Efficiency,lifetime,,,,constant_tech,Years,19,19,19,19,19,19,19,19,19,19,19,
CIMS.CAN.ON.Residential.Dwellings.Building Type.LowMed Density.Vintage.2021-2035 Bldg Code.Heating (Cold),Service,ON,Residential,Heating (Cold),NG - Standard Efficiency,market_share_total,,,,annual_tech,%,1,,,,,,,,,,,
CIMS.CAN.ON.Residential.Dwellings.Building Type.LowMed Density.Vintage.2021-2035 Bldg Code.Heating (Cold),Service,ON,Residential,Heating (Cold),NG - Standard Efficiency,output,,,,constant_tech,node unit,31.399776,31.399776,31.399776,31.399776,31.399776,31.399776,31.399776,31.399776,31.399776,31.399776,31.399776,
CIMS.CAN.ON.Residential.Dwellings.Building Type.LowMed Density.Vintage.2021-2035 Bldg Code.Heating (Cold),Service,ON,Residential,Heating (Cold),NG - Standard Efficiency,fcc,,,,constant_tech,$,5005.382545,5005.382545,5005.382545,5005.382545,5005.382545,5005.382545,5005.382545,5005.382545,5005.382545,5005.382545,5005.382545,
CIMS.CAN.ON.Residential.Dwellings.Building Type.LowMed Density.Vintage.2021-2035 Bldg Code.Heating (Cold),Service,ON,Residential,Heating (Cold),NG - Standard Efficiency,fom,,,,constant_tech,$,162.6749327,162.6749327,162.6749327,162.6749327,162.6749327,162.6749327,162.6749327,162.6749327,162.6749327,162.6749327,162.6749327,
CIMS.CAN.ON.Residential.Dwellings.Building Type.LowMed Density.Vintage.2021-2035 Bldg Code.Heating (Cold),Service,ON,Residential,Heating (Cold),NG - Standard Efficiency,service_request,,,CIMS.CAN.ON.Residential.Methane Blend,annual_tech,GJ,1.32911392425,1.32911392425,1.32911392425,1.32911392425,1.32911392425,1.32911392425,1.32911392425,1.32911392425,1.32911392425,1.32911392425,1.32911392425,
CIMS.CAN.ON.Residential.Dwellings.Building Type.LowMed Density.Vintage.2021-2035 Bldg Code.Heating (Cold),Service,ON,Residential,Heating (Cold),NG - High Efficiency,technology,,,,,,,,,,,,,,,,,
CIMS.CAN.ON.Residential.Dwellings.Building Type.LowMed Density.Vintage.2021-2035 Bldg Code.Heating (Cold),Service,ON,Residential,Heating (Cold),NG - High Efficiency,available,,,,constant_tech,Year,2000,2000,2000,2000,2000,2000,2000,2000,2000,2000,2000,
CIMS.CAN.ON.Residential.Dwellings.Building Type.LowMed Density.Vintage.2021-2035 Bldg Code.Heating (Cold),Service,ON,Residential,Heating (Cold),NG - High Efficiency,unavailable,,,,constant_tech,Year,2101,2101,2101,2101,2101,2101,2101,2101,2101,2101,2101,
CIMS.CAN.ON.Residential.Dwellings.Building Type.LowMed Density.Vintage.2021-2035 Bldg Code.Heating (Cold),Service,ON,Residential,Heating (Cold),NG - High Efficiency,lifetime,,,,constant_tech,Years,19,19,19,19,19,19,19,19,19,19,19,
CIMS.CAN.ON.Residential.Dwellings.Building Type.LowMed Density.Vintage.2021-2035 Bldg Code.Heating (Cold),Service,ON,Residential,Heating (Cold),NG - High Efficiency,market_share_total,,,,annual_tech,%,0,,,,,,,,,,,
CIMS.CAN.ON.Residential.Dwellings.Building Type.LowMed Density.Vintage.2021-2035 Bldg Code.Heating (Cold),Service,ON,Residential,Heating (Cold),NG - High Efficiency,output,,,,constant_tech,node unit,31.399776,31.399776,31.399776,31.399776,31.399776,31.399776,31.399776,31.399776,31.399776,31.399776,31.399776,
CIMS.CAN.ON.Residential.Dwellings.Building Type.LowMed Density.Vintage.2021-2035 Bldg Code.Heating (Cold),Service,ON,Residential,Heating (Cold),NG - High Efficiency,fcc,,,,constant_tech,$,6231.7012692,6231.7012692,6231.7012692,6231.7012692,6231.7012692,6231.7012692,6231.7012692,6231.7012692,6231.7012692,6231.7012692,6231.7012692,
CIMS.CAN.ON.Residential.Dwellings.Building Type.LowMed Density.Vintage.2021-2035 Bldg Code.Heating (Cold),Service,ON,Residential,Heating (Cold),NG - High Efficiency,fom,,,,constant_tech,$,162.6749327,162.6749327,162.6749327,162.6749327,162.6749327,162.6749327,162.6749327,162.6749327,162.6749327,162.6749327,162.6749327,
CIMS.CAN.ON.Residential.Dwellings.Building Type.LowMed Density.Vintage.2021-2035 Bldg Code.Heating (Cold),Service,ON,Residential,Heating (Cold),NG - High Efficiency,service_request,,,CIMS.CAN.ON.Residential.Methane Blend,annual_tech,GJ,1.16666666655,1.16666666655,1.16666666655,1.16666666655,1.16666666655,1.16666666655,1.16666666655,1.16666666655,1.16666666655,1.16666666655,1.16666666655,
CIMS.CAN.ON.Residential.Dwellings.Building Type.LowMed Density.Vintage.2021-2035 Bldg Code.Heating (Cold),Service,ON,Residential,Heating (Cold),NG - ASHP / NG - backup,technology,,,,,,,,,,,,,,,,,
CIMS.CAN.ON.Residential.Dwellings.Building Type.LowMed Density.Vintage.2021-2035 Bldg Code.Heating (Cold),Service,ON,Residential,Heating (Cold),NG - ASHP / NG - backup,available,,,,constant_tech,Year,2000,2000,2000,2000,2000,2000,2000,2000,2000,2000,2000,
CIMS.CAN.ON.Residential.Dwellings.Building Type.LowMed Density.Vintage.2021-2035 Bldg Code.Heating (Cold),Service,ON,Residential,Heating (Cold),NG - ASHP / NG - backup,unavailable,,,,constant_tech,Year,2101,2101,2101,2101,2101,2101,2101,2101,2101,2101,2101,
CIMS.CAN.ON.Residential.Dwellings.Building Type.LowMed Density.Vintage.2021-2035 Bldg Code.Heating (Cold),Service,ON,Residential,Heating (Cold),NG - ASHP / NG - backup,lifetime,,,,constant_tech,Years,15,15,15,15,15,15,15,15,15,15,15,
CIMS.CAN.ON.Residential.Dwellings.Building Type.LowMed Density.Vintage.2021-2035 Bldg Code.Heating (Cold),Service,ON,Residential,Heating (Cold),NG - ASHP / NG - backup,market_share_total,,,,annual_tech,%,0,,,,,,,,,,,
CIMS.CAN.ON.Residential.Dwellings.Building Type.LowMed Density.Vintage.2021-2035 Bldg Code.Heating (Cold),Service,ON,Residential,Heating (Cold),NG - ASHP / NG - backup,output,,,,constant_tech,node unit,31.399776,31.399776,31.399776,31.399776,31.399776,31.399776,31.399776,31.399776,31.399776,31.399776,31.399776,
CIMS.CAN.ON.Residential.Dwellings.Building Type.LowMed Density.Vintage.2021-2035 Bldg Code.Heating (Cold),Service,ON,Residential,Heating (Cold),NG - ASHP / NG - backup,fcc,,,,constant_tech,$,20015.27345,20015.27345,20015.27345,20015.27345,20015.27345,20015.27345,20015.27345,20015.27345,20015.27345,20015.27345,20015.27345,
CIMS.CAN.ON.Residential.Dwellings.Building Type.LowMed Density.Vintage.2021-2035 Bldg Code.Heating (Cold),Service,ON,Residential,Heating (Cold),NG - ASHP / NG - backup,fom,,,,constant_tech,$,250.2691273,250.2691273,250.2691273,250.2691273,250.2691273,250.2691273,250.2691273,250.2691273,250.2691273,250.2691273,250.2691273,
CIMS.CAN.ON.Residential.Dwellings.Building Type.LowMed Density.Vintage.2021-2035 Bldg Code.Heating (Cold),Service,ON,Residential,Heating (Cold),NG - ASHP / NG - backup,service_request,,,CIMS.CAN.ON.Residential.Methane Blend,annual_tech,GJ,2.1593627892625,2.1593627892625,2.1593627892625,2.1593627892625,2.1593627892625,2.1593627892625,2.1593627892625,2.1593627892625,2.1593627892625,2.1593627892625,2.1593627892625,
CIMS.CAN.ON.Residential.Dwellings.Building Type.LowMed Density.Vintage.2021-2035 Bldg Code.Heating (Cold),Service,ON,Residential,Heating (Cold),NG - ASHP / NG - backup,service_request,,,CIMS.CAN.ON.Residential.Dwellings.Building Type.LowMed Density.Cooling,annual_tech,GJ of cooling,-0.004568364,-0.004568364,-0.004568364,-0.004568364,-0.004568364,-0.004568364,-0.004568364,-0.004568364,-0.004568364,-0.004568364,-0.004568364,
CIMS.CAN.ON.Residential.Dwellings.Building Type.LowMed Density.Vintage.2021-2035 Bldg Code.Heating (Cold),Service,ON,Residential,Heating (Cold),Electric - Standard Efficiency,technology,,,,,,,,,,,,,,,,,
CIMS.CAN.ON.Residential.Dwellings.Building Type.LowMed Density.Vintage.2021-2035 Bldg Code.Heating (Cold),Service,ON,Residential,Heating (Cold),Electric - Standard Efficiency,available,,,,constant_tech,Year,1950,1950,1950,1950,1950,1950,1950,1950,1950,1950,1950,
CIMS.CAN.ON.Residential.Dwellings.Building Type.LowMed Density.Vintage.2021-2035 Bldg Code.Heating (Cold),Service,ON,Residential,Heating (Cold),Electric - Standard Efficiency,unavailable,,,,constant_tech,Year,2101,2101,2101,2101,2101,2101,2101,2101,2101,2101,2101,
CIMS.CAN.ON.Residential.Dwellings.Building Type.LowMed Density.Vintage.2021-2035 Bldg Code.Heating (Cold),Service,ON,Residential,Heating (Cold),Electric - Standard Efficiency,lifetime,,,,constant_tech,Years,22.5,22.5,22.5,22.5,22.5,22.5,22.5,22.5,22.5,22.5,22.5,
CIMS.CAN.ON.Residential.Dwellings.Building Type.LowMed Density.Vintage.2021-2035 Bldg Code.Heating (Cold),Service,ON,Residential,Heating (Cold),Electric - Standard Efficiency,market_share_total,,,,annual_tech,%,0,,,,,,,,,,,
CIMS.CAN.ON.Residential.Dwellings.Building Type.LowMed Density.Vintage.2021-2035 Bldg Code.Heating (Cold),Service,ON,Residential,Heating (Cold),Electric - Standard Efficiency,output,,,,constant_tech,node unit,31.399776,31.399776,31.399776,31.399776,31.399776,31.399776,31.399776,31.399776,31.399776,31.399776,31.399776,
CIMS.CAN.ON.Residential.Dwellings.Building Type.LowMed Density.Vintage.2021-2035 Bldg Code.Heating (Cold),Service,ON,Residential,Heating (Cold),Electric - Standard Efficiency,fcc,,,,constant_tech,$,3822.860919,3822.860919,3822.860919,3822.860919,3822.860919,3822.860919,3822.860919,3822.860919,3822.860919,3822.860919,3822.860919,
CIMS.CAN.ON.Residential.Dwellings.Building Type.LowMed Density.Vintage.2021-2035 Bldg Code.Heating (Cold),Service,ON,Residential,Heating (Cold),Electric - Standard Efficiency,service_request,,,CIMS.CAN.ON.Electricity,annual_tech,GJ,1,1,1,1,1,1,1,1,1,1,1,
CIMS.CAN.ON.Residential.Dwellings.Building Type.LowMed Density.Vintage.2021-2035 Bldg Code.Heating (Cold),Service,ON,Residential,Heating (Cold),Electric - ASHP / NG - backup,technology,,,,,,,,,,,,,,,,,
CIMS.CAN.ON.Residential.Dwellings.Building Type.LowMed Density.Vintage.2021-2035 Bldg Code.Heating (Cold),Service,ON,Residential,Heating (Cold),Electric - ASHP / NG - backup,available,,,,constant_tech,Year,2000,2000,2000,2000,2000,2000,2000,2000,2000,2000,2000,
CIMS.CAN.ON.Residential.Dwellings.Building Type.LowMed Density.Vintage.2021-2035 Bldg Code.Heating (Cold),Service,ON,Residential,Heating (Cold),Electric - ASHP / NG - backup,unavailable,,,,constant_tech,Year,2101,2101,2101,2101,2101,2101,2101,2101,2101,2101,2101,
CIMS.CAN.ON.Residential.Dwellings.Building Type.LowMed Density.Vintage.2021-2035 Bldg Code.Heating (Cold),Service,ON,Residential,Heating (Cold),Electric - ASHP / NG - backup,lifetime,,,,constant_tech,Years,15.5,15.5,15.5,15.5,15.5,15.5,15.5,15.5,15.5,15.5,15.5,
CIMS.CAN.ON.Residential.Dwellings.Building Type.LowMed Density.Vintage.2021-2035 Bldg Code.Heating (Cold),Service,ON,Residential,Heating (Cold),Electric - ASHP / NG - backup,market_share_total,,,,annual_tech,%,0,,,,,,,,,,,
CIMS.CAN.ON.Residential.Dwellings.Building Type.LowMed Density.Vintage.2021-2035 Bldg Code.Heating (Cold),Service,ON,Residential,Heating (Cold),Electric - ASHP / NG - backup,output,,,,constant_tech,node unit,31.399776,31.399776,31.399776,31.399776,31.399776,31.399776,31.399776,31.399776,31.399776,31.399776,31.399776,
CIMS.CAN.ON.Residential.Dwellings.Building Type.LowMed Density.Vintage.2021-2035 Bldg Code.Heating (Cold),Service,ON,Residential,Heating (Cold),Electric - ASHP / NG - backup,fcc,,,,constant_tech,$,9647.874856,9647.874856,9647.874856,9647.874856,9647.874856,9647.874856,9647.874856,9647.874856,9647.874856,9647.874856,9647.874856,
CIMS.CAN.ON.Residential.Dwellings.Building Type.LowMed Density.Vintage.2021-2035 Bldg Code.Heating (Cold),Service,ON,Residential,Heating (Cold),Electric - ASHP / NG - backup,fom,,,,constant_tech,$,269.0393118,269.0393118,269.0393118,269.0393118,269.0393118,269.0393118,269.0393118,269.0393118,269.0393118,269.0393118,269.0393118,
CIMS.CAN.ON.Residential.Dwellings.Building Type.LowMed Density.Vintage.2021-2035 Bldg Code.Heating (Cold),Service,ON,Residential,Heating (Cold),Electric - ASHP / NG - backup,service_request,,,CIMS.CAN.ON.Electricity,annual_tech,GJ,0.72747607755,0.72747607755,0.72747607755,0.72747607755,0.72747607755,0.72747607755,0.72747607755,0.72747607755,0.72747607755,0.72747607755,0.72747607755,
CIMS.CAN.ON.Residential.Dwellings.Building Type.LowMed Density.Vintage.2021-2035 Bldg Code.Heating (Cold),Service,ON,Residential,Heating (Cold),Electric - ASHP / NG - backup,service_request,,,CIMS.CAN.ON.Residential.Methane Blend,annual_tech,GJ,0.0583333333275,0.0583333333275,0.0583333333275,0.0583333333275,0.0583333333275,0.0583333333275,0.0583333333275,0.0583333333275,0.0583333333275,0.0583333333275,0.0583333333275,
CIMS.CAN.ON.Residential.Dwellings.Building Type.LowMed Density.Vintage.2021-2035 Bldg Code.Heating (Cold),Service,ON,Residential,Heating (Cold),Electric - ASHP / NG - backup,service_request,,,CIMS.CAN.ON.Residential.Dwellings.Building Type.LowMed Density.Cooling,annual_tech,GJ of cooling,-0.004568364,-0.004568364,-0.004568364,-0.004568364,-0.004568364,-0.004568364,-0.004568364,-0.004568364,-0.004568364,-0.004568364,-0.004568364,
CIMS.CAN.ON.Residential.Dwellings.Building Type.LowMed Density.Vintage.2021-2035 Bldg Code.Heating (Cold),Service,ON,Residential,Heating (Cold),Electric - ASHP / Electric - backup,technology,,,,,,,,,,,,,,,,,
CIMS.CAN.ON.Residential.Dwellings.Building Type.LowMed Density.Vintage.2021-2035 Bldg Code.Heating (Cold),Service,ON,Residential,Heating (Cold),Electric - ASHP / Electric - backup,available,,,,constant_tech,Year,2000,2000,2000,2000,2000,2000,2000,2000,2000,2000,2000,
CIMS.CAN.ON.Residential.Dwellings.Building Type.LowMed Density.Vintage.2021-2035 Bldg Code.Heating (Cold),Service,ON,Residential,Heating (Cold),Electric - ASHP / Electric - backup,unavailable,,,,constant_tech,Year,2101,2101,2101,2101,2101,2101,2101,2101,2101,2101,2101,
CIMS.CAN.ON.Residential.Dwellings.Building Type.LowMed Density.Vintage.2021-2035 Bldg Code.Heating (Cold),Service,ON,Residential,Heating (Cold),Electric - ASHP / Electric - backup,lifetime,,,,constant_tech,Years,15.5,15.5,15.5,15.5,15.5,15.5,15.5,15.5,15.5,15.5,15.5,
CIMS.CAN.ON.Residential.Dwellings.Building Type.LowMed Density.Vintage.2021-2035 Bldg Code.Heating (Cold),Service,ON,Residential,Heating (Cold),Electric - ASHP / Electric - backup,market_share_total,,,,annual_tech,%,0,,,,,,,,,,,
CIMS.CAN.ON.Residential.Dwellings.Building Type.LowMed Density.Vintage.2021-2035 Bldg Code.Heating (Cold),Service,ON,Residential,Heating (Cold),Electric - ASHP / Electric - backup,output,,,,constant_tech,node unit,31.399776,31.399776,31.399776,31.399776,31.399776,31.399776,31.399776,31.399776,31.399776,31.399776,31.399776,
CIMS.CAN.ON.Residential.Dwellings.Building Type.LowMed Density.Vintage.2021-2035 Bldg Code.Heating (Cold),Service,ON,Residential,Heating (Cold),Electric - ASHP / Electric - backup,fcc,,,,constant_tech,$,9373.830161,9373.830161,9373.830161,9373.830161,9373.830161,9373.830161,9373.830161,9373.830161,9373.830161,9373.830161,9373.830161,
CIMS.CAN.ON.Residential.Dwellings.Building Type.LowMed Density.Vintage.2021-2035 Bldg Code.Heating (Cold),Service,ON,Residential,Heating (Cold),Electric - ASHP / Electric - backup,fom,,,,constant_tech,$,106.3643791,106.3643791,106.3643791,106.3643791,106.3643791,106.3643791,106.3643791,106.3643791,106.3643791,106.3643791,106.3643791,
CIMS.CAN.ON.Residential.Dwellings.Building Type.LowMed Density.Vintage.2021-2035 Bldg Code.Heating (Cold),Service,ON,Residential,Heating (Cold),Electric - ASHP / Electric - backup,service_request,,,CIMS.CAN.ON.Electricity,annual_tech,GJ,0.77747607755,0.77747607755,0.77747607755,0.77747607755,0.77747607755,0.77747607755,0.77747607755,0.77747607755,0.77747607755,0.77747607755,0.77747607755,
CIMS.CAN.ON.Residential.Dwellings.Building Type.LowMed Density.Vintage.2021-2035 Bldg Code.Heating (Cold),Service,ON,Residential,Heating (Cold),Electric - ASHP / Electric - backup,service_request,,,CIMS.CAN.ON.Residential.Dwellings.Building Type.LowMed Density.Cooling,annual_tech,GJ of cooling,-0.004568364,-0.004568364,-0.004568364,-0.004568364,-0.004568364,-0.004568364,-0.004568364,-0.004568364,-0.004568364,-0.004568364,-0.004568364,
CIMS.CAN.ON.Residential.Dwellings.Building Type.LowMed Density.Vintage.2021-2035 Bldg Code.Heating (Cold),Service,ON,Residential,Heating (Cold),Electric - GSHP,technology,,,,,,,,,,,,,,,,,
CIMS.CAN.ON.Residential.Dwellings.Building Type.LowMed Density.Vintage.2021-2035 Bldg Code.Heating (Cold),Service,ON,Residential,Heating (Cold),Electric - GSHP,available,,,,constant_tech,Year,2000,2000,2000,2000,2000,2000,2000,2000,2000,2000,2000,
CIMS.CAN.ON.Residential.Dwellings.Building Type.LowMed Density.Vintage.2021-2035 Bldg Code.Heating (Cold),Service,ON,Residential,Heating (Cold),Electric - GSHP,unavailable,,,,constant_tech,Year,2101,2101,2101,2101,2101,2101,2101,2101,2101,2101,2101,
CIMS.CAN.ON.Residential.Dwellings.Building Type.LowMed Density.Vintage.2021-2035 Bldg Code.Heating (Cold),Service,ON,Residential,Heating (Cold),Electric - GSHP,lifetime,,,,constant_tech,Years,20,20,20,20,20,20,20,20,20,20,20,
CIMS.CAN.ON.Residential.Dwellings.Building Type.LowMed Density.Vintage.2021-2035 Bldg Code.Heating (Cold),Service,ON,Residential,Heating (Cold),Electric - GSHP,market_share_total,,,,annual_tech,%,0,,,,,,,,,,,
CIMS.CAN.ON.Residential.Dwellings.Building Type.LowMed Density.Vintage.2021-2035 Bldg Code.Heating (Cold),Service,ON,Residential,Heating (Cold),Electric - GSHP,output,,,,constant_tech,node unit,31.399776,31.399776,31.399776,31.399776,31.399776,31.399776,31.399776,31.399776,31.399776,31.399776,31.399776,
CIMS.CAN.ON.Residential.Dwellings.Building Type.LowMed Density.Vintage.2021-2035 Bldg Code.Heating (Cold),Service,ON,Residential,Heating (Cold),Electric - GSHP,fcc,,,,constant_tech,$,23775.56709,23775.56709,23775.56709,23775.56709,23775.56709,23775.56709,23775.56709,23775.56709,23775.56709,23775.56709,23775.56709,
CIMS.CAN.ON.Residential.Dwellings.Building Type.LowMed Density.Vintage.2021-2035 Bldg Code.Heating (Cold),Service,ON,Residential,Heating (Cold),Electric - GSHP,fom,,,,constant_tech,$,112.6211073,112.6211073,112.6211073,112.6211073,112.6211073,112.6211073,112.6211073,112.6211073,112.6211073,112.6211073,112.6211073,
CIMS.CAN.ON.Residential.Dwellings.Building Type.LowMed Density.Vintage.2021-2035 Bldg Code.Heating (Cold),Service,ON,Residential,Heating (Cold),Electric - GSHP,service_request,,,CIMS.CAN.ON.Electricity,annual_tech,GJ,0.486428472,0.486428472,0.486428472,0.486428472,0.486428472,0.486428472,0.486428472,0.486428472,0.486428472,0.486428472,0.486428472,
CIMS.CAN.ON.Residential.Dwellings.Building Type.LowMed Density.Vintage.2021-2035 Bldg Code.Heating (Cold),Service,ON,Residential,Heating (Cold),Electric - GSHP,service_request,,,CIMS.CAN.ON.Residential.Dwellings.Building Type.LowMed Density.Cooling,annual_tech,GJ of cooling,-0.004568364,-0.004568364,-0.004568364,-0.004568364,-0.004568364,-0.004568364,-0.004568364,-0.004568364,-0.004568364,-0.004568364,-0.004568364,
CIMS.CAN.ON.Residential.Dwellings.Building Type.LowMed Density.Vintage.2021-2035 Bldg Code.Heating (Cold),Service,ON,Residential,Heating (Cold),Heating Oil - Standard Efficiency,technology,,,,,,,,,,,,,,,,,
CIMS.CAN.ON.Residential.Dwellings.Building Type.LowMed Density.Vintage.2021-2035 Bldg Code.Heating (Cold),Service,ON,Residential,Heating (Cold),Heating Oil - Standard Efficiency,available,,,,constant_tech,Year,1950,1950,1950,1950,1950,1950,1950,1950,1950,1950,1950,
CIMS.CAN.ON.Residential.Dwellings.Building Type.LowMed Density.Vintage.2021-2035 Bldg Code.Heating (Cold),Service,ON,Residential,Heating (Cold),Heating Oil - Standard Efficiency,unavailable,,,,constant_tech,Year,2021,2021,2021,2021,2021,2021,2021,2021,2021,2021,2021,
CIMS.CAN.ON.Residential.Dwellings.Building Type.LowMed Density.Vintage.2021-2035 Bldg Code.Heating (Cold),Service,ON,Residential,Heating (Cold),Heating Oil - Standard Efficiency,lifetime,,,,constant_tech,Years,23,23,23,23,23,23,23,23,23,23,23,
CIMS.CAN.ON.Residential.Dwellings.Building Type.LowMed Density.Vintage.2021-2035 Bldg Code.Heating (Cold),Service,ON,Residential,Heating (Cold),Heating Oil - Standard Efficiency,market_share_total,,,,annual_tech,%,0,,,,,,,,,,,
CIMS.CAN.ON.Residential.Dwellings.Building Type.LowMed Density.Vintage.2021-2035 Bldg Code.Heating (Cold),Service,ON,Residential,Heating (Cold),Heating Oil - Standard Efficiency,output,,,,constant_tech,node unit,31.399776,31.399776,31.399776,31.399776,31.399776,31.399776,31.399776,31.399776,31.399776,31.399776,31.399776,
CIMS.CAN.ON.Residential.Dwellings.Building Type.LowMed Density.Vintage.2021-2035 Bldg Code.Heating (Cold),Service,ON,Residential,Heating (Cold),Heating Oil - Standard Efficiency,fcc,,,,constant_tech,$,6444.430027,6444.430027,6444.430027,6444.430027,6444.430027,6444.430027,6444.430027,6444.430027,6444.430027,6444.430027,6444.430027,
CIMS.CAN.ON.Residential.Dwellings.Building Type.LowMed Density.Vintage.2021-2035 Bldg Code.Heating (Cold),Service,ON,Residential,Heating (Cold),Heating Oil - Standard Efficiency,fom,,,,constant_tech,$,100.1076509,100.1076509,100.1076509,100.1076509,100.1076509,100.1076509,100.1076509,100.1076509,100.1076509,100.1076509,100.1076509,
CIMS.CAN.ON.Residential.Dwellings.Building Type.LowMed Density.Vintage.2021-2035 Bldg Code.Heating (Cold),Service,ON,Residential,Heating (Cold),Heating Oil - Standard Efficiency,service_request,,,CIMS.Generic Fuels.Fuel Oil,annual_tech,GJ,1.282051282,1.282051282,1.282051282,1.282051282,1.282051282,1.282051282,1.282051282,1.282051282,1.282051282,1.282051282,1.282051282,
CIMS.CAN.ON.Residential.Dwellings.Building Type.LowMed Density.Vintage.2021-2035 Bldg Code.Heating (Cold),Service,ON,Residential,Heating (Cold),Heating Oil - High Efficiency,technology,,,,,,,,,,,,,,,,,
CIMS.CAN.ON.Residential.Dwellings.Building Type.LowMed Density.Vintage.2021-2035 Bldg Code.Heating (Cold),Service,ON,Residential,Heating (Cold),Heating Oil - High Efficiency,available,,,,constant_tech,Year,2000,2000,2000,2000,2000,2000,2000,2000,2000,2000,2000,
CIMS.CAN.ON.Residential.Dwellings.Building Type.LowMed Density.Vintage.2021-2035 Bldg Code.Heating (Cold),Service,ON,Residential,Heating (Cold),Heating Oil - High Efficiency,unavailable,,,,constant_tech,Year,2101,2101,2101,2101,2101,2101,2101,2101,2101,2101,2101,
CIMS.CAN.ON.Residential.Dwellings.Building Type.LowMed Density.Vintage.2021-2035 Bldg Code.Heating (Cold),Service,ON,Residential,Heating (Cold),Heating Oil - High Efficiency,lifetime,,,,constant_tech,Years,23,23,23,23,23,23,23,23,23,23,23,
CIMS.CAN.ON.Residential.Dwellings.Building Type.LowMed Density.Vintage.2021-2035 Bldg Code.Heating (Cold),Service,ON,Residential,Heating (Cold),Heating Oil - High Efficiency,market_share_total,,,,annual_tech,%,0,,,,,,,,,,,
CIMS.CAN.ON.Residential.Dwellings.Building Type.LowMed Density.Vintage.2021-2035 Bldg Code.Heating (Cold),Service,ON,Residential,Heating (Cold),Heating Oil - High Efficiency,output,,,,constant_tech,node unit,31.399776,31.399776,31.399776,31.399776,31.399776,31.399776,31.399776,31.399776,31.399776,31.399776,31.399776,
CIMS.CAN.ON.Residential.Dwellings.Building Type.LowMed Density.Vintage.2021-2035 Bldg Code.Heating (Cold),Service,ON,Residential,Heating (Cold),Heating Oil - High Efficiency,fcc,,,,constant_tech,$,9541.510477,9541.510477,9541.510477,9541.510477,9541.510477,9541.510477,9541.510477,9541.510477,9541.510477,9541.510477,9541.510477,
CIMS.CAN.ON.Residential.Dwellings.Building Type.LowMed Density.Vintage.2021-2035 Bldg Code.Heating (Cold),Service,ON,Residential,Heating (Cold),Heating Oil - High Efficiency,fom,,,,constant_tech,$,100.1076509,100.1076509,100.1076509,100.1076509,100.1076509,100.1076509,100.1076509,100.1076509,100.1076509,100.1076509,100.1076509,
CIMS.CAN.ON.Residential.Dwellings.Building Type.LowMed Density.Vintage.2021-2035 Bldg Code.Heating (Cold),Service,ON,Residential,Heating (Cold),Heating Oil - High Efficiency,service_request,,,CIMS.Generic Fuels.Fuel Oil,annual_tech,GJ,1.162790698,1.162790698,1.162790698,1.162790698,1.162790698,1.162790698,1.162790698,1.162790698,1.162790698,1.162790698,1.162790698,
CIMS.CAN.ON.Residential.Dwellings.Building Type.LowMed Density.Vintage.2021-2035 Bldg Code.Heating (Cold),Service,ON,Residential,Heating (Cold),Wood,technology,,,,,,,,,,,,,,,,,
CIMS.CAN.ON.Residential.Dwellings.Building Type.LowMed Density.Vintage.2021-2035 Bldg Code.Heating (Cold),Service,ON,Residential,Heating (Cold),Wood,available,,,,constant_tech,Year,1950,1950,1950,1950,1950,1950,1950,1950,1950,1950,1950,
CIMS.CAN.ON.Residential.Dwellings.Building Type.LowMed Density.Vintage.2021-2035 Bldg Code.Heating (Cold),Service,ON,Residential,Heating (Cold),Wood,unavailable,,,,constant_tech,Year,2101,2101,2101,2101,2101,2101,2101,2101,2101,2101,2101,
CIMS.CAN.ON.Residential.Dwellings.Building Type.LowMed Density.Vintage.2021-2035 Bldg Code.Heating (Cold),Service,ON,Residential,Heating (Cold),Wood,lifetime,,,,constant_tech,Years,18.5,18.5,18.5,18.5,18.5,18.5,18.5,18.5,18.5,18.5,18.5,
CIMS.CAN.ON.Residential.Dwellings.Building Type.LowMed Density.Vintage.2021-2035 Bldg Code.Heating (Cold),Service,ON,Residential,Heating (Cold),Wood,market_share_total,,,,annual_tech,%,0,,,,,,,,,,,
CIMS.CAN.ON.Residential.Dwellings.Building Type.LowMed Density.Vintage.2021-2035 Bldg Code.Heating (Cold),Service,ON,Residential,Heating (Cold),Wood,output,,,,constant_tech,node unit,31.399776,31.399776,31.399776,31.399776,31.399776,31.399776,31.399776,31.399776,31.399776,31.399776,31.399776,
CIMS.CAN.ON.Residential.Dwellings.Building Type.LowMed Density.Vintage.2021-2035 Bldg Code.Heating (Cold),Service,ON,Residential,Heating (Cold),Wood,fcc,,,,constant_tech,$,8000.269768,8000.269768,8000.269768,8000.269768,8000.269768,8000.269768,8000.269768,8000.269768,8000.269768,8000.269768,8000.269768,
CIMS.CAN.ON.Residential.Dwellings.Building Type.LowMed Density.Vintage.2021-2035 Bldg Code.Heating (Cold),Service,ON,Residential,Heating (Cold),Wood,fom,,,,constant_tech,$,250.2691273,250.2691273,250.2691273,250.2691273,250.2691273,250.2691273,250.2691273,250.2691273,250.2691273,250.2691273,250.2691273,
CIMS.CAN.ON.Residential.Dwellings.Building Type.LowMed Density.Vintage.2021-2035 Bldg Code.Heating (Cold),Service,ON,Residential,Heating (Cold),Wood,service_request,,,CIMS.Generic Fuels.Solid Biomass,annual_tech,GJ,2,2,2,2,2,2,2,2,2,2,2,
CIMS.CAN.ON.Residential.Dwellings.Building Type.LowMed Density.Vintage.>2035 Bldg Code,Service,ON,Residential,>2035 Bldg Code,,service_provide,,,,constant_tech,m2,,,,,,,,,,,,
CIMS.CAN.ON.Residential.Dwellings.Building Type.LowMed Density.Vintage.>2035 Bldg Code,Service,ON,Residential,>2035 Bldg Code,,competition,Tech Compete,,,,,,,,,,,,,,,,
CIMS.CAN.ON.Residential.Dwellings.Building Type.LowMed Density.Vintage.>2035 Bldg Code,Service,ON,Residential,>2035 Bldg Code,,discount_rate_financial,,,,constant_tech,%,0.25,0.25,0.25,0.25,0.25,0.25,0.25,0.25,0.25,0.25,0.25,
CIMS.CAN.ON.Residential.Dwellings.Building Type.LowMed Density.Vintage.>2035 Bldg Code,Service,ON,Residential,>2035 Bldg Code,,heterogeneity,,,,constant_tech,,10,10,10,10,10,10,10,10,10,10,10,
CIMS.CAN.ON.Residential.Dwellings.Building Type.LowMed Density.Vintage.>2035 Bldg Code,Service,ON,Residential,>2035 Bldg Code,Reference,technology,,,,,,,,,,,,,,,,,
CIMS.CAN.ON.Residential.Dwellings.Building Type.LowMed Density.Vintage.>2035 Bldg Code,Service,ON,Residential,>2035 Bldg Code,Reference,available,,,,constant_tech,Year,2036,2036,2036,2036,2036,2036,2036,2036,2036,2036,2036,
CIMS.CAN.ON.Residential.Dwellings.Building Type.LowMed Density.Vintage.>2035 Bldg Code,Service,ON,Residential,>2035 Bldg Code,Reference,unavailable,,,,constant_tech,Year,2101,2101,2101,2101,2101,2101,2101,2101,2101,2101,2101,
CIMS.CAN.ON.Residential.Dwellings.Building Type.LowMed Density.Vintage.>2035 Bldg Code,Service,ON,Residential,>2035 Bldg Code,Reference,lifetime,,,,constant_tech,Years,65,65,65,65,65,65,65,65,65,65,65,
CIMS.CAN.ON.Residential.Dwellings.Building Type.LowMed Density.Vintage.>2035 Bldg Code,Service,ON,Residential,>2035 Bldg Code,Reference,market_share_total,,,,annual_tech,%,1,,,,,,,,,,,
CIMS.CAN.ON.Residential.Dwellings.Building Type.LowMed Density.Vintage.>2035 Bldg Code,Service,ON,Residential,>2035 Bldg Code,Reference,service_request,,,CIMS.CAN.ON.Residential.Dwellings.Building Type.LowMed Density.Vintage.>2035 Bldg Code.Heating (Cold),annual_region_tech,GJ,0.13046924416134,0.14952650136143,0.1368903291759,0.15312243799862,0.12078090151267,0.12078090151267,0.12078090151267,0.12078090151267,0.12078090151267,0.12078090151267,0.12078090151267,
CIMS.CAN.ON.Residential.Dwellings.Building Type.LowMed Density.Vintage.>2035 Bldg Code,Service,ON,Residential,>2035 Bldg Code,Retrofit Passive,technology,,,,,,,,,,,,,,,,,
CIMS.CAN.ON.Residential.Dwellings.Building Type.LowMed Density.Vintage.>2035 Bldg Code,Service,ON,Residential,>2035 Bldg Code,Retrofit Passive,available,,,,constant_tech,Year,2036,2036,2036,2036,2036,2036,2036,2036,2036,2036,2036,
CIMS.CAN.ON.Residential.Dwellings.Building Type.LowMed Density.Vintage.>2035 Bldg Code,Service,ON,Residential,>2035 Bldg Code,Retrofit Passive,unavailable,,,,constant_tech,Year,2101,2101,2101,2101,2101,2101,2101,2101,2101,2101,2101,
CIMS.CAN.ON.Residential.Dwellings.Building Type.LowMed Density.Vintage.>2035 Bldg Code,Service,ON,Residential,>2035 Bldg Code,Retrofit Passive,lifetime,,,,constant_tech,Years,65,65,65,65,65,65,65,65,65,65,65,
CIMS.CAN.ON.Residential.Dwellings.Building Type.LowMed Density.Vintage.>2035 Bldg Code,Service,ON,Residential,>2035 Bldg Code,Retrofit Passive,market_share_total,,,,annual_tech,%,0,,,,,,,,,,,
CIMS.CAN.ON.Residential.Dwellings.Building Type.LowMed Density.Vintage.>2035 Bldg Code,Service,ON,Residential,>2035 Bldg Code,Retrofit Passive,fcc,,,,constant_tech,$,3130,3130,3130,3130,3130,3130,3130,3130,3130,3130,3130,
CIMS.CAN.ON.Residential.Dwellings.Building Type.LowMed Density.Vintage.>2035 Bldg Code,Service,ON,Residential,>2035 Bldg Code,Retrofit Passive,market_share_new_max,,,,constant_tech,%,0,0,0,0,0,0,0,0,0,0,0,
CIMS.CAN.ON.Residential.Dwellings.Building Type.LowMed Density.Vintage.>2035 Bldg Code.Heating (Cold),Service,ON,Residential,Heating (Cold),,service_provide,,,,constant_tech,GJ of heat,,,,,,,,,,,,
CIMS.CAN.ON.Residential.Dwellings.Building Type.LowMed Density.Vintage.>2035 Bldg Code.Heating (Cold),Service,ON,Residential,Heating (Cold),,competition,Tech Compete,,,,,,,,,,,,,,,,
CIMS.CAN.ON.Residential.Dwellings.Building Type.LowMed Density.Vintage.>2035 Bldg Code.Heating (Cold),Service,ON,Residential,Heating (Cold),,discount_rate_financial,,,,constant_tech,%,0.25,0.25,0.25,0.25,0.25,0.25,0.25,0.25,0.25,0.25,0.25,
CIMS.CAN.ON.Residential.Dwellings.Building Type.LowMed Density.Vintage.>2035 Bldg Code.Heating (Cold),Service,ON,Residential,Heating (Cold),,inheritance,intercept_retirement,,,constant_tech,,FALSE,FALSE,FALSE,FALSE,FALSE,FALSE,FALSE,FALSE,FALSE,FALSE,FALSE,
CIMS.CAN.ON.Residential.Dwellings.Building Type.LowMed Density.Vintage.>2035 Bldg Code.Heating (Cold),Service,ON,Residential,Heating (Cold),,heterogeneity,,,,constant_tech,,10,10,10,10,10,10,10,10,10,10,10,
CIMS.CAN.ON.Residential.Dwellings.Building Type.LowMed Density.Vintage.>2035 Bldg Code.Heating (Cold),Service,ON,Residential,Heating (Cold),NG - Standard Efficiency,technology,,,,,,,,,,,,,,,,,
CIMS.CAN.ON.Residential.Dwellings.Building Type.LowMed Density.Vintage.>2035 Bldg Code.Heating (Cold),Service,ON,Residential,Heating (Cold),NG - Standard Efficiency,available,,,,constant_tech,Year,1990,1990,1990,1990,1990,1990,1990,1990,1990,1990,1990,
CIMS.CAN.ON.Residential.Dwellings.Building Type.LowMed Density.Vintage.>2035 Bldg Code.Heating (Cold),Service,ON,Residential,Heating (Cold),NG - Standard Efficiency,unavailable,,,,constant_tech,Year,2101,2101,2101,2101,2101,2101,2101,2101,2101,2101,2101,
CIMS.CAN.ON.Residential.Dwellings.Building Type.LowMed Density.Vintage.>2035 Bldg Code.Heating (Cold),Service,ON,Residential,Heating (Cold),NG - Standard Efficiency,lifetime,,,,constant_tech,Years,19,19,19,19,19,19,19,19,19,19,19,
CIMS.CAN.ON.Residential.Dwellings.Building Type.LowMed Density.Vintage.>2035 Bldg Code.Heating (Cold),Service,ON,Residential,Heating (Cold),NG - Standard Efficiency,market_share_total,,,,annual_tech,%,1,,,,,,,,,,,
CIMS.CAN.ON.Residential.Dwellings.Building Type.LowMed Density.Vintage.>2035 Bldg Code.Heating (Cold),Service,ON,Residential,Heating (Cold),NG - Standard Efficiency,output,,,,constant_tech,node unit,31.399776,31.399776,31.399776,31.399776,31.399776,31.399776,31.399776,31.399776,31.399776,31.399776,31.399776,
CIMS.CAN.ON.Residential.Dwellings.Building Type.LowMed Density.Vintage.>2035 Bldg Code.Heating (Cold),Service,ON,Residential,Heating (Cold),NG - Standard Efficiency,fcc,,,,constant_tech,$,5005.382545,5005.382545,5005.382545,5005.382545,5005.382545,5005.382545,5005.382545,5005.382545,5005.382545,5005.382545,5005.382545,
CIMS.CAN.ON.Residential.Dwellings.Building Type.LowMed Density.Vintage.>2035 Bldg Code.Heating (Cold),Service,ON,Residential,Heating (Cold),NG - Standard Efficiency,fom,,,,constant_tech,$,162.6749327,162.6749327,162.6749327,162.6749327,162.6749327,162.6749327,162.6749327,162.6749327,162.6749327,162.6749327,162.6749327,
CIMS.CAN.ON.Residential.Dwellings.Building Type.LowMed Density.Vintage.>2035 Bldg Code.Heating (Cold),Service,ON,Residential,Heating (Cold),NG - Standard Efficiency,service_request,,,CIMS.CAN.ON.Residential.Methane Blend,annual_tech,GJ,1.32911392425,1.32911392425,1.32911392425,1.32911392425,1.32911392425,1.32911392425,1.32911392425,1.32911392425,1.32911392425,1.32911392425,1.32911392425,
CIMS.CAN.ON.Residential.Dwellings.Building Type.LowMed Density.Vintage.>2035 Bldg Code.Heating (Cold),Service,ON,Residential,Heating (Cold),NG - High Efficiency,technology,,,,,,,,,,,,,,,,,
CIMS.CAN.ON.Residential.Dwellings.Building Type.LowMed Density.Vintage.>2035 Bldg Code.Heating (Cold),Service,ON,Residential,Heating (Cold),NG - High Efficiency,available,,,,constant_tech,Year,2000,2000,2000,2000,2000,2000,2000,2000,2000,2000,2000,
CIMS.CAN.ON.Residential.Dwellings.Building Type.LowMed Density.Vintage.>2035 Bldg Code.Heating (Cold),Service,ON,Residential,Heating (Cold),NG - High Efficiency,unavailable,,,,constant_tech,Year,2101,2101,2101,2101,2101,2101,2101,2101,2101,2101,2101,
CIMS.CAN.ON.Residential.Dwellings.Building Type.LowMed Density.Vintage.>2035 Bldg Code.Heating (Cold),Service,ON,Residential,Heating (Cold),NG - High Efficiency,lifetime,,,,constant_tech,Years,19,19,19,19,19,19,19,19,19,19,19,
CIMS.CAN.ON.Residential.Dwellings.Building Type.LowMed Density.Vintage.>2035 Bldg Code.Heating (Cold),Service,ON,Residential,Heating (Cold),NG - High Efficiency,market_share_total,,,,annual_tech,%,0,,,,,,,,,,,
CIMS.CAN.ON.Residential.Dwellings.Building Type.LowMed Density.Vintage.>2035 Bldg Code.Heating (Cold),Service,ON,Residential,Heating (Cold),NG - High Efficiency,output,,,,constant_tech,node unit,31.399776,31.399776,31.399776,31.399776,31.399776,31.399776,31.399776,31.399776,31.399776,31.399776,31.399776,
CIMS.CAN.ON.Residential.Dwellings.Building Type.LowMed Density.Vintage.>2035 Bldg Code.Heating (Cold),Service,ON,Residential,Heating (Cold),NG - High Efficiency,fcc,,,,constant_tech,$,6231.7012692,6231.7012692,6231.7012692,6231.7012692,6231.7012692,6231.7012692,6231.7012692,6231.7012692,6231.7012692,6231.7012692,6231.7012692,
CIMS.CAN.ON.Residential.Dwellings.Building Type.LowMed Density.Vintage.>2035 Bldg Code.Heating (Cold),Service,ON,Residential,Heating (Cold),NG - High Efficiency,fom,,,,constant_tech,$,162.6749327,162.6749327,162.6749327,162.6749327,162.6749327,162.6749327,162.6749327,162.6749327,162.6749327,162.6749327,162.6749327,
CIMS.CAN.ON.Residential.Dwellings.Building Type.LowMed Density.Vintage.>2035 Bldg Code.Heating (Cold),Service,ON,Residential,Heating (Cold),NG - High Efficiency,service_request,,,CIMS.CAN.ON.Residential.Methane Blend,annual_tech,GJ,1.16666666655,1.16666666655,1.16666666655,1.16666666655,1.16666666655,1.16666666655,1.16666666655,1.16666666655,1.16666666655,1.16666666655,1.16666666655,
CIMS.CAN.ON.Residential.Dwellings.Building Type.LowMed Density.Vintage.>2035 Bldg Code.Heating (Cold),Service,ON,Residential,Heating (Cold),NG - ASHP / NG - backup,technology,,,,,,,,,,,,,,,,,
CIMS.CAN.ON.Residential.Dwellings.Building Type.LowMed Density.Vintage.>2035 Bldg Code.Heating (Cold),Service,ON,Residential,Heating (Cold),NG - ASHP / NG - backup,available,,,,constant_tech,Year,2000,2000,2000,2000,2000,2000,2000,2000,2000,2000,2000,
CIMS.CAN.ON.Residential.Dwellings.Building Type.LowMed Density.Vintage.>2035 Bldg Code.Heating (Cold),Service,ON,Residential,Heating (Cold),NG - ASHP / NG - backup,unavailable,,,,constant_tech,Year,2101,2101,2101,2101,2101,2101,2101,2101,2101,2101,2101,
CIMS.CAN.ON.Residential.Dwellings.Building Type.LowMed Density.Vintage.>2035 Bldg Code.Heating (Cold),Service,ON,Residential,Heating (Cold),NG - ASHP / NG - backup,lifetime,,,,constant_tech,Years,15,15,15,15,15,15,15,15,15,15,15,
CIMS.CAN.ON.Residential.Dwellings.Building Type.LowMed Density.Vintage.>2035 Bldg Code.Heating (Cold),Service,ON,Residential,Heating (Cold),NG - ASHP / NG - backup,market_share_total,,,,annual_tech,%,0,,,,,,,,,,,
CIMS.CAN.ON.Residential.Dwellings.Building Type.LowMed Density.Vintage.>2035 Bldg Code.Heating (Cold),Service,ON,Residential,Heating (Cold),NG - ASHP / NG - backup,output,,,,constant_tech,node unit,31.399776,31.399776,31.399776,31.399776,31.399776,31.399776,31.399776,31.399776,31.399776,31.399776,31.399776,
CIMS.CAN.ON.Residential.Dwellings.Building Type.LowMed Density.Vintage.>2035 Bldg Code.Heating (Cold),Service,ON,Residential,Heating (Cold),NG - ASHP / NG - backup,fcc,,,,constant_tech,$,20015.27345,20015.27345,20015.27345,20015.27345,20015.27345,20015.27345,20015.27345,20015.27345,20015.27345,20015.27345,20015.27345,
CIMS.CAN.ON.Residential.Dwellings.Building Type.LowMed Density.Vintage.>2035 Bldg Code.Heating (Cold),Service,ON,Residential,Heating (Cold),NG - ASHP / NG - backup,fom,,,,constant_tech,$,250.2691273,250.2691273,250.2691273,250.2691273,250.2691273,250.2691273,250.2691273,250.2691273,250.2691273,250.2691273,250.2691273,
CIMS.CAN.ON.Residential.Dwellings.Building Type.LowMed Density.Vintage.>2035 Bldg Code.Heating (Cold),Service,ON,Residential,Heating (Cold),NG - ASHP / NG - backup,service_request,,,CIMS.CAN.ON.Residential.Methane Blend,annual_tech,GJ,2.1593627892625,2.1593627892625,2.1593627892625,2.1593627892625,2.1593627892625,2.1593627892625,2.1593627892625,2.1593627892625,2.1593627892625,2.1593627892625,2.1593627892625,
CIMS.CAN.ON.Residential.Dwellings.Building Type.LowMed Density.Vintage.>2035 Bldg Code.Heating (Cold),Service,ON,Residential,Heating (Cold),NG - ASHP / NG - backup,service_request,,,CIMS.CAN.ON.Residential.Dwellings.Building Type.LowMed Density.Cooling,annual_tech,GJ of cooling,-0.004568364,-0.004568364,-0.004568364,-0.004568364,-0.004568364,-0.004568364,-0.004568364,-0.004568364,-0.004568364,-0.004568364,-0.004568364,
CIMS.CAN.ON.Residential.Dwellings.Building Type.LowMed Density.Vintage.>2035 Bldg Code.Heating (Cold),Service,ON,Residential,Heating (Cold),Electric - Standard Efficiency,technology,,,,,,,,,,,,,,,,,
CIMS.CAN.ON.Residential.Dwellings.Building Type.LowMed Density.Vintage.>2035 Bldg Code.Heating (Cold),Service,ON,Residential,Heating (Cold),Electric - Standard Efficiency,available,,,,constant_tech,Year,1950,1950,1950,1950,1950,1950,1950,1950,1950,1950,1950,
CIMS.CAN.ON.Residential.Dwellings.Building Type.LowMed Density.Vintage.>2035 Bldg Code.Heating (Cold),Service,ON,Residential,Heating (Cold),Electric - Standard Efficiency,unavailable,,,,constant_tech,Year,2101,2101,2101,2101,2101,2101,2101,2101,2101,2101,2101,
CIMS.CAN.ON.Residential.Dwellings.Building Type.LowMed Density.Vintage.>2035 Bldg Code.Heating (Cold),Service,ON,Residential,Heating (Cold),Electric - Standard Efficiency,lifetime,,,,constant_tech,Years,22.5,22.5,22.5,22.5,22.5,22.5,22.5,22.5,22.5,22.5,22.5,
CIMS.CAN.ON.Residential.Dwellings.Building Type.LowMed Density.Vintage.>2035 Bldg Code.Heating (Cold),Service,ON,Residential,Heating (Cold),Electric - Standard Efficiency,market_share_total,,,,annual_tech,%,0,,,,,,,,,,,
CIMS.CAN.ON.Residential.Dwellings.Building Type.LowMed Density.Vintage.>2035 Bldg Code.Heating (Cold),Service,ON,Residential,Heating (Cold),Electric - Standard Efficiency,output,,,,constant_tech,node unit,31.399776,31.399776,31.399776,31.399776,31.399776,31.399776,31.399776,31.399776,31.399776,31.399776,31.399776,
CIMS.CAN.ON.Residential.Dwellings.Building Type.LowMed Density.Vintage.>2035 Bldg Code.Heating (Cold),Service,ON,Residential,Heating (Cold),Electric - Standard Efficiency,fcc,,,,constant_tech,$,3822.860919,3822.860919,3822.860919,3822.860919,3822.860919,3822.860919,3822.860919,3822.860919,3822.860919,3822.860919,3822.860919,
CIMS.CAN.ON.Residential.Dwellings.Building Type.LowMed Density.Vintage.>2035 Bldg Code.Heating (Cold),Service,ON,Residential,Heating (Cold),Electric - Standard Efficiency,service_request,,,CIMS.CAN.ON.Electricity,annual_tech,GJ,1,1,1,1,1,1,1,1,1,1,1,
CIMS.CAN.ON.Residential.Dwellings.Building Type.LowMed Density.Vintage.>2035 Bldg Code.Heating (Cold),Service,ON,Residential,Heating (Cold),Electric - ASHP / NG - backup,technology,,,,,,,,,,,,,,,,,
CIMS.CAN.ON.Residential.Dwellings.Building Type.LowMed Density.Vintage.>2035 Bldg Code.Heating (Cold),Service,ON,Residential,Heating (Cold),Electric - ASHP / NG - backup,available,,,,constant_tech,Year,2000,2000,2000,2000,2000,2000,2000,2000,2000,2000,2000,
CIMS.CAN.ON.Residential.Dwellings.Building Type.LowMed Density.Vintage.>2035 Bldg Code.Heating (Cold),Service,ON,Residential,Heating (Cold),Electric - ASHP / NG - backup,unavailable,,,,constant_tech,Year,2101,2101,2101,2101,2101,2101,2101,2101,2101,2101,2101,
CIMS.CAN.ON.Residential.Dwellings.Building Type.LowMed Density.Vintage.>2035 Bldg Code.Heating (Cold),Service,ON,Residential,Heating (Cold),Electric - ASHP / NG - backup,lifetime,,,,constant_tech,Years,15.5,15.5,15.5,15.5,15.5,15.5,15.5,15.5,15.5,15.5,15.5,
CIMS.CAN.ON.Residential.Dwellings.Building Type.LowMed Density.Vintage.>2035 Bldg Code.Heating (Cold),Service,ON,Residential,Heating (Cold),Electric - ASHP / NG - backup,market_share_total,,,,annual_tech,%,0,,,,,,,,,,,
CIMS.CAN.ON.Residential.Dwellings.Building Type.LowMed Density.Vintage.>2035 Bldg Code.Heating (Cold),Service,ON,Residential,Heating (Cold),Electric - ASHP / NG - backup,output,,,,constant_tech,node unit,31.399776,31.399776,31.399776,31.399776,31.399776,31.399776,31.399776,31.399776,31.399776,31.399776,31.399776,
CIMS.CAN.ON.Residential.Dwellings.Building Type.LowMed Density.Vintage.>2035 Bldg Code.Heating (Cold),Service,ON,Residential,Heating (Cold),Electric - ASHP / NG - backup,fcc,,,,constant_tech,$,9647.874856,9647.874856,9647.874856,9647.874856,9647.874856,9647.874856,9647.874856,9647.874856,9647.874856,9647.874856,9647.874856,
CIMS.CAN.ON.Residential.Dwellings.Building Type.LowMed Density.Vintage.>2035 Bldg Code.Heating (Cold),Service,ON,Residential,Heating (Cold),Electric - ASHP / NG - backup,fom,,,,constant_tech,$,269.0393118,269.0393118,269.0393118,269.0393118,269.0393118,269.0393118,269.0393118,269.0393118,269.0393118,269.0393118,269.0393118,
CIMS.CAN.ON.Residential.Dwellings.Building Type.LowMed Density.Vintage.>2035 Bldg Code.Heating (Cold),Service,ON,Residential,Heating (Cold),Electric - ASHP / NG - backup,service_request,,,CIMS.CAN.ON.Electricity,annual_tech,GJ,0.72747607755,0.72747607755,0.72747607755,0.72747607755,0.72747607755,0.72747607755,0.72747607755,0.72747607755,0.72747607755,0.72747607755,0.72747607755,
CIMS.CAN.ON.Residential.Dwellings.Building Type.LowMed Density.Vintage.>2035 Bldg Code.Heating (Cold),Service,ON,Residential,Heating (Cold),Electric - ASHP / NG - backup,service_request,,,CIMS.CAN.ON.Residential.Methane Blend,annual_tech,GJ,0.0583333333275,0.0583333333275,0.0583333333275,0.0583333333275,0.0583333333275,0.0583333333275,0.0583333333275,0.0583333333275,0.0583333333275,0.0583333333275,0.0583333333275,
CIMS.CAN.ON.Residential.Dwellings.Building Type.LowMed Density.Vintage.>2035 Bldg Code.Heating (Cold),Service,ON,Residential,Heating (Cold),Electric - ASHP / NG - backup,service_request,,,CIMS.CAN.ON.Residential.Dwellings.Building Type.LowMed Density.Cooling,annual_tech,GJ of cooling,-0.004568364,-0.004568364,-0.004568364,-0.004568364,-0.004568364,-0.004568364,-0.004568364,-0.004568364,-0.004568364,-0.004568364,-0.004568364,
CIMS.CAN.ON.Residential.Dwellings.Building Type.LowMed Density.Vintage.>2035 Bldg Code.Heating (Cold),Service,ON,Residential,Heating (Cold),Electric - ASHP / Electric - backup,technology,,,,,,,,,,,,,,,,,
CIMS.CAN.ON.Residential.Dwellings.Building Type.LowMed Density.Vintage.>2035 Bldg Code.Heating (Cold),Service,ON,Residential,Heating (Cold),Electric - ASHP / Electric - backup,available,,,,constant_tech,Year,2000,2000,2000,2000,2000,2000,2000,2000,2000,2000,2000,
CIMS.CAN.ON.Residential.Dwellings.Building Type.LowMed Density.Vintage.>2035 Bldg Code.Heating (Cold),Service,ON,Residential,Heating (Cold),Electric - ASHP / Electric - backup,unavailable,,,,constant_tech,Year,2101,2101,2101,2101,2101,2101,2101,2101,2101,2101,2101,
CIMS.CAN.ON.Residential.Dwellings.Building Type.LowMed Density.Vintage.>2035 Bldg Code.Heating (Cold),Service,ON,Residential,Heating (Cold),Electric - ASHP / Electric - backup,lifetime,,,,constant_tech,Years,15.5,15.5,15.5,15.5,15.5,15.5,15.5,15.5,15.5,15.5,15.5,
CIMS.CAN.ON.Residential.Dwellings.Building Type.LowMed Density.Vintage.>2035 Bldg Code.Heating (Cold),Service,ON,Residential,Heating (Cold),Electric - ASHP / Electric - backup,market_share_total,,,,annual_tech,%,0,,,,,,,,,,,
CIMS.CAN.ON.Residential.Dwellings.Building Type.LowMed Density.Vintage.>2035 Bldg Code.Heating (Cold),Service,ON,Residential,Heating (Cold),Electric - ASHP / Electric - backup,output,,,,constant_tech,node unit,31.399776,31.399776,31.399776,31.399776,31.399776,31.399776,31.399776,31.399776,31.399776,31.399776,31.399776,
CIMS.CAN.ON.Residential.Dwellings.Building Type.LowMed Density.Vintage.>2035 Bldg Code.Heating (Cold),Service,ON,Residential,Heating (Cold),Electric - ASHP / Electric - backup,fcc,,,,constant_tech,$,9373.830161,9373.830161,9373.830161,9373.830161,9373.830161,9373.830161,9373.830161,9373.830161,9373.830161,9373.830161,9373.830161,
CIMS.CAN.ON.Residential.Dwellings.Building Type.LowMed Density.Vintage.>2035 Bldg Code.Heating (Cold),Service,ON,Residential,Heating (Cold),Electric - ASHP / Electric - backup,fom,,,,constant_tech,$,106.3643791,106.3643791,106.3643791,106.3643791,106.3643791,106.3643791,106.3643791,106.3643791,106.3643791,106.3643791,106.3643791,
CIMS.CAN.ON.Residential.Dwellings.Building Type.LowMed Density.Vintage.>2035 Bldg Code.Heating (Cold),Service,ON,Residential,Heating (Cold),Electric - ASHP / Electric - backup,service_request,,,CIMS.CAN.ON.Electricity,annual_tech,GJ,0.77747607755,0.77747607755,0.77747607755,0.77747607755,0.77747607755,0.77747607755,0.77747607755,0.77747607755,0.77747607755,0.77747607755,0.77747607755,
CIMS.CAN.ON.Residential.Dwellings.Building Type.LowMed Density.Vintage.>2035 Bldg Code.Heating (Cold),Service,ON,Residential,Heating (Cold),Electric - ASHP / Electric - backup,service_request,,,CIMS.CAN.ON.Residential.Dwellings.Building Type.LowMed Density.Cooling,annual_tech,GJ of cooling,-0.004568364,-0.004568364,-0.004568364,-0.004568364,-0.004568364,-0.004568364,-0.004568364,-0.004568364,-0.004568364,-0.004568364,-0.004568364,
CIMS.CAN.ON.Residential.Dwellings.Building Type.LowMed Density.Vintage.>2035 Bldg Code.Heating (Cold),Service,ON,Residential,Heating (Cold),Electric - GSHP,technology,,,,,,,,,,,,,,,,,
CIMS.CAN.ON.Residential.Dwellings.Building Type.LowMed Density.Vintage.>2035 Bldg Code.Heating (Cold),Service,ON,Residential,Heating (Cold),Electric - GSHP,available,,,,constant_tech,Year,2000,2000,2000,2000,2000,2000,2000,2000,2000,2000,2000,
CIMS.CAN.ON.Residential.Dwellings.Building Type.LowMed Density.Vintage.>2035 Bldg Code.Heating (Cold),Service,ON,Residential,Heating (Cold),Electric - GSHP,unavailable,,,,constant_tech,Year,2101,2101,2101,2101,2101,2101,2101,2101,2101,2101,2101,
CIMS.CAN.ON.Residential.Dwellings.Building Type.LowMed Density.Vintage.>2035 Bldg Code.Heating (Cold),Service,ON,Residential,Heating (Cold),Electric - GSHP,lifetime,,,,constant_tech,Years,20,20,20,20,20,20,20,20,20,20,20,
CIMS.CAN.ON.Residential.Dwellings.Building Type.LowMed Density.Vintage.>2035 Bldg Code.Heating (Cold),Service,ON,Residential,Heating (Cold),Electric - GSHP,market_share_total,,,,annual_tech,%,0,,,,,,,,,,,
CIMS.CAN.ON.Residential.Dwellings.Building Type.LowMed Density.Vintage.>2035 Bldg Code.Heating (Cold),Service,ON,Residential,Heating (Cold),Electric - GSHP,output,,,,constant_tech,node unit,31.399776,31.399776,31.399776,31.399776,31.399776,31.399776,31.399776,31.399776,31.399776,31.399776,31.399776,
CIMS.CAN.ON.Residential.Dwellings.Building Type.LowMed Density.Vintage.>2035 Bldg Code.Heating (Cold),Service,ON,Residential,Heating (Cold),Electric - GSHP,fcc,,,,constant_tech,$,23775.56709,23775.56709,23775.56709,23775.56709,23775.56709,23775.56709,23775.56709,23775.56709,23775.56709,23775.56709,23775.56709,
CIMS.CAN.ON.Residential.Dwellings.Building Type.LowMed Density.Vintage.>2035 Bldg Code.Heating (Cold),Service,ON,Residential,Heating (Cold),Electric - GSHP,fom,,,,constant_tech,$,112.6211073,112.6211073,112.6211073,112.6211073,112.6211073,112.6211073,112.6211073,112.6211073,112.6211073,112.6211073,112.6211073,
CIMS.CAN.ON.Residential.Dwellings.Building Type.LowMed Density.Vintage.>2035 Bldg Code.Heating (Cold),Service,ON,Residential,Heating (Cold),Electric - GSHP,service_request,,,CIMS.CAN.ON.Electricity,annual_tech,GJ,0.486428472,0.486428472,0.486428472,0.486428472,0.486428472,0.486428472,0.486428472,0.486428472,0.486428472,0.486428472,0.486428472,
CIMS.CAN.ON.Residential.Dwellings.Building Type.LowMed Density.Vintage.>2035 Bldg Code.Heating (Cold),Service,ON,Residential,Heating (Cold),Electric - GSHP,service_request,,,CIMS.CAN.ON.Residential.Dwellings.Building Type.LowMed Density.Cooling,annual_tech,GJ of cooling,-0.004568364,-0.004568364,-0.004568364,-0.004568364,-0.004568364,-0.004568364,-0.004568364,-0.004568364,-0.004568364,-0.004568364,-0.004568364,
CIMS.CAN.ON.Residential.Dwellings.Building Type.LowMed Density.Vintage.>2035 Bldg Code.Heating (Cold),Service,ON,Residential,Heating (Cold),Heating Oil - Standard Efficiency,technology,,,,,,,,,,,,,,,,,
CIMS.CAN.ON.Residential.Dwellings.Building Type.LowMed Density.Vintage.>2035 Bldg Code.Heating (Cold),Service,ON,Residential,Heating (Cold),Heating Oil - Standard Efficiency,available,,,,constant_tech,Year,1950,1950,1950,1950,1950,1950,1950,1950,1950,1950,1950,
CIMS.CAN.ON.Residential.Dwellings.Building Type.LowMed Density.Vintage.>2035 Bldg Code.Heating (Cold),Service,ON,Residential,Heating (Cold),Heating Oil - Standard Efficiency,unavailable,,,,constant_tech,Year,2021,2021,2021,2021,2021,2021,2021,2021,2021,2021,2021,
CIMS.CAN.ON.Residential.Dwellings.Building Type.LowMed Density.Vintage.>2035 Bldg Code.Heating (Cold),Service,ON,Residential,Heating (Cold),Heating Oil - Standard Efficiency,lifetime,,,,constant_tech,Years,23,23,23,23,23,23,23,23,23,23,23,
CIMS.CAN.ON.Residential.Dwellings.Building Type.LowMed Density.Vintage.>2035 Bldg Code.Heating (Cold),Service,ON,Residential,Heating (Cold),Heating Oil - Standard Efficiency,market_share_total,,,,annual_tech,%,0,,,,,,,,,,,
CIMS.CAN.ON.Residential.Dwellings.Building Type.LowMed Density.Vintage.>2035 Bldg Code.Heating (Cold),Service,ON,Residential,Heating (Cold),Heating Oil - Standard Efficiency,output,,,,constant_tech,node unit,31.399776,31.399776,31.399776,31.399776,31.399776,31.399776,31.399776,31.399776,31.399776,31.399776,31.399776,
CIMS.CAN.ON.Residential.Dwellings.Building Type.LowMed Density.Vintage.>2035 Bldg Code.Heating (Cold),Service,ON,Residential,Heating (Cold),Heating Oil - Standard Efficiency,fcc,,,,constant_tech,$,6444.430027,6444.430027,6444.430027,6444.430027,6444.430027,6444.430027,6444.430027,6444.430027,6444.430027,6444.430027,6444.430027,
CIMS.CAN.ON.Residential.Dwellings.Building Type.LowMed Density.Vintage.>2035 Bldg Code.Heating (Cold),Service,ON,Residential,Heating (Cold),Heating Oil - Standard Efficiency,fom,,,,constant_tech,$,100.1076509,100.1076509,100.1076509,100.1076509,100.1076509,100.1076509,100.1076509,100.1076509,100.1076509,100.1076509,100.1076509,
CIMS.CAN.ON.Residential.Dwellings.Building Type.LowMed Density.Vintage.>2035 Bldg Code.Heating (Cold),Service,ON,Residential,Heating (Cold),Heating Oil - Standard Efficiency,service_request,,,CIMS.Generic Fuels.Fuel Oil,annual_tech,GJ,1.282051282,1.282051282,1.282051282,1.282051282,1.282051282,1.282051282,1.282051282,1.282051282,1.282051282,1.282051282,1.282051282,
CIMS.CAN.ON.Residential.Dwellings.Building Type.LowMed Density.Vintage.>2035 Bldg Code.Heating (Cold),Service,ON,Residential,Heating (Cold),Heating Oil - High Efficiency,technology,,,,,,,,,,,,,,,,,
CIMS.CAN.ON.Residential.Dwellings.Building Type.LowMed Density.Vintage.>2035 Bldg Code.Heating (Cold),Service,ON,Residential,Heating (Cold),Heating Oil - High Efficiency,available,,,,constant_tech,Year,2000,2000,2000,2000,2000,2000,2000,2000,2000,2000,2000,
CIMS.CAN.ON.Residential.Dwellings.Building Type.LowMed Density.Vintage.>2035 Bldg Code.Heating (Cold),Service,ON,Residential,Heating (Cold),Heating Oil - High Efficiency,unavailable,,,,constant_tech,Year,2101,2101,2101,2101,2101,2101,2101,2101,2101,2101,2101,
CIMS.CAN.ON.Residential.Dwellings.Building Type.LowMed Density.Vintage.>2035 Bldg Code.Heating (Cold),Service,ON,Residential,Heating (Cold),Heating Oil - High Efficiency,lifetime,,,,constant_tech,Years,23,23,23,23,23,23,23,23,23,23,23,
CIMS.CAN.ON.Residential.Dwellings.Building Type.LowMed Density.Vintage.>2035 Bldg Code.Heating (Cold),Service,ON,Residential,Heating (Cold),Heating Oil - High Efficiency,market_share_total,,,,annual_tech,%,0,,,,,,,,,,,
CIMS.CAN.ON.Residential.Dwellings.Building Type.LowMed Density.Vintage.>2035 Bldg Code.Heating (Cold),Service,ON,Residential,Heating (Cold),Heating Oil - High Efficiency,output,,,,constant_tech,node unit,31.399776,31.399776,31.399776,31.399776,31.399776,31.399776,31.399776,31.399776,31.399776,31.399776,31.399776,
CIMS.CAN.ON.Residential.Dwellings.Building Type.LowMed Density.Vintage.>2035 Bldg Code.Heating (Cold),Service,ON,Residential,Heating (Cold),Heating Oil - High Efficiency,fcc,,,,constant_tech,$,9541.510477,9541.510477,9541.510477,9541.510477,9541.510477,9541.510477,9541.510477,9541.510477,9541.510477,9541.510477,9541.510477,
CIMS.CAN.ON.Residential.Dwellings.Building Type.LowMed Density.Vintage.>2035 Bldg Code.Heating (Cold),Service,ON,Residential,Heating (Cold),Heating Oil - High Efficiency,fom,,,,constant_tech,$,100.1076509,100.1076509,100.1076509,100.1076509,100.1076509,100.1076509,100.1076509,100.1076509,100.1076509,100.1076509,100.1076509,
CIMS.CAN.ON.Residential.Dwellings.Building Type.LowMed Density.Vintage.>2035 Bldg Code.Heating (Cold),Service,ON,Residential,Heating (Cold),Heating Oil - High Efficiency,service_request,,,CIMS.Generic Fuels.Fuel Oil,annual_tech,GJ,1.162790698,1.162790698,1.162790698,1.162790698,1.162790698,1.162790698,1.162790698,1.162790698,1.162790698,1.162790698,1.162790698,
CIMS.CAN.ON.Residential.Dwellings.Building Type.LowMed Density.Vintage.>2035 Bldg Code.Heating (Cold),Service,ON,Residential,Heating (Cold),Wood,technology,,,,,,,,,,,,,,,,,
CIMS.CAN.ON.Residential.Dwellings.Building Type.LowMed Density.Vintage.>2035 Bldg Code.Heating (Cold),Service,ON,Residential,Heating (Cold),Wood,available,,,,constant_tech,Year,1950,1950,1950,1950,1950,1950,1950,1950,1950,1950,1950,
CIMS.CAN.ON.Residential.Dwellings.Building Type.LowMed Density.Vintage.>2035 Bldg Code.Heating (Cold),Service,ON,Residential,Heating (Cold),Wood,unavailable,,,,constant_tech,Year,2101,2101,2101,2101,2101,2101,2101,2101,2101,2101,2101,
CIMS.CAN.ON.Residential.Dwellings.Building Type.LowMed Density.Vintage.>2035 Bldg Code.Heating (Cold),Service,ON,Residential,Heating (Cold),Wood,lifetime,,,,constant_tech,Years,18.5,18.5,18.5,18.5,18.5,18.5,18.5,18.5,18.5,18.5,18.5,
CIMS.CAN.ON.Residential.Dwellings.Building Type.LowMed Density.Vintage.>2035 Bldg Code.Heating (Cold),Service,ON,Residential,Heating (Cold),Wood,market_share_total,,,,annual_tech,%,0,,,,,,,,,,,
CIMS.CAN.ON.Residential.Dwellings.Building Type.LowMed Density.Vintage.>2035 Bldg Code.Heating (Cold),Service,ON,Residential,Heating (Cold),Wood,output,,,,constant_tech,node unit,31.399776,31.399776,31.399776,31.399776,31.399776,31.399776,31.399776,31.399776,31.399776,31.399776,31.399776,
CIMS.CAN.ON.Residential.Dwellings.Building Type.LowMed Density.Vintage.>2035 Bldg Code.Heating (Cold),Service,ON,Residential,Heating (Cold),Wood,fcc,,,,constant_tech,$,8000.269768,8000.269768,8000.269768,8000.269768,8000.269768,8000.269768,8000.269768,8000.269768,8000.269768,8000.269768,8000.269768,
CIMS.CAN.ON.Residential.Dwellings.Building Type.LowMed Density.Vintage.>2035 Bldg Code.Heating (Cold),Service,ON,Residential,Heating (Cold),Wood,fom,,,,constant_tech,$,250.2691273,250.2691273,250.2691273,250.2691273,250.2691273,250.2691273,250.2691273,250.2691273,250.2691273,250.2691273,250.2691273,
CIMS.CAN.ON.Residential.Dwellings.Building Type.LowMed Density.Vintage.>2035 Bldg Code.Heating (Cold),Service,ON,Residential,Heating (Cold),Wood,service_request,,,CIMS.Generic Fuels.Solid Biomass,annual_tech,GJ,2,2,2,2,2,2,2,2,2,2,2,
CIMS.CAN.ON.Residential.Dwellings.Building Type.LowMed Density.Cooling,Service,ON,Residential,Cooling,,service_provide,,,,constant_tech,GJ of cooling,,,,,,,,,,,,
CIMS.CAN.ON.Residential.Dwellings.Building Type.LowMed Density.Cooling,Service,ON,Residential,Cooling,,competition,Fixed Ratio,,,,,,,,,,,,,,,,
CIMS.CAN.ON.Residential.Dwellings.Building Type.LowMed Density.Cooling,Service,ON,Residential,Cooling,,inheritance,intercept_retirement,,,constant_tech,,FALSE,FALSE,FALSE,FALSE,FALSE,FALSE,FALSE,FALSE,FALSE,FALSE,FALSE,
CIMS.CAN.ON.Residential.Dwellings.Building Type.LowMed Density.Cooling,Service,ON,Residential,Cooling,,service_request,,,CIMS.CAN.ON.Residential.Dwellings.Building Type.LowMed Density.Cooling.Central,annual_region,GJ,0.86035643775032,0.88702473612532,0.90380837676071,0.93485324716969,0.95675132743999,0.95675132743999,0.95675132743999,0.95675132743999,0.95675132743999,0.95675132743999,0.95675132743999,
CIMS.CAN.ON.Residential.Dwellings.Building Type.LowMed Density.Cooling,Service,ON,Residential,Cooling,,service_request,,,CIMS.CAN.ON.Residential.Dwellings.Building Type.LowMed Density.Cooling.Room,annual_region,GJ,0.13964356224968,0.11297526387468,0.09619162323929,0.06514675283031,0.04324867256001,0.04324867256001,0.04324867256001,0.04324867256001,0.04324867256001,0.04324867256001,0.04324867256001,
CIMS.CAN.ON.Residential.Dwellings.Building Type.LowMed Density.Cooling.Central,Service,ON,Residential,Central,,service_provide,,,,constant_tech,GJ of cooling,,,,,,,,,,,,
CIMS.CAN.ON.Residential.Dwellings.Building Type.LowMed Density.Cooling.Central,Service,ON,Residential,Central,,competition,Tech Compete,,,,,,,,,,,,,,,,
CIMS.CAN.ON.Residential.Dwellings.Building Type.LowMed Density.Cooling.Central,Service,ON,Residential,Central,,discount_rate_financial,,,,constant_tech,%,0.25,0.25,0.25,0.25,0.25,0.25,0.25,0.25,0.25,0.25,0.25,
CIMS.CAN.ON.Residential.Dwellings.Building Type.LowMed Density.Cooling.Central,Service,ON,Residential,Central,,heterogeneity,,,,constant_tech,,10,10,10,10,10,10,10,10,10,10,10,
CIMS.CAN.ON.Residential.Dwellings.Building Type.LowMed Density.Cooling.Central,Service,ON,Residential,Central,Central - Existing,technology,,,,,,,,,,,,,,,,,
CIMS.CAN.ON.Residential.Dwellings.Building Type.LowMed Density.Cooling.Central,Service,ON,Residential,Central,Central - Existing,available,,,,constant_tech,Year,1990,1990,1990,1990,1990,1990,1990,1990,1990,1990,1990,
CIMS.CAN.ON.Residential.Dwellings.Building Type.LowMed Density.Cooling.Central,Service,ON,Residential,Central,Central - Existing,unavailable,,,,constant_tech,Year,2001,2001,2001,2001,2001,2001,2001,2001,2001,2001,2001,
CIMS.CAN.ON.Residential.Dwellings.Building Type.LowMed Density.Cooling.Central,Service,ON,Residential,Central,Central - Existing,lifetime,,,,constant_tech,Years,18,18,18,18,18,18,18,18,18,18,18,
CIMS.CAN.ON.Residential.Dwellings.Building Type.LowMed Density.Cooling.Central,Service,ON,Residential,Central,Central - Existing,market_share_total,,,,annual_tech,%,1,,,,,,,,,,,
CIMS.CAN.ON.Residential.Dwellings.Building Type.LowMed Density.Cooling.Central,Service,ON,Residential,Central,Central - Existing,output,,,,constant_tech,node unit,12.76,12.76,12.76,12.76,12.76,12.76,12.76,12.76,12.76,12.76,12.76,
CIMS.CAN.ON.Residential.Dwellings.Building Type.LowMed Density.Cooling.Central,Service,ON,Residential,Central,Central - Existing,fcc,,,,constant_tech,$,5005.38,5005.38,5005.38,5005.38,5005.38,5005.38,5005.38,5005.38,5005.38,5005.38,5005.38,
CIMS.CAN.ON.Residential.Dwellings.Building Type.LowMed Density.Cooling.Central,Service,ON,Residential,Central,Central - Existing,fom,,,,constant_tech,$,106.36,106.36,106.36,106.36,106.36,106.36,106.36,106.36,106.36,106.36,106.36,
CIMS.CAN.ON.Residential.Dwellings.Building Type.LowMed Density.Cooling.Central,Service,ON,Residential,Central,Central - Existing,service_request,,,CIMS.CAN.ON.Electricity,annual_tech,GJ,0.355812796,0.355812796,0.355812796,0.355812796,0.355812796,0.355812796,0.355812796,0.355812796,0.355812796,0.355812796,0.355812796,
CIMS.CAN.ON.Residential.Dwellings.Building Type.LowMed Density.Cooling.Central,Service,ON,Residential,Central,Central - SEER 12,technology,,,,,,,,,,,,,,,,,
CIMS.CAN.ON.Residential.Dwellings.Building Type.LowMed Density.Cooling.Central,Service,ON,Residential,Central,Central - SEER 12,available,,,,constant_tech,Year,2000,2000,2000,2000,2000,2000,2000,2000,2000,2000,2000,
CIMS.CAN.ON.Residential.Dwellings.Building Type.LowMed Density.Cooling.Central,Service,ON,Residential,Central,Central - SEER 12,unavailable,,,,constant_tech,Year,2101,2101,2101,2101,2101,2101,2101,2101,2101,2101,2101,
CIMS.CAN.ON.Residential.Dwellings.Building Type.LowMed Density.Cooling.Central,Service,ON,Residential,Central,Central - SEER 12,lifetime,,,,constant_tech,Years,18,18,18,18,18,18,18,18,18,18,18,
CIMS.CAN.ON.Residential.Dwellings.Building Type.LowMed Density.Cooling.Central,Service,ON,Residential,Central,Central - SEER 12,market_share_total,,,,annual_tech,%,0,,,,,,,,,,,
CIMS.CAN.ON.Residential.Dwellings.Building Type.LowMed Density.Cooling.Central,Service,ON,Residential,Central,Central - SEER 12,output,,,,constant_tech,node unit,16.03,16.03,16.03,16.03,16.03,16.03,16.03,16.03,16.03,16.03,16.03,
CIMS.CAN.ON.Residential.Dwellings.Building Type.LowMed Density.Cooling.Central,Service,ON,Residential,Central,Central - SEER 12,fcc,,,,constant_tech,$,6569.56,6569.56,6569.56,6569.56,6569.56,6569.56,6569.56,6569.56,6569.56,6569.56,6569.56,
CIMS.CAN.ON.Residential.Dwellings.Building Type.LowMed Density.Cooling.Central,Service,ON,Residential,Central,Central - SEER 12,fom,,,,constant_tech,$,106.36,106.36,106.36,106.36,106.36,106.36,106.36,106.36,106.36,106.36,106.36,
CIMS.CAN.ON.Residential.Dwellings.Building Type.LowMed Density.Cooling.Central,Service,ON,Residential,Central,Central - SEER 12,service_request,,,CIMS.CAN.ON.Electricity,annual_tech,GJ,0.284345097,0.284345097,0.284345097,0.284345097,0.284345097,0.284345097,0.284345097,0.284345097,0.284345097,0.284345097,0.284345097,
CIMS.CAN.ON.Residential.Dwellings.Building Type.LowMed Density.Cooling.Central,Service,ON,Residential,Central,Central - SEER 14,technology,,,,,,,,,,,,,,,,,
CIMS.CAN.ON.Residential.Dwellings.Building Type.LowMed Density.Cooling.Central,Service,ON,Residential,Central,Central - SEER 14,available,,,,constant_tech,Year,2015,2015,2015,2015,2015,2015,2015,2015,2015,2015,2015,
CIMS.CAN.ON.Residential.Dwellings.Building Type.LowMed Density.Cooling.Central,Service,ON,Residential,Central,Central - SEER 14,unavailable,,,,constant_tech,Year,2101,2101,2101,2101,2101,2101,2101,2101,2101,2101,2101,
CIMS.CAN.ON.Residential.Dwellings.Building Type.LowMed Density.Cooling.Central,Service,ON,Residential,Central,Central - SEER 14,lifetime,,,,constant_tech,Years,18,18,18,18,18,18,18,18,18,18,18,
CIMS.CAN.ON.Residential.Dwellings.Building Type.LowMed Density.Cooling.Central,Service,ON,Residential,Central,Central - SEER 14,market_share_total,,,,annual_tech,%,0,,,,,,,,,,,
CIMS.CAN.ON.Residential.Dwellings.Building Type.LowMed Density.Cooling.Central,Service,ON,Residential,Central,Central - SEER 14,output,,,,constant_tech,node unit,18.7,18.7,18.7,18.7,18.7,18.7,18.7,18.7,18.7,18.7,18.7,
CIMS.CAN.ON.Residential.Dwellings.Building Type.LowMed Density.Cooling.Central,Service,ON,Residential,Central,Central - SEER 14,fcc,,,,constant_tech,$,7483.05,7483.05,7483.05,7483.05,7483.05,7483.05,7483.05,7483.05,7483.05,7483.05,7483.05,
CIMS.CAN.ON.Residential.Dwellings.Building Type.LowMed Density.Cooling.Central,Service,ON,Residential,Central,Central - SEER 14,fom,,,,constant_tech,$,106.36,106.36,106.36,106.36,106.36,106.36,106.36,106.36,106.36,106.36,106.36,
CIMS.CAN.ON.Residential.Dwellings.Building Type.LowMed Density.Cooling.Central,Service,ON,Residential,Central,Central - SEER 14,service_request,,,CIMS.CAN.ON.Electricity,annual_tech,GJ,0.243724369,0.243724369,0.243724369,0.243724369,0.243724369,0.243724369,0.243724369,0.243724369,0.243724369,0.243724369,0.243724369,
CIMS.CAN.ON.Residential.Dwellings.Building Type.LowMed Density.Cooling.Room,Service,ON,Residential,Room,,service_provide,,,,constant_tech,GJ of cooling,,,,,,,,,,,,
CIMS.CAN.ON.Residential.Dwellings.Building Type.LowMed Density.Cooling.Room,Service,ON,Residential,Room,,competition,Tech Compete,,,,,,,,,,,,,,,,
CIMS.CAN.ON.Residential.Dwellings.Building Type.LowMed Density.Cooling.Room,Service,ON,Residential,Room,,discount_rate_financial,,,,constant_tech,%,0.25,0.25,0.25,0.25,0.25,0.25,0.25,0.25,0.25,0.25,0.25,
CIMS.CAN.ON.Residential.Dwellings.Building Type.LowMed Density.Cooling.Room,Service,ON,Residential,Room,,heterogeneity,,,,constant_tech,,10,10,10,10,10,10,10,10,10,10,10,
CIMS.CAN.ON.Residential.Dwellings.Building Type.LowMed Density.Cooling.Room,Service,ON,Residential,Room,Room - Existing,technology,,,,,,,,,,,,,,,,,
CIMS.CAN.ON.Residential.Dwellings.Building Type.LowMed Density.Cooling.Room,Service,ON,Residential,Room,Room - Existing,available,,,,constant_tech,Year,1990,1990,1990,1990,1990,1990,1990,1990,1990,1990,1990,
CIMS.CAN.ON.Residential.Dwellings.Building Type.LowMed Density.Cooling.Room,Service,ON,Residential,Room,Room - Existing,unavailable,,,,constant_tech,Year,2001,2001,2001,2001,2001,2001,2001,2001,2001,2001,2001,
CIMS.CAN.ON.Residential.Dwellings.Building Type.LowMed Density.Cooling.Room,Service,ON,Residential,Room,Room - Existing,lifetime,,,,constant_tech,Years,13,13,13,13,13,13,13,13,13,13,13,
CIMS.CAN.ON.Residential.Dwellings.Building Type.LowMed Density.Cooling.Room,Service,ON,Residential,Room,Room - Existing,market_share_total,,,,annual_tech,%,1,,,,,,,,,,,
CIMS.CAN.ON.Residential.Dwellings.Building Type.LowMed Density.Cooling.Room,Service,ON,Residential,Room,Room - Existing,output,,,,constant_tech,node unit,3.06,3.06,3.06,3.06,3.06,3.06,3.06,3.06,3.06,3.06,3.06,
CIMS.CAN.ON.Residential.Dwellings.Building Type.LowMed Density.Cooling.Room,Service,ON,Residential,Room,Room - Existing,fcc,,,,constant_tech,$,919.74,919.74,919.74,919.74,919.74,919.74,919.74,919.74,919.74,919.74,919.74,
CIMS.CAN.ON.Residential.Dwellings.Building Type.LowMed Density.Cooling.Room,Service,ON,Residential,Room,Room - Existing,service_request,,,CIMS.CAN.ON.Electricity,annual_tech,GJ,0.413347416,0.413347416,0.413347416,0.413347416,0.413347416,0.413347416,0.413347416,0.413347416,0.413347416,0.413347416,0.413347416,
CIMS.CAN.ON.Residential.Dwellings.Building Type.LowMed Density.Cooling.Room,Service,ON,Residential,Room,Room - CEER 10,technology,,,,,,,,,,,,,,,,,
CIMS.CAN.ON.Residential.Dwellings.Building Type.LowMed Density.Cooling.Room,Service,ON,Residential,Room,Room - CEER 10,available,,,,constant_tech,Year,2000,2000,2000,2000,2000,2000,2000,2000,2000,2000,2000,
CIMS.CAN.ON.Residential.Dwellings.Building Type.LowMed Density.Cooling.Room,Service,ON,Residential,Room,Room - CEER 10,unavailable,,,,constant_tech,Year,2101,2101,2101,2101,2101,2101,2101,2101,2101,2101,2101,
CIMS.CAN.ON.Residential.Dwellings.Building Type.LowMed Density.Cooling.Room,Service,ON,Residential,Room,Room - CEER 10,lifetime,,,,constant_tech,Years,13,13,13,13,13,13,13,13,13,13,13,
CIMS.CAN.ON.Residential.Dwellings.Building Type.LowMed Density.Cooling.Room,Service,ON,Residential,Room,Room - CEER 10,market_share_total,,,,annual_tech,%,0,,,,,,,,,,,
CIMS.CAN.ON.Residential.Dwellings.Building Type.LowMed Density.Cooling.Room,Service,ON,Residential,Room,Room - CEER 10,output,,,,constant_tech,node unit,3.71,3.71,3.71,3.71,3.71,3.71,3.71,3.71,3.71,3.71,3.71,
CIMS.CAN.ON.Residential.Dwellings.Building Type.LowMed Density.Cooling.Room,Service,ON,Residential,Room,Room - CEER 10,fcc,,,,constant_tech,$,700.75,700.75,700.75,700.75,700.75,700.75,700.75,700.75,700.75,700.75,700.75,
CIMS.CAN.ON.Residential.Dwellings.Building Type.LowMed Density.Cooling.Room,Service,ON,Residential,Room,Room - CEER 10,service_request,,,CIMS.CAN.ON.Electricity,annual_tech,GJ,0.341214117,0.341214117,0.341214117,0.341214117,0.341214117,0.341214117,0.341214117,0.341214117,0.341214117,0.341214117,0.341214117,
CIMS.CAN.ON.Residential.Dwellings.Building Type.LowMed Density.Cooling.Room,Service,ON,Residential,Room,Room - CEER 12,technology,,,,,,,,,,,,,,,,,
CIMS.CAN.ON.Residential.Dwellings.Building Type.LowMed Density.Cooling.Room,Service,ON,Residential,Room,Room - CEER 12,available,,,,constant_tech,Year,2015,2015,2015,2015,2015,2015,2015,2015,2015,2015,2015,
CIMS.CAN.ON.Residential.Dwellings.Building Type.LowMed Density.Cooling.Room,Service,ON,Residential,Room,Room - CEER 12,unavailable,,,,constant_tech,Year,2101,2101,2101,2101,2101,2101,2101,2101,2101,2101,2101,
CIMS.CAN.ON.Residential.Dwellings.Building Type.LowMed Density.Cooling.Room,Service,ON,Residential,Room,Room - CEER 12,lifetime,,,,constant_tech,Years,13,13,13,13,13,13,13,13,13,13,13,
CIMS.CAN.ON.Residential.Dwellings.Building Type.LowMed Density.Cooling.Room,Service,ON,Residential,Room,Room - CEER 12,market_share_total,,,,annual_tech,%,0,,,,,,,,,,,
CIMS.CAN.ON.Residential.Dwellings.Building Type.LowMed Density.Cooling.Room,Service,ON,Residential,Room,Room - CEER 12,output,,,,constant_tech,node unit,4.45,4.45,4.45,4.45,4.45,4.45,4.45,4.45,4.45,4.45,4.45,
CIMS.CAN.ON.Residential.Dwellings.Building Type.LowMed Density.Cooling.Room,Service,ON,Residential,Room,Room - CEER 12,fcc,,,,constant_tech,$,707.01,707.01,707.01,707.01,707.01,707.01,707.01,707.01,707.01,707.01,707.01,
CIMS.CAN.ON.Residential.Dwellings.Building Type.LowMed Density.Cooling.Room,Service,ON,Residential,Room,Room - CEER 12,service_request,,,CIMS.CAN.ON.Electricity,annual_tech,GJ,0.284345097,0.284345097,0.284345097,0.284345097,0.284345097,0.284345097,0.284345097,0.284345097,0.284345097,0.284345097,0.284345097,
CIMS.CAN.ON.Residential.Dwellings.Building Type.LowMed Density.Cooling.Room,Service,ON,Residential,Room,Room - CEER 14,technology,,,,,,,,,,,,,,,,,
CIMS.CAN.ON.Residential.Dwellings.Building Type.LowMed Density.Cooling.Room,Service,ON,Residential,Room,Room - CEER 14,available,,,,constant_tech,Year,2015,2015,2015,2015,2015,2015,2015,2015,2015,2015,2015,
CIMS.CAN.ON.Residential.Dwellings.Building Type.LowMed Density.Cooling.Room,Service,ON,Residential,Room,Room - CEER 14,unavailable,,,,constant_tech,Year,2101,2101,2101,2101,2101,2101,2101,2101,2101,2101,2101,
CIMS.CAN.ON.Residential.Dwellings.Building Type.LowMed Density.Cooling.Room,Service,ON,Residential,Room,Room - CEER 14,lifetime,,,,constant_tech,Years,18,18,18,18,18,18,18,18,18,18,18,
CIMS.CAN.ON.Residential.Dwellings.Building Type.LowMed Density.Cooling.Room,Service,ON,Residential,Room,Room - CEER 14,market_share_total,,,,annual_tech,%,0,,,,,,,,,,,
CIMS.CAN.ON.Residential.Dwellings.Building Type.LowMed Density.Cooling.Room,Service,ON,Residential,Room,Room - CEER 14,output,,,,constant_tech,node unit,5.19,5.19,5.19,5.19,5.19,5.19,5.19,5.19,5.19,5.19,5.19,
CIMS.CAN.ON.Residential.Dwellings.Building Type.LowMed Density.Cooling.Room,Service,ON,Residential,Room,Room - CEER 14,fcc,,,,constant_tech,$,844.66,844.66,844.66,844.66,844.66,844.66,844.66,844.66,844.66,844.66,844.66,
CIMS.CAN.ON.Residential.Dwellings.Building Type.LowMed Density.Cooling.Room,Service,ON,Residential,Room,Room - CEER 14,service_request,,,CIMS.CAN.ON.Electricity,annual_tech,GJ,0.243724369,0.243724369,0.243724369,0.243724369,0.243724369,0.243724369,0.243724369,0.243724369,0.243724369,0.243724369,0.243724369,
CIMS.CAN.ON.Residential.Water Heating,Service,ON,Residential,Water Heating,,service_provide,,,,constant_tech,GJ,,,,,,,,,,,,
CIMS.CAN.ON.Residential.Water Heating,Service,ON,Residential,Water Heating,,competition,Fixed Ratio,,,,,,,,,,,,,,,,
CIMS.CAN.ON.Residential.Water Heating,Service,ON,Residential,Water Heating,,service_request,,,CIMS.CAN.ON.Residential.Water Heating.LowMed Density,annual_region,GJ,0.77583807608319,0.76978352197395,0.76707142884354,0.77263395347728,0.77370705830704,0.77370705830704,0.77370705830704,0.77370705830704,0.77370705830704,0.77370705830704,0.77370705830704,
CIMS.CAN.ON.Residential.Water Heating,Service,ON,Residential,Water Heating,,service_request,,,CIMS.CAN.ON.Residential.Water Heating.High Density,annual_region,GJ,0.22416192391681,0.23021647802605,0.23292857115646,0.22736604652272,0.22629294169296,0.22629294169296,0.22629294169296,0.22629294169296,0.22629294169296,0.22629294169296,0.22629294169296,
CIMS.CAN.ON.Residential.Water Heating.LowMed Density,Service,ON,Residential,LowMed Density,,service_provide,,,,constant_tech,GJ,,,,,,,,,,,,
CIMS.CAN.ON.Residential.Water Heating.LowMed Density,Service,ON,Residential,LowMed Density,,competition,Tech Compete,,,,,,,,,,,,,,,,
CIMS.CAN.ON.Residential.Water Heating.LowMed Density,Service,ON,Residential,LowMed Density,,discount_rate_financial,,,,constant_tech,%,0.3,0.3,0.3,0.3,0.3,0.3,0.3,0.3,0.3,0.3,0.3,
CIMS.CAN.ON.Residential.Water Heating.LowMed Density,Service,ON,Residential,LowMed Density,,discount_rate_retrofit,,,,constant_tech,%,0.65,0.65,0.65,0.65,0.65,0.65,0.65,0.65,0.65,0.65,0.65,
CIMS.CAN.ON.Residential.Water Heating.LowMed Density,Service,ON,Residential,LowMed Density,,heterogeneity,,,,constant_tech,,10,10,10,10,10,10,10,10,10,10,10,
CIMS.CAN.ON.Residential.Water Heating.LowMed Density,Service,ON,Residential,LowMed Density,Electric - Storage - Existing,technology,,,,,,,,,,,,,,,,,
CIMS.CAN.ON.Residential.Water Heating.LowMed Density,Service,ON,Residential,LowMed Density,Electric - Storage - Existing,available,,,,constant_tech,Year,1990,1990,1990,1990,1990,1990,1990,1990,1990,1990,1990,
CIMS.CAN.ON.Residential.Water Heating.LowMed Density,Service,ON,Residential,LowMed Density,Electric - Storage - Existing,unavailable,,,,constant_tech,Year,2001,2001,2001,2001,2001,2001,2001,2001,2001,2001,2001,
CIMS.CAN.ON.Residential.Water Heating.LowMed Density,Service,ON,Residential,LowMed Density,Electric - Storage - Existing,lifetime,,,,constant_tech,Years,13,13,13,13,13,13,13,13,13,13,13,
CIMS.CAN.ON.Residential.Water Heating.LowMed Density,Service,ON,Residential,LowMed Density,Electric - Storage - Existing,market_share_total,,,,annual_region_tech,%,0.1701180232811,,,,,,,,,,,
CIMS.CAN.ON.Residential.Water Heating.LowMed Density,Service,ON,Residential,LowMed Density,Electric - Storage - Existing,output,,,,constant_tech,node unit,68.62,68.62,68.62,68.62,68.62,68.62,68.62,68.62,68.62,68.62,68.62,
CIMS.CAN.ON.Residential.Water Heating.LowMed Density,Service,ON,Residential,LowMed Density,Electric - Storage - Existing,fcc,,,,constant_tech,$,529.5832173,529.5832173,529.5832173,529.5832173,529.5832173,529.5832173,529.5832173,529.5832173,529.5832173,529.5832173,529.5832173,
CIMS.CAN.ON.Residential.Water Heating.LowMed Density,Service,ON,Residential,LowMed Density,Electric - Storage - Existing,service_request,,,CIMS.CAN.ON.Electricity,annual_tech,GJ,0.211064258,0.211064258,0.211064258,0.211064258,0.211064258,0.211064258,0.211064258,0.211064258,0.211064258,0.211064258,0.211064258,
CIMS.CAN.ON.Residential.Water Heating.LowMed Density,Service,ON,Residential,LowMed Density,Electric - Storage - Efficient,technology,,,,,,,,,,,,,,,,,
CIMS.CAN.ON.Residential.Water Heating.LowMed Density,Service,ON,Residential,LowMed Density,Electric - Storage - Efficient,available,,,,constant_tech,Year,1990,1990,1990,1990,1990,1990,1990,1990,1990,1990,1990,
CIMS.CAN.ON.Residential.Water Heating.LowMed Density,Service,ON,Residential,LowMed Density,Electric - Storage - Efficient,unavailable,,,,constant_tech,Year,2101,2101,2101,2101,2101,2101,2101,2101,2101,2101,2101,
CIMS.CAN.ON.Residential.Water Heating.LowMed Density,Service,ON,Residential,LowMed Density,Electric - Storage - Efficient,lifetime,,,,constant_tech,Years,13,13,13,13,13,13,13,13,13,13,13,
CIMS.CAN.ON.Residential.Water Heating.LowMed Density,Service,ON,Residential,LowMed Density,Electric - Storage - Efficient,market_share_total,,,,annual_region_tech,%,0,,,,,,,,,,,
CIMS.CAN.ON.Residential.Water Heating.LowMed Density,Service,ON,Residential,LowMed Density,Electric - Storage - Efficient,output,,,,constant_tech,node unit,68.62,68.62,68.62,68.62,68.62,68.62,68.62,68.62,68.62,68.62,68.62,
CIMS.CAN.ON.Residential.Water Heating.LowMed Density,Service,ON,Residential,LowMed Density,Electric - Storage - Efficient,fcc,,,,constant_tech,$,1654.033122,1654.033122,1654.033122,1654.033122,1654.033122,1654.033122,1654.033122,1654.033122,1654.033122,1654.033122,1654.033122,
CIMS.CAN.ON.Residential.Water Heating.LowMed Density,Service,ON,Residential,LowMed Density,Electric - Storage - Efficient,service_request,,,CIMS.CAN.ON.Electricity,annual_tech,GJ,0.195512155,0.195512155,0.195512155,0.195512155,0.195512155,0.195512155,0.195512155,0.195512155,0.195512155,0.195512155,0.195512155,
CIMS.CAN.ON.Residential.Water Heating.LowMed Density,Service,ON,Residential,LowMed Density,Electric - ASHP,technology,,,,,,,,,,,,,,,,,
CIMS.CAN.ON.Residential.Water Heating.LowMed Density,Service,ON,Residential,LowMed Density,Electric - ASHP,available,,,,constant_tech,Year,2000,2000,2000,2000,2000,2000,2000,2000,2000,2000,2000,
CIMS.CAN.ON.Residential.Water Heating.LowMed Density,Service,ON,Residential,LowMed Density,Electric - ASHP,unavailable,,,,constant_tech,Year,2101,2101,2101,2101,2101,2101,2101,2101,2101,2101,2101,
CIMS.CAN.ON.Residential.Water Heating.LowMed Density,Service,ON,Residential,LowMed Density,Electric - ASHP,lifetime,,,,constant_tech,Years,13,13,13,13,13,13,13,13,13,13,13,
CIMS.CAN.ON.Residential.Water Heating.LowMed Density,Service,ON,Residential,LowMed Density,Electric - ASHP,market_share_total,,,,annual_region_tech,%,0,,,,,,,,,,,
CIMS.CAN.ON.Residential.Water Heating.LowMed Density,Service,ON,Residential,LowMed Density,Electric - ASHP,output,,,,constant_tech,node unit,68.62,68.62,68.62,68.62,68.62,68.62,68.62,68.62,68.62,68.62,68.62,
CIMS.CAN.ON.Residential.Water Heating.LowMed Density,Service,ON,Residential,LowMed Density,Electric - ASHP,fcc,,,,constant_tech,$,2599.194906,2599.194906,2599.194906,2599.194906,2599.194906,2599.194906,2599.194906,2599.194906,2599.194906,2599.194906,2599.194906,
CIMS.CAN.ON.Residential.Water Heating.LowMed Density,Service,ON,Residential,LowMed Density,Electric - ASHP,fom,,,,constant_tech,$,27.0046224,27.0046224,27.0046224,27.0046224,27.0046224,27.0046224,27.0046224,27.0046224,27.0046224,27.0046224,27.0046224,
CIMS.CAN.ON.Residential.Water Heating.LowMed Density,Service,ON,Residential,LowMed Density,Electric - ASHP,service_request,,,CIMS.CAN.ON.Electricity,annual_tech,GJ,0.061912182,0.061912182,0.061912182,0.061912182,0.061912182,0.061912182,0.061912182,0.061912182,0.061912182,0.061912182,0.061912182,
CIMS.CAN.ON.Residential.Water Heating.LowMed Density,Service,ON,Residential,LowMed Density,Solar - Electric backup,technology,,,,,,,,,,,,,,,,,
CIMS.CAN.ON.Residential.Water Heating.LowMed Density,Service,ON,Residential,LowMed Density,Solar - Electric backup,available,,,,constant_tech,Year,2000,2000,2000,2000,2000,2000,2000,2000,2000,2000,2000,
CIMS.CAN.ON.Residential.Water Heating.LowMed Density,Service,ON,Residential,LowMed Density,Solar - Electric backup,unavailable,,,,constant_tech,Year,2101,2101,2101,2101,2101,2101,2101,2101,2101,2101,2101,
CIMS.CAN.ON.Residential.Water Heating.LowMed Density,Service,ON,Residential,LowMed Density,Solar - Electric backup,lifetime,,,,constant_tech,Years,22.5,22.5,22.5,22.5,22.5,22.5,22.5,22.5,22.5,22.5,22.5,
CIMS.CAN.ON.Residential.Water Heating.LowMed Density,Service,ON,Residential,LowMed Density,Solar - Electric backup,market_share_total,,,,annual_tech,%,0,,,,,,,,,,,
CIMS.CAN.ON.Residential.Water Heating.LowMed Density,Service,ON,Residential,LowMed Density,Solar - Electric backup,output,,,,constant_tech,node unit,68.62,68.62,68.62,68.62,68.62,68.62,68.62,68.62,68.62,68.62,68.62,
CIMS.CAN.ON.Residential.Water Heating.LowMed Density,Service,ON,Residential,LowMed Density,Solar - Electric backup,fcc,,,,constant_tech,$,12152.08008,12152.08008,12152.08008,12152.08008,12152.08008,12152.08008,12152.08008,12152.08008,12152.08008,12152.08008,12152.08008,
CIMS.CAN.ON.Residential.Water Heating.LowMed Density,Service,ON,Residential,LowMed Density,Solar - Electric backup,fom,,,,constant_tech,$,33.755778,33.755778,33.755778,33.755778,33.755778,33.755778,33.755778,33.755778,33.755778,33.755778,33.755778,
CIMS.CAN.ON.Residential.Water Heating.LowMed Density,Service,ON,Residential,LowMed Density,Solar - Electric backup,service_request,,,CIMS.CAN.ON.Electricity,annual_tech,GJ,0.097756078,0.097756078,0.097756078,0.097756078,0.097756078,0.097756078,0.097756078,0.097756078,0.097756078,0.097756078,0.097756078,
CIMS.CAN.ON.Residential.Water Heating.LowMed Density,Service,ON,Residential,LowMed Density,NG - Storage - Existing,technology,,,,,,,,,,,,,,,,,
CIMS.CAN.ON.Residential.Water Heating.LowMed Density,Service,ON,Residential,LowMed Density,NG - Storage - Existing,available,,,,constant_tech,Year,1990,1990,1990,1990,1990,1990,1990,1990,1990,1990,1990,
CIMS.CAN.ON.Residential.Water Heating.LowMed Density,Service,ON,Residential,LowMed Density,NG - Storage - Existing,unavailable,,,,constant_tech,Year,2001,2001,2001,2001,2001,2001,2001,2001,2001,2001,2001,
CIMS.CAN.ON.Residential.Water Heating.LowMed Density,Service,ON,Residential,LowMed Density,NG - Storage - Existing,lifetime,,,,constant_tech,Years,13,13,13,13,13,13,13,13,13,13,13,
CIMS.CAN.ON.Residential.Water Heating.LowMed Density,Service,ON,Residential,LowMed Density,NG - Storage - Existing,market_share_total,,,,annual_region_tech,%,0.36894734647582,,,,,,,,,,,
CIMS.CAN.ON.Residential.Water Heating.LowMed Density,Service,ON,Residential,LowMed Density,NG - Storage - Existing,output,,,,constant_tech,node unit,68.62,68.62,68.62,68.62,68.62,68.62,68.62,68.62,68.62,68.62,68.62,
CIMS.CAN.ON.Residential.Water Heating.LowMed Density,Service,ON,Residential,LowMed Density,NG - Storage - Existing,fcc,,,,constant_tech,$,1417.742676,1417.742676,1417.742676,1417.742676,1417.742676,1417.742676,1417.742676,1417.742676,1417.742676,1417.742676,1417.742676,
CIMS.CAN.ON.Residential.Water Heating.LowMed Density,Service,ON,Residential,LowMed Density,NG - Storage - Existing,service_request,,,CIMS.CAN.ON.Residential.Methane Blend,annual_tech,GJ,0.320235427,0.320235427,0.320235427,0.320235427,0.320235427,0.320235427,0.320235427,0.320235427,0.320235427,0.320235427,0.320235427,
CIMS.CAN.ON.Residential.Water Heating.LowMed Density,Service,ON,Residential,LowMed Density,NG - Storage - Standard,technology,,,,,,,,,,,,,,,,,
CIMS.CAN.ON.Residential.Water Heating.LowMed Density,Service,ON,Residential,LowMed Density,NG - Storage - Standard,available,,,,constant_tech,Year,1990,1990,1990,1990,1990,1990,1990,1990,1990,1990,1990,
CIMS.CAN.ON.Residential.Water Heating.LowMed Density,Service,ON,Residential,LowMed Density,NG - Storage - Standard,unavailable,,,,constant_tech,Year,2101,2101,2101,2101,2101,2101,2101,2101,2101,2101,2101,
CIMS.CAN.ON.Residential.Water Heating.LowMed Density,Service,ON,Residential,LowMed Density,NG - Storage - Standard,lifetime,,,,constant_tech,Years,13,13,13,13,13,13,13,13,13,13,13,
CIMS.CAN.ON.Residential.Water Heating.LowMed Density,Service,ON,Residential,LowMed Density,NG - Storage - Standard,market_share_total,,,,annual_region_tech,%,0.27188549739331,,,,,,,,,,,
CIMS.CAN.ON.Residential.Water Heating.LowMed Density,Service,ON,Residential,LowMed Density,NG - Storage - Standard,output,,,,constant_tech,node unit,68.62,68.62,68.62,68.62,68.62,68.62,68.62,68.62,68.62,68.62,68.62,
CIMS.CAN.ON.Residential.Water Heating.LowMed Density,Service,ON,Residential,LowMed Density,NG - Storage - Standard,fcc,,,,constant_tech,$,1147.696452,1147.696452,1147.696452,1147.696452,1147.696452,1147.696452,1147.696452,1147.696452,1147.696452,1147.696452,1147.696452,
CIMS.CAN.ON.Residential.Water Heating.LowMed Density,Service,ON,Residential,LowMed Density,NG - Storage - Standard,service_request,,,CIMS.CAN.ON.Residential.Methane Blend,annual_tech,GJ,0.299575077,0.299575077,0.299575077,0.299575077,0.299575077,0.299575077,0.299575077,0.299575077,0.299575077,0.299575077,0.299575077,
CIMS.CAN.ON.Residential.Water Heating.LowMed Density,Service,ON,Residential,LowMed Density,NG - Storage - Efficient,technology,,,,,,,,,,,,,,,,,
CIMS.CAN.ON.Residential.Water Heating.LowMed Density,Service,ON,Residential,LowMed Density,NG - Storage - Efficient,available,,,,constant_tech,Year,2000,2000,2000,2000,2000,2000,2000,2000,2000,2000,2000,
CIMS.CAN.ON.Residential.Water Heating.LowMed Density,Service,ON,Residential,LowMed Density,NG - Storage - Efficient,unavailable,,,,constant_tech,Year,2101,2101,2101,2101,2101,2101,2101,2101,2101,2101,2101,
CIMS.CAN.ON.Residential.Water Heating.LowMed Density,Service,ON,Residential,LowMed Density,NG - Storage - Efficient,lifetime,,,,constant_tech,Years,13,13,13,13,13,13,13,13,13,13,13,
CIMS.CAN.ON.Residential.Water Heating.LowMed Density,Service,ON,Residential,LowMed Density,NG - Storage - Efficient,market_share_total,,,,annual_region_tech,%,0.15659142908374,,,,,,,,,,,
CIMS.CAN.ON.Residential.Water Heating.LowMed Density,Service,ON,Residential,LowMed Density,NG - Storage - Efficient,output,,,,constant_tech,node unit,68.62,68.62,68.62,68.62,68.62,68.62,68.62,68.62,68.62,68.62,68.62,
CIMS.CAN.ON.Residential.Water Heating.LowMed Density,Service,ON,Residential,LowMed Density,NG - Storage - Efficient,fcc,,,,constant_tech,$,2666.706462,2666.706462,2666.706462,2666.706462,2666.706462,2666.706462,2666.706462,2666.706462,2666.706462,2666.706462,2666.706462,
CIMS.CAN.ON.Residential.Water Heating.LowMed Density,Service,ON,Residential,LowMed Density,NG - Storage - Efficient,service_request,,,CIMS.CAN.ON.Residential.Methane Blend,annual_tech,GJ,0.22930438,0.22930438,0.22930438,0.22930438,0.22930438,0.22930438,0.22930438,0.22930438,0.22930438,0.22930438,0.22930438,
CIMS.CAN.ON.Residential.Water Heating.LowMed Density,Service,ON,Residential,LowMed Density,NG - ASHP,technology,,,,,,,,,,,,,,,,,
CIMS.CAN.ON.Residential.Water Heating.LowMed Density,Service,ON,Residential,LowMed Density,NG - ASHP,available,,,,constant_tech,Year,2000,2000,2000,2000,2000,2000,2000,2000,2000,2000,2000,
CIMS.CAN.ON.Residential.Water Heating.LowMed Density,Service,ON,Residential,LowMed Density,NG - ASHP,unavailable,,,,constant_tech,Year,2101,2101,2101,2101,2101,2101,2101,2101,2101,2101,2101,
CIMS.CAN.ON.Residential.Water Heating.LowMed Density,Service,ON,Residential,LowMed Density,NG - ASHP,lifetime,,,,constant_tech,Years,13,13,13,13,13,13,13,13,13,13,13,
CIMS.CAN.ON.Residential.Water Heating.LowMed Density,Service,ON,Residential,LowMed Density,NG - ASHP,market_share_total,,,,annual_region_tech,%,0,,,,,,,,,,,
CIMS.CAN.ON.Residential.Water Heating.LowMed Density,Service,ON,Residential,LowMed Density,NG - ASHP,output,,,,constant_tech,node unit,68.62,68.62,68.62,68.62,68.62,68.62,68.62,68.62,68.62,68.62,68.62,
CIMS.CAN.ON.Residential.Water Heating.LowMed Density,Service,ON,Residential,LowMed Density,NG - ASHP,fcc,,,,constant_tech,$,3000,3000,3000,3000,3000,3000,3000,3000,3000,3000,3000,
CIMS.CAN.ON.Residential.Water Heating.LowMed Density,Service,ON,Residential,LowMed Density,NG - ASHP,fom,,,,constant_tech,$,25,25,25,25,25,25,25,25,25,25,25,
CIMS.CAN.ON.Residential.Water Heating.LowMed Density,Service,ON,Residential,LowMed Density,NG - ASHP,service_request,,,CIMS.CAN.ON.Residential.Methane Blend,annual_tech,GJ,0.123824364,0.123824364,0.123824364,0.123824364,0.123824364,0.123824364,0.123824364,0.123824364,0.123824364,0.123824364,0.123824364,
CIMS.CAN.ON.Residential.Water Heating.LowMed Density,Service,ON,Residential,LowMed Density,Solar - NG backup,technology,,,,,,,,,,,,,,,,,
CIMS.CAN.ON.Residential.Water Heating.LowMed Density,Service,ON,Residential,LowMed Density,Solar - NG backup,available,,,,constant_tech,Year,2000,2000,2000,2000,2000,2000,2000,2000,2000,2000,2000,
CIMS.CAN.ON.Residential.Water Heating.LowMed Density,Service,ON,Residential,LowMed Density,Solar - NG backup,unavailable,,,,constant_tech,Year,2101,2101,2101,2101,2101,2101,2101,2101,2101,2101,2101,
CIMS.CAN.ON.Residential.Water Heating.LowMed Density,Service,ON,Residential,LowMed Density,Solar - NG backup,lifetime,,,,constant_tech,Years,22.5,22.5,22.5,22.5,22.5,22.5,22.5,22.5,22.5,22.5,22.5,
CIMS.CAN.ON.Residential.Water Heating.LowMed Density,Service,ON,Residential,LowMed Density,Solar - NG backup,market_share_total,,,,annual_tech,%,0,,,,,,,,,,,
CIMS.CAN.ON.Residential.Water Heating.LowMed Density,Service,ON,Residential,LowMed Density,Solar - NG backup,output,,,,constant_tech,node unit,68.62,68.62,68.62,68.62,68.62,68.62,68.62,68.62,68.62,68.62,68.62,
CIMS.CAN.ON.Residential.Water Heating.LowMed Density,Service,ON,Residential,LowMed Density,Solar - NG backup,fcc,,,,constant_tech,$,12152.08008,12152.08008,12152.08008,12152.08008,12152.08008,12152.08008,12152.08008,12152.08008,12152.08008,12152.08008,12152.08008,
CIMS.CAN.ON.Residential.Water Heating.LowMed Density,Service,ON,Residential,LowMed Density,Solar - NG backup,fom,,,,constant_tech,$,33.755778,33.755778,33.755778,33.755778,33.755778,33.755778,33.755778,33.755778,33.755778,33.755778,33.755778,
CIMS.CAN.ON.Residential.Water Heating.LowMed Density,Service,ON,Residential,LowMed Density,Solar - NG backup,service_request,,,CIMS.CAN.ON.Residential.Methane Blend,annual_tech,GJ,0.11465219,0.11465219,0.11465219,0.11465219,0.11465219,0.11465219,0.11465219,0.11465219,0.11465219,0.11465219,0.11465219,
CIMS.CAN.ON.Residential.Water Heating.LowMed Density,Service,ON,Residential,LowMed Density,NG - Tankless - Standard,technology,,,,,,,,,,,,,,,,,
CIMS.CAN.ON.Residential.Water Heating.LowMed Density,Service,ON,Residential,LowMed Density,NG - Tankless - Standard,available,,,,constant_tech,Year,2000,2000,2000,2000,2000,2000,2000,2000,2000,2000,2000,
CIMS.CAN.ON.Residential.Water Heating.LowMed Density,Service,ON,Residential,LowMed Density,NG - Tankless - Standard,unavailable,,,,constant_tech,Year,2101,2101,2101,2101,2101,2101,2101,2101,2101,2101,2101,
CIMS.CAN.ON.Residential.Water Heating.LowMed Density,Service,ON,Residential,LowMed Density,NG - Tankless - Standard,lifetime,,,,constant_tech,Years,19,19,19,19,19,19,19,19,19,19,19,
CIMS.CAN.ON.Residential.Water Heating.LowMed Density,Service,ON,Residential,LowMed Density,NG - Tankless - Standard,market_share_total,,,,annual_region_tech,%,0,,,,,,,,,,,
CIMS.CAN.ON.Residential.Water Heating.LowMed Density,Service,ON,Residential,LowMed Density,NG - Tankless - Standard,output,,,,constant_tech,node unit,68.62,68.62,68.62,68.62,68.62,68.62,68.62,68.62,68.62,68.62,68.62,
CIMS.CAN.ON.Residential.Water Heating.LowMed Density,Service,ON,Residential,LowMed Density,NG - Tankless - Standard,fcc,,,,constant_tech,$,1282.719564,1282.719564,1282.719564,1282.719564,1282.719564,1282.719564,1282.719564,1282.719564,1282.719564,1282.719564,1282.719564,
CIMS.CAN.ON.Residential.Water Heating.LowMed Density,Service,ON,Residential,LowMed Density,NG - Tankless - Standard,fom,,,,constant_tech,$,121.5208008,121.5208008,121.5208008,121.5208008,121.5208008,121.5208008,121.5208008,121.5208008,121.5208008,121.5208008,121.5208008,
CIMS.CAN.ON.Residential.Water Heating.LowMed Density,Service,ON,Residential,LowMed Density,NG - Tankless - Standard,service_request,,,CIMS.CAN.ON.Residential.Methane Blend,annual_tech,GJ,0.22930438,0.22930438,0.22930438,0.22930438,0.22930438,0.22930438,0.22930438,0.22930438,0.22930438,0.22930438,0.22930438,
CIMS.CAN.ON.Residential.Water Heating.LowMed Density,Service,ON,Residential,LowMed Density,NG - Tankless - Efficient,technology,,,,,,,,,,,,,,,,,
CIMS.CAN.ON.Residential.Water Heating.LowMed Density,Service,ON,Residential,LowMed Density,NG - Tankless - Efficient,available,,,,constant_tech,Year,2000,2000,2000,2000,2000,2000,2000,2000,2000,2000,2000,
CIMS.CAN.ON.Residential.Water Heating.LowMed Density,Service,ON,Residential,LowMed Density,NG - Tankless - Efficient,unavailable,,,,constant_tech,Year,2101,2101,2101,2101,2101,2101,2101,2101,2101,2101,2101,
CIMS.CAN.ON.Residential.Water Heating.LowMed Density,Service,ON,Residential,LowMed Density,NG - Tankless - Efficient,lifetime,,,,constant_tech,Years,19,19,19,19,19,19,19,19,19,19,19,
CIMS.CAN.ON.Residential.Water Heating.LowMed Density,Service,ON,Residential,LowMed Density,NG - Tankless - Efficient,market_share_total,,,,annual_region_tech,%,0,,,,,,,,,,,
CIMS.CAN.ON.Residential.Water Heating.LowMed Density,Service,ON,Residential,LowMed Density,NG - Tankless - Efficient,output,,,,constant_tech,node unit,68.62,68.62,68.62,68.62,68.62,68.62,68.62,68.62,68.62,68.62,68.62,
CIMS.CAN.ON.Residential.Water Heating.LowMed Density,Service,ON,Residential,LowMed Density,NG - Tankless - Efficient,fcc,,,,constant_tech,$,3308.066244,3308.066244,3308.066244,3308.066244,3308.066244,3308.066244,3308.066244,3308.066244,3308.066244,3308.066244,3308.066244,
CIMS.CAN.ON.Residential.Water Heating.LowMed Density,Service,ON,Residential,LowMed Density,NG - Tankless - Efficient,fom,,,,constant_tech,$,175.5300456,175.5300456,175.5300456,175.5300456,175.5300456,175.5300456,175.5300456,175.5300456,175.5300456,175.5300456,175.5300456,
CIMS.CAN.ON.Residential.Water Heating.LowMed Density,Service,ON,Residential,LowMed Density,NG - Tankless - Efficient,service_request,,,CIMS.CAN.ON.Residential.Methane Blend,annual_tech,GJ,0.191480977,0.191480977,0.191480977,0.191480977,0.191480977,0.191480977,0.191480977,0.191480977,0.191480977,0.191480977,0.191480977,
CIMS.CAN.ON.Residential.Water Heating.LowMed Density,Service,ON,Residential,LowMed Density,Oil - Storage - Existing,technology,,,,,,,,,,,,,,,,,
CIMS.CAN.ON.Residential.Water Heating.LowMed Density,Service,ON,Residential,LowMed Density,Oil - Storage - Existing,available,,,,constant_tech,Year,1990,1990,1990,1990,1990,1990,1990,1990,1990,1990,1990,
CIMS.CAN.ON.Residential.Water Heating.LowMed Density,Service,ON,Residential,LowMed Density,Oil - Storage - Existing,unavailable,,,,constant_tech,Year,2001,2001,2001,2001,2001,2001,2001,2001,2001,2001,2001,
CIMS.CAN.ON.Residential.Water Heating.LowMed Density,Service,ON,Residential,LowMed Density,Oil - Storage - Existing,lifetime,,,,constant_tech,Years,16,16,16,16,16,16,16,16,16,16,16,
CIMS.CAN.ON.Residential.Water Heating.LowMed Density,Service,ON,Residential,LowMed Density,Oil - Storage - Existing,market_share_total,,,,annual_region_tech,%,0.02297297745476,,,,,,,,,,,
CIMS.CAN.ON.Residential.Water Heating.LowMed Density,Service,ON,Residential,LowMed Density,Oil - Storage - Existing,output,,,,constant_tech,node unit,68.62,68.62,68.62,68.62,68.62,68.62,68.62,68.62,68.62,68.62,68.62,
CIMS.CAN.ON.Residential.Water Heating.LowMed Density,Service,ON,Residential,LowMed Density,Oil - Storage - Existing,fcc,,,,constant_tech,$,2767.973796,2767.973796,2767.973796,2767.973796,2767.973796,2767.973796,2767.973796,2767.973796,2767.973796,2767.973796,2767.973796,
CIMS.CAN.ON.Residential.Water Heating.LowMed Density,Service,ON,Residential,LowMed Density,Oil - Storage - Existing,fom,,,,constant_tech,$,243.0416016,243.0416016,243.0416016,243.0416016,243.0416016,243.0416016,243.0416016,243.0416016,243.0416016,243.0416016,243.0416016,
CIMS.CAN.ON.Residential.Water Heating.LowMed Density,Service,ON,Residential,LowMed Density,Oil - Storage - Existing,service_request,,,CIMS.Generic Fuels.Fuel Oil,annual_tech,GJ,0.364189309,0.364189309,0.364189309,0.364189309,0.364189309,0.364189309,0.364189309,0.364189309,0.364189309,0.364189309,0.364189309,
CIMS.CAN.ON.Residential.Water Heating.LowMed Density,Service,ON,Residential,LowMed Density,Oil - Storage - Efficient,technology,,,,,,,,,,,,,,,,,
CIMS.CAN.ON.Residential.Water Heating.LowMed Density,Service,ON,Residential,LowMed Density,Oil - Storage - Efficient,available,,,,constant_tech,Year,2000,2000,2000,2000,2000,2000,2000,2000,2000,2000,2000,
CIMS.CAN.ON.Residential.Water Heating.LowMed Density,Service,ON,Residential,LowMed Density,Oil - Storage - Efficient,unavailable,,,,constant_tech,Year,2101,2101,2101,2101,2101,2101,2101,2101,2101,2101,2101,
CIMS.CAN.ON.Residential.Water Heating.LowMed Density,Service,ON,Residential,LowMed Density,Oil - Storage - Efficient,lifetime,,,,constant_tech,Years,16,16,16,16,16,16,16,16,16,16,16,
CIMS.CAN.ON.Residential.Water Heating.LowMed Density,Service,ON,Residential,LowMed Density,Oil - Storage - Efficient,market_share_total,,,,annual_region_tech,%,0.00948473700091,,,,,,,,,,,
CIMS.CAN.ON.Residential.Water Heating.LowMed Density,Service,ON,Residential,LowMed Density,Oil - Storage - Efficient,output,,,,constant_tech,node unit,68.62,68.62,68.62,68.62,68.62,68.62,68.62,68.62,68.62,68.62,68.62,
CIMS.CAN.ON.Residential.Water Heating.LowMed Density,Service,ON,Residential,LowMed Density,Oil - Storage - Efficient,fcc,,,,constant_tech,$,3409.333578,3409.333578,3409.333578,3409.333578,3409.333578,3409.333578,3409.333578,3409.333578,3409.333578,3409.333578,3409.333578,
CIMS.CAN.ON.Residential.Water Heating.LowMed Density,Service,ON,Residential,LowMed Density,Oil - Storage - Efficient,fom,,,,constant_tech,$,243.0416016,243.0416016,243.0416016,243.0416016,243.0416016,243.0416016,243.0416016,243.0416016,243.0416016,243.0416016,243.0416016,
CIMS.CAN.ON.Residential.Water Heating.LowMed Density,Service,ON,Residential,LowMed Density,Oil - Storage - Efficient,service_request,,,CIMS.Generic Fuels.Fuel Oil,annual_tech,GJ,0.269183402,0.269183402,0.269183402,0.269183402,0.269183402,0.269183402,0.269183402,0.269183402,0.269183402,0.269183402,0.269183402,
CIMS.CAN.ON.Residential.Water Heating.High Density,Service,ON,Residential,High Density,,service_provide,,,,constant_tech,GJ,,,,,,,,,,,,
CIMS.CAN.ON.Residential.Water Heating.High Density,Service,ON,Residential,High Density,,competition,Tech Compete,,,,,,,,,,,,,,,,
CIMS.CAN.ON.Residential.Water Heating.High Density,Service,ON,Residential,High Density,,discount_rate_financial,,,,constant_tech,%,0.3,0.3,0.3,0.3,0.3,0.3,0.3,0.3,0.3,0.3,0.3,
CIMS.CAN.ON.Residential.Water Heating.High Density,Service,ON,Residential,High Density,,discount_rate_retrofit,,,,constant_tech,%,0.65,0.65,0.65,0.65,0.65,0.65,0.65,0.65,0.65,0.65,0.65,
CIMS.CAN.ON.Residential.Water Heating.High Density,Service,ON,Residential,High Density,,heterogeneity,,,,constant_tech,,10,10,10,10,10,10,10,10,10,10,10,
CIMS.CAN.ON.Residential.Water Heating.High Density,Service,ON,Residential,High Density,Electric - Storage - Existing,technology,,,,,,,,,,,,,,,,,
CIMS.CAN.ON.Residential.Water Heating.High Density,Service,ON,Residential,High Density,Electric - Storage - Existing,available,,,,constant_tech,Year,1990,1990,1990,1990,1990,1990,1990,1990,1990,1990,1990,
CIMS.CAN.ON.Residential.Water Heating.High Density,Service,ON,Residential,High Density,Electric - Storage - Existing,unavailable,,,,constant_tech,Year,2001,2001,2001,2001,2001,2001,2001,2001,2001,2001,2001,
CIMS.CAN.ON.Residential.Water Heating.High Density,Service,ON,Residential,High Density,Electric - Storage - Existing,lifetime,,,,constant_tech,Years,13,13,13,13,13,13,13,13,13,13,13,
CIMS.CAN.ON.Residential.Water Heating.High Density,Service,ON,Residential,High Density,Electric - Storage - Existing,market_share_total,,,,annual_region_tech,%,0.1701180232811,,,,,,,,,,,
CIMS.CAN.ON.Residential.Water Heating.High Density,Service,ON,Residential,High Density,Electric - Storage - Existing,output,,,,constant_tech,node unit,642.4,642.4,642.4,642.4,642.4,642.4,642.4,642.4,642.4,642.4,642.4,
CIMS.CAN.ON.Residential.Water Heating.High Density,Service,ON,Residential,High Density,Electric - Storage - Existing,fcc,,,,constant_tech,$,2647.9,2647.9,2647.9,2647.9,2647.9,2647.9,2647.9,2647.9,2647.9,2647.9,2647.9,
CIMS.CAN.ON.Residential.Water Heating.High Density,Service,ON,Residential,High Density,Electric - Storage - Existing,service_request,,,CIMS.CAN.ON.Electricity,annual_tech,GJ,0.211064258,0.211064258,0.211064258,0.211064258,0.211064258,0.211064258,0.211064258,0.211064258,0.211064258,0.211064258,0.211064258,
CIMS.CAN.ON.Residential.Water Heating.High Density,Service,ON,Residential,High Density,Electric - Storage - Efficient,technology,,,,,,,,,,,,,,,,,
CIMS.CAN.ON.Residential.Water Heating.High Density,Service,ON,Residential,High Density,Electric - Storage - Efficient,available,,,,constant_tech,Year,2000,2000,2000,2000,2000,2000,2000,2000,2000,2000,2000,
CIMS.CAN.ON.Residential.Water Heating.High Density,Service,ON,Residential,High Density,Electric - Storage - Efficient,unavailable,,,,constant_tech,Year,2101,2101,2101,2101,2101,2101,2101,2101,2101,2101,2101,
CIMS.CAN.ON.Residential.Water Heating.High Density,Service,ON,Residential,High Density,Electric - Storage - Efficient,lifetime,,,,constant_tech,Years,13,13,13,13,13,13,13,13,13,13,13,
CIMS.CAN.ON.Residential.Water Heating.High Density,Service,ON,Residential,High Density,Electric - Storage - Efficient,market_share_total,,,,annual_region_tech,%,0,,,,,,,,,,,
CIMS.CAN.ON.Residential.Water Heating.High Density,Service,ON,Residential,High Density,Electric - Storage - Efficient,output,,,,constant_tech,node unit,642.4,642.4,642.4,642.4,642.4,642.4,642.4,642.4,642.4,642.4,642.4,
CIMS.CAN.ON.Residential.Water Heating.High Density,Service,ON,Residential,High Density,Electric - Storage - Efficient,fcc,,,,constant_tech,$,8270.16561,8270.16561,8270.16561,8270.16561,8270.16561,8270.16561,8270.16561,8270.16561,8270.16561,8270.16561,8270.16561,
CIMS.CAN.ON.Residential.Water Heating.High Density,Service,ON,Residential,High Density,Electric - Storage - Efficient,service_request,,,CIMS.CAN.ON.Electricity,annual_tech,GJ,0.195512155,0.195512155,0.195512155,0.195512155,0.195512155,0.195512155,0.195512155,0.195512155,0.195512155,0.195512155,0.195512155,
CIMS.CAN.ON.Residential.Water Heating.High Density,Service,ON,Residential,High Density,Electric - ASHP,technology,,,,,,,,,,,,,,,,,
CIMS.CAN.ON.Residential.Water Heating.High Density,Service,ON,Residential,High Density,Electric - ASHP,available,,,,constant_tech,Year,2000,2000,2000,2000,2000,2000,2000,2000,2000,2000,2000,
CIMS.CAN.ON.Residential.Water Heating.High Density,Service,ON,Residential,High Density,Electric - ASHP,unavailable,,,,constant_tech,Year,2101,2101,2101,2101,2101,2101,2101,2101,2101,2101,2101,
CIMS.CAN.ON.Residential.Water Heating.High Density,Service,ON,Residential,High Density,Electric - ASHP,lifetime,,,,constant_tech,Years,13,13,13,13,13,13,13,13,13,13,13,
CIMS.CAN.ON.Residential.Water Heating.High Density,Service,ON,Residential,High Density,Electric - ASHP,market_share_total,,,,annual_region_tech,%,0,,,,,,,,,,,
CIMS.CAN.ON.Residential.Water Heating.High Density,Service,ON,Residential,High Density,Electric - ASHP,output,,,,constant_tech,node unit,642.4,642.4,642.4,642.4,642.4,642.4,642.4,642.4,642.4,642.4,642.4,
CIMS.CAN.ON.Residential.Water Heating.High Density,Service,ON,Residential,High Density,Electric - ASHP,fcc,,,,constant_tech,$,12995.97453,12995.97453,12995.97453,12995.97453,12995.97453,12995.97453,12995.97453,12995.97453,12995.97453,12995.97453,12995.97453,
CIMS.CAN.ON.Residential.Water Heating.High Density,Service,ON,Residential,High Density,Electric - ASHP,fom,,,,constant_tech,$,27.0046224,27.0046224,27.0046224,27.0046224,27.0046224,27.0046224,27.0046224,27.0046224,27.0046224,27.0046224,27.0046224,
CIMS.CAN.ON.Residential.Water Heating.High Density,Service,ON,Residential,High Density,Electric - ASHP,service_request,,,CIMS.CAN.ON.Electricity,annual_tech,GJ,0.061912182,0.061912182,0.061912182,0.061912182,0.061912182,0.061912182,0.061912182,0.061912182,0.061912182,0.061912182,0.061912182,
CIMS.CAN.ON.Residential.Water Heating.High Density,Service,ON,Residential,High Density,NG - Storage - Existing,technology,,,,,,,,,,,,,,,,,
CIMS.CAN.ON.Residential.Water Heating.High Density,Service,ON,Residential,High Density,NG - Storage - Existing,available,,,,constant_tech,Year,1990,1990,1990,1990,1990,1990,1990,1990,1990,1990,1990,
CIMS.CAN.ON.Residential.Water Heating.High Density,Service,ON,Residential,High Density,NG - Storage - Existing,unavailable,,,,constant_tech,Year,2001,2001,2001,2001,2001,2001,2001,2001,2001,2001,2001,
CIMS.CAN.ON.Residential.Water Heating.High Density,Service,ON,Residential,High Density,NG - Storage - Existing,lifetime,,,,constant_tech,Years,13,13,13,13,13,13,13,13,13,13,13,
CIMS.CAN.ON.Residential.Water Heating.High Density,Service,ON,Residential,High Density,NG - Storage - Existing,market_share_total,,,,annual_region_tech,%,0.36894734647582,,,,,,,,,,,
CIMS.CAN.ON.Residential.Water Heating.High Density,Service,ON,Residential,High Density,NG - Storage - Existing,output,,,,constant_tech,node unit,642.4,642.4,642.4,642.4,642.4,642.4,642.4,642.4,642.4,642.4,642.4,
CIMS.CAN.ON.Residential.Water Heating.High Density,Service,ON,Residential,High Density,NG - Storage - Existing,fcc,,,,constant_tech,$,7088.7,7088.7,7088.7,7088.7,7088.7,7088.7,7088.7,7088.7,7088.7,7088.7,7088.7,
CIMS.CAN.ON.Residential.Water Heating.High Density,Service,ON,Residential,High Density,NG - Storage - Existing,service_request,,,CIMS.CAN.ON.Residential.Methane Blend,annual_tech,GJ,0.320235427,0.320235427,0.320235427,0.320235427,0.320235427,0.320235427,0.320235427,0.320235427,0.320235427,0.320235427,0.320235427,
CIMS.CAN.ON.Residential.Water Heating.High Density,Service,ON,Residential,High Density,NG - Storage - Standard,technology,,,,,,,,,,,,,,,,,
CIMS.CAN.ON.Residential.Water Heating.High Density,Service,ON,Residential,High Density,NG - Storage - Standard,available,,,,constant_tech,Year,2000,2000,2000,2000,2000,2000,2000,2000,2000,2000,2000,
CIMS.CAN.ON.Residential.Water Heating.High Density,Service,ON,Residential,High Density,NG - Storage - Standard,unavailable,,,,constant_tech,Year,2101,2101,2101,2101,2101,2101,2101,2101,2101,2101,2101,
CIMS.CAN.ON.Residential.Water Heating.High Density,Service,ON,Residential,High Density,NG - Storage - Standard,lifetime,,,,constant_tech,Years,13,13,13,13,13,13,13,13,13,13,13,
CIMS.CAN.ON.Residential.Water Heating.High Density,Service,ON,Residential,High Density,NG - Storage - Standard,market_share_total,,,,annual_region_tech,%,0.27188549739331,,,,,,,,,,,
CIMS.CAN.ON.Residential.Water Heating.High Density,Service,ON,Residential,High Density,NG - Storage - Standard,output,,,,constant_tech,node unit,642.4,642.4,642.4,642.4,642.4,642.4,642.4,642.4,642.4,642.4,642.4,
CIMS.CAN.ON.Residential.Water Heating.High Density,Service,ON,Residential,High Density,NG - Storage - Standard,fcc,,,,constant_tech,$,5738.48226,5738.48226,5738.48226,5738.48226,5738.48226,5738.48226,5738.48226,5738.48226,5738.48226,5738.48226,5738.48226,
CIMS.CAN.ON.Residential.Water Heating.High Density,Service,ON,Residential,High Density,NG - Storage - Standard,service_request,,,CIMS.CAN.ON.Residential.Methane Blend,annual_tech,GJ,0.299575077,0.299575077,0.299575077,0.299575077,0.299575077,0.299575077,0.299575077,0.299575077,0.299575077,0.299575077,0.299575077,
CIMS.CAN.ON.Residential.Water Heating.High Density,Service,ON,Residential,High Density,NG - Storage - Efficient,technology,,,,,,,,,,,,,,,,,
CIMS.CAN.ON.Residential.Water Heating.High Density,Service,ON,Residential,High Density,NG - Storage - Efficient,available,,,,constant_tech,Year,2000,2000,2000,2000,2000,2000,2000,2000,2000,2000,2000,
CIMS.CAN.ON.Residential.Water Heating.High Density,Service,ON,Residential,High Density,NG - Storage - Efficient,unavailable,,,,constant_tech,Year,2101,2101,2101,2101,2101,2101,2101,2101,2101,2101,2101,
CIMS.CAN.ON.Residential.Water Heating.High Density,Service,ON,Residential,High Density,NG - Storage - Efficient,lifetime,,,,constant_tech,Years,13,13,13,13,13,13,13,13,13,13,13,
CIMS.CAN.ON.Residential.Water Heating.High Density,Service,ON,Residential,High Density,NG - Storage - Efficient,market_share_total,,,,annual_region_tech,%,0.15659142908374,,,,,,,,,,,
CIMS.CAN.ON.Residential.Water Heating.High Density,Service,ON,Residential,High Density,NG - Storage - Efficient,output,,,,constant_tech,node unit,642.4,642.4,642.4,642.4,642.4,642.4,642.4,642.4,642.4,642.4,642.4,
CIMS.CAN.ON.Residential.Water Heating.High Density,Service,ON,Residential,High Density,NG - Storage - Efficient,fcc,,,,constant_tech,$,13333.53231,13333.53231,13333.53231,13333.53231,13333.53231,13333.53231,13333.53231,13333.53231,13333.53231,13333.53231,13333.53231,
CIMS.CAN.ON.Residential.Water Heating.High Density,Service,ON,Residential,High Density,NG - Storage - Efficient,service_request,,,CIMS.CAN.ON.Residential.Methane Blend,annual_tech,GJ,0.22930438,0.22930438,0.22930438,0.22930438,0.22930438,0.22930438,0.22930438,0.22930438,0.22930438,0.22930438,0.22930438,
CIMS.CAN.ON.Residential.Water Heating.High Density,Service,ON,Residential,High Density,NG - ASHP,technology,,,,,,,,,,,,,,,,,
CIMS.CAN.ON.Residential.Water Heating.High Density,Service,ON,Residential,High Density,NG - ASHP,available,,,,constant_tech,Year,2000,2000,2000,2000,2000,2000,2000,2000,2000,2000,2000,
CIMS.CAN.ON.Residential.Water Heating.High Density,Service,ON,Residential,High Density,NG - ASHP,unavailable,,,,constant_tech,Year,2101,2101,2101,2101,2101,2101,2101,2101,2101,2101,2101,
CIMS.CAN.ON.Residential.Water Heating.High Density,Service,ON,Residential,High Density,NG - ASHP,lifetime,,,,constant_tech,Years,13,13,13,13,13,13,13,13,13,13,13,
CIMS.CAN.ON.Residential.Water Heating.High Density,Service,ON,Residential,High Density,NG - ASHP,market_share_total,,,,annual_region_tech,%,0,,,,,,,,,,,
CIMS.CAN.ON.Residential.Water Heating.High Density,Service,ON,Residential,High Density,NG - ASHP,output,,,,constant_tech,node unit,642.4,642.4,642.4,642.4,642.4,642.4,642.4,642.4,642.4,642.4,642.4,
CIMS.CAN.ON.Residential.Water Heating.High Density,Service,ON,Residential,High Density,NG - ASHP,fcc,,,,constant_tech,$,15000,15000,15000,15000,15000,15000,15000,15000,15000,15000,15000,
CIMS.CAN.ON.Residential.Water Heating.High Density,Service,ON,Residential,High Density,NG - ASHP,fom,,,,constant_tech,$,125,125,125,125,125,125,125,125,125,125,125,
CIMS.CAN.ON.Residential.Water Heating.High Density,Service,ON,Residential,High Density,NG - ASHP,service_request,,,CIMS.CAN.ON.Residential.Methane Blend,annual_tech,GJ,0.123824364,0.123824364,0.123824364,0.123824364,0.123824364,0.123824364,0.123824364,0.123824364,0.123824364,0.123824364,0.123824364,
CIMS.CAN.ON.Residential.Water Heating.High Density,Service,ON,Residential,High Density,NG - Tankless - Standard,technology,,,,,,,,,,,,,,,,,
CIMS.CAN.ON.Residential.Water Heating.High Density,Service,ON,Residential,High Density,NG - Tankless - Standard,available,,,,constant_tech,Year,2000,2000,2000,2000,2000,2000,2000,2000,2000,2000,2000,
CIMS.CAN.ON.Residential.Water Heating.High Density,Service,ON,Residential,High Density,NG - Tankless - Standard,unavailable,,,,constant_tech,Year,2101,2101,2101,2101,2101,2101,2101,2101,2101,2101,2101,
CIMS.CAN.ON.Residential.Water Heating.High Density,Service,ON,Residential,High Density,NG - Tankless - Standard,lifetime,,,,constant_tech,Years,19,19,19,19,19,19,19,19,19,19,19,
CIMS.CAN.ON.Residential.Water Heating.High Density,Service,ON,Residential,High Density,NG - Tankless - Standard,market_share_total,,,,annual_region_tech,%,0,,,,,,,,,,,
CIMS.CAN.ON.Residential.Water Heating.High Density,Service,ON,Residential,High Density,NG - Tankless - Standard,output,,,,constant_tech,node unit,642.4,642.4,642.4,642.4,642.4,642.4,642.4,642.4,642.4,642.4,642.4,
CIMS.CAN.ON.Residential.Water Heating.High Density,Service,ON,Residential,High Density,NG - Tankless - Standard,fcc,,,,constant_tech,$,6413.59782,6413.59782,6413.59782,6413.59782,6413.59782,6413.59782,6413.59782,6413.59782,6413.59782,6413.59782,6413.59782,
CIMS.CAN.ON.Residential.Water Heating.High Density,Service,ON,Residential,High Density,NG - Tankless - Standard,fom,,,,constant_tech,$,121.5208008,121.5208008,121.5208008,121.5208008,121.5208008,121.5208008,121.5208008,121.5208008,121.5208008,121.5208008,121.5208008,
CIMS.CAN.ON.Residential.Water Heating.High Density,Service,ON,Residential,High Density,NG - Tankless - Standard,service_request,,,CIMS.CAN.ON.Residential.Methane Blend,annual_tech,GJ,0.22930438,0.22930438,0.22930438,0.22930438,0.22930438,0.22930438,0.22930438,0.22930438,0.22930438,0.22930438,0.22930438,
CIMS.CAN.ON.Residential.Water Heating.High Density,Service,ON,Residential,High Density,NG - Tankless - Efficient,technology,,,,,,,,,,,,,,,,,
CIMS.CAN.ON.Residential.Water Heating.High Density,Service,ON,Residential,High Density,NG - Tankless - Efficient,available,,,,constant_tech,Year,2000,2000,2000,2000,2000,2000,2000,2000,2000,2000,2000,
CIMS.CAN.ON.Residential.Water Heating.High Density,Service,ON,Residential,High Density,NG - Tankless - Efficient,unavailable,,,,constant_tech,Year,2101,2101,2101,2101,2101,2101,2101,2101,2101,2101,2101,
CIMS.CAN.ON.Residential.Water Heating.High Density,Service,ON,Residential,High Density,NG - Tankless - Efficient,lifetime,,,,constant_tech,Years,19,19,19,19,19,19,19,19,19,19,19,
CIMS.CAN.ON.Residential.Water Heating.High Density,Service,ON,Residential,High Density,NG - Tankless - Efficient,market_share_total,,,,annual_region_tech,%,0,,,,,,,,,,,
CIMS.CAN.ON.Residential.Water Heating.High Density,Service,ON,Residential,High Density,NG - Tankless - Efficient,output,,,,constant_tech,node unit,642.4,642.4,642.4,642.4,642.4,642.4,642.4,642.4,642.4,642.4,642.4,
CIMS.CAN.ON.Residential.Water Heating.High Density,Service,ON,Residential,High Density,NG - Tankless - Efficient,fcc,,,,constant_tech,$,16540.33122,16540.33122,16540.33122,16540.33122,16540.33122,16540.33122,16540.33122,16540.33122,16540.33122,16540.33122,16540.33122,
CIMS.CAN.ON.Residential.Water Heating.High Density,Service,ON,Residential,High Density,NG - Tankless - Efficient,fom,,,,constant_tech,$,175.5300456,175.5300456,175.5300456,175.5300456,175.5300456,175.5300456,175.5300456,175.5300456,175.5300456,175.5300456,175.5300456,
CIMS.CAN.ON.Residential.Water Heating.High Density,Service,ON,Residential,High Density,NG - Tankless - Efficient,service_request,,,CIMS.CAN.ON.Residential.Methane Blend,annual_tech,GJ,0.191480977,0.191480977,0.191480977,0.191480977,0.191480977,0.191480977,0.191480977,0.191480977,0.191480977,0.191480977,0.191480977,
CIMS.CAN.ON.Residential.Water Heating.High Density,Service,ON,Residential,High Density,Oil - Storage - Existing,technology,,,,,,,,,,,,,,,,,
CIMS.CAN.ON.Residential.Water Heating.High Density,Service,ON,Residential,High Density,Oil - Storage - Existing,available,,,,constant_tech,Year,1990,1990,1990,1990,1990,1990,1990,1990,1990,1990,1990,
CIMS.CAN.ON.Residential.Water Heating.High Density,Service,ON,Residential,High Density,Oil - Storage - Existing,unavailable,,,,constant_tech,Year,2001,2001,2001,2001,2001,2001,2001,2001,2001,2001,2001,
CIMS.CAN.ON.Residential.Water Heating.High Density,Service,ON,Residential,High Density,Oil - Storage - Existing,lifetime,,,,constant_tech,Years,16,16,16,16,16,16,16,16,16,16,16,
CIMS.CAN.ON.Residential.Water Heating.High Density,Service,ON,Residential,High Density,Oil - Storage - Existing,market_share_total,,,,annual_region_tech,%,0.02297297745476,,,,,,,,,,,
CIMS.CAN.ON.Residential.Water Heating.High Density,Service,ON,Residential,High Density,Oil - Storage - Existing,output,,,,constant_tech,node unit,642.4,642.4,642.4,642.4,642.4,642.4,642.4,642.4,642.4,642.4,642.4,
CIMS.CAN.ON.Residential.Water Heating.High Density,Service,ON,Residential,High Density,Oil - Storage - Existing,fcc,,,,constant_tech,$,13839.86898,13839.86898,13839.86898,13839.86898,13839.86898,13839.86898,13839.86898,13839.86898,13839.86898,13839.86898,13839.86898,
CIMS.CAN.ON.Residential.Water Heating.High Density,Service,ON,Residential,High Density,Oil - Storage - Existing,fom,,,,constant_tech,$,243.0416016,243.0416016,243.0416016,243.0416016,243.0416016,243.0416016,243.0416016,243.0416016,243.0416016,243.0416016,243.0416016,
CIMS.CAN.ON.Residential.Water Heating.High Density,Service,ON,Residential,High Density,Oil - Storage - Existing,service_request,,,CIMS.Generic Fuels.Fuel Oil,annual_tech,GJ,0.364189309,0.364189309,0.364189309,0.364189309,0.364189309,0.364189309,0.364189309,0.364189309,0.364189309,0.364189309,0.364189309,
CIMS.CAN.ON.Residential.Water Heating.High Density,Service,ON,Residential,High Density,Oil - Storage - Efficient,technology,,,,,,,,,,,,,,,,,
CIMS.CAN.ON.Residential.Water Heating.High Density,Service,ON,Residential,High Density,Oil - Storage - Efficient,available,,,,constant_tech,Year,2000,2000,2000,2000,2000,2000,2000,2000,2000,2000,2000,
CIMS.CAN.ON.Residential.Water Heating.High Density,Service,ON,Residential,High Density,Oil - Storage - Efficient,unavailable,,,,constant_tech,Year,2101,2101,2101,2101,2101,2101,2101,2101,2101,2101,2101,
CIMS.CAN.ON.Residential.Water Heating.High Density,Service,ON,Residential,High Density,Oil - Storage - Efficient,lifetime,,,,constant_tech,Years,16,16,16,16,16,16,16,16,16,16,16,
CIMS.CAN.ON.Residential.Water Heating.High Density,Service,ON,Residential,High Density,Oil - Storage - Efficient,market_share_total,,,,annual_region_tech,%,0.00948473700091,,,,,,,,,,,
CIMS.CAN.ON.Residential.Water Heating.High Density,Service,ON,Residential,High Density,Oil - Storage - Efficient,output,,,,constant_tech,node unit,642.4,642.4,642.4,642.4,642.4,642.4,642.4,642.4,642.4,642.4,642.4,
CIMS.CAN.ON.Residential.Water Heating.High Density,Service,ON,Residential,High Density,Oil - Storage - Efficient,fcc,,,,constant_tech,$,17046.66789,17046.66789,17046.66789,17046.66789,17046.66789,17046.66789,17046.66789,17046.66789,17046.66789,17046.66789,17046.66789,
CIMS.CAN.ON.Residential.Water Heating.High Density,Service,ON,Residential,High Density,Oil - Storage - Efficient,fom,,,,constant_tech,$,243.0416016,243.0416016,243.0416016,243.0416016,243.0416016,243.0416016,243.0416016,243.0416016,243.0416016,243.0416016,243.0416016,
CIMS.CAN.ON.Residential.Water Heating.High Density,Service,ON,Residential,High Density,Oil - Storage - Efficient,service_request,,,CIMS.Generic Fuels.Fuel Oil,annual_tech,GJ,0.269183402,0.269183402,0.269183402,0.269183402,0.269183402,0.269183402,0.269183402,0.269183402,0.269183402,0.269183402,0.269183402,
CIMS.CAN.ON.Residential.Dwellings.Lighting,Service,ON,Residential,Lighting,,service_provide,,,,constant_tech,m2,,,,,,,,,,,,
CIMS.CAN.ON.Residential.Dwellings.Lighting,Service,ON,Residential,Lighting,,competition,Tech Compete,,,,,,,,,,,,,,,,
CIMS.CAN.ON.Residential.Dwellings.Lighting,Service,ON,Residential,Lighting,,discount_rate_financial,,,,constant_tech,%,0.25,0.25,0.25,0.25,0.25,0.25,0.25,0.25,0.25,0.25,0.25,
CIMS.CAN.ON.Residential.Dwellings.Lighting,Service,ON,Residential,Lighting,,heterogeneity,,,,constant_tech,,10,10,10,10,10,10,10,10,10,10,10,
CIMS.CAN.ON.Residential.Dwellings.Lighting,Service,ON,Residential,Lighting,,retrofit_existing_max,,,,constant_tech,%,0,0,0,0,0,0,0,0,0,0,0,
CIMS.CAN.ON.Residential.Dwellings.Lighting,Service,ON,Residential,Lighting,Incandescent,technology,,,,,,,,,,,,,,,,,
CIMS.CAN.ON.Residential.Dwellings.Lighting,Service,ON,Residential,Lighting,Incandescent,available,,,,constant_tech,Year,1950,1950,1950,1950,1950,1950,1950,1950,1950,1950,1950,
CIMS.CAN.ON.Residential.Dwellings.Lighting,Service,ON,Residential,Lighting,Incandescent,unavailable,,,,constant_tech,Year,2101,2101,2101,2101,2101,2101,2101,2101,2101,2101,2101,
CIMS.CAN.ON.Residential.Dwellings.Lighting,Service,ON,Residential,Lighting,Incandescent,lifetime,,,,constant_tech,Years,5,5,5,5,5,5,5,5,5,5,5,
CIMS.CAN.ON.Residential.Dwellings.Lighting,Service,ON,Residential,Lighting,Incandescent,market_share_total,,,,annual_tech,%,0.9,,,,,,,,,,,
CIMS.CAN.ON.Residential.Dwellings.Lighting,Service,ON,Residential,Lighting,Incandescent,output,,,,constant_tech,node unit,4.2,4.2,4.2,4.2,4.2,4.2,4.2,4.2,4.2,4.2,4.2,
CIMS.CAN.ON.Residential.Dwellings.Lighting,Service,ON,Residential,Lighting,Incandescent,fcc,,,,constant_tech,$,3,3,3,3,3,3,3,3,3,3,3,
CIMS.CAN.ON.Residential.Dwellings.Lighting,Service,ON,Residential,Lighting,Incandescent,service_request,,,CIMS.CAN.ON.Electricity,annual_tech,GJ,0.031,0.031,0.031,0.031,0.031,0.031,0.031,0.031,0.031,0.031,0.031,
CIMS.CAN.ON.Residential.Dwellings.Lighting,Service,ON,Residential,Lighting,CFL,technology,,,,,,,,,,,,,,,,,
CIMS.CAN.ON.Residential.Dwellings.Lighting,Service,ON,Residential,Lighting,CFL,available,,,,constant_tech,Year,2000,2000,2000,2000,2000,2000,2000,2000,2000,2000,2000,
CIMS.CAN.ON.Residential.Dwellings.Lighting,Service,ON,Residential,Lighting,CFL,unavailable,,,,constant_tech,Year,2101,2101,2101,2101,2101,2101,2101,2101,2101,2101,2101,
CIMS.CAN.ON.Residential.Dwellings.Lighting,Service,ON,Residential,Lighting,CFL,lifetime,,,,constant_tech,Years,8,8,8,8,8,8,8,8,8,8,8,
CIMS.CAN.ON.Residential.Dwellings.Lighting,Service,ON,Residential,Lighting,CFL,market_share_total,,,,annual_tech,%,0.38,,,,,,,,,,,
CIMS.CAN.ON.Residential.Dwellings.Lighting,Service,ON,Residential,Lighting,CFL,output,,,,constant_tech,node unit,4.2,4.2,4.2,4.2,4.2,4.2,4.2,4.2,4.2,4.2,4.2,
CIMS.CAN.ON.Residential.Dwellings.Lighting,Service,ON,Residential,Lighting,CFL,fcc,,,,constant_tech,$,6,6,6,6,6,6,6,6,6,6,6,
CIMS.CAN.ON.Residential.Dwellings.Lighting,Service,ON,Residential,Lighting,CFL,service_request,,,CIMS.CAN.ON.Electricity,annual_tech,GJ,0.010460877,0.010460877,0.010460877,0.010460877,0.010460877,0.010460877,0.010460877,0.010460877,0.010460877,0.010460877,0.010460877,
CIMS.CAN.ON.Residential.Dwellings.Lighting,Service,ON,Residential,Lighting,LED,technology,,,,,,,,,,,,,,,,,
CIMS.CAN.ON.Residential.Dwellings.Lighting,Service,ON,Residential,Lighting,LED,available,,,,constant_tech,Year,2010,2010,2010,2010,2010,2010,2010,2010,2010,2010,2010,
CIMS.CAN.ON.Residential.Dwellings.Lighting,Service,ON,Residential,Lighting,LED,unavailable,,,,constant_tech,Year,2101,2101,2101,2101,2101,2101,2101,2101,2101,2101,2101,
CIMS.CAN.ON.Residential.Dwellings.Lighting,Service,ON,Residential,Lighting,LED,lifetime,,,,constant_tech,Years,13,13,13,13,13,13,13,13,13,13,13,
CIMS.CAN.ON.Residential.Dwellings.Lighting,Service,ON,Residential,Lighting,LED,market_share_total,,,,annual_tech,%,0.02,,,,,,,,,,,
CIMS.CAN.ON.Residential.Dwellings.Lighting,Service,ON,Residential,Lighting,LED,output,,,,constant_tech,node unit,4.2,4.2,4.2,4.2,4.2,4.2,4.2,4.2,4.2,4.2,4.2,
CIMS.CAN.ON.Residential.Dwellings.Lighting,Service,ON,Residential,Lighting,LED,fcc,,,,constant_tech,$,20,20,20,20,20,20,20,20,20,20,20,
CIMS.CAN.ON.Residential.Dwellings.Lighting,Service,ON,Residential,Lighting,LED,service_request,,,CIMS.CAN.ON.Electricity,annual_tech,GJ,0.008366882,0.008366882,0.008366882,0.008366882,0.008366882,0.008366882,0.008366882,0.008366882,0.008366882,0.008366882,0.008366882,
CIMS.CAN.ON.Residential.Dwellings.Solar PV,Service,ON,Residential,Solar PV,,service_provide,,,,constant_tech,m2 of roofspace,,,,,,,,,,,,
CIMS.CAN.ON.Residential.Dwellings.Solar PV,Service,ON,Residential,Solar PV,,competition,Tech Compete,,,,,,,,,,,,,,,,
CIMS.CAN.ON.Residential.Dwellings.Solar PV,Service,ON,Residential,Solar PV,,discount_rate_financial,,,,constant_tech,%,0.25,0.25,0.25,0.25,0.25,0.25,0.25,0.25,0.25,0.25,0.25,
CIMS.CAN.ON.Residential.Dwellings.Solar PV,Service,ON,Residential,Solar PV,,heterogeneity,,,,constant_tech,,10,10,10,10,10,10,10,10,10,10,10,
CIMS.CAN.ON.Residential.Dwellings.Solar PV,Service,ON,Residential,Solar PV,No Solar,technology,,,,,,,,,,,,,,,,,
CIMS.CAN.ON.Residential.Dwellings.Solar PV,Service,ON,Residential,Solar PV,No Solar,available,,,,constant_tech,Year,1950,1950,1950,1950,1950,1950,1950,1950,1950,1950,1950,
CIMS.CAN.ON.Residential.Dwellings.Solar PV,Service,ON,Residential,Solar PV,No Solar,unavailable,,,,constant_tech,Year,2101,2101,2101,2101,2101,2101,2101,2101,2101,2101,2101,
CIMS.CAN.ON.Residential.Dwellings.Solar PV,Service,ON,Residential,Solar PV,No Solar,lifetime,,,,constant_tech,Years,20,20,20,20,20,20,20,20,20,20,20,
CIMS.CAN.ON.Residential.Dwellings.Solar PV,Service,ON,Residential,Solar PV,No Solar,market_share_total,,,,annual_tech,%,1,,,,,,,,,,,
CIMS.CAN.ON.Residential.Dwellings.Solar PV,Service,ON,Residential,Solar PV,Solar PV,technology,,,,,,,,,,,,,,,,,
CIMS.CAN.ON.Residential.Dwellings.Solar PV,Service,ON,Residential,Solar PV,Solar PV,available,,,,constant_tech,Year,2015,2015,2015,2015,2015,2015,2015,2015,2015,2015,2015,
CIMS.CAN.ON.Residential.Dwellings.Solar PV,Service,ON,Residential,Solar PV,Solar PV,unavailable,,,,constant_tech,Year,2101,2101,2101,2101,2101,2101,2101,2101,2101,2101,2101,
CIMS.CAN.ON.Residential.Dwellings.Solar PV,Service,ON,Residential,Solar PV,Solar PV,lifetime,,,,constant_tech,Years,20,20,20,20,20,20,20,20,20,20,20,
CIMS.CAN.ON.Residential.Dwellings.Solar PV,Service,ON,Residential,Solar PV,Solar PV,market_share_total,,,,annual_tech,%,0,,,,,,,,,,,
CIMS.CAN.ON.Residential.Dwellings.Solar PV,Service,ON,Residential,Solar PV,Solar PV,fcc,,,,constant_tech,$,1382.747625,1382.747625,1382.747625,1382.747625,1382.747625,1382.747625,1382.747625,1382.747625,1382.747625,1382.747625,1382.747625,
CIMS.CAN.ON.Residential.Dwellings.Solar PV,Service,ON,Residential,Solar PV,Solar PV,service_request,,,CIMS.CAN.ON.Electricity,annual_tech,GJ,-0.638648353,-0.638648353,-0.638648353,-0.638648353,-0.638648353,-0.638648353,-0.638648353,-0.638648353,-0.638648353,-0.638648353,-0.638648353,
CIMS.CAN.ON.Residential.Dwellings.Refrigerators,Service,ON,Residential,Refrigerators,,service_provide,,,,constant_tech,unit,,,,,,,,,,,,
CIMS.CAN.ON.Residential.Dwellings.Refrigerators,Service,ON,Residential,Refrigerators,,competition,Tech Compete,,,,,,,,,,,,,,,,
CIMS.CAN.ON.Residential.Dwellings.Refrigerators,Service,ON,Residential,Refrigerators,,discount_rate_financial,,,,constant_tech,%,0.3,0.3,0.3,0.3,0.3,0.3,0.3,0.3,0.3,0.3,0.3,
CIMS.CAN.ON.Residential.Dwellings.Refrigerators,Service,ON,Residential,Refrigerators,,discount_rate_retrofit,,,,constant_tech,%,0.65,0.65,0.65,0.65,0.65,0.65,0.65,0.65,0.65,0.65,0.65,
CIMS.CAN.ON.Residential.Dwellings.Refrigerators,Service,ON,Residential,Refrigerators,,heterogeneity,,,,constant_tech,,10,10,10,10,10,10,10,10,10,10,10,
CIMS.CAN.ON.Residential.Dwellings.Refrigerators,Service,ON,Residential,Refrigerators,Existing,technology,,,,,,,,,,,,,,,,,
CIMS.CAN.ON.Residential.Dwellings.Refrigerators,Service,ON,Residential,Refrigerators,Existing,available,,,,constant_tech,Year,1985,1985,1985,1985,1985,1985,1985,1985,1985,1985,1985,
CIMS.CAN.ON.Residential.Dwellings.Refrigerators,Service,ON,Residential,Refrigerators,Existing,unavailable,,,,constant_tech,Year,2001,2001,2001,2001,2001,2001,2001,2001,2001,2001,2001,
CIMS.CAN.ON.Residential.Dwellings.Refrigerators,Service,ON,Residential,Refrigerators,Existing,lifetime,,,,constant_tech,Years,17,17,17,17,17,17,17,17,17,17,17,
CIMS.CAN.ON.Residential.Dwellings.Refrigerators,Service,ON,Residential,Refrigerators,Existing,market_share_total,,,,annual_tech,%,1,,,,,,,,,,,
CIMS.CAN.ON.Residential.Dwellings.Refrigerators,Service,ON,Residential,Refrigerators,Existing,fcc,,,,constant_tech,$,802.3109244,802.3109244,802.3109244,802.3109244,802.3109244,802.3109244,802.3109244,802.3109244,802.3109244,802.3109244,802.3109244,
CIMS.CAN.ON.Residential.Dwellings.Refrigerators,Service,ON,Residential,Refrigerators,Existing,fom,,,,constant_tech,$,4.999716432,4.999716432,4.999716432,4.999716432,4.999716432,4.999716432,4.999716432,4.999716432,4.999716432,4.999716432,4.999716432,
CIMS.CAN.ON.Residential.Dwellings.Refrigerators,Service,ON,Residential,Refrigerators,Existing,service_request,,,CIMS.CAN.ON.Electricity,annual_tech,GJ,3.402,3.402,3.402,3.402,3.402,3.402,3.402,3.402,3.402,3.402,3.402,
CIMS.CAN.ON.Residential.Dwellings.Refrigerators,Service,ON,Residential,Refrigerators,Std,technology,,,,,,,,,,,,,,,,,
CIMS.CAN.ON.Residential.Dwellings.Refrigerators,Service,ON,Residential,Refrigerators,Std,available,,,,constant_tech,Year,2000,2000,2000,2000,2000,2000,2000,2000,2000,2000,2000,
CIMS.CAN.ON.Residential.Dwellings.Refrigerators,Service,ON,Residential,Refrigerators,Std,unavailable,,,,constant_tech,Year,2101,2101,2101,2101,2101,2101,2101,2101,2101,2101,2101,
CIMS.CAN.ON.Residential.Dwellings.Refrigerators,Service,ON,Residential,Refrigerators,Std,lifetime,,,,constant_tech,Years,17,17,17,17,17,17,17,17,17,17,17,
CIMS.CAN.ON.Residential.Dwellings.Refrigerators,Service,ON,Residential,Refrigerators,Std,market_share_total,,,,annual_tech,%,0,,,,,,,,,,,
CIMS.CAN.ON.Residential.Dwellings.Refrigerators,Service,ON,Residential,Refrigerators,Std,fcc,,,,constant_tech,$,802.3109244,802.3109244,802.3109244,802.3109244,802.3109244,802.3109244,802.3109244,802.3109244,802.3109244,802.3109244,802.3109244,
CIMS.CAN.ON.Residential.Dwellings.Refrigerators,Service,ON,Residential,Refrigerators,Std,fom,,,,constant_tech,$,4.999716432,4.999716432,4.999716432,4.999716432,4.999716432,4.999716432,4.999716432,4.999716432,4.999716432,4.999716432,4.999716432,
CIMS.CAN.ON.Residential.Dwellings.Refrigerators,Service,ON,Residential,Refrigerators,Std,service_request,,,CIMS.CAN.ON.Electricity,annual_tech,GJ,1.746828,1.746828,1.746828,1.746828,1.746828,1.746828,1.746828,1.746828,1.746828,1.746828,1.746828,
CIMS.CAN.ON.Residential.Dwellings.Refrigerators,Service,ON,Residential,Refrigerators,Medium Efficiency,technology,,,,,,,,,,,,,,,,,
CIMS.CAN.ON.Residential.Dwellings.Refrigerators,Service,ON,Residential,Refrigerators,Medium Efficiency,available,,,,constant_tech,Year,2000,2000,2000,2000,2000,2000,2000,2000,2000,2000,2000,
CIMS.CAN.ON.Residential.Dwellings.Refrigerators,Service,ON,Residential,Refrigerators,Medium Efficiency,unavailable,,,,constant_tech,Year,2101,2101,2101,2101,2101,2101,2101,2101,2101,2101,2101,
CIMS.CAN.ON.Residential.Dwellings.Refrigerators,Service,ON,Residential,Refrigerators,Medium Efficiency,lifetime,,,,constant_tech,Years,17,17,17,17,17,17,17,17,17,17,17,
CIMS.CAN.ON.Residential.Dwellings.Refrigerators,Service,ON,Residential,Refrigerators,Medium Efficiency,market_share_total,,,,annual_tech,%,0,,,,,,,,,,,
CIMS.CAN.ON.Residential.Dwellings.Refrigerators,Service,ON,Residential,Refrigerators,Medium Efficiency,fcc,,,,constant_tech,$,907.2211008,907.2211008,907.2211008,907.2211008,907.2211008,907.2211008,907.2211008,907.2211008,907.2211008,907.2211008,907.2211008,
CIMS.CAN.ON.Residential.Dwellings.Refrigerators,Service,ON,Residential,Refrigerators,Medium Efficiency,fom,,,,constant_tech,$,4.999716432,4.999716432,4.999716432,4.999716432,4.999716432,4.999716432,4.999716432,4.999716432,4.999716432,4.999716432,4.999716432,
CIMS.CAN.ON.Residential.Dwellings.Refrigerators,Service,ON,Residential,Refrigerators,Medium Efficiency,service_request,,,CIMS.CAN.ON.Electricity,annual_tech,GJ,1.566828,1.566828,1.566828,1.566828,1.566828,1.566828,1.566828,1.566828,1.566828,1.566828,1.566828,
CIMS.CAN.ON.Residential.Dwellings.Refrigerators,Service,ON,Residential,Refrigerators,High Efficiency,technology,,,,,,,,,,,,,,,,,
CIMS.CAN.ON.Residential.Dwellings.Refrigerators,Service,ON,Residential,Refrigerators,High Efficiency,available,,,,constant_tech,Year,2000,2000,2000,2000,2000,2000,2000,2000,2000,2000,2000,
CIMS.CAN.ON.Residential.Dwellings.Refrigerators,Service,ON,Residential,Refrigerators,High Efficiency,unavailable,,,,constant_tech,Year,2101,2101,2101,2101,2101,2101,2101,2101,2101,2101,2101,
CIMS.CAN.ON.Residential.Dwellings.Refrigerators,Service,ON,Residential,Refrigerators,High Efficiency,lifetime,,,,constant_tech,Years,17,17,17,17,17,17,17,17,17,17,17,
CIMS.CAN.ON.Residential.Dwellings.Refrigerators,Service,ON,Residential,Refrigerators,High Efficiency,market_share_total,,,,annual_tech,%,0,,,,,,,,,,,
CIMS.CAN.ON.Residential.Dwellings.Refrigerators,Service,ON,Residential,Refrigerators,High Efficiency,fcc,,,,constant_tech,$,987.1247601,987.1247601,987.1247601,987.1247601,987.1247601,987.1247601,987.1247601,987.1247601,987.1247601,987.1247601,987.1247601,
CIMS.CAN.ON.Residential.Dwellings.Refrigerators,Service,ON,Residential,Refrigerators,High Efficiency,fom,,,,constant_tech,$,4.999716432,4.999716432,4.999716432,4.999716432,4.999716432,4.999716432,4.999716432,4.999716432,4.999716432,4.999716432,4.999716432,
CIMS.CAN.ON.Residential.Dwellings.Refrigerators,Service,ON,Residential,Refrigerators,High Efficiency,service_request,,,CIMS.CAN.ON.Electricity,annual_tech,GJ,1.222075234,1.222075234,1.222075234,1.222075234,1.222075234,1.222075234,1.222075234,1.222075234,1.222075234,1.222075234,1.222075234,
CIMS.CAN.ON.Residential.Dwellings.Freezers,Service,ON,Residential,Freezers,,service_provide,,,,constant_tech,unit,,,,,,,,,,,,
CIMS.CAN.ON.Residential.Dwellings.Freezers,Service,ON,Residential,Freezers,,competition,Tech Compete,,,,,,,,,,,,,,,,
CIMS.CAN.ON.Residential.Dwellings.Freezers,Service,ON,Residential,Freezers,,discount_rate_financial,,,,constant_tech,%,0.3,0.3,0.3,0.3,0.3,0.3,0.3,0.3,0.3,0.3,0.3,
CIMS.CAN.ON.Residential.Dwellings.Freezers,Service,ON,Residential,Freezers,,discount_rate_retrofit,,,,constant_tech,%,0.65,0.65,0.65,0.65,0.65,0.65,0.65,0.65,0.65,0.65,0.65,
CIMS.CAN.ON.Residential.Dwellings.Freezers,Service,ON,Residential,Freezers,,heterogeneity,,,,constant_tech,,10,10,10,10,10,10,10,10,10,10,10,
CIMS.CAN.ON.Residential.Dwellings.Freezers,Service,ON,Residential,Freezers,Existing,technology,,,,,,,,,,,,,,,,,
CIMS.CAN.ON.Residential.Dwellings.Freezers,Service,ON,Residential,Freezers,Existing,available,,,,constant_tech,Year,1982,1982,1982,1982,1982,1982,1982,1982,1982,1982,1982,
CIMS.CAN.ON.Residential.Dwellings.Freezers,Service,ON,Residential,Freezers,Existing,unavailable,,,,constant_tech,Year,2001,2001,2001,2001,2001,2001,2001,2001,2001,2001,2001,
CIMS.CAN.ON.Residential.Dwellings.Freezers,Service,ON,Residential,Freezers,Existing,lifetime,,,,constant_tech,Years,21,21,21,21,21,21,21,21,21,21,21,
CIMS.CAN.ON.Residential.Dwellings.Freezers,Service,ON,Residential,Freezers,Existing,market_share_total,,,,annual_tech,%,0.9,,,,,,,,,,,
CIMS.CAN.ON.Residential.Dwellings.Freezers,Service,ON,Residential,Freezers,Existing,fcc,,,,constant_tech,$,483.9889976,483.9889976,483.9889976,483.9889976,483.9889976,483.9889976,483.9889976,483.9889976,483.9889976,483.9889976,483.9889976,
CIMS.CAN.ON.Residential.Dwellings.Freezers,Service,ON,Residential,Freezers,Existing,fom,,,,constant_tech,$,12.49929108,12.49929108,12.49929108,12.49929108,12.49929108,12.49929108,12.49929108,12.49929108,12.49929108,12.49929108,12.49929108,
CIMS.CAN.ON.Residential.Dwellings.Freezers,Service,ON,Residential,Freezers,Existing,service_request,,,CIMS.CAN.ON.Electricity,annual_tech,GJ,2.25,2.25,2.25,2.25,2.25,2.25,2.25,2.25,2.25,2.25,2.25,
CIMS.CAN.ON.Residential.Dwellings.Freezers,Service,ON,Residential,Freezers,Std,technology,,,,,,,,,,,,,,,,,
CIMS.CAN.ON.Residential.Dwellings.Freezers,Service,ON,Residential,Freezers,Std,available,,,,constant_tech,Year,1988,1988,1988,1988,1988,1988,1988,1988,1988,1988,1988,
CIMS.CAN.ON.Residential.Dwellings.Freezers,Service,ON,Residential,Freezers,Std,unavailable,,,,constant_tech,Year,2101,2101,2101,2101,2101,2101,2101,2101,2101,2101,2101,
CIMS.CAN.ON.Residential.Dwellings.Freezers,Service,ON,Residential,Freezers,Std,lifetime,,,,constant_tech,Years,21,21,21,21,21,21,21,21,21,21,21,
CIMS.CAN.ON.Residential.Dwellings.Freezers,Service,ON,Residential,Freezers,Std,market_share_total,,,,annual_tech,%,0.1,,,,,,,,,,,
CIMS.CAN.ON.Residential.Dwellings.Freezers,Service,ON,Residential,Freezers,Std,fcc,,,,constant_tech,$,483.9889976,483.9889976,483.9889976,483.9889976,483.9889976,483.9889976,483.9889976,483.9889976,483.9889976,483.9889976,483.9889976,
CIMS.CAN.ON.Residential.Dwellings.Freezers,Service,ON,Residential,Freezers,Std,fom,,,,constant_tech,$,12.49929108,12.49929108,12.49929108,12.49929108,12.49929108,12.49929108,12.49929108,12.49929108,12.49929108,12.49929108,12.49929108,
CIMS.CAN.ON.Residential.Dwellings.Freezers,Service,ON,Residential,Freezers,Std,service_request,,,CIMS.CAN.ON.Electricity,annual_tech,GJ,1.4076,1.4076,1.4076,1.4076,1.4076,1.4076,1.4076,1.4076,1.4076,1.4076,1.4076,
CIMS.CAN.ON.Residential.Dwellings.Freezers,Service,ON,Residential,Freezers,High Efficiency,technology,,,,,,,,,,,,,,,,,
CIMS.CAN.ON.Residential.Dwellings.Freezers,Service,ON,Residential,Freezers,High Efficiency,available,,,,constant_tech,Year,1988,1988,1988,1988,1988,1988,1988,1988,1988,1988,1988,
CIMS.CAN.ON.Residential.Dwellings.Freezers,Service,ON,Residential,Freezers,High Efficiency,unavailable,,,,constant_tech,Year,2101,2101,2101,2101,2101,2101,2101,2101,2101,2101,2101,
CIMS.CAN.ON.Residential.Dwellings.Freezers,Service,ON,Residential,Freezers,High Efficiency,lifetime,,,,constant_tech,Years,21,21,21,21,21,21,21,21,21,21,21,
CIMS.CAN.ON.Residential.Dwellings.Freezers,Service,ON,Residential,Freezers,High Efficiency,market_share_total,,,,annual_tech,%,0,,,,,,,,,,,
CIMS.CAN.ON.Residential.Dwellings.Freezers,Service,ON,Residential,Freezers,High Efficiency,fcc,,,,constant_tech,$,616.952975,616.952975,616.952975,616.952975,616.952975,616.952975,616.952975,616.952975,616.952975,616.952975,616.952975,
CIMS.CAN.ON.Residential.Dwellings.Freezers,Service,ON,Residential,Freezers,High Efficiency,fom,,,,constant_tech,$,12.49929108,12.49929108,12.49929108,12.49929108,12.49929108,12.49929108,12.49929108,12.49929108,12.49929108,12.49929108,12.49929108,
CIMS.CAN.ON.Residential.Dwellings.Freezers,Service,ON,Residential,Freezers,High Efficiency,service_request,,,CIMS.CAN.ON.Electricity,annual_tech,GJ,1.175265246,1.175265246,1.175265246,1.175265246,1.175265246,1.175265246,1.175265246,1.175265246,1.175265246,1.175265246,1.175265246,
CIMS.CAN.ON.Residential.Dwellings.Ranges,Service,ON,Residential,Ranges,,service_provide,,,,constant_tech,unit,,,,,,,,,,,,
CIMS.CAN.ON.Residential.Dwellings.Ranges,Service,ON,Residential,Ranges,,competition,Tech Compete,,,,,,,,,,,,,,,,
CIMS.CAN.ON.Residential.Dwellings.Ranges,Service,ON,Residential,Ranges,,discount_rate_financial,,,,constant_tech,%,0.3,0.3,0.3,0.3,0.3,0.3,0.3,0.3,0.3,0.3,0.3,
CIMS.CAN.ON.Residential.Dwellings.Ranges,Service,ON,Residential,Ranges,,discount_rate_retrofit,,,,constant_tech,%,0.65,0.65,0.65,0.65,0.65,0.65,0.65,0.65,0.65,0.65,0.65,
CIMS.CAN.ON.Residential.Dwellings.Ranges,Service,ON,Residential,Ranges,,heterogeneity,,,,constant_tech,,10,10,10,10,10,10,10,10,10,10,10,
CIMS.CAN.ON.Residential.Dwellings.Ranges,Service,ON,Residential,Ranges,Electric existing,technology,,,,,,,,,,,,,,,,,
CIMS.CAN.ON.Residential.Dwellings.Ranges,Service,ON,Residential,Ranges,Electric existing,available,,,,constant_tech,Year,1980,1980,1980,1980,1980,1980,1980,1980,1980,1980,1980,
CIMS.CAN.ON.Residential.Dwellings.Ranges,Service,ON,Residential,Ranges,Electric existing,unavailable,,,,constant_tech,Year,2001,2001,2001,2001,2001,2001,2001,2001,2001,2001,2001,
CIMS.CAN.ON.Residential.Dwellings.Ranges,Service,ON,Residential,Ranges,Electric existing,lifetime,,,,constant_tech,Years,20,20,20,20,20,20,20,20,20,20,20,
CIMS.CAN.ON.Residential.Dwellings.Ranges,Service,ON,Residential,Ranges,Electric existing,market_share_total,,,,annual_tech,%,0.9,,,,,,,,,,,
CIMS.CAN.ON.Residential.Dwellings.Ranges,Service,ON,Residential,Ranges,Electric existing,fcc,,,,constant_tech,$,755.0038388,755.0038388,755.0038388,755.0038388,755.0038388,755.0038388,755.0038388,755.0038388,755.0038388,755.0038388,755.0038388,
CIMS.CAN.ON.Residential.Dwellings.Ranges,Service,ON,Residential,Ranges,Electric existing,fom,,,,constant_tech,$,12.49929108,12.49929108,12.49929108,12.49929108,12.49929108,12.49929108,12.49929108,12.49929108,12.49929108,12.49929108,12.49929108,
CIMS.CAN.ON.Residential.Dwellings.Ranges,Service,ON,Residential,Ranges,Electric existing,service_request,,,CIMS.CAN.ON.Electricity,annual_tech,GJ,3.00456,3.00456,3.00456,3.00456,3.00456,3.00456,3.00456,3.00456,3.00456,3.00456,3.00456,
CIMS.CAN.ON.Residential.Dwellings.Ranges,Service,ON,Residential,Ranges,Electric Std,technology,,,,,,,,,,,,,,,,,
CIMS.CAN.ON.Residential.Dwellings.Ranges,Service,ON,Residential,Ranges,Electric Std,available,,,,constant_tech,Year,2000,2000,2000,2000,2000,2000,2000,2000,2000,2000,2000,
CIMS.CAN.ON.Residential.Dwellings.Ranges,Service,ON,Residential,Ranges,Electric Std,unavailable,,,,constant_tech,Year,2101,2101,2101,2101,2101,2101,2101,2101,2101,2101,2101,
CIMS.CAN.ON.Residential.Dwellings.Ranges,Service,ON,Residential,Ranges,Electric Std,lifetime,,,,constant_tech,Years,20,20,20,20,20,20,20,20,20,20,20,
CIMS.CAN.ON.Residential.Dwellings.Ranges,Service,ON,Residential,Ranges,Electric Std,market_share_total,,,,annual_tech,%,0,,,,,,,,,,,
CIMS.CAN.ON.Residential.Dwellings.Ranges,Service,ON,Residential,Ranges,Electric Std,fcc,,,,constant_tech,$,755.0038388,755.0038388,755.0038388,755.0038388,755.0038388,755.0038388,755.0038388,755.0038388,755.0038388,755.0038388,755.0038388,
CIMS.CAN.ON.Residential.Dwellings.Ranges,Service,ON,Residential,Ranges,Electric Std,fom,,,,constant_tech,$,12.49929108,12.49929108,12.49929108,12.49929108,12.49929108,12.49929108,12.49929108,12.49929108,12.49929108,12.49929108,12.49929108,
CIMS.CAN.ON.Residential.Dwellings.Ranges,Service,ON,Residential,Ranges,Electric Std,service_request,,,CIMS.CAN.ON.Electricity,annual_tech,GJ,2.303496,2.303496,2.303496,2.303496,2.303496,2.303496,2.303496,2.303496,2.303496,2.303496,2.303496,
CIMS.CAN.ON.Residential.Dwellings.Ranges,Service,ON,Residential,Ranges,Electric Induction,technology,,,,,,,,,,,,,,,,,
CIMS.CAN.ON.Residential.Dwellings.Ranges,Service,ON,Residential,Ranges,Electric Induction,available,,,,constant_tech,Year,2020,2020,2020,2020,2020,2020,2020,2020,2020,2020,2020,
CIMS.CAN.ON.Residential.Dwellings.Ranges,Service,ON,Residential,Ranges,Electric Induction,unavailable,,,,constant_tech,Year,2101,2101,2101,2101,2101,2101,2101,2101,2101,2101,2101,
CIMS.CAN.ON.Residential.Dwellings.Ranges,Service,ON,Residential,Ranges,Electric Induction,lifetime,,,,constant_tech,Years,20,20,20,20,20,20,20,20,20,20,20,
CIMS.CAN.ON.Residential.Dwellings.Ranges,Service,ON,Residential,Ranges,Electric Induction,market_share_total,,,,annual_tech,%,0,,,,,,,,,,,
CIMS.CAN.ON.Residential.Dwellings.Ranges,Service,ON,Residential,Ranges,Electric Induction,fcc,,,,constant_tech,$,3665.067179,3665.067179,3665.067179,3665.067179,3665.067179,3665.067179,3665.067179,3665.067179,3665.067179,3665.067179,3665.067179,
CIMS.CAN.ON.Residential.Dwellings.Ranges,Service,ON,Residential,Ranges,Electric Induction,fom,,,,constant_tech,$,12.49929108,12.49929108,12.49929108,12.49929108,12.49929108,12.49929108,12.49929108,12.49929108,12.49929108,12.49929108,12.49929108,
CIMS.CAN.ON.Residential.Dwellings.Ranges,Service,ON,Residential,Ranges,Electric Induction,service_request,,,CIMS.CAN.ON.Electricity,annual_tech,GJ,1.151748,1.151748,1.151748,1.151748,1.151748,1.151748,1.151748,1.151748,1.151748,1.151748,1.151748,
CIMS.CAN.ON.Residential.Dwellings.Ranges,Service,ON,Residential,Ranges,NG existing,technology,,,,,,,,,,,,,,,,,
CIMS.CAN.ON.Residential.Dwellings.Ranges,Service,ON,Residential,Ranges,NG existing,available,,,,constant_tech,Year,1980,1980,1980,1980,1980,1980,1980,1980,1980,1980,1980,
CIMS.CAN.ON.Residential.Dwellings.Ranges,Service,ON,Residential,Ranges,NG existing,unavailable,,,,constant_tech,Year,2001,2001,2001,2001,2001,2001,2001,2001,2001,2001,2001,
CIMS.CAN.ON.Residential.Dwellings.Ranges,Service,ON,Residential,Ranges,NG existing,lifetime,,,,constant_tech,Years,20,20,20,20,20,20,20,20,20,20,20,
CIMS.CAN.ON.Residential.Dwellings.Ranges,Service,ON,Residential,Ranges,NG existing,market_share_total,,,,annual_tech,%,0.1,,,,,,,,,,,
CIMS.CAN.ON.Residential.Dwellings.Ranges,Service,ON,Residential,Ranges,NG existing,fcc,,,,constant_tech,$,1604.621849,1604.621849,1604.621849,1604.621849,1604.621849,1604.621849,1604.621849,1604.621849,1604.621849,1604.621849,1604.621849,
CIMS.CAN.ON.Residential.Dwellings.Ranges,Service,ON,Residential,Ranges,NG existing,fom,,,,constant_tech,$,12.49929108,12.49929108,12.49929108,12.49929108,12.49929108,12.49929108,12.49929108,12.49929108,12.49929108,12.49929108,12.49929108,
CIMS.CAN.ON.Residential.Dwellings.Ranges,Service,ON,Residential,Ranges,NG existing,service_request,,,CIMS.CAN.ON.Residential.Methane Blend,annual_tech,GJ,5.107752,5.107752,5.107752,5.107752,5.107752,5.107752,5.107752,5.107752,5.107752,5.107752,5.107752,
CIMS.CAN.ON.Residential.Dwellings.Ranges,Service,ON,Residential,Ranges,NG Std,technology,,,,,,,,,,,,,,,,,
CIMS.CAN.ON.Residential.Dwellings.Ranges,Service,ON,Residential,Ranges,NG Std,available,,,,constant_tech,Year,2000,2000,2000,2000,2000,2000,2000,2000,2000,2000,2000,
CIMS.CAN.ON.Residential.Dwellings.Ranges,Service,ON,Residential,Ranges,NG Std,unavailable,,,,constant_tech,Year,2101,2101,2101,2101,2101,2101,2101,2101,2101,2101,2101,
CIMS.CAN.ON.Residential.Dwellings.Ranges,Service,ON,Residential,Ranges,NG Std,lifetime,,,,constant_tech,Years,20,20,20,20,20,20,20,20,20,20,20,
CIMS.CAN.ON.Residential.Dwellings.Ranges,Service,ON,Residential,Ranges,NG Std,market_share_total,,,,annual_tech,%,0,,,,,,,,,,,
CIMS.CAN.ON.Residential.Dwellings.Ranges,Service,ON,Residential,Ranges,NG Std,fcc,,,,constant_tech,$,1604.621849,1604.621849,1604.621849,1604.621849,1604.621849,1604.621849,1604.621849,1604.621849,1604.621849,1604.621849,1604.621849,
CIMS.CAN.ON.Residential.Dwellings.Ranges,Service,ON,Residential,Ranges,NG Std,fom,,,,constant_tech,$,12.49929108,12.49929108,12.49929108,12.49929108,12.49929108,12.49929108,12.49929108,12.49929108,12.49929108,12.49929108,12.49929108,
CIMS.CAN.ON.Residential.Dwellings.Ranges,Service,ON,Residential,Ranges,NG Std,service_request,,,CIMS.CAN.ON.Residential.Methane Blend,annual_tech,GJ,4.722552,4.722552,4.722552,4.722552,4.722552,4.722552,4.722552,4.722552,4.722552,4.722552,4.722552,
CIMS.CAN.ON.Residential.Dwellings.Dishwashing,Service,ON,Residential,Dishwashing,,service_provide,,,,constant_tech,unit,,,,,,,,,,,,
CIMS.CAN.ON.Residential.Dwellings.Dishwashing,Service,ON,Residential,Dishwashing,,competition,Fixed Ratio,,,,,,,,,,,,,,,,
CIMS.CAN.ON.Residential.Dwellings.Dishwashing,Service,ON,Residential,Dishwashing,,service_request,,,CIMS.CAN.ON.Residential.Dwellings.Dishwashing.Machine,annual_tech,GJ,0.6,0.63,0.69,0.71,0.72,0.73,0.75,0.76,0.77,0.77,0.77,
CIMS.CAN.ON.Residential.Dwellings.Dishwashing,Service,ON,Residential,Dishwashing,,service_request,,,CIMS.CAN.ON.Residential.Dwellings.Dishwashing.Non-machine,annual_tech,GJ,0.4,0.37,0.31,0.29,0.28,0.27,0.25,0.24,0.23,0.23,0.23,
CIMS.CAN.ON.Residential.Dwellings.Dishwashing.Machine,Service,ON,Residential,Machine,,service_provide,,,,constant_tech,unit,,,,,,,,,,,,
CIMS.CAN.ON.Residential.Dwellings.Dishwashing.Machine,Service,ON,Residential,Machine,,competition,Tech Compete,,,,,,,,,,,,,,,,
CIMS.CAN.ON.Residential.Dwellings.Dishwashing.Machine,Service,ON,Residential,Machine,,discount_rate_financial,,,,constant_tech,%,0.3,0.3,0.3,0.3,0.3,0.3,0.3,0.3,0.3,0.3,0.3,
CIMS.CAN.ON.Residential.Dwellings.Dishwashing.Machine,Service,ON,Residential,Machine,,discount_rate_retrofit,,,,constant_tech,%,0.65,0.65,0.65,0.65,0.65,0.65,0.65,0.65,0.65,0.65,0.65,
CIMS.CAN.ON.Residential.Dwellings.Dishwashing.Machine,Service,ON,Residential,Machine,,heterogeneity,,,,constant_tech,,10,10,10,10,10,10,10,10,10,10,10,
CIMS.CAN.ON.Residential.Dwellings.Dishwashing.Machine,Service,ON,Residential,Machine,Existing,technology,,,,,,,,,,,,,,,,,
CIMS.CAN.ON.Residential.Dwellings.Dishwashing.Machine,Service,ON,Residential,Machine,Existing,available,,,,constant_tech,Year,1987,1987,1987,1987,1987,1987,1987,1987,1987,1987,1987,
CIMS.CAN.ON.Residential.Dwellings.Dishwashing.Machine,Service,ON,Residential,Machine,Existing,unavailable,,,,constant_tech,Year,2001,2001,2001,2001,2001,2001,2001,2001,2001,2001,2001,
CIMS.CAN.ON.Residential.Dwellings.Dishwashing.Machine,Service,ON,Residential,Machine,Existing,lifetime,,,,constant_tech,Years,13,13,13,13,13,13,13,13,13,13,13,
CIMS.CAN.ON.Residential.Dwellings.Dishwashing.Machine,Service,ON,Residential,Machine,Existing,market_share_total,,,,annual_tech,%,1,,,,,,,,,,,
CIMS.CAN.ON.Residential.Dwellings.Dishwashing.Machine,Service,ON,Residential,Machine,Existing,fcc,,,,constant_tech,$,746.4445802,746.4445802,746.4445802,746.4445802,746.4445802,746.4445802,746.4445802,746.4445802,746.4445802,746.4445802,746.4445802,
CIMS.CAN.ON.Residential.Dwellings.Dishwashing.Machine,Service,ON,Residential,Machine,Existing,fom,,,,constant_tech,$,11.24936197,11.24936197,11.24936197,11.24936197,11.24936197,11.24936197,11.24936197,11.24936197,11.24936197,11.24936197,11.24936197,
CIMS.CAN.ON.Residential.Dwellings.Dishwashing.Machine,Service,ON,Residential,Machine,Existing,service_request,,,CIMS.CAN.ON.Electricity,annual_tech,GJ,0.45,0.45,0.45,0.45,0.45,0.45,0.45,0.45,0.45,0.45,0.45,
CIMS.CAN.ON.Residential.Dwellings.Dishwashing.Machine,Service,ON,Residential,Machine,Existing,service_request,,,CIMS.CAN.ON.Residential.Water Heating,annual_tech,GJ,10.6921,10.6921,10.6921,10.6921,10.6921,10.6921,10.6921,10.6921,10.6921,10.6921,10.6921,
CIMS.CAN.ON.Residential.Dwellings.Dishwashing.Machine,Service,ON,Residential,Machine,Std (46% Eff),technology,,,,,,,,,,,,,,,,,
CIMS.CAN.ON.Residential.Dwellings.Dishwashing.Machine,Service,ON,Residential,Machine,Std (46% Eff),available,,,,constant_tech,Year,2000,2000,2000,2000,2000,2000,2000,2000,2000,2000,2000,
CIMS.CAN.ON.Residential.Dwellings.Dishwashing.Machine,Service,ON,Residential,Machine,Std (46% Eff),unavailable,,,,constant_tech,Year,2101,2101,2101,2101,2101,2101,2101,2101,2101,2101,2101,
CIMS.CAN.ON.Residential.Dwellings.Dishwashing.Machine,Service,ON,Residential,Machine,Std (46% Eff),lifetime,,,,constant_tech,Years,13,13,13,13,13,13,13,13,13,13,13,
CIMS.CAN.ON.Residential.Dwellings.Dishwashing.Machine,Service,ON,Residential,Machine,Std (46% Eff),market_share_total,,,,annual_tech,%,0,,,,,,,,,,,
CIMS.CAN.ON.Residential.Dwellings.Dishwashing.Machine,Service,ON,Residential,Machine,Std (46% Eff),fcc,,,,constant_tech,$,746.4445802,746.4445802,746.4445802,746.4445802,746.4445802,746.4445802,746.4445802,746.4445802,746.4445802,746.4445802,746.4445802,
CIMS.CAN.ON.Residential.Dwellings.Dishwashing.Machine,Service,ON,Residential,Machine,Std (46% Eff),fom,,,,constant_tech,$,11.24936197,11.24936197,11.24936197,11.24936197,11.24936197,11.24936197,11.24936197,11.24936197,11.24936197,11.24936197,11.24936197,
CIMS.CAN.ON.Residential.Dwellings.Dishwashing.Machine,Service,ON,Residential,Machine,Std (46% Eff),service_request,,,CIMS.CAN.ON.Electricity,annual_tech,GJ,0.823339659,0.823339659,0.823339659,0.823339659,0.823339659,0.823339659,0.823339659,0.823339659,0.823339659,0.823339659,0.823339659,
CIMS.CAN.ON.Residential.Dwellings.Dishwashing.Machine,Service,ON,Residential,Machine,Std (46% Eff),service_request,,,CIMS.CAN.ON.Residential.Water Heating,annual_tech,GJ,4.6402,4.6402,4.6402,4.6402,4.6402,4.6402,4.6402,4.6402,4.6402,4.6402,4.6402,
CIMS.CAN.ON.Residential.Dwellings.Dishwashing.Machine,Service,ON,Residential,Machine,High (58% Eff),technology,,,,,,,,,,,,,,,,,
CIMS.CAN.ON.Residential.Dwellings.Dishwashing.Machine,Service,ON,Residential,Machine,High (58% Eff),available,,,,constant_tech,Year,2000,2000,2000,2000,2000,2000,2000,2000,2000,2000,2000,
CIMS.CAN.ON.Residential.Dwellings.Dishwashing.Machine,Service,ON,Residential,Machine,High (58% Eff),unavailable,,,,constant_tech,Year,2101,2101,2101,2101,2101,2101,2101,2101,2101,2101,2101,
CIMS.CAN.ON.Residential.Dwellings.Dishwashing.Machine,Service,ON,Residential,Machine,High (58% Eff),lifetime,,,,constant_tech,Years,13,13,13,13,13,13,13,13,13,13,13,
CIMS.CAN.ON.Residential.Dwellings.Dishwashing.Machine,Service,ON,Residential,Machine,High (58% Eff),market_share_total,,,,annual_tech,%,0,,,,,,,,,,,
CIMS.CAN.ON.Residential.Dwellings.Dishwashing.Machine,Service,ON,Residential,Machine,High (58% Eff),fcc,,,,constant_tech,$,755.9939778,755.9939778,755.9939778,755.9939778,755.9939778,755.9939778,755.9939778,755.9939778,755.9939778,755.9939778,755.9939778,
CIMS.CAN.ON.Residential.Dwellings.Dishwashing.Machine,Service,ON,Residential,Machine,High (58% Eff),fom,,,,constant_tech,$,11.24936197,11.24936197,11.24936197,11.24936197,11.24936197,11.24936197,11.24936197,11.24936197,11.24936197,11.24936197,11.24936197,
CIMS.CAN.ON.Residential.Dwellings.Dishwashing.Machine,Service,ON,Residential,Machine,High (58% Eff),service_request,,,CIMS.CAN.ON.Electricity,annual_tech,GJ,0.6129,0.6129,0.6129,0.6129,0.6129,0.6129,0.6129,0.6129,0.6129,0.6129,0.6129,
CIMS.CAN.ON.Residential.Dwellings.Dishwashing.Machine,Service,ON,Residential,Machine,High (58% Eff),service_request,,,CIMS.CAN.ON.Residential.Water Heating,annual_tech,GJ,3.4372,3.4372,3.4372,3.4372,3.4372,3.4372,3.4372,3.4372,3.4372,3.4372,3.4372,
CIMS.CAN.ON.Residential.Dwellings.Dishwashing.Machine,Service,ON,Residential,Machine,Top (94% Eff),technology,,,,,,,,,,,,,,,,,
CIMS.CAN.ON.Residential.Dwellings.Dishwashing.Machine,Service,ON,Residential,Machine,Top (94% Eff),available,,,,constant_tech,Year,2000,2000,2000,2000,2000,2000,2000,2000,2000,2000,2000,
CIMS.CAN.ON.Residential.Dwellings.Dishwashing.Machine,Service,ON,Residential,Machine,Top (94% Eff),unavailable,,,,constant_tech,Year,2101,2101,2101,2101,2101,2101,2101,2101,2101,2101,2101,
CIMS.CAN.ON.Residential.Dwellings.Dishwashing.Machine,Service,ON,Residential,Machine,Top (94% Eff),lifetime,,,,constant_tech,Years,13,13,13,13,13,13,13,13,13,13,13,
CIMS.CAN.ON.Residential.Dwellings.Dishwashing.Machine,Service,ON,Residential,Machine,Top (94% Eff),market_share_total,,,,annual_tech,%,0,,,,,,,,,,,
CIMS.CAN.ON.Residential.Dwellings.Dishwashing.Machine,Service,ON,Residential,Machine,Top (94% Eff),fcc,,,,constant_tech,$,1707.750607,1707.750607,1707.750607,1707.750607,1707.750607,1707.750607,1707.750607,1707.750607,1707.750607,1707.750607,1707.750607,
CIMS.CAN.ON.Residential.Dwellings.Dishwashing.Machine,Service,ON,Residential,Machine,Top (94% Eff),fom,,,,constant_tech,$,11.24936197,11.24936197,11.24936197,11.24936197,11.24936197,11.24936197,11.24936197,11.24936197,11.24936197,11.24936197,11.24936197,
CIMS.CAN.ON.Residential.Dwellings.Dishwashing.Machine,Service,ON,Residential,Machine,Top (94% Eff),service_request,,,CIMS.CAN.ON.Electricity,annual_tech,GJ,0.057391782,0.057391782,0.057391782,0.057391782,0.057391782,0.057391782,0.057391782,0.057391782,0.057391782,0.057391782,0.057391782,
CIMS.CAN.ON.Residential.Dwellings.Dishwashing.Machine,Service,ON,Residential,Machine,Top (94% Eff),service_request,,,CIMS.CAN.ON.Residential.Water Heating,annual_tech,GJ,3.9527,3.9527,3.9527,3.9527,3.9527,3.9527,3.9527,3.9527,3.9527,3.9527,3.9527,
CIMS.CAN.ON.Residential.Dwellings.Dishwashing.Non-machine,Service,ON,Residential,Non-machine,,service_provide,,,,constant_tech,unit,,,,,,,,,,,,
CIMS.CAN.ON.Residential.Dwellings.Dishwashing.Non-machine,Service,ON,Residential,Non-machine,,competition,Tech Compete,,,,,,,,,,,,,,,,
CIMS.CAN.ON.Residential.Dwellings.Dishwashing.Non-machine,Service,ON,Residential,Non-machine,,discount_rate_financial,,,,constant_tech,%,0.3,0.3,0.3,0.3,0.3,0.3,0.3,0.3,0.3,0.3,0.3,
CIMS.CAN.ON.Residential.Dwellings.Dishwashing.Non-machine,Service,ON,Residential,Non-machine,,discount_rate_retrofit,,,,constant_tech,%,0.65,0.65,0.65,0.65,0.65,0.65,0.65,0.65,0.65,0.65,0.65,
CIMS.CAN.ON.Residential.Dwellings.Dishwashing.Non-machine,Service,ON,Residential,Non-machine,,heterogeneity,,,,constant_tech,,10,10,10,10,10,10,10,10,10,10,10,
CIMS.CAN.ON.Residential.Dwellings.Dishwashing.Non-machine,Service,ON,Residential,Non-machine,Hot water,technology,,,,,,,,,,,,,,,,,
CIMS.CAN.ON.Residential.Dwellings.Dishwashing.Non-machine,Service,ON,Residential,Non-machine,Hot water,available,,,,constant_tech,Year,1990,1990,1990,1990,1990,1990,1990,1990,1990,1990,1990,
CIMS.CAN.ON.Residential.Dwellings.Dishwashing.Non-machine,Service,ON,Residential,Non-machine,Hot water,unavailable,,,,constant_tech,Year,2101,2101,2101,2101,2101,2101,2101,2101,2101,2101,2101,
CIMS.CAN.ON.Residential.Dwellings.Dishwashing.Non-machine,Service,ON,Residential,Non-machine,Hot water,lifetime,,,,constant_tech,Years,10,10,10,10,10,10,10,10,10,10,10,
CIMS.CAN.ON.Residential.Dwellings.Dishwashing.Non-machine,Service,ON,Residential,Non-machine,Hot water,market_share_total,,,,annual_tech,%,0.9,,,,,,,,,,,
CIMS.CAN.ON.Residential.Dwellings.Dishwashing.Non-machine,Service,ON,Residential,Non-machine,Hot water,fcc,,,,constant_tech,$,1.22168906,1.22168906,1.22168906,1.22168906,1.22168906,1.22168906,1.22168906,1.22168906,1.22168906,1.22168906,1.22168906,
CIMS.CAN.ON.Residential.Dwellings.Dishwashing.Non-machine,Service,ON,Residential,Non-machine,Hot water,fom,,,,constant_tech,$,0.624964554,0.624964554,0.624964554,0.624964554,0.624964554,0.624964554,0.624964554,0.624964554,0.624964554,0.624964554,0.624964554,
CIMS.CAN.ON.Residential.Dwellings.Dishwashing.Non-machine,Service,ON,Residential,Non-machine,Hot water,service_request,,,CIMS.CAN.ON.Residential.Water Heating,annual_tech,GJ,10.6945,10.6945,10.6945,10.6945,10.6945,10.6945,10.6945,10.6945,10.6945,10.6945,10.6945,
CIMS.CAN.ON.Residential.Dwellings.Dishwashing.Non-machine,Service,ON,Residential,Non-machine,How water aerator,technology,,,,,,,,,,,,,,,,,
CIMS.CAN.ON.Residential.Dwellings.Dishwashing.Non-machine,Service,ON,Residential,Non-machine,How water aerator,available,,,,constant_tech,Year,1990,1990,1990,1990,1990,1990,1990,1990,1990,1990,1990,
CIMS.CAN.ON.Residential.Dwellings.Dishwashing.Non-machine,Service,ON,Residential,Non-machine,How water aerator,unavailable,,,,constant_tech,Year,2101,2101,2101,2101,2101,2101,2101,2101,2101,2101,2101,
CIMS.CAN.ON.Residential.Dwellings.Dishwashing.Non-machine,Service,ON,Residential,Non-machine,How water aerator,lifetime,,,,constant_tech,Years,10,10,10,10,10,10,10,10,10,10,10,
CIMS.CAN.ON.Residential.Dwellings.Dishwashing.Non-machine,Service,ON,Residential,Non-machine,How water aerator,market_share_total,,,,annual_tech,%,0.1,,,,,,,,,,,
CIMS.CAN.ON.Residential.Dwellings.Dishwashing.Non-machine,Service,ON,Residential,Non-machine,How water aerator,fcc,,,,constant_tech,$,8.667134438,8.667134438,8.667134438,8.667134438,8.667134438,8.667134438,8.667134438,8.667134438,8.667134438,8.667134438,8.667134438,
CIMS.CAN.ON.Residential.Dwellings.Dishwashing.Non-machine,Service,ON,Residential,Non-machine,How water aerator,fom,,,,constant_tech,$,0.624964554,0.624964554,0.624964554,0.624964554,0.624964554,0.624964554,0.624964554,0.624964554,0.624964554,0.624964554,0.624964554,
CIMS.CAN.ON.Residential.Dwellings.Dishwashing.Non-machine,Service,ON,Residential,Non-machine,How water aerator,service_request,,,CIMS.CAN.ON.Residential.Water Heating,annual_tech,GJ,10.0528,10.0528,10.0528,10.0528,10.0528,10.0528,10.0528,10.0528,10.0528,10.0528,10.0528,
CIMS.CAN.ON.Residential.Dwellings.Clothes Washing,Service,ON,Residential,Clothes Washing,,service_provide,,,,constant_tech,unit,,,,,,,,,,,,
CIMS.CAN.ON.Residential.Dwellings.Clothes Washing,Service,ON,Residential,Clothes Washing,,competition,Tech Compete,,,,,,,,,,,,,,,,
CIMS.CAN.ON.Residential.Dwellings.Clothes Washing,Service,ON,Residential,Clothes Washing,,discount_rate_financial,,,,constant_tech,%,0.3,0.3,0.3,0.3,0.3,0.3,0.3,0.3,0.3,0.3,0.3,
CIMS.CAN.ON.Residential.Dwellings.Clothes Washing,Service,ON,Residential,Clothes Washing,,discount_rate_retrofit,,,,constant_tech,%,0.65,0.65,0.65,0.65,0.65,0.65,0.65,0.65,0.65,0.65,0.65,
CIMS.CAN.ON.Residential.Dwellings.Clothes Washing,Service,ON,Residential,Clothes Washing,,heterogeneity,,,,constant_tech,,10,10,10,10,10,10,10,10,10,10,10,
CIMS.CAN.ON.Residential.Dwellings.Clothes Washing,Service,ON,Residential,Clothes Washing,Existing,technology,,,,,,,,,,,,,,,,,
CIMS.CAN.ON.Residential.Dwellings.Clothes Washing,Service,ON,Residential,Clothes Washing,Existing,available,,,,constant_tech,Year,1980,1980,1980,1980,1980,1980,1980,1980,1980,1980,1980,
CIMS.CAN.ON.Residential.Dwellings.Clothes Washing,Service,ON,Residential,Clothes Washing,Existing,unavailable,,,,constant_tech,Year,2001,2001,2001,2001,2001,2001,2001,2001,2001,2001,2001,
CIMS.CAN.ON.Residential.Dwellings.Clothes Washing,Service,ON,Residential,Clothes Washing,Existing,lifetime,,,,constant_tech,Years,14,14,14,14,14,14,14,14,14,14,14,
CIMS.CAN.ON.Residential.Dwellings.Clothes Washing,Service,ON,Residential,Clothes Washing,Existing,market_share_total,,,,annual_tech,%,1,,,,,,,,,,,
CIMS.CAN.ON.Residential.Dwellings.Clothes Washing,Service,ON,Residential,Clothes Washing,Existing,fcc,,,,constant_tech,$,670.1496679,670.1496679,670.1496679,670.1496679,670.1496679,670.1496679,670.1496679,670.1496679,670.1496679,670.1496679,670.1496679,
CIMS.CAN.ON.Residential.Dwellings.Clothes Washing,Service,ON,Residential,Clothes Washing,Existing,fom,,,,constant_tech,$,9.999432865,9.999432865,9.999432865,9.999432865,9.999432865,9.999432865,9.999432865,9.999432865,9.999432865,9.999432865,9.999432865,
CIMS.CAN.ON.Residential.Dwellings.Clothes Washing,Service,ON,Residential,Clothes Washing,Existing,service_request,,,CIMS.CAN.ON.Electricity,annual_tech,GJ,0.335,0.335,0.335,0.335,0.335,0.335,0.335,0.335,0.335,0.335,0.335,
CIMS.CAN.ON.Residential.Dwellings.Clothes Washing,Service,ON,Residential,Clothes Washing,Existing,service_request,,,CIMS.CAN.ON.Residential.Water Heating,annual_tech,GJ,19.8567,19.8567,19.8567,19.8567,19.8567,19.8567,19.8567,19.8567,19.8567,19.8567,19.8567,
CIMS.CAN.ON.Residential.Dwellings.Clothes Washing,Service,ON,Residential,Clothes Washing,Existing,service_request,,,CIMS.CAN.ON.Residential.Clothes Drying,annual_tech,GJ,327.6,327.6,327.6,327.6,327.6,327.6,327.6,327.6,327.6,327.6,327.6,
CIMS.CAN.ON.Residential.Dwellings.Clothes Washing,Service,ON,Residential,Clothes Washing,Std,technology,,,,,,,,,,,,,,,,,
CIMS.CAN.ON.Residential.Dwellings.Clothes Washing,Service,ON,Residential,Clothes Washing,Std,available,,,,constant_tech,Year,2000,2000,2000,2000,2000,2000,2000,2000,2000,2000,2000,
CIMS.CAN.ON.Residential.Dwellings.Clothes Washing,Service,ON,Residential,Clothes Washing,Std,unavailable,,,,constant_tech,Year,2101,2101,2101,2101,2101,2101,2101,2101,2101,2101,2101,
CIMS.CAN.ON.Residential.Dwellings.Clothes Washing,Service,ON,Residential,Clothes Washing,Std,lifetime,,,,constant_tech,Years,14,14,14,14,14,14,14,14,14,14,14,
CIMS.CAN.ON.Residential.Dwellings.Clothes Washing,Service,ON,Residential,Clothes Washing,Std,market_share_total,,,,annual_tech,%,0,,,,,,,,,,,
CIMS.CAN.ON.Residential.Dwellings.Clothes Washing,Service,ON,Residential,Clothes Washing,Std,fcc,,,,constant_tech,$,861.0617714,861.0617714,861.0617714,861.0617714,861.0617714,861.0617714,861.0617714,861.0617714,861.0617714,861.0617714,861.0617714,
CIMS.CAN.ON.Residential.Dwellings.Clothes Washing,Service,ON,Residential,Clothes Washing,Std,fom,,,,constant_tech,$,9.999432865,9.999432865,9.999432865,9.999432865,9.999432865,9.999432865,9.999432865,9.999432865,9.999432865,9.999432865,9.999432865,
CIMS.CAN.ON.Residential.Dwellings.Clothes Washing,Service,ON,Residential,Clothes Washing,Std,service_request,,,CIMS.CAN.ON.Electricity,annual_tech,GJ,0.265,0.265,0.265,0.265,0.265,0.265,0.265,0.265,0.265,0.265,0.265,
CIMS.CAN.ON.Residential.Dwellings.Clothes Washing,Service,ON,Residential,Clothes Washing,Std,service_request,,,CIMS.CAN.ON.Residential.Water Heating,annual_tech,GJ,5.2928,5.2928,5.2928,5.2928,5.2928,5.2928,5.2928,5.2928,5.2928,5.2928,5.2928,
CIMS.CAN.ON.Residential.Dwellings.Clothes Washing,Service,ON,Residential,Clothes Washing,Std,service_request,,,CIMS.CAN.ON.Residential.Clothes Drying,annual_tech,GJ,307.94,307.94,307.94,307.94,307.94,307.94,307.94,307.94,307.94,307.94,307.94,
CIMS.CAN.ON.Residential.Dwellings.Clothes Washing,Service,ON,Residential,Clothes Washing,High Efficiency,technology,,,,,,,,,,,,,,,,,
CIMS.CAN.ON.Residential.Dwellings.Clothes Washing,Service,ON,Residential,Clothes Washing,High Efficiency,available,,,,constant_tech,Year,2000,2000,2000,2000,2000,2000,2000,2000,2000,2000,2000,
CIMS.CAN.ON.Residential.Dwellings.Clothes Washing,Service,ON,Residential,Clothes Washing,High Efficiency,unavailable,,,,constant_tech,Year,2101,2101,2101,2101,2101,2101,2101,2101,2101,2101,2101,
CIMS.CAN.ON.Residential.Dwellings.Clothes Washing,Service,ON,Residential,Clothes Washing,High Efficiency,lifetime,,,,constant_tech,Years,14,14,14,14,14,14,14,14,14,14,14,
CIMS.CAN.ON.Residential.Dwellings.Clothes Washing,Service,ON,Residential,Clothes Washing,High Efficiency,market_share_total,,,,annual_tech,%,0,,,,,,,,,,,
CIMS.CAN.ON.Residential.Dwellings.Clothes Washing,Service,ON,Residential,Clothes Washing,High Efficiency,fcc,,,,constant_tech,$,1059.216899,1059.216899,1059.216899,1059.216899,1059.216899,1059.216899,1059.216899,1059.216899,1059.216899,1059.216899,1059.216899,
CIMS.CAN.ON.Residential.Dwellings.Clothes Washing,Service,ON,Residential,Clothes Washing,High Efficiency,fom,,,,constant_tech,$,9.999432865,9.999432865,9.999432865,9.999432865,9.999432865,9.999432865,9.999432865,9.999432865,9.999432865,9.999432865,9.999432865,
CIMS.CAN.ON.Residential.Dwellings.Clothes Washing,Service,ON,Residential,Clothes Washing,High Efficiency,service_request,,,CIMS.CAN.ON.Electricity,annual_tech,GJ,0.186,0.186,0.186,0.186,0.186,0.186,0.186,0.186,0.186,0.186,0.186,
CIMS.CAN.ON.Residential.Dwellings.Clothes Washing,Service,ON,Residential,Clothes Washing,High Efficiency,service_request,,,CIMS.CAN.ON.Residential.Water Heating,annual_tech,GJ,3.42,3.42,3.42,3.42,3.42,3.42,3.42,3.42,3.42,3.42,3.42,
CIMS.CAN.ON.Residential.Dwellings.Clothes Washing,Service,ON,Residential,Clothes Washing,High Efficiency,service_request,,,CIMS.CAN.ON.Residential.Clothes Drying,annual_tech,GJ,307.94,307.94,307.94,307.94,307.94,307.94,307.94,307.94,307.94,307.94,307.94,
CIMS.CAN.ON.Residential.Dwellings.Clothes Washing,Service,ON,Residential,Clothes Washing,Steam,technology,,,,,,,,,,,,,,,,,
CIMS.CAN.ON.Residential.Dwellings.Clothes Washing,Service,ON,Residential,Clothes Washing,Steam,available,,,,constant_tech,Year,2000,2000,2000,2000,2000,2000,2000,2000,2000,2000,2000,
CIMS.CAN.ON.Residential.Dwellings.Clothes Washing,Service,ON,Residential,Clothes Washing,Steam,unavailable,,,,constant_tech,Year,2101,2101,2101,2101,2101,2101,2101,2101,2101,2101,2101,
CIMS.CAN.ON.Residential.Dwellings.Clothes Washing,Service,ON,Residential,Clothes Washing,Steam,lifetime,,,,constant_tech,Years,14,14,14,14,14,14,14,14,14,14,14,
CIMS.CAN.ON.Residential.Dwellings.Clothes Washing,Service,ON,Residential,Clothes Washing,Steam,market_share_total,,,,annual_tech,%,0,,,,,,,,,,,
CIMS.CAN.ON.Residential.Dwellings.Clothes Washing,Service,ON,Residential,Clothes Washing,Steam,fcc,,,,constant_tech,$,2443.378119,2443.378119,2443.378119,2443.378119,2443.378119,2443.378119,2443.378119,2443.378119,2443.378119,2443.378119,2443.378119,
CIMS.CAN.ON.Residential.Dwellings.Clothes Washing,Service,ON,Residential,Clothes Washing,Steam,fom,,,,constant_tech,$,9.999432865,9.999432865,9.999432865,9.999432865,9.999432865,9.999432865,9.999432865,9.999432865,9.999432865,9.999432865,9.999432865,
CIMS.CAN.ON.Residential.Dwellings.Clothes Washing,Service,ON,Residential,Clothes Washing,Steam,service_request,,,CIMS.CAN.ON.Electricity,annual_tech,GJ,0.084269,0.084269,0.084269,0.084269,0.084269,0.084269,0.084269,0.084269,0.084269,0.084269,0.084269,
CIMS.CAN.ON.Residential.Dwellings.Clothes Washing,Service,ON,Residential,Clothes Washing,Steam,service_request,,,CIMS.CAN.ON.Residential.Water Heating,annual_tech,GJ,2.05,2.05,2.05,2.05,2.05,2.05,2.05,2.05,2.05,2.05,2.05,
CIMS.CAN.ON.Residential.Dwellings.Clothes Washing,Service,ON,Residential,Clothes Washing,Steam,service_request,,,CIMS.CAN.ON.Residential.Clothes Drying,annual_tech,GJ,163.8,163.8,163.8,163.8,163.8,163.8,163.8,163.8,163.8,163.8,163.8,
CIMS.CAN.ON.Residential.Dwellings.Minor Appliances,Service,ON,Residential,Minor Appliances,,service_provide,,,,constant_tech,unit,,,,,,,,,,,,
CIMS.CAN.ON.Residential.Dwellings.Minor Appliances,Service,ON,Residential,Minor Appliances,,competition,Tech Compete,,,,,,,,,,,,,,,,
CIMS.CAN.ON.Residential.Dwellings.Minor Appliances,Service,ON,Residential,Minor Appliances,,discount_rate_financial,,,,constant_tech,%,0.3,0.3,0.3,0.3,0.3,0.3,0.3,0.3,0.3,0.3,0.3,
CIMS.CAN.ON.Residential.Dwellings.Minor Appliances,Service,ON,Residential,Minor Appliances,,discount_rate_retrofit,,,,constant_tech,%,0.65,0.65,0.65,0.65,0.65,0.65,0.65,0.65,0.65,0.65,0.65,
CIMS.CAN.ON.Residential.Dwellings.Minor Appliances,Service,ON,Residential,Minor Appliances,,heterogeneity,,,,constant_tech,,10,10,10,10,10,10,10,10,10,10,10,
CIMS.CAN.ON.Residential.Dwellings.Minor Appliances,Service,ON,Residential,Minor Appliances,Existing,technology,,,,,,,,,,,,,,,,,
CIMS.CAN.ON.Residential.Dwellings.Minor Appliances,Service,ON,Residential,Minor Appliances,Existing,available,,,,constant_tech,Year,2000,2000,2000,2000,2000,2000,2000,2000,2000,2000,2000,
CIMS.CAN.ON.Residential.Dwellings.Minor Appliances,Service,ON,Residential,Minor Appliances,Existing,unavailable,,,,constant_tech,Year,2001,2001,2001,2001,2001,2001,2001,2001,2001,2001,2001,
CIMS.CAN.ON.Residential.Dwellings.Minor Appliances,Service,ON,Residential,Minor Appliances,Existing,lifetime,,,,constant_tech,Years,20,20,20,20,20,20,20,20,20,20,20,
CIMS.CAN.ON.Residential.Dwellings.Minor Appliances,Service,ON,Residential,Minor Appliances,Existing,market_share_total,,,,annual_tech,%,1,,,,,,,,,,,
CIMS.CAN.ON.Residential.Dwellings.Minor Appliances,Service,ON,Residential,Minor Appliances,Existing,fcc,,,,constant_tech,$,3318.45543,3318.45543,3318.45543,3318.45543,3318.45543,3318.45543,3318.45543,3318.45543,3318.45543,3318.45543,3318.45543,
CIMS.CAN.ON.Residential.Dwellings.Minor Appliances,Service,ON,Residential,Minor Appliances,Existing,fom,,,,constant_tech,$,31.2482277,31.2482277,31.2482277,31.2482277,31.2482277,31.2482277,31.2482277,31.2482277,31.2482277,31.2482277,31.2482277,
CIMS.CAN.ON.Residential.Dwellings.Minor Appliances,Service,ON,Residential,Minor Appliances,Existing,service_request,,,CIMS.CAN.ON.Electricity,annual_tech,GJ,5.044338336,5.044338336,5.044338336,5.044338336,5.044338336,5.044338336,5.044338336,5.044338336,5.044338336,5.044338336,5.044338336,
CIMS.CAN.ON.Residential.Dwellings.Minor Appliances,Service,ON,Residential,Minor Appliances,New,technology,,,,,,,,,,,,,,,,,
CIMS.CAN.ON.Residential.Dwellings.Minor Appliances,Service,ON,Residential,Minor Appliances,New,available,,,,constant_tech,Year,2000,2000,2000,2000,2000,2000,2000,2000,2000,2000,2000,
CIMS.CAN.ON.Residential.Dwellings.Minor Appliances,Service,ON,Residential,Minor Appliances,New,unavailable,,,,constant_tech,Year,2101,2101,2101,2101,2101,2101,2101,2101,2101,2101,2101,
CIMS.CAN.ON.Residential.Dwellings.Minor Appliances,Service,ON,Residential,Minor Appliances,New,lifetime,,,,constant_tech,Years,20,20,20,20,20,20,20,20,20,20,20,
CIMS.CAN.ON.Residential.Dwellings.Minor Appliances,Service,ON,Residential,Minor Appliances,New,market_share_total,,,,annual_tech,%,0,,,,,,,,,,,
CIMS.CAN.ON.Residential.Dwellings.Minor Appliances,Service,ON,Residential,Minor Appliances,New,fcc,,,,constant_tech,$,4977.683145,4977.683145,4977.683145,4977.683145,4977.683145,4977.683145,4977.683145,4977.683145,4977.683145,4977.683145,4977.683145,
CIMS.CAN.ON.Residential.Dwellings.Minor Appliances,Service,ON,Residential,Minor Appliances,New,fom,,,,constant_tech,$,31.2482277,31.2482277,31.2482277,31.2482277,31.2482277,31.2482277,31.2482277,31.2482277,31.2482277,31.2482277,31.2482277,
CIMS.CAN.ON.Residential.Dwellings.Minor Appliances,Service,ON,Residential,Minor Appliances,New,service_request,,,CIMS.CAN.ON.Electricity,annual_tech,GJ,7.566507503,7.566507503,7.566507503,7.566507503,7.566507503,7.566507503,7.566507503,7.566507503,7.566507503,7.566507503,7.566507503,
CIMS.CAN.ON.Residential.Dwellings.Minor Appliances,Service,ON,Residential,Minor Appliances,New 1W standby,technology,,,,,,,,,,,,,,,,,
CIMS.CAN.ON.Residential.Dwellings.Minor Appliances,Service,ON,Residential,Minor Appliances,New 1W standby,available,,,,constant_tech,Year,2010,2010,2010,2010,2010,2010,2010,2010,2010,2010,2010,
CIMS.CAN.ON.Residential.Dwellings.Minor Appliances,Service,ON,Residential,Minor Appliances,New 1W standby,unavailable,,,,constant_tech,Year,2101,2101,2101,2101,2101,2101,2101,2101,2101,2101,2101,
CIMS.CAN.ON.Residential.Dwellings.Minor Appliances,Service,ON,Residential,Minor Appliances,New 1W standby,lifetime,,,,constant_tech,Years,20,20,20,20,20,20,20,20,20,20,20,
CIMS.CAN.ON.Residential.Dwellings.Minor Appliances,Service,ON,Residential,Minor Appliances,New 1W standby,market_share_total,,,,annual_tech,%,0,,,,,,,,,,,
CIMS.CAN.ON.Residential.Dwellings.Minor Appliances,Service,ON,Residential,Minor Appliances,New 1W standby,fcc,,,,constant_tech,$,5022.644649,5022.644649,5022.644649,5022.644649,5022.644649,5022.644649,5022.644649,5022.644649,5022.644649,5022.644649,5022.644649,
CIMS.CAN.ON.Residential.Dwellings.Minor Appliances,Service,ON,Residential,Minor Appliances,New 1W standby,fom,,,,constant_tech,$,31.2482277,31.2482277,31.2482277,31.2482277,31.2482277,31.2482277,31.2482277,31.2482277,31.2482277,31.2482277,31.2482277,
CIMS.CAN.ON.Residential.Dwellings.Minor Appliances,Service,ON,Residential,Minor Appliances,New 1W standby,service_request,,,CIMS.CAN.ON.Electricity,annual_tech,GJ,6.612507503,6.612507503,6.612507503,6.612507503,6.612507503,6.612507503,6.612507503,6.612507503,6.612507503,6.612507503,6.612507503,
CIMS.CAN.ON.Residential.Dwellings.Minor Appliances,Service,ON,Residential,Minor Appliances,New PV panels,technology,,,,,,,,,,,,,,,,,
CIMS.CAN.ON.Residential.Dwellings.Minor Appliances,Service,ON,Residential,Minor Appliances,New PV panels,available,,,,constant_tech,Year,2020,2020,2020,2020,2020,2020,2020,2020,2020,2020,2020,
CIMS.CAN.ON.Residential.Dwellings.Minor Appliances,Service,ON,Residential,Minor Appliances,New PV panels,unavailable,,,,constant_tech,Year,2101,2101,2101,2101,2101,2101,2101,2101,2101,2101,2101,
CIMS.CAN.ON.Residential.Dwellings.Minor Appliances,Service,ON,Residential,Minor Appliances,New PV panels,lifetime,,,,constant_tech,Years,20,20,20,20,20,20,20,20,20,20,20,
CIMS.CAN.ON.Residential.Dwellings.Minor Appliances,Service,ON,Residential,Minor Appliances,New PV panels,market_share_total,,,,annual_tech,%,0,,,,,,,,,,,
CIMS.CAN.ON.Residential.Dwellings.Minor Appliances,Service,ON,Residential,Minor Appliances,New PV panels,fcc,,,,constant_tech,$,22981.47382,22981.47382,22981.47382,22981.47382,22981.47382,22981.47382,22981.47382,22981.47382,22981.47382,22981.47382,22981.47382,
CIMS.CAN.ON.Residential.Dwellings.Minor Appliances,Service,ON,Residential,Minor Appliances,New PV panels,fom,,,,constant_tech,$,31.2482277,31.2482277,31.2482277,31.2482277,31.2482277,31.2482277,31.2482277,31.2482277,31.2482277,31.2482277,31.2482277,
CIMS.CAN.ON.Residential.Dwellings.Minor Appliances,Service,ON,Residential,Minor Appliances,New PV panels,service_request,,,CIMS.CAN.ON.Electricity,annual_tech,GJ,-4.28901148,-4.28901148,-4.28901148,-4.28901148,-4.28901148,-4.28901148,-4.28901148,-4.28901148,-4.28901148,-4.28901148,-4.28901148,
CIMS.CAN.ON.Residential.Dwellings.Non-appliance Hot Water,Service,ON,Residential,Non-appliance Hot Water,,service_provide,,,,constant_tech,unit,,,,,,,,,,,,
CIMS.CAN.ON.Residential.Dwellings.Non-appliance Hot Water,Service,ON,Residential,Non-appliance Hot Water,,competition,Tech Compete,,,,,,,,,,,,,,,,
CIMS.CAN.ON.Residential.Dwellings.Non-appliance Hot Water,Service,ON,Residential,Non-appliance Hot Water,,discount_rate_financial,,,,constant_tech,%,0.3,0.3,0.3,0.3,0.3,0.3,0.3,0.3,0.3,0.3,0.3,
CIMS.CAN.ON.Residential.Dwellings.Non-appliance Hot Water,Service,ON,Residential,Non-appliance Hot Water,,discount_rate_retrofit,,,,constant_tech,%,0.65,0.65,0.65,0.65,0.65,0.65,0.65,0.65,0.65,0.65,0.65,
CIMS.CAN.ON.Residential.Dwellings.Non-appliance Hot Water,Service,ON,Residential,Non-appliance Hot Water,,heterogeneity,,,,constant_tech,,10,10,10,10,10,10,10,10,10,10,10,
CIMS.CAN.ON.Residential.Dwellings.Non-appliance Hot Water,Service,ON,Residential,Non-appliance Hot Water,Std use,technology,,,,,,,,,,,,,,,,,
CIMS.CAN.ON.Residential.Dwellings.Non-appliance Hot Water,Service,ON,Residential,Non-appliance Hot Water,Std use,available,,,,constant_tech,Year,1990,1990,1990,1990,1990,1990,1990,1990,1990,1990,1990,
CIMS.CAN.ON.Residential.Dwellings.Non-appliance Hot Water,Service,ON,Residential,Non-appliance Hot Water,Std use,unavailable,,,,constant_tech,Year,2001,2001,2001,2001,2001,2001,2001,2001,2001,2001,2001,
CIMS.CAN.ON.Residential.Dwellings.Non-appliance Hot Water,Service,ON,Residential,Non-appliance Hot Water,Std use,lifetime,,,,constant_tech,Years,10,10,10,10,10,10,10,10,10,10,10,
CIMS.CAN.ON.Residential.Dwellings.Non-appliance Hot Water,Service,ON,Residential,Non-appliance Hot Water,Std use,market_share_total,,,,annual_tech,%,0.7,,,,,,,,,,,
CIMS.CAN.ON.Residential.Dwellings.Non-appliance Hot Water,Service,ON,Residential,Non-appliance Hot Water,Std use,fcc,,,,constant_tech,$,10.95937842,10.95937842,10.95937842,10.95937842,10.95937842,10.95937842,10.95937842,10.95937842,10.95937842,10.95937842,10.95937842,
CIMS.CAN.ON.Residential.Dwellings.Non-appliance Hot Water,Service,ON,Residential,Non-appliance Hot Water,Std use,fom,,,,constant_tech,$,0.624964554,0.624964554,0.624964554,0.624964554,0.624964554,0.624964554,0.624964554,0.624964554,0.624964554,0.624964554,0.624964554,
CIMS.CAN.ON.Residential.Dwellings.Non-appliance Hot Water,Service,ON,Residential,Non-appliance Hot Water,Std use,service_request,,,CIMS.CAN.ON.Residential.Water Heating,annual_tech,GJ,41.172,41.172,41.172,41.172,41.172,41.172,41.172,41.172,41.172,41.172,41.172,
CIMS.CAN.ON.Residential.Dwellings.Non-appliance Hot Water,Service,ON,Residential,Non-appliance Hot Water,Low flow devices,technology,,,,,,,,,,,,,,,,,
CIMS.CAN.ON.Residential.Dwellings.Non-appliance Hot Water,Service,ON,Residential,Non-appliance Hot Water,Low flow devices,available,,,,constant_tech,Year,1990,1990,1990,1990,1990,1990,1990,1990,1990,1990,1990,
CIMS.CAN.ON.Residential.Dwellings.Non-appliance Hot Water,Service,ON,Residential,Non-appliance Hot Water,Low flow devices,unavailable,,,,constant_tech,Year,2101,2101,2101,2101,2101,2101,2101,2101,2101,2101,2101,
CIMS.CAN.ON.Residential.Dwellings.Non-appliance Hot Water,Service,ON,Residential,Non-appliance Hot Water,Low flow devices,lifetime,,,,constant_tech,Years,10,10,10,10,10,10,10,10,10,10,10,
CIMS.CAN.ON.Residential.Dwellings.Non-appliance Hot Water,Service,ON,Residential,Non-appliance Hot Water,Low flow devices,market_share_total,,,,annual_tech,%,0.3,,,,,,,,,,,
CIMS.CAN.ON.Residential.Dwellings.Non-appliance Hot Water,Service,ON,Residential,Non-appliance Hot Water,Low flow devices,fcc,,,,constant_tech,$,22.46470588,22.46470588,22.46470588,22.46470588,22.46470588,22.46470588,22.46470588,22.46470588,22.46470588,22.46470588,22.46470588,
CIMS.CAN.ON.Residential.Dwellings.Non-appliance Hot Water,Service,ON,Residential,Non-appliance Hot Water,Low flow devices,fom,,,,constant_tech,$,0.624964554,0.624964554,0.624964554,0.624964554,0.624964554,0.624964554,0.624964554,0.624964554,0.624964554,0.624964554,0.624964554,
CIMS.CAN.ON.Residential.Dwellings.Non-appliance Hot Water,Service,ON,Residential,Non-appliance Hot Water,Low flow devices,service_request,,,CIMS.CAN.ON.Residential.Water Heating,annual_tech,GJ,34.6,34.6,34.6,34.6,34.6,34.6,34.6,34.6,34.6,34.6,34.6,
CIMS.CAN.ON.Residential.Clothes Drying,Service,ON,Residential,Clothes Drying,,service_provide,,,,constant_tech,GJ,,,,,,,,,,,,
CIMS.CAN.ON.Residential.Clothes Drying,Service,ON,Residential,Clothes Drying,,competition,Fixed Ratio,,,,,,,,,,,,,,,,
CIMS.CAN.ON.Residential.Clothes Drying,Service,ON,Residential,Clothes Drying,,service_request,,,CIMS.CAN.ON.Residential.Clothes Drying.Machine,annual_tech,GJ,0.77,0.8,0.83,0.84,0.85,0.85,0.85,0.85,0.85,0.85,0.85,
CIMS.CAN.ON.Residential.Clothes Drying,Service,ON,Residential,Clothes Drying,,service_request,,,CIMS.CAN.ON.Residential.Clothes Drying.Air dry,annual_tech,GJ,0.23,0.2,0.17,0.16,0.15,0.15,0.15,0.15,0.15,0.15,0.15,
CIMS.CAN.ON.Residential.Clothes Drying.Machine,Service,ON,Residential,Machine,,service_provide,,,,constant_tech,GJ,,,,,,,,,,,,
CIMS.CAN.ON.Residential.Clothes Drying.Machine,Service,ON,Residential,Machine,,competition,Tech Compete,,,,,,,,,,,,,,,,
CIMS.CAN.ON.Residential.Clothes Drying.Machine,Service,ON,Residential,Machine,,discount_rate_financial,,,,constant_tech,%,0.3,0.3,0.3,0.3,0.3,0.3,0.3,0.3,0.3,0.3,0.3,
CIMS.CAN.ON.Residential.Clothes Drying.Machine,Service,ON,Residential,Machine,,discount_rate_retrofit,,,,constant_tech,%,0.65,0.65,0.65,0.65,0.65,0.65,0.65,0.65,0.65,0.65,0.65,
CIMS.CAN.ON.Residential.Clothes Drying.Machine,Service,ON,Residential,Machine,,heterogeneity,,,,constant_tech,,10,10,10,10,10,10,10,10,10,10,10,
CIMS.CAN.ON.Residential.Clothes Drying.Machine,Service,ON,Residential,Machine,Electric existing,technology,,,,,,,,,,,,,,,,,
CIMS.CAN.ON.Residential.Clothes Drying.Machine,Service,ON,Residential,Machine,Electric existing,available,,,,constant_tech,Year,1988,1988,1988,1988,1988,1988,1988,1988,1988,1988,1988,
CIMS.CAN.ON.Residential.Clothes Drying.Machine,Service,ON,Residential,Machine,Electric existing,unavailable,,,,constant_tech,Year,2001,2001,2001,2001,2001,2001,2001,2001,2001,2001,2001,
CIMS.CAN.ON.Residential.Clothes Drying.Machine,Service,ON,Residential,Machine,Electric existing,lifetime,,,,constant_tech,Years,18,18,18,18,18,18,18,18,18,18,18,
CIMS.CAN.ON.Residential.Clothes Drying.Machine,Service,ON,Residential,Machine,Electric existing,market_share_total,,,,annual_tech,%,0.98,,,,,,,,,,,
CIMS.CAN.ON.Residential.Clothes Drying.Machine,Service,ON,Residential,Machine,Electric existing,output,,,,constant_tech,node unit,327.6,327.6,327.6,327.6,327.6,327.6,327.6,327.6,327.6,327.6,327.6,
CIMS.CAN.ON.Residential.Clothes Drying.Machine,Service,ON,Residential,Machine,Electric existing,fcc,,,,constant_tech,$,473.102285,473.102285,473.102285,473.102285,473.102285,473.102285,473.102285,473.102285,473.102285,473.102285,473.102285,
CIMS.CAN.ON.Residential.Clothes Drying.Machine,Service,ON,Residential,Machine,Electric existing,fom,,,,constant_tech,$,11.24936197,11.24936197,11.24936197,11.24936197,11.24936197,11.24936197,11.24936197,11.24936197,11.24936197,11.24936197,11.24936197,
CIMS.CAN.ON.Residential.Clothes Drying.Machine,Service,ON,Residential,Machine,Electric existing,service_request,,,CIMS.CAN.ON.Electricity,annual_tech,GJ,0.01545885,0.01545885,0.01545885,0.01545885,0.01545885,0.01545885,0.01545885,0.01545885,0.01545885,0.01545885,0.01545885,
CIMS.CAN.ON.Residential.Clothes Drying.Machine,Service,ON,Residential,Machine,Electric Std,technology,,,,,,,,,,,,,,,,,
CIMS.CAN.ON.Residential.Clothes Drying.Machine,Service,ON,Residential,Machine,Electric Std,available,,,,constant_tech,Year,1988,1988,1988,1988,1988,1988,1988,1988,1988,1988,1988,
CIMS.CAN.ON.Residential.Clothes Drying.Machine,Service,ON,Residential,Machine,Electric Std,unavailable,,,,constant_tech,Year,2101,2101,2101,2101,2101,2101,2101,2101,2101,2101,2101,
CIMS.CAN.ON.Residential.Clothes Drying.Machine,Service,ON,Residential,Machine,Electric Std,lifetime,,,,constant_tech,Years,18,18,18,18,18,18,18,18,18,18,18,
CIMS.CAN.ON.Residential.Clothes Drying.Machine,Service,ON,Residential,Machine,Electric Std,market_share_total,,,,annual_tech,%,0,,,,,,,,,,,
CIMS.CAN.ON.Residential.Clothes Drying.Machine,Service,ON,Residential,Machine,Electric Std,output,,,,constant_tech,node unit,327.6,327.6,327.6,327.6,327.6,327.6,327.6,327.6,327.6,327.6,327.6,
CIMS.CAN.ON.Residential.Clothes Drying.Machine,Service,ON,Residential,Machine,Electric Std,fcc,,,,constant_tech,$,473.102285,473.102285,473.102285,473.102285,473.102285,473.102285,473.102285,473.102285,473.102285,473.102285,473.102285,
CIMS.CAN.ON.Residential.Clothes Drying.Machine,Service,ON,Residential,Machine,Electric Std,fom,,,,constant_tech,$,11.24936197,11.24936197,11.24936197,11.24936197,11.24936197,11.24936197,11.24936197,11.24936197,11.24936197,11.24936197,11.24936197,
CIMS.CAN.ON.Residential.Clothes Drying.Machine,Service,ON,Residential,Machine,Electric Std,service_request,,,CIMS.CAN.ON.Electricity,annual_tech,GJ,0.0135,0.0135,0.0135,0.0135,0.0135,0.0135,0.0135,0.0135,0.0135,0.0135,0.0135,
CIMS.CAN.ON.Residential.Clothes Drying.Machine,Service,ON,Residential,Machine,Electric heat pump,technology,,,,,,,,,,,,,,,,,
CIMS.CAN.ON.Residential.Clothes Drying.Machine,Service,ON,Residential,Machine,Electric heat pump,available,,,,constant_tech,Year,2000,2000,2000,2000,2000,2000,2000,2000,2000,2000,2000,
CIMS.CAN.ON.Residential.Clothes Drying.Machine,Service,ON,Residential,Machine,Electric heat pump,unavailable,,,,constant_tech,Year,2101,2101,2101,2101,2101,2101,2101,2101,2101,2101,2101,
CIMS.CAN.ON.Residential.Clothes Drying.Machine,Service,ON,Residential,Machine,Electric heat pump,lifetime,,,,constant_tech,Years,18,18,18,18,18,18,18,18,18,18,18,
CIMS.CAN.ON.Residential.Clothes Drying.Machine,Service,ON,Residential,Machine,Electric heat pump,market_share_total,,,,annual_tech,%,0,,,,,,,,,,,
CIMS.CAN.ON.Residential.Clothes Drying.Machine,Service,ON,Residential,Machine,Electric heat pump,output,,,,constant_tech,node unit,327.6,327.6,327.6,327.6,327.6,327.6,327.6,327.6,327.6,327.6,327.6,
CIMS.CAN.ON.Residential.Clothes Drying.Machine,Service,ON,Residential,Machine,Electric heat pump,fcc,,,,constant_tech,$,839.6668906,839.6668906,839.6668906,839.6668906,839.6668906,839.6668906,839.6668906,839.6668906,839.6668906,839.6668906,839.6668906,
CIMS.CAN.ON.Residential.Clothes Drying.Machine,Service,ON,Residential,Machine,Electric heat pump,fom,,,,constant_tech,$,11.24936197,11.24936197,11.24936197,11.24936197,11.24936197,11.24936197,11.24936197,11.24936197,11.24936197,11.24936197,11.24936197,
CIMS.CAN.ON.Residential.Clothes Drying.Machine,Service,ON,Residential,Machine,Electric heat pump,service_request,,,CIMS.CAN.ON.Electricity,annual_tech,GJ,0.0054,0.0054,0.0054,0.0054,0.0054,0.0054,0.0054,0.0054,0.0054,0.0054,0.0054,
CIMS.CAN.ON.Residential.Clothes Drying.Machine,Service,ON,Residential,Machine,NG existing,technology,,,,,,,,,,,,,,,,,
CIMS.CAN.ON.Residential.Clothes Drying.Machine,Service,ON,Residential,Machine,NG existing,available,,,,constant_tech,Year,1988,1988,1988,1988,1988,1988,1988,1988,1988,1988,1988,
CIMS.CAN.ON.Residential.Clothes Drying.Machine,Service,ON,Residential,Machine,NG existing,unavailable,,,,constant_tech,Year,2001,2001,2001,2001,2001,2001,2001,2001,2001,2001,2001,
CIMS.CAN.ON.Residential.Clothes Drying.Machine,Service,ON,Residential,Machine,NG existing,lifetime,,,,constant_tech,Years,18,18,18,18,18,18,18,18,18,18,18,
CIMS.CAN.ON.Residential.Clothes Drying.Machine,Service,ON,Residential,Machine,NG existing,market_share_total,,,,annual_tech,%,0.02,,,,,,,,,,,
CIMS.CAN.ON.Residential.Clothes Drying.Machine,Service,ON,Residential,Machine,NG existing,output,,,,constant_tech,node unit,327.6,327.6,327.6,327.6,327.6,327.6,327.6,327.6,327.6,327.6,327.6,
CIMS.CAN.ON.Residential.Clothes Drying.Machine,Service,ON,Residential,Machine,NG existing,fcc,,,,constant_tech,$,506.2771403,506.2771403,506.2771403,506.2771403,506.2771403,506.2771403,506.2771403,506.2771403,506.2771403,506.2771403,506.2771403,
CIMS.CAN.ON.Residential.Clothes Drying.Machine,Service,ON,Residential,Machine,NG existing,fom,,,,constant_tech,$,11.24936197,11.24936197,11.24936197,11.24936197,11.24936197,11.24936197,11.24936197,11.24936197,11.24936197,11.24936197,11.24936197,
CIMS.CAN.ON.Residential.Clothes Drying.Machine,Service,ON,Residential,Machine,NG existing,service_request,,,CIMS.CAN.ON.Residential.Methane Blend,annual_tech,GJ,0.0139158,0.0139158,0.0139158,0.0139158,0.0139158,0.0139158,0.0139158,0.0139158,0.0139158,0.0139158,0.0139158,
CIMS.CAN.ON.Residential.Clothes Drying.Machine,Service,ON,Residential,Machine,NG Std,technology,,,,,,,,,,,,,,,,,
CIMS.CAN.ON.Residential.Clothes Drying.Machine,Service,ON,Residential,Machine,NG Std,available,,,,constant_tech,Year,1988,1988,1988,1988,1988,1988,1988,1988,1988,1988,1988,
CIMS.CAN.ON.Residential.Clothes Drying.Machine,Service,ON,Residential,Machine,NG Std,unavailable,,,,constant_tech,Year,2101,2101,2101,2101,2101,2101,2101,2101,2101,2101,2101,
CIMS.CAN.ON.Residential.Clothes Drying.Machine,Service,ON,Residential,Machine,NG Std,lifetime,,,,constant_tech,Years,18,18,18,18,18,18,18,18,18,18,18,
CIMS.CAN.ON.Residential.Clothes Drying.Machine,Service,ON,Residential,Machine,NG Std,market_share_total,,,,annual_tech,%,0,,,,,,,,,,,
CIMS.CAN.ON.Residential.Clothes Drying.Machine,Service,ON,Residential,Machine,NG Std,output,,,,constant_tech,node unit,327.6,327.6,327.6,327.6,327.6,327.6,327.6,327.6,327.6,327.6,327.6,
CIMS.CAN.ON.Residential.Clothes Drying.Machine,Service,ON,Residential,Machine,NG Std,fcc,,,,constant_tech,$,506.2771403,506.2771403,506.2771403,506.2771403,506.2771403,506.2771403,506.2771403,506.2771403,506.2771403,506.2771403,506.2771403,
CIMS.CAN.ON.Residential.Clothes Drying.Machine,Service,ON,Residential,Machine,NG Std,fom,,,,constant_tech,$,11.24936197,11.24936197,11.24936197,11.24936197,11.24936197,11.24936197,11.24936197,11.24936197,11.24936197,11.24936197,11.24936197,
CIMS.CAN.ON.Residential.Clothes Drying.Machine,Service,ON,Residential,Machine,NG Std,service_request,,,CIMS.CAN.ON.Residential.Methane Blend,annual_tech,GJ,0.0130545,0.0130545,0.0130545,0.0130545,0.0130545,0.0130545,0.0130545,0.0130545,0.0130545,0.0130545,0.0130545,
CIMS.CAN.ON.Residential.Clothes Drying.Machine,Service,ON,Residential,Machine,NG heat pump,technology,,,,,,,,,,,,,,,,,
CIMS.CAN.ON.Residential.Clothes Drying.Machine,Service,ON,Residential,Machine,NG heat pump,available,,,,constant_tech,Year,2000,2000,2000,2000,2000,2000,2000,2000,2000,2000,2000,
CIMS.CAN.ON.Residential.Clothes Drying.Machine,Service,ON,Residential,Machine,NG heat pump,unavailable,,,,constant_tech,Year,2101,2101,2101,2101,2101,2101,2101,2101,2101,2101,2101,
CIMS.CAN.ON.Residential.Clothes Drying.Machine,Service,ON,Residential,Machine,NG heat pump,lifetime,,,,constant_tech,Years,18,18,18,18,18,18,18,18,18,18,18,
CIMS.CAN.ON.Residential.Clothes Drying.Machine,Service,ON,Residential,Machine,NG heat pump,market_share_total,,,,annual_tech,%,0,,,,,,,,,,,
CIMS.CAN.ON.Residential.Clothes Drying.Machine,Service,ON,Residential,Machine,NG heat pump,output,,,,constant_tech,node unit,327.6,327.6,327.6,327.6,327.6,327.6,327.6,327.6,327.6,327.6,327.6,
CIMS.CAN.ON.Residential.Clothes Drying.Machine,Service,ON,Residential,Machine,NG heat pump,fcc,,,,constant_tech,$,872.7746641,872.7746641,872.7746641,872.7746641,872.7746641,872.7746641,872.7746641,872.7746641,872.7746641,872.7746641,872.7746641,
CIMS.CAN.ON.Residential.Clothes Drying.Machine,Service,ON,Residential,Machine,NG heat pump,fom,,,,constant_tech,$,11.24936197,11.24936197,11.24936197,11.24936197,11.24936197,11.24936197,11.24936197,11.24936197,11.24936197,11.24936197,11.24936197,
CIMS.CAN.ON.Residential.Clothes Drying.Machine,Service,ON,Residential,Machine,NG heat pump,service_request,,,CIMS.CAN.ON.Residential.Methane Blend,annual_tech,GJ,0.0044388,0.0044388,0.0044388,0.0044388,0.0044388,0.0044388,0.0044388,0.0044388,0.0044388,0.0044388,0.0044388,
CIMS.CAN.ON.Residential.Clothes Drying.Air dry,Service,ON,Residential,Air dry,,service_provide,,,,constant_tech,GJ,,,,,,,,,,,,
CIMS.CAN.ON.Residential.Clothes Drying.Air dry,Service,ON,Residential,Air dry,,competition,Tech Compete,,,,,,,,,,,,,,,,
CIMS.CAN.ON.Residential.Clothes Drying.Air dry,Service,ON,Residential,Air dry,,discount_rate_financial,,,,constant_tech,%,0.3,0.3,0.3,0.3,0.3,0.3,0.3,0.3,0.3,0.3,0.3,
CIMS.CAN.ON.Residential.Clothes Drying.Air dry,Service,ON,Residential,Air dry,,heterogeneity,,,,constant_tech,,10,10,10,10,10,10,10,10,10,10,10,
CIMS.CAN.ON.Residential.Clothes Drying.Air dry,Service,ON,Residential,Air dry,Air dry clothes,technology,,,,,,,,,,,,,,,,,
CIMS.CAN.ON.Residential.Clothes Drying.Air dry,Service,ON,Residential,Air dry,Air dry clothes,available,,,,constant_tech,Year,1990,1990,1990,1990,1990,1990,1990,1990,1990,1990,1990,
CIMS.CAN.ON.Residential.Clothes Drying.Air dry,Service,ON,Residential,Air dry,Air dry clothes,unavailable,,,,constant_tech,Year,2101,2101,2101,2101,2101,2101,2101,2101,2101,2101,2101,
CIMS.CAN.ON.Residential.Clothes Drying.Air dry,Service,ON,Residential,Air dry,Air dry clothes,lifetime,,,,constant_tech,Years,5,5,5,5,5,5,5,5,5,5,5,
CIMS.CAN.ON.Residential.Clothes Drying.Air dry,Service,ON,Residential,Air dry,Air dry clothes,market_share_total,,,,annual_tech,%,1,,,,,,,,,,,
CIMS.CAN.ON.Residential.Methane Blend,Service,ON,Residential,Methane Blend,,service_provide,,,,constant_tech,GJ,,,,,,,,,,,,
CIMS.CAN.ON.Residential.Methane Blend,Service,ON,Residential,Methane Blend,,competition,Tech Compete,,,,,,,,,,,,,,,,
CIMS.CAN.ON.Residential.Methane Blend,Service,ON,Residential,Methane Blend,,heterogeneity,,,,constant_tech,,15,15,15,15,15,15,15,15,15,15,15,
CIMS.CAN.ON.Residential.Methane Blend,Service,ON,Residential,Methane Blend,NG,technology,,,,,,,,,,,,,,,,,
CIMS.CAN.ON.Residential.Methane Blend,Service,ON,Residential,Methane Blend,NG,available,,,,constant_tech,Year,1950,1950,1950,1950,1950,1950,1950,1950,1950,1950,1950,
CIMS.CAN.ON.Residential.Methane Blend,Service,ON,Residential,Methane Blend,NG,unavailable,,,,constant_tech,Year,2101,2101,2101,2101,2101,2101,2101,2101,2101,2101,2101,
CIMS.CAN.ON.Residential.Methane Blend,Service,ON,Residential,Methane Blend,NG,lifetime,,,,constant_tech,Years,5,5,5,5,5,5,5,5,5,5,5,
CIMS.CAN.ON.Residential.Methane Blend,Service,ON,Residential,Methane Blend,NG,market_share_total,,,,annual_tech,%,1,,,,,,,,,,,
CIMS.CAN.ON.Residential.Methane Blend,Service,ON,Residential,Methane Blend,NG,service_request,,,CIMS.Generic Fuels.Natural Gas,annual_tech,GJ,1,1,1,1,1,1,1,1,1,1,1,
CIMS.CAN.ON.Residential.Methane Blend,Service,ON,Residential,Methane Blend,Biogas,technology,,,,,,,,,,,,,,,,,
CIMS.CAN.ON.Residential.Methane Blend,Service,ON,Residential,Methane Blend,Biogas,available,,,,constant_tech,Year,2010,2010,2010,2010,2010,2010,2010,2010,2010,2010,2010,
CIMS.CAN.ON.Residential.Methane Blend,Service,ON,Residential,Methane Blend,Biogas,unavailable,,,,constant_tech,Year,2101,2101,2101,2101,2101,2101,2101,2101,2101,2101,2101,
CIMS.CAN.ON.Residential.Methane Blend,Service,ON,Residential,Methane Blend,Biogas,lifetime,,,,constant_tech,Years,5,5,5,5,5,5,5,5,5,5,5,
CIMS.CAN.ON.Residential.Methane Blend,Service,ON,Residential,Methane Blend,Biogas,market_share_total,,,,annual_tech,%,0,,,,,,,,,,,
CIMS.CAN.ON.Residential.Methane Blend,Service,ON,Residential,Methane Blend,Biogas,service_request,,,CIMS.Generic Fuels.Biogas,annual_tech,GJ,1,1,1,1,1,1,1,1,1,1,1,
CIMS.CAN.ON.Residential.Methane Blend,Service,ON,Residential,Methane Blend,Biomass Gasification,technology,,,,,,,,,,,,,,,,,
CIMS.CAN.ON.Residential.Methane Blend,Service,ON,Residential,Methane Blend,Biomass Gasification,available,,,,constant_tech,Year,2030,2030,2030,2030,2030,2030,2030,2030,2030,2030,2030,
CIMS.CAN.ON.Residential.Methane Blend,Service,ON,Residential,Methane Blend,Biomass Gasification,unavailable,,,,constant_tech,Year,2101,2101,2101,2101,2101,2101,2101,2101,2101,2101,2101,
CIMS.CAN.ON.Residential.Methane Blend,Service,ON,Residential,Methane Blend,Biomass Gasification,lifetime,,,,constant_tech,Years,5,5,5,5,5,5,5,5,5,5,5,
CIMS.CAN.ON.Residential.Methane Blend,Service,ON,Residential,Methane Blend,Biomass Gasification,market_share_total,,,,annual_tech,%,0,,,,,,,,,,,
CIMS.CAN.ON.Residential.Methane Blend,Service,ON,Residential,Methane Blend,Biomass Gasification,service_request,,,CIMS.Generic Fuels.Solid Biomass,annual_tech,GJ,1,1,1,1,1,1,1,1,1,1,1,
CIMS.CAN.ON.Residential.Methane Blend,Service,ON,Residential,Methane Blend,H2,technology,,,,,,,,,,,,,,,,,
CIMS.CAN.ON.Residential.Methane Blend,Service,ON,Residential,Methane Blend,H2,available,,,,constant_tech,Year,2025,2025,2025,2025,2025,2025,2025,2025,2025,2025,2025,
CIMS.CAN.ON.Residential.Methane Blend,Service,ON,Residential,Methane Blend,H2,unavailable,,,,constant_tech,Year,2101,2101,2101,2101,2101,2101,2101,2101,2101,2101,2101,
CIMS.CAN.ON.Residential.Methane Blend,Service,ON,Residential,Methane Blend,H2,lifetime,,,,constant_tech,Years,5,5,5,5,5,5,5,5,5,5,5,
CIMS.CAN.ON.Residential.Methane Blend,Service,ON,Residential,Methane Blend,H2,market_share_total,,,,annual_tech,%,0,,,,,,,,,,,
CIMS.CAN.ON.Residential.Methane Blend,Service,ON,Residential,Methane Blend,H2,market_share_new_max,,,,constant_tech,%,0.15,0.15,0.15,0.15,0.15,0.15,0.15,0.15,0.15,0.15,0.15,
CIMS.CAN.ON.Residential.Methane Blend,Service,ON,Residential,Methane Blend,H2,service_request,,,CIMS.CAN.ON.Hydrogen,annual_tech,GJ,1,1,1,1,1,1,1,1,1,1,1,
