,<-- Navigate by typing to search,,,,,,,,,,,,,,,,,,,,,,
Branch,Type,Region,Sector,Service,Technology,Parameter,Context,Sub_Context,Target,Source,Unit,2000,2005,2010,2015,2020,2025,2030,2035,2040,2045,2050,Comments
CIMS.CAN.QC.Natural Gas.Production.Supply.Extraction.Off road transport,Service,QC,Natural Gas,Off road transport,Transport Efficient,fic,,,,,$,120,120,120,120,120,120,120,120,120,120,120,
CIMS.CAN.QC.Natural Gas.Production.Supply.Processing,Service,QC,Natural Gas,Processing,Processing,fic,,,,,$,500,500,500,500,500,500,500,500,500,500,500,
CIMS.CAN.QC.Natural Gas.Production.Supply.Direct Heat,Service,QC,Natural Gas,Direct Heat,Cogeneration,fic,,,,,$,-400000,-400000,-400000,-400000,-400000,-400000,-400000,-400000,-400000,-400000,-400000,
CIMS.CAN.QC.Natural Gas.Production.Supply.Direct Drive Small,Service,QC,Natural Gas,Direct Drive Small,Reciprocating compressor Efficient,fic,,,,,$,160,160,160,160,160,160,160,160,160,160,160,
CIMS.CAN.QC.Natural Gas.Production.Supply.Direct Drive Small,Service,QC,Natural Gas,Direct Drive Small,Reciprocating compressor Electric,fic,,,,,$,80,80,80,80,80,80,80,80,80,80,80,
CIMS.CAN.QC.Natural Gas.Production.Supply.Venting.Point Venting,Service,QC,Natural Gas,Point Venting,No VRU,fic,,,,,$,200,200,200,200,200,200,200,200,200,200,200,
CIMS.CAN.QC.Natural Gas.Production.Supply.Fugitive,Service,QC,Natural Gas,Fugitive,Low LDAR,fic,,,,,$,-285,-285,-285,-285,-285,-285,-285,-285,-285,-285,-285,
CIMS.CAN.QC.Natural Gas.OG Diesel Blend,Service,QC,Natural Gas,OG Diesel Blend,Biodiesel,fic,,,,,$,7,7,7,7,7,7,7,7,7,7,7,
CIMS.CAN.QC.Natural Gas.OG Gasoline Blend,Service,QC,Natural Gas,OG Gasoline Blend,Ethanol,fic,,,,,$,14,14,14,14,14,14,14,14,14,14,14,
CIMS.CAN.QC.Mining.Steam,Service,QC,Mining,Steam,Boiler Hydrogen HR and reg burner,fic,,,,,$,15668162.1880998,15668162.1880998,15668162.1880998,15668162.1880998,15668162.1880998,15668162.1880998,15668162.1880998,15668162.1880998,15668162.1880998,15668162.1880998,15668162.1880998,
CIMS.CAN.QC.Mining.Lighting,Service,QC,Mining,Lighting,Most Eff Lighting,fic,,,,,$,855.182341650672,855.182341650672,855.182341650672,855.182341650672,855.182341650672,855.182341650672,855.182341650672,855.182341650672,855.182341650672,855.182341650672,855.182341650672,
CIMS.CAN.QC.Electricity.Utility Generation.Base Load,Service,QC,Electricity,Base Load,Natural Gas SC,fic,,,,,$,1000000000,1000000000,1000000000,1000000000,1000000000,1000000000,1000000000,1000000000,1000000000,1000000000,1000000000,
CIMS.CAN.QC.Electricity.Utility Generation.Base Load,Service,QC,Electricity,Base Load,Natural Gas CC,fic,,,,,$,1000000000,1000000000,1000000000,1000000000,1000000000,1000000000,1000000000,1000000000,1000000000,1000000000,1000000000,
CIMS.CAN.QC.Electricity.Utility Generation.Base Load,Service,QC,Electricity,Base Load,Biomass,fic,,,,,$,-30000000,-30000000,-30000000,-30000000,-30000000,-30000000,-30000000,-30000000,-30000000,-30000000,-30000000,
CIMS.CAN.QC.Electricity.Utility Generation.Base Load,Service,QC,Electricity,Base Load,Biomass CCS,fic,,,,,$,400000000,400000000,400000000,400000000,400000000,400000000,400000000,400000000,400000000,400000000,400000000,
CIMS.CAN.QC.Electricity.Utility Generation.Base Load,Service,QC,Electricity,Base Load,Nuclear,fic,,,,,$,-500000000,-500000000,-500000000,-500000000,-500000000,-500000000,-500000000,-500000000,-500000000,-500000000,-500000000,
CIMS.CAN.QC.Electricity.Utility Generation.Base Load,Service,QC,Electricity,Base Load,Hydro Reservoir,fic,,,,,$,-1800000000,-1800000000,-1800000000,-1800000000,-1800000000,-1800000000,-1800000000,-1800000000,-1800000000,-1800000000,-1800000000,
CIMS.CAN.QC.Electricity.Utility Generation.Base Load,Service,QC,Electricity,Base Load,Solar PV,fic,,,,,$,100000000,100000000,100000000,100000000,100000000,100000000,100000000,100000000,100000000,100000000,100000000,
CIMS.CAN.QC.Electricity.Utility Generation.Base Load,Service,QC,Electricity,Base Load,Wind Onshore,fic,,,,,$,-13000000,-13000000,-13000000,-13000000,-13000000,-13000000,-13000000,-13000000,-13000000,-13000000,-13000000,
CIMS.CAN.QC.Electricity.Utility Generation.Shoulder Load,Service,QC,Electricity,Shoulder Load,Fuel Oil,fic,,,,,$,1000000000,1000000000,1000000000,1000000000,1000000000,1000000000,1000000000,1000000000,1000000000,1000000000,1000000000,
CIMS.CAN.QC.Electricity.Utility Generation.Shoulder Load,Service,QC,Electricity,Shoulder Load,Natural Gas SC,fic,,,,,$,1000000000,1000000000,1000000000,1000000000,1000000000,1000000000,1000000000,1000000000,1000000000,1000000000,1000000000,
CIMS.CAN.QC.Electricity.Utility Generation.Shoulder Load,Service,QC,Electricity,Shoulder Load,Natural Gas CC,fic,,,,,$,1000000000,1000000000,1000000000,1000000000,1000000000,1000000000,1000000000,1000000000,1000000000,1000000000,1000000000,
CIMS.CAN.QC.Electricity.Utility Generation.Shoulder Load,Service,QC,Electricity,Shoulder Load,Natural Gas CC CCS,fic,,,,,$,1000000000,1000000000,1000000000,1000000000,1000000000,1000000000,1000000000,1000000000,1000000000,1000000000,1000000000,
CIMS.CAN.QC.Electricity.Utility Generation.Shoulder Load,Service,QC,Electricity,Shoulder Load,Biomass CCS,fic,,,,,$,400000000,400000000,400000000,400000000,400000000,400000000,400000000,400000000,400000000,400000000,400000000,
CIMS.CAN.QC.Electricity.Utility Generation.Shoulder Load,Service,QC,Electricity,Shoulder Load,Hydro Reservoir,fic,,,,,$,-1800000000,-1800000000,-1800000000,-1800000000,-1800000000,-1800000000,-1800000000,-1800000000,-1800000000,-1800000000,-1800000000,
CIMS.CAN.QC.Electricity.Utility Generation.Peak Load,Service,QC,Electricity,Peak Load,Fuel Oil,fic,,,,,$,1000000,1000000,1000000,1000000,1000000,1000000,1000000,1000000,1000000,1000000,1000000,
CIMS.CAN.QC.Electricity.Utility Generation.Peak Load,Service,QC,Electricity,Peak Load,Natural Gas SC,fic,,,,,$,100000000,100000000,100000000,100000000,100000000,100000000,100000000,100000000,100000000,100000000,100000000,
CIMS.CAN.QC.Electricity.Utility Generation.Peak Load,Service,QC,Electricity,Peak Load,Wind + Seasonal,fic,,,,,$,100000000,100000000,100000000,100000000,100000000,100000000,100000000,100000000,100000000,100000000,100000000,
CIMS.CAN.QC.Petroleum Refining.Refined Petroleum Products.Alkylates.Isoparaffins.Isomerization,Service,QC,Petroleum Refining,Isomerization,Isomerization tower,fic,,,,,$,39692.6775431861,39692.6775431861,39692.6775431861,39692.6775431861,39692.6775431861,39692.6775431861,39692.6775431861,39692.6775431861,39692.6775431861,39692.6775431861,39692.6775431861,
CIMS.CAN.QC.Petroleum Refining.Refined Petroleum Products.Alkylates.Isoparaffins.Isomerization,Service,QC,Petroleum Refining,Isomerization,Eff isomerization tower,fic,,,,,$,28968.6909788867,28968.6909788867,28968.6909788867,28968.6909788867,28968.6909788867,28968.6909788867,28968.6909788867,28968.6909788867,28968.6909788867,28968.6909788867,28968.6909788867,
CIMS.CAN.QC.Petroleum Refining.Refined Petroleum Products.Alkylates.Alkylation,Service,QC,Petroleum Refining,Alkylation,Hydrofluoric acid alkylation tower,fic,,,,,$,233977.888675623,233977.888675623,233977.888675623,233977.888675623,233977.888675623,233977.888675623,233977.888675623,233977.888675623,233977.888675623,233977.888675623,233977.888675623,
CIMS.CAN.QC.Petroleum Refining.Refined Petroleum Products.Alkylates.Alkylation,Service,QC,Petroleum Refining,Alkylation,Eff hydrofluoric acid alkylation tower,fic,,,,,$,220607.723608445,220607.723608445,220607.723608445,220607.723608445,220607.723608445,220607.723608445,220607.723608445,220607.723608445,220607.723608445,220607.723608445,220607.723608445,
CIMS.CAN.QC.Petroleum Refining.Refined Petroleum Products.Alkylates.Alkylation,Service,QC,Petroleum Refining,Alkylation,Sulphuric acid alkylation tower,fic,,,,,$,5813932.7159309,5813932.7159309,5813932.7159309,5813932.7159309,5813932.7159309,5813932.7159309,5813932.7159309,5813932.7159309,5813932.7159309,5813932.7159309,5813932.7159309,
CIMS.CAN.QC.Petroleum Refining.Refined Petroleum Products.Alkylates.Alkylation,Service,QC,Petroleum Refining,Alkylation,Sulphuric acid alkylation tower Eff,fic,,,,,$,3924004.1746641,3924004.1746641,3924004.1746641,3924004.1746641,3924004.1746641,3924004.1746641,3924004.1746641,3924004.1746641,3924004.1746641,3924004.1746641,3924004.1746641,
CIMS.CAN.QC.Petroleum Refining.Refined Petroleum Products.Petroleum Fractions.Hydrotreating.Desulphurization,Service,QC,Petroleum Refining,Desulphurization,low sulphur gas oil Eff unit,fic,,,,,$,5412929.46952975,5412929.46952975,5412929.46952975,5412929.46952975,5412929.46952975,5412929.46952975,5412929.46952975,5412929.46952975,5412929.46952975,5412929.46952975,5412929.46952975,
CIMS.CAN.QC.Petroleum Refining.Refined Petroleum Products.Petroleum Fractions.Hydrotreating.Desulphurization,Service,QC,Petroleum Refining,Desulphurization,high sulphur gas oil,fic,,,,,$,4786577.72290787,4786577.72290787,4786577.72290787,4786577.72290787,4786577.72290787,4786577.72290787,4786577.72290787,4786577.72290787,4786577.72290787,4786577.72290787,4786577.72290787,
CIMS.CAN.QC.Petroleum Refining.Refined Petroleum Products.Petroleum Fractions.Hydrotreating.Desulphurization,Service,QC,Petroleum Refining,Desulphurization,low sulphur distillates Eff unit,fic,,,,,$,6892560.58162188,6892560.58162188,6892560.58162188,6892560.58162188,6892560.58162188,6892560.58162188,6892560.58162188,6892560.58162188,6892560.58162188,6892560.58162188,6892560.58162188,
CIMS.CAN.QC.Petroleum Refining.Refined Petroleum Products.Petroleum Fractions.Hydrotreating.Desulphurization,Service,QC,Petroleum Refining,Desulphurization,low sulphur naphtha Eff unit,fic,,,,,$,8469605.05000959,8469605.05000959,8469605.05000959,8469605.05000959,8469605.05000959,8469605.05000959,8469605.05000959,8469605.05000959,8469605.05000959,8469605.05000959,8469605.05000959,
CIMS.CAN.QC.Petroleum Refining.Refined Petroleum Products.Petroleum Fractions.Hydrotreating.Desulphurization,Service,QC,Petroleum Refining,Desulphurization,high sulphur distillates,fic,,,,,$,5967163.50602687,5967163.50602687,5967163.50602687,5967163.50602687,5967163.50602687,5967163.50602687,5967163.50602687,5967163.50602687,5967163.50602687,5967163.50602687,5967163.50602687,
CIMS.CAN.QC.Petroleum Refining.Refined Petroleum Products.Petroleum Fractions.Hydrotreating.Desulphurization,Service,QC,Petroleum Refining,Desulphurization,high sulphur naphtha,fic,,,,,$,6916183.61330134,6916183.61330134,6916183.61330134,6916183.61330134,6916183.61330134,6916183.61330134,6916183.61330134,6916183.61330134,6916183.61330134,6916183.61330134,6916183.61330134,
CIMS.CAN.QC.Petroleum Refining.Refined Petroleum Products.Petroleum Fractions.Distillation.Atmospheric,Service,QC,Petroleum Refining,Atmospheric,low API crude,fic,,,,,$,8874447.06333973,8874447.06333973,8874447.06333973,8874447.06333973,8874447.06333973,8874447.06333973,8874447.06333973,8874447.06333973,8874447.06333973,8874447.06333973,8874447.06333973,
CIMS.CAN.QC.Petroleum Refining.Refined Petroleum Products.Petroleum Fractions.Distillation.Atmospheric,Service,QC,Petroleum Refining,Atmospheric,lower grade crude,fic,,,,,$,4437223.53166986,4437223.53166986,4437223.53166986,4437223.53166986,4437223.53166986,4437223.53166986,4437223.53166986,4437223.53166986,4437223.53166986,4437223.53166986,4437223.53166986,
CIMS.CAN.QC.Petroleum Refining.Refined Petroleum Products.Petroleum Fractions.Distillation.Atmospheric,Service,QC,Petroleum Refining,Atmospheric,low API crude high Eff,fic,,,,,$,8851884.90978887,8851884.90978887,8851884.90978887,8851884.90978887,8851884.90978887,8851884.90978887,8851884.90978887,8851884.90978887,8851884.90978887,8851884.90978887,8851884.90978887,
CIMS.CAN.QC.Petroleum Refining.Refined Petroleum Products.Petroleum Fractions.Distillation.Atmospheric,Service,QC,Petroleum Refining,Atmospheric,lower grade crude high Eff,fic,,,,,$,4425942.45489443,4425942.45489443,4425942.45489443,4425942.45489443,4425942.45489443,4425942.45489443,4425942.45489443,4425942.45489443,4425942.45489443,4425942.45489443,4425942.45489443,
CIMS.CAN.QC.Petroleum Refining.Refined Petroleum Products.Petroleum Fractions.Distillation.Vacuum,Service,QC,Petroleum Refining,Vacuum,Std vacuum distillation,fic,,,,,$,392400.41746641,392400.41746641,392400.41746641,392400.41746641,392400.41746641,392400.41746641,392400.41746641,392400.41746641,392400.41746641,392400.41746641,392400.41746641,
CIMS.CAN.QC.Petroleum Refining.Refined Petroleum Products.Petroleum Fractions.Distillation.Vacuum,Service,QC,Petroleum Refining,Vacuum,Eff vacuum distillation,fic,,,,,$,394106.506238003,394106.506238003,394106.506238003,394106.506238003,394106.506238003,394106.506238003,394106.506238003,394106.506238003,394106.506238003,394106.506238003,394106.506238003,
CIMS.CAN.QC.Petroleum Refining.Refined Petroleum Products.Petroleum Fractions.Distillation.Vacuum,Service,QC,Petroleum Refining,Vacuum,Low API feedstock Eff unit,fic,,,,,$,392400.41746641,392400.41746641,392400.41746641,392400.41746641,392400.41746641,392400.41746641,392400.41746641,392400.41746641,392400.41746641,392400.41746641,392400.41746641,
CIMS.CAN.QC.Petroleum Refining.Refined Petroleum Products.Petroleum Fractions.Cracked Gas Oil.Hydrocracking.Cracking,Service,QC,Petroleum Refining,Cracking,Fluidized catalytic cracking steam,fic,,,,,$,174647781.190019,174647781.190019,174647781.190019,174647781.190019,174647781.190019,174647781.190019,174647781.190019,174647781.190019,174647781.190019,174647781.190019,174647781.190019,
CIMS.CAN.QC.Petroleum Refining.Refined Petroleum Products.Petroleum Fractions.Cracked Gas Oil.Hydrocracking.Cracking,Service,QC,Petroleum Refining,Cracking,Fluidized catalytic cracking power rec,fic,,,,,$,175483416.506717,175483416.506717,175483416.506717,175483416.506717,175483416.506717,175483416.506717,175483416.506717,175483416.506717,175483416.506717,175483416.506717,175483416.506717,
CIMS.CAN.QC.Petroleum Refining.Refined Petroleum Products.Petroleum Fractions.Cracked Gas Oil.Hydrocracking.Low,Service,QC,Petroleum Refining,Low,Hydrocracking eff power rec,fic,,,,,$,14239922.159309,14239922.159309,14239922.159309,14239922.159309,14239922.159309,14239922.159309,14239922.159309,14239922.159309,14239922.159309,14239922.159309,14239922.159309,
CIMS.CAN.QC.Petroleum Refining.Refined Petroleum Products.Petroleum Fractions.Cracked Gas Oil.Hydrocracking.Low,Service,QC,Petroleum Refining,Low,Hydrocracking low API feed,fic,,,,,$,8237971.49712092,8237971.49712092,8237971.49712092,8237971.49712092,8237971.49712092,8237971.49712092,8237971.49712092,8237971.49712092,8237971.49712092,8237971.49712092,8237971.49712092,
CIMS.CAN.QC.Petroleum Refining.Refined Petroleum Products.Petroleum Fractions.Cracked Gas Oil.Hydrocracking.Medium,Service,QC,Petroleum Refining,Medium,Hydrocracking eff power rec,fic,,,,,$,14239922.159309,14239922.159309,14239922.159309,14239922.159309,14239922.159309,14239922.159309,14239922.159309,14239922.159309,14239922.159309,14239922.159309,14239922.159309,
CIMS.CAN.QC.Petroleum Refining.Refined Petroleum Products.Petroleum Fractions.Cracked Gas Oil.Hydrocracking.Medium,Service,QC,Petroleum Refining,Medium,Hydrocracking Med API feed,fic,,,,,$,14258027.5911708,14258027.5911708,14258027.5911708,14258027.5911708,14258027.5911708,14258027.5911708,14258027.5911708,14258027.5911708,14258027.5911708,14258027.5911708,14258027.5911708,
CIMS.CAN.QC.Petroleum Refining.Refined Petroleum Products.Petroleum Fractions.Cracked Gas Oil.Hydrocracking.High,Service,QC,Petroleum Refining,High,Hydrocracking eff power rec,fic,,,,,$,14239922.159309,14239922.159309,14239922.159309,14239922.159309,14239922.159309,14239922.159309,14239922.159309,14239922.159309,14239922.159309,14239922.159309,14239922.159309,
CIMS.CAN.QC.Petroleum Refining.Refined Petroleum Products.Petroleum Fractions.Cracked Gas Oil.Hydrocracking.High,Service,QC,Petroleum Refining,High,Hydrocracking High API feed,fic,,,,,$,14258027.5911708,14258027.5911708,14258027.5911708,14258027.5911708,14258027.5911708,14258027.5911708,14258027.5911708,14258027.5911708,14258027.5911708,14258027.5911708,14258027.5911708,
CIMS.CAN.QC.Petroleum Refining.Refined Petroleum Products.Petroleum Fractions.Cracked Gas Oil.Hydrocracking.High,Service,QC,Petroleum Refining,High,Montreal Refinery high API crude,fic,,,,,$,5953901.63147792,5953901.63147792,5953901.63147792,5953901.63147792,5953901.63147792,5953901.63147792,5953901.63147792,5953901.63147792,5953901.63147792,5953901.63147792,5953901.63147792,
CIMS.CAN.QC.Petroleum Refining.Refined Petroleum Products.Petroleum Fractions.Cracked Gas Oil.Hydrocracking.High,Service,QC,Petroleum Refining,High,Montreal Refinery high API crude Eff,fic,,,,,$,6032242.44241842,6032242.44241842,6032242.44241842,6032242.44241842,6032242.44241842,6032242.44241842,6032242.44241842,6032242.44241842,6032242.44241842,6032242.44241842,6032242.44241842,
CIMS.CAN.QC.Petroleum Refining.Refined Petroleum Products.Petroleum Fractions.Cracked Gas Oil.Coking,Service,QC,Petroleum Refining,Coking,Coking soaker visbreaking,fic,,,,,$,1295234.74088291,1295234.74088291,1295234.74088291,1295234.74088291,1295234.74088291,1295234.74088291,1295234.74088291,1295234.74088291,1295234.74088291,1295234.74088291,1295234.74088291,
CIMS.CAN.QC.Petroleum Refining.Refined Petroleum Products.Petroleum Fractions.Cracked Gas Oil.Coking,Service,QC,Petroleum Refining,Coking,Coke or thermal visbreaking,fic,,,,,$,1278522.03454894,1278522.03454894,1278522.03454894,1278522.03454894,1278522.03454894,1278522.03454894,1278522.03454894,1278522.03454894,1278522.03454894,1278522.03454894,1278522.03454894,
CIMS.CAN.QC.Petroleum Refining.Refined Petroleum Products.Petroleum Fractions.Cracked Gas Oil.Coking,Service,QC,Petroleum Refining,Coking,Delayed coking process,fic,,,,,$,4014047.21524952,4014047.21524952,4014047.21524952,4014047.21524952,4014047.21524952,4014047.21524952,4014047.21524952,4014047.21524952,4014047.21524952,4014047.21524952,4014047.21524952,
CIMS.CAN.QC.Petroleum Refining.Refined Petroleum Products.Petroleum Fractions.Cracked Gas Oil.Coking,Service,QC,Petroleum Refining,Coking,Fluid Flexi coking gasification,fic,,,,,$,3295422.03919385,3295422.03919385,3295422.03919385,3295422.03919385,3295422.03919385,3295422.03919385,3295422.03919385,3295422.03919385,3295422.03919385,3295422.03919385,3295422.03919385,
CIMS.CAN.QC.Petroleum Refining.Refined Petroleum Products.Reforming,Service,QC,Petroleum Refining,Reforming,Catalytic reforming,fic,,,,,$,3665653.58925144,3665653.58925144,3665653.58925144,3665653.58925144,3665653.58925144,3665653.58925144,3665653.58925144,3665653.58925144,3665653.58925144,3665653.58925144,3665653.58925144,
CIMS.CAN.QC.Petroleum Refining.Refined Petroleum Products.Reforming,Service,QC,Petroleum Refining,Reforming,Eff catalytic reforming,fic,,,,,$,3689051.378119,3689051.378119,3689051.378119,3689051.378119,3689051.378119,3689051.378119,3689051.378119,3689051.378119,3689051.378119,3689051.378119,3689051.378119,
CIMS.CAN.QC.Petroleum Refining.Refined Petroleum Products.Reforming,Service,QC,Petroleum Refining,Reforming,Catalytic reforming aromatics prod,fic,,,,,$,2084213.75239923,2084213.75239923,2084213.75239923,2084213.75239923,2084213.75239923,2084213.75239923,2084213.75239923,2084213.75239923,2084213.75239923,2084213.75239923,2084213.75239923,
CIMS.CAN.QC.Petroleum Refining.Refined Petroleum Products.Reforming,Service,QC,Petroleum Refining,Reforming,Eff catalytic reforming aromatics prod,fic,,,,,$,2068963.40786948,2068963.40786948,2068963.40786948,2068963.40786948,2068963.40786948,2068963.40786948,2068963.40786948,2068963.40786948,2068963.40786948,2068963.40786948,2068963.40786948,
CIMS.CAN.QC.Petroleum Refining.Direct Heat,Service,QC,Petroleum Refining,Direct Heat,HFO,fic,,,,,$,21935427.0633397,21935427.0633397,21935427.0633397,21935427.0633397,21935427.0633397,21935427.0633397,21935427.0633397,21935427.0633397,21935427.0633397,21935427.0633397,21935427.0633397,
CIMS.CAN.QC.Petroleum Refining.Direct Heat,Service,QC,Petroleum Refining,Direct Heat,HFO increased Eff,fic,,,,,$,24128969.7696737,24128969.7696737,24128969.7696737,24128969.7696737,24128969.7696737,24128969.7696737,24128969.7696737,24128969.7696737,24128969.7696737,24128969.7696737,24128969.7696737,
CIMS.CAN.QC.Petroleum Refining.Lighting,Service,QC,Petroleum Refining,Lighting,Most Eff Lighting,fic,,,,,$,855.182341650672,855.182341650672,855.182341650672,855.182341650672,855.182341650672,855.182341650672,855.182341650672,855.182341650672,855.182341650672,855.182341650672,855.182341650672,
CIMS.CAN.QC.Industrial Minerals.Products.Lime.Kilns,Service,QC,Industrial Minerals,Kilns,Rotary Coal,fic,,,,,$,1227368.459,1227368.459,1227368.459,1227368.459,1227368.459,1227368.459,1227368.459,1227368.459,1227368.459,1227368.459,1227368.459,
CIMS.CAN.QC.Industrial Minerals.Products.Lime.Kilns,Service,QC,Industrial Minerals,Kilns,Rotary Preheat Coal,fic,,,,,$,1227368.459,1227368.459,1227368.459,1227368.459,1227368.459,1227368.459,1227368.459,1227368.459,1227368.459,1227368.459,1227368.459,
CIMS.CAN.QC.Industrial Minerals.Products.Lime.Kilns,Service,QC,Industrial Minerals,Kilns,Rotary Preheat Internals Coal,fic,,,,,$,1227368.459,1227368.459,1227368.459,1227368.459,1227368.459,1227368.459,1227368.459,1227368.459,1227368.459,1227368.459,1227368.459,
CIMS.CAN.QC.Industrial Minerals.Heat,Service,QC,Industrial Minerals,Heat,coke Std,fic,,,,,$,2007483.341,2007483.341,2007483.341,2007483.341,2007483.341,2007483.341,2007483.341,2007483.341,2007483.341,2007483.341,2007483.341,
CIMS.CAN.QC.Industrial Minerals.Lighting,Service,QC,Industrial Minerals,Lighting,Most Eff Lighting,fic,,,,,$,855.182341650672,855.182341650672,855.182341650672,855.182341650672,855.182341650672,855.182341650672,855.182341650672,855.182341650672,855.182341650672,855.182341650672,855.182341650672,
CIMS.CAN.QC.Iron and Steel.Molten Steel.Recycled,Service,QC,Iron and Steel,Recycled,Ultra power EAF + O2,fic,,,,,$,226499393.315499,226499393.315499,226499393.315499,226499393.315499,226499393.315499,226499393.315499,226499393.315499,226499393.315499,226499393.315499,226499393.315499,226499393.315499,
CIMS.CAN.QC.Iron and Steel.Molten Steel.Integrated,Service,QC,Iron and Steel,Integrated,BF-BOF,fic,,,,,$,350000000,350000000,350000000,350000000,350000000,350000000,350000000,350000000,350000000,350000000,350000000,
CIMS.CAN.QC.Iron and Steel.Molten Steel.Integrated,Service,QC,Iron and Steel,Integrated,Corex smelter,fic,,,,,$,700000000,700000000,700000000,700000000,700000000,700000000,700000000,700000000,700000000,700000000,700000000,
CIMS.CAN.QC.Iron and Steel.Molten Steel.Integrated,Service,QC,Iron and Steel,Integrated,Corex smelter + CCS,fic,,,,,$,700000000,700000000,700000000,700000000,700000000,700000000,700000000,700000000,700000000,700000000,700000000,
CIMS.CAN.QC.Iron and Steel.Molten Steel.Integrated,Service,QC,Iron and Steel,Integrated,DRI + EAF,fic,,,,,$,200000000,200000000,200000000,200000000,200000000,200000000,200000000,200000000,200000000,200000000,200000000,
CIMS.CAN.QC.Iron and Steel.Molten Steel.Integrated,Service,QC,Iron and Steel,Integrated,DRI + EAF + CCS,fic,,,,,$,200000000,200000000,200000000,200000000,200000000,200000000,200000000,200000000,200000000,200000000,200000000,
CIMS.CAN.QC.Iron and Steel.Molten Steel.Integrated,Service,QC,Iron and Steel,Integrated,Smelter + EAF,fic,,,,,$,700000000,700000000,700000000,700000000,700000000,700000000,700000000,700000000,700000000,700000000,700000000,
CIMS.CAN.QC.Iron and Steel.Molten Steel.Integrated,Service,QC,Iron and Steel,Integrated,Smelter + EAF + CCS,fic,,,,,$,700000000,700000000,700000000,700000000,700000000,700000000,700000000,700000000,700000000,700000000,700000000,
CIMS.CAN.QC.Iron and Steel.Molten Steel.Integrated,Service,QC,Iron and Steel,Integrated,HDRI + EAF,fic,,,,,$,200000000,200000000,200000000,200000000,200000000,200000000,200000000,200000000,200000000,200000000,200000000,
CIMS.CAN.QC.Iron and Steel.Steel Product.Slabs.Casting,Service,QC,Iron and Steel,Casting,Continued casting oil,fic,,,,,$,645093208.903061,645093208.903061,645093208.903061,645093208.903061,645093208.903061,645093208.903061,645093208.903061,645093208.903061,645093208.903061,645093208.903061,645093208.903061,
CIMS.CAN.QC.Iron and Steel.Steel Product.Slabs.Casting,Service,QC,Iron and Steel,Casting,Strip casting oil,fic,,,,,$,836231936.956084,836231936.956084,836231936.956084,836231936.956084,836231936.956084,836231936.956084,836231936.956084,836231936.956084,836231936.956084,836231936.956084,836231936.956084,
CIMS.CAN.QC.Iron and Steel.Steel Product.Slabs.Casting,Service,QC,Iron and Steel,Casting,Thin slab casting oil,fic,,,,,$,836231936.956084,836231936.956084,836231936.956084,836231936.956084,836231936.956084,836231936.956084,836231936.956084,836231936.956084,836231936.956084,836231936.956084,836231936.956084,
CIMS.CAN.QC.Iron and Steel.Steel Product.Slabs.Cold Rolled.Galvanize,Service,QC,Iron and Steel,Galvanize,Electro galvanizing oil,fic,,,,,$,344049711.411708,344049711.411708,344049711.411708,344049711.411708,344049711.411708,344049711.411708,344049711.411708,344049711.411708,344049711.411708,344049711.411708,344049711.411708,
CIMS.CAN.QC.Iron and Steel.Steel Product.Slabs.Cold Rolled.Galvanize,Service,QC,Iron and Steel,Galvanize,Hot dip galvanizing oil,fic,,,,,$,535188439.770153,535188439.770153,535188439.770153,535188439.770153,535188439.770153,535188439.770153,535188439.770153,535188439.770153,535188439.770153,535188439.770153,535188439.770153,
CIMS.CAN.QC.Iron and Steel.Steel Product.Slabs.Cold Rolled.ElectroClean.Anneal Temper,Service,QC,Iron and Steel,Anneal Temper,Batch annealing oil cold rolling,fic,,,,,$,344049711.411708,344049711.411708,344049711.411708,344049711.411708,344049711.411708,344049711.411708,344049711.411708,344049711.411708,344049711.411708,344049711.411708,344049711.411708,
CIMS.CAN.QC.Iron and Steel.Steel Product.Slabs.Cold Rolled.ElectroClean.Anneal Temper,Service,QC,Iron and Steel,Anneal Temper,Continuous annealing oil cold rolling,fic,,,,,$,305821965.495681,305821965.495681,305821965.495681,305821965.495681,305821965.495681,305821965.495681,305821965.495681,305821965.495681,305821965.495681,305821965.495681,305821965.495681,
CIMS.CAN.QC.Iron and Steel.Steel Product.Slabs.Cold Rolled.ElectroClean.Electric Steel,Service,QC,Iron and Steel,Electric Steel,Electric quality steel oil,fic,,,,,$,140168400.877639,140168400.877639,140168400.877639,140168400.877639,140168400.877639,140168400.877639,140168400.877639,140168400.877639,140168400.877639,140168400.877639,140168400.877639,
CIMS.CAN.QC.Iron and Steel.Steel Product.Slabs.Cold Rolled.Cold Roll,Service,QC,Iron and Steel,Cold Roll,Cold roll reduction oil,fic,,,,,$,573416185.075336,573416185.075336,573416185.075336,573416185.075336,573416185.075336,573416185.075336,573416185.075336,573416185.075336,573416185.075336,573416185.075336,573416185.075336,
CIMS.CAN.QC.Iron and Steel.Steel Product.Slabs.Slab Finishing.Finishing Mills,Service,QC,Iron and Steel,Finishing Mills,Finishing mill comp,fic,,,,,$,183493179.236324,183493179.236324,183493179.236324,183493179.236324,183493179.236324,183493179.236324,183493179.236324,183493179.236324,183493179.236324,183493179.236324,183493179.236324,
CIMS.CAN.QC.Iron and Steel.Steel Product.Slabs.Slab Roughing.Roughing Mills,Service,QC,Iron and Steel,Roughing Mills,Roughing mill comp,fic,,,,,$,183493179.236324,183493179.236324,183493179.236324,183493179.236324,183493179.236324,183493179.236324,183493179.236324,183493179.236324,183493179.236324,183493179.236324,183493179.236324,
CIMS.CAN.QC.Iron and Steel.Steel Product.Billets.Bar,Service,QC,Iron and Steel,Bar,Billet bar mill oil,fic,,,,,$,382277456.71689,382277456.71689,382277456.71689,382277456.71689,382277456.71689,382277456.71689,382277456.71689,382277456.71689,382277456.71689,382277456.71689,382277456.71689,
CIMS.CAN.QC.Iron and Steel.Steel Product.Billets.Billet Casting,Service,QC,Iron and Steel,Billet Casting,Billet continuous casting oil,fic,,,,,$,645093208.903061,645093208.903061,645093208.903061,645093208.903061,645093208.903061,645093208.903061,645093208.903061,645093208.903061,645093208.903061,645093208.903061,645093208.903061,
CIMS.CAN.QC.Iron and Steel.Steel Product.Billets.Billet Casting,Service,QC,Iron and Steel,Billet Casting,Billet ingot casting oil,fic,,,,,$,621200867.317658,621200867.317658,621200867.317658,621200867.317658,621200867.317658,621200867.317658,621200867.317658,621200867.317658,621200867.317658,621200867.317658,621200867.317658,
CIMS.CAN.QC.Iron and Steel.Steel Product.Billets.Light Structural Shapes,Service,QC,Iron and Steel,Light Structural Shapes,Billet light structural steel mill oil,fic,,,,,$,382277456.71689,382277456.71689,382277456.71689,382277456.71689,382277456.71689,382277456.71689,382277456.71689,382277456.71689,382277456.71689,382277456.71689,382277456.71689,
CIMS.CAN.QC.Iron and Steel.Steel Product.Billets.Rod,Service,QC,Iron and Steel,Rod,Billet rod mill oil,fic,,,,,$,382277456.71689,382277456.71689,382277456.71689,382277456.71689,382277456.71689,382277456.71689,382277456.71689,382277456.71689,382277456.71689,382277456.71689,382277456.71689,
CIMS.CAN.QC.Iron and Steel.Steel Product.Blooms.Bloom Casting,Service,QC,Iron and Steel,Bloom Casting,Bloom continuous casting oil,fic,,,,,$,645093208.903061,645093208.903061,645093208.903061,645093208.903061,645093208.903061,645093208.903061,645093208.903061,645093208.903061,645093208.903061,645093208.903061,645093208.903061,
CIMS.CAN.QC.Iron and Steel.Steel Product.Blooms.Bloom Casting,Service,QC,Iron and Steel,Bloom Casting,Bloom ingot casting oil,fic,,,,,$,573416185.68618,573416185.68618,573416185.68618,573416185.68618,573416185.68618,573416185.68618,573416185.68618,573416185.68618,573416185.68618,573416185.68618,573416185.68618,
CIMS.CAN.QC.Iron and Steel.Steel Product.Blooms.Heavy Structural Shapes,Service,QC,Iron and Steel,Heavy Structural Shapes,Bloom heavy structural steel mill oil,fic,,,,,$,382277456.71689,382277456.71689,382277456.71689,382277456.71689,382277456.71689,382277456.71689,382277456.71689,382277456.71689,382277456.71689,382277456.71689,382277456.71689,
CIMS.CAN.QC.Iron and Steel.Steel Product.Blooms.Tubes,Service,QC,Iron and Steel,Tubes,Bloom seamless tube mill oil,fic,,,,,$,1274258187.63099,1274258187.63099,1274258187.63099,1274258187.63099,1274258187.63099,1274258187.63099,1274258187.63099,1274258187.63099,1274258187.63099,1274258187.63099,1274258187.63099,
CIMS.CAN.QC.Iron and Steel.Reheating.Reheators,Service,QC,Iron and Steel,Reheators,NG induction reheat furnace,fic,,,,,$,-28670809.284309,-28670809.284309,-28670809.284309,-28670809.284309,-28670809.284309,-28670809.284309,-28670809.284309,-28670809.284309,-28670809.284309,-28670809.284309,-28670809.284309,
CIMS.CAN.QC.Iron and Steel.Steam,Service,QC,Iron and Steel,Steam,Fuel Oil,fic,,,,,$,10016749.39,10016749.39,10016749.39,10016749.39,10016749.39,10016749.39,10016749.39,10016749.39,10016749.39,10016749.39,10016749.39,
CIMS.CAN.QC.Iron and Steel.Steam,Service,QC,Iron and Steel,Steam,Hydrogen HR and reg burner,fic,,,,,$,15668162.19,15668162.19,15668162.19,15668162.19,15668162.19,15668162.19,15668162.19,15668162.19,15668162.19,15668162.19,15668162.19,
CIMS.CAN.QC.Iron and Steel.Steam,Service,QC,Iron and Steel,Steam,NG CCS,fic,,,,,$,15668162.19,15668162.19,15668162.19,15668162.19,15668162.19,15668162.19,15668162.19,15668162.19,15668162.19,15668162.19,15668162.19,
CIMS.CAN.QC.Iron and Steel.Steam,Service,QC,Iron and Steel,Steam,BPST NG 30 MW CCS,fic,,,,,$,15668162.19,15668162.19,15668162.19,15668162.19,15668162.19,15668162.19,15668162.19,15668162.19,15668162.19,15668162.19,15668162.19,
CIMS.CAN.QC.Iron and Steel.Steam,Service,QC,Iron and Steel,Steam,Coal CCS,fic,,,,,$,15668162.19,15668162.19,15668162.19,15668162.19,15668162.19,15668162.19,15668162.19,15668162.19,15668162.19,15668162.19,15668162.19,
CIMS.CAN.QC.Iron and Steel.HVAC.Space Heating,Service,QC,Iron and Steel,Space Heating,Space heat NG,fic,,,,,$,610844.52975048,610844.52975048,610844.52975048,610844.52975048,610844.52975048,610844.52975048,610844.52975048,610844.52975048,610844.52975048,610844.52975048,610844.52975048,
CIMS.CAN.QC.Iron and Steel.Lighting,Service,QC,Iron and Steel,Lighting,Most Eff Lighting,fic,,,,,$,855.182341650672,855.182341650672,855.182341650672,855.182341650672,855.182341650672,855.182341650672,855.182341650672,855.182341650672,855.182341650672,855.182341650672,855.182341650672,
CIMS.CAN.QC.Iron and Steel.Ventilation,Service,QC,Iron and Steel,Ventilation,High Eff backward inclined fan,fic,,,,,$,114005.127629558,114005.127629558,114005.127629558,114005.127629558,114005.127629558,114005.127629558,114005.127629558,114005.127629558,114005.127629558,114005.127629558,114005.127629558,
CIMS.CAN.QC.Iron and Steel.Ventilation,Service,QC,Iron and Steel,Ventilation,High Eff airfoil fan,fic,,,,,$,114005.127629558,114005.127629558,114005.127629558,114005.127629558,114005.127629558,114005.127629558,114005.127629558,114005.127629558,114005.127629558,114005.127629558,114005.127629558,
CIMS.CAN.QC.Iron and Steel.Conveyance,Service,QC,Iron and Steel,Conveyance,High Eff belt conveyor,fic,,,,,$,37766.6847408829,37766.6847408829,37766.6847408829,37766.6847408829,37766.6847408829,37766.6847408829,37766.6847408829,37766.6847408829,37766.6847408829,37766.6847408829,37766.6847408829,
CIMS.CAN.QC.Iron and Steel.Conveyance,Service,QC,Iron and Steel,Conveyance,High Eff screw conveyor,fic,,,,,$,73501.089731286,73501.089731286,73501.089731286,73501.089731286,73501.089731286,73501.089731286,73501.089731286,73501.089731286,73501.089731286,73501.089731286,73501.089731286,
CIMS.CAN.QC.Iron and Steel.Conveyance,Service,QC,Iron and Steel,Conveyance,High Eff apron conveyor,fic,,,,,$,73501.089731286,73501.089731286,73501.089731286,73501.089731286,73501.089731286,73501.089731286,73501.089731286,73501.089731286,73501.089731286,73501.089731286,73501.089731286,
CIMS.CAN.QC.Iron and Steel.Compression.Small,Service,QC,Iron and Steel,Small,High Eff centrifugal compressor,fic,,,,,$,126499.793666026,126499.793666026,126499.793666026,126499.793666026,126499.793666026,126499.793666026,126499.793666026,126499.793666026,126499.793666026,126499.793666026,126499.793666026,
CIMS.CAN.QC.Iron and Steel.Compression.Small,Service,QC,Iron and Steel,Small,High Eff reciprocating compressor,fic,,,,,$,142625.90599808,142625.90599808,142625.90599808,142625.90599808,142625.90599808,142625.90599808,142625.90599808,142625.90599808,142625.90599808,142625.90599808,142625.90599808,
CIMS.CAN.QC.Iron and Steel.Compression.Small,Service,QC,Iron and Steel,Small,High Eff rotary compressor,fic,,,,,$,99623.8560460652,99623.8560460652,99623.8560460652,99623.8560460652,99623.8560460652,99623.8560460652,99623.8560460652,99623.8560460652,99623.8560460652,99623.8560460652,99623.8560460652,
CIMS.CAN.QC.Iron and Steel.Compression.Large,Service,QC,Iron and Steel,Large,High Eff centrifugal compressor,fic,,,,,$,479652.839251439,479652.839251439,479652.839251439,479652.839251439,479652.839251439,479652.839251439,479652.839251439,479652.839251439,479652.839251439,479652.839251439,479652.839251439,
CIMS.CAN.QC.Iron and Steel.Compression.Large,Service,QC,Iron and Steel,Large,High Eff reciprocating compressor,fic,,,,,$,528764.556190019,528764.556190019,528764.556190019,528764.556190019,528764.556190019,528764.556190019,528764.556190019,528764.556190019,528764.556190019,528764.556190019,528764.556190019,
CIMS.CAN.QC.Iron and Steel.Compression.Large,Service,QC,Iron and Steel,Large,High Eff rotary compressor,fic,,,,,$,397800.893953934,397800.893953934,397800.893953934,397800.893953934,397800.893953934,397800.893953934,397800.893953934,397800.893953934,397800.893953934,397800.893953934,397800.893953934,
CIMS.CAN.QC.Iron and Steel.Pumping.General.Small,Service,QC,Iron and Steel,Small,Med Eff centrifugal pump variable speed,fic,,,,,$,65152.0666986564,65152.0666986564,65152.0666986564,65152.0666986564,65152.0666986564,65152.0666986564,65152.0666986564,65152.0666986564,65152.0666986564,65152.0666986564,65152.0666986564,
CIMS.CAN.QC.Iron and Steel.Pumping.General.Small,Service,QC,Iron and Steel,Small,High Eff centrifugal pump variable speed,fic,,,,,$,66984.6002879078,66984.6002879078,66984.6002879078,66984.6002879078,66984.6002879078,66984.6002879078,66984.6002879078,66984.6002879078,66984.6002879078,66984.6002879078,66984.6002879078,
CIMS.CAN.QC.Iron and Steel.Pumping.General.Large,Service,QC,Iron and Steel,Large,Med Eff centrifugal pump variable speed,fic,,,,,$,393930.583013435,393930.583013435,393930.583013435,393930.583013435,393930.583013435,393930.583013435,393930.583013435,393930.583013435,393930.583013435,393930.583013435,393930.583013435,
CIMS.CAN.QC.Iron and Steel.Pumping.General.Large,Service,QC,Iron and Steel,Large,High Eff centrifugal pump variable speed,fic,,,,,$,397595.650191938,397595.650191938,397595.650191938,397595.650191938,397595.650191938,397595.650191938,397595.650191938,397595.650191938,397595.650191938,397595.650191938,397595.650191938,
CIMS.CAN.QC.Iron and Steel.Pumping.Slurry Stock.Small,Service,QC,Iron and Steel,Small,Eff rotary pump variable speed,fic,,,,,$,138453.410268714,138453.410268714,138453.410268714,138453.410268714,138453.410268714,138453.410268714,138453.410268714,138453.410268714,138453.410268714,138453.410268714,138453.410268714,
CIMS.CAN.QC.Iron and Steel.Pumping.Slurry Stock.Large,Service,QC,Iron and Steel,Large,Eff rotary pump variable speed,fic,,,,,$,687135.957293666,687135.957293666,687135.957293666,687135.957293666,687135.957293666,687135.957293666,687135.957293666,687135.957293666,687135.957293666,687135.957293666,687135.957293666,
CIMS.CAN.QC.Iron and Steel.Pumping.Precision.Small,Service,QC,Iron and Steel,Small,Eff reciprocating pump variable speed,fic,,,,,$,138453.410268714,138453.410268714,138453.410268714,138453.410268714,138453.410268714,138453.410268714,138453.410268714,138453.410268714,138453.410268714,138453.410268714,138453.410268714,
CIMS.CAN.QC.Iron and Steel.Pumping.Precision.Large,Service,QC,Iron and Steel,Large,Eff reciprocating pump variable speed,fic,,,,,$,687135.957293666,687135.957293666,687135.957293666,687135.957293666,687135.957293666,687135.957293666,687135.957293666,687135.957293666,687135.957293666,687135.957293666,687135.957293666,
CIMS.CAN.QC.Iron and Steel.Machine Drive.Size 1,Service,QC,Iron and Steel,Size 1,Eff AC motor 1 5 hp,fic,,,,,$,1171.44098848368,1171.44098848368,1171.44098848368,1171.44098848368,1171.44098848368,1171.44098848368,1171.44098848368,1171.44098848368,1171.44098848368,1171.44098848368,1171.44098848368,
CIMS.CAN.QC.Iron and Steel.Machine Drive.Size 2,Service,QC,Iron and Steel,Size 2,Eff motor 6 25 hp,fic,,,,,$,3911.90945297504,3911.90945297504,3911.90945297504,3911.90945297504,3911.90945297504,3911.90945297504,3911.90945297504,3911.90945297504,3911.90945297504,3911.90945297504,3911.90945297504,
CIMS.CAN.QC.Iron and Steel.Machine Drive.Size 3,Service,QC,Iron and Steel,Size 3,Eff AC motor 26 100 hp,fic,,,,,$,16256.0511804222,16256.0511804222,16256.0511804222,16256.0511804222,16256.0511804222,16256.0511804222,16256.0511804222,16256.0511804222,16256.0511804222,16256.0511804222,16256.0511804222,
CIMS.CAN.QC.Iron and Steel.Machine Drive.Size 4,Service,QC,Iron and Steel,Size 4,Eff AC motor 101 200 hp,fic,,,,,$,30828.3216314779,30828.3216314779,30828.3216314779,30828.3216314779,30828.3216314779,30828.3216314779,30828.3216314779,30828.3216314779,30828.3216314779,30828.3216314779,30828.3216314779,
CIMS.CAN.QC.Iron and Steel.Machine Drive.Size 5,Service,QC,Iron and Steel,Size 5,Eff AC motor 201 500 hp,fic,,,,,$,139242.926823416,139242.926823416,139242.926823416,139242.926823416,139242.926823416,139242.926823416,139242.926823416,139242.926823416,139242.926823416,139242.926823416,139242.926823416,
CIMS.CAN.QC.Iron and Steel.Machine Drive.Size 6,Service,QC,Iron and Steel,Size 6,Eff AC motor 500 hp,fic,,,,,$,440179.039520153,440179.039520153,440179.039520153,440179.039520153,440179.039520153,440179.039520153,440179.039520153,440179.039520153,440179.039520153,440179.039520153,440179.039520153,
CIMS.CAN.QC.Metal Smelting.Steam,Service,QC,Metal Smelting,Steam,Hydrogen HR and reg burner,fic,,,,,$,15668162.1880998,15668162.1880998,15668162.1880998,15668162.1880998,15668162.1880998,15668162.1880998,15668162.1880998,15668162.1880998,15668162.1880998,15668162.1880998,15668162.1880998,
CIMS.CAN.QC.Metal Smelting.Lighting,Service,QC,Metal Smelting,Lighting,Most Eff Lighting,fic,,,,,$,855.182341650672,855.182341650672,855.182341650672,855.182341650672,855.182341650672,855.182341650672,855.182341650672,855.182341650672,855.182341650672,855.182341650672,855.182341650672,
CIMS.CAN.QC.Chemical Products.Chemical Product.Chlor Alkali.Chlorine Electrolysis,Service,QC,Chemical Products,Chlorine Electrolysis,Caustic mercury cell,fic,,,,,$,335108748.253618,335108748.253618,335108748.253618,335108748.253618,335108748.253618,335108748.253618,335108748.253618,335108748.253618,335108748.253618,335108748.253618,335108748.253618,
CIMS.CAN.QC.Chemical Products.Chemical Product.Chlor Alkali.Chlorine Electrolysis,Service,QC,Chemical Products,Chlorine Electrolysis,Caustic diaphragm,fic,,,,,$,340241705.000614,340241705.000614,340241705.000614,340241705.000614,340241705.000614,340241705.000614,340241705.000614,340241705.000614,340241705.000614,340241705.000614,340241705.000614,
CIMS.CAN.QC.Chemical Products.Chemical Product.Chlor Alkali.Caustic Sodium.Chlor Alkali Evaporation,Service,QC,Chemical Products,Chlor Alkali Evaporation,Evaporators II,fic,,,,,$,4507308.99869481,4507308.99869481,4507308.99869481,4507308.99869481,4507308.99869481,4507308.99869481,4507308.99869481,4507308.99869481,4507308.99869481,4507308.99869481,4507308.99869481,
CIMS.CAN.QC.Chemical Products.Chemical Product.Chlor Alkali.Caustic Sodium.Chlor Alkali Evaporation,Service,QC,Chemical Products,Chlor Alkali Evaporation,Evaporators II vaporator remote comp ctrl,fic,,,,,$,6131520.02291746,6131520.02291746,6131520.02291746,6131520.02291746,6131520.02291746,6131520.02291746,6131520.02291746,6131520.02291746,6131520.02291746,6131520.02291746,6131520.02291746,
CIMS.CAN.QC.Chemical Products.Chemical Product.Sodium Chlorate.Process,Service,QC,Chemical Products,Sodium Chlorate,electrolysis graphite electrode cell,fic,,,,,$,218376768.336161,218376768.336161,218376768.336161,218376768.336161,218376768.336161,218376768.336161,218376768.336161,218376768.336161,218376768.336161,218376768.336161,218376768.336161,
CIMS.CAN.QC.Chemical Products.Chemical Product.Sodium Chlorate.Process,Service,QC,Chemical Products,Sodium Chlorate,electrolysis metal anode cell,fic,,,,,$,240214445.174664,240214445.174664,240214445.174664,240214445.174664,240214445.174664,240214445.174664,240214445.174664,240214445.174664,240214445.174664,240214445.174664,240214445.174664,
CIMS.CAN.QC.Chemical Products.Chemical Product.Hydrogen Peroxide.Process,Service,QC,Chemical Products,Hydrogen Peroxide,methyl benzyl alcohol,fic,,,,,$,168464079.846449,168464079.846449,168464079.846449,168464079.846449,168464079.846449,168464079.846449,168464079.846449,168464079.846449,168464079.846449,168464079.846449,168464079.846449,
CIMS.CAN.QC.Chemical Products.Chemical Product.Ammonia Methanol.Combined Ammonia Methanol Synthesis,Service,QC,Chemical Products,Combined Ammonia Methanol Synthesis,Reform and synthesis,fic,,,,,$,1228383915.54702,1228383915.54702,1228383915.54702,1228383915.54702,1228383915.54702,1228383915.54702,1228383915.54702,1228383915.54702,1228383915.54702,1228383915.54702,1228383915.54702,
CIMS.CAN.QC.Chemical Products.Chemical Product.Ammonia Methanol.Ammonia Synthesis,Service,QC,Chemical Products,Ammonia Synthesis,Reform and synthesis,fic,,,,,$,1228383915.54702,1228383915.54702,1228383915.54702,1228383915.54702,1228383915.54702,1228383915.54702,1228383915.54702,1228383915.54702,1228383915.54702,1228383915.54702,1228383915.54702,
CIMS.CAN.QC.Chemical Products.Chemical Product.Ammonia Methanol.Methanol Synthesis,Service,QC,Chemical Products,Methanol Synthesis,Reform and synthesis,fic,,,,,$,1228383915.54702,1228383915.54702,1228383915.54702,1228383915.54702,1228383915.54702,1228383915.54702,1228383915.54702,1228383915.54702,1228383915.54702,1228383915.54702,1228383915.54702,
CIMS.CAN.QC.Chemical Products.Chemical Product.Other Petrochemicals.Pyrolysis,Service,QC,Chemical Products,Pyrolysis,Product gas new catalyst,fic,,,,,$,24476702.0587332,24476702.0587332,24476702.0587332,24476702.0587332,24476702.0587332,24476702.0587332,24476702.0587332,24476702.0587332,24476702.0587332,24476702.0587332,24476702.0587332,
CIMS.CAN.QC.Chemical Products.Chemical Product.Other Petrochemicals.Pyrolysis,Service,QC,Chemical Products,Pyrolysis,Product gas CCS,fic,,,,,$,24476702.0587332,24476702.0587332,24476702.0587332,24476702.0587332,24476702.0587332,24476702.0587332,24476702.0587332,24476702.0587332,24476702.0587332,24476702.0587332,24476702.0587332,
CIMS.CAN.QC.Chemical Products.Steam,Service,QC,Chemical Products,Steam,NG HR,fic,,,,,$,12534529.7504798,12534529.7504798,12534529.7504798,12534529.7504798,12534529.7504798,12534529.7504798,12534529.7504798,12534529.7504798,12534529.7504798,12534529.7504798,12534529.7504798,
CIMS.CAN.QC.Chemical Products.Steam,Service,QC,Chemical Products,Steam,NG reg burner,fic,,,,,$,13579073.8963531,13579073.8963531,13579073.8963531,13579073.8963531,13579073.8963531,13579073.8963531,13579073.8963531,13579073.8963531,13579073.8963531,13579073.8963531,13579073.8963531,
CIMS.CAN.QC.Chemical Products.Steam,Service,QC,Chemical Products,Steam,NG HR and reg burner,fic,,,,,$,15668162.1880998,15668162.1880998,15668162.1880998,15668162.1880998,15668162.1880998,15668162.1880998,15668162.1880998,15668162.1880998,15668162.1880998,15668162.1880998,15668162.1880998,
CIMS.CAN.QC.Chemical Products.Steam,Service,QC,Chemical Products,Steam,Coal,fic,,,,,$,4317040.592,4317040.592,4317040.592,4317040.592,4317040.592,4317040.592,4317040.592,4317040.592,4317040.592,4317040.592,4317040.592,
CIMS.CAN.QC.Chemical Products.Steam,Service,QC,Chemical Products,Steam,Fuel Oil,fic,,,,,$,10967713.5316698,10967713.5316698,10967713.5316698,10967713.5316698,10967713.5316698,10967713.5316698,10967713.5316698,10967713.5316698,10967713.5316698,10967713.5316698,10967713.5316698,
CIMS.CAN.QC.Chemical Products.Steam,Service,QC,Chemical Products,Steam,Fuel Oil HR,fic,,,,,$,26322512.4760076,26322512.4760076,26322512.4760076,26322512.4760076,26322512.4760076,26322512.4760076,26322512.4760076,26322512.4760076,26322512.4760076,26322512.4760076,26322512.4760076,
CIMS.CAN.QC.Chemical Products.Steam,Service,QC,Chemical Products,Steam,Fuel Oil reg burner,fic,,,,,$,28516055.1823416,28516055.1823416,28516055.1823416,28516055.1823416,28516055.1823416,28516055.1823416,28516055.1823416,28516055.1823416,28516055.1823416,28516055.1823416,28516055.1823416,
CIMS.CAN.QC.Chemical Products.Steam,Service,QC,Chemical Products,Steam,Fuel Oil HR and reg burner,fic,,,,,$,32903140.5950096,32903140.5950096,32903140.5950096,32903140.5950096,32903140.5950096,32903140.5950096,32903140.5950096,32903140.5950096,32903140.5950096,32903140.5950096,32903140.5950096,
CIMS.CAN.QC.Chemical Products.Steam,Service,QC,Chemical Products,Steam,Hydrogen HR and reg burner,fic,,,,,$,15668162.1880998,15668162.1880998,15668162.1880998,15668162.1880998,15668162.1880998,15668162.1880998,15668162.1880998,15668162.1880998,15668162.1880998,15668162.1880998,15668162.1880998,
CIMS.CAN.QC.Chemical Products.Steam,Service,QC,Chemical Products,Steam,SCGT HRSG 40 MW High H:P ratio,fic,,,,,$,7000000,7000000,7000000,7000000,7000000,7000000,7000000,7000000,7000000,7000000,7000000,
CIMS.CAN.QC.Chemical Products.Steam,Service,QC,Chemical Products,Steam,SCGT HRSG 10 MW High H:P ratio,fic,,,,,$,7000000,7000000,7000000,7000000,7000000,7000000,7000000,7000000,7000000,7000000,7000000,
CIMS.CAN.QC.Chemical Products.Steam,Service,QC,Chemical Products,Steam,SCGT HRSG 40 MW Low H:P ratio,fic,,,,,$,7000000,7000000,7000000,7000000,7000000,7000000,7000000,7000000,7000000,7000000,7000000,
CIMS.CAN.QC.Chemical Products.Steam,Service,QC,Chemical Products,Steam,SCGT HRSG 10 MW Low H:P ratio,fic,,,,,$,7000000,7000000,7000000,7000000,7000000,7000000,7000000,7000000,7000000,7000000,7000000,
CIMS.CAN.QC.Chemical Products.Steam,Service,QC,Chemical Products,Steam,CCGT 50 MW Low H:P ratio,fic,,,,,$,7000000,7000000,7000000,7000000,7000000,7000000,7000000,7000000,7000000,7000000,7000000,
CIMS.CAN.QC.Chemical Products.Steam,Service,QC,Chemical Products,Steam,CCGT 50 MW High H:P ratio,fic,,,,,$,7000000,7000000,7000000,7000000,7000000,7000000,7000000,7000000,7000000,7000000,7000000,
CIMS.CAN.QC.Chemical Products.Steam,Service,QC,Chemical Products,Steam,CCGT 250 MW Low H:P ratio,fic,,,,,$,7000000,7000000,7000000,7000000,7000000,7000000,7000000,7000000,7000000,7000000,7000000,
CIMS.CAN.QC.Chemical Products.Steam,Service,QC,Chemical Products,Steam,CCGT 250 MW High H:P ratio,fic,,,,,$,7000000,7000000,7000000,7000000,7000000,7000000,7000000,7000000,7000000,7000000,7000000,
CIMS.CAN.QC.Chemical Products.Lighting,Service,QC,Chemical Products,Lighting,Most Eff Lighting,fic,,,,,$,855.182341650672,855.182341650672,855.182341650672,855.182341650672,855.182341650672,855.182341650672,855.182341650672,855.182341650672,855.182341650672,855.182341650672,855.182341650672,
CIMS.CAN.QC.Chemical Products.Ventilation,Service,QC,Chemical Products,Ventilation,High Eff backward inclined fan,fic,,,,,$,249867.689692898,249867.689692898,249867.689692898,249867.689692898,249867.689692898,249867.689692898,249867.689692898,249867.689692898,249867.689692898,249867.689692898,249867.689692898,
CIMS.CAN.QC.Chemical Products.Ventilation,Service,QC,Chemical Products,Ventilation,High Eff vane axial tube axial fan,fic,,,,,$,237736.317332053,237736.317332053,237736.317332053,237736.317332053,237736.317332053,237736.317332053,237736.317332053,237736.317332053,237736.317332053,237736.317332053,237736.317332053,
CIMS.CAN.QC.Chemical Products.Conveyance,Service,QC,Chemical Products,Conveyance,High Eff belt conveyor,fic,,,,,$,551434.03512476,551434.03512476,551434.03512476,551434.03512476,551434.03512476,551434.03512476,551434.03512476,551434.03512476,551434.03512476,551434.03512476,551434.03512476,
CIMS.CAN.QC.Chemical Products.Conveyance,Service,QC,Chemical Products,Conveyance,High Eff screw conveyor,fic,,,,,$,801574.870057581,801574.870057581,801574.870057581,801574.870057581,801574.870057581,801574.870057581,801574.870057581,801574.870057581,801574.870057581,801574.870057581,801574.870057581,
CIMS.CAN.QC.Chemical Products.Compression.Small,Service,QC,Chemical Products,Small,High Eff centrifugal compressor,fic,,,,,$,168666.391554702,168666.391554702,168666.391554702,168666.391554702,168666.391554702,168666.391554702,168666.391554702,168666.391554702,168666.391554702,168666.391554702,168666.391554702,
CIMS.CAN.QC.Chemical Products.Compression.Small,Service,QC,Chemical Products,Small,High Eff reciprocating compressor,fic,,,,,$,190167.874664107,190167.874664107,190167.874664107,190167.874664107,190167.874664107,190167.874664107,190167.874664107,190167.874664107,190167.874664107,190167.874664107,190167.874664107,
CIMS.CAN.QC.Chemical Products.Compression.Small,Service,QC,Chemical Products,Small,High Eff rotary compressor,fic,,,,,$,132831.80806142,132831.80806142,132831.80806142,132831.80806142,132831.80806142,132831.80806142,132831.80806142,132831.80806142,132831.80806142,132831.80806142,132831.80806142,
CIMS.CAN.QC.Chemical Products.Compression.Large,Service,QC,Chemical Products,Large,High Eff centrifugal compressor,fic,,,,,$,639537.119001919,639537.119001919,639537.119001919,639537.119001919,639537.119001919,639537.119001919,639537.119001919,639537.119001919,639537.119001919,639537.119001919,639537.119001919,
CIMS.CAN.QC.Chemical Products.Compression.Large,Service,QC,Chemical Products,Large,High Eff reciprocating compressor,fic,,,,,$,705019.408253359,705019.408253359,705019.408253359,705019.408253359,705019.408253359,705019.408253359,705019.408253359,705019.408253359,705019.408253359,705019.408253359,705019.408253359,
CIMS.CAN.QC.Chemical Products.Compression.Large,Service,QC,Chemical Products,Large,High Eff rotary compressor,fic,,,,,$,530401.191938579,530401.191938579,530401.191938579,530401.191938579,530401.191938579,530401.191938579,530401.191938579,530401.191938579,530401.191938579,530401.191938579,530401.191938579,
CIMS.CAN.QC.Chemical Products.Pumping.General.Small,Service,QC,Chemical Products,Small,Med Eff centrifugal pump variable speed,fic,,,,,$,43434.7111324376,43434.7111324376,43434.7111324376,43434.7111324376,43434.7111324376,43434.7111324376,43434.7111324376,43434.7111324376,43434.7111324376,43434.7111324376,43434.7111324376,
CIMS.CAN.QC.Chemical Products.Pumping.General.Small,Service,QC,Chemical Products,Small,High Eff centrifugal pump variable speed,fic,,,,,$,44656.4001919385,44656.4001919385,44656.4001919385,44656.4001919385,44656.4001919385,44656.4001919385,44656.4001919385,44656.4001919385,44656.4001919385,44656.4001919385,44656.4001919385,
CIMS.CAN.QC.Chemical Products.Pumping.General.Large,Service,QC,Chemical Products,Large,Med Eff centrifugal pump variable speed,fic,,,,,$,525240.777351247,525240.777351247,525240.777351247,525240.777351247,525240.777351247,525240.777351247,525240.777351247,525240.777351247,525240.777351247,525240.777351247,525240.777351247,
CIMS.CAN.QC.Chemical Products.Pumping.General.Large,Service,QC,Chemical Products,Large,High Eff centrifugal pump variable speed,fic,,,,,$,530127.533589251,530127.533589251,530127.533589251,530127.533589251,530127.533589251,530127.533589251,530127.533589251,530127.533589251,530127.533589251,530127.533589251,530127.533589251,
CIMS.CAN.QC.Chemical Products.Pumping.Slurry Stock.Small,Service,QC,Chemical Products,Small,Eff rotary pump variable speed,fic,,,,,$,184604.547024952,184604.547024952,184604.547024952,184604.547024952,184604.547024952,184604.547024952,184604.547024952,184604.547024952,184604.547024952,184604.547024952,184604.547024952,
CIMS.CAN.QC.Chemical Products.Pumping.Slurry Stock.Large,Service,QC,Chemical Products,Large,Eff rotary pump variable speed,fic,,,,,$,916181.276391554,916181.276391554,916181.276391554,916181.276391554,916181.276391554,916181.276391554,916181.276391554,916181.276391554,916181.276391554,916181.276391554,916181.276391554,
CIMS.CAN.QC.Chemical Products.Pumping.Precision.Small,Service,QC,Chemical Products,Small,Eff reciprocating pump variable speed,fic,,,,,$,184604.547024952,184604.547024952,184604.547024952,184604.547024952,184604.547024952,184604.547024952,184604.547024952,184604.547024952,184604.547024952,184604.547024952,184604.547024952,
CIMS.CAN.QC.Chemical Products.Pumping.Precision.Large,Service,QC,Chemical Products,Large,Eff reciprocating pump variable speed,fic,,,,,$,916181.276391554,916181.276391554,916181.276391554,916181.276391554,916181.276391554,916181.276391554,916181.276391554,916181.276391554,916181.276391554,916181.276391554,916181.276391554,
CIMS.CAN.QC.Chemical Products.Machine Drive.Size 1,Service,QC,Chemical Products,Size 1,Eff AC motor 1 5 hp,fic,,,,,$,1561.91724568138,1561.91724568138,1561.91724568138,1561.91724568138,1561.91724568138,1561.91724568138,1561.91724568138,1561.91724568138,1561.91724568138,1561.91724568138,1561.91724568138,
CIMS.CAN.QC.Chemical Products.Machine Drive.Size 2,Service,QC,Chemical Products,Size 2,Eff motor 6 25 hp,fic,,,,,$,5215.87927063339,5215.87927063339,5215.87927063339,5215.87927063339,5215.87927063339,5215.87927063339,5215.87927063339,5215.87927063339,5215.87927063339,5215.87927063339,5215.87927063339,
CIMS.CAN.QC.Chemical Products.Machine Drive.Size 3,Service,QC,Chemical Products,Size 3,Eff AC motor 26 100 hp,fic,,,,,$,21674.7308349328,21674.7308349328,21674.7308349328,21674.7308349328,21674.7308349328,21674.7308349328,21674.7308349328,21674.7308349328,21674.7308349328,21674.7308349328,21674.7308349328,
CIMS.CAN.QC.Chemical Products.Machine Drive.Size 4,Service,QC,Chemical Products,Size 4,Eff AC motor 101 200 hp,fic,,,,,$,41104.4369865643,41104.4369865643,41104.4369865643,41104.4369865643,41104.4369865643,41104.4369865643,41104.4369865643,41104.4369865643,41104.4369865643,41104.4369865643,41104.4369865643,
CIMS.CAN.QC.Chemical Products.Machine Drive.Size 5,Service,QC,Chemical Products,Size 5,Eff AC motor 201 500 hp,fic,,,,,$,185657.239836852,185657.239836852,185657.239836852,185657.239836852,185657.239836852,185657.239836852,185657.239836852,185657.239836852,185657.239836852,185657.239836852,185657.239836852,
CIMS.CAN.QC.Chemical Products.Machine Drive.Size 6,Service,QC,Chemical Products,Size 6,Eff AC motor 500 hp,fic,,,,,$,586905.37380998,586905.37380998,586905.37380998,586905.37380998,586905.37380998,586905.37380998,586905.37380998,586905.37380998,586905.37380998,586905.37380998,586905.37380998,
CIMS.CAN.QC.Pulp and Paper.Paper.Newsprint.Newsprint Drying,Service,QC,Pulp and Paper,Newsprint Drying,high intensity drying,fic,,,,,$,30173365.354952,30173365.354952,30173365.354952,30173365.354952,30173365.354952,30173365.354952,30173365.354952,30173365.354952,30173365.354952,30173365.354952,30173365.354952,
CIMS.CAN.QC.Pulp and Paper.Paper.Linerboard.Linerboard Drying,Service,QC,Pulp and Paper,Linerboard Drying,Steam high intensity drying,fic,,,,,$,37786955.1157101,37786955.1157101,37786955.1157101,37786955.1157101,37786955.1157101,37786955.1157101,37786955.1157101,37786955.1157101,37786955.1157101,37786955.1157101,37786955.1157101,
CIMS.CAN.QC.Pulp and Paper.Paper.Uncoated.Uncoated Drying,Service,QC,Pulp and Paper,Uncoated Drying,Steam and high intensity drying,fic,,,,,$,35057302.545451,35057302.545451,35057302.545451,35057302.545451,35057302.545451,35057302.545451,35057302.545451,35057302.545451,35057302.545451,35057302.545451,35057302.545451,
CIMS.CAN.QC.Pulp and Paper.Paper.Uncoated.Uncoated Drying,Service,QC,Pulp and Paper,Uncoated Drying,Steam and high humidity hood,fic,,,,,$,62042707.5489347,62042707.5489347,62042707.5489347,62042707.5489347,62042707.5489347,62042707.5489347,62042707.5489347,62042707.5489347,62042707.5489347,62042707.5489347,62042707.5489347,
CIMS.CAN.QC.Pulp and Paper.Paper.Coated.Coated Drying,Service,QC,Pulp and Paper,Coated Drying,Steam and high intensity drying,fic,,,,,$,35057302.545451,35057302.545451,35057302.545451,35057302.545451,35057302.545451,35057302.545451,35057302.545451,35057302.545451,35057302.545451,35057302.545451,35057302.545451,
CIMS.CAN.QC.Pulp and Paper.Black Liquor Service.Concentrated Black Liquor.Lime Kiln,Service,QC,Pulp and Paper,Lime Kiln,Conv coal,fic,,,,,$,25629069.585595,25629069.585595,25629069.585595,25629069.585595,25629069.585595,25629069.585595,25629069.585595,25629069.585595,25629069.585595,25629069.585595,25629069.585595,
CIMS.CAN.QC.Pulp and Paper.Black Liquor Service.Concentrated Black Liquor.Lime Kiln,Service,QC,Pulp and Paper,Lime Kiln,Conv oil and wood waste gasification,fic,,,,,$,25629069.585595,25629069.585595,25629069.585595,25629069.585595,25629069.585595,25629069.585595,25629069.585595,25629069.585595,25629069.585595,25629069.585595,25629069.585595,
CIMS.CAN.QC.Pulp and Paper.Black Liquor Service.Concentrated Black Liquor.Lime Kiln,Service,QC,Pulp and Paper,Lime Kiln,Conv NG and lignin precip from rec boilers retro,fic,,,,,$,3843181.82003838,3843181.82003838,3843181.82003838,3843181.82003838,3843181.82003838,3843181.82003838,3843181.82003838,3843181.82003838,3843181.82003838,3843181.82003838,3843181.82003838,
CIMS.CAN.QC.Pulp and Paper.Black Liquor Service.Concentrated Black Liquor.Lime Kiln,Service,QC,Pulp and Paper,Lime Kiln,Flash dryer coal,fic,,,,,$,25629069.585595,25629069.585595,25629069.585595,25629069.585595,25629069.585595,25629069.585595,25629069.585595,25629069.585595,25629069.585595,25629069.585595,25629069.585595,
CIMS.CAN.QC.Pulp and Paper.Black Liquor Service.Concentrated Black Liquor.Lime Kiln,Service,QC,Pulp and Paper,Lime Kiln,Flash dryer oil and wood waste gasification,fic,,,,,$,25629069.585595,25629069.585595,25629069.585595,25629069.585595,25629069.585595,25629069.585595,25629069.585595,25629069.585595,25629069.585595,25629069.585595,25629069.585595,
CIMS.CAN.QC.Pulp and Paper.Black Liquor Service.Concentrated Black Liquor.Lime Kiln,Service,QC,Pulp and Paper,Lime Kiln,Flash dryer NG and lignin precip from rec boilers retro,fic,,,,,$,3843181.82003838,3843181.82003838,3843181.82003838,3843181.82003838,3843181.82003838,3843181.82003838,3843181.82003838,3843181.82003838,3843181.82003838,3843181.82003838,3843181.82003838,
CIMS.CAN.QC.Pulp and Paper.Black Liquor Service.Concentrated Black Liquor.Recovery Furnace,Service,QC,Pulp and Paper,Recovery Furnace,Tomlinson low odour comp ctrl high solids firing Cogen 1200 PSIG gasification,fic,,,,,$,206948172.777831,206948172.777831,206948172.777831,206948172.777831,206948172.777831,206948172.777831,206948172.777831,206948172.777831,206948172.777831,206948172.777831,206948172.777831,
CIMS.CAN.QC.Pulp and Paper.Steam,Service,QC,Pulp and Paper,Steam,Hydrogen HR and reg burner,fic,,,,,$,15668162.1880998,15668162.1880998,15668162.1880998,15668162.1880998,15668162.1880998,15668162.1880998,15668162.1880998,15668162.1880998,15668162.1880998,15668162.1880998,15668162.1880998,
CIMS.CAN.QC.Pulp and Paper.Lighting,Service,QC,Pulp and Paper,Lighting,Most Eff Lighting,fic,,,,,$,855.182341650672,855.182341650672,855.182341650672,855.182341650672,855.182341650672,855.182341650672,855.182341650672,855.182341650672,855.182341650672,855.182341650672,855.182341650672,
CIMS.CAN.QC.Pulp and Paper.Ventilation,Service,QC,Pulp and Paper,Ventilation,High Eff backward inclined fan,fic,,,,,$,187400.773378119,187400.773378119,187400.773378119,187400.773378119,187400.773378119,187400.773378119,187400.773378119,187400.773378119,187400.773378119,187400.773378119,187400.773378119,
CIMS.CAN.QC.Pulp and Paper.Ventilation,Service,QC,Pulp and Paper,Ventilation,High Eff airfoil fan,fic,,,,,$,187400.773378119,187400.773378119,187400.773378119,187400.773378119,187400.773378119,187400.773378119,187400.773378119,187400.773378119,187400.773378119,187400.773378119,187400.773378119,
CIMS.CAN.QC.Pulp and Paper.Ventilation,Service,QC,Pulp and Paper,Ventilation,High Eff vane axial tube axial fan,fic,,,,,$,178302.244107485,178302.244107485,178302.244107485,178302.244107485,178302.244107485,178302.244107485,178302.244107485,178302.244107485,178302.244107485,178302.244107485,178302.244107485,
CIMS.CAN.QC.Pulp and Paper.Conveyance,Service,QC,Pulp and Paper,Conveyance,High Eff belt conveyor,fic,,,,,$,413575.52634357,413575.52634357,413575.52634357,413575.52634357,413575.52634357,413575.52634357,413575.52634357,413575.52634357,413575.52634357,413575.52634357,413575.52634357,
CIMS.CAN.QC.Pulp and Paper.Conveyance,Service,QC,Pulp and Paper,Conveyance,High Eff screw conveyor,fic,,,,,$,601181.152543186,601181.152543186,601181.152543186,601181.152543186,601181.152543186,601181.152543186,601181.152543186,601181.152543186,601181.152543186,601181.152543186,601181.152543186,
CIMS.CAN.QC.Pulp and Paper.Compression.Small,Service,QC,Pulp and Paper,Small,High Eff centrifugal compressor,fic,,,,,$,126499.793666026,126499.793666026,126499.793666026,126499.793666026,126499.793666026,126499.793666026,126499.793666026,126499.793666026,126499.793666026,126499.793666026,126499.793666026,
CIMS.CAN.QC.Pulp and Paper.Compression.Small,Service,QC,Pulp and Paper,Small,High Eff reciprocating compressor,fic,,,,,$,142625.90599808,142625.90599808,142625.90599808,142625.90599808,142625.90599808,142625.90599808,142625.90599808,142625.90599808,142625.90599808,142625.90599808,142625.90599808,
CIMS.CAN.QC.Pulp and Paper.Compression.Small,Service,QC,Pulp and Paper,Small,High Eff rotary compressor,fic,,,,,$,99623.8560460652,99623.8560460652,99623.8560460652,99623.8560460652,99623.8560460652,99623.8560460652,99623.8560460652,99623.8560460652,99623.8560460652,99623.8560460652,99623.8560460652,
CIMS.CAN.QC.Pulp and Paper.Compression.Large,Service,QC,Pulp and Paper,Large,High Eff centrifugal compressor,fic,,,,,$,479652.839251439,479652.839251439,479652.839251439,479652.839251439,479652.839251439,479652.839251439,479652.839251439,479652.839251439,479652.839251439,479652.839251439,479652.839251439,
CIMS.CAN.QC.Pulp and Paper.Compression.Large,Service,QC,Pulp and Paper,Large,High Eff reciprocating compressor,fic,,,,,$,528764.556190019,528764.556190019,528764.556190019,528764.556190019,528764.556190019,528764.556190019,528764.556190019,528764.556190019,528764.556190019,528764.556190019,528764.556190019,
CIMS.CAN.QC.Pulp and Paper.Compression.Large,Service,QC,Pulp and Paper,Large,High Eff rotary compressor,fic,,,,,$,397800.893953934,397800.893953934,397800.893953934,397800.893953934,397800.893953934,397800.893953934,397800.893953934,397800.893953934,397800.893953934,397800.893953934,397800.893953934,
CIMS.CAN.QC.Pulp and Paper.Pumping.General.Small,Service,QC,Pulp and Paper,Small,Med Eff centrifugal pump variable speed,fic,,,,,$,65152.0666986564,65152.0666986564,65152.0666986564,65152.0666986564,65152.0666986564,65152.0666986564,65152.0666986564,65152.0666986564,65152.0666986564,65152.0666986564,65152.0666986564,
CIMS.CAN.QC.Pulp and Paper.Pumping.General.Small,Service,QC,Pulp and Paper,Small,High Eff centrifugal pump variable speed,fic,,,,,$,66984.6002879078,66984.6002879078,66984.6002879078,66984.6002879078,66984.6002879078,66984.6002879078,66984.6002879078,66984.6002879078,66984.6002879078,66984.6002879078,66984.6002879078,
CIMS.CAN.QC.Pulp and Paper.Pumping.General.Large,Service,QC,Pulp and Paper,Large,Med Eff centrifugal pump variable speed,fic,,,,,$,393930.583013435,393930.583013435,393930.583013435,393930.583013435,393930.583013435,393930.583013435,393930.583013435,393930.583013435,393930.583013435,393930.583013435,393930.583013435,
CIMS.CAN.QC.Pulp and Paper.Pumping.General.Large,Service,QC,Pulp and Paper,Large,High Eff centrifugal pump variable speed,fic,,,,,$,397595.650191938,397595.650191938,397595.650191938,397595.650191938,397595.650191938,397595.650191938,397595.650191938,397595.650191938,397595.650191938,397595.650191938,397595.650191938,
CIMS.CAN.QC.Pulp and Paper.Pumping.Slurry Stock.Small,Service,QC,Pulp and Paper,Small,Eff rotary pump variable speed,fic,,,,,$,138453.410268714,138453.410268714,138453.410268714,138453.410268714,138453.410268714,138453.410268714,138453.410268714,138453.410268714,138453.410268714,138453.410268714,138453.410268714,
CIMS.CAN.QC.Pulp and Paper.Pumping.Slurry Stock.Large,Service,QC,Pulp and Paper,Large,Eff rotary pump variable speed,fic,,,,,$,687135.957293666,687135.957293666,687135.957293666,687135.957293666,687135.957293666,687135.957293666,687135.957293666,687135.957293666,687135.957293666,687135.957293666,687135.957293666,
CIMS.CAN.QC.Pulp and Paper.Pumping.Precision.Small,Service,QC,Pulp and Paper,Small,Eff reciprocating pump variable speed,fic,,,,,$,138453.410268714,138453.410268714,138453.410268714,138453.410268714,138453.410268714,138453.410268714,138453.410268714,138453.410268714,138453.410268714,138453.410268714,138453.410268714,
CIMS.CAN.QC.Pulp and Paper.Pumping.Precision.Large,Service,QC,Pulp and Paper,Large,Eff reciprocating pump variable speed,fic,,,,,$,687135.957293666,687135.957293666,687135.957293666,687135.957293666,687135.957293666,687135.957293666,687135.957293666,687135.957293666,687135.957293666,687135.957293666,687135.957293666,
CIMS.CAN.QC.Light Industrial.Steam,Service,QC,Light Industrial,Steam,NG,fic,,,,,$,-325639.77721689,-325639.77721689,-325639.77721689,-325639.77721689,-325639.77721689,-325639.77721689,-325639.77721689,-325639.77721689,-325639.77721689,-325639.77721689,-325639.77721689,
CIMS.CAN.QC.Light Industrial.Steam,Service,QC,Light Industrial,Steam,Electric,fic,,,,,$,-36224790.9788867,-36224790.9788867,-36224790.9788867,-36224790.9788867,-36224790.9788867,-36224790.9788867,-36224790.9788867,-36224790.9788867,-36224790.9788867,-36224790.9788867,-36224790.9788867,
CIMS.CAN.QC.Light Industrial.Steam,Service,QC,Light Industrial,Steam,Hydrogen HR and reg burner,fic,,,,,$,15668162.1880998,15668162.1880998,15668162.1880998,15668162.1880998,15668162.1880998,15668162.1880998,15668162.1880998,15668162.1880998,15668162.1880998,15668162.1880998,15668162.1880998,
CIMS.CAN.QC.Light Industrial.Heat.Direct,Service,QC,Light Industrial,Direct,Std NG,fic,,,,,$,0,0,0,0,0,0,0,0,0,0,0,
CIMS.CAN.QC.Light Industrial.Heat.Direct,Service,QC,Light Industrial,Direct,Eff NG,fic,,,,,$,0,0,0,0,0,0,0,0,0,0,0,
CIMS.CAN.QC.Light Industrial.Heat.Direct,Service,QC,Light Industrial,Direct,Std electric,fic,,,,,$,-12000000,-12000000,-12000000,-12000000,-12000000,-12000000,-12000000,-12000000,-12000000,-12000000,-12000000,
CIMS.CAN.QC.Light Industrial.Heat.Direct,Service,QC,Light Industrial,Direct,Eff electric,fic,,,,,$,-12000000,-12000000,-12000000,-12000000,-12000000,-12000000,-12000000,-12000000,-12000000,-12000000,-12000000,
CIMS.CAN.QC.Light Industrial.Heat.Direct,Service,QC,Light Industrial,Direct,Std wood waste,fic,,,,,$,12000000,12000000,12000000,12000000,12000000,12000000,12000000,12000000,12000000,12000000,12000000,
CIMS.CAN.QC.Light Industrial.Heat.Direct,Service,QC,Light Industrial,Direct,Eff wood waste,fic,,,,,$,12000000,12000000,12000000,12000000,12000000,12000000,12000000,12000000,12000000,12000000,12000000,
CIMS.CAN.QC.Light Industrial.Lighting,Service,QC,Light Industrial,Lighting,Most Eff Lighting,fic,,,,,$,855.182341650672,855.182341650672,855.182341650672,855.182341650672,855.182341650672,855.182341650672,855.182341650672,855.182341650672,855.182341650672,855.182341650672,855.182341650672,
CIMS.CAN.QC.Construction.Transport,Service,QC,Construction,Transport,Electric,fic,,,,,$,500,500,500,500,500,500,500,500,500,500,500,
CIMS.CAN.QC.Residential.Dwellings.Dishwashing.Non-machine,Service,QC,Residential,Non-machine,How water aerator,fic,,,,,$,12.2168906,12.2168906,12.2168906,12.2168906,12.2168906,12.2168906,12.2168906,12.2168906,12.2168906,12.2168906,12.2168906,
CIMS.CAN.QC.Residential.Dwellings.Non-appliance Hot Water,Service,QC,Residential,Non-appliance Hot Water,Low flow devices,fic,,,,,$,24.43378119,24.43378119,24.43378119,24.43378119,24.43378119,24.43378119,24.43378119,24.43378119,24.43378119,24.43378119,24.43378119,
CIMS.CAN.QC.Residential.Dwellings.Refrigerators,Service,QC,Residential,Refrigerators,Medium Efficiency,fic,,,,,$,-30,-30,-30,-30,-30,-30,-30,-30,-30,-30,-30,
CIMS.CAN.QC.Residential.Clothes Drying.Machine,Service,QC,Residential,Machine,NG Std,fic,,,,,$,366.5067179,366.5067179,366.5067179,366.5067179,366.5067179,366.5067179,366.5067179,366.5067179,366.5067179,366.5067179,366.5067179,
CIMS.CAN.QC.Residential.Clothes Drying.Machine,Service,QC,Residential,Machine,NG heat pump,fic,,,,,$,488.6756238,488.6756238,488.6756238,488.6756238,488.6756238,488.6756238,488.6756238,488.6756238,488.6756238,488.6756238,488.6756238,
CIMS.CAN.QC.Residential.Dwellings.Building Type.High Density.Vintage.<1960 Bldg Code.Heating (Cold),Sector,QC,Residential,Heating (Cold),NG - Standard Efficiency,fic,,,,,$,700,700,700,700,700,700,700,700,700,700,700,NG furnace standard
CIMS.CAN.QC.Residential.Dwellings.Building Type.High Density.Vintage.<1960 Bldg Code.Heating (Cold),Sector,QC,Residential,Heating (Cold),NG - High Efficiency,fic,,,,,$,700,700,700,700,700,700,700,700,700,700,700,NG furnace efficient
CIMS.CAN.QC.Residential.Dwellings.Building Type.High Density.Vintage.<1960 Bldg Code.Heating (Cold),Sector,QC,Residential,Heating (Cold),Electric - Standard Efficiency,fic,,,,,$,1000,1000,1000,1000,1000,1000,1000,1000,1000,1000,1000,Electric baseboard
CIMS.CAN.QC.Residential.Dwellings.Building Type.High Density.Vintage.<1960 Bldg Code.Heating (Cold),Sector,QC,Residential,Heating (Cold),Electric - ASHP / NG - backup,fic,,,,,$,0,0,0,0,0,0,0,0,0,0,0,Electric heat pump/NG backup
CIMS.CAN.QC.Residential.Dwellings.Building Type.High Density.Vintage.<1960 Bldg Code.Heating (Cold),Sector,QC,Residential,Heating (Cold),Electric - ASHP / Electric - backup,fic,,,,,$,300,300,300,300,300,300,300,300,300,300,300,Electric heat pump/Electric backup
CIMS.CAN.QC.Residential.Dwellings.Building Type.High Density.Vintage.<1960 Bldg Code.Heating (Cold),Sector,QC,Residential,Heating (Cold),Heating Oil - High Efficiency,fic,,,,,$,-500,-500,-500,-500,-500,-500,-500,-500,-500,-500,-500,Oil furnace efficient
CIMS.CAN.QC.Residential.Dwellings.Building Type.High Density.Vintage.1961-1980 Bldg Code.Heating (Cold),Sector,QC,Residential,Heating (Cold),NG - Standard Efficiency,fic,,,,,$,700,700,700,700,700,700,700,700,700,700,700,NG furnace standard
CIMS.CAN.QC.Residential.Dwellings.Building Type.High Density.Vintage.1961-1980 Bldg Code.Heating (Cold),Sector,QC,Residential,Heating (Cold),NG - High Efficiency,fic,,,,,$,700,700,700,700,700,700,700,700,700,700,700,NG furnace efficient
CIMS.CAN.QC.Residential.Dwellings.Building Type.High Density.Vintage.1961-1980 Bldg Code.Heating (Cold),Sector,QC,Residential,Heating (Cold),Electric - Standard Efficiency,fic,,,,,$,1000,1000,1000,1000,1000,1000,1000,1000,1000,1000,1000,Electric baseboard
CIMS.CAN.QC.Residential.Dwellings.Building Type.High Density.Vintage.1961-1980 Bldg Code.Heating (Cold),Sector,QC,Residential,Heating (Cold),Electric - ASHP / NG - backup,fic,,,,,$,0,0,0,0,0,0,0,0,0,0,0,Electric heat pump/NG backup
CIMS.CAN.QC.Residential.Dwellings.Building Type.High Density.Vintage.1961-1980 Bldg Code.Heating (Cold),Sector,QC,Residential,Heating (Cold),Electric - ASHP / Electric - backup,fic,,,,,$,300,300,300,300,300,300,300,300,300,300,300,Electric heat pump/Electric backup
CIMS.CAN.QC.Residential.Dwellings.Building Type.High Density.Vintage.1961-1980 Bldg Code.Heating (Cold),Sector,QC,Residential,Heating (Cold),Heating Oil - High Efficiency,fic,,,,,$,-500,-500,-500,-500,-500,-500,-500,-500,-500,-500,-500,Oil furnace efficient
CIMS.CAN.QC.Residential.Dwellings.Building Type.High Density.Vintage.1981-2000 Bldg Code.Heating (Cold),Sector,QC,Residential,Heating (Cold),NG - Standard Efficiency,fic,,,,,$,700,700,700,700,700,700,700,700,700,700,700,NG furnace standard
CIMS.CAN.QC.Residential.Dwellings.Building Type.High Density.Vintage.1981-2000 Bldg Code.Heating (Cold),Sector,QC,Residential,Heating (Cold),NG - High Efficiency,fic,,,,,$,700,700,700,700,700,700,700,700,700,700,700,NG furnace efficient
CIMS.CAN.QC.Residential.Dwellings.Building Type.High Density.Vintage.1981-2000 Bldg Code.Heating (Cold),Sector,QC,Residential,Heating (Cold),Electric - Standard Efficiency,fic,,,,,$,1000,1000,1000,1000,1000,1000,1000,1000,1000,1000,1000,Electric baseboard
CIMS.CAN.QC.Residential.Dwellings.Building Type.High Density.Vintage.1981-2000 Bldg Code.Heating (Cold),Sector,QC,Residential,Heating (Cold),Electric - ASHP / NG - backup,fic,,,,,$,0,0,0,0,0,0,0,0,0,0,0,Electric heat pump/NG backup
CIMS.CAN.QC.Residential.Dwellings.Building Type.High Density.Vintage.1981-2000 Bldg Code.Heating (Cold),Sector,QC,Residential,Heating (Cold),Electric - ASHP / Electric - backup,fic,,,,,$,300,300,300,300,300,300,300,300,300,300,300,Electric heat pump/Electric backup
CIMS.CAN.QC.Residential.Dwellings.Building Type.High Density.Vintage.1981-2000 Bldg Code.Heating (Cold),Sector,QC,Residential,Heating (Cold),Heating Oil - High Efficiency,fic,,,,,$,-500,-500,-500,-500,-500,-500,-500,-500,-500,-500,-500,Oil furnace efficient
CIMS.CAN.QC.Residential.Dwellings.Building Type.High Density.Vintage.2001-2020 Bldg Code.Heating (Cold),Sector,QC,Residential,Heating (Cold),NG - Standard Efficiency,fic,,,,,$,700,700,700,700,700,700,700,700,700,700,700,NG furnace standard
CIMS.CAN.QC.Residential.Dwellings.Building Type.High Density.Vintage.2001-2020 Bldg Code.Heating (Cold),Sector,QC,Residential,Heating (Cold),NG - High Efficiency,fic,,,,,$,700,700,700,700,700,700,700,700,700,700,700,NG furnace efficient
CIMS.CAN.QC.Residential.Dwellings.Building Type.High Density.Vintage.2001-2020 Bldg Code.Heating (Cold),Sector,QC,Residential,Heating (Cold),Electric - Standard Efficiency,fic,,,,,$,1000,1000,1000,1000,1000,1000,1000,1000,1000,1000,1000,Electric baseboard
CIMS.CAN.QC.Residential.Dwellings.Building Type.High Density.Vintage.2001-2020 Bldg Code.Heating (Cold),Sector,QC,Residential,Heating (Cold),Electric - ASHP / NG - backup,fic,,,,,$,0,0,0,0,0,0,0,0,0,0,0,Electric heat pump/NG backup
CIMS.CAN.QC.Residential.Dwellings.Building Type.High Density.Vintage.2001-2020 Bldg Code.Heating (Cold),Sector,QC,Residential,Heating (Cold),Electric - ASHP / Electric - backup,fic,,,,,$,300,300,300,300,300,300,300,300,300,300,300,Electric heat pump/Electric backup
CIMS.CAN.QC.Residential.Dwellings.Building Type.High Density.Vintage.2001-2020 Bldg Code.Heating (Cold),Sector,QC,Residential,Heating (Cold),Heating Oil - Standard Efficiency,fic,,,,,$,-500,-500,-500,-500,-500,-500,-500,-500,-500,-500,-500,Oil furnace standard
CIMS.CAN.QC.Residential.Dwellings.Building Type.High Density.Vintage.2001-2020 Bldg Code.Heating (Cold),Sector,QC,Residential,Heating (Cold),Heating Oil - High Efficiency,fic,,,,,$,-500,-500,-500,-500,-500,-500,-500,-500,-500,-500,-500,Oil furnace efficient
CIMS.CAN.QC.Residential.Dwellings.Building Type.High Density.Vintage.2021-2035 Bldg Code.Heating (Cold),Sector,QC,Residential,Heating (Cold),NG - Standard Efficiency,fic,,,,,$,700,700,700,700,700,700,700,700,700,700,700,NG furnace standard
CIMS.CAN.QC.Residential.Dwellings.Building Type.High Density.Vintage.2021-2035 Bldg Code.Heating (Cold),Sector,QC,Residential,Heating (Cold),NG - High Efficiency,fic,,,,,$,700,700,700,700,700,700,700,700,700,700,700,NG furnace efficient
CIMS.CAN.QC.Residential.Dwellings.Building Type.High Density.Vintage.2021-2035 Bldg Code.Heating (Cold),Sector,QC,Residential,Heating (Cold),Electric - Standard Efficiency,fic,,,,,$,1000,1000,1000,1000,1000,1000,1000,1000,1000,1000,1000,Electric baseboard
CIMS.CAN.QC.Residential.Dwellings.Building Type.High Density.Vintage.2021-2035 Bldg Code.Heating (Cold),Sector,QC,Residential,Heating (Cold),Electric - ASHP / NG - backup,fic,,,,,$,0,0,0,0,0,0,0,0,0,0,0,Electric heat pump/NG backup
CIMS.CAN.QC.Residential.Dwellings.Building Type.High Density.Vintage.2021-2035 Bldg Code.Heating (Cold),Sector,QC,Residential,Heating (Cold),Electric - ASHP / Electric - backup,fic,,,,,$,300,300,300,300,300,300,300,300,300,300,300,Electric heat pump/Electric backup
CIMS.CAN.QC.Residential.Dwellings.Building Type.High Density.Vintage.2021-2035 Bldg Code.Heating (Cold),Sector,QC,Residential,Heating (Cold),Heating Oil - Standard Efficiency,fic,,,,,$,-500,-500,-500,-500,-500,-500,-500,-500,-500,-500,-500,Oil furnace standard
CIMS.CAN.QC.Residential.Dwellings.Building Type.High Density.Vintage.2021-2035 Bldg Code.Heating (Cold),Sector,QC,Residential,Heating (Cold),Heating Oil - High Efficiency,fic,,,,,$,-500,-500,-500,-500,-500,-500,-500,-500,-500,-500,-500,Oil furnace efficient
CIMS.CAN.QC.Residential.Dwellings.Building Type.High Density.Vintage.>2035 Bldg Code.Heating (Cold),Sector,QC,Residential,Heating (Cold),NG - Standard Efficiency,fic,,,,,$,700,700,700,700,700,700,700,700,700,700,700,NG furnace standard
CIMS.CAN.QC.Residential.Dwellings.Building Type.High Density.Vintage.>2035 Bldg Code.Heating (Cold),Sector,QC,Residential,Heating (Cold),NG - High Efficiency,fic,,,,,$,700,700,700,700,700,700,700,700,700,700,700,NG furnace efficient
CIMS.CAN.QC.Residential.Dwellings.Building Type.High Density.Vintage.>2035 Bldg Code.Heating (Cold),Sector,QC,Residential,Heating (Cold),Electric - Standard Efficiency,fic,,,,,$,1000,1000,1000,1000,1000,1000,1000,1000,1000,1000,1000,Electric baseboard
CIMS.CAN.QC.Residential.Dwellings.Building Type.High Density.Vintage.>2035 Bldg Code.Heating (Cold),Sector,QC,Residential,Heating (Cold),Electric - ASHP / NG - backup,fic,,,,,$,0,0,0,0,0,0,0,0,0,0,0,Electric heat pump/NG backup
CIMS.CAN.QC.Residential.Dwellings.Building Type.High Density.Vintage.>2035 Bldg Code.Heating (Cold),Sector,QC,Residential,Heating (Cold),Electric - ASHP / Electric - backup,fic,,,,,$,300,300,300,300,300,300,300,300,300,300,300,Electric heat pump/Electric backup
CIMS.CAN.QC.Residential.Dwellings.Building Type.High Density.Vintage.>2035 Bldg Code.Heating (Cold),Sector,QC,Residential,Heating (Cold),Heating Oil - Standard Efficiency,fic,,,,,$,-500,-500,-500,-500,-500,-500,-500,-500,-500,-500,-500,Oil furnace standard
CIMS.CAN.QC.Residential.Dwellings.Building Type.High Density.Vintage.>2035 Bldg Code.Heating (Cold),Sector,QC,Residential,Heating (Cold),Heating Oil - High Efficiency,fic,,,,,$,-500,-500,-500,-500,-500,-500,-500,-500,-500,-500,-500,Oil furnace efficient
CIMS.CAN.QC.Residential.Dwellings.Building Type.LowMed Density.Vintage.<1960 Bldg Code.Heating (Cold),Sector,QC,Residential,Heating (Cold),NG - Standard Efficiency,fic,,,,,$,700,700,700,700,700,700,700,700,700,700,700,NG furnace standard
CIMS.CAN.QC.Residential.Dwellings.Building Type.LowMed Density.Vintage.<1960 Bldg Code.Heating (Cold),Sector,QC,Residential,Heating (Cold),NG - High Efficiency,fic,,,,,$,700,700,700,700,700,700,700,700,700,700,700,NG furnace efficient
CIMS.CAN.QC.Residential.Dwellings.Building Type.LowMed Density.Vintage.<1960 Bldg Code.Heating (Cold),Sector,QC,Residential,Heating (Cold),Electric - Standard Efficiency,fic,,,,,$,1000,1000,1000,1000,1000,1000,1000,1000,1000,1000,1000,Electric baseboard
CIMS.CAN.QC.Residential.Dwellings.Building Type.LowMed Density.Vintage.<1960 Bldg Code.Heating (Cold),Sector,QC,Residential,Heating (Cold),Electric - ASHP / NG - backup,fic,,,,,$,0,0,0,0,0,0,0,0,0,0,0,Electric heat pump/NG backup
CIMS.CAN.QC.Residential.Dwellings.Building Type.LowMed Density.Vintage.<1960 Bldg Code.Heating (Cold),Sector,QC,Residential,Heating (Cold),Electric - ASHP / Electric - backup,fic,,,,,$,300,300,300,300,300,300,300,300,300,300,300,Electric heat pump/Electric backup
CIMS.CAN.QC.Residential.Dwellings.Building Type.LowMed Density.Vintage.<1960 Bldg Code.Heating (Cold),Sector,QC,Residential,Heating (Cold),Heating Oil - High Efficiency,fic,,,,,$,-500,-500,-500,-500,-500,-500,-500,-500,-500,-500,-500,Oil furnace efficient
CIMS.CAN.QC.Residential.Dwellings.Building Type.LowMed Density.Vintage.1961-1980 Bldg Code.Heating (Cold),Sector,QC,Residential,Heating (Cold),NG - Standard Efficiency,fic,,,,,$,700,700,700,700,700,700,700,700,700,700,700,NG furnace standard
CIMS.CAN.QC.Residential.Dwellings.Building Type.LowMed Density.Vintage.1961-1980 Bldg Code.Heating (Cold),Sector,QC,Residential,Heating (Cold),NG - High Efficiency,fic,,,,,$,700,700,700,700,700,700,700,700,700,700,700,NG furnace efficient
CIMS.CAN.QC.Residential.Dwellings.Building Type.LowMed Density.Vintage.1961-1980 Bldg Code.Heating (Cold),Sector,QC,Residential,Heating (Cold),Electric - Standard Efficiency,fic,,,,,$,1000,1000,1000,1000,1000,1000,1000,1000,1000,1000,1000,Electric baseboard
CIMS.CAN.QC.Residential.Dwellings.Building Type.LowMed Density.Vintage.1961-1980 Bldg Code.Heating (Cold),Sector,QC,Residential,Heating (Cold),Electric - ASHP / NG - backup,fic,,,,,$,0,0,0,0,0,0,0,0,0,0,0,Electric heat pump/NG backup
CIMS.CAN.QC.Residential.Dwellings.Building Type.LowMed Density.Vintage.1961-1980 Bldg Code.Heating (Cold),Sector,QC,Residential,Heating (Cold),Electric - ASHP / Electric - backup,fic,,,,,$,300,300,300,300,300,300,300,300,300,300,300,Electric heat pump/Electric backup
CIMS.CAN.QC.Residential.Dwellings.Building Type.LowMed Density.Vintage.1961-1980 Bldg Code.Heating (Cold),Sector,QC,Residential,Heating (Cold),Heating Oil - High Efficiency,fic,,,,,$,-500,-500,-500,-500,-500,-500,-500,-500,-500,-500,-500,Oil furnace efficient
CIMS.CAN.QC.Residential.Dwellings.Building Type.LowMed Density.Vintage.1981-2000 Bldg Code.Heating (Cold),Sector,QC,Residential,Heating (Cold),NG - Standard Efficiency,fic,,,,,$,700,700,700,700,700,700,700,700,700,700,700,NG furnace standard
CIMS.CAN.QC.Residential.Dwellings.Building Type.LowMed Density.Vintage.1981-2000 Bldg Code.Heating (Cold),Sector,QC,Residential,Heating (Cold),NG - High Efficiency,fic,,,,,$,700,700,700,700,700,700,700,700,700,700,700,NG furnace efficient
CIMS.CAN.QC.Residential.Dwellings.Building Type.LowMed Density.Vintage.1981-2000 Bldg Code.Heating (Cold),Sector,QC,Residential,Heating (Cold),Electric - Standard Efficiency,fic,,,,,$,1000,1000,1000,1000,1000,1000,1000,1000,1000,1000,1000,Electric baseboard
CIMS.CAN.QC.Residential.Dwellings.Building Type.LowMed Density.Vintage.1981-2000 Bldg Code.Heating (Cold),Sector,QC,Residential,Heating (Cold),Electric - ASHP / NG - backup,fic,,,,,$,0,0,0,0,0,0,0,0,0,0,0,Electric heat pump/NG backup
CIMS.CAN.QC.Residential.Dwellings.Building Type.LowMed Density.Vintage.1981-2000 Bldg Code.Heating (Cold),Sector,QC,Residential,Heating (Cold),Electric - ASHP / Electric - backup,fic,,,,,$,300,300,300,300,300,300,300,300,300,300,300,Electric heat pump/Electric backup
CIMS.CAN.QC.Residential.Dwellings.Building Type.LowMed Density.Vintage.1981-2000 Bldg Code.Heating (Cold),Sector,QC,Residential,Heating (Cold),Heating Oil - High Efficiency,fic,,,,,$,-500,-500,-500,-500,-500,-500,-500,-500,-500,-500,-500,Oil furnace efficient
CIMS.CAN.QC.Residential.Dwellings.Building Type.LowMed Density.Vintage.2001-2020 Bldg Code.Heating (Cold),Sector,QC,Residential,Heating (Cold),NG - Standard Efficiency,fic,,,,,$,700,700,700,700,700,700,700,700,700,700,700,NG furnace standard
CIMS.CAN.QC.Residential.Dwellings.Building Type.LowMed Density.Vintage.2001-2020 Bldg Code.Heating (Cold),Sector,QC,Residential,Heating (Cold),NG - High Efficiency,fic,,,,,$,700,700,700,700,700,700,700,700,700,700,700,NG furnace efficient
CIMS.CAN.QC.Residential.Dwellings.Building Type.LowMed Density.Vintage.2001-2020 Bldg Code.Heating (Cold),Sector,QC,Residential,Heating (Cold),Electric - Standard Efficiency,fic,,,,,$,1000,1000,1000,1000,1000,1000,1000,1000,1000,1000,1000,Electric baseboard
CIMS.CAN.QC.Residential.Dwellings.Building Type.LowMed Density.Vintage.2001-2020 Bldg Code.Heating (Cold),Sector,QC,Residential,Heating (Cold),Electric - ASHP / NG - backup,fic,,,,,$,0,0,0,0,0,0,0,0,0,0,0,Electric heat pump/NG backup
CIMS.CAN.QC.Residential.Dwellings.Building Type.LowMed Density.Vintage.2001-2020 Bldg Code.Heating (Cold),Sector,QC,Residential,Heating (Cold),Electric - ASHP / Electric - backup,fic,,,,,$,300,300,300,300,300,300,300,300,300,300,300,Electric heat pump/Electric backup
CIMS.CAN.QC.Residential.Dwellings.Building Type.LowMed Density.Vintage.2001-2020 Bldg Code.Heating (Cold),Sector,QC,Residential,Heating (Cold),Heating Oil - Standard Efficiency,fic,,,,,$,-500,-500,-500,-500,-500,-500,-500,-500,-500,-500,-500,Oil furnace standard
CIMS.CAN.QC.Residential.Dwellings.Building Type.LowMed Density.Vintage.2001-2020 Bldg Code.Heating (Cold),Sector,QC,Residential,Heating (Cold),Heating Oil - High Efficiency,fic,,,,,$,-500,-500,-500,-500,-500,-500,-500,-500,-500,-500,-500,Oil furnace efficient
CIMS.CAN.QC.Residential.Dwellings.Building Type.LowMed Density.Vintage.2021-2035 Bldg Code.Heating (Cold),Sector,QC,Residential,Heating (Cold),NG - Standard Efficiency,fic,,,,,$,700,700,700,700,700,700,700,700,700,700,700,NG furnace standard
CIMS.CAN.QC.Residential.Dwellings.Building Type.LowMed Density.Vintage.2021-2035 Bldg Code.Heating (Cold),Sector,QC,Residential,Heating (Cold),NG - High Efficiency,fic,,,,,$,700,700,700,700,700,700,700,700,700,700,700,NG furnace efficient
CIMS.CAN.QC.Residential.Dwellings.Building Type.LowMed Density.Vintage.2021-2035 Bldg Code.Heating (Cold),Sector,QC,Residential,Heating (Cold),Electric - Standard Efficiency,fic,,,,,$,1000,1000,1000,1000,1000,1000,1000,1000,1000,1000,1000,Electric baseboard
CIMS.CAN.QC.Residential.Dwellings.Building Type.LowMed Density.Vintage.2021-2035 Bldg Code.Heating (Cold),Sector,QC,Residential,Heating (Cold),Electric - ASHP / NG - backup,fic,,,,,$,0,0,0,0,0,0,0,0,0,0,0,Electric heat pump/NG backup
CIMS.CAN.QC.Residential.Dwellings.Building Type.LowMed Density.Vintage.2021-2035 Bldg Code.Heating (Cold),Sector,QC,Residential,Heating (Cold),Electric - ASHP / Electric - backup,fic,,,,,$,300,300,300,300,300,300,300,300,300,300,300,Electric heat pump/Electric backup
CIMS.CAN.QC.Residential.Dwellings.Building Type.LowMed Density.Vintage.2021-2035 Bldg Code.Heating (Cold),Sector,QC,Residential,Heating (Cold),Heating Oil - Standard Efficiency,fic,,,,,$,-500,-500,-500,-500,-500,-500,-500,-500,-500,-500,-500,Oil furnace standard
CIMS.CAN.QC.Residential.Dwellings.Building Type.LowMed Density.Vintage.2021-2035 Bldg Code.Heating (Cold),Sector,QC,Residential,Heating (Cold),Heating Oil - High Efficiency,fic,,,,,$,-500,-500,-500,-500,-500,-500,-500,-500,-500,-500,-500,Oil furnace efficient
CIMS.CAN.QC.Residential.Dwellings.Building Type.LowMed Density.Vintage.>2035 Bldg Code.Heating (Cold),Sector,QC,Residential,Heating (Cold),NG - Standard Efficiency,fic,,,,,$,700,700,700,700,700,700,700,700,700,700,700,NG furnace standard
CIMS.CAN.QC.Residential.Dwellings.Building Type.LowMed Density.Vintage.>2035 Bldg Code.Heating (Cold),Sector,QC,Residential,Heating (Cold),NG - High Efficiency,fic,,,,,$,700,700,700,700,700,700,700,700,700,700,700,NG furnace efficient
CIMS.CAN.QC.Residential.Dwellings.Building Type.LowMed Density.Vintage.>2035 Bldg Code.Heating (Cold),Sector,QC,Residential,Heating (Cold),Electric - Standard Efficiency,fic,,,,,$,1000,1000,1000,1000,1000,1000,1000,1000,1000,1000,1000,Electric baseboard
CIMS.CAN.QC.Residential.Dwellings.Building Type.LowMed Density.Vintage.>2035 Bldg Code.Heating (Cold),Sector,QC,Residential,Heating (Cold),Electric - ASHP / NG - backup,fic,,,,,$,0,0,0,0,0,0,0,0,0,0,0,Electric heat pump/NG backup
CIMS.CAN.QC.Residential.Dwellings.Building Type.LowMed Density.Vintage.>2035 Bldg Code.Heating (Cold),Sector,QC,Residential,Heating (Cold),Electric - ASHP / Electric - backup,fic,,,,,$,300,300,300,300,300,300,300,300,300,300,300,Electric heat pump/Electric backup
CIMS.CAN.QC.Residential.Dwellings.Building Type.LowMed Density.Vintage.>2035 Bldg Code.Heating (Cold),Sector,QC,Residential,Heating (Cold),Heating Oil - Standard Efficiency,fic,,,,,$,-500,-500,-500,-500,-500,-500,-500,-500,-500,-500,-500,Oil furnace standard
CIMS.CAN.QC.Residential.Dwellings.Building Type.LowMed Density.Vintage.>2035 Bldg Code.Heating (Cold),Sector,QC,Residential,Heating (Cold),Heating Oil - High Efficiency,fic,,,,,$,-500,-500,-500,-500,-500,-500,-500,-500,-500,-500,-500,Oil furnace efficient
CIMS.CAN.QC.Residential.Water Heating.High Density,Sector,QC,Residential,High Density,Electric - ASHP,fic,,,,,$,2000,2000,2000,2000,2000,2000,2000,2000,2000,2000,2000,Oil furnace efficient
CIMS.CAN.QC.Residential.Water Heating.High Density,Sector,QC,Residential,High Density,NG - Storage - Standard,fic,,,,,$,2000,2000,2000,2000,2000,2000,2000,2000,2000,2000,2000,Oil furnace efficient
CIMS.CAN.QC.Residential.Water Heating.High Density,Sector,QC,Residential,High Density,NG - Storage - Efficient,fic,,,,,$,2000,2000,2000,2000,2000,2000,2000,2000,2000,2000,2000,Oil furnace efficient
CIMS.CAN.QC.Residential.Water Heating.High Density,Sector,QC,Residential,High Density,NG - ASHP,fic,,,,,$,2000,2000,2000,2000,2000,2000,2000,2000,2000,2000,2000,Oil furnace efficient
CIMS.CAN.QC.Residential.Water Heating.High Density,Sector,QC,Residential,High Density,NG - Tankless - Standard,fic,,,,,$,5000,5000,5000,5000,5000,5000,5000,5000,5000,5000,5000,Oil furnace efficient
CIMS.CAN.QC.Residential.Water Heating.High Density,Sector,QC,Residential,High Density,NG - Tankless - Efficient,fic,,,,,$,2000,2000,2000,2000,2000,2000,2000,2000,2000,2000,2000,Oil furnace efficient
CIMS.CAN.QC.Residential.Water Heating.LowMed Density,Sector,QC,Residential,LowMed Density,NG - Storage - Standard,fic,,,,,$,350,350,350,350,350,350,350,350,350,350,350,Oil furnace efficient
CIMS.CAN.QC.Residential.Water Heating.LowMed Density,Sector,QC,Residential,LowMed Density,NG - Storage - Efficient,fic,,,,,$,350,350,350,350,350,350,350,350,350,350,350,Oil furnace efficient
CIMS.CAN.QC.Residential.Water Heating.LowMed Density,Sector,QC,Residential,LowMed Density,NG - Tankless - Standard,fic,,,,,$,350,350,350,350,350,350,350,350,350,350,350,Oil furnace efficient
CIMS.CAN.QC.Residential.Water Heating.LowMed Density,Sector,QC,Residential,LowMed Density,NG - Tankless - Efficient,fic,,,,,$,350,350,350,350,350,350,350,350,350,350,350,Oil furnace efficient
CIMS.CAN.QC.Commercial.Buildings.Lighting.General Area,Service,QC,Commercial,General Area,Fluorescent,fic,,,,,$,183.2533589,183.2533589,183.2533589,183.2533589,183.2533589,183.2533589,183.2533589,183.2533589,183.2533589,183.2533589,183.2533589,
CIMS.CAN.QC.Commercial.Buildings.Lighting.General Area,Service,QC,Commercial,General Area,LED,fic,,,,,$,305.4222649,305.4222649,305.4222649,305.4222649,305.4222649,305.4222649,305.4222649,305.4222649,305.4222649,305.4222649,305.4222649,
CIMS.CAN.QC.Commercial.Buildings.Lighting.Service Lighting,Service,QC,Commercial,Service Lighting,LED,fic,,,,,$,305.4222649,305.4222649,305.4222649,305.4222649,305.4222649,305.4222649,305.4222649,305.4222649,305.4222649,305.4222649,305.4222649,
CIMS.CAN.QC.Commercial.Buildings.Lighting.High Bay,Service,QC,Commercial,High Bay,LED,fic,,,,,$,305.4222649,305.4222649,305.4222649,305.4222649,305.4222649,305.4222649,305.4222649,305.4222649,305.4222649,305.4222649,305.4222649,
CIMS.CAN.QC.Commercial.Buildings.Cooking,Service,QC,Commercial,Cooking,NG,fic,,,,,$,800,800,800,800,800,800,800,800,800,800,800,
CIMS.CAN.QC.Commercial.Buildings.Hot Water,Service,QC,Commercial,Hot Water,Avg Eff NG,fic,,,,,$,-35,-35,-35,-35,-35,-35,-35,-35,-35,-35,-35,
CIMS.CAN.QC.Commercial.Buildings.Hot Water,Service,QC,Commercial,Hot Water,Avg Eff Electric,fic,,,,,$,20,20,20,20,20,20,20,20,20,20,20,
CIMS.CAN.QC.Commercial.Buildings.Hot Water,Service,QC,Commercial,Hot Water,Avg Eff Electric service load reduction,fic,,,,,$,20,20,20,20,20,20,20,20,20,20,20,
CIMS.CAN.QC.Commercial.Buildings.Hot Water,Service,QC,Commercial,Hot Water,Improved Eff Electric,fic,,,,,$,20,20,20,20,20,20,20,20,20,20,20,
CIMS.CAN.QC.Commercial.Buildings.Hot Water,Service,QC,Commercial,Hot Water,Avg Eff Oil,fic,,,,,$,-40,-40,-40,-40,-40,-40,-40,-40,-40,-40,-40,
CIMS.CAN.QC.Commercial.HVAC (Cold),Sector,QC,Commercial,HVAC (Cold),Electric - ASHP / Electric - backup,fic,,,,,$,15,15,15,15,15,15,15,15,15,15,15,
CIMS.CAN.QC.Commercial.HVAC (Cold),Sector,QC,Commercial,HVAC (Cold),Electric - ASHP / NG - backup,fic,,,,,$,15,15,15,15,15,15,15,15,15,15,15,
CIMS.CAN.QC.Commercial.HVAC (Cold),Sector,QC,Commercial,HVAC (Cold),Electric - GSHP,fic,,,,,$,100,100,100,100,100,100,100,100,100,100,100,
CIMS.CAN.QC.Commercial.HVAC (Cold),Sector,QC,Commercial,HVAC (Cold),NG - ASHP / NG - backup,fic,,,,,$,30,30,30,30,30,30,30,30,30,30,30,
CIMS.CAN.QC.Commercial.HVAC (Cold),Sector,QC,Commercial,HVAC (Cold),NG Cogeneration,fic,,,,,$,100,100,100,100,100,100,100,100,100,100,100,
CIMS.CAN.QC.Commercial.HVAC (Cold),Sector,QC,Commercial,HVAC (Cold),NG existing,fic,,,,,$,11,11,11,11,11,11,11,11,11,11,11,
CIMS.CAN.QC.Commercial.HVAC (Cold),Sector,QC,Commercial,HVAC (Cold),NG improved,fic,,,,,$,11,11,11,11,11,11,11,11,11,11,11,
CIMS.CAN.QC.Commercial.HVAC (Cold),Sector,QC,Commercial,HVAC (Cold),Oil existing,fic,,,,,$,22,22,22,22,22,22,22,22,22,22,22,
CIMS.CAN.QC.Commercial.HVAC (Cold),Sector,QC,Commercial,HVAC (Cold),Oil improved,fic,,,,,$,22,22,22,22,22,22,22,22,22,22,22,
CIMS.CAN.QC.Commercial.HVAC (Cold),Sector,QC,Commercial,HVAC (Cold),Propane existing,fic,,,,,$,50,50,50,50,50,50,50,50,50,50,50,
CIMS.CAN.QC.Commercial.HVAC (Cold),Sector,QC,Commercial,HVAC (Cold),Propane new,fic,,,,,$,50,50,50,50,50,50,50,50,50,50,50,
CIMS.CAN.QC.Transportation Personal.Mode.Urban,Service,QC,Transportation Personal,Urban,Walk Cycle Urban,fic,,,,,$,2100,2100,2100,2100,2100,2100,2100,2100,2100,2100,2100,
CIMS.CAN.QC.Transportation Personal.Mode.Urban,Service,QC,Transportation Personal,Urban,Passenger Vehicle Urban HOV,fic,,,,,$,25000000,25000000,25000000,25000000,25000000,25000000,25000000,25000000,25000000,25000000,25000000,
CIMS.CAN.QC.Transportation Personal.Mode.Urban,Service,QC,Transportation Personal,Urban,Public Transit Urban,fic,,,,,$,25000000,25000000,25000000,25000000,25000000,25000000,25000000,25000000,25000000,25000000,25000000,
CIMS.CAN.QC.Transportation Personal.Mode.Intercity Land,Service,QC,Transportation Personal,Intercity Land,Bus Intercity,fic,,,,,$,1000,1000,1000,1000,1000,1000,1000,1000,1000,1000,1000,
CIMS.CAN.QC.Transportation Personal.Mode.Intercity Land,Service,QC,Transportation Personal,Intercity Land,Rail Intercity,fic,,,,,$,1100,1100,1100,1100,1100,1100,1100,1100,1100,1100,1100,
CIMS.CAN.QC.Transportation Personal.Passenger Vehicles,Service,QC,Transportation Personal,Passenger Vehicles,Car_small,fic,,,,,$,0,0,0,0,0,0,0,0,0,0,0,
CIMS.CAN.QC.Transportation Personal.Passenger Vehicles,Service,QC,Transportation Personal,Passenger Vehicles,Car_large,fic,,,,,$,-4700,-4700,-4700,-4700,-4700,-4700,-4700,-4700,-4700,-4700,-4700,
CIMS.CAN.QC.Transportation Personal.Passenger Vehicles,Service,QC,Transportation Personal,Passenger Vehicles,Light Truck_small,fic,,,,,$,-3000,-3000,-3000,-3000,-3000,-3000,-3000,-3000,-3000,-3000,-3000,
CIMS.CAN.QC.Transportation Personal.Passenger Vehicles,Service,QC,Transportation Personal,Passenger Vehicles,Light Truck_large,fic,,,,,$,-8900,-8900,-8900,-8900,-8900,-8900,-8900,-8900,-8900,-8900,-8900,
CIMS.CAN.QC.Transportation Personal.Passenger Vehicle Motors,Service,QC,Transportation Personal,Passenger Vehicle Motors,Gasoline Efficient,fic,,,,,$,300,300,300,300,300,300,300,300,300,300,300,
CIMS.CAN.QC.Transportation Personal.Passenger Vehicle Motors,Service,QC,Transportation Personal,Passenger Vehicle Motors,Hybrid,fic,,,,,$,500,500,500,500,500,500,500,500,500,500,500,
CIMS.CAN.QC.Transportation Personal.Passenger Vehicle Motors,Service,QC,Transportation Personal,Passenger Vehicle Motors,Plug-in Hybrid,fic,,,,,$,750,750,750,750,750,750,750,750,750,750,750,
CIMS.CAN.QC.Transportation Personal.Passenger Vehicle Motors,Service,QC,Transportation Personal,Passenger Vehicle Motors,BEV 500,fic,,,,,$,1500,1500,1500,1500,1500,1500,1500,1500,1500,1500,1500,
CIMS.CAN.QC.Transportation Personal.Passenger Vehicle Motors,Service,QC,Transportation Personal,Passenger Vehicle Motors,BEV 800,fic,,,,,$,1500,1500,1500,1500,1500,1500,1500,1500,1500,1500,1500,
CIMS.CAN.QC.Transportation Personal.Passenger Vehicle Motors,Service,QC,Transportation Personal,Passenger Vehicle Motors,Fuel Cell 650,fic,,,,,$,10000,10000,10000,10000,10000,10000,10000,10000,10000,10000,10000,
CIMS.CAN.QC.Transportation Personal.Transit.Public Bus,Service,QC,Transportation Personal,Public Bus,Bus Urban Hybrid,fic,,,,,$,50000,50000,50000,50000,50000,50000,50000,50000,50000,50000,50000,
CIMS.CAN.QC.Transportation Personal.Transit.Public Bus,Service,QC,Transportation Personal,Public Bus,Bus Urban NG,fic,,,,,$,40000,40000,40000,40000,40000,40000,40000,40000,40000,40000,40000,
CIMS.CAN.QC.Transportation Personal.Transit.Public Bus,Service,QC,Transportation Personal,Public Bus,Bus Urban Electric,fic,,,,,$,100000,100000,100000,100000,100000,100000,100000,100000,100000,100000,100000,
CIMS.CAN.QC.Transportation Personal.Intercity Bus,Service,QC,Transportation Personal,Intercity Bus,Bus Intercity Gasoline,fic,,,,,$,23000,23000,23000,23000,23000,23000,23000,23000,23000,23000,23000,
CIMS.CAN.QC.Transportation Personal.Intercity Bus,Service,QC,Transportation Personal,Intercity Bus,Bus Intercity Hybrid,fic,,,,,$,23000,23000,23000,23000,23000,23000,23000,23000,23000,23000,23000,
CIMS.CAN.QC.Transportation Personal.Intercity Bus,Service,QC,Transportation Personal,Intercity Bus,Bus Intercity NG,fic,,,,,$,100000,100000,100000,100000,100000,100000,100000,100000,100000,100000,100000,
CIMS.CAN.QC.Transportation Freight.Freight.Land.Light Medium,Service,QC,Transportation Freight,Light Medium,Diesel Standard,fic,,,,,$,0,0,0,0,0,0,0,0,0,0,0,
CIMS.CAN.QC.Transportation Freight.Freight.Land.Light Medium,Service,QC,Transportation Freight,Light Medium,Gasoline Standard,fic,,,,,$,6300,6300,6300,6300,6300,6300,6300,6300,6300,6300,6300,
CIMS.CAN.QC.Transportation Freight.Freight.Land.Light Medium,Service,QC,Transportation Freight,Light Medium,Gasoline Efficient,fic,,,,,$,6300,6300,6300,6300,6300,6300,6300,6300,6300,6300,6300,
CIMS.CAN.QC.Transportation Freight.Freight.Land.Light Medium,Service,QC,Transportation Freight,Light Medium,Propane,fic,,,,,$,6300,6300,6300,6300,6300,6300,6300,6300,6300,6300,6300,
CIMS.CAN.QC.Transportation Freight.Freight.Land.Heavy,Service,QC,Transportation Freight,Heavy,Rail,fic,,,,,$,140,140,140,140,140,140,140,140,140,140,140,
CIMS.CAN.QC.Transportation Freight.Freight.Land.Heavy.Trucks,Service,QC,Transportation Freight,Trucks,Natural Gas,fic,,,,,$,30000,30000,30000,30000,30000,30000,30000,30000,30000,30000,30000,
CIMS.CAN.QC.Fuel Blends.Gasoline_Transportation,Service,QC,,Gasoline_Transportation,Ethanol,fic,,,,,$,25,20,15,15,15,20,25,30,35,40,45,Quick method to simulate feedstock limits - REPLACE WITH SOMETHING BETTER!
CIMS.CAN.QC.Fuel Blends.Gasoline_Transportation,Service,QC,,Gasoline_Transportation,Renewable Gasoline,fic,,,,,$,0,0,0,0,0,0,5,10,15,20,25,Quick method to simulate feedstock limits - REPLACE WITH SOMETHING BETTER!
CIMS.CAN.QC.Fuel Blends.Diesel_Transportation,Service,QC,,Diesel_Transportation,Biodiesel,fic,,,,,$,30,25,20,15,15,15,20,25,30,35,40,Quick method to simulate feedstock limits - REPLACE WITH SOMETHING BETTER!
CIMS.CAN.QC.Fuel Blends.Diesel_Transportation,Service,QC,,Diesel_Transportation,Renewable Diesel,fic,,,,,$,0,0,0,0,0,0,5,10,15,20,25,Quick method to simulate feedstock limits - REPLACE WITH SOMETHING BETTER!
CIMS.CAN.QC.Fuel Blends.Diesel_Industrial,Service,QC,,Diesel_Industrial,Biodiesel,fic,,,,,$,30,25,20,15,15,15,20,25,30,35,40,Quick method to simulate feedstock limits - REPLACE WITH SOMETHING BETTER!
CIMS.CAN.QC.Fuel Blends.Diesel_Industrial,Service,QC,,Diesel_Industrial,Renewable Diesel,fic,,,,,$,0,0,0,0,0,0,5,10,15,20,25,Quick method to simulate feedstock limits - REPLACE WITH SOMETHING BETTER!
CIMS.CAN.QC.Agriculture.Heat,Service,QC,Agriculture,Heat,Std fueled by NG,fic,,,,,$,-1404201.01198656,-1404201.01198656,-1404201.01198656,-1404201.01198656,-1404201.01198656,-1404201.01198656,-1404201.01198656,-1404201.01198656,-1404201.01198656,-1404201.01198656,-1404201.01198656,
CIMS.CAN.QC.Agriculture.Heat,Service,QC,Agriculture,Heat,Eff fueled by NG,fic,,,,,$,-1474411.0668618,-1474411.0668618,-1474411.0668618,-1474411.0668618,-1474411.0668618,-1474411.0668618,-1474411.0668618,-1474411.0668618,-1474411.0668618,-1474411.0668618,-1474411.0668618,
CIMS.CAN.QC.Forestry.Transport,Service,QC,Forestry,Transport,Electric,fic,,,,,$,500,500,500,500,500,500,500,500,500,500,500,
