,<-- Navigate by typing to search,,,,,,,,,,,,,,,,,,,,,,
Branch,Type,Region,Sector,Service,Technology,Parameter,Context,Sub_Context,Target,Source,Unit,2000,2005,2010,2015,2020,2025,2030,2035,2040,2045,2050,Comments
CIMS.CAN.BC,Region,BC,Natural Gas,,,service_request,,,CIMS.CAN.BC.Natural Gas,annual_region,1000 m3,23112500,30073200,33111700,39753500,48688800,66782346.3806505,75038182.0311379,79568307.7686631,84371921.4644822,86888871.3945998,89480905.9836981,
CIMS.CAN.BC.Natural Gas,Sector,BC,Natural Gas,,,service_provide,,,,constant_tech,1000 m3,,,,,,,,,,,,
CIMS.CAN.BC.Natural Gas,Sector,BC,Natural Gas,,,competition,Sector,,,,,,,,,,,,,,,,
CIMS.CAN.BC.Natural Gas,Sector,BC,Natural Gas,,,multiplier_price,,,CIMS.CAN.BC.Biodiesel,JCIMS,,1,1,1,1,1,1,1,1,1,1,1,
CIMS.CAN.BC.Natural Gas,Sector,BC,Natural Gas,,,multiplier_price,,,CIMS.Generic Fuels.Biogas,JCIMS,,1,1,1,1,1,1,1,1,1,1,1,
CIMS.CAN.BC.Natural Gas,Sector,BC,Natural Gas,,,multiplier_price,,,CIMS.Generic Fuels.Black Liquor,JCIMS,,1,1,1,1,1,1,1,1,1,1,1,
CIMS.CAN.BC.Natural Gas,Sector,BC,Natural Gas,,,multiplier_price,,,CIMS.Generic Fuels.Coal,JCIMS,,1,1,1,1,1,1,1,1,1,1,1,
CIMS.CAN.BC.Natural Gas,Sector,BC,Natural Gas,,,multiplier_price,,,CIMS.Generic Fuels.Coke,JCIMS,,1,1,1,1,1,1,1,1,1,1,1,
CIMS.CAN.BC.Natural Gas,Sector,BC,Natural Gas,,,multiplier_price,,,CIMS.Generic Fuels.Diesel,JCIMS,,0.41345301693417,0.50493177808368,0.68713239695248,0.73333326558627,0.86857088815089,0.94915303467877,1.01958383196229,1.07732187369493,1.12191590721447,1.13005914375645,1.1440244705163,
CIMS.CAN.BC.Natural Gas,Sector,BC,Natural Gas,,,multiplier_price,,,CIMS.CAN.BC.Electricity,CER,,1.3,1.3,1.3,1.3,1.3,1.3,1.3,1.3,1.3,1.3,1.3,TO DO: Fix these multipliers once the electricity sector is calibrated to have a production cost.
CIMS.CAN.BC.Natural Gas,Sector,BC,Natural Gas,,,multiplier_price,,,CIMS.CAN.BC.Ethanol,JCIMS,,1,1,1,1,1,1,1,1,1,1,1,
CIMS.CAN.BC.Natural Gas,Sector,BC,Natural Gas,,,multiplier_price,,,CIMS.Generic Fuels.Fuel Oil,CER,,1.01600537757731,1.03317649831559,1.09856517506478,1.14101941085181,1.12388540664271,1.14964163811373,1.21041992022893,1.17780522825203,1.1062466691364,1.02686919551468,0.98463639385729,
CIMS.CAN.BC.Natural Gas,Sector,BC,Natural Gas,,,multiplier_price,,,CIMS.Generic Fuels.Gasoline,JCIMS,,1,1,1,1,1,1,1,1,1,1,1,
CIMS.CAN.BC.Natural Gas,Sector,BC,Natural Gas,,,multiplier_price,,,CIMS.CAN.BC.Hydrogen,JCIMS,,1,1,1,1,1,1,1,1,1,1,1,
CIMS.CAN.BC.Natural Gas,Sector,BC,Natural Gas,,,multiplier_price,,,CIMS.Generic Fuels.Jet Fuel,JCIMS,,1,1,1,1,1,1,1,1,1,1,1,
CIMS.CAN.BC.Natural Gas,Sector,BC,Natural Gas,,,multiplier_price,,,CIMS.Generic Fuels.LPG,JCIMS,,1,1,1,1,1,1,1,1,1,1,1,
CIMS.CAN.BC.Natural Gas,Sector,BC,Natural Gas,,,multiplier_price,,,CIMS.Generic Fuels.Natural Gas,CER,,1.05573921415618,1.03443833419078,1.11300918070919,1.42691428015674,1.0697818882423,0.88454667140555,0.8598797791916,0.83982908745364,0.84061335027723,0.84224416868784,0.84462139494312,
CIMS.CAN.BC.Natural Gas,Sector,BC,Natural Gas,,,multiplier_price,,,CIMS.Generic Fuels.Petroleum Coke,JCIMS,,1,1,1,1,1,1,1,1,1,1,1,
CIMS.CAN.BC.Natural Gas,Sector,BC,Natural Gas,,,multiplier_price,,,CIMS.Generic Fuels.Propane,JCIMS,,1,1,1,1,1,1,1,1,1,1,1,
CIMS.CAN.BC.Natural Gas,Sector,BC,Natural Gas,,,multiplier_price,,,CIMS.Generic Fuels.Refinery Fuel Gas,JCIMS,,1,1,1,1,1,1,1,1,1,1,1,
CIMS.CAN.BC.Natural Gas,Sector,BC,Natural Gas,,,multiplier_price,,,CIMS.Generic Fuels.Solid Biomass,JCIMS,,1,1,1,1,1,1,1,1,1,1,1,
CIMS.CAN.BC.Natural Gas,Sector,BC,Natural Gas,,,multiplier_price,,,CIMS.Generic Fuels.Uranium,JCIMS,,1,1,1,1,1,1,1,1,1,1,1,
CIMS.CAN.BC.Natural Gas,Sector,BC,Natural Gas,,,multiplier_price,,,CIMS.Generic Fuels.Waste Fuel,JCIMS,,1,1,1,1,1,1,1,1,1,1,1,
CIMS.CAN.BC.Natural Gas,Sector,BC,Natural Gas,,,service_request,,,CIMS.CAN.BC.Natural Gas.Production,annual_tech,1000 m3,1,1,1,1,1,1,1,1,1,1,1,
CIMS.CAN.BC.Natural Gas.Production,Service,BC,Natural Gas,Production,,service_provide,,,,constant_tech,1000 m3,,,,,,,,,,,,
CIMS.CAN.BC.Natural Gas.Production,Service,BC,Natural Gas,Production,,competition,Fixed Ratio,,,,,,,,,,,,,,,,
CIMS.CAN.BC.Natural Gas.Production,Sector,BC,Natural Gas,,,service_request,,,CIMS.CAN.Natural Gas Market,annual_tech,1000 m3,1,1,1,1,1,1,1,1,1,1,1,
CIMS.CAN.BC.Natural Gas.Production,Sector,BC,Natural Gas,,,quantity_aggregate,,,CIMS.CAN.BC.Natural Gas.Production.Supply,,,,,,,,,,,,,,
CIMS.CAN.BC.Natural Gas.Production,Sector,BC,Natural Gas,,,quantity_aggregate,,,CIMS.CAN.BC.Natural Gas.Production.Transmission,,,,,,,,,,,,,,
CIMS.CAN.BC.Natural Gas.Production,Sector,BC,Natural Gas,,,quantity_aggregate,,,CIMS.CAN.BC.Natural Gas.Production.Distribution,,,,,,,,,,,,,,
CIMS.CAN.BC.Natural Gas.Production.Supply,Service,BC,Natural Gas,Natural Gas Supply,,service_provide,,,,constant_tech,1000 m3,,,,,,,,,,,,
CIMS.CAN.BC.Natural Gas.Production.Supply,Service,BC,Natural Gas,Natural Gas Supply,,competition,Fixed Ratio,,,,,,,,,,,,,,,,
CIMS.CAN.BC.Natural Gas.Production.Supply,Service,BC,Natural Gas,Natural Gas Supply,,service_request,,,CIMS.CAN.BC.Natural Gas.Production.Supply.Extraction,annual_region,1000 m3,1,1,1,1,1,1,1,1,1,1,1,
CIMS.CAN.BC.Natural Gas.Production.Supply,Service,BC,Natural Gas,Natural Gas Supply,,service_request,,,CIMS.CAN.BC.Natural Gas.Production.Supply.Processing,annual_region,1000 m3,0.92880595550921,0.92880595550921,0.92880595550921,0.93409888437496,0.9501158377286,0.96044882193655,0.96044882193655,0.96044882193655,0.96044882193655,0.96044882193655,0.96044882193655,
CIMS.CAN.BC.Natural Gas.Production.Supply,Service,BC,Natural Gas,Natural Gas Supply,,service_request,,,CIMS.CAN.BC.Natural Gas.Production.Supply.LNG Compression,annual_region,1000 m3,0,0,0,0,0,0.30256786450463,0.53855760851502,0.56634892392042,0.58922999785925,0.57216150130576,0.55558743574808,
CIMS.CAN.BC.Natural Gas.Production.Supply.Extraction,Service,BC,Natural Gas,Extraction,,service_provide,,,,constant_tech,1000 m3,,,,,,,,,,,,
CIMS.CAN.BC.Natural Gas.Production.Supply.Extraction,Service,BC,Natural Gas,Extraction,,competition,Fixed Ratio,,,,,,,,,,,,,,,,
CIMS.CAN.BC.Natural Gas.Production.Supply.Extraction,Service,BC,Natural Gas,Extraction,,service_request,,,CIMS.CAN.BC.Natural Gas.Production.Supply.Extraction.Conventional,annual_region,1000 m3,0.74859138163638,0.72103658536585,0.54490075339084,0.19066563684935,0.08038584671232,0.03100387002545,0.01541156824659,0.00936051653341,0.00604311083437,0.00389380773237,0.002588583174,
CIMS.CAN.BC.Natural Gas.Production.Supply.Extraction,Service,BC,Natural Gas,Extraction,,service_request,,,CIMS.CAN.BC.Natural Gas.Production.Supply.Extraction.Shale,annual_region,1000 m3,0,0,0.05466407075138,0.08415100202716,0.02417032111991,0.0105469214756,0.00897508994128,0.00761922000903,0.00611461998487,0.0051921307457,0.00457294650358,
CIMS.CAN.BC.Natural Gas.Production.Supply.Extraction,Service,BC,Natural Gas,Extraction,,service_request,,,CIMS.CAN.BC.Natural Gas.Production.Supply.Extraction.Tight,annual_region,1000 m3,0.25140861836362,0.27896341463415,0.40043517585778,0.72518336112348,0.89544383216777,0.95844920849896,0.97561334181213,0.98302026345756,0.98784226918076,0.99091406152193,0.99283847032242,
CIMS.CAN.BC.Natural Gas.Production.Supply.Extraction,Service,BC,Natural Gas,Extraction,,service_request,,,CIMS.CAN.BC.Natural Gas.Production.Supply.Extraction.Coalbed Methane,annual_region,1000 m3,0,0,0,0,0,0,0,0,0,0,0,
CIMS.CAN.BC.Natural Gas.Production.Supply.Extraction.Conventional,Service,BC,Natural Gas,Conventional,,service_provide,,,,constant_tech,1000 m3,,,,,,,,,,,,
CIMS.CAN.BC.Natural Gas.Production.Supply.Extraction.Conventional,Service,BC,Natural Gas,Conventional,,competition,Tech Compete,,,,,,,,,,,,,,,,
CIMS.CAN.BC.Natural Gas.Production.Supply.Extraction.Conventional,Service,BC,Natural Gas,Conventional,,discount_rate_financial,,,,constant_tech,%,0.35,0.35,0.35,0.35,0.35,0.35,0.35,0.35,0.35,0.35,0.35,
CIMS.CAN.BC.Natural Gas.Production.Supply.Extraction.Conventional,Service,BC,Natural Gas,Conventional,,heterogeneity,,,,constant_tech,,25,25,25,25,25,25,25,25,25,25,25,
CIMS.CAN.BC.Natural Gas.Production.Supply.Extraction.Conventional,Service,BC,Natural Gas,Conventional,Raw NG,technology,,,,,,,,,,,,,,,,,
CIMS.CAN.BC.Natural Gas.Production.Supply.Extraction.Conventional,Service,BC,Natural Gas,Conventional,Raw NG,available,,,,constant_tech,Year,1950,1950,1950,1950,1950,1950,1950,1950,1950,1950,1950,
CIMS.CAN.BC.Natural Gas.Production.Supply.Extraction.Conventional,Service,BC,Natural Gas,Conventional,Raw NG,unavailable,,,,constant_tech,Year,2101,2101,2101,2101,2101,2101,2101,2101,2101,2101,2101,
CIMS.CAN.BC.Natural Gas.Production.Supply.Extraction.Conventional,Service,BC,Natural Gas,Conventional,Raw NG,lifetime,,,,constant_tech,Years,15,15,15,15,15,15,15,15,15,15,15,
CIMS.CAN.BC.Natural Gas.Production.Supply.Extraction.Conventional,Service,BC,Natural Gas,Conventional,Raw NG,market_share_total,,,,annual_tech,%,1,,,,,,,,,,,
CIMS.CAN.BC.Natural Gas.Production.Supply.Extraction.Conventional,Service,BC,Natural Gas,Conventional,Raw NG,fom,,,,constant_tech,$,36.99,36.99,36.99,36.99,36.99,36.99,36.99,36.99,36.99,36.99,36.99,
CIMS.CAN.BC.Natural Gas.Production.Supply.Extraction.Conventional,Service,BC,Natural Gas,Conventional,Raw NG,service_request,,,CIMS.CAN.BC.Natural Gas.Production.Supply.Extraction.Off road transport,annual_tech,unit,1,1,1,1,1,1,1,1,1,1,1,
CIMS.CAN.BC.Natural Gas.Production.Supply.Extraction.Conventional,Service,BC,Natural Gas,Conventional,Raw NG,service_request,,,CIMS.CAN.BC.Natural Gas.Production.Supply.Extraction.Drilling,annual_region_tech,Wells,0.00008766551107,0.00018831077484,0.00032239834322,0.0007493503725,0.00071936202288,0.00073558495329,0.00073558495329,0.00073558495329,0.00073558495329,0.00073558495329,0.00073558495329,
CIMS.CAN.BC.Natural Gas.Production.Supply.Extraction.Conventional,Service,BC,Natural Gas,Conventional,Raw NG,service_request,,,CIMS.CAN.BC.Natural Gas.Production.Supply.Extraction.Compression,annual_tech,1000 m3,1,1,1,1,1,1,1,1,1,1,1,
CIMS.CAN.BC.Natural Gas.Production.Supply.Extraction.Conventional,Service,BC,Natural Gas,Conventional,Raw NG,service_request,,,CIMS.CAN.BC.Natural Gas.Production.Supply.Testing and Maintenance,annual_tech,unit,1,1,1,1,1,1,1,1,1,1,1,
CIMS.CAN.BC.Natural Gas.Production.Supply.Extraction.Conventional,Service,BC,Natural Gas,Conventional,Raw NG,service_request,,,CIMS.CAN.BC.Natural Gas.Production.Supply.Fugitive,annual_region_tech,tCH4,0.0009,0.0009,0.0009,0.0009,0.0009,0.0009,0.0009,0.0009,0.0009,0.0009,0.0009,
CIMS.CAN.BC.Natural Gas.Production.Supply.Extraction.Tight,Service,BC,Natural Gas,Tight,,service_provide,,,,constant_tech,1000 m3,,,,,,,,,,,,
CIMS.CAN.BC.Natural Gas.Production.Supply.Extraction.Tight,Service,BC,Natural Gas,Tight,,competition,Tech Compete,,,,,,,,,,,,,,,,
CIMS.CAN.BC.Natural Gas.Production.Supply.Extraction.Tight,Service,BC,Natural Gas,Tight,,discount_rate_financial,,,,constant_tech,%,0.35,0.35,0.35,0.35,0.35,0.35,0.35,0.35,0.35,0.35,0.35,
CIMS.CAN.BC.Natural Gas.Production.Supply.Extraction.Tight,Service,BC,Natural Gas,Tight,,heterogeneity,,,,constant_tech,,25,25,25,25,25,25,25,25,25,25,25,
CIMS.CAN.BC.Natural Gas.Production.Supply.Extraction.Tight,Service,BC,Natural Gas,Tight,Raw NG,technology,,,,,,,,,,,,,,,,,
CIMS.CAN.BC.Natural Gas.Production.Supply.Extraction.Tight,Service,BC,Natural Gas,Tight,Raw NG,available,,,,constant_tech,Year,1950,1950,1950,1950,1950,1950,1950,1950,1950,1950,1950,
CIMS.CAN.BC.Natural Gas.Production.Supply.Extraction.Tight,Service,BC,Natural Gas,Tight,Raw NG,unavailable,,,,constant_tech,Year,2101,2101,2101,2101,2101,2101,2101,2101,2101,2101,2101,
CIMS.CAN.BC.Natural Gas.Production.Supply.Extraction.Tight,Service,BC,Natural Gas,Tight,Raw NG,lifetime,,,,constant_tech,Years,15,15,15,15,15,15,15,15,15,15,15,
CIMS.CAN.BC.Natural Gas.Production.Supply.Extraction.Tight,Service,BC,Natural Gas,Tight,Raw NG,market_share_total,,,,annual_tech,%,1,,,,,,,,,,,
CIMS.CAN.BC.Natural Gas.Production.Supply.Extraction.Tight,Service,BC,Natural Gas,Tight,Raw NG,fom,,,,constant_tech,$,36.99,36.99,36.99,36.99,36.99,36.99,36.99,36.99,36.99,36.99,36.99,
CIMS.CAN.BC.Natural Gas.Production.Supply.Extraction.Tight,Service,BC,Natural Gas,Tight,Raw NG,service_request,,,CIMS.CAN.BC.Natural Gas.Production.Supply.Extraction.Off road transport,annual_tech,unit,1,1,1,1,1,1,1,1,1,1,1,
CIMS.CAN.BC.Natural Gas.Production.Supply.Extraction.Tight,Service,BC,Natural Gas,Tight,Raw NG,service_request,,,CIMS.CAN.BC.Natural Gas.Production.Supply.Extraction.Drilling,annual_region_tech,Wells,0.00013513513514,0.00013513513514,0.00013513513514,0.00013513513514,0.00013513513514,0.00013513513514,0.00013513513514,0.00013513513514,0.00013513513514,0.00013513513514,0.00013513513514,
CIMS.CAN.BC.Natural Gas.Production.Supply.Extraction.Tight,Service,BC,Natural Gas,Tight,Raw NG,service_request,,,CIMS.CAN.BC.Natural Gas.Production.Supply.Extraction.Compression,annual_tech,1000 m3,1,1,1,1,1,1,1,1,1,1,1,
CIMS.CAN.BC.Natural Gas.Production.Supply.Extraction.Tight,Service,BC,Natural Gas,Tight,Raw NG,service_request,,,CIMS.CAN.BC.Natural Gas.Production.Supply.Testing and Maintenance,annual_tech,unit,1,1,1,1,1,1,1,1,1,1,1,
CIMS.CAN.BC.Natural Gas.Production.Supply.Extraction.Tight,Service,BC,Natural Gas,Tight,Raw NG,service_request,,,CIMS.CAN.BC.Natural Gas.Production.Supply.Fugitive,annual_region_tech,tCH4,0.0009,0.0009,0.0009,0.0009,0.0009,0.0009,0.0009,0.0009,0.0009,0.0009,0.0009,
CIMS.CAN.BC.Natural Gas.Production.Supply.Extraction.Tight,Service,BC,Natural Gas,Tight,Raw NG Efficient,technology,,,,,,,,,,,,,,,,,
CIMS.CAN.BC.Natural Gas.Production.Supply.Extraction.Tight,Service,BC,Natural Gas,Tight,Raw NG Efficient,available,,,,constant_tech,Year,2010,2010,2010,2010,2010,2010,2010,2010,2010,2010,2010,
CIMS.CAN.BC.Natural Gas.Production.Supply.Extraction.Tight,Service,BC,Natural Gas,Tight,Raw NG Efficient,unavailable,,,,constant_tech,Year,2101,2101,2101,2101,2101,2101,2101,2101,2101,2101,2101,
CIMS.CAN.BC.Natural Gas.Production.Supply.Extraction.Tight,Service,BC,Natural Gas,Tight,Raw NG Efficient,lifetime,,,,constant_tech,Years,15,15,15,15,15,15,15,15,15,15,15,
CIMS.CAN.BC.Natural Gas.Production.Supply.Extraction.Tight,Service,BC,Natural Gas,Tight,Raw NG Efficient,market_share_total,,,,annual_tech,%,0,,,,,,,,,,,
CIMS.CAN.BC.Natural Gas.Production.Supply.Extraction.Tight,Service,BC,Natural Gas,Tight,Raw NG Efficient,fcc,,,,constant_tech,$,2.69,2.69,2.69,2.69,2.69,2.69,2.69,2.69,2.69,2.69,2.69,
CIMS.CAN.BC.Natural Gas.Production.Supply.Extraction.Tight,Service,BC,Natural Gas,Tight,Raw NG Efficient,fom,,,,constant_tech,$,36.99,36.99,36.99,36.99,36.99,36.99,36.99,36.99,36.99,36.99,36.99,
CIMS.CAN.BC.Natural Gas.Production.Supply.Extraction.Tight,Service,BC,Natural Gas,Tight,Raw NG Efficient,service_request,,,CIMS.CAN.BC.Natural Gas.Production.Supply.Extraction.Off road transport,annual_tech,unit,1,1,1,1,1,1,1,1,1,1,1,
CIMS.CAN.BC.Natural Gas.Production.Supply.Extraction.Tight,Service,BC,Natural Gas,Tight,Raw NG Efficient,service_request,,,CIMS.CAN.BC.Natural Gas.Production.Supply.Extraction.Drilling,annual_region_tech,Wells,0.00010810810811,0.00010810810811,0.00010810810811,0.00010810810811,0.00010810810811,0.00010810810811,0.00010810810811,0.00010810810811,0.00010810810811,0.00010810810811,0.00010810810811,
CIMS.CAN.BC.Natural Gas.Production.Supply.Extraction.Tight,Service,BC,Natural Gas,Tight,Raw NG Efficient,service_request,,,CIMS.CAN.BC.Natural Gas.Production.Supply.Extraction.Compression,annual_tech,1000 m3,1,1,1,1,1,1,1,1,1,1,1,
CIMS.CAN.BC.Natural Gas.Production.Supply.Extraction.Tight,Service,BC,Natural Gas,Tight,Raw NG Efficient,service_request,,,CIMS.CAN.BC.Natural Gas.Production.Supply.Testing and Maintenance,annual_tech,unit,1,1,1,1,1,1,1,1,1,1,1,
CIMS.CAN.BC.Natural Gas.Production.Supply.Extraction.Tight,Service,BC,Natural Gas,Tight,Raw NG Efficient,service_request,,,CIMS.CAN.BC.Natural Gas.Production.Supply.Fugitive,annual_region_tech,tCH4,0.00072,0.00072,0.00072,0.00072,0.00072,0.00072,0.00072,0.00072,0.00072,0.00072,0.00072,
CIMS.CAN.BC.Natural Gas.Production.Supply.Extraction.Shale,Service,BC,Natural Gas,Shale,,service_provide,,,,constant_tech,1000 m3,,,,,,,,,,,,
CIMS.CAN.BC.Natural Gas.Production.Supply.Extraction.Shale,Service,BC,Natural Gas,Shale,,competition,Tech Compete,,,,,,,,,,,,,,,,
CIMS.CAN.BC.Natural Gas.Production.Supply.Extraction.Shale,Service,BC,Natural Gas,Shale,,discount_rate_financial,,,,constant_tech,%,0.35,0.35,0.35,0.35,0.35,0.35,0.35,0.35,0.35,0.35,0.35,
CIMS.CAN.BC.Natural Gas.Production.Supply.Extraction.Shale,Service,BC,Natural Gas,Shale,,heterogeneity,,,,constant_tech,,25,25,25,25,25,25,25,25,25,25,25,
CIMS.CAN.BC.Natural Gas.Production.Supply.Extraction.Shale,Service,BC,Natural Gas,Shale,Raw NG,technology,,,,,,,,,,,,,,,,,
CIMS.CAN.BC.Natural Gas.Production.Supply.Extraction.Shale,Service,BC,Natural Gas,Shale,Raw NG,available,,,,constant_tech,Year,1950,1950,1950,1950,1950,1950,1950,1950,1950,1950,1950,
CIMS.CAN.BC.Natural Gas.Production.Supply.Extraction.Shale,Service,BC,Natural Gas,Shale,Raw NG,unavailable,,,,constant_tech,Year,2101,2101,2101,2101,2101,2101,2101,2101,2101,2101,2101,
CIMS.CAN.BC.Natural Gas.Production.Supply.Extraction.Shale,Service,BC,Natural Gas,Shale,Raw NG,lifetime,,,,constant_tech,Years,15,15,15,15,15,15,15,15,15,15,15,
CIMS.CAN.BC.Natural Gas.Production.Supply.Extraction.Shale,Service,BC,Natural Gas,Shale,Raw NG,market_share_total,,,,annual_tech,%,1,,,,,,,,,,,
CIMS.CAN.BC.Natural Gas.Production.Supply.Extraction.Shale,Service,BC,Natural Gas,Shale,Raw NG,fom,,,,constant_tech,$,36.99,36.99,36.99,36.99,36.99,36.99,36.99,36.99,36.99,36.99,36.99,
CIMS.CAN.BC.Natural Gas.Production.Supply.Extraction.Shale,Service,BC,Natural Gas,Shale,Raw NG,service_request,,,CIMS.CAN.BC.Natural Gas.Production.Supply.Extraction.Off road transport,annual_tech,unit,1,1,1,1,1,1,1,1,1,1,1,
CIMS.CAN.BC.Natural Gas.Production.Supply.Extraction.Shale,Service,BC,Natural Gas,Shale,Raw NG,service_request,,,CIMS.CAN.BC.Natural Gas.Production.Supply.Extraction.Drilling,annual_region_tech,Wells,0.00016666666667,0.00016666666667,0.00016666666667,0.00016666666667,0.00016666666667,0.00016666666667,0.00016666666667,0.00016666666667,0.00016666666667,0.00016666666667,0.00016666666667,
CIMS.CAN.BC.Natural Gas.Production.Supply.Extraction.Shale,Service,BC,Natural Gas,Shale,Raw NG,service_request,,,CIMS.CAN.BC.Natural Gas.Production.Supply.Extraction.Compression,annual_tech,1000 m3,1,1,1,1,1,1,1,1,1,1,1,
CIMS.CAN.BC.Natural Gas.Production.Supply.Extraction.Shale,Service,BC,Natural Gas,Shale,Raw NG,service_request,,,CIMS.CAN.BC.Natural Gas.Production.Supply.Testing and Maintenance,annual_tech,unit,1,1,1,1,1,1,1,1,1,1,1,
CIMS.CAN.BC.Natural Gas.Production.Supply.Extraction.Shale,Service,BC,Natural Gas,Shale,Raw NG,service_request,,,CIMS.CAN.BC.Natural Gas.Production.Supply.Fugitive,annual_region_tech,tCH4,0.0009,0.0009,0.0009,0.0009,0.0009,0.0009,0.0009,0.0009,0.0009,0.0009,0.0009,
CIMS.CAN.BC.Natural Gas.Production.Supply.Extraction.Shale,Service,BC,Natural Gas,Shale,Raw NG Efficient,technology,,,,,,,,,,,,,,,,,
CIMS.CAN.BC.Natural Gas.Production.Supply.Extraction.Shale,Service,BC,Natural Gas,Shale,Raw NG Efficient,available,,,,constant_tech,Year,2010,2010,2010,2010,2010,2010,2010,2010,2010,2010,2010,
CIMS.CAN.BC.Natural Gas.Production.Supply.Extraction.Shale,Service,BC,Natural Gas,Shale,Raw NG Efficient,unavailable,,,,constant_tech,Year,2101,2101,2101,2101,2101,2101,2101,2101,2101,2101,2101,
CIMS.CAN.BC.Natural Gas.Production.Supply.Extraction.Shale,Service,BC,Natural Gas,Shale,Raw NG Efficient,lifetime,,,,constant_tech,Years,15,15,15,15,15,15,15,15,15,15,15,
CIMS.CAN.BC.Natural Gas.Production.Supply.Extraction.Shale,Service,BC,Natural Gas,Shale,Raw NG Efficient,market_share_total,,,,annual_tech,%,0,,,,,,,,,,,
CIMS.CAN.BC.Natural Gas.Production.Supply.Extraction.Shale,Service,BC,Natural Gas,Shale,Raw NG Efficient,fcc,,,,constant_tech,$,2.69,2.69,2.69,2.69,2.69,2.69,2.69,2.69,2.69,2.69,2.69,
CIMS.CAN.BC.Natural Gas.Production.Supply.Extraction.Shale,Service,BC,Natural Gas,Shale,Raw NG Efficient,fom,,,,constant_tech,$,36.99,36.99,36.99,36.99,36.99,36.99,36.99,36.99,36.99,36.99,36.99,
CIMS.CAN.BC.Natural Gas.Production.Supply.Extraction.Shale,Service,BC,Natural Gas,Shale,Raw NG Efficient,service_request,,,CIMS.CAN.BC.Natural Gas.Production.Supply.Extraction.Off road transport,annual_tech,unit,1,1,1,1,1,1,1,1,1,1,1,
CIMS.CAN.BC.Natural Gas.Production.Supply.Extraction.Shale,Service,BC,Natural Gas,Shale,Raw NG Efficient,service_request,,,CIMS.CAN.BC.Natural Gas.Production.Supply.Extraction.Drilling,annual_region_tech,Wells,0.00013333333333,0.00013333333333,0.00013333333333,0.00013333333333,0.00013333333333,0.00013333333333,0.00013333333333,0.00013333333333,0.00013333333333,0.00013333333333,0.00013333333333,
CIMS.CAN.BC.Natural Gas.Production.Supply.Extraction.Shale,Service,BC,Natural Gas,Shale,Raw NG Efficient,service_request,,,CIMS.CAN.BC.Natural Gas.Production.Supply.Extraction.Compression,annual_tech,1000 m3,1,1,1,1,1,1,1,1,1,1,1,
CIMS.CAN.BC.Natural Gas.Production.Supply.Extraction.Shale,Service,BC,Natural Gas,Shale,Raw NG Efficient,service_request,,,CIMS.CAN.BC.Natural Gas.Production.Supply.Testing and Maintenance,annual_tech,unit,1,1,1,1,1,1,1,1,1,1,1,
CIMS.CAN.BC.Natural Gas.Production.Supply.Extraction.Shale,Service,BC,Natural Gas,Shale,Raw NG Efficient,service_request,,,CIMS.CAN.BC.Natural Gas.Production.Supply.Fugitive,annual_region_tech,tCH4,0.00072,0.00072,0.00072,0.00072,0.00072,0.00072,0.00072,0.00072,0.00072,0.00072,0.00072,
CIMS.CAN.BC.Natural Gas.Production.Supply.Extraction.Coalbed Methane,Service,BC,Natural Gas,Coalbed Methane,,service_provide,,,,constant_tech,1000 m3,,,,,,,,,,,,
CIMS.CAN.BC.Natural Gas.Production.Supply.Extraction.Coalbed Methane,Service,BC,Natural Gas,Coalbed Methane,,competition,Tech Compete,,,,,,,,,,,,,,,,
CIMS.CAN.BC.Natural Gas.Production.Supply.Extraction.Coalbed Methane,Service,BC,Natural Gas,Coalbed Methane,,discount_rate_financial,,,,constant_tech,%,0.35,0.35,0.35,0.35,0.35,0.35,0.35,0.35,0.35,0.35,0.35,
CIMS.CAN.BC.Natural Gas.Production.Supply.Extraction.Coalbed Methane,Service,BC,Natural Gas,Coalbed Methane,,heterogeneity,,,,constant_tech,,25,25,25,25,25,25,25,25,25,25,25,
CIMS.CAN.BC.Natural Gas.Production.Supply.Extraction.Coalbed Methane,Service,BC,Natural Gas,Coalbed Methane,Raw NG,technology,,,,,,,,,,,,,,,,,
CIMS.CAN.BC.Natural Gas.Production.Supply.Extraction.Coalbed Methane,Service,BC,Natural Gas,Coalbed Methane,Raw NG,available,,,,constant_tech,Year,1950,1950,1950,1950,1950,1950,1950,1950,1950,1950,1950,
CIMS.CAN.BC.Natural Gas.Production.Supply.Extraction.Coalbed Methane,Service,BC,Natural Gas,Coalbed Methane,Raw NG,unavailable,,,,constant_tech,Year,2101,2101,2101,2101,2101,2101,2101,2101,2101,2101,2101,
CIMS.CAN.BC.Natural Gas.Production.Supply.Extraction.Coalbed Methane,Service,BC,Natural Gas,Coalbed Methane,Raw NG,lifetime,,,,constant_tech,Years,15,15,15,15,15,15,15,15,15,15,15,
CIMS.CAN.BC.Natural Gas.Production.Supply.Extraction.Coalbed Methane,Service,BC,Natural Gas,Coalbed Methane,Raw NG,market_share_total,,,,annual_tech,%,1,,,,,,,,,,,
CIMS.CAN.BC.Natural Gas.Production.Supply.Extraction.Coalbed Methane,Service,BC,Natural Gas,Coalbed Methane,Raw NG,fom,,,,constant_tech,$,36.83,36.83,36.83,36.83,36.83,36.83,36.83,36.83,36.83,36.83,36.83,
CIMS.CAN.BC.Natural Gas.Production.Supply.Extraction.Coalbed Methane,Service,BC,Natural Gas,Coalbed Methane,Raw NG,service_request,,,CIMS.CAN.BC.Natural Gas.Production.Supply.Extraction.Off road transport,annual_tech,unit,1,1,1,1,1,1,1,1,1,1,1,
CIMS.CAN.BC.Natural Gas.Production.Supply.Extraction.Coalbed Methane,Service,BC,Natural Gas,Coalbed Methane,Raw NG,service_request,,,CIMS.CAN.BC.Natural Gas.Production.Supply.Extraction.Drilling,annual_region_tech,Wells,0,0,0,0,0,0,0,0,0,0,0,
CIMS.CAN.BC.Natural Gas.Production.Supply.Extraction.Coalbed Methane,Service,BC,Natural Gas,Coalbed Methane,Raw NG,service_request,,,CIMS.CAN.BC.Natural Gas.Production.Supply.Extraction.Compression,annual_tech,1000 m3,1,1,1,1,1,1,1,1,1,1,1,
CIMS.CAN.BC.Natural Gas.Production.Supply.Extraction.Coalbed Methane,Service,BC,Natural Gas,Coalbed Methane,Raw NG,service_request,,,CIMS.CAN.BC.Natural Gas.Production.Supply.Testing and Maintenance,annual_tech,unit,1,1,1,1,1,1,1,1,1,1,1,
CIMS.CAN.BC.Natural Gas.Production.Supply.Extraction.Coalbed Methane,Service,BC,Natural Gas,Coalbed Methane,Raw NG,service_request,,,CIMS.CAN.BC.Natural Gas.Production.Supply.Fugitive,annual_region_tech,tCH4,0.0009,0.0009,0.0009,0.0009,0.0009,0.0009,0.0009,0.0009,0.0009,0.0009,0.0009,
CIMS.CAN.BC.Natural Gas.Production.Supply.Extraction.Coalbed Methane,Service,BC,Natural Gas,Coalbed Methane,Raw NG Efficient,technology,,,,,,,,,,,,,,,,,
CIMS.CAN.BC.Natural Gas.Production.Supply.Extraction.Coalbed Methane,Service,BC,Natural Gas,Coalbed Methane,Raw NG Efficient,available,,,,constant_tech,Year,2010,2010,2010,2010,2010,2010,2010,2010,2010,2010,2010,
CIMS.CAN.BC.Natural Gas.Production.Supply.Extraction.Coalbed Methane,Service,BC,Natural Gas,Coalbed Methane,Raw NG Efficient,unavailable,,,,constant_tech,Year,2101,2101,2101,2101,2101,2101,2101,2101,2101,2101,2101,
CIMS.CAN.BC.Natural Gas.Production.Supply.Extraction.Coalbed Methane,Service,BC,Natural Gas,Coalbed Methane,Raw NG Efficient,lifetime,,,,constant_tech,Years,15,15,15,15,15,15,15,15,15,15,15,
CIMS.CAN.BC.Natural Gas.Production.Supply.Extraction.Coalbed Methane,Service,BC,Natural Gas,Coalbed Methane,Raw NG Efficient,market_share_total,,,,annual_tech,%,0,,,,,,,,,,,
CIMS.CAN.BC.Natural Gas.Production.Supply.Extraction.Coalbed Methane,Service,BC,Natural Gas,Coalbed Methane,Raw NG Efficient,fcc,,,,constant_tech,$,2.56,2.56,2.56,2.56,2.56,2.56,2.56,2.56,2.56,2.56,2.56,
CIMS.CAN.BC.Natural Gas.Production.Supply.Extraction.Coalbed Methane,Service,BC,Natural Gas,Coalbed Methane,Raw NG Efficient,fom,,,,constant_tech,$,37.66,37.66,37.66,37.66,37.66,37.66,37.66,37.66,37.66,37.66,37.66,
CIMS.CAN.BC.Natural Gas.Production.Supply.Extraction.Coalbed Methane,Service,BC,Natural Gas,Coalbed Methane,Raw NG Efficient,service_request,,,CIMS.CAN.BC.Natural Gas.Production.Supply.Extraction.Off road transport,annual_tech,unit,1,1,1,1,1,1,1,1,1,1,1,
CIMS.CAN.BC.Natural Gas.Production.Supply.Extraction.Coalbed Methane,Service,BC,Natural Gas,Coalbed Methane,Raw NG Efficient,service_request,,,CIMS.CAN.BC.Natural Gas.Production.Supply.Extraction.Drilling,annual_region_tech,Wells,0,0,0,0,0,0,0,0,0,0,0,
CIMS.CAN.BC.Natural Gas.Production.Supply.Extraction.Coalbed Methane,Service,BC,Natural Gas,Coalbed Methane,Raw NG Efficient,service_request,,,CIMS.CAN.BC.Natural Gas.Production.Supply.Extraction.Compression,annual_tech,1000 m3,1,1,1,1,1,1,1,1,1,1,1,
CIMS.CAN.BC.Natural Gas.Production.Supply.Extraction.Coalbed Methane,Service,BC,Natural Gas,Coalbed Methane,Raw NG Efficient,service_request,,,CIMS.CAN.BC.Natural Gas.Production.Supply.Testing and Maintenance,annual_tech,unit,1,1,1,1,1,1,1,1,1,1,1,
CIMS.CAN.BC.Natural Gas.Production.Supply.Extraction.Coalbed Methane,Service,BC,Natural Gas,Coalbed Methane,Raw NG Efficient,service_request,,,CIMS.CAN.BC.Natural Gas.Production.Supply.Fugitive,annual_region_tech,tCH4,0.00072,0.00072,0.00072,0.00072,0.00072,0.00072,0.00072,0.00072,0.00072,0.00072,0.00072,
CIMS.CAN.BC.Natural Gas.Production.Supply.Extraction.Drilling,Service,BC,Natural Gas,Drilling,,service_provide,,,,constant_tech,Wells,,,,,,,,,,,,
CIMS.CAN.BC.Natural Gas.Production.Supply.Extraction.Drilling,Service,BC,Natural Gas,Drilling,,competition,Tech Compete,,,,,,,,,,,,,,,,
CIMS.CAN.BC.Natural Gas.Production.Supply.Extraction.Drilling,Service,BC,Natural Gas,Drilling,,discount_rate_financial,,,,constant_tech,%,0.35,0.35,0.35,0.35,0.35,0.35,0.35,0.35,0.35,0.35,0.35,
CIMS.CAN.BC.Natural Gas.Production.Supply.Extraction.Drilling,Service,BC,Natural Gas,Drilling,,heterogeneity,,,,constant_tech,,10,10,10,10,10,10,10,10,10,10,10,
CIMS.CAN.BC.Natural Gas.Production.Supply.Extraction.Drilling,Service,BC,Natural Gas,Drilling,Exploration and drilling,technology,,,,,,,,,,,,,,,,,
CIMS.CAN.BC.Natural Gas.Production.Supply.Extraction.Drilling,Service,BC,Natural Gas,Drilling,Exploration and drilling,available,,,,constant_tech,Year,1950,1950,1950,1950,1950,1950,1950,1950,1950,1950,1950,
CIMS.CAN.BC.Natural Gas.Production.Supply.Extraction.Drilling,Service,BC,Natural Gas,Drilling,Exploration and drilling,unavailable,,,,constant_tech,Year,2101,2101,2101,2101,2101,2101,2101,2101,2101,2101,2101,
CIMS.CAN.BC.Natural Gas.Production.Supply.Extraction.Drilling,Service,BC,Natural Gas,Drilling,Exploration and drilling,lifetime,,,,constant_tech,Years,38,38,38,38,38,38,38,38,38,38,38,
CIMS.CAN.BC.Natural Gas.Production.Supply.Extraction.Drilling,Service,BC,Natural Gas,Drilling,Exploration and drilling,market_share_total,,,,annual_tech,%,1,,,,,,,,,,,
CIMS.CAN.BC.Natural Gas.Production.Supply.Extraction.Drilling,Service,BC,Natural Gas,Drilling,Exploration and drilling,fcc,,,,constant_tech,$,590,590,590,590,590,590,590,590,590,590,590,
CIMS.CAN.BC.Natural Gas.Production.Supply.Extraction.Drilling,Service,BC,Natural Gas,Drilling,Exploration and drilling,service_request,,,CIMS.Generic Fuels.Fuel Oil,annual_tech,GJ,8,8,8,8,8,8,8,8,8,8,8,
CIMS.CAN.BC.Natural Gas.Production.Supply.Extraction.Drilling,Service,BC,Natural Gas,Drilling,Exploration and drilling,service_request,,,CIMS.CAN.BC.Natural Gas.Production.Supply.Fugitive,annual_region_tech,tCH4,0.1476,0.1476,0.1476,0.1476,0.1476,0.1476,0.1476,0.1476,0.1476,0.1476,0.1476,
CIMS.CAN.BC.Natural Gas.Production.Supply.Extraction.Drilling,Service,BC,Natural Gas,Drilling,Exploration and drilling,service_request,,,CIMS.CAN.BC.Natural Gas.Production.Supply.Venting.Diffuse Venting,annual_region_tech,tCH4,0.0868,0.0868,0.0868,0.0868,0.0868,0.0868,0.0868,0.0868,0.0868,0.0868,0.0868,
CIMS.CAN.BC.Natural Gas.Production.Supply.Extraction.Drilling,Service,BC,Natural Gas,Drilling,Exploration and drilling Efficient,technology,,,,,,,,,,,,,,,,,
CIMS.CAN.BC.Natural Gas.Production.Supply.Extraction.Drilling,Service,BC,Natural Gas,Drilling,Exploration and drilling Efficient,available,,,,constant_tech,Year,2015,2015,2015,2015,2015,2015,2015,2015,2015,2015,2015,
CIMS.CAN.BC.Natural Gas.Production.Supply.Extraction.Drilling,Service,BC,Natural Gas,Drilling,Exploration and drilling Efficient,unavailable,,,,constant_tech,Year,2101,2101,2101,2101,2101,2101,2101,2101,2101,2101,2101,
CIMS.CAN.BC.Natural Gas.Production.Supply.Extraction.Drilling,Service,BC,Natural Gas,Drilling,Exploration and drilling Efficient,lifetime,,,,constant_tech,Years,38,38,38,38,38,38,38,38,38,38,38,
CIMS.CAN.BC.Natural Gas.Production.Supply.Extraction.Drilling,Service,BC,Natural Gas,Drilling,Exploration and drilling Efficient,market_share_total,,,,annual_tech,%,0,,,,,,,,,,,
CIMS.CAN.BC.Natural Gas.Production.Supply.Extraction.Drilling,Service,BC,Natural Gas,Drilling,Exploration and drilling Efficient,fcc,,,,constant_tech,$,592,592,592,592,592,592,592,592,592,592,592,
CIMS.CAN.BC.Natural Gas.Production.Supply.Extraction.Drilling,Service,BC,Natural Gas,Drilling,Exploration and drilling Efficient,service_request,,,CIMS.Generic Fuels.Fuel Oil,annual_tech,GJ,6.4,6.4,6.4,6.4,6.4,6.4,6.4,6.4,6.4,6.4,6.4,
CIMS.CAN.BC.Natural Gas.Production.Supply.Extraction.Drilling,Service,BC,Natural Gas,Drilling,Exploration and drilling Efficient,service_request,,,CIMS.CAN.BC.Natural Gas.Production.Supply.Fugitive,annual_region_tech,tCH4,0.1476,0.1476,0.1476,0.1476,0.1476,0.1476,0.1476,0.1476,0.1476,0.1476,0.1476,
CIMS.CAN.BC.Natural Gas.Production.Supply.Extraction.Drilling,Service,BC,Natural Gas,Drilling,Exploration and drilling Efficient,service_request,,,CIMS.CAN.BC.Natural Gas.Production.Supply.Venting.Diffuse Venting,annual_region_tech,tCH4,0.0868,0.0868,0.0868,0.0868,0.0868,0.0868,0.0868,0.0868,0.0868,0.0868,0.0868,
CIMS.CAN.BC.Natural Gas.Production.Supply.Extraction.Compression,Service,BC,Natural Gas,Compression,,service_provide,,,,constant_tech,1000 m3,,,,,,,,,,,,
CIMS.CAN.BC.Natural Gas.Production.Supply.Extraction.Compression,Service,BC,Natural Gas,Compression,,competition,Tech Compete,,,,,,,,,,,,,,,,
CIMS.CAN.BC.Natural Gas.Production.Supply.Extraction.Compression,Service,BC,Natural Gas,Compression,,discount_rate_financial,,,,constant_tech,%,0.35,0.35,0.35,0.35,0.35,0.35,0.35,0.35,0.35,0.35,0.35,
CIMS.CAN.BC.Natural Gas.Production.Supply.Extraction.Compression,Service,BC,Natural Gas,Compression,,heterogeneity,,,,constant_tech,,10,10,10,10,10,10,10,10,10,10,10,
CIMS.CAN.BC.Natural Gas.Production.Supply.Extraction.Compression,Service,BC,Natural Gas,Compression,Compression,technology,,,,,,,,,,,,,,,,,
CIMS.CAN.BC.Natural Gas.Production.Supply.Extraction.Compression,Service,BC,Natural Gas,Compression,Compression,available,,,,constant_tech,Year,1950,1950,1950,1950,1950,1950,1950,1950,1950,1950,1950,
CIMS.CAN.BC.Natural Gas.Production.Supply.Extraction.Compression,Service,BC,Natural Gas,Compression,Compression,unavailable,,,,constant_tech,Year,2101,2101,2101,2101,2101,2101,2101,2101,2101,2101,2101,
CIMS.CAN.BC.Natural Gas.Production.Supply.Extraction.Compression,Service,BC,Natural Gas,Compression,Compression,lifetime,,,,constant_tech,Years,50,50,50,50,50,50,50,50,50,50,50,
CIMS.CAN.BC.Natural Gas.Production.Supply.Extraction.Compression,Service,BC,Natural Gas,Compression,Compression,market_share_total,,,,annual_tech,%,1,,,,,,,,,,,
CIMS.CAN.BC.Natural Gas.Production.Supply.Extraction.Compression,Service,BC,Natural Gas,Compression,Compression,fcc,,,,constant_tech,$,410382,410382,410382,410382,410382,410382,410382,410382,410382,410382,410382,
CIMS.CAN.BC.Natural Gas.Production.Supply.Extraction.Compression,Service,BC,Natural Gas,Compression,Compression,fom,,,,constant_tech,$,23200,23200,23200,23200,23200,23200,23200,23200,23200,23200,23200,
CIMS.CAN.BC.Natural Gas.Production.Supply.Extraction.Compression,Service,BC,Natural Gas,Compression,Compression,service_request,,,CIMS.CAN.BC.Natural Gas.Production.Supply.Direct Heat,annual_tech,GJ,0.153579511,0.153579511,0.153579511,0.153579511,0.153579511,0.153579511,0.153579511,0.153579511,0.153579511,0.153579511,0.153579511,
CIMS.CAN.BC.Natural Gas.Production.Supply.Extraction.Compression,Service,BC,Natural Gas,Compression,Compression,service_request,,,CIMS.CAN.BC.Natural Gas.Production.Supply.Direct Drive Small,annual_tech,1000 m3,0.313482005,0.313482005,0.313482005,0.313482005,0.313482005,0.313482005,0.313482005,0.313482005,0.313482005,0.313482005,0.313482005,
CIMS.CAN.BC.Natural Gas.Production.Supply.Extraction.Compression,Service,BC,Natural Gas,Compression,Compression,service_request,,,CIMS.CAN.BC.Natural Gas.Production.Supply.Direct Drive Large,annual_tech,1000 m3,0.017272828,0.017272828,0.017272828,0.017272828,0.017272828,0.017272828,0.017272828,0.017272828,0.017272828,0.017272828,0.017272828,
CIMS.CAN.BC.Natural Gas.Production.Supply.Extraction.Compression,Service,BC,Natural Gas,Compression,Compression,service_request,,,CIMS.CAN.BC.Natural Gas.Production.Supply.Venting.Point Venting,annual_region_tech,tCH4,0.00375,0.00375,0.00375,0.00375,0.00375,0.00375,0.00375,0.00375,0.00375,0.00375,0.00375,
CIMS.CAN.BC.Natural Gas.Production.Supply.Extraction.Compression,Service,BC,Natural Gas,Compression,Compression Efficient,technology,,,,,,,,,,,,,,,,,
CIMS.CAN.BC.Natural Gas.Production.Supply.Extraction.Compression,Service,BC,Natural Gas,Compression,Compression Efficient,available,,,,constant_tech,Year,2000,2000,2000,2000,2000,2000,2000,2000,2000,2000,2000,
CIMS.CAN.BC.Natural Gas.Production.Supply.Extraction.Compression,Service,BC,Natural Gas,Compression,Compression Efficient,unavailable,,,,constant_tech,Year,2101,2101,2101,2101,2101,2101,2101,2101,2101,2101,2101,
CIMS.CAN.BC.Natural Gas.Production.Supply.Extraction.Compression,Service,BC,Natural Gas,Compression,Compression Efficient,lifetime,,,,constant_tech,Years,50,50,50,50,50,50,50,50,50,50,50,
CIMS.CAN.BC.Natural Gas.Production.Supply.Extraction.Compression,Service,BC,Natural Gas,Compression,Compression Efficient,market_share_total,,,,annual_tech,%,0,,,,,,,,,,,
CIMS.CAN.BC.Natural Gas.Production.Supply.Extraction.Compression,Service,BC,Natural Gas,Compression,Compression Efficient,fcc,,,,constant_tech,$,584655,584655,584655,584655,584655,584655,584655,584655,584655,584655,584655,
CIMS.CAN.BC.Natural Gas.Production.Supply.Extraction.Compression,Service,BC,Natural Gas,Compression,Compression Efficient,fom,,,,constant_tech,$,23200,23200,23200,23200,23200,23200,23200,23200,23200,23200,23200,
CIMS.CAN.BC.Natural Gas.Production.Supply.Extraction.Compression,Service,BC,Natural Gas,Compression,Compression Efficient,service_request,,,CIMS.CAN.BC.Natural Gas.Production.Supply.Direct Heat,annual_tech,GJ,0.1228636088,0.1228636088,0.1228636088,0.1228636088,0.1228636088,0.1228636088,0.1228636088,0.1228636088,0.1228636088,0.1228636088,0.1228636088,
CIMS.CAN.BC.Natural Gas.Production.Supply.Extraction.Compression,Service,BC,Natural Gas,Compression,Compression Efficient,service_request,,,CIMS.CAN.BC.Natural Gas.Production.Supply.Direct Drive Small,annual_tech,1000 m3,0.250785604,0.250785604,0.250785604,0.250785604,0.250785604,0.250785604,0.250785604,0.250785604,0.250785604,0.250785604,0.250785604,
CIMS.CAN.BC.Natural Gas.Production.Supply.Extraction.Compression,Service,BC,Natural Gas,Compression,Compression Efficient,service_request,,,CIMS.CAN.BC.Natural Gas.Production.Supply.Direct Drive Large,annual_tech,1000 m3,0.0138182624,0.0138182624,0.0138182624,0.0138182624,0.0138182624,0.0138182624,0.0138182624,0.0138182624,0.0138182624,0.0138182624,0.0138182624,
CIMS.CAN.BC.Natural Gas.Production.Supply.Extraction.Compression,Service,BC,Natural Gas,Compression,Compression Efficient,service_request,,,CIMS.CAN.BC.Natural Gas.Production.Supply.Venting.Point Venting,annual_region_tech,tCH4,0.00375,0.00375,0.00375,0.00375,0.00375,0.00375,0.00375,0.00375,0.00375,0.00375,0.00375,
CIMS.CAN.BC.Natural Gas.Production.Supply.Extraction.Off road transport,Service,BC,Natural Gas,Off road transport,,service_provide,,,,constant_tech,unit,,,,,,,,,,,,
CIMS.CAN.BC.Natural Gas.Production.Supply.Extraction.Off road transport,Service,BC,Natural Gas,Off road transport,,competition,Tech Compete,,,,,,,,,,,,,,,,
CIMS.CAN.BC.Natural Gas.Production.Supply.Extraction.Off road transport,Service,BC,Natural Gas,Off road transport,,discount_rate_financial,,,,constant_tech,%,0.35,0.35,0.35,0.35,0.35,0.35,0.35,0.35,0.35,0.35,0.35,
CIMS.CAN.BC.Natural Gas.Production.Supply.Extraction.Off road transport,Service,BC,Natural Gas,Off road transport,,heterogeneity,,,,constant_tech,,10,10,10,10,10,10,10,10,10,10,10,
CIMS.CAN.BC.Natural Gas.Production.Supply.Extraction.Off road transport,Service,BC,Natural Gas,Off road transport,Transport,technology,,,,,,,,,,,,,,,,,
CIMS.CAN.BC.Natural Gas.Production.Supply.Extraction.Off road transport,Service,BC,Natural Gas,Off road transport,Transport,available,,,,constant_tech,Year,1950,1950,1950,1950,1950,1950,1950,1950,1950,1950,1950,
CIMS.CAN.BC.Natural Gas.Production.Supply.Extraction.Off road transport,Service,BC,Natural Gas,Off road transport,Transport,unavailable,,,,constant_tech,Year,2101,2101,2101,2101,2101,2101,2101,2101,2101,2101,2101,
CIMS.CAN.BC.Natural Gas.Production.Supply.Extraction.Off road transport,Service,BC,Natural Gas,Off road transport,Transport,lifetime,,,,constant_tech,Years,10,10,10,10,10,10,10,10,10,10,10,
CIMS.CAN.BC.Natural Gas.Production.Supply.Extraction.Off road transport,Service,BC,Natural Gas,Off road transport,Transport,market_share_total,,,,annual_tech,%,1,,,,,,,,,,,
CIMS.CAN.BC.Natural Gas.Production.Supply.Extraction.Off road transport,Service,BC,Natural Gas,Off road transport,Transport,fcc,,,,constant_tech,$,100,100,100,100,100,100,100,100,100,100,100,
CIMS.CAN.BC.Natural Gas.Production.Supply.Extraction.Off road transport,Service,BC,Natural Gas,Off road transport,Transport,fom,,,,constant_tech,$,13,13,13,13,13,13,13,13,13,13,13,
CIMS.CAN.BC.Natural Gas.Production.Supply.Extraction.Off road transport,Service,BC,Natural Gas,Off road transport,Transport,service_request,,,CIMS.CAN.BC.Natural Gas.OG Diesel Blend,annual_tech,GJ,0.05,0.05,0.05,0.05,0.05,0.05,0.05,0.05,0.05,0.05,0.05,
CIMS.CAN.BC.Natural Gas.Production.Supply.Extraction.Off road transport,Service,BC,Natural Gas,Off road transport,Transport,service_request,,,CIMS.CAN.BC.Natural Gas.OG Gasoline Blend,annual_tech,GJ,0.053,0.053,0.053,0.053,0.053,0.053,0.053,0.053,0.053,0.053,0.053,
CIMS.CAN.BC.Natural Gas.Production.Supply.Extraction.Off road transport,Service,BC,Natural Gas,Off road transport,Transport Efficient,technology,,,,,,,,,,,,,,,,,
CIMS.CAN.BC.Natural Gas.Production.Supply.Extraction.Off road transport,Service,BC,Natural Gas,Off road transport,Transport Efficient,available,,,,constant_tech,Year,2000,2000,2000,2000,2000,2000,2000,2000,2000,2000,2000,
CIMS.CAN.BC.Natural Gas.Production.Supply.Extraction.Off road transport,Service,BC,Natural Gas,Off road transport,Transport Efficient,unavailable,,,,constant_tech,Year,2101,2101,2101,2101,2101,2101,2101,2101,2101,2101,2101,
CIMS.CAN.BC.Natural Gas.Production.Supply.Extraction.Off road transport,Service,BC,Natural Gas,Off road transport,Transport Efficient,lifetime,,,,constant_tech,Years,10,10,10,10,10,10,10,10,10,10,10,
CIMS.CAN.BC.Natural Gas.Production.Supply.Extraction.Off road transport,Service,BC,Natural Gas,Off road transport,Transport Efficient,market_share_total,,,,annual_tech,%,0,,,,,,,,,,,
CIMS.CAN.BC.Natural Gas.Production.Supply.Extraction.Off road transport,Service,BC,Natural Gas,Off road transport,Transport Efficient,fcc,,,,constant_tech,$,140,140,140,140,140,140,140,140,140,140,140,
CIMS.CAN.BC.Natural Gas.Production.Supply.Extraction.Off road transport,Service,BC,Natural Gas,Off road transport,Transport Efficient,fom,,,,constant_tech,$,5,5,5,5,5,5,5,5,5,5,5,
CIMS.CAN.BC.Natural Gas.Production.Supply.Extraction.Off road transport,Service,BC,Natural Gas,Off road transport,Transport Efficient,service_request,,,CIMS.CAN.BC.Natural Gas.OG Diesel Blend,annual_tech,GJ,0.04,0.04,0.04,0.04,0.04,0.04,0.04,0.04,0.04,0.04,0.04,
CIMS.CAN.BC.Natural Gas.Production.Supply.Extraction.Off road transport,Service,BC,Natural Gas,Off road transport,Transport Efficient,service_request,,,CIMS.CAN.BC.Natural Gas.OG Gasoline Blend,annual_tech,GJ,0.0424,0.0424,0.0424,0.0424,0.0424,0.0424,0.0424,0.0424,0.0424,0.0424,0.0424,
CIMS.CAN.BC.Natural Gas.Production.Supply.Processing,Service,BC,Natural Gas,Processing,,service_provide,,,,constant_tech,1000 m3,,,,,,,,,,,,
CIMS.CAN.BC.Natural Gas.Production.Supply.Processing,Service,BC,Natural Gas,Processing,,competition,Tech Compete,,,,,,,,,,,,,,,,
CIMS.CAN.BC.Natural Gas.Production.Supply.Processing,Service,BC,Natural Gas,Processing,,discount_rate_financial,,,,constant_tech,%,0.35,0.35,0.35,0.35,0.35,0.35,0.35,0.35,0.35,0.35,0.35,
CIMS.CAN.BC.Natural Gas.Production.Supply.Processing,Service,BC,Natural Gas,Processing,,heterogeneity,,,,constant_tech,,10,10,10,10,10,10,10,10,10,10,10,
CIMS.CAN.BC.Natural Gas.Production.Supply.Processing,Service,BC,Natural Gas,Processing,Processing,technology,,,,,,,,,,,,,,,,,
CIMS.CAN.BC.Natural Gas.Production.Supply.Processing,Service,BC,Natural Gas,Processing,Processing,available,,,,constant_tech,Year,1950,1950,1950,1950,1950,1950,1950,1950,1950,1950,1950,
CIMS.CAN.BC.Natural Gas.Production.Supply.Processing,Service,BC,Natural Gas,Processing,Processing,unavailable,,,,constant_tech,Year,2101,2101,2101,2101,2101,2101,2101,2101,2101,2101,2101,
CIMS.CAN.BC.Natural Gas.Production.Supply.Processing,Service,BC,Natural Gas,Processing,Processing,lifetime,,,,constant_tech,Years,50,50,50,50,50,50,50,50,50,50,50,
CIMS.CAN.BC.Natural Gas.Production.Supply.Processing,Service,BC,Natural Gas,Processing,Processing,market_share_total,,,,annual_tech,%,1,,,,,,,,,,,
CIMS.CAN.BC.Natural Gas.Production.Supply.Processing,Service,BC,Natural Gas,Processing,Processing,fcc,,,,constant_tech,$,146,146,146,146,146,146,146,146,146,146,146,
CIMS.CAN.BC.Natural Gas.Production.Supply.Processing,Service,BC,Natural Gas,Processing,Processing,service_request,,,CIMS.CAN.BC.Electricity,annual_tech,GJ,0.112,0.112,0.112,0.112,0.112,0.112,0.112,0.112,0.112,0.112,0.112,
CIMS.CAN.BC.Natural Gas.Production.Supply.Processing,Service,BC,Natural Gas,Processing,Processing,service_request,,,CIMS.CAN.BC.Natural Gas.Production.Supply.Processing.Compression,annual_tech,1000 m3,1,1,1,1,1,1,1,1,1,1,1,
CIMS.CAN.BC.Natural Gas.Production.Supply.Processing,Service,BC,Natural Gas,Processing,Processing,service_request,,,CIMS.CAN.BC.Natural Gas.Production.Supply.Controls,annual_tech,1000 m3,1,1,1,1,1,1,1,1,1,1,1,
CIMS.CAN.BC.Natural Gas.Production.Supply.Processing,Service,BC,Natural Gas,Processing,Processing,service_request,,,CIMS.CAN.BC.Natural Gas.Production.Supply.Pumping,annual_tech,1000 m3,1,1,1,1,1,1,1,1,1,1,1,
CIMS.CAN.BC.Natural Gas.Production.Supply.Processing,Service,BC,Natural Gas,Processing,Processing,service_request,,,CIMS.CAN.BC.Natural Gas.Production.Supply.Formation CO2,annual_region_tech,tCO2,0.002,0.002,0.002,0.002,0.002,0.002,0.002,0.002,0.002,0.002,0.002,
CIMS.CAN.BC.Natural Gas.Production.Supply.Processing,Service,BC,Natural Gas,Processing,Processing,service_request,,,CIMS.CAN.BC.Natural Gas.Production.Supply.Flaring,annual_region_tech,tCO2,0.003,0.003,0.003,0.003,0.003,0.003,0.003,0.003,0.003,0.003,0.003,
CIMS.CAN.BC.Natural Gas.Production.Supply.Processing,Service,BC,Natural Gas,Processing,Processing,service_request,,,CIMS.CAN.BC.Natural Gas.Production.Supply.Venting.Point Venting,annual_region_tech,tCH4,0.00025,0.00025,0.00025,0.00025,0.00025,0.00025,0.00025,0.00025,0.00025,0.00025,0.00025,
CIMS.CAN.BC.Natural Gas.Production.Supply.Processing,Service,BC,Natural Gas,Processing,Processing Efficient,technology,,,,,,,,,,,,,,,,,
CIMS.CAN.BC.Natural Gas.Production.Supply.Processing,Service,BC,Natural Gas,Processing,Processing Efficient,available,,,,constant_tech,Year,2000,2000,2000,2000,2000,2000,2000,2000,2000,2000,2000,
CIMS.CAN.BC.Natural Gas.Production.Supply.Processing,Service,BC,Natural Gas,Processing,Processing Efficient,unavailable,,,,constant_tech,Year,2101,2101,2101,2101,2101,2101,2101,2101,2101,2101,2101,
CIMS.CAN.BC.Natural Gas.Production.Supply.Processing,Service,BC,Natural Gas,Processing,Processing Efficient,lifetime,,,,constant_tech,Years,50,50,50,50,50,50,50,50,50,50,50,
CIMS.CAN.BC.Natural Gas.Production.Supply.Processing,Service,BC,Natural Gas,Processing,Processing Efficient,market_share_total,,,,annual_tech,%,0,,,,,,,,,,,
CIMS.CAN.BC.Natural Gas.Production.Supply.Processing,Service,BC,Natural Gas,Processing,Processing Efficient,fcc,,,,constant_tech,$,160,160,160,160,160,160,160,160,160,160,160,
CIMS.CAN.BC.Natural Gas.Production.Supply.Processing,Service,BC,Natural Gas,Processing,Processing Efficient,service_request,,,CIMS.CAN.BC.Electricity,annual_tech,GJ,0.0896,0.0896,0.0896,0.0896,0.0896,0.0896,0.0896,0.0896,0.0896,0.0896,0.0896,
CIMS.CAN.BC.Natural Gas.Production.Supply.Processing,Service,BC,Natural Gas,Processing,Processing Efficient,service_request,,,CIMS.CAN.BC.Natural Gas.Production.Supply.Processing.Compression,annual_tech,1000 m3,1,1,1,1,1,1,1,1,1,1,1,
CIMS.CAN.BC.Natural Gas.Production.Supply.Processing,Service,BC,Natural Gas,Processing,Processing Efficient,service_request,,,CIMS.CAN.BC.Natural Gas.Production.Supply.Controls,annual_tech,1000 m3,1,1,1,1,1,1,1,1,1,1,1,
CIMS.CAN.BC.Natural Gas.Production.Supply.Processing,Service,BC,Natural Gas,Processing,Processing Efficient,service_request,,,CIMS.CAN.BC.Natural Gas.Production.Supply.Pumping,annual_tech,1000 m3,1,1,1,1,1,1,1,1,1,1,1,
CIMS.CAN.BC.Natural Gas.Production.Supply.Processing,Service,BC,Natural Gas,Processing,Processing Efficient,service_request,,,CIMS.CAN.BC.Natural Gas.Production.Supply.Formation CO2,annual_region_tech,tCO2,0.002,0.002,0.002,0.002,0.002,0.002,0.002,0.002,0.002,0.002,0.002,
CIMS.CAN.BC.Natural Gas.Production.Supply.Processing,Service,BC,Natural Gas,Processing,Processing Efficient,service_request,,,CIMS.CAN.BC.Natural Gas.Production.Supply.Flaring,annual_region_tech,tCO2,0.003,0.003,0.003,0.003,0.003,0.003,0.003,0.003,0.003,0.003,0.003,
CIMS.CAN.BC.Natural Gas.Production.Supply.Processing,Service,BC,Natural Gas,Processing,Processing Efficient,service_request,,,CIMS.CAN.BC.Natural Gas.Production.Supply.Venting.Point Venting,annual_region_tech,tCH4,0.00025,0.00025,0.00025,0.00025,0.00025,0.00025,0.00025,0.00025,0.00025,0.00025,0.00025,
CIMS.CAN.BC.Natural Gas.Production.Supply.Processing.Compression,Service,BC,Natural Gas,Compression,,service_provide,,,,constant_tech,1000 m3,,,,,,,,,,,,
CIMS.CAN.BC.Natural Gas.Production.Supply.Processing.Compression,Service,BC,Natural Gas,Compression,,competition,Tech Compete,,,,,,,,,,,,,,,,
CIMS.CAN.BC.Natural Gas.Production.Supply.Processing.Compression,Service,BC,Natural Gas,Compression,,discount_rate_financial,,,,constant_tech,%,0.35,0.35,0.35,0.35,0.35,0.35,0.35,0.35,0.35,0.35,0.35,
CIMS.CAN.BC.Natural Gas.Production.Supply.Processing.Compression,Service,BC,Natural Gas,Compression,,heterogeneity,,,,constant_tech,,10,10,10,10,10,10,10,10,10,10,10,
CIMS.CAN.BC.Natural Gas.Production.Supply.Processing.Compression,Service,BC,Natural Gas,Compression,Compression,technology,,,,,,,,,,,,,,,,,
CIMS.CAN.BC.Natural Gas.Production.Supply.Processing.Compression,Service,BC,Natural Gas,Compression,Compression,available,,,,constant_tech,Year,1950,1950,1950,1950,1950,1950,1950,1950,1950,1950,1950,
CIMS.CAN.BC.Natural Gas.Production.Supply.Processing.Compression,Service,BC,Natural Gas,Compression,Compression,unavailable,,,,constant_tech,Year,2101,2101,2101,2101,2101,2101,2101,2101,2101,2101,2101,
CIMS.CAN.BC.Natural Gas.Production.Supply.Processing.Compression,Service,BC,Natural Gas,Compression,Compression,lifetime,,,,constant_tech,Years,50,50,50,50,50,50,50,50,50,50,50,
CIMS.CAN.BC.Natural Gas.Production.Supply.Processing.Compression,Service,BC,Natural Gas,Compression,Compression,market_share_total,,,,annual_tech,%,1,,,,,,,,,,,
CIMS.CAN.BC.Natural Gas.Production.Supply.Processing.Compression,Service,BC,Natural Gas,Compression,Compression,fcc,,,,constant_tech,$,410382,410382,410382,410382,410382,410382,410382,410382,410382,410382,410382,
CIMS.CAN.BC.Natural Gas.Production.Supply.Processing.Compression,Service,BC,Natural Gas,Compression,Compression,fom,,,,constant_tech,$,23200,23200,23200,23200,23200,23200,23200,23200,23200,23200,23200,
CIMS.CAN.BC.Natural Gas.Production.Supply.Processing.Compression,Service,BC,Natural Gas,Compression,Compression,service_request,,,CIMS.CAN.BC.Natural Gas.Production.Supply.Direct Heat,annual_tech,GJ,0.144,0.144,0.144,0.144,0.144,0.144,0.144,0.144,0.144,0.144,0.144,
CIMS.CAN.BC.Natural Gas.Production.Supply.Processing.Compression,Service,BC,Natural Gas,Compression,Compression,service_request,,,CIMS.CAN.BC.Natural Gas.Production.Supply.Direct Drive Small,annual_tech,GJ,0.1976,0.1976,0.1976,0.1976,0.1976,0.1976,0.1976,0.1976,0.1976,0.1976,0.1976,
CIMS.CAN.BC.Natural Gas.Production.Supply.Processing.Compression,Service,BC,Natural Gas,Compression,Compression,service_request,,,CIMS.CAN.BC.Natural Gas.Production.Supply.Direct Drive Large,annual_tech,GJ,0.091,0.091,0.091,0.091,0.091,0.091,0.091,0.091,0.091,0.091,0.091,
CIMS.CAN.BC.Natural Gas.Production.Supply.Processing.Compression,Service,BC,Natural Gas,Compression,Compression Efficient,technology,,,,,,,,,,,,,,,,,
CIMS.CAN.BC.Natural Gas.Production.Supply.Processing.Compression,Service,BC,Natural Gas,Compression,Compression Efficient,available,,,,constant_tech,Year,2000,2000,2000,2000,2000,2000,2000,2000,2000,2000,2000,
CIMS.CAN.BC.Natural Gas.Production.Supply.Processing.Compression,Service,BC,Natural Gas,Compression,Compression Efficient,unavailable,,,,constant_tech,Year,2101,2101,2101,2101,2101,2101,2101,2101,2101,2101,2101,
CIMS.CAN.BC.Natural Gas.Production.Supply.Processing.Compression,Service,BC,Natural Gas,Compression,Compression Efficient,lifetime,,,,constant_tech,Years,50,50,50,50,50,50,50,50,50,50,50,
CIMS.CAN.BC.Natural Gas.Production.Supply.Processing.Compression,Service,BC,Natural Gas,Compression,Compression Efficient,market_share_total,,,,annual_tech,%,0,,,,,,,,,,,
CIMS.CAN.BC.Natural Gas.Production.Supply.Processing.Compression,Service,BC,Natural Gas,Compression,Compression Efficient,fcc,,,,constant_tech,$,584655,584655,584655,584655,584655,584655,584655,584655,584655,584655,584655,
CIMS.CAN.BC.Natural Gas.Production.Supply.Processing.Compression,Service,BC,Natural Gas,Compression,Compression Efficient,fom,,,,constant_tech,$,23200,23200,23200,23200,23200,23200,23200,23200,23200,23200,23200,
CIMS.CAN.BC.Natural Gas.Production.Supply.Processing.Compression,Service,BC,Natural Gas,Compression,Compression Efficient,service_request,,,CIMS.CAN.BC.Natural Gas.Production.Supply.Direct Heat,annual_tech,GJ,0.1152,0.1152,0.1152,0.1152,0.1152,0.1152,0.1152,0.1152,0.1152,0.1152,0.1152,
CIMS.CAN.BC.Natural Gas.Production.Supply.Processing.Compression,Service,BC,Natural Gas,Compression,Compression Efficient,service_request,,,CIMS.CAN.BC.Natural Gas.Production.Supply.Direct Drive Small,annual_tech,GJ,0.15808,0.15808,0.15808,0.15808,0.15808,0.15808,0.15808,0.15808,0.15808,0.15808,0.15808,
CIMS.CAN.BC.Natural Gas.Production.Supply.Processing.Compression,Service,BC,Natural Gas,Compression,Compression Efficient,service_request,,,CIMS.CAN.BC.Natural Gas.Production.Supply.Direct Drive Large,annual_tech,GJ,0.0728,0.0728,0.0728,0.0728,0.0728,0.0728,0.0728,0.0728,0.0728,0.0728,0.0728,
CIMS.CAN.BC.Natural Gas.Production.Supply.LNG Compression,Service,BC,Natural Gas,LNG Compression,,service_provide,,,,constant_tech,1000 m3,,,,,,,,,,,,
CIMS.CAN.BC.Natural Gas.Production.Supply.LNG Compression,Service,BC,Natural Gas,LNG Compression,,competition,Tech Compete,,,,,,,,,,,,,,,,
CIMS.CAN.BC.Natural Gas.Production.Supply.LNG Compression,Service,BC,Natural Gas,LNG Compression,,discount_rate_financial,,,,constant_tech,%,0.35,0.35,0.35,0.35,0.35,0.35,0.35,0.35,0.35,0.35,0.35,
CIMS.CAN.BC.Natural Gas.Production.Supply.LNG Compression,Service,BC,Natural Gas,LNG Compression,,heterogeneity,,,,constant_tech,,10,10,10,10,10,10,10,10,10,10,10,
CIMS.CAN.BC.Natural Gas.Production.Supply.LNG Compression,Service,BC,Natural Gas,LNG Compression,Natural Gas,technology,,,,,,,,,,,,,,,,,
CIMS.CAN.BC.Natural Gas.Production.Supply.LNG Compression,Service,BC,Natural Gas,LNG Compression,Natural Gas,available,,,,constant_tech,Year,2000,2000,2000,2000,2000,2000,2000,2000,2000,2000,2000,
CIMS.CAN.BC.Natural Gas.Production.Supply.LNG Compression,Service,BC,Natural Gas,LNG Compression,Natural Gas,unavailable,,,,constant_tech,Year,2101,2101,2101,2101,2101,2101,2101,2101,2101,2101,2101,
CIMS.CAN.BC.Natural Gas.Production.Supply.LNG Compression,Service,BC,Natural Gas,LNG Compression,Natural Gas,lifetime,,,,constant_tech,Years,30,30,30,30,30,30,30,30,30,30,30,
CIMS.CAN.BC.Natural Gas.Production.Supply.LNG Compression,Service,BC,Natural Gas,LNG Compression,Natural Gas,market_share_total,,,,annual_tech,%,1,,,,,,,,,,,
CIMS.CAN.BC.Natural Gas.Production.Supply.LNG Compression,Service,BC,Natural Gas,LNG Compression,Natural Gas,service_request,,,CIMS.Generic Fuels.Natural Gas,annual_tech,GJ,3.92799784636391,3.92799784636391,3.92799784636391,3.92799784636391,3.92799784636391,3.92799784636391,3.92799784636391,3.92799784636391,3.92799784636391,3.92799784636391,3.92799784636391,
CIMS.CAN.BC.Natural Gas.Production.Supply.LNG Compression,Service,BC,Natural Gas,LNG Compression,Electric,technology,,,,,,,,,,,,,,,,,
CIMS.CAN.BC.Natural Gas.Production.Supply.LNG Compression,Service,BC,Natural Gas,LNG Compression,Electric,available,,,,constant_tech,Year,2015,2015,2015,2015,2015,2015,2015,2015,2015,2015,2015,
CIMS.CAN.BC.Natural Gas.Production.Supply.LNG Compression,Service,BC,Natural Gas,LNG Compression,Electric,unavailable,,,,constant_tech,Year,2101,2101,2101,2101,2101,2101,2101,2101,2101,2101,2101,
CIMS.CAN.BC.Natural Gas.Production.Supply.LNG Compression,Service,BC,Natural Gas,LNG Compression,Electric,lifetime,,,,constant_tech,Years,30,30,30,30,30,30,30,30,30,30,30,
CIMS.CAN.BC.Natural Gas.Production.Supply.LNG Compression,Service,BC,Natural Gas,LNG Compression,Electric,market_share_total,,,,annual_tech,%,0,,,,,,,,,,,
CIMS.CAN.BC.Natural Gas.Production.Supply.LNG Compression,Service,BC,Natural Gas,LNG Compression,Electric,service_request,,,CIMS.CAN.BC.Electricity,annual_tech,GJ,1.76139692900108,1.76139692900108,1.76139692900108,1.76139692900108,1.76139692900108,1.76139692900108,1.76139692900108,1.76139692900108,1.76139692900108,1.76139692900108,1.76139692900108,
CIMS.CAN.BC.Natural Gas.Production.Supply.Direct Heat,Service,BC,Natural Gas,Direct Heat,,service_provide,,,,constant_tech,GJ,,,,,,,,,,,,
CIMS.CAN.BC.Natural Gas.Production.Supply.Direct Heat,Service,BC,Natural Gas,Direct Heat,,competition,Tech Compete,,,,,,,,,,,,,,,,
CIMS.CAN.BC.Natural Gas.Production.Supply.Direct Heat,Service,BC,Natural Gas,Direct Heat,,discount_rate_financial,,,,constant_tech,%,0.35,0.35,0.35,0.35,0.35,0.35,0.35,0.35,0.35,0.35,0.35,
CIMS.CAN.BC.Natural Gas.Production.Supply.Direct Heat,Service,BC,Natural Gas,Direct Heat,,heterogeneity,,,,constant_tech,,10,10,10,10,10,10,10,10,10,10,10,
CIMS.CAN.BC.Natural Gas.Production.Supply.Direct Heat,Service,BC,Natural Gas,Direct Heat,Boiler,technology,,,,,,,,,,,,,,,,,
CIMS.CAN.BC.Natural Gas.Production.Supply.Direct Heat,Service,BC,Natural Gas,Direct Heat,Boiler,available,,,,constant_tech,Year,2000,2000,2000,2000,2000,2000,2000,2000,2000,2000,2000,
CIMS.CAN.BC.Natural Gas.Production.Supply.Direct Heat,Service,BC,Natural Gas,Direct Heat,Boiler,unavailable,,,,constant_tech,Year,2101,2101,2101,2101,2101,2101,2101,2101,2101,2101,2101,
CIMS.CAN.BC.Natural Gas.Production.Supply.Direct Heat,Service,BC,Natural Gas,Direct Heat,Boiler,lifetime,,,,constant_tech,Years,25,25,25,25,25,25,25,25,25,25,25,
CIMS.CAN.BC.Natural Gas.Production.Supply.Direct Heat,Service,BC,Natural Gas,Direct Heat,Boiler,market_share_total,,,,annual_tech,%,0.85,,,,,,,,,,,
CIMS.CAN.BC.Natural Gas.Production.Supply.Direct Heat,Service,BC,Natural Gas,Direct Heat,Boiler,output,,,,constant_tech,GJ,200000,200000,200000,200000,200000,200000,200000,200000,200000,200000,200000,
CIMS.CAN.BC.Natural Gas.Production.Supply.Direct Heat,Service,BC,Natural Gas,Direct Heat,Boiler,fcc,,,,constant_tech,$,3236524,3236524,3236524,3236524,3236524,3236524,3236524,3236524,3236524,3236524,3236524,
CIMS.CAN.BC.Natural Gas.Production.Supply.Direct Heat,Service,BC,Natural Gas,Direct Heat,Boiler,fom,,,,constant_tech,$,323652,323652,323652,323652,323652,323652,323652,323652,323652,323652,323652,
CIMS.CAN.BC.Natural Gas.Production.Supply.Direct Heat,Service,BC,Natural Gas,Direct Heat,Boiler,service_request,,,CIMS.CAN.BC.Natural Gas.OG Methane Blend,annual_tech,GJ,1.33,1.33,1.33,1.33,1.33,1.33,1.33,1.33,1.33,1.33,1.33,
CIMS.CAN.BC.Natural Gas.Production.Supply.Direct Heat,Service,BC,Natural Gas,Direct Heat,Boiler Efficient,technology,,,,,,,,,,,,,,,,,
CIMS.CAN.BC.Natural Gas.Production.Supply.Direct Heat,Service,BC,Natural Gas,Direct Heat,Boiler Efficient,available,,,,constant_tech,Year,2010,2010,2010,2010,2010,2010,2010,2010,2010,2010,2010,
CIMS.CAN.BC.Natural Gas.Production.Supply.Direct Heat,Service,BC,Natural Gas,Direct Heat,Boiler Efficient,unavailable,,,,constant_tech,Year,2101,2101,2101,2101,2101,2101,2101,2101,2101,2101,2101,
CIMS.CAN.BC.Natural Gas.Production.Supply.Direct Heat,Service,BC,Natural Gas,Direct Heat,Boiler Efficient,lifetime,,,,constant_tech,Years,25,25,25,25,25,25,25,25,25,25,25,
CIMS.CAN.BC.Natural Gas.Production.Supply.Direct Heat,Service,BC,Natural Gas,Direct Heat,Boiler Efficient,market_share_total,,,,annual_tech,%,0,,,,,,,,,,,
CIMS.CAN.BC.Natural Gas.Production.Supply.Direct Heat,Service,BC,Natural Gas,Direct Heat,Boiler Efficient,output,,,,constant_tech,GJ,200000,200000,200000,200000,200000,200000,200000,200000,200000,200000,200000,
CIMS.CAN.BC.Natural Gas.Production.Supply.Direct Heat,Service,BC,Natural Gas,Direct Heat,Boiler Efficient,fcc,,,,constant_tech,$,3560177,3560177,3560177,3560177,3560177,3560177,3560177,3560177,3560177,3560177,3560177,
CIMS.CAN.BC.Natural Gas.Production.Supply.Direct Heat,Service,BC,Natural Gas,Direct Heat,Boiler Efficient,fom,,,,constant_tech,$,356017,356017,356017,356017,356017,356017,356017,356017,356017,356017,356017,
CIMS.CAN.BC.Natural Gas.Production.Supply.Direct Heat,Service,BC,Natural Gas,Direct Heat,Boiler Efficient,service_request,,,CIMS.CAN.BC.Natural Gas.OG Methane Blend,annual_tech,GJ,1.21,1.21,1.21,1.21,1.21,1.21,1.21,1.21,1.21,1.21,1.21,
CIMS.CAN.BC.Natural Gas.Production.Supply.Direct Heat,Service,BC,Natural Gas,Direct Heat,Cogeneration,technology,,,,,,,,,,,,,,,,,
CIMS.CAN.BC.Natural Gas.Production.Supply.Direct Heat,Service,BC,Natural Gas,Direct Heat,Cogeneration,available,,,,constant_tech,Year,2000,2000,2000,2000,2000,2000,2000,2000,2000,2000,2000,
CIMS.CAN.BC.Natural Gas.Production.Supply.Direct Heat,Service,BC,Natural Gas,Direct Heat,Cogeneration,unavailable,,,,constant_tech,Year,2101,2101,2101,2101,2101,2101,2101,2101,2101,2101,2101,
CIMS.CAN.BC.Natural Gas.Production.Supply.Direct Heat,Service,BC,Natural Gas,Direct Heat,Cogeneration,lifetime,,,,constant_tech,Years,25,25,25,25,25,25,25,25,25,25,25,
CIMS.CAN.BC.Natural Gas.Production.Supply.Direct Heat,Service,BC,Natural Gas,Direct Heat,Cogeneration,market_share_total,,,,annual_tech,%,0.15,,,,,,,,,,,
CIMS.CAN.BC.Natural Gas.Production.Supply.Direct Heat,Service,BC,Natural Gas,Direct Heat,Cogeneration,output,,,,constant_tech,GJ,200000,200000,200000,200000,200000,200000,200000,200000,200000,200000,200000,
CIMS.CAN.BC.Natural Gas.Production.Supply.Direct Heat,Service,BC,Natural Gas,Direct Heat,Cogeneration,fcc,,,,constant_tech,$,6732243,6732243,6732243,6732243,6732243,6732243,6732243,6732243,6732243,6732243,6732243,
CIMS.CAN.BC.Natural Gas.Production.Supply.Direct Heat,Service,BC,Natural Gas,Direct Heat,Cogeneration,fom,,,,constant_tech,$,673224,673224,673224,673224,673224,673224,673224,673224,673224,673224,673224,
CIMS.CAN.BC.Natural Gas.Production.Supply.Direct Heat,Service,BC,Natural Gas,Direct Heat,Cogeneration,service_request,,,CIMS.CAN.BC.Natural Gas.OG Methane Blend,annual_tech,GJ,1.21,1.21,1.21,1.21,1.21,1.21,1.21,1.21,1.21,1.21,1.21,
CIMS.CAN.BC.Natural Gas.Production.Supply.Direct Heat,Service,BC,Natural Gas,Direct Heat,Cogeneration,service_request,,,CIMS.CAN.BC.Electricity,annual_tech,GJ,-0.14,-0.14,-0.14,-0.14,-0.14,-0.14,-0.14,-0.14,-0.14,-0.14,-0.14,
CIMS.CAN.BC.Natural Gas.Production.Supply.Direct Heat,Service,BC,Natural Gas,Direct Heat,Boiler Efficient CCS,technology,,,,,,,,,,,,,,,,,
CIMS.CAN.BC.Natural Gas.Production.Supply.Direct Heat,Service,BC,Natural Gas,Direct Heat,Boiler Efficient CCS,available,,,,constant_tech,Year,2015,2015,2015,2015,2015,2015,2015,2015,2015,2015,2015,
CIMS.CAN.BC.Natural Gas.Production.Supply.Direct Heat,Service,BC,Natural Gas,Direct Heat,Boiler Efficient CCS,unavailable,,,,constant_tech,Year,2101,2101,2101,2101,2101,2101,2101,2101,2101,2101,2101,
CIMS.CAN.BC.Natural Gas.Production.Supply.Direct Heat,Service,BC,Natural Gas,Direct Heat,Boiler Efficient CCS,lifetime,,,,constant_tech,Years,25,25,25,25,25,25,25,25,25,25,25,
CIMS.CAN.BC.Natural Gas.Production.Supply.Direct Heat,Service,BC,Natural Gas,Direct Heat,Boiler Efficient CCS,market_share_total,,,,annual_tech,%,0,,,,,,,,,,,
CIMS.CAN.BC.Natural Gas.Production.Supply.Direct Heat,Service,BC,Natural Gas,Direct Heat,Boiler Efficient CCS,output,,,,constant_tech,GJ,200000,200000,200000,200000,200000,200000,200000,200000,200000,200000,200000,
CIMS.CAN.BC.Natural Gas.Production.Supply.Direct Heat,Service,BC,Natural Gas,Direct Heat,Boiler Efficient CCS,fcc,,,,constant_tech,$,3560177,3560177,3560177,3560177,3560177,3560177,3560177,3560177,3560177,3560177,3560177,
CIMS.CAN.BC.Natural Gas.Production.Supply.Direct Heat,Service,BC,Natural Gas,Direct Heat,Boiler Efficient CCS,fom,,,,constant_tech,$,521677,521677,521677,521677,521677,521677,521677,521677,521677,521677,521677,
CIMS.CAN.BC.Natural Gas.Production.Supply.Direct Heat,Service,BC,Natural Gas,Direct Heat,Boiler Efficient CCS,service_request,,,CIMS.Generic Fuels.Natural Gas,annual_tech,GJ,1.21,1.21,1.21,1.21,1.21,1.21,1.21,1.21,1.21,1.21,1.21,
CIMS.CAN.BC.Natural Gas.Production.Supply.Direct Heat,Service,BC,Natural Gas,Direct Heat,Boiler Efficient CCS,service_request,,,CIMS.CAN.BC.Natural Gas.Production.Supply.CCS,annual_tech,tCO2,0.05925432725613,0.05925432725613,0.05925432725613,0.05925432725613,0.05925432725613,0.05925432725613,0.05925432725613,0.05925432725613,0.05925432725613,0.05925432725613,0.05925432725613,
CIMS.CAN.BC.Natural Gas.Production.Supply.Direct Drive Small,Service,BC,Natural Gas,Direct Drive Small,,service_provide,,,,constant_tech,GJ,,,,,,,,,,,,
CIMS.CAN.BC.Natural Gas.Production.Supply.Direct Drive Small,Service,BC,Natural Gas,Direct Drive Small,,competition,Tech Compete,,,,,,,,,,,,,,,,
CIMS.CAN.BC.Natural Gas.Production.Supply.Direct Drive Small,Service,BC,Natural Gas,Direct Drive Small,,discount_rate_financial,,,,constant_tech,%,0.35,0.35,0.35,0.35,0.35,0.35,0.35,0.35,0.35,0.35,0.35,
CIMS.CAN.BC.Natural Gas.Production.Supply.Direct Drive Small,Service,BC,Natural Gas,Direct Drive Small,,heterogeneity,,,,constant_tech,,10,10,10,10,10,10,10,10,10,10,10,
CIMS.CAN.BC.Natural Gas.Production.Supply.Direct Drive Small,Service,BC,Natural Gas,Direct Drive Small,Reciprocating compressor,technology,,,,,,,,,,,,,,,,,
CIMS.CAN.BC.Natural Gas.Production.Supply.Direct Drive Small,Service,BC,Natural Gas,Direct Drive Small,Reciprocating compressor,available,,,,constant_tech,Year,2000,2000,2000,2000,2000,2000,2000,2000,2000,2000,2000,
CIMS.CAN.BC.Natural Gas.Production.Supply.Direct Drive Small,Service,BC,Natural Gas,Direct Drive Small,Reciprocating compressor,unavailable,,,,constant_tech,Year,2101,2101,2101,2101,2101,2101,2101,2101,2101,2101,2101,
CIMS.CAN.BC.Natural Gas.Production.Supply.Direct Drive Small,Service,BC,Natural Gas,Direct Drive Small,Reciprocating compressor,lifetime,,,,constant_tech,Years,10,10,10,10,10,10,10,10,10,10,10,
CIMS.CAN.BC.Natural Gas.Production.Supply.Direct Drive Small,Service,BC,Natural Gas,Direct Drive Small,Reciprocating compressor,market_share_total,,,,annual_tech,%,1,,,,,,,,,,,
CIMS.CAN.BC.Natural Gas.Production.Supply.Direct Drive Small,Service,BC,Natural Gas,Direct Drive Small,Reciprocating compressor,fcc,,,,constant_tech,$,161,161,161,161,161,161,161,161,161,161,161,
CIMS.CAN.BC.Natural Gas.Production.Supply.Direct Drive Small,Service,BC,Natural Gas,Direct Drive Small,Reciprocating compressor,fom,,,,constant_tech,$,16,16,16,16,16,16,16,16,16,16,16,
CIMS.CAN.BC.Natural Gas.Production.Supply.Direct Drive Small,Service,BC,Natural Gas,Direct Drive Small,Reciprocating compressor,service_request,,,CIMS.CAN.BC.Natural Gas.OG Methane Blend,annual_tech,GJ,5.679,5.679,5.679,5.679,5.679,5.679,5.679,5.679,5.679,5.679,5.679,
CIMS.CAN.BC.Natural Gas.Production.Supply.Direct Drive Small,Service,BC,Natural Gas,Direct Drive Small,Reciprocating compressor Efficient,technology,,,,,,,,,,,,,,,,,
CIMS.CAN.BC.Natural Gas.Production.Supply.Direct Drive Small,Service,BC,Natural Gas,Direct Drive Small,Reciprocating compressor Efficient,available,,,,constant_tech,Year,2010,2010,2010,2010,2010,2010,2010,2010,2010,2010,2010,
CIMS.CAN.BC.Natural Gas.Production.Supply.Direct Drive Small,Service,BC,Natural Gas,Direct Drive Small,Reciprocating compressor Efficient,unavailable,,,,constant_tech,Year,2101,2101,2101,2101,2101,2101,2101,2101,2101,2101,2101,
CIMS.CAN.BC.Natural Gas.Production.Supply.Direct Drive Small,Service,BC,Natural Gas,Direct Drive Small,Reciprocating compressor Efficient,lifetime,,,,constant_tech,Years,10,10,10,10,10,10,10,10,10,10,10,
CIMS.CAN.BC.Natural Gas.Production.Supply.Direct Drive Small,Service,BC,Natural Gas,Direct Drive Small,Reciprocating compressor Efficient,market_share_total,,,,annual_tech,%,0,,,,,,,,,,,
CIMS.CAN.BC.Natural Gas.Production.Supply.Direct Drive Small,Service,BC,Natural Gas,Direct Drive Small,Reciprocating compressor Efficient,fcc,,,,constant_tech,$,200,200,200,200,200,200,200,200,200,200,200,
CIMS.CAN.BC.Natural Gas.Production.Supply.Direct Drive Small,Service,BC,Natural Gas,Direct Drive Small,Reciprocating compressor Efficient,fom,,,,constant_tech,$,16,16,16,16,16,16,16,16,16,16,16,
CIMS.CAN.BC.Natural Gas.Production.Supply.Direct Drive Small,Service,BC,Natural Gas,Direct Drive Small,Reciprocating compressor Efficient,service_request,,,CIMS.CAN.BC.Natural Gas.OG Methane Blend,annual_tech,GJ,5.1102,5.1102,5.1102,5.1102,5.1102,5.1102,5.1102,5.1102,5.1102,5.1102,5.1102,
CIMS.CAN.BC.Natural Gas.Production.Supply.Direct Drive Small,Service,BC,Natural Gas,Direct Drive Small,Reciprocating compressor Electric,technology,,,,,,,,,,,,,,,,,
CIMS.CAN.BC.Natural Gas.Production.Supply.Direct Drive Small,Service,BC,Natural Gas,Direct Drive Small,Reciprocating compressor Electric,available,,,,constant_tech,Year,2010,2010,2010,2010,2010,2010,2010,2010,2010,2010,2010,
CIMS.CAN.BC.Natural Gas.Production.Supply.Direct Drive Small,Service,BC,Natural Gas,Direct Drive Small,Reciprocating compressor Electric,unavailable,,,,constant_tech,Year,2101,2101,2101,2101,2101,2101,2101,2101,2101,2101,2101,
CIMS.CAN.BC.Natural Gas.Production.Supply.Direct Drive Small,Service,BC,Natural Gas,Direct Drive Small,Reciprocating compressor Electric,lifetime,,,,constant_tech,Years,10,10,10,10,10,10,10,10,10,10,10,
CIMS.CAN.BC.Natural Gas.Production.Supply.Direct Drive Small,Service,BC,Natural Gas,Direct Drive Small,Reciprocating compressor Electric,market_share_total,,,,annual_tech,%,0,,,,,,,,,,,
CIMS.CAN.BC.Natural Gas.Production.Supply.Direct Drive Small,Service,BC,Natural Gas,Direct Drive Small,Reciprocating compressor Electric,fcc,,,,constant_tech,$,242,242,242,242,242,242,242,242,242,242,242,
CIMS.CAN.BC.Natural Gas.Production.Supply.Direct Drive Small,Service,BC,Natural Gas,Direct Drive Small,Reciprocating compressor Electric,fom,,,,constant_tech,$,8,8,8,8,8,8,8,8,8,8,8,
CIMS.CAN.BC.Natural Gas.Production.Supply.Direct Drive Small,Service,BC,Natural Gas,Direct Drive Small,Reciprocating compressor Electric,service_request,,,CIMS.CAN.BC.Electricity,annual_tech,GJ,2.15166315789474,2.15166315789474,2.15166315789474,2.15166315789474,2.15166315789474,2.15166315789474,2.15166315789474,2.15166315789474,2.15166315789474,2.15166315789474,2.15166315789474,
CIMS.CAN.BC.Natural Gas.Production.Supply.Direct Drive Large,Service,BC,Natural Gas,Direct Drive Large,,service_provide,,,,constant_tech,GJ,,,,,,,,,,,,
CIMS.CAN.BC.Natural Gas.Production.Supply.Direct Drive Large,Service,BC,Natural Gas,Direct Drive Large,,competition,Tech Compete,,,,,,,,,,,,,,,,
CIMS.CAN.BC.Natural Gas.Production.Supply.Direct Drive Large,Service,BC,Natural Gas,Direct Drive Large,,discount_rate_financial,,,,constant_tech,%,0.35,0.35,0.35,0.35,0.35,0.35,0.35,0.35,0.35,0.35,0.35,
CIMS.CAN.BC.Natural Gas.Production.Supply.Direct Drive Large,Service,BC,Natural Gas,Direct Drive Large,,heterogeneity,,,,constant_tech,,10,10,10,10,10,10,10,10,10,10,10,
CIMS.CAN.BC.Natural Gas.Production.Supply.Direct Drive Large,Service,BC,Natural Gas,Direct Drive Large,Natural Gas turbine,technology,,,,,,,,,,,,,,,,,
CIMS.CAN.BC.Natural Gas.Production.Supply.Direct Drive Large,Service,BC,Natural Gas,Direct Drive Large,Natural Gas turbine,available,,,,constant_tech,Year,2000,2000,2000,2000,2000,2000,2000,2000,2000,2000,2000,
CIMS.CAN.BC.Natural Gas.Production.Supply.Direct Drive Large,Service,BC,Natural Gas,Direct Drive Large,Natural Gas turbine,unavailable,,,,constant_tech,Year,2101,2101,2101,2101,2101,2101,2101,2101,2101,2101,2101,
CIMS.CAN.BC.Natural Gas.Production.Supply.Direct Drive Large,Service,BC,Natural Gas,Direct Drive Large,Natural Gas turbine,lifetime,,,,constant_tech,Years,30,30,30,30,30,30,30,30,30,30,30,
CIMS.CAN.BC.Natural Gas.Production.Supply.Direct Drive Large,Service,BC,Natural Gas,Direct Drive Large,Natural Gas turbine,market_share_total,,,,annual_tech,%,1,,,,,,,,,,,
CIMS.CAN.BC.Natural Gas.Production.Supply.Direct Drive Large,Service,BC,Natural Gas,Direct Drive Large,Natural Gas turbine,fcc,,,,constant_tech,$,116,116,116,116,116,116,116,116,116,116,116,
CIMS.CAN.BC.Natural Gas.Production.Supply.Direct Drive Large,Service,BC,Natural Gas,Direct Drive Large,Natural Gas turbine,fom,,,,constant_tech,$,12,12,12,12,12,12,12,12,12,12,12,
CIMS.CAN.BC.Natural Gas.Production.Supply.Direct Drive Large,Service,BC,Natural Gas,Direct Drive Large,Natural Gas turbine,service_request,,,CIMS.CAN.BC.Natural Gas.OG Methane Blend,annual_tech,GJ,3.85,3.85,3.85,3.85,3.85,3.85,3.85,3.85,3.85,3.85,3.85,
CIMS.CAN.BC.Natural Gas.Production.Supply.Direct Drive Large,Service,BC,Natural Gas,Direct Drive Large,Natural Gas turbine Eff 2010,technology,,,,,,,,,,,,,,,,,
CIMS.CAN.BC.Natural Gas.Production.Supply.Direct Drive Large,Service,BC,Natural Gas,Direct Drive Large,Natural Gas turbine Eff 2010,available,,,,constant_tech,Year,2010,2010,2010,2010,2010,2010,2010,2010,2010,2010,2010,
CIMS.CAN.BC.Natural Gas.Production.Supply.Direct Drive Large,Service,BC,Natural Gas,Direct Drive Large,Natural Gas turbine Eff 2010,unavailable,,,,constant_tech,Year,2101,2101,2101,2101,2101,2101,2101,2101,2101,2101,2101,
CIMS.CAN.BC.Natural Gas.Production.Supply.Direct Drive Large,Service,BC,Natural Gas,Direct Drive Large,Natural Gas turbine Eff 2010,lifetime,,,,constant_tech,Years,30,30,30,30,30,30,30,30,30,30,30,
CIMS.CAN.BC.Natural Gas.Production.Supply.Direct Drive Large,Service,BC,Natural Gas,Direct Drive Large,Natural Gas turbine Eff 2010,market_share_total,,,,annual_tech,%,0,,,,,,,,,,,
CIMS.CAN.BC.Natural Gas.Production.Supply.Direct Drive Large,Service,BC,Natural Gas,Direct Drive Large,Natural Gas turbine Eff 2010,fcc,,,,constant_tech,$,116,116,116,116,116,116,116,116,116,116,116,
CIMS.CAN.BC.Natural Gas.Production.Supply.Direct Drive Large,Service,BC,Natural Gas,Direct Drive Large,Natural Gas turbine Eff 2010,fom,,,,constant_tech,$,12,12,12,12,12,12,12,12,12,12,12,
CIMS.CAN.BC.Natural Gas.Production.Supply.Direct Drive Large,Service,BC,Natural Gas,Direct Drive Large,Natural Gas turbine Eff 2010,service_request,,,CIMS.CAN.BC.Natural Gas.OG Methane Blend,annual_tech,GJ,2.82,2.82,2.82,2.82,2.82,2.82,2.82,2.82,2.82,2.82,2.82,
CIMS.CAN.BC.Natural Gas.Production.Supply.Direct Drive Large,Service,BC,Natural Gas,Direct Drive Large,Natural Gas turbine Eff 2020,technology,,,,,,,,,,,,,,,,,
CIMS.CAN.BC.Natural Gas.Production.Supply.Direct Drive Large,Service,BC,Natural Gas,Direct Drive Large,Natural Gas turbine Eff 2020,available,,,,constant_tech,Year,2020,2020,2020,2020,2020,2020,2020,2020,2020,2020,2020,
CIMS.CAN.BC.Natural Gas.Production.Supply.Direct Drive Large,Service,BC,Natural Gas,Direct Drive Large,Natural Gas turbine Eff 2020,unavailable,,,,constant_tech,Year,2101,2101,2101,2101,2101,2101,2101,2101,2101,2101,2101,
CIMS.CAN.BC.Natural Gas.Production.Supply.Direct Drive Large,Service,BC,Natural Gas,Direct Drive Large,Natural Gas turbine Eff 2020,lifetime,,,,constant_tech,Years,30,30,30,30,30,30,30,30,30,30,30,
CIMS.CAN.BC.Natural Gas.Production.Supply.Direct Drive Large,Service,BC,Natural Gas,Direct Drive Large,Natural Gas turbine Eff 2020,market_share_total,,,,annual_tech,%,0,,,,,,,,,,,
CIMS.CAN.BC.Natural Gas.Production.Supply.Direct Drive Large,Service,BC,Natural Gas,Direct Drive Large,Natural Gas turbine Eff 2020,fcc,,,,constant_tech,$,116,116,116,116,116,116,116,116,116,116,116,
CIMS.CAN.BC.Natural Gas.Production.Supply.Direct Drive Large,Service,BC,Natural Gas,Direct Drive Large,Natural Gas turbine Eff 2020,fom,,,,constant_tech,$,12,12,12,12,12,12,12,12,12,12,12,
CIMS.CAN.BC.Natural Gas.Production.Supply.Direct Drive Large,Service,BC,Natural Gas,Direct Drive Large,Natural Gas turbine Eff 2020,service_request,,,CIMS.CAN.BC.Natural Gas.OG Methane Blend,annual_tech,GJ,2.67,2.67,2.67,2.67,2.67,2.67,2.67,2.67,2.67,2.67,2.67,
CIMS.CAN.BC.Natural Gas.Production.Supply.Direct Drive Large,Service,BC,Natural Gas,Direct Drive Large,Natural Gas turbine Eff 2030,technology,,,,,,,,,,,,,,,,,
CIMS.CAN.BC.Natural Gas.Production.Supply.Direct Drive Large,Service,BC,Natural Gas,Direct Drive Large,Natural Gas turbine Eff 2030,available,,,,constant_tech,Year,2030,2030,2030,2030,2030,2030,2030,2030,2030,2030,2030,
CIMS.CAN.BC.Natural Gas.Production.Supply.Direct Drive Large,Service,BC,Natural Gas,Direct Drive Large,Natural Gas turbine Eff 2030,unavailable,,,,constant_tech,Year,2101,2101,2101,2101,2101,2101,2101,2101,2101,2101,2101,
CIMS.CAN.BC.Natural Gas.Production.Supply.Direct Drive Large,Service,BC,Natural Gas,Direct Drive Large,Natural Gas turbine Eff 2030,lifetime,,,,constant_tech,Years,30,30,30,30,30,30,30,30,30,30,30,
CIMS.CAN.BC.Natural Gas.Production.Supply.Direct Drive Large,Service,BC,Natural Gas,Direct Drive Large,Natural Gas turbine Eff 2030,market_share_total,,,,annual_tech,%,0,,,,,,,,,,,
CIMS.CAN.BC.Natural Gas.Production.Supply.Direct Drive Large,Service,BC,Natural Gas,Direct Drive Large,Natural Gas turbine Eff 2030,fcc,,,,constant_tech,$,116,116,116,116,116,116,116,116,116,116,116,
CIMS.CAN.BC.Natural Gas.Production.Supply.Direct Drive Large,Service,BC,Natural Gas,Direct Drive Large,Natural Gas turbine Eff 2030,fom,,,,constant_tech,$,12,12,12,12,12,12,12,12,12,12,12,
CIMS.CAN.BC.Natural Gas.Production.Supply.Direct Drive Large,Service,BC,Natural Gas,Direct Drive Large,Natural Gas turbine Eff 2030,service_request,,,CIMS.CAN.BC.Natural Gas.OG Methane Blend,annual_tech,GJ,2.6,2.6,2.6,2.6,2.6,2.6,2.6,2.6,2.6,2.6,2.6,
CIMS.CAN.BC.Natural Gas.Production.Supply.Direct Drive Large,Service,BC,Natural Gas,Direct Drive Large,Std AC motor 500 hp,technology,,,,,,,,,,,,,,,,,
CIMS.CAN.BC.Natural Gas.Production.Supply.Direct Drive Large,Service,BC,Natural Gas,Direct Drive Large,Std AC motor 500 hp,available,,,,constant_tech,Year,2010,2010,2010,2010,2010,2010,2010,2010,2010,2010,2010,
CIMS.CAN.BC.Natural Gas.Production.Supply.Direct Drive Large,Service,BC,Natural Gas,Direct Drive Large,Std AC motor 500 hp,unavailable,,,,constant_tech,Year,2101,2101,2101,2101,2101,2101,2101,2101,2101,2101,2101,
CIMS.CAN.BC.Natural Gas.Production.Supply.Direct Drive Large,Service,BC,Natural Gas,Direct Drive Large,Std AC motor 500 hp,lifetime,,,,constant_tech,Years,30,30,30,30,30,30,30,30,30,30,30,
CIMS.CAN.BC.Natural Gas.Production.Supply.Direct Drive Large,Service,BC,Natural Gas,Direct Drive Large,Std AC motor 500 hp,market_share_total,,,,annual_tech,%,0,,,,,,,,,,,
CIMS.CAN.BC.Natural Gas.Production.Supply.Direct Drive Large,Service,BC,Natural Gas,Direct Drive Large,Std AC motor 500 hp,fcc,,,,constant_tech,$,175,175,175,175,175,175,175,175,175,175,175,
CIMS.CAN.BC.Natural Gas.Production.Supply.Direct Drive Large,Service,BC,Natural Gas,Direct Drive Large,Std AC motor 500 hp,fom,,,,constant_tech,$,6,6,6,6,6,6,6,6,6,6,6,
CIMS.CAN.BC.Natural Gas.Production.Supply.Direct Drive Large,Service,BC,Natural Gas,Direct Drive Large,Std AC motor 500 hp,service_request,,,CIMS.CAN.BC.Electricity,annual_tech,GJ,1.064,1.064,1.064,1.064,1.064,1.064,1.064,1.064,1.064,1.064,1.064,
CIMS.CAN.BC.Natural Gas.Production.Supply.Direct Drive Large,Service,BC,Natural Gas,Direct Drive Large,Eff AC motor 500 hp,technology,,,,,,,,,,,,,,,,,
CIMS.CAN.BC.Natural Gas.Production.Supply.Direct Drive Large,Service,BC,Natural Gas,Direct Drive Large,Eff AC motor 500 hp,available,,,,constant_tech,Year,2010,2010,2010,2010,2010,2010,2010,2010,2010,2010,2010,
CIMS.CAN.BC.Natural Gas.Production.Supply.Direct Drive Large,Service,BC,Natural Gas,Direct Drive Large,Eff AC motor 500 hp,unavailable,,,,constant_tech,Year,2101,2101,2101,2101,2101,2101,2101,2101,2101,2101,2101,
CIMS.CAN.BC.Natural Gas.Production.Supply.Direct Drive Large,Service,BC,Natural Gas,Direct Drive Large,Eff AC motor 500 hp,lifetime,,,,constant_tech,Years,30,30,30,30,30,30,30,30,30,30,30,
CIMS.CAN.BC.Natural Gas.Production.Supply.Direct Drive Large,Service,BC,Natural Gas,Direct Drive Large,Eff AC motor 500 hp,market_share_total,,,,annual_tech,%,0,,,,,,,,,,,
CIMS.CAN.BC.Natural Gas.Production.Supply.Direct Drive Large,Service,BC,Natural Gas,Direct Drive Large,Eff AC motor 500 hp,fcc,,,,constant_tech,$,188,188,188,188,188,188,188,188,188,188,188,
CIMS.CAN.BC.Natural Gas.Production.Supply.Direct Drive Large,Service,BC,Natural Gas,Direct Drive Large,Eff AC motor 500 hp,fom,,,,constant_tech,$,6,6,6,6,6,6,6,6,6,6,6,
CIMS.CAN.BC.Natural Gas.Production.Supply.Direct Drive Large,Service,BC,Natural Gas,Direct Drive Large,Eff AC motor 500 hp,service_request,,,CIMS.CAN.BC.Electricity,annual_tech,GJ,1.053,1.053,1.053,1.053,1.053,1.053,1.053,1.053,1.053,1.053,1.053,
CIMS.CAN.BC.Natural Gas.Production.Supply.Controls,Service,BC,Natural Gas,Controls,,service_provide,,,,constant_tech,1000 m3,,,,,,,,,,,,
CIMS.CAN.BC.Natural Gas.Production.Supply.Controls,Service,BC,Natural Gas,Controls,,competition,Tech Compete,,,,,,,,,,,,,,,,
CIMS.CAN.BC.Natural Gas.Production.Supply.Controls,Service,BC,Natural Gas,Controls,,discount_rate_financial,,,,constant_tech,%,0.35,0.35,0.35,0.35,0.35,0.35,0.35,0.35,0.35,0.35,0.35,
CIMS.CAN.BC.Natural Gas.Production.Supply.Controls,Service,BC,Natural Gas,Controls,,heterogeneity,,,,constant_tech,,10,10,10,10,10,10,10,10,10,10,10,
CIMS.CAN.BC.Natural Gas.Production.Supply.Controls,Service,BC,Natural Gas,Controls,High bleed,technology,,,,,,,,,,,,,,,,,
CIMS.CAN.BC.Natural Gas.Production.Supply.Controls,Service,BC,Natural Gas,Controls,High bleed,available,,,,constant_tech,Year,2000,2000,2000,2000,2000,2000,2000,2000,2000,2000,2000,
CIMS.CAN.BC.Natural Gas.Production.Supply.Controls,Service,BC,Natural Gas,Controls,High bleed,unavailable,,,,constant_tech,Year,2101,2101,2101,2101,2101,2101,2101,2101,2101,2101,2101,
CIMS.CAN.BC.Natural Gas.Production.Supply.Controls,Service,BC,Natural Gas,Controls,High bleed,lifetime,,,,constant_tech,Years,50,50,50,50,50,50,50,50,50,50,50,
CIMS.CAN.BC.Natural Gas.Production.Supply.Controls,Service,BC,Natural Gas,Controls,High bleed,market_share_total,,,,annual_tech,%,1,,,,,,,,,,,
CIMS.CAN.BC.Natural Gas.Production.Supply.Controls,Service,BC,Natural Gas,Controls,High bleed,fcc,,,,constant_tech,$,161,161,161,161,161,161,161,161,161,161,161,
CIMS.CAN.BC.Natural Gas.Production.Supply.Controls,Service,BC,Natural Gas,Controls,High bleed,fom,,,,constant_tech,$,16,16,16,16,16,16,16,16,16,16,16,
CIMS.CAN.BC.Natural Gas.Production.Supply.Controls,Service,BC,Natural Gas,Controls,High bleed,service_request,,,CIMS.CAN.BC.Natural Gas.Production.Supply.Venting.Point Venting,annual_region_tech,tCH4,0.00025,0.00025,0.00025,0.00025,0.00025,0.00025,0.00025,0.00025,0.00025,0.00025,0.00025,
CIMS.CAN.BC.Natural Gas.Production.Supply.Controls,Service,BC,Natural Gas,Controls,Med bleed,technology,,,,,,,,,,,,,,,,,
CIMS.CAN.BC.Natural Gas.Production.Supply.Controls,Service,BC,Natural Gas,Controls,Med bleed,available,,,,constant_tech,Year,2000,2000,2000,2000,2000,2000,2000,2000,2000,2000,2000,
CIMS.CAN.BC.Natural Gas.Production.Supply.Controls,Service,BC,Natural Gas,Controls,Med bleed,unavailable,,,,constant_tech,Year,2101,2101,2101,2101,2101,2101,2101,2101,2101,2101,2101,
CIMS.CAN.BC.Natural Gas.Production.Supply.Controls,Service,BC,Natural Gas,Controls,Med bleed,lifetime,,,,constant_tech,Years,50,50,50,50,50,50,50,50,50,50,50,
CIMS.CAN.BC.Natural Gas.Production.Supply.Controls,Service,BC,Natural Gas,Controls,Med bleed,market_share_total,,,,annual_tech,%,0,,,,,,,,,,,
CIMS.CAN.BC.Natural Gas.Production.Supply.Controls,Service,BC,Natural Gas,Controls,Med bleed,fcc,,,,constant_tech,$,161,161,161,161,161,161,161,161,161,161,161,
CIMS.CAN.BC.Natural Gas.Production.Supply.Controls,Service,BC,Natural Gas,Controls,Med bleed,fom,,,,constant_tech,$,16,16,16,16,16,16,16,16,16,16,16,
CIMS.CAN.BC.Natural Gas.Production.Supply.Controls,Service,BC,Natural Gas,Controls,Med bleed,service_request,,,CIMS.CAN.BC.Natural Gas.Production.Supply.Venting.Point Venting,annual_region_tech,tCH4,0.0002125,0.0002125,0.0002125,0.0002125,0.0002125,0.0002125,0.0002125,0.0002125,0.0002125,0.0002125,0.0002125,
CIMS.CAN.BC.Natural Gas.Production.Supply.Controls,Service,BC,Natural Gas,Controls,Low bleed,technology,,,,,,,,,,,,,,,,,
CIMS.CAN.BC.Natural Gas.Production.Supply.Controls,Service,BC,Natural Gas,Controls,Low bleed,available,,,,constant_tech,Year,2000,2000,2000,2000,2000,2000,2000,2000,2000,2000,2000,
CIMS.CAN.BC.Natural Gas.Production.Supply.Controls,Service,BC,Natural Gas,Controls,Low bleed,unavailable,,,,constant_tech,Year,2101,2101,2101,2101,2101,2101,2101,2101,2101,2101,2101,
CIMS.CAN.BC.Natural Gas.Production.Supply.Controls,Service,BC,Natural Gas,Controls,Low bleed,lifetime,,,,constant_tech,Years,50,50,50,50,50,50,50,50,50,50,50,
CIMS.CAN.BC.Natural Gas.Production.Supply.Controls,Service,BC,Natural Gas,Controls,Low bleed,market_share_total,,,,annual_tech,%,0,,,,,,,,,,,
CIMS.CAN.BC.Natural Gas.Production.Supply.Controls,Service,BC,Natural Gas,Controls,Low bleed,fcc,,,,constant_tech,$,161,161,161,161,161,161,161,161,161,161,161,
CIMS.CAN.BC.Natural Gas.Production.Supply.Controls,Service,BC,Natural Gas,Controls,Low bleed,fom,,,,constant_tech,$,16,16,16,16,16,16,16,16,16,16,16,
CIMS.CAN.BC.Natural Gas.Production.Supply.Controls,Service,BC,Natural Gas,Controls,Low bleed,service_request,,,CIMS.CAN.BC.Natural Gas.Production.Supply.Venting.Point Venting,annual_region_tech,tCH4,0.000180625,0.000180625,0.000180625,0.000180625,0.000180625,0.000180625,0.000180625,0.000180625,0.000180625,0.000180625,0.000180625,
CIMS.CAN.BC.Natural Gas.Production.Supply.Controls,Service,BC,Natural Gas,Controls,Electric,technology,,,,,,,,,,,,,,,,,
CIMS.CAN.BC.Natural Gas.Production.Supply.Controls,Service,BC,Natural Gas,Controls,Electric,available,,,,constant_tech,Year,2000,2000,2000,2000,2000,2000,2000,2000,2000,2000,2000,
CIMS.CAN.BC.Natural Gas.Production.Supply.Controls,Service,BC,Natural Gas,Controls,Electric,unavailable,,,,constant_tech,Year,2101,2101,2101,2101,2101,2101,2101,2101,2101,2101,2101,
CIMS.CAN.BC.Natural Gas.Production.Supply.Controls,Service,BC,Natural Gas,Controls,Electric,lifetime,,,,constant_tech,Years,50,50,50,50,50,50,50,50,50,50,50,
CIMS.CAN.BC.Natural Gas.Production.Supply.Controls,Service,BC,Natural Gas,Controls,Electric,market_share_total,,,,annual_tech,%,0,,,,,,,,,,,
CIMS.CAN.BC.Natural Gas.Production.Supply.Controls,Service,BC,Natural Gas,Controls,Electric,fcc,,,,constant_tech,$,242,242,242,242,242,242,242,242,242,242,242,
CIMS.CAN.BC.Natural Gas.Production.Supply.Controls,Service,BC,Natural Gas,Controls,Electric,service_request,,,CIMS.CAN.BC.Electricity,annual_tech,GJ,0.012,0.012,0.012,0.012,0.012,0.012,0.012,0.012,0.012,0.012,0.012,
CIMS.CAN.BC.Natural Gas.Production.Supply.Pumping,Service,BC,Natural Gas,Pumping,,service_provide,,,,constant_tech,1000 m3,,,,,,,,,,,,
CIMS.CAN.BC.Natural Gas.Production.Supply.Pumping,Service,BC,Natural Gas,Pumping,,competition,Tech Compete,,,,,,,,,,,,,,,,
CIMS.CAN.BC.Natural Gas.Production.Supply.Pumping,Service,BC,Natural Gas,Pumping,,discount_rate_financial,,,,constant_tech,%,0.35,0.35,0.35,0.35,0.35,0.35,0.35,0.35,0.35,0.35,0.35,
CIMS.CAN.BC.Natural Gas.Production.Supply.Pumping,Service,BC,Natural Gas,Pumping,,heterogeneity,,,,constant_tech,,10,10,10,10,10,10,10,10,10,10,10,
CIMS.CAN.BC.Natural Gas.Production.Supply.Pumping,Service,BC,Natural Gas,Pumping,Pneumatic,technology,,,,,,,,,,,,,,,,,
CIMS.CAN.BC.Natural Gas.Production.Supply.Pumping,Service,BC,Natural Gas,Pumping,Pneumatic,available,,,,constant_tech,Year,2000,2000,2000,2000,2000,2000,2000,2000,2000,2000,2000,
CIMS.CAN.BC.Natural Gas.Production.Supply.Pumping,Service,BC,Natural Gas,Pumping,Pneumatic,unavailable,,,,constant_tech,Year,2101,2101,2101,2101,2101,2101,2101,2101,2101,2101,2101,
CIMS.CAN.BC.Natural Gas.Production.Supply.Pumping,Service,BC,Natural Gas,Pumping,Pneumatic,lifetime,,,,constant_tech,Years,50,50,50,50,50,50,50,50,50,50,50,
CIMS.CAN.BC.Natural Gas.Production.Supply.Pumping,Service,BC,Natural Gas,Pumping,Pneumatic,market_share_total,,,,annual_tech,%,1,,,,,,,,,,,
CIMS.CAN.BC.Natural Gas.Production.Supply.Pumping,Service,BC,Natural Gas,Pumping,Pneumatic,fcc,,,,constant_tech,$,161,161,161,161,161,161,161,161,161,161,161,
CIMS.CAN.BC.Natural Gas.Production.Supply.Pumping,Service,BC,Natural Gas,Pumping,Pneumatic,service_request,,,CIMS.CAN.BC.Natural Gas.Production.Supply.Venting.Point Venting,annual_region_tech,tCH4,0.00025,0.00025,0.00025,0.00025,0.00025,0.00025,0.00025,0.00025,0.00025,0.00025,0.00025,
CIMS.CAN.BC.Natural Gas.Production.Supply.Pumping,Service,BC,Natural Gas,Pumping,Electric Motor,technology,,,,,,,,,,,,,,,,,
CIMS.CAN.BC.Natural Gas.Production.Supply.Pumping,Service,BC,Natural Gas,Pumping,Electric Motor,available,,,,constant_tech,Year,2000,2000,2000,2000,2000,2000,2000,2000,2000,2000,2000,
CIMS.CAN.BC.Natural Gas.Production.Supply.Pumping,Service,BC,Natural Gas,Pumping,Electric Motor,unavailable,,,,constant_tech,Year,2101,2101,2101,2101,2101,2101,2101,2101,2101,2101,2101,
CIMS.CAN.BC.Natural Gas.Production.Supply.Pumping,Service,BC,Natural Gas,Pumping,Electric Motor,lifetime,,,,constant_tech,Years,50,50,50,50,50,50,50,50,50,50,50,
CIMS.CAN.BC.Natural Gas.Production.Supply.Pumping,Service,BC,Natural Gas,Pumping,Electric Motor,market_share_total,,,,annual_tech,%,0,,,,,,,,,,,
CIMS.CAN.BC.Natural Gas.Production.Supply.Pumping,Service,BC,Natural Gas,Pumping,Electric Motor,fcc,,,,constant_tech,$,161,161,161,161,161,161,161,161,161,161,161,
CIMS.CAN.BC.Natural Gas.Production.Supply.Pumping,Service,BC,Natural Gas,Pumping,Electric Motor,service_request,,,CIMS.CAN.BC.Electricity,annual_tech,GJ,0.012,0.012,0.012,0.012,0.012,0.012,0.012,0.012,0.012,0.012,0.012,
CIMS.CAN.BC.Natural Gas.Production.Supply.Testing and Maintenance,Service,BC,Natural Gas,Testing and Maintenance,,service_provide,,,,constant_tech,unit,,,,,,,,,,,,
CIMS.CAN.BC.Natural Gas.Production.Supply.Testing and Maintenance,Service,BC,Natural Gas,Testing and Maintenance,,competition,Fixed Ratio,,,,,,,,,,,,,,,,
CIMS.CAN.BC.Natural Gas.Production.Supply.Testing and Maintenance,Service,BC,Natural Gas,Testing and Maintenance,,service_request,,,CIMS.CAN.BC.Natural Gas.Production.Supply.Testing and Maintenance.Blowdowns,annual_region,unit,1,1,1,1,1,1,1,1,1,1,1,
CIMS.CAN.BC.Natural Gas.Production.Supply.Testing and Maintenance,Service,BC,Natural Gas,Testing and Maintenance,,service_request,,,CIMS.CAN.BC.Natural Gas.Production.Supply.Testing and Maintenance.Liquid Unloading,annual_region,unit,1,1,1,1,1,1,1,1,1,1,1,
CIMS.CAN.BC.Natural Gas.Production.Supply.Testing and Maintenance,Service,BC,Natural Gas,Testing and Maintenance,,service_request,,,CIMS.CAN.BC.Natural Gas.Production.Supply.Testing and Maintenance.Well Tests,annual_region,unit,1,1,1,1,1,1,1,1,1,1,1,
CIMS.CAN.BC.Natural Gas.Production.Supply.Testing and Maintenance.Blowdowns,Service,BC,Natural Gas,Blowdowns,,service_provide,,,,constant_tech,unit,,,,,,,,,,,,
CIMS.CAN.BC.Natural Gas.Production.Supply.Testing and Maintenance.Blowdowns,Service,BC,Natural Gas,Blowdowns,,competition,Tech Compete,,,,,,,,,,,,,,,,
CIMS.CAN.BC.Natural Gas.Production.Supply.Testing and Maintenance.Blowdowns,Service,BC,Natural Gas,Blowdowns,,discount_rate_financial,,,,constant_tech,%,0.35,0.35,0.35,0.35,0.35,0.35,0.35,0.35,0.35,0.35,0.35,
CIMS.CAN.BC.Natural Gas.Production.Supply.Testing and Maintenance.Blowdowns,Service,BC,Natural Gas,Blowdowns,,heterogeneity,,,,constant_tech,,10,10,10,10,10,10,10,10,10,10,10,
CIMS.CAN.BC.Natural Gas.Production.Supply.Testing and Maintenance.Blowdowns,Service,BC,Natural Gas,Blowdowns,Existing,technology,,,,,,,,,,,,,,,,,
CIMS.CAN.BC.Natural Gas.Production.Supply.Testing and Maintenance.Blowdowns,Service,BC,Natural Gas,Blowdowns,Existing,available,,,,constant_tech,Year,2000,2000,2000,2000,2000,2000,2000,2000,2000,2000,2000,
CIMS.CAN.BC.Natural Gas.Production.Supply.Testing and Maintenance.Blowdowns,Service,BC,Natural Gas,Blowdowns,Existing,unavailable,,,,constant_tech,Year,2101,2101,2101,2101,2101,2101,2101,2101,2101,2101,2101,
CIMS.CAN.BC.Natural Gas.Production.Supply.Testing and Maintenance.Blowdowns,Service,BC,Natural Gas,Blowdowns,Existing,lifetime,,,,constant_tech,Years,25,25,25,25,25,25,25,25,25,25,25,
CIMS.CAN.BC.Natural Gas.Production.Supply.Testing and Maintenance.Blowdowns,Service,BC,Natural Gas,Blowdowns,Existing,market_share_total,,,,annual_tech,%,1,,,,,,,,,,,
CIMS.CAN.BC.Natural Gas.Production.Supply.Testing and Maintenance.Blowdowns,Service,BC,Natural Gas,Blowdowns,Existing,fcc,,,,constant_tech,$,1,1,1,1,1,1,1,1,1,1,1,
CIMS.CAN.BC.Natural Gas.Production.Supply.Testing and Maintenance.Blowdowns,Service,BC,Natural Gas,Blowdowns,Existing,fom,,,,constant_tech,$,1,1,1,1,1,1,1,1,1,1,1,
CIMS.CAN.BC.Natural Gas.Production.Supply.Testing and Maintenance.Blowdowns,Service,BC,Natural Gas,Blowdowns,Existing,service_request,,,CIMS.CAN.BC.Natural Gas.Production.Supply.Venting.Diffuse Venting,annual_region_tech,tCH4,0.00005,0.00005,0.00005,0.00005,0.00005,0.00005,0.00005,0.00005,0.00005,0.00005,0.00005,
CIMS.CAN.BC.Natural Gas.Production.Supply.Testing and Maintenance.Blowdowns,Service,BC,Natural Gas,Blowdowns,Blowdown capture low,technology,,,,,,,,,,,,,,,,,
CIMS.CAN.BC.Natural Gas.Production.Supply.Testing and Maintenance.Blowdowns,Service,BC,Natural Gas,Blowdowns,Blowdown capture low,available,,,,constant_tech,Year,2000,2000,2000,2000,2000,2000,2000,2000,2000,2000,2000,
CIMS.CAN.BC.Natural Gas.Production.Supply.Testing and Maintenance.Blowdowns,Service,BC,Natural Gas,Blowdowns,Blowdown capture low,unavailable,,,,constant_tech,Year,2101,2101,2101,2101,2101,2101,2101,2101,2101,2101,2101,
CIMS.CAN.BC.Natural Gas.Production.Supply.Testing and Maintenance.Blowdowns,Service,BC,Natural Gas,Blowdowns,Blowdown capture low,lifetime,,,,constant_tech,Years,25,25,25,25,25,25,25,25,25,25,25,
CIMS.CAN.BC.Natural Gas.Production.Supply.Testing and Maintenance.Blowdowns,Service,BC,Natural Gas,Blowdowns,Blowdown capture low,market_share_total,,,,annual_tech,%,0,,,,,,,,,,,
CIMS.CAN.BC.Natural Gas.Production.Supply.Testing and Maintenance.Blowdowns,Service,BC,Natural Gas,Blowdowns,Blowdown capture low,fcc,,,,constant_tech,$,50,50,50,50,50,50,50,50,50,50,50,
CIMS.CAN.BC.Natural Gas.Production.Supply.Testing and Maintenance.Blowdowns,Service,BC,Natural Gas,Blowdowns,Blowdown capture low,fom,,,,constant_tech,$,10,10,10,10,10,10,10,10,10,10,10,
CIMS.CAN.BC.Natural Gas.Production.Supply.Testing and Maintenance.Blowdowns,Service,BC,Natural Gas,Blowdowns,Blowdown capture low,service_request,,,CIMS.CAN.BC.Natural Gas.Production.Supply.Venting.Diffuse Venting,annual_region_tech,tCH4,0.0000425,0.0000425,0.0000425,0.0000425,0.0000425,0.0000425,0.0000425,0.0000425,0.0000425,0.0000425,0.0000425,
CIMS.CAN.BC.Natural Gas.Production.Supply.Testing and Maintenance.Blowdowns,Service,BC,Natural Gas,Blowdowns,Blowdown capture high,technology,,,,,,,,,,,,,,,,,
CIMS.CAN.BC.Natural Gas.Production.Supply.Testing and Maintenance.Blowdowns,Service,BC,Natural Gas,Blowdowns,Blowdown capture high,available,,,,constant_tech,Year,2000,2000,2000,2000,2000,2000,2000,2000,2000,2000,2000,
CIMS.CAN.BC.Natural Gas.Production.Supply.Testing and Maintenance.Blowdowns,Service,BC,Natural Gas,Blowdowns,Blowdown capture high,unavailable,,,,constant_tech,Year,2101,2101,2101,2101,2101,2101,2101,2101,2101,2101,2101,
CIMS.CAN.BC.Natural Gas.Production.Supply.Testing and Maintenance.Blowdowns,Service,BC,Natural Gas,Blowdowns,Blowdown capture high,lifetime,,,,constant_tech,Years,25,25,25,25,25,25,25,25,25,25,25,
CIMS.CAN.BC.Natural Gas.Production.Supply.Testing and Maintenance.Blowdowns,Service,BC,Natural Gas,Blowdowns,Blowdown capture high,market_share_total,,,,annual_tech,%,0,,,,,,,,,,,
CIMS.CAN.BC.Natural Gas.Production.Supply.Testing and Maintenance.Blowdowns,Service,BC,Natural Gas,Blowdowns,Blowdown capture high,fcc,,,,constant_tech,$,50,50,50,50,50,50,50,50,50,50,50,
CIMS.CAN.BC.Natural Gas.Production.Supply.Testing and Maintenance.Blowdowns,Service,BC,Natural Gas,Blowdowns,Blowdown capture high,fom,,,,constant_tech,$,10,10,10,10,10,10,10,10,10,10,10,
CIMS.CAN.BC.Natural Gas.Production.Supply.Testing and Maintenance.Blowdowns,Service,BC,Natural Gas,Blowdowns,Blowdown capture high,service_request,,,CIMS.CAN.BC.Natural Gas.Production.Supply.Venting.Diffuse Venting,annual_region_tech,tCH4,0.000036125,0.000036125,0.000036125,0.000036125,0.000036125,0.000036125,0.000036125,0.000036125,0.000036125,0.000036125,0.000036125,
CIMS.CAN.BC.Natural Gas.Production.Supply.Testing and Maintenance.Liquid Unloading,Service,BC,Natural Gas,Liquid Unloading,,service_provide,,,,constant_tech,unit,,,,,,,,,,,,
CIMS.CAN.BC.Natural Gas.Production.Supply.Testing and Maintenance.Liquid Unloading,Service,BC,Natural Gas,Liquid Unloading,,competition,Tech Compete,,,,,,,,,,,,,,,,
CIMS.CAN.BC.Natural Gas.Production.Supply.Testing and Maintenance.Liquid Unloading,Service,BC,Natural Gas,Liquid Unloading,,discount_rate_financial,,,,constant_tech,%,0.35,0.35,0.35,0.35,0.35,0.35,0.35,0.35,0.35,0.35,0.35,
CIMS.CAN.BC.Natural Gas.Production.Supply.Testing and Maintenance.Liquid Unloading,Service,BC,Natural Gas,Liquid Unloading,,heterogeneity,,,,constant_tech,,10,10,10,10,10,10,10,10,10,10,10,
CIMS.CAN.BC.Natural Gas.Production.Supply.Testing and Maintenance.Liquid Unloading,Service,BC,Natural Gas,Liquid Unloading,Existing,technology,,,,,,,,,,,,,,,,,
CIMS.CAN.BC.Natural Gas.Production.Supply.Testing and Maintenance.Liquid Unloading,Service,BC,Natural Gas,Liquid Unloading,Existing,available,,,,constant_tech,Year,2000,2000,2000,2000,2000,2000,2000,2000,2000,2000,2000,
CIMS.CAN.BC.Natural Gas.Production.Supply.Testing and Maintenance.Liquid Unloading,Service,BC,Natural Gas,Liquid Unloading,Existing,unavailable,,,,constant_tech,Year,2101,2101,2101,2101,2101,2101,2101,2101,2101,2101,2101,
CIMS.CAN.BC.Natural Gas.Production.Supply.Testing and Maintenance.Liquid Unloading,Service,BC,Natural Gas,Liquid Unloading,Existing,lifetime,,,,constant_tech,Years,25,25,25,25,25,25,25,25,25,25,25,
CIMS.CAN.BC.Natural Gas.Production.Supply.Testing and Maintenance.Liquid Unloading,Service,BC,Natural Gas,Liquid Unloading,Existing,market_share_total,,,,annual_tech,%,1,,,,,,,,,,,
CIMS.CAN.BC.Natural Gas.Production.Supply.Testing and Maintenance.Liquid Unloading,Service,BC,Natural Gas,Liquid Unloading,Existing,fcc,,,,constant_tech,$,1,1,1,1,1,1,1,1,1,1,1,
CIMS.CAN.BC.Natural Gas.Production.Supply.Testing and Maintenance.Liquid Unloading,Service,BC,Natural Gas,Liquid Unloading,Existing,fom,,,,constant_tech,$,1,1,1,1,1,1,1,1,1,1,1,
CIMS.CAN.BC.Natural Gas.Production.Supply.Testing and Maintenance.Liquid Unloading,Service,BC,Natural Gas,Liquid Unloading,Existing,service_request,,,CIMS.CAN.BC.Natural Gas.Production.Supply.Venting.Diffuse Venting,annual_region_tech,tCH4,0.00005,0.00005,0.00005,0.00005,0.00005,0.00005,0.00005,0.00005,0.00005,0.00005,0.00005,
CIMS.CAN.BC.Natural Gas.Production.Supply.Testing and Maintenance.Liquid Unloading,Service,BC,Natural Gas,Liquid Unloading,Plunger Install,technology,,,,,,,,,,,,,,,,,
CIMS.CAN.BC.Natural Gas.Production.Supply.Testing and Maintenance.Liquid Unloading,Service,BC,Natural Gas,Liquid Unloading,Plunger Install,available,,,,constant_tech,Year,2000,2000,2000,2000,2000,2000,2000,2000,2000,2000,2000,
CIMS.CAN.BC.Natural Gas.Production.Supply.Testing and Maintenance.Liquid Unloading,Service,BC,Natural Gas,Liquid Unloading,Plunger Install,unavailable,,,,constant_tech,Year,2101,2101,2101,2101,2101,2101,2101,2101,2101,2101,2101,
CIMS.CAN.BC.Natural Gas.Production.Supply.Testing and Maintenance.Liquid Unloading,Service,BC,Natural Gas,Liquid Unloading,Plunger Install,lifetime,,,,constant_tech,Years,25,25,25,25,25,25,25,25,25,25,25,
CIMS.CAN.BC.Natural Gas.Production.Supply.Testing and Maintenance.Liquid Unloading,Service,BC,Natural Gas,Liquid Unloading,Plunger Install,market_share_total,,,,annual_tech,%,0,,,,,,,,,,,
CIMS.CAN.BC.Natural Gas.Production.Supply.Testing and Maintenance.Liquid Unloading,Service,BC,Natural Gas,Liquid Unloading,Plunger Install,fcc,,,,constant_tech,$,50,50,50,50,50,50,50,50,50,50,50,
CIMS.CAN.BC.Natural Gas.Production.Supply.Testing and Maintenance.Liquid Unloading,Service,BC,Natural Gas,Liquid Unloading,Plunger Install,fom,,,,constant_tech,$,10,10,10,10,10,10,10,10,10,10,10,
CIMS.CAN.BC.Natural Gas.Production.Supply.Testing and Maintenance.Liquid Unloading,Service,BC,Natural Gas,Liquid Unloading,Plunger Install,service_request,,,CIMS.CAN.BC.Natural Gas.Production.Supply.Venting.Diffuse Venting,annual_region_tech,tCH4,0.0000425,0.0000425,0.0000425,0.0000425,0.0000425,0.0000425,0.0000425,0.0000425,0.0000425,0.0000425,0.0000425,
CIMS.CAN.BC.Natural Gas.Production.Supply.Testing and Maintenance.Well Tests,Service,BC,Natural Gas,Well Tests,,service_provide,,,,constant_tech,unit,,,,,,,,,,,,
CIMS.CAN.BC.Natural Gas.Production.Supply.Testing and Maintenance.Well Tests,Service,BC,Natural Gas,Well Tests,,competition,Tech Compete,,,,,,,,,,,,,,,,
CIMS.CAN.BC.Natural Gas.Production.Supply.Testing and Maintenance.Well Tests,Service,BC,Natural Gas,Well Tests,,discount_rate_financial,,,,constant_tech,%,0.35,0.35,0.35,0.35,0.35,0.35,0.35,0.35,0.35,0.35,0.35,
CIMS.CAN.BC.Natural Gas.Production.Supply.Testing and Maintenance.Well Tests,Service,BC,Natural Gas,Well Tests,,heterogeneity,,,,constant_tech,,10,10,10,10,10,10,10,10,10,10,10,
CIMS.CAN.BC.Natural Gas.Production.Supply.Testing and Maintenance.Well Tests,Service,BC,Natural Gas,Well Tests,Existing,technology,,,,,,,,,,,,,,,,,
CIMS.CAN.BC.Natural Gas.Production.Supply.Testing and Maintenance.Well Tests,Service,BC,Natural Gas,Well Tests,Existing,available,,,,constant_tech,Year,2000,2000,2000,2000,2000,2000,2000,2000,2000,2000,2000,
CIMS.CAN.BC.Natural Gas.Production.Supply.Testing and Maintenance.Well Tests,Service,BC,Natural Gas,Well Tests,Existing,unavailable,,,,constant_tech,Year,2101,2101,2101,2101,2101,2101,2101,2101,2101,2101,2101,
CIMS.CAN.BC.Natural Gas.Production.Supply.Testing and Maintenance.Well Tests,Service,BC,Natural Gas,Well Tests,Existing,lifetime,,,,constant_tech,Years,25,25,25,25,25,25,25,25,25,25,25,
CIMS.CAN.BC.Natural Gas.Production.Supply.Testing and Maintenance.Well Tests,Service,BC,Natural Gas,Well Tests,Existing,market_share_total,,,,annual_tech,%,1,,,,,,,,,,,
CIMS.CAN.BC.Natural Gas.Production.Supply.Testing and Maintenance.Well Tests,Service,BC,Natural Gas,Well Tests,Existing,service_request,,,CIMS.CAN.BC.Natural Gas.Production.Supply.Flaring,annual_region_tech,tCO2,0.01,0.01,0.01,0.01,0.01,0.01,0.01,0.01,0.01,0.01,0.01,
CIMS.CAN.BC.Natural Gas.Production.Supply.Formation CO2,Service,BC,Natural Gas,Formation CO2,,service_provide,,,,constant_tech,tCO2,,,,,,,,,,,,
CIMS.CAN.BC.Natural Gas.Production.Supply.Formation CO2,Service,BC,Natural Gas,Formation CO2,,competition,Tech Compete,,,,,,,,,,,,,,,,
CIMS.CAN.BC.Natural Gas.Production.Supply.Formation CO2,Service,BC,Natural Gas,Formation CO2,,discount_rate_financial,,,,constant_tech,%,0.35,0.35,0.35,0.35,0.35,0.35,0.35,0.35,0.35,0.35,0.35,
CIMS.CAN.BC.Natural Gas.Production.Supply.Formation CO2,Service,BC,Natural Gas,Formation CO2,,heterogeneity,,,,constant_tech,,10,10,10,10,10,10,10,10,10,10,10,
CIMS.CAN.BC.Natural Gas.Production.Supply.Formation CO2,Service,BC,Natural Gas,Formation CO2,No Formation CCS,technology,,,,,,,,,,,,,,,,,
CIMS.CAN.BC.Natural Gas.Production.Supply.Formation CO2,Service,BC,Natural Gas,Formation CO2,No Formation CCS,available,,,,constant_tech,Year,1950,1950,1950,1950,1950,1950,1950,1950,1950,1950,1950,
CIMS.CAN.BC.Natural Gas.Production.Supply.Formation CO2,Service,BC,Natural Gas,Formation CO2,No Formation CCS,unavailable,,,,constant_tech,Year,2101,2101,2101,2101,2101,2101,2101,2101,2101,2101,2101,
CIMS.CAN.BC.Natural Gas.Production.Supply.Formation CO2,Service,BC,Natural Gas,Formation CO2,No Formation CCS,lifetime,,,,constant_tech,Years,30,30,30,30,30,30,30,30,30,30,30,
CIMS.CAN.BC.Natural Gas.Production.Supply.Formation CO2,Service,BC,Natural Gas,Formation CO2,No Formation CCS,market_share_total,,,,annual_tech,%,1,,,,,,,,,,,
CIMS.CAN.BC.Natural Gas.Production.Supply.Formation CO2,Service,BC,Natural Gas,Formation CO2,No Formation CCS,emissions,CO2,Process,,annual_tech,tCO2,1,1,1,1,1,1,1,1,1,1,1,
CIMS.CAN.BC.Natural Gas.Production.Supply.Formation CO2,Service,BC,Natural Gas,Formation CO2,Formation CCS,technology,,,,,,,,,,,,,,,,,
CIMS.CAN.BC.Natural Gas.Production.Supply.Formation CO2,Service,BC,Natural Gas,Formation CO2,Formation CCS,available,,,,constant_tech,Year,2020,2020,2020,2020,2020,2020,2020,2020,2020,2020,2020,
CIMS.CAN.BC.Natural Gas.Production.Supply.Formation CO2,Service,BC,Natural Gas,Formation CO2,Formation CCS,unavailable,,,,constant_tech,Year,2101,2101,2101,2101,2101,2101,2101,2101,2101,2101,2101,
CIMS.CAN.BC.Natural Gas.Production.Supply.Formation CO2,Service,BC,Natural Gas,Formation CO2,Formation CCS,lifetime,,,,constant_tech,Years,30,30,30,30,30,30,30,30,30,30,30,
CIMS.CAN.BC.Natural Gas.Production.Supply.Formation CO2,Service,BC,Natural Gas,Formation CO2,Formation CCS,market_share_total,,,,annual_tech,%,0,,,,,,,,,,,
CIMS.CAN.BC.Natural Gas.Production.Supply.Formation CO2,Service,BC,Natural Gas,Formation CO2,Formation CCS,fom,,,,constant_tech,$,15,15,15,15,15,15,15,15,15,15,15,
CIMS.CAN.BC.Natural Gas.Production.Supply.Formation CO2,Service,BC,Natural Gas,Formation CO2,Formation CCS,service_request,,,CIMS.CAN.BC.Electricity,annual_tech,GJ,0.164,0.164,0.164,0.164,0.164,0.164,0.164,0.164,0.164,0.164,0.164,
CIMS.CAN.BC.Natural Gas.Production.Supply.Formation CO2,Service,BC,Natural Gas,Formation CO2,Formation CCS,service_request,,,CIMS.CAN.BC.Natural Gas.Production.Supply.CCS,annual_tech,tCO2,1,1,1,1,1,1,1,1,1,1,1,
CIMS.CAN.BC.Natural Gas.Production.Supply.Formation CO2,Service,BC,Natural Gas,Formation CO2,Formation CCS,emissions,CO2,Process,,annual_tech,tCO2,1,1,1,1,1,1,1,1,1,1,1,
CIMS.CAN.BC.Natural Gas.Production.Supply.Flaring,Service,BC,Natural Gas,Flaring,,service_provide,,,,constant_tech,tCO2,,,,,,,,,,,,
CIMS.CAN.BC.Natural Gas.Production.Supply.Flaring,Service,BC,Natural Gas,Flaring,,competition,Tech Compete,,,,,,,,,,,,,,,,
CIMS.CAN.BC.Natural Gas.Production.Supply.Flaring,Service,BC,Natural Gas,Flaring,,discount_rate_financial,,,,constant_tech,%,0.35,0.35,0.35,0.35,0.35,0.35,0.35,0.35,0.35,0.35,0.35,
CIMS.CAN.BC.Natural Gas.Production.Supply.Flaring,Service,BC,Natural Gas,Flaring,,heterogeneity,,,,constant_tech,,10,10,10,10,10,10,10,10,10,10,10,
CIMS.CAN.BC.Natural Gas.Production.Supply.Flaring,Service,BC,Natural Gas,Flaring,No CCS,technology,,,,,,,,,,,,,,,,,
CIMS.CAN.BC.Natural Gas.Production.Supply.Flaring,Service,BC,Natural Gas,Flaring,No CCS,available,,,,constant_tech,Year,2000,2000,2000,2000,2000,2000,2000,2000,2000,2000,2000,
CIMS.CAN.BC.Natural Gas.Production.Supply.Flaring,Service,BC,Natural Gas,Flaring,No CCS,unavailable,,,,constant_tech,Year,2101,2101,2101,2101,2101,2101,2101,2101,2101,2101,2101,
CIMS.CAN.BC.Natural Gas.Production.Supply.Flaring,Service,BC,Natural Gas,Flaring,No CCS,lifetime,,,,constant_tech,Years,30,30,30,30,30,30,30,30,30,30,30,
CIMS.CAN.BC.Natural Gas.Production.Supply.Flaring,Service,BC,Natural Gas,Flaring,No CCS,market_share_total,,,,annual_tech,%,1,,,,,,,,,,,
CIMS.CAN.BC.Natural Gas.Production.Supply.Flaring,Service,BC,Natural Gas,Flaring,No CCS,emissions,CO2,Process,,annual_tech,tCO2,1,1,1,1,1,1,1,1,1,1,1,
CIMS.CAN.BC.Natural Gas.Production.Supply.Flaring,Service,BC,Natural Gas,Flaring,Flaring CCS,technology,,,,,,,,,,,,,,,,,
CIMS.CAN.BC.Natural Gas.Production.Supply.Flaring,Service,BC,Natural Gas,Flaring,Flaring CCS,available,,,,constant_tech,Year,2020,2020,2020,2020,2020,2020,2020,2020,2020,2020,2020,
CIMS.CAN.BC.Natural Gas.Production.Supply.Flaring,Service,BC,Natural Gas,Flaring,Flaring CCS,unavailable,,,,constant_tech,Year,2101,2101,2101,2101,2101,2101,2101,2101,2101,2101,2101,
CIMS.CAN.BC.Natural Gas.Production.Supply.Flaring,Service,BC,Natural Gas,Flaring,Flaring CCS,lifetime,,,,constant_tech,Years,30,30,30,30,30,30,30,30,30,30,30,
CIMS.CAN.BC.Natural Gas.Production.Supply.Flaring,Service,BC,Natural Gas,Flaring,Flaring CCS,market_share_total,,,,annual_tech,%,0,,,,,,,,,,,
CIMS.CAN.BC.Natural Gas.Production.Supply.Flaring,Service,BC,Natural Gas,Flaring,Flaring CCS,fom,,,,constant_tech,$,15,15,15,15,15,15,15,15,15,15,15,
CIMS.CAN.BC.Natural Gas.Production.Supply.Flaring,Service,BC,Natural Gas,Flaring,Flaring CCS,service_request,,,CIMS.CAN.BC.Natural Gas.Production.Supply.CCS,annual_tech,tCO2,1,1,1,1,1,1,1,1,1,1,1,
CIMS.CAN.BC.Natural Gas.Production.Supply.Flaring,Service,BC,Natural Gas,Flaring,Flaring CCS,emissions,CO2,Process,,annual_tech,tCO2,1,1,1,1,1,1,1,1,1,1,1,
CIMS.CAN.BC.Natural Gas.Production.Supply.Venting,Service,BC,Natural Gas,Venting,,service_provide,,,,constant_tech,tCH4,,,,,,,,,,,,
CIMS.CAN.BC.Natural Gas.Production.Supply.Venting,Service,BC,Natural Gas,Venting,,competition,Fixed Ratio,,,,,,,,,,,,,,,,
CIMS.CAN.BC.Natural Gas.Production.Supply.Venting,Service,BC,Natural Gas,Venting,,service_request,,,CIMS.CAN.BC.Natural Gas.Production.Supply.Venting.Diffuse Venting,annual_tech,tCH4,1,1,1,1,1,1,1,1,1,1,1,
CIMS.CAN.BC.Natural Gas.Production.Supply.Venting,Service,BC,Natural Gas,Venting,,service_request,,,CIMS.CAN.BC.Natural Gas.Production.Supply.Venting.Point Venting,annual_tech,tCH4,1,1,1,1,1,1,1,1,1,1,1,
CIMS.CAN.BC.Natural Gas.Production.Supply.Venting.Diffuse Venting,Service,BC,Natural Gas,Diffuse Venting,,service_provide,,,,constant_tech,tCH4,,,,,,,,,,,,
CIMS.CAN.BC.Natural Gas.Production.Supply.Venting.Diffuse Venting,Service,BC,Natural Gas,Diffuse Venting,,competition,Tech Compete,,,,Year,,,,,,,,,,,,
CIMS.CAN.BC.Natural Gas.Production.Supply.Venting.Diffuse Venting,Service,BC,Natural Gas,Diffuse Venting,,discount_rate_financial,,,,constant_tech,%,0.35,0.35,0.35,0.35,0.35,0.35,0.35,0.35,0.35,0.35,0.35,
CIMS.CAN.BC.Natural Gas.Production.Supply.Venting.Diffuse Venting,Service,BC,Natural Gas,Diffuse Venting,,heterogeneity,,,,constant_tech,,10,10,10,10,10,10,10,10,10,10,10,
CIMS.CAN.BC.Natural Gas.Production.Supply.Venting.Diffuse Venting,Service,BC,Natural Gas,Diffuse Venting,Diffuse Venting,technology,,,,,,,,,,,,,,,,,
CIMS.CAN.BC.Natural Gas.Production.Supply.Venting.Diffuse Venting,Service,BC,Natural Gas,Diffuse Venting,Diffuse Venting,available,,,,constant_tech,Year,1950,1950,1950,1950,1950,1950,1950,1950,1950,1950,1950,
CIMS.CAN.BC.Natural Gas.Production.Supply.Venting.Diffuse Venting,Service,BC,Natural Gas,Diffuse Venting,Diffuse Venting,unavailable,,,,constant_tech,Year,2101,2101,2101,2101,2101,2101,2101,2101,2101,2101,2101,
CIMS.CAN.BC.Natural Gas.Production.Supply.Venting.Diffuse Venting,Service,BC,Natural Gas,Diffuse Venting,Diffuse Venting,lifetime,,,,constant_tech,Years,1,1,1,1,1,1,1,1,1,1,1,
CIMS.CAN.BC.Natural Gas.Production.Supply.Venting.Diffuse Venting,Service,BC,Natural Gas,Diffuse Venting,Diffuse Venting,market_share_total,,,,annual_tech,%,1,,,,,,,,,,,
CIMS.CAN.BC.Natural Gas.Production.Supply.Venting.Diffuse Venting,Service,BC,Natural Gas,Diffuse Venting,Diffuse Venting,emissions,CH4,Process,,annual_tech,tCH4,1,1,1,1,1,1,1,1,1,1,1,
CIMS.CAN.BC.Natural Gas.Production.Supply.Venting.Point Venting,Service,BC,Natural Gas,Point Venting,,service_provide,,,,constant_tech,tCH4,,,,,,,,,,,,
CIMS.CAN.BC.Natural Gas.Production.Supply.Venting.Point Venting,Service,BC,Natural Gas,Point Venting,,competition,Tech Compete,,,,Year,,,,,,,,,,,,
CIMS.CAN.BC.Natural Gas.Production.Supply.Venting.Point Venting,Service,BC,Natural Gas,Point Venting,,discount_rate_financial,,,,constant_tech,%,0.35,0.35,0.35,0.35,0.35,0.35,0.35,0.35,0.35,0.35,0.35,
CIMS.CAN.BC.Natural Gas.Production.Supply.Venting.Point Venting,Service,BC,Natural Gas,Point Venting,,heterogeneity,,,,constant_tech,,5,5,5,5,5,5,5,5,5,5,5,
CIMS.CAN.BC.Natural Gas.Production.Supply.Venting.Point Venting,Service,BC,Natural Gas,Point Venting,No VRU,technology,,,,,,,,,,,,,,,,,
CIMS.CAN.BC.Natural Gas.Production.Supply.Venting.Point Venting,Service,BC,Natural Gas,Point Venting,No VRU,available,,,,constant_tech,Year,1950,1950,1950,1950,1950,1950,1950,1950,1950,1950,1950,
CIMS.CAN.BC.Natural Gas.Production.Supply.Venting.Point Venting,Service,BC,Natural Gas,Point Venting,No VRU,unavailable,,,,constant_tech,Year,2101,2101,2101,2101,2101,2101,2101,2101,2101,2101,2101,
CIMS.CAN.BC.Natural Gas.Production.Supply.Venting.Point Venting,Service,BC,Natural Gas,Point Venting,No VRU,lifetime,,,,constant_tech,Years,10,10,10,10,10,10,10,10,10,10,10,
CIMS.CAN.BC.Natural Gas.Production.Supply.Venting.Point Venting,Service,BC,Natural Gas,Point Venting,No VRU,market_share_total,,,,annual_tech,%,0.4,,,,,,,,,,,
CIMS.CAN.BC.Natural Gas.Production.Supply.Venting.Point Venting,Service,BC,Natural Gas,Point Venting,No VRU,emissions,CH4,Process,,annual_tech,tCH4,1,1,1,1,1,1,1,1,1,1,1,
CIMS.CAN.BC.Natural Gas.Production.Supply.Venting.Point Venting,Service,BC,Natural Gas,Point Venting,VRU,technology,,,,,,,,,,,,,,,,,
CIMS.CAN.BC.Natural Gas.Production.Supply.Venting.Point Venting,Service,BC,Natural Gas,Point Venting,VRU,available,,,,constant_tech,Year,2000,2000,2000,2000,2000,2000,2000,2000,2000,2000,2000,
CIMS.CAN.BC.Natural Gas.Production.Supply.Venting.Point Venting,Service,BC,Natural Gas,Point Venting,VRU,unavailable,,,,constant_tech,Year,2101,2101,2101,2101,2101,2101,2101,2101,2101,2101,2101,
CIMS.CAN.BC.Natural Gas.Production.Supply.Venting.Point Venting,Service,BC,Natural Gas,Point Venting,VRU,lifetime,,,,constant_tech,Years,10,10,10,10,10,10,10,10,10,10,10,
CIMS.CAN.BC.Natural Gas.Production.Supply.Venting.Point Venting,Service,BC,Natural Gas,Point Venting,VRU,market_share_total,,,,annual_tech,%,0.6,,,,,,,,,,,
CIMS.CAN.BC.Natural Gas.Production.Supply.Venting.Point Venting,Service,BC,Natural Gas,Point Venting,VRU,fom,,,,constant_tech,$,308,308,308,308,308,308,308,308,308,308,308,
CIMS.CAN.BC.Natural Gas.Production.Supply.Venting.Point Venting,Service,BC,Natural Gas,Point Venting,VRU,service_request,,,CIMS.CAN.BC.Natural Gas.OG Methane Blend,annual_tech,GJ,-9.35237582467598,-9.35237582467598,-9.35237582467598,-9.35237582467598,-9.35237582467598,-9.35237582467598,-9.35237582467598,-9.35237582467598,-9.35237582467598,-9.35237582467598,-9.35237582467598,
CIMS.CAN.BC.Natural Gas.Production.Supply.Venting.Point Venting,Service,BC,Natural Gas,Point Venting,VRU,emissions,CH4,Process,,annual_tech,tCH4,0.8,0.8,0.8,0.8,0.8,0.8,0.8,0.8,0.8,0.8,0.8,
CIMS.CAN.BC.Natural Gas.Production.Supply.Venting.Point Venting,Service,BC,Natural Gas,Point Venting,Flare Install,technology,,,,,,,,,,,,,,,,,
CIMS.CAN.BC.Natural Gas.Production.Supply.Venting.Point Venting,Service,BC,Natural Gas,Point Venting,Flare Install,available,,,,constant_tech,Year,2000,2000,2000,2000,2000,2000,2000,2000,2000,2000,2000,
CIMS.CAN.BC.Natural Gas.Production.Supply.Venting.Point Venting,Service,BC,Natural Gas,Point Venting,Flare Install,unavailable,,,,constant_tech,Year,2101,2101,2101,2101,2101,2101,2101,2101,2101,2101,2101,
CIMS.CAN.BC.Natural Gas.Production.Supply.Venting.Point Venting,Service,BC,Natural Gas,Point Venting,Flare Install,lifetime,,,,constant_tech,Years,10,10,10,10,10,10,10,10,10,10,10,
CIMS.CAN.BC.Natural Gas.Production.Supply.Venting.Point Venting,Service,BC,Natural Gas,Point Venting,Flare Install,market_share_total,,,,annual_tech,%,0,,,,,,,,,,,
CIMS.CAN.BC.Natural Gas.Production.Supply.Venting.Point Venting,Service,BC,Natural Gas,Point Venting,Flare Install,fcc,,,,constant_tech,$,21000,21000,21000,21000,21000,21000,21000,21000,21000,21000,21000,
CIMS.CAN.BC.Natural Gas.Production.Supply.Venting.Point Venting,Service,BC,Natural Gas,Point Venting,Flare Install,service_request,,,CIMS.CAN.BC.Natural Gas.Production.Supply.Flaring,annual_tech,tCO2,2.28995346172605,2.28995346172605,2.28995346172605,2.28995346172605,2.28995346172605,2.28995346172605,2.28995346172605,2.28995346172605,2.28995346172605,2.28995346172605,2.28995346172605,
CIMS.CAN.BC.Natural Gas.Production.Supply.Fugitive,Service,BC,Natural Gas,Fugitive,,service_provide,,,,constant_tech,tCH4,,,,,,,,,,,,
CIMS.CAN.BC.Natural Gas.Production.Supply.Fugitive,Service,BC,Natural Gas,Fugitive,,competition,Tech Compete,,,,,,,,,,,,,,,,
CIMS.CAN.BC.Natural Gas.Production.Supply.Fugitive,Service,BC,Natural Gas,Fugitive,,discount_rate_financial,,,,constant_tech,%,0.35,0.35,0.35,0.35,0.35,0.35,0.35,0.35,0.35,0.35,0.35,
CIMS.CAN.BC.Natural Gas.Production.Supply.Fugitive,Service,BC,Natural Gas,Fugitive,,heterogeneity,,,,constant_tech,,10,10,10,10,10,10,10,10,10,10,10,
CIMS.CAN.BC.Natural Gas.Production.Supply.Fugitive,Service,BC,Natural Gas,Fugitive,No LDAR,technology,,,,,,,,,,,,,,,,,
CIMS.CAN.BC.Natural Gas.Production.Supply.Fugitive,Service,BC,Natural Gas,Fugitive,No LDAR,available,,,,constant_tech,Year,1950,1950,1950,1950,1950,1950,1950,1950,1950,1950,1950,
CIMS.CAN.BC.Natural Gas.Production.Supply.Fugitive,Service,BC,Natural Gas,Fugitive,No LDAR,unavailable,,,,constant_tech,Year,2101,2101,2101,2101,2101,2101,2101,2101,2101,2101,2101,
CIMS.CAN.BC.Natural Gas.Production.Supply.Fugitive,Service,BC,Natural Gas,Fugitive,No LDAR,lifetime,,,,constant_tech,Years,1,1,1,1,1,1,1,1,1,1,1,
CIMS.CAN.BC.Natural Gas.Production.Supply.Fugitive,Service,BC,Natural Gas,Fugitive,No LDAR,market_share_total,,,,annual_tech,%,1,,,,,,,,,,,
CIMS.CAN.BC.Natural Gas.Production.Supply.Fugitive,Service,BC,Natural Gas,Fugitive,No LDAR,fom,,,,constant_tech,$,0,0,0,0,0,0,0,0,0,0,0,
CIMS.CAN.BC.Natural Gas.Production.Supply.Fugitive,Service,BC,Natural Gas,Fugitive,No LDAR,emissions,CH4,Process,,annual_tech,tCH4,1,1,1,1,1,1,1,1,1,1,1,
CIMS.CAN.BC.Natural Gas.Production.Supply.Fugitive,Service,BC,Natural Gas,Fugitive,Low LDAR,technology,,,,,,,,,,,,,,,,,
CIMS.CAN.BC.Natural Gas.Production.Supply.Fugitive,Service,BC,Natural Gas,Fugitive,Low LDAR,available,,,,constant_tech,Year,2010,2010,2010,2010,2010,2010,2010,2010,2010,2010,2010,
CIMS.CAN.BC.Natural Gas.Production.Supply.Fugitive,Service,BC,Natural Gas,Fugitive,Low LDAR,unavailable,,,,constant_tech,Year,2101,2101,2101,2101,2101,2101,2101,2101,2101,2101,2101,
CIMS.CAN.BC.Natural Gas.Production.Supply.Fugitive,Service,BC,Natural Gas,Fugitive,Low LDAR,lifetime,,,,constant_tech,Years,5,5,5,5,5,5,5,5,5,5,5,
CIMS.CAN.BC.Natural Gas.Production.Supply.Fugitive,Service,BC,Natural Gas,Fugitive,Low LDAR,market_share_total,,,,annual_tech,%,0,,,,,,,,,,,
CIMS.CAN.BC.Natural Gas.Production.Supply.Fugitive,Service,BC,Natural Gas,Fugitive,Low LDAR,fom,,,,constant_tech,$,294,294,294,294,294,294,294,294,294,294,294,
CIMS.CAN.BC.Natural Gas.Production.Supply.Fugitive,Service,BC,Natural Gas,Fugitive,Low LDAR,emissions,CH4,Process,,annual_tech,tCH4,0.75,0.75,0.75,0.75,0.75,0.75,0.75,0.75,0.75,0.75,0.75,
CIMS.CAN.BC.Natural Gas.Production.Supply.Fugitive,Service,BC,Natural Gas,Fugitive,Med LDAR,technology,,,,,,,,,,,,,,,,,
CIMS.CAN.BC.Natural Gas.Production.Supply.Fugitive,Service,BC,Natural Gas,Fugitive,Med LDAR,available,,,,constant_tech,Year,2010,2010,2010,2010,2010,2010,2010,2010,2010,2010,2010,
CIMS.CAN.BC.Natural Gas.Production.Supply.Fugitive,Service,BC,Natural Gas,Fugitive,Med LDAR,unavailable,,,,constant_tech,Year,2101,2101,2101,2101,2101,2101,2101,2101,2101,2101,2101,
CIMS.CAN.BC.Natural Gas.Production.Supply.Fugitive,Service,BC,Natural Gas,Fugitive,Med LDAR,lifetime,,,,constant_tech,Years,10,10,10,10,10,10,10,10,10,10,10,
CIMS.CAN.BC.Natural Gas.Production.Supply.Fugitive,Service,BC,Natural Gas,Fugitive,Med LDAR,market_share_total,,,,annual_tech,%,0,,,,,,,,,,,
CIMS.CAN.BC.Natural Gas.Production.Supply.Fugitive,Service,BC,Natural Gas,Fugitive,Med LDAR,fom,,,,constant_tech,$,1372,1372,1372,1372,1372,1372,1372,1372,1372,1372,1372,
CIMS.CAN.BC.Natural Gas.Production.Supply.Fugitive,Service,BC,Natural Gas,Fugitive,Med LDAR,emissions,CH4,Process,,annual_tech,tCH4,0.25,0.25,0.25,0.25,0.25,0.25,0.25,0.25,0.25,0.25,0.25,
CIMS.CAN.BC.Natural Gas.Production.Supply.Fugitive,Service,BC,Natural Gas,Fugitive,High LDAR,technology,,,,,,,,,,,,,,,,,
CIMS.CAN.BC.Natural Gas.Production.Supply.Fugitive,Service,BC,Natural Gas,Fugitive,High LDAR,available,,,,constant_tech,Year,2010,2010,2010,2010,2010,2010,2010,2010,2010,2010,2010,
CIMS.CAN.BC.Natural Gas.Production.Supply.Fugitive,Service,BC,Natural Gas,Fugitive,High LDAR,unavailable,,,,constant_tech,Year,2101,2101,2101,2101,2101,2101,2101,2101,2101,2101,2101,
CIMS.CAN.BC.Natural Gas.Production.Supply.Fugitive,Service,BC,Natural Gas,Fugitive,High LDAR,lifetime,,,,constant_tech,Years,15,15,15,15,15,15,15,15,15,15,15,
CIMS.CAN.BC.Natural Gas.Production.Supply.Fugitive,Service,BC,Natural Gas,Fugitive,High LDAR,market_share_total,,,,annual_tech,%,0,,,,,,,,,,,
CIMS.CAN.BC.Natural Gas.Production.Supply.Fugitive,Service,BC,Natural Gas,Fugitive,High LDAR,fom,,,,constant_tech,$,2016,2016,2016,2016,2016,2016,2016,2016,2016,2016,2016,
CIMS.CAN.BC.Natural Gas.Production.Supply.Fugitive,Service,BC,Natural Gas,Fugitive,High LDAR,emissions,CH4,Process,,annual_tech,tCH4,0.1,0.1,0.1,0.1,0.1,0.1,0.1,0.1,0.1,0.1,0.1,
CIMS.CAN.BC.Natural Gas.Production.Supply.CCS,Service,BC,Natural Gas,CCS,,service_provide,,,,constant_tech,tCO2,,,,,,,,,,,,
CIMS.CAN.BC.Natural Gas.Production.Supply.CCS,Service,BC,Natural Gas,CCS,,competition,Tech Compete,,,,,,,,,,,,,,,,
CIMS.CAN.BC.Natural Gas.Production.Supply.CCS,Service,BC,Natural Gas,CCS,,discount_rate_financial,,,,constant_tech,%,0.2,0.2,0.2,0.2,0.2,0.2,0.2,0.2,0.2,0.2,0.2,
CIMS.CAN.BC.Natural Gas.Production.Supply.CCS,Service,BC,Natural Gas,CCS,,heterogeneity,,,,constant_tech,,10,10,10,10,10,10,10,10,10,10,10,
CIMS.CAN.BC.Natural Gas.Production.Supply.CCS,Service,BC,Natural Gas,CCS,CCS,technology,,,,,,,,,,,,,,,,,
CIMS.CAN.BC.Natural Gas.Production.Supply.CCS,Service,BC,Natural Gas,CCS,CCS,available,,,,constant_tech,Year,2000,2000,2000,2000,2000,2000,2000,2000,2000,2000,2000,
CIMS.CAN.BC.Natural Gas.Production.Supply.CCS,Service,BC,Natural Gas,CCS,CCS,unavailable,,,,constant_tech,Year,2101,2101,2101,2101,2101,2101,2101,2101,2101,2101,2101,
CIMS.CAN.BC.Natural Gas.Production.Supply.CCS,Service,BC,Natural Gas,CCS,CCS,lifetime,,,,constant_tech,Years,30,30,30,30,30,30,30,30,30,30,30,
CIMS.CAN.BC.Natural Gas.Production.Supply.CCS,Service,BC,Natural Gas,CCS,CCS,market_share_total,,,,annual_tech,%,1,,,,,,,,,,,
CIMS.CAN.BC.Natural Gas.Production.Supply.CCS,Service,BC,Natural Gas,CCS,CCS,output,,,,constant_tech,tCO2,551650,551650,551650,551650,551650,551650,551650,551650,551650,551650,551650,
CIMS.CAN.BC.Natural Gas.Production.Supply.CCS,Service,BC,Natural Gas,CCS,CCS,fcc,,,,constant_tech,$,78485166,78485166,78485166,78485166,78485166,78485166,78485166,78485166,78485166,78485166,78485166,
CIMS.CAN.BC.Natural Gas.Production.Supply.CCS,Service,BC,Natural Gas,CCS,CCS,fom,,,,constant_tech,$,2565354,2565354,2565354,2565354,2565354,2565354,2565354,2565354,2565354,2565354,2565354,
CIMS.CAN.BC.Natural Gas.Production.Supply.CCS,Service,BC,Natural Gas,CCS,CCS,service_request,,,CIMS.Generic Fuels.VOM,annual_tech,$,2.115466,2.115466,2.115466,2.115466,2.115466,2.115466,2.115466,2.115466,2.115466,2.115466,2.115466,
CIMS.CAN.BC.Natural Gas.Production.Supply.CCS,Service,BC,Natural Gas,CCS,CCS,service_request,,,CIMS.Generic Fuels.Natural Gas,annual_tech,GJ,0.782582,0.782582,0.782582,0.782582,0.782582,0.782582,0.782582,0.782582,0.782582,0.782582,0.782582,
CIMS.CAN.BC.Natural Gas.Production.Supply.CCS,Service,BC,Natural Gas,CCS,CCS,service_request,,,CIMS.Transmission.CCS TS BC,annual_tech,tCO2,1.034491,1.034491,1.034491,1.034491,1.034491,1.034491,1.034491,1.034491,1.034491,1.034491,1.034491,
CIMS.CAN.BC.Natural Gas.Production.Supply.CCS,Service,BC,Natural Gas,CCS,CCS,emissions_removal,CO2,Combustion,,annual_tech,%,0.95,0.95,0.95,0.95,0.95,0.95,0.95,0.95,0.95,0.95,0.95,
CIMS.CAN.BC.Natural Gas.Production.Supply.CCS,Service,BC,Natural Gas,CCS,CCS,emissions_removal,CO2,Process,,annual_tech,%,0.95,0.95,0.95,0.95,0.95,0.95,0.95,0.95,0.95,0.95,0.95,
CIMS.CAN.BC.Natural Gas.Production.Transmission,Service,BC,Natural Gas,Transmission,,service_provide,,,,constant_tech,1000 m3,,,,,,,,,,,,
CIMS.CAN.BC.Natural Gas.Production.Transmission,Service,BC,Natural Gas,Transmission,,competition,Tech Compete,,,,,,,,,,,,,,,,
CIMS.CAN.BC.Natural Gas.Production.Transmission,Service,BC,Natural Gas,Transmission,,discount_rate_financial,,,,constant_tech,%,0.35,0.35,0.35,0.35,0.35,0.35,0.35,0.35,0.35,0.35,0.35,
CIMS.CAN.BC.Natural Gas.Production.Transmission,Service,BC,Natural Gas,Transmission,,heterogeneity,,,,constant_tech,,10,10,10,10,10,10,10,10,10,10,10,
CIMS.CAN.BC.Natural Gas.Production.Transmission,Service,BC,Natural Gas,Transmission,Transmission,technology,,,,,,,,,,,,,,,,,
CIMS.CAN.BC.Natural Gas.Production.Transmission,Service,BC,Natural Gas,Transmission,Transmission,available,,,,constant_tech,Year,2000,2000,2000,2000,2000,2000,2000,2000,2000,2000,2000,
CIMS.CAN.BC.Natural Gas.Production.Transmission,Service,BC,Natural Gas,Transmission,Transmission,unavailable,,,,constant_tech,Year,2101,2101,2101,2101,2101,2101,2101,2101,2101,2101,2101,
CIMS.CAN.BC.Natural Gas.Production.Transmission,Service,BC,Natural Gas,Transmission,Transmission,lifetime,,,,constant_tech,Years,30,30,30,30,30,30,30,30,30,30,30,
CIMS.CAN.BC.Natural Gas.Production.Transmission,Service,BC,Natural Gas,Transmission,Transmission,market_share_total,,,,annual_tech,%,0.6,,,,,,,,,,,
CIMS.CAN.BC.Natural Gas.Production.Transmission,Service,BC,Natural Gas,Transmission,Transmission,fcc,,,,constant_tech,$,108,108,108,108,108,108,108,108,108,108,108,
CIMS.CAN.BC.Natural Gas.Production.Transmission,Service,BC,Natural Gas,Transmission,Transmission,fom,,,,constant_tech,$,1,1,1,1,1,1,1,1,1,1,1,
CIMS.CAN.BC.Natural Gas.Production.Transmission,Service,BC,Natural Gas,Transmission,Transmission,service_request,,,CIMS.CAN.BC.Natural Gas.OG Diesel Blend,annual_tech,GJ,0.004,0.004,0.004,0.004,0.004,0.004,0.004,0.004,0.004,0.004,0.004,
CIMS.CAN.BC.Natural Gas.Production.Transmission,Service,BC,Natural Gas,Transmission,Transmission,service_request,,,CIMS.CAN.BC.Electricity,annual_tech,GJ,0.005,0.005,0.005,0.005,0.005,0.005,0.005,0.005,0.005,0.005,0.005,
CIMS.CAN.BC.Natural Gas.Production.Transmission,Service,BC,Natural Gas,Transmission,Transmission,service_request,,,CIMS.CAN.BC.Natural Gas.Production.Transmission.Compression,annual_tech,1000 m3,1,1,1,1,1,1,1,1,1,1,1,
CIMS.CAN.BC.Natural Gas.Production.Transmission,Service,BC,Natural Gas,Transmission,Transmission,service_request,,,CIMS.CAN.BC.Natural Gas.Production.Supply.Controls,annual_tech,1000 m3,1,1,1,1,1,1,1,1,1,1,1,
CIMS.CAN.BC.Natural Gas.Production.Transmission,Service,BC,Natural Gas,Transmission,Transmission,service_request,,,CIMS.CAN.BC.Natural Gas.Production.Supply.Pumping,annual_tech,1000 m3,1,1,1,1,1,1,1,1,1,1,1,
CIMS.CAN.BC.Natural Gas.Production.Transmission,Service,BC,Natural Gas,Transmission,Transmission,service_request,,,CIMS.CAN.BC.Natural Gas.Production.Supply.Fugitive,annual_region_tech,tCO2,0.000068,0.000068,0.000068,0.000068,0.000068,0.000068,0.000068,0.000068,0.000068,0.000068,0.000068,
CIMS.CAN.BC.Natural Gas.Production.Transmission,Service,BC,Natural Gas,Transmission,Transmission Efficient,technology,,,,,,,,,,,,,,,,,
CIMS.CAN.BC.Natural Gas.Production.Transmission,Service,BC,Natural Gas,Transmission,Transmission Efficient,available,,,,constant_tech,Year,2010,2010,2010,2010,2010,2010,2010,2010,2010,2010,2010,
CIMS.CAN.BC.Natural Gas.Production.Transmission,Service,BC,Natural Gas,Transmission,Transmission Efficient,unavailable,,,,constant_tech,Year,2101,2101,2101,2101,2101,2101,2101,2101,2101,2101,2101,
CIMS.CAN.BC.Natural Gas.Production.Transmission,Service,BC,Natural Gas,Transmission,Transmission Efficient,lifetime,,,,constant_tech,Years,30,30,30,30,30,30,30,30,30,30,30,
CIMS.CAN.BC.Natural Gas.Production.Transmission,Service,BC,Natural Gas,Transmission,Transmission Efficient,market_share_total,,,,annual_tech,%,0.4,,,,,,,,,,,
CIMS.CAN.BC.Natural Gas.Production.Transmission,Service,BC,Natural Gas,Transmission,Transmission Efficient,fcc,,,,constant_tech,$,130,130,130,130,130,130,130,130,130,130,130,
CIMS.CAN.BC.Natural Gas.Production.Transmission,Service,BC,Natural Gas,Transmission,Transmission Efficient,fom,,,,constant_tech,$,1,1,1,1,1,1,1,1,1,1,1,
CIMS.CAN.BC.Natural Gas.Production.Transmission,Service,BC,Natural Gas,Transmission,Transmission Efficient,service_request,,,CIMS.CAN.BC.Natural Gas.OG Diesel Blend,annual_tech,GJ,0.0032,0.0032,0.0032,0.0032,0.0032,0.0032,0.0032,0.0032,0.0032,0.0032,0.0032,
CIMS.CAN.BC.Natural Gas.Production.Transmission,Service,BC,Natural Gas,Transmission,Transmission Efficient,service_request,,,CIMS.CAN.BC.Electricity,annual_tech,GJ,0.004,0.004,0.004,0.004,0.004,0.004,0.004,0.004,0.004,0.004,0.004,
CIMS.CAN.BC.Natural Gas.Production.Transmission,Service,BC,Natural Gas,Transmission,Transmission Efficient,service_request,,,CIMS.CAN.BC.Natural Gas.Production.Transmission.Compression,annual_tech,1000 m3,1,1,1,1,1,1,1,1,1,1,1,
CIMS.CAN.BC.Natural Gas.Production.Transmission,Service,BC,Natural Gas,Transmission,Transmission Efficient,service_request,,,CIMS.CAN.BC.Natural Gas.Production.Supply.Controls,annual_tech,1000 m3,1,1,1,1,1,1,1,1,1,1,1,
CIMS.CAN.BC.Natural Gas.Production.Transmission,Service,BC,Natural Gas,Transmission,Transmission Efficient,service_request,,,CIMS.CAN.BC.Natural Gas.Production.Supply.Pumping,annual_tech,1000 m3,1,1,1,1,1,1,1,1,1,1,1,
CIMS.CAN.BC.Natural Gas.Production.Transmission,Service,BC,Natural Gas,Transmission,Transmission Efficient,service_request,,,CIMS.CAN.BC.Natural Gas.Production.Supply.Fugitive,annual_region_tech,tCO2,0.000068,0.000068,0.000068,0.000068,0.000068,0.000068,0.000068,0.000068,0.000068,0.000068,0.000068,
CIMS.CAN.BC.Natural Gas.Production.Transmission.Compression,Service,BC,Natural Gas,Compression,,service_provide,,,,constant_tech,1000 m3,,,,,,,,,,,,
CIMS.CAN.BC.Natural Gas.Production.Transmission.Compression,Service,BC,Natural Gas,Compression,,competition,Tech Compete,,,,,,,,,,,,,,,,
CIMS.CAN.BC.Natural Gas.Production.Transmission.Compression,Service,BC,Natural Gas,Compression,,discount_rate_financial,,,,constant_tech,%,0.35,0.35,0.35,0.35,0.35,0.35,0.35,0.35,0.35,0.35,0.35,
CIMS.CAN.BC.Natural Gas.Production.Transmission.Compression,Service,BC,Natural Gas,Compression,,heterogeneity,,,,constant_tech,,10,10,10,10,10,10,10,10,10,10,10,
CIMS.CAN.BC.Natural Gas.Production.Transmission.Compression,Service,BC,Natural Gas,Compression,Compression,technology,,,,,,,,,,,,,,,,,
CIMS.CAN.BC.Natural Gas.Production.Transmission.Compression,Service,BC,Natural Gas,Compression,Compression,available,,,,constant_tech,Year,2000,2000,2000,2000,2000,2000,2000,2000,2000,2000,2000,
CIMS.CAN.BC.Natural Gas.Production.Transmission.Compression,Service,BC,Natural Gas,Compression,Compression,unavailable,,,,constant_tech,Year,2101,2101,2101,2101,2101,2101,2101,2101,2101,2101,2101,
CIMS.CAN.BC.Natural Gas.Production.Transmission.Compression,Service,BC,Natural Gas,Compression,Compression,lifetime,,,,constant_tech,Years,30,30,30,30,30,30,30,30,30,30,30,
CIMS.CAN.BC.Natural Gas.Production.Transmission.Compression,Service,BC,Natural Gas,Compression,Compression,market_share_total,,,,annual_tech,%,1,,,,,,,,,,,
CIMS.CAN.BC.Natural Gas.Production.Transmission.Compression,Service,BC,Natural Gas,Compression,Compression,fcc,,,,constant_tech,$,410382,410382,410382,410382,410382,410382,410382,410382,410382,410382,410382,
CIMS.CAN.BC.Natural Gas.Production.Transmission.Compression,Service,BC,Natural Gas,Compression,Compression,fom,,,,constant_tech,$,23200,23200,23200,23200,23200,23200,23200,23200,23200,23200,23200,
CIMS.CAN.BC.Natural Gas.Production.Transmission.Compression,Service,BC,Natural Gas,Compression,Compression,service_request,,,CIMS.CAN.BC.Natural Gas.Production.Supply.Direct Heat,annual_tech,GJ,0.154,0.154,0.154,0.154,0.154,0.154,0.154,0.154,0.154,0.154,0.154,
CIMS.CAN.BC.Natural Gas.Production.Transmission.Compression,Service,BC,Natural Gas,Compression,Compression,service_request,,,CIMS.CAN.BC.Natural Gas.Production.Supply.Direct Drive Small,annual_tech,GJ,0.006,0.006,0.006,0.006,0.006,0.006,0.006,0.006,0.006,0.006,0.006,
CIMS.CAN.BC.Natural Gas.Production.Transmission.Compression,Service,BC,Natural Gas,Compression,Compression,service_request,,,CIMS.CAN.BC.Natural Gas.Production.Supply.Direct Drive Large,annual_tech,GJ,0.017,0.017,0.017,0.017,0.017,0.017,0.017,0.017,0.017,0.017,0.017,
CIMS.CAN.BC.Natural Gas.Production.Transmission.Compression,Service,BC,Natural Gas,Compression,Compression Efficient,technology,,,,,,,,,,,,,,,,,
CIMS.CAN.BC.Natural Gas.Production.Transmission.Compression,Service,BC,Natural Gas,Compression,Compression Efficient,available,,,,constant_tech,Year,2010,2010,2010,2010,2010,2010,2010,2010,2010,2010,2010,
CIMS.CAN.BC.Natural Gas.Production.Transmission.Compression,Service,BC,Natural Gas,Compression,Compression Efficient,unavailable,,,,constant_tech,Year,2101,2101,2101,2101,2101,2101,2101,2101,2101,2101,2101,
CIMS.CAN.BC.Natural Gas.Production.Transmission.Compression,Service,BC,Natural Gas,Compression,Compression Efficient,lifetime,,,,constant_tech,Years,30,30,30,30,30,30,30,30,30,30,30,
CIMS.CAN.BC.Natural Gas.Production.Transmission.Compression,Service,BC,Natural Gas,Compression,Compression Efficient,market_share_total,,,,annual_tech,%,0,,,,,,,,,,,
CIMS.CAN.BC.Natural Gas.Production.Transmission.Compression,Service,BC,Natural Gas,Compression,Compression Efficient,fcc,,,,constant_tech,$,584655,584655,584655,584655,584655,584655,584655,584655,584655,584655,584655,
CIMS.CAN.BC.Natural Gas.Production.Transmission.Compression,Service,BC,Natural Gas,Compression,Compression Efficient,fom,,,,constant_tech,$,23200,23200,23200,23200,23200,23200,23200,23200,23200,23200,23200,
CIMS.CAN.BC.Natural Gas.Production.Transmission.Compression,Service,BC,Natural Gas,Compression,Compression Efficient,service_request,,,CIMS.CAN.BC.Natural Gas.Production.Supply.Direct Heat,annual_tech,GJ,0.1232,0.1232,0.1232,0.1232,0.1232,0.1232,0.1232,0.1232,0.1232,0.1232,0.1232,
CIMS.CAN.BC.Natural Gas.Production.Transmission.Compression,Service,BC,Natural Gas,Compression,Compression Efficient,service_request,,,CIMS.CAN.BC.Natural Gas.Production.Supply.Direct Drive Small,annual_tech,GJ,0.0048,0.0048,0.0048,0.0048,0.0048,0.0048,0.0048,0.0048,0.0048,0.0048,0.0048,
CIMS.CAN.BC.Natural Gas.Production.Transmission.Compression,Service,BC,Natural Gas,Compression,Compression Efficient,service_request,,,CIMS.CAN.BC.Natural Gas.Production.Supply.Direct Drive Large,annual_tech,GJ,0.0136,0.0136,0.0136,0.0136,0.0136,0.0136,0.0136,0.0136,0.0136,0.0136,0.0136,
CIMS.CAN.BC.Natural Gas.Production.Distribution,Service,BC,Natural Gas,Distribution,,service_provide,,,,constant_tech,1000 m3,,,,,,,,,,,,
CIMS.CAN.BC.Natural Gas.Production.Distribution,Service,BC,Natural Gas,Distribution,,competition,Tech Compete,,,,,,,,,,,,,,,,
CIMS.CAN.BC.Natural Gas.Production.Distribution,Service,BC,Natural Gas,Distribution,Distribution,technology,,,,,,,,,,,,,,,,,
CIMS.CAN.BC.Natural Gas.Production.Distribution,Service,BC,Natural Gas,Distribution,Distribution,market_share_total,,,,annual_tech,%,1,,,,,,,,,,,
CIMS.CAN.BC.Natural Gas.Production.Distribution,Service,BC,Natural Gas,Distribution,Distribution,emissions,CO2,Process,,annual_tech,tCO2,0,0,0,0,0,0,0,0,0,0,0,
CIMS.CAN.BC.Natural Gas.Production.Distribution,Service,BC,Natural Gas,Distribution,Distribution,emissions,CH4,Process,,annual_tech,tCH4,0.001,0.0009039207968,0.00081707280689,0.00073856910265,0.00066760797176,0.00060346472978,0.00054548431938,0.00049307462062,0.00044570040395,0.00040287786427,0.00036416968009,
CIMS.CAN.BC.Natural Gas.Production.Distribution,Service,BC,Natural Gas,Distribution,Distribution,emissions,N2O,Process,,annual_tech,tN2O,0,0,0,0,0,0,0,0,0,0,0,
CIMS.CAN.BC.Natural Gas.OG Diesel Blend,Service,BC,Natural Gas,OG Diesel Blend,,service_provide,,,,constant_tech,GJ,,,,,,,,,,,,
CIMS.CAN.BC.Natural Gas.OG Diesel Blend,Service,BC,Natural Gas,OG Diesel Blend,,competition,Tech Compete,,,,,,,,,,,,,,,,
CIMS.CAN.BC.Natural Gas.OG Diesel Blend,Service,BC,Natural Gas,OG Diesel Blend,,heterogeneity,,,,constant_tech,,10,10,10,10,10,10,10,10,10,10,10,
CIMS.CAN.BC.Natural Gas.OG Diesel Blend,Service,BC,Natural Gas,OG Diesel Blend,Diesel,technology,,,,,,,,,,,,,,,,,
CIMS.CAN.BC.Natural Gas.OG Diesel Blend,Service,BC,Natural Gas,OG Diesel Blend,Diesel,available,,,,constant_tech,Year,1950,1950,1950,1950,1950,1950,1950,1950,1950,1950,1950,
CIMS.CAN.BC.Natural Gas.OG Diesel Blend,Service,BC,Natural Gas,OG Diesel Blend,Diesel,unavailable,,,,constant_tech,Year,2101,2101,2101,2101,2101,2101,2101,2101,2101,2101,2101,
CIMS.CAN.BC.Natural Gas.OG Diesel Blend,Service,BC,Natural Gas,OG Diesel Blend,Diesel,market_share_total,,,,annual_tech,%,1,,,,,,,,,,,
CIMS.CAN.BC.Natural Gas.OG Diesel Blend,Service,BC,Natural Gas,OG Diesel Blend,Diesel,service_request,,,CIMS.Generic Fuels.Diesel,annual_tech,GJ,1,1,1,1,1,1,1,1,1,1,1,
CIMS.CAN.BC.Natural Gas.OG Diesel Blend,Service,BC,Natural Gas,OG Diesel Blend,Biodiesel,technology,,,,,,,,,,,,,,,,,
CIMS.CAN.BC.Natural Gas.OG Diesel Blend,Service,BC,Natural Gas,OG Diesel Blend,Biodiesel,available,,,,constant_tech,Year,2010,2010,2010,2010,2010,2010,2010,2010,2010,2010,2010,
CIMS.CAN.BC.Natural Gas.OG Diesel Blend,Service,BC,Natural Gas,OG Diesel Blend,Biodiesel,unavailable,,,,constant_tech,Year,2101,2101,2101,2101,2101,2101,2101,2101,2101,2101,2101,
CIMS.CAN.BC.Natural Gas.OG Diesel Blend,Service,BC,Natural Gas,OG Diesel Blend,Biodiesel,market_share_total,,,,annual_tech,%,0,,,,,,,,,,,
CIMS.CAN.BC.Natural Gas.OG Diesel Blend,Service,BC,Natural Gas,OG Diesel Blend,Biodiesel,service_request,,,CIMS.CAN.BC.Biodiesel,annual_tech,GJ,1,1,1,1,1,1,1,1,1,1,1,
CIMS.CAN.BC.Natural Gas.OG Gasoline Blend,Service,BC,Natural Gas,OG Gasoline Blend,,service_provide,,,,constant_tech,GJ,,,,,,,,,,,,
CIMS.CAN.BC.Natural Gas.OG Gasoline Blend,Service,BC,Natural Gas,OG Gasoline Blend,,competition,Tech Compete,,,,,,,,,,,,,,,,
CIMS.CAN.BC.Natural Gas.OG Gasoline Blend,Service,BC,Natural Gas,OG Gasoline Blend,,heterogeneity,,,,constant_tech,,10,10,10,10,10,10,10,10,10,10,10,
CIMS.CAN.BC.Natural Gas.OG Gasoline Blend,Service,BC,Natural Gas,OG Gasoline Blend,Gasoline,technology,,,,,,,,,,,,,,,,,
CIMS.CAN.BC.Natural Gas.OG Gasoline Blend,Service,BC,Natural Gas,OG Gasoline Blend,Gasoline,available,,,,constant_tech,Year,1950,1950,1950,1950,1950,1950,1950,1950,1950,1950,1950,
CIMS.CAN.BC.Natural Gas.OG Gasoline Blend,Service,BC,Natural Gas,OG Gasoline Blend,Gasoline,unavailable,,,,constant_tech,Year,2101,2101,2101,2101,2101,2101,2101,2101,2101,2101,2101,
CIMS.CAN.BC.Natural Gas.OG Gasoline Blend,Service,BC,Natural Gas,OG Gasoline Blend,Gasoline,market_share_total,,,,annual_tech,%,1,,,,,,,,,,,
CIMS.CAN.BC.Natural Gas.OG Gasoline Blend,Service,BC,Natural Gas,OG Gasoline Blend,Gasoline,service_request,,,CIMS.Generic Fuels.Gasoline,annual_tech,GJ,1,1,1,1,1,1,1,1,1,1,1,
CIMS.CAN.BC.Natural Gas.OG Gasoline Blend,Service,BC,Natural Gas,OG Gasoline Blend,Ethanol,technology,,,,,,,,,,,,,,,,,
CIMS.CAN.BC.Natural Gas.OG Gasoline Blend,Service,BC,Natural Gas,OG Gasoline Blend,Ethanol,available,,,,constant_tech,Year,2010,2010,2010,2010,2010,2010,2010,2010,2010,2010,2010,
CIMS.CAN.BC.Natural Gas.OG Gasoline Blend,Service,BC,Natural Gas,OG Gasoline Blend,Ethanol,unavailable,,,,constant_tech,Year,2101,2101,2101,2101,2101,2101,2101,2101,2101,2101,2101,
CIMS.CAN.BC.Natural Gas.OG Gasoline Blend,Service,BC,Natural Gas,OG Gasoline Blend,Ethanol,market_share_total,,,,annual_tech,%,0,,,,,,,,,,,
CIMS.CAN.BC.Natural Gas.OG Gasoline Blend,Service,BC,Natural Gas,OG Gasoline Blend,Ethanol,service_request,,,CIMS.CAN.BC.Ethanol,annual_tech,GJ,1,1,1,1,1,1,1,1,1,1,1,
CIMS.CAN.BC.Natural Gas.OG Methane Blend,Service,BC,Natural Gas,OG Methane Blend,,service_provide,,,,constant_tech,GJ,,,,,,,,,,,,
CIMS.CAN.BC.Natural Gas.OG Methane Blend,Service,BC,Natural Gas,OG Methane Blend,,competition,Tech Compete,,,,,,,,,,,,,,,,
CIMS.CAN.BC.Natural Gas.OG Methane Blend,Service,BC,Natural Gas,OG Methane Blend,,discount_rate_financial,,,,constant_tech,%,0.2,0.2,0.2,0.2,0.2,0.2,0.2,0.2,0.2,0.2,0.2,
CIMS.CAN.BC.Natural Gas.OG Methane Blend,Service,BC,Natural Gas,OG Methane Blend,,heterogeneity,,,,constant_tech,,10,10,10,10,10,10,10,10,10,10,10,
CIMS.CAN.BC.Natural Gas.OG Methane Blend,Service,BC,Natural Gas,OG Methane Blend,Natural Gas,technology,,,,,,,,,,,,,,,,,
CIMS.CAN.BC.Natural Gas.OG Methane Blend,Service,BC,Natural Gas,OG Methane Blend,Natural Gas,available,,,,constant_tech,Year,2000,2000,2000,2000,2000,2000,2000,2000,2000,2000,2000,
CIMS.CAN.BC.Natural Gas.OG Methane Blend,Service,BC,Natural Gas,OG Methane Blend,Natural Gas,unavailable,,,,constant_tech,Year,2101,2101,2101,2101,2101,2101,2101,2101,2101,2101,2101,
CIMS.CAN.BC.Natural Gas.OG Methane Blend,Service,BC,Natural Gas,OG Methane Blend,Natural Gas,market_share_total,,,,annual_tech,%,1,,,,,,,,,,,
CIMS.CAN.BC.Natural Gas.OG Methane Blend,Service,BC,Natural Gas,OG Methane Blend,Natural Gas,service_request,,,CIMS.Generic Fuels.Natural Gas,annual_tech,GJ,1,1,1,1,1,1,1,1,1,1,1,
CIMS.CAN.BC.Natural Gas.OG Methane Blend,Service,BC,Natural Gas,OG Methane Blend,Biogas,technology,,,,,,,,,,,,,,,,,
CIMS.CAN.BC.Natural Gas.OG Methane Blend,Service,BC,Natural Gas,OG Methane Blend,Biogas,available,,,,constant_tech,Year,2010,2010,2010,2010,2010,2010,2010,2010,2010,2010,2010,
CIMS.CAN.BC.Natural Gas.OG Methane Blend,Service,BC,Natural Gas,OG Methane Blend,Biogas,unavailable,,,,constant_tech,Year,2101,2101,2101,2101,2101,2101,2101,2101,2101,2101,2101,
CIMS.CAN.BC.Natural Gas.OG Methane Blend,Service,BC,Natural Gas,OG Methane Blend,Biogas,market_share_total,,,,annual_tech,%,0,,,,,,,,,,,
CIMS.CAN.BC.Natural Gas.OG Methane Blend,Service,BC,Natural Gas,OG Methane Blend,Biogas,market_share_new_max,,,,constant_tech,%,0.01,0.01,0.01,0.01,0.01,0.01,0.01,0.01,0.01,0.01,0.01,
CIMS.CAN.BC.Natural Gas.OG Methane Blend,Service,BC,Natural Gas,OG Methane Blend,Biogas,service_request,,,CIMS.Generic Fuels.Biogas,annual_tech,GJ,1,1,1,1,1,1,1,1,1,1,1,
CIMS.CAN.BC.Natural Gas.OG Methane Blend,Service,BC,Natural Gas,OG Methane Blend,Biomass Gasification,technology,,,,,,,,,,,,,,,,,
CIMS.CAN.BC.Natural Gas.OG Methane Blend,Service,BC,Natural Gas,OG Methane Blend,Biomass Gasification,available,,,,constant_tech,Year,2030,2030,2030,2030,2030,2030,2030,2030,2030,2030,2030,
CIMS.CAN.BC.Natural Gas.OG Methane Blend,Service,BC,Natural Gas,OG Methane Blend,Biomass Gasification,unavailable,,,,constant_tech,Year,2101,2101,2101,2101,2101,2101,2101,2101,2101,2101,2101,
CIMS.CAN.BC.Natural Gas.OG Methane Blend,Service,BC,Natural Gas,OG Methane Blend,Biomass Gasification,market_share_total,,,,annual_tech,%,0,,,,,,,,,,,
CIMS.CAN.BC.Natural Gas.OG Methane Blend,Service,BC,Natural Gas,OG Methane Blend,Biomass Gasification,market_share_new_max,,,,constant_tech,%,0.03,0.03,0.03,0.03,0.03,0.03,0.03,0.03,0.03,0.03,0.03,
CIMS.CAN.BC.Natural Gas.OG Methane Blend,Service,BC,Natural Gas,OG Methane Blend,Biomass Gasification,service_request,,,CIMS.Generic Fuels.Solid Biomass,annual_tech,GJ,1,1,1,1,1,1,1,1,1,1,1,
CIMS.CAN.BC.Natural Gas.OG Methane Blend,Service,BC,Natural Gas,OG Methane Blend,Hydrogen,technology,,,,,,,,,,,,,,,,,
CIMS.CAN.BC.Natural Gas.OG Methane Blend,Service,BC,Natural Gas,OG Methane Blend,Hydrogen,available,,,,constant_tech,Year,2030,2030,2030,2030,2030,2030,2030,2030,2030,2030,2030,
CIMS.CAN.BC.Natural Gas.OG Methane Blend,Service,BC,Natural Gas,OG Methane Blend,Hydrogen,unavailable,,,,constant_tech,Year,2101,2101,2101,2101,2101,2101,2101,2101,2101,2101,2101,
CIMS.CAN.BC.Natural Gas.OG Methane Blend,Service,BC,Natural Gas,OG Methane Blend,Hydrogen,market_share_total,,,,annual_tech,%,0,,,,,,,,,,,
CIMS.CAN.BC.Natural Gas.OG Methane Blend,Service,BC,Natural Gas,OG Methane Blend,Hydrogen,market_share_new_max,,,,constant_tech,%,0.1,0.1,0.1,0.1,0.1,0.1,0.1,0.1,0.1,0.1,0.1,
CIMS.CAN.BC.Natural Gas.OG Methane Blend,Service,BC,Natural Gas,OG Methane Blend,Hydrogen,service_request,,,CIMS.CAN.BC.Hydrogen,annual_tech,GJ,1,1,1,1,1,1,1,1,1,1,1,
