region,variable,category,param,sector,energy,tech,context,sub_context,time,value,index
Canada,Carbon Sequestration|CCS,Carbon Sequestration,emissions_total_cumul_avoided,Economy,,,CO2,ALL,2015,,CanadaCarbon Sequestration|CCS2015
Canada,Carbon Sequestration|CCS,Carbon Sequestration,emissions_total_cumul_avoided,Economy,,,CO2,ALL,2020,,CanadaCarbon Sequestration|CCS2020
Canada,Carbon Sequestration|CCS,Carbon Sequestration,emissions_total_cumul_avoided,Economy,,,CO2,ALL,2025,,CanadaCarbon Sequestration|CCS2025
Canada,Carbon Sequestration|CCS,Carbon Sequestration,emissions_total_cumul_avoided,Economy,,,CO2,ALL,2030,,CanadaCarbon Sequestration|CCS2030
Canada,Carbon Sequestration|CCS,Carbon Sequestration,emissions_total_cumul_avoided,Economy,,,CO2,ALL,2035,,CanadaCarbon Sequestration|CCS2035
Canada,Carbon Sequestration|CCS,Carbon Sequestration,emissions_total_cumul_avoided,Economy,,,CO2,ALL,2040,,CanadaCarbon Sequestration|CCS2040
Canada,Carbon Sequestration|CCS,Carbon Sequestration,emissions_total_cumul_avoided,Economy,,,CO2,ALL,2045,,CanadaCarbon Sequestration|CCS2045
Canada,Carbon Sequestration|CCS,Carbon Sequestration,emissions_total_cumul_avoided,Economy,,,CO2,ALL,2050,,CanadaCarbon Sequestration|CCS2050
Canada,Emissions|CO2,Emissions,emissions_total_cumul_net,Economy,,,CO2,ALL,2015,,CanadaEmissions|CO22015
Canada,Emissions|CO2,Emissions,emissions_total_cumul_net,Economy,,,CO2,ALL,2020,,CanadaEmissions|CO22020
Canada,Emissions|CO2,Emissions,emissions_total_cumul_net,Economy,,,CO2,ALL,2025,,CanadaEmissions|CO22025
Canada,Emissions|CO2,Emissions,emissions_total_cumul_net,Economy,,,CO2,ALL,2030,,CanadaEmissions|CO22030
Canada,Emissions|CO2,Emissions,emissions_total_cumul_net,Economy,,,CO2,ALL,2035,,CanadaEmissions|CO22035
Canada,Emissions|CO2,Emissions,emissions_total_cumul_net,Economy,,,CO2,ALL,2040,,CanadaEmissions|CO22040
Canada,Emissions|CO2,Emissions,emissions_total_cumul_net,Economy,,,CO2,ALL,2045,,CanadaEmissions|CO22045
Canada,Emissions|CO2,Emissions,emissions_total_cumul_net,Economy,,,CO2,ALL,2050,,CanadaEmissions|CO22050
Canada,Emissions|CO2|Combustion,Emissions,emissions_total_cumul_net,Economy,,,CO2,Combustion,2015,,CanadaEmissions|CO2|Combustion2015
Canada,Emissions|CO2|Combustion,Emissions,emissions_total_cumul_net,Economy,,,CO2,Combustion,2020,,CanadaEmissions|CO2|Combustion2020
Canada,Emissions|CO2|Combustion,Emissions,emissions_total_cumul_net,Economy,,,CO2,Combustion,2025,,CanadaEmissions|CO2|Combustion2025
Canada,Emissions|CO2|Combustion,Emissions,emissions_total_cumul_net,Economy,,,CO2,Combustion,2030,,CanadaEmissions|CO2|Combustion2030
Canada,Emissions|CO2|Combustion,Emissions,emissions_total_cumul_net,Economy,,,CO2,Combustion,2035,,CanadaEmissions|CO2|Combustion2035
Canada,Emissions|CO2|Combustion,Emissions,emissions_total_cumul_net,Economy,,,CO2,Combustion,2040,,CanadaEmissions|CO2|Combustion2040
Canada,Emissions|CO2|Combustion,Emissions,emissions_total_cumul_net,Economy,,,CO2,Combustion,2045,,CanadaEmissions|CO2|Combustion2045
Canada,Emissions|CO2|Combustion,Emissions,emissions_total_cumul_net,Economy,,,CO2,Combustion,2050,,CanadaEmissions|CO2|Combustion2050
Canada,Emissions|CO2|Combustion|Energy|Coal,Emissions,emissions_total_cumul_net,Economy,Coal,,CO2,Combustion,2015,,CanadaEmissions|CO2|Combustion|Energy|Coal2015
Canada,Emissions|CO2|Combustion|Energy|Coal,Emissions,emissions_total_cumul_net,Economy,Coal,,CO2,Combustion,2020,,CanadaEmissions|CO2|Combustion|Energy|Coal2020
Canada,Emissions|CO2|Combustion|Energy|Coal,Emissions,emissions_total_cumul_net,Economy,Coal,,CO2,Combustion,2025,,CanadaEmissions|CO2|Combustion|Energy|Coal2025
Canada,Emissions|CO2|Combustion|Energy|Coal,Emissions,emissions_total_cumul_net,Economy,Coal,,CO2,Combustion,2030,,CanadaEmissions|CO2|Combustion|Energy|Coal2030
Canada,Emissions|CO2|Combustion|Energy|Coal,Emissions,emissions_total_cumul_net,Economy,Coal,,CO2,Combustion,2035,,CanadaEmissions|CO2|Combustion|Energy|Coal2035
Canada,Emissions|CO2|Combustion|Energy|Coal,Emissions,emissions_total_cumul_net,Economy,Coal,,CO2,Combustion,2040,,CanadaEmissions|CO2|Combustion|Energy|Coal2040
Canada,Emissions|CO2|Combustion|Energy|Coal,Emissions,emissions_total_cumul_net,Economy,Coal,,CO2,Combustion,2045,,CanadaEmissions|CO2|Combustion|Energy|Coal2045
Canada,Emissions|CO2|Combustion|Energy|Coal,Emissions,emissions_total_cumul_net,Economy,Coal,,CO2,Combustion,2050,,CanadaEmissions|CO2|Combustion|Energy|Coal2050
Canada,Emissions|CO2|Combustion|Energy|Gas,Emissions,emissions_total_cumul_net,Economy,Gas,,CO2,Combustion,2015,,CanadaEmissions|CO2|Combustion|Energy|Gas2015
Canada,Emissions|CO2|Combustion|Energy|Gas,Emissions,emissions_total_cumul_net,Economy,Gas,,CO2,Combustion,2020,,CanadaEmissions|CO2|Combustion|Energy|Gas2020
Canada,Emissions|CO2|Combustion|Energy|Gas,Emissions,emissions_total_cumul_net,Economy,Gas,,CO2,Combustion,2025,,CanadaEmissions|CO2|Combustion|Energy|Gas2025
Canada,Emissions|CO2|Combustion|Energy|Gas,Emissions,emissions_total_cumul_net,Economy,Gas,,CO2,Combustion,2030,,CanadaEmissions|CO2|Combustion|Energy|Gas2030
Canada,Emissions|CO2|Combustion|Energy|Gas,Emissions,emissions_total_cumul_net,Economy,Gas,,CO2,Combustion,2035,,CanadaEmissions|CO2|Combustion|Energy|Gas2035
Canada,Emissions|CO2|Combustion|Energy|Gas,Emissions,emissions_total_cumul_net,Economy,Gas,,CO2,Combustion,2040,,CanadaEmissions|CO2|Combustion|Energy|Gas2040
Canada,Emissions|CO2|Combustion|Energy|Gas,Emissions,emissions_total_cumul_net,Economy,Gas,,CO2,Combustion,2045,,CanadaEmissions|CO2|Combustion|Energy|Gas2045
Canada,Emissions|CO2|Combustion|Energy|Gas,Emissions,emissions_total_cumul_net,Economy,Gas,,CO2,Combustion,2050,,CanadaEmissions|CO2|Combustion|Energy|Gas2050
Canada,Emissions|CO2|Combustion|Energy|Oil,Emissions,emissions_total_cumul_net,Economy,Oil,,CO2,Combustion,2015,,CanadaEmissions|CO2|Combustion|Energy|Oil2015
Canada,Emissions|CO2|Combustion|Energy|Oil,Emissions,emissions_total_cumul_net,Economy,Oil,,CO2,Combustion,2020,,CanadaEmissions|CO2|Combustion|Energy|Oil2020
Canada,Emissions|CO2|Combustion|Energy|Oil,Emissions,emissions_total_cumul_net,Economy,Oil,,CO2,Combustion,2025,,CanadaEmissions|CO2|Combustion|Energy|Oil2025
Canada,Emissions|CO2|Combustion|Energy|Oil,Emissions,emissions_total_cumul_net,Economy,Oil,,CO2,Combustion,2030,,CanadaEmissions|CO2|Combustion|Energy|Oil2030
Canada,Emissions|CO2|Combustion|Energy|Oil,Emissions,emissions_total_cumul_net,Economy,Oil,,CO2,Combustion,2035,,CanadaEmissions|CO2|Combustion|Energy|Oil2035
Canada,Emissions|CO2|Combustion|Energy|Oil,Emissions,emissions_total_cumul_net,Economy,Oil,,CO2,Combustion,2040,,CanadaEmissions|CO2|Combustion|Energy|Oil2040
Canada,Emissions|CO2|Combustion|Energy|Oil,Emissions,emissions_total_cumul_net,Economy,Oil,,CO2,Combustion,2045,,CanadaEmissions|CO2|Combustion|Energy|Oil2045
Canada,Emissions|CO2|Combustion|Energy|Oil,Emissions,emissions_total_cumul_net,Economy,Oil,,CO2,Combustion,2050,,CanadaEmissions|CO2|Combustion|Energy|Oil2050
Canada,Emissions|CO2|Combustion|Sector|Biomass Liquids,Emissions,emissions_total_cumul_net,Biofuels,,,CO2,Combustion,2015,,CanadaEmissions|CO2|Combustion|Sector|Biomass Liquids2015
Canada,Emissions|CO2|Combustion|Sector|Biomass Liquids,Emissions,emissions_total_cumul_net,Biofuels,,,CO2,Combustion,2020,,CanadaEmissions|CO2|Combustion|Sector|Biomass Liquids2020
Canada,Emissions|CO2|Combustion|Sector|Biomass Liquids,Emissions,emissions_total_cumul_net,Biofuels,,,CO2,Combustion,2025,,CanadaEmissions|CO2|Combustion|Sector|Biomass Liquids2025
Canada,Emissions|CO2|Combustion|Sector|Biomass Liquids,Emissions,emissions_total_cumul_net,Biofuels,,,CO2,Combustion,2030,,CanadaEmissions|CO2|Combustion|Sector|Biomass Liquids2030
Canada,Emissions|CO2|Combustion|Sector|Biomass Liquids,Emissions,emissions_total_cumul_net,Biofuels,,,CO2,Combustion,2035,,CanadaEmissions|CO2|Combustion|Sector|Biomass Liquids2035
Canada,Emissions|CO2|Combustion|Sector|Biomass Liquids,Emissions,emissions_total_cumul_net,Biofuels,,,CO2,Combustion,2040,,CanadaEmissions|CO2|Combustion|Sector|Biomass Liquids2040
Canada,Emissions|CO2|Combustion|Sector|Biomass Liquids,Emissions,emissions_total_cumul_net,Biofuels,,,CO2,Combustion,2045,,CanadaEmissions|CO2|Combustion|Sector|Biomass Liquids2045
Canada,Emissions|CO2|Combustion|Sector|Biomass Liquids,Emissions,emissions_total_cumul_net,Biofuels,,,CO2,Combustion,2050,,CanadaEmissions|CO2|Combustion|Sector|Biomass Liquids2050
Canada,Emissions|CO2|Combustion|Sector|Buildings,Emissions,emissions_total_cumul_net,Buildings,,,CO2,Combustion,2015,,CanadaEmissions|CO2|Combustion|Sector|Buildings2015
Canada,Emissions|CO2|Combustion|Sector|Buildings,Emissions,emissions_total_cumul_net,Buildings,,,CO2,Combustion,2020,,CanadaEmissions|CO2|Combustion|Sector|Buildings2020
Canada,Emissions|CO2|Combustion|Sector|Buildings,Emissions,emissions_total_cumul_net,Buildings,,,CO2,Combustion,2025,,CanadaEmissions|CO2|Combustion|Sector|Buildings2025
Canada,Emissions|CO2|Combustion|Sector|Buildings,Emissions,emissions_total_cumul_net,Buildings,,,CO2,Combustion,2030,,CanadaEmissions|CO2|Combustion|Sector|Buildings2030
Canada,Emissions|CO2|Combustion|Sector|Buildings,Emissions,emissions_total_cumul_net,Buildings,,,CO2,Combustion,2035,,CanadaEmissions|CO2|Combustion|Sector|Buildings2035
Canada,Emissions|CO2|Combustion|Sector|Buildings,Emissions,emissions_total_cumul_net,Buildings,,,CO2,Combustion,2040,,CanadaEmissions|CO2|Combustion|Sector|Buildings2040
Canada,Emissions|CO2|Combustion|Sector|Buildings,Emissions,emissions_total_cumul_net,Buildings,,,CO2,Combustion,2045,,CanadaEmissions|CO2|Combustion|Sector|Buildings2045
Canada,Emissions|CO2|Combustion|Sector|Buildings,Emissions,emissions_total_cumul_net,Buildings,,,CO2,Combustion,2050,,CanadaEmissions|CO2|Combustion|Sector|Buildings2050
Canada,Emissions|CO2|Combustion|Sector|Electricity,Emissions,emissions_total_cumul_net,Electricity,,,CO2,Combustion,2015,,CanadaEmissions|CO2|Combustion|Sector|Electricity2015
Canada,Emissions|CO2|Combustion|Sector|Electricity,Emissions,emissions_total_cumul_net,Electricity,,,CO2,Combustion,2020,,CanadaEmissions|CO2|Combustion|Sector|Electricity2020
Canada,Emissions|CO2|Combustion|Sector|Electricity,Emissions,emissions_total_cumul_net,Electricity,,,CO2,Combustion,2025,,CanadaEmissions|CO2|Combustion|Sector|Electricity2025
Canada,Emissions|CO2|Combustion|Sector|Electricity,Emissions,emissions_total_cumul_net,Electricity,,,CO2,Combustion,2030,,CanadaEmissions|CO2|Combustion|Sector|Electricity2030
Canada,Emissions|CO2|Combustion|Sector|Electricity,Emissions,emissions_total_cumul_net,Electricity,,,CO2,Combustion,2035,,CanadaEmissions|CO2|Combustion|Sector|Electricity2035
Canada,Emissions|CO2|Combustion|Sector|Electricity,Emissions,emissions_total_cumul_net,Electricity,,,CO2,Combustion,2040,,CanadaEmissions|CO2|Combustion|Sector|Electricity2040
Canada,Emissions|CO2|Combustion|Sector|Electricity,Emissions,emissions_total_cumul_net,Electricity,,,CO2,Combustion,2045,,CanadaEmissions|CO2|Combustion|Sector|Electricity2045
Canada,Emissions|CO2|Combustion|Sector|Electricity,Emissions,emissions_total_cumul_net,Electricity,,,CO2,Combustion,2050,,CanadaEmissions|CO2|Combustion|Sector|Electricity2050
Canada,Emissions|CO2|Combustion|Sector|Hydrogen,Emissions,emissions_total_cumul_net,Hydrogen,,,CO2,Combustion,2015,,CanadaEmissions|CO2|Combustion|Sector|Hydrogen2015
Canada,Emissions|CO2|Combustion|Sector|Hydrogen,Emissions,emissions_total_cumul_net,Hydrogen,,,CO2,Combustion,2020,,CanadaEmissions|CO2|Combustion|Sector|Hydrogen2020
Canada,Emissions|CO2|Combustion|Sector|Hydrogen,Emissions,emissions_total_cumul_net,Hydrogen,,,CO2,Combustion,2025,,CanadaEmissions|CO2|Combustion|Sector|Hydrogen2025
Canada,Emissions|CO2|Combustion|Sector|Hydrogen,Emissions,emissions_total_cumul_net,Hydrogen,,,CO2,Combustion,2030,,CanadaEmissions|CO2|Combustion|Sector|Hydrogen2030
Canada,Emissions|CO2|Combustion|Sector|Hydrogen,Emissions,emissions_total_cumul_net,Hydrogen,,,CO2,Combustion,2035,,CanadaEmissions|CO2|Combustion|Sector|Hydrogen2035
Canada,Emissions|CO2|Combustion|Sector|Hydrogen,Emissions,emissions_total_cumul_net,Hydrogen,,,CO2,Combustion,2040,,CanadaEmissions|CO2|Combustion|Sector|Hydrogen2040
Canada,Emissions|CO2|Combustion|Sector|Hydrogen,Emissions,emissions_total_cumul_net,Hydrogen,,,CO2,Combustion,2045,,CanadaEmissions|CO2|Combustion|Sector|Hydrogen2045
Canada,Emissions|CO2|Combustion|Sector|Hydrogen,Emissions,emissions_total_cumul_net,Hydrogen,,,CO2,Combustion,2050,,CanadaEmissions|CO2|Combustion|Sector|Hydrogen2050
Canada,Emissions|CO2|Combustion|Sector|Industry,Emissions,emissions_total_cumul_net,Industry,,,CO2,Combustion,2015,,CanadaEmissions|CO2|Combustion|Sector|Industry2015
Canada,Emissions|CO2|Combustion|Sector|Industry,Emissions,emissions_total_cumul_net,Industry,,,CO2,Combustion,2020,,CanadaEmissions|CO2|Combustion|Sector|Industry2020
Canada,Emissions|CO2|Combustion|Sector|Industry,Emissions,emissions_total_cumul_net,Industry,,,CO2,Combustion,2025,,CanadaEmissions|CO2|Combustion|Sector|Industry2025
Canada,Emissions|CO2|Combustion|Sector|Industry,Emissions,emissions_total_cumul_net,Industry,,,CO2,Combustion,2030,,CanadaEmissions|CO2|Combustion|Sector|Industry2030
Canada,Emissions|CO2|Combustion|Sector|Industry,Emissions,emissions_total_cumul_net,Industry,,,CO2,Combustion,2035,,CanadaEmissions|CO2|Combustion|Sector|Industry2035
Canada,Emissions|CO2|Combustion|Sector|Industry,Emissions,emissions_total_cumul_net,Industry,,,CO2,Combustion,2040,,CanadaEmissions|CO2|Combustion|Sector|Industry2040
Canada,Emissions|CO2|Combustion|Sector|Industry,Emissions,emissions_total_cumul_net,Industry,,,CO2,Combustion,2045,,CanadaEmissions|CO2|Combustion|Sector|Industry2045
Canada,Emissions|CO2|Combustion|Sector|Industry,Emissions,emissions_total_cumul_net,Industry,,,CO2,Combustion,2050,,CanadaEmissions|CO2|Combustion|Sector|Industry2050
Canada,Emissions|CO2|Combustion|Sector|Industry|Non Mfg|Petroleum Refining,Emissions,emissions_total_cumul_net,Petroleum Refining,,,CO2,Combustion,2015,,CanadaEmissions|CO2|Combustion|Sector|Industry|Non Mfg|Petroleum Refining2015
Canada,Emissions|CO2|Combustion|Sector|Industry|Non Mfg|Petroleum Refining,Emissions,emissions_total_cumul_net,Petroleum Refining,,,CO2,Combustion,2020,,CanadaEmissions|CO2|Combustion|Sector|Industry|Non Mfg|Petroleum Refining2020
Canada,Emissions|CO2|Combustion|Sector|Industry|Non Mfg|Petroleum Refining,Emissions,emissions_total_cumul_net,Petroleum Refining,,,CO2,Combustion,2025,,CanadaEmissions|CO2|Combustion|Sector|Industry|Non Mfg|Petroleum Refining2025
Canada,Emissions|CO2|Combustion|Sector|Industry|Non Mfg|Petroleum Refining,Emissions,emissions_total_cumul_net,Petroleum Refining,,,CO2,Combustion,2030,,CanadaEmissions|CO2|Combustion|Sector|Industry|Non Mfg|Petroleum Refining2030
Canada,Emissions|CO2|Combustion|Sector|Industry|Non Mfg|Petroleum Refining,Emissions,emissions_total_cumul_net,Petroleum Refining,,,CO2,Combustion,2035,,CanadaEmissions|CO2|Combustion|Sector|Industry|Non Mfg|Petroleum Refining2035
Canada,Emissions|CO2|Combustion|Sector|Industry|Non Mfg|Petroleum Refining,Emissions,emissions_total_cumul_net,Petroleum Refining,,,CO2,Combustion,2040,,CanadaEmissions|CO2|Combustion|Sector|Industry|Non Mfg|Petroleum Refining2040
Canada,Emissions|CO2|Combustion|Sector|Industry|Non Mfg|Petroleum Refining,Emissions,emissions_total_cumul_net,Petroleum Refining,,,CO2,Combustion,2045,,CanadaEmissions|CO2|Combustion|Sector|Industry|Non Mfg|Petroleum Refining2045
Canada,Emissions|CO2|Combustion|Sector|Industry|Non Mfg|Petroleum Refining,Emissions,emissions_total_cumul_net,Petroleum Refining,,,CO2,Combustion,2050,,CanadaEmissions|CO2|Combustion|Sector|Industry|Non Mfg|Petroleum Refining2050
Canada,Emissions|CO2|Combustion|Sector|Transportation,Emissions,emissions_total_cumul_net,Transport,,,CO2,Combustion,2015,,CanadaEmissions|CO2|Combustion|Sector|Transportation2015
Canada,Emissions|CO2|Combustion|Sector|Transportation,Emissions,emissions_total_cumul_net,Transport,,,CO2,Combustion,2020,,CanadaEmissions|CO2|Combustion|Sector|Transportation2020
Canada,Emissions|CO2|Combustion|Sector|Transportation,Emissions,emissions_total_cumul_net,Transport,,,CO2,Combustion,2025,,CanadaEmissions|CO2|Combustion|Sector|Transportation2025
Canada,Emissions|CO2|Combustion|Sector|Transportation,Emissions,emissions_total_cumul_net,Transport,,,CO2,Combustion,2030,,CanadaEmissions|CO2|Combustion|Sector|Transportation2030
Canada,Emissions|CO2|Combustion|Sector|Transportation,Emissions,emissions_total_cumul_net,Transport,,,CO2,Combustion,2035,,CanadaEmissions|CO2|Combustion|Sector|Transportation2035
Canada,Emissions|CO2|Combustion|Sector|Transportation,Emissions,emissions_total_cumul_net,Transport,,,CO2,Combustion,2040,,CanadaEmissions|CO2|Combustion|Sector|Transportation2040
Canada,Emissions|CO2|Combustion|Sector|Transportation,Emissions,emissions_total_cumul_net,Transport,,,CO2,Combustion,2045,,CanadaEmissions|CO2|Combustion|Sector|Transportation2045
Canada,Emissions|CO2|Combustion|Sector|Transportation,Emissions,emissions_total_cumul_net,Transport,,,CO2,Combustion,2050,,CanadaEmissions|CO2|Combustion|Sector|Transportation2050
Canada,Emissions|CO2|Industrial Process,Emissions,emissions_total_cumul_net,Economy,,,CO2,Process,2015,,CanadaEmissions|CO2|Industrial Process2015
Canada,Emissions|CO2|Industrial Process,Emissions,emissions_total_cumul_net,Economy,,,CO2,Process,2020,,CanadaEmissions|CO2|Industrial Process2020
Canada,Emissions|CO2|Industrial Process,Emissions,emissions_total_cumul_net,Economy,,,CO2,Process,2025,,CanadaEmissions|CO2|Industrial Process2025
Canada,Emissions|CO2|Industrial Process,Emissions,emissions_total_cumul_net,Economy,,,CO2,Process,2030,,CanadaEmissions|CO2|Industrial Process2030
Canada,Emissions|CO2|Industrial Process,Emissions,emissions_total_cumul_net,Economy,,,CO2,Process,2035,,CanadaEmissions|CO2|Industrial Process2035
Canada,Emissions|CO2|Industrial Process,Emissions,emissions_total_cumul_net,Economy,,,CO2,Process,2040,,CanadaEmissions|CO2|Industrial Process2040
Canada,Emissions|CO2|Industrial Process,Emissions,emissions_total_cumul_net,Economy,,,CO2,Process,2045,,CanadaEmissions|CO2|Industrial Process2045
Canada,Emissions|CO2|Industrial Process,Emissions,emissions_total_cumul_net,Economy,,,CO2,Process,2050,,CanadaEmissions|CO2|Industrial Process2050
Canada,Emissions|GHG Total,Emissions,emissions_total_cumul_net,Economy,,,GHG,ALL,2015,,CanadaEmissions|GHG Total2015
Canada,Emissions|GHG Total,Emissions,emissions_total_cumul_net,Economy,,,GHG,ALL,2020,,CanadaEmissions|GHG Total2020
Canada,Emissions|GHG Total,Emissions,emissions_total_cumul_net,Economy,,,GHG,ALL,2025,,CanadaEmissions|GHG Total2025
Canada,Emissions|GHG Total,Emissions,emissions_total_cumul_net,Economy,,,GHG,ALL,2030,,CanadaEmissions|GHG Total2030
Canada,Emissions|GHG Total,Emissions,emissions_total_cumul_net,Economy,,,GHG,ALL,2035,,CanadaEmissions|GHG Total2035
Canada,Emissions|GHG Total,Emissions,emissions_total_cumul_net,Economy,,,GHG,ALL,2040,,CanadaEmissions|GHG Total2040
Canada,Emissions|GHG Total,Emissions,emissions_total_cumul_net,Economy,,,GHG,ALL,2045,,CanadaEmissions|GHG Total2045
Canada,Emissions|GHG Total,Emissions,emissions_total_cumul_net,Economy,,,GHG,ALL,2050,,CanadaEmissions|GHG Total2050
Canada,Emissions|GHG Total|Combustion,Emissions,emissions_total_cumul_net,Economy,,,GHG,Combustion,2015,,CanadaEmissions|GHG Total|Combustion2015
Canada,Emissions|GHG Total|Combustion,Emissions,emissions_total_cumul_net,Economy,,,GHG,Combustion,2020,,CanadaEmissions|GHG Total|Combustion2020
Canada,Emissions|GHG Total|Combustion,Emissions,emissions_total_cumul_net,Economy,,,GHG,Combustion,2025,,CanadaEmissions|GHG Total|Combustion2025
Canada,Emissions|GHG Total|Combustion,Emissions,emissions_total_cumul_net,Economy,,,GHG,Combustion,2030,,CanadaEmissions|GHG Total|Combustion2030
Canada,Emissions|GHG Total|Combustion,Emissions,emissions_total_cumul_net,Economy,,,GHG,Combustion,2035,,CanadaEmissions|GHG Total|Combustion2035
Canada,Emissions|GHG Total|Combustion,Emissions,emissions_total_cumul_net,Economy,,,GHG,Combustion,2040,,CanadaEmissions|GHG Total|Combustion2040
Canada,Emissions|GHG Total|Combustion,Emissions,emissions_total_cumul_net,Economy,,,GHG,Combustion,2045,,CanadaEmissions|GHG Total|Combustion2045
Canada,Emissions|GHG Total|Combustion,Emissions,emissions_total_cumul_net,Economy,,,GHG,Combustion,2050,,CanadaEmissions|GHG Total|Combustion2050
Canada,Emissions|GHG Total|Combustion|Energy|Coal,Emissions,emissions_total_cumul_net,Economy,Coal,,GHG,Combustion,2015,,CanadaEmissions|GHG Total|Combustion|Energy|Coal2015
Canada,Emissions|GHG Total|Combustion|Energy|Coal,Emissions,emissions_total_cumul_net,Economy,Coal,,GHG,Combustion,2020,,CanadaEmissions|GHG Total|Combustion|Energy|Coal2020
Canada,Emissions|GHG Total|Combustion|Energy|Coal,Emissions,emissions_total_cumul_net,Economy,Coal,,GHG,Combustion,2025,,CanadaEmissions|GHG Total|Combustion|Energy|Coal2025
Canada,Emissions|GHG Total|Combustion|Energy|Coal,Emissions,emissions_total_cumul_net,Economy,Coal,,GHG,Combustion,2030,,CanadaEmissions|GHG Total|Combustion|Energy|Coal2030
Canada,Emissions|GHG Total|Combustion|Energy|Coal,Emissions,emissions_total_cumul_net,Economy,Coal,,GHG,Combustion,2035,,CanadaEmissions|GHG Total|Combustion|Energy|Coal2035
Canada,Emissions|GHG Total|Combustion|Energy|Coal,Emissions,emissions_total_cumul_net,Economy,Coal,,GHG,Combustion,2040,,CanadaEmissions|GHG Total|Combustion|Energy|Coal2040
Canada,Emissions|GHG Total|Combustion|Energy|Coal,Emissions,emissions_total_cumul_net,Economy,Coal,,GHG,Combustion,2045,,CanadaEmissions|GHG Total|Combustion|Energy|Coal2045
Canada,Emissions|GHG Total|Combustion|Energy|Coal,Emissions,emissions_total_cumul_net,Economy,Coal,,GHG,Combustion,2050,,CanadaEmissions|GHG Total|Combustion|Energy|Coal2050
Canada,Emissions|GHG Total|Combustion|Energy|Gas,Emissions,emissions_total_cumul_net,Economy,Gas,,GHG,Combustion,2015,,CanadaEmissions|GHG Total|Combustion|Energy|Gas2015
Canada,Emissions|GHG Total|Combustion|Energy|Gas,Emissions,emissions_total_cumul_net,Economy,Gas,,GHG,Combustion,2020,,CanadaEmissions|GHG Total|Combustion|Energy|Gas2020
Canada,Emissions|GHG Total|Combustion|Energy|Gas,Emissions,emissions_total_cumul_net,Economy,Gas,,GHG,Combustion,2025,,CanadaEmissions|GHG Total|Combustion|Energy|Gas2025
Canada,Emissions|GHG Total|Combustion|Energy|Gas,Emissions,emissions_total_cumul_net,Economy,Gas,,GHG,Combustion,2030,,CanadaEmissions|GHG Total|Combustion|Energy|Gas2030
Canada,Emissions|GHG Total|Combustion|Energy|Gas,Emissions,emissions_total_cumul_net,Economy,Gas,,GHG,Combustion,2035,,CanadaEmissions|GHG Total|Combustion|Energy|Gas2035
Canada,Emissions|GHG Total|Combustion|Energy|Gas,Emissions,emissions_total_cumul_net,Economy,Gas,,GHG,Combustion,2040,,CanadaEmissions|GHG Total|Combustion|Energy|Gas2040
Canada,Emissions|GHG Total|Combustion|Energy|Gas,Emissions,emissions_total_cumul_net,Economy,Gas,,GHG,Combustion,2045,,CanadaEmissions|GHG Total|Combustion|Energy|Gas2045
Canada,Emissions|GHG Total|Combustion|Energy|Gas,Emissions,emissions_total_cumul_net,Economy,Gas,,GHG,Combustion,2050,,CanadaEmissions|GHG Total|Combustion|Energy|Gas2050
Canada,Emissions|GHG Total|Combustion|Energy|Oil,Emissions,emissions_total_cumul_net,Economy,Oil,,GHG,Combustion,2015,,CanadaEmissions|GHG Total|Combustion|Energy|Oil2015
Canada,Emissions|GHG Total|Combustion|Energy|Oil,Emissions,emissions_total_cumul_net,Economy,Oil,,GHG,Combustion,2020,,CanadaEmissions|GHG Total|Combustion|Energy|Oil2020
Canada,Emissions|GHG Total|Combustion|Energy|Oil,Emissions,emissions_total_cumul_net,Economy,Oil,,GHG,Combustion,2025,,CanadaEmissions|GHG Total|Combustion|Energy|Oil2025
Canada,Emissions|GHG Total|Combustion|Energy|Oil,Emissions,emissions_total_cumul_net,Economy,Oil,,GHG,Combustion,2030,,CanadaEmissions|GHG Total|Combustion|Energy|Oil2030
Canada,Emissions|GHG Total|Combustion|Energy|Oil,Emissions,emissions_total_cumul_net,Economy,Oil,,GHG,Combustion,2035,,CanadaEmissions|GHG Total|Combustion|Energy|Oil2035
Canada,Emissions|GHG Total|Combustion|Energy|Oil,Emissions,emissions_total_cumul_net,Economy,Oil,,GHG,Combustion,2040,,CanadaEmissions|GHG Total|Combustion|Energy|Oil2040
Canada,Emissions|GHG Total|Combustion|Energy|Oil,Emissions,emissions_total_cumul_net,Economy,Oil,,GHG,Combustion,2045,,CanadaEmissions|GHG Total|Combustion|Energy|Oil2045
Canada,Emissions|GHG Total|Combustion|Energy|Oil,Emissions,emissions_total_cumul_net,Economy,Oil,,GHG,Combustion,2050,,CanadaEmissions|GHG Total|Combustion|Energy|Oil2050
Canada,Emissions|GHG Total|Combustion|Sector|Biomass Liquids,Emissions,emissions_total_cumul_net,Biofuels,,,GHG,Combustion,2015,,CanadaEmissions|GHG Total|Combustion|Sector|Biomass Liquids2015
Canada,Emissions|GHG Total|Combustion|Sector|Biomass Liquids,Emissions,emissions_total_cumul_net,Biofuels,,,GHG,Combustion,2020,,CanadaEmissions|GHG Total|Combustion|Sector|Biomass Liquids2020
Canada,Emissions|GHG Total|Combustion|Sector|Biomass Liquids,Emissions,emissions_total_cumul_net,Biofuels,,,GHG,Combustion,2025,,CanadaEmissions|GHG Total|Combustion|Sector|Biomass Liquids2025
Canada,Emissions|GHG Total|Combustion|Sector|Biomass Liquids,Emissions,emissions_total_cumul_net,Biofuels,,,GHG,Combustion,2030,,CanadaEmissions|GHG Total|Combustion|Sector|Biomass Liquids2030
Canada,Emissions|GHG Total|Combustion|Sector|Biomass Liquids,Emissions,emissions_total_cumul_net,Biofuels,,,GHG,Combustion,2035,,CanadaEmissions|GHG Total|Combustion|Sector|Biomass Liquids2035
Canada,Emissions|GHG Total|Combustion|Sector|Biomass Liquids,Emissions,emissions_total_cumul_net,Biofuels,,,GHG,Combustion,2040,,CanadaEmissions|GHG Total|Combustion|Sector|Biomass Liquids2040
Canada,Emissions|GHG Total|Combustion|Sector|Biomass Liquids,Emissions,emissions_total_cumul_net,Biofuels,,,GHG,Combustion,2045,,CanadaEmissions|GHG Total|Combustion|Sector|Biomass Liquids2045
Canada,Emissions|GHG Total|Combustion|Sector|Biomass Liquids,Emissions,emissions_total_cumul_net,Biofuels,,,GHG,Combustion,2050,,CanadaEmissions|GHG Total|Combustion|Sector|Biomass Liquids2050
Canada,Emissions|GHG Total|Combustion|Sector|Buildings,Emissions,emissions_total_cumul_net,Buildings,,,GHG,Combustion,2015,,CanadaEmissions|GHG Total|Combustion|Sector|Buildings2015
Canada,Emissions|GHG Total|Combustion|Sector|Buildings,Emissions,emissions_total_cumul_net,Buildings,,,GHG,Combustion,2020,,CanadaEmissions|GHG Total|Combustion|Sector|Buildings2020
Canada,Emissions|GHG Total|Combustion|Sector|Buildings,Emissions,emissions_total_cumul_net,Buildings,,,GHG,Combustion,2025,,CanadaEmissions|GHG Total|Combustion|Sector|Buildings2025
Canada,Emissions|GHG Total|Combustion|Sector|Buildings,Emissions,emissions_total_cumul_net,Buildings,,,GHG,Combustion,2030,,CanadaEmissions|GHG Total|Combustion|Sector|Buildings2030
Canada,Emissions|GHG Total|Combustion|Sector|Buildings,Emissions,emissions_total_cumul_net,Buildings,,,GHG,Combustion,2035,,CanadaEmissions|GHG Total|Combustion|Sector|Buildings2035
Canada,Emissions|GHG Total|Combustion|Sector|Buildings,Emissions,emissions_total_cumul_net,Buildings,,,GHG,Combustion,2040,,CanadaEmissions|GHG Total|Combustion|Sector|Buildings2040
Canada,Emissions|GHG Total|Combustion|Sector|Buildings,Emissions,emissions_total_cumul_net,Buildings,,,GHG,Combustion,2045,,CanadaEmissions|GHG Total|Combustion|Sector|Buildings2045
Canada,Emissions|GHG Total|Combustion|Sector|Buildings,Emissions,emissions_total_cumul_net,Buildings,,,GHG,Combustion,2050,,CanadaEmissions|GHG Total|Combustion|Sector|Buildings2050
Canada,Emissions|GHG Total|Combustion|Sector|Electricity,Emissions,emissions_total_cumul_net,Electricity,,,GHG,Combustion,2015,,CanadaEmissions|GHG Total|Combustion|Sector|Electricity2015
Canada,Emissions|GHG Total|Combustion|Sector|Electricity,Emissions,emissions_total_cumul_net,Electricity,,,GHG,Combustion,2020,,CanadaEmissions|GHG Total|Combustion|Sector|Electricity2020
Canada,Emissions|GHG Total|Combustion|Sector|Electricity,Emissions,emissions_total_cumul_net,Electricity,,,GHG,Combustion,2025,,CanadaEmissions|GHG Total|Combustion|Sector|Electricity2025
Canada,Emissions|GHG Total|Combustion|Sector|Electricity,Emissions,emissions_total_cumul_net,Electricity,,,GHG,Combustion,2030,,CanadaEmissions|GHG Total|Combustion|Sector|Electricity2030
Canada,Emissions|GHG Total|Combustion|Sector|Electricity,Emissions,emissions_total_cumul_net,Electricity,,,GHG,Combustion,2035,,CanadaEmissions|GHG Total|Combustion|Sector|Electricity2035
Canada,Emissions|GHG Total|Combustion|Sector|Electricity,Emissions,emissions_total_cumul_net,Electricity,,,GHG,Combustion,2040,,CanadaEmissions|GHG Total|Combustion|Sector|Electricity2040
Canada,Emissions|GHG Total|Combustion|Sector|Electricity,Emissions,emissions_total_cumul_net,Electricity,,,GHG,Combustion,2045,,CanadaEmissions|GHG Total|Combustion|Sector|Electricity2045
Canada,Emissions|GHG Total|Combustion|Sector|Electricity,Emissions,emissions_total_cumul_net,Electricity,,,GHG,Combustion,2050,,CanadaEmissions|GHG Total|Combustion|Sector|Electricity2050
Canada,Emissions|GHG Total|Combustion|Sector|Hydrogen,Emissions,emissions_total_cumul_net,Hydrogen,,,GHG,Combustion,2015,,CanadaEmissions|GHG Total|Combustion|Sector|Hydrogen2015
Canada,Emissions|GHG Total|Combustion|Sector|Hydrogen,Emissions,emissions_total_cumul_net,Hydrogen,,,GHG,Combustion,2020,,CanadaEmissions|GHG Total|Combustion|Sector|Hydrogen2020
Canada,Emissions|GHG Total|Combustion|Sector|Hydrogen,Emissions,emissions_total_cumul_net,Hydrogen,,,GHG,Combustion,2025,,CanadaEmissions|GHG Total|Combustion|Sector|Hydrogen2025
Canada,Emissions|GHG Total|Combustion|Sector|Hydrogen,Emissions,emissions_total_cumul_net,Hydrogen,,,GHG,Combustion,2030,,CanadaEmissions|GHG Total|Combustion|Sector|Hydrogen2030
Canada,Emissions|GHG Total|Combustion|Sector|Hydrogen,Emissions,emissions_total_cumul_net,Hydrogen,,,GHG,Combustion,2035,,CanadaEmissions|GHG Total|Combustion|Sector|Hydrogen2035
Canada,Emissions|GHG Total|Combustion|Sector|Hydrogen,Emissions,emissions_total_cumul_net,Hydrogen,,,GHG,Combustion,2040,,CanadaEmissions|GHG Total|Combustion|Sector|Hydrogen2040
Canada,Emissions|GHG Total|Combustion|Sector|Hydrogen,Emissions,emissions_total_cumul_net,Hydrogen,,,GHG,Combustion,2045,,CanadaEmissions|GHG Total|Combustion|Sector|Hydrogen2045
Canada,Emissions|GHG Total|Combustion|Sector|Hydrogen,Emissions,emissions_total_cumul_net,Hydrogen,,,GHG,Combustion,2050,,CanadaEmissions|GHG Total|Combustion|Sector|Hydrogen2050
Canada,Emissions|GHG Total|Combustion|Sector|Industry,Emissions,emissions_total_cumul_net,Industry,,,GHG,Combustion,2015,,CanadaEmissions|GHG Total|Combustion|Sector|Industry2015
Canada,Emissions|GHG Total|Combustion|Sector|Industry,Emissions,emissions_total_cumul_net,Industry,,,GHG,Combustion,2020,,CanadaEmissions|GHG Total|Combustion|Sector|Industry2020
Canada,Emissions|GHG Total|Combustion|Sector|Industry,Emissions,emissions_total_cumul_net,Industry,,,GHG,Combustion,2025,,CanadaEmissions|GHG Total|Combustion|Sector|Industry2025
Canada,Emissions|GHG Total|Combustion|Sector|Industry,Emissions,emissions_total_cumul_net,Industry,,,GHG,Combustion,2030,,CanadaEmissions|GHG Total|Combustion|Sector|Industry2030
Canada,Emissions|GHG Total|Combustion|Sector|Industry,Emissions,emissions_total_cumul_net,Industry,,,GHG,Combustion,2035,,CanadaEmissions|GHG Total|Combustion|Sector|Industry2035
Canada,Emissions|GHG Total|Combustion|Sector|Industry,Emissions,emissions_total_cumul_net,Industry,,,GHG,Combustion,2040,,CanadaEmissions|GHG Total|Combustion|Sector|Industry2040
Canada,Emissions|GHG Total|Combustion|Sector|Industry,Emissions,emissions_total_cumul_net,Industry,,,GHG,Combustion,2045,,CanadaEmissions|GHG Total|Combustion|Sector|Industry2045
Canada,Emissions|GHG Total|Combustion|Sector|Industry,Emissions,emissions_total_cumul_net,Industry,,,GHG,Combustion,2050,,CanadaEmissions|GHG Total|Combustion|Sector|Industry2050
Canada,Emissions|GHG Total|Combustion|Sector|Industry|Non Mfg|Petroleum Refining,Emissions,emissions_total_cumul_net,Petroleum Refining,,,GHG,Combustion,2015,,CanadaEmissions|GHG Total|Combustion|Sector|Industry|Non Mfg|Petroleum Refining2015
Canada,Emissions|GHG Total|Combustion|Sector|Industry|Non Mfg|Petroleum Refining,Emissions,emissions_total_cumul_net,Petroleum Refining,,,GHG,Combustion,2020,,CanadaEmissions|GHG Total|Combustion|Sector|Industry|Non Mfg|Petroleum Refining2020
Canada,Emissions|GHG Total|Combustion|Sector|Industry|Non Mfg|Petroleum Refining,Emissions,emissions_total_cumul_net,Petroleum Refining,,,GHG,Combustion,2025,,CanadaEmissions|GHG Total|Combustion|Sector|Industry|Non Mfg|Petroleum Refining2025
Canada,Emissions|GHG Total|Combustion|Sector|Industry|Non Mfg|Petroleum Refining,Emissions,emissions_total_cumul_net,Petroleum Refining,,,GHG,Combustion,2030,,CanadaEmissions|GHG Total|Combustion|Sector|Industry|Non Mfg|Petroleum Refining2030
Canada,Emissions|GHG Total|Combustion|Sector|Industry|Non Mfg|Petroleum Refining,Emissions,emissions_total_cumul_net,Petroleum Refining,,,GHG,Combustion,2035,,CanadaEmissions|GHG Total|Combustion|Sector|Industry|Non Mfg|Petroleum Refining2035
Canada,Emissions|GHG Total|Combustion|Sector|Industry|Non Mfg|Petroleum Refining,Emissions,emissions_total_cumul_net,Petroleum Refining,,,GHG,Combustion,2040,,CanadaEmissions|GHG Total|Combustion|Sector|Industry|Non Mfg|Petroleum Refining2040
Canada,Emissions|GHG Total|Combustion|Sector|Industry|Non Mfg|Petroleum Refining,Emissions,emissions_total_cumul_net,Petroleum Refining,,,GHG,Combustion,2045,,CanadaEmissions|GHG Total|Combustion|Sector|Industry|Non Mfg|Petroleum Refining2045
Canada,Emissions|GHG Total|Combustion|Sector|Industry|Non Mfg|Petroleum Refining,Emissions,emissions_total_cumul_net,Petroleum Refining,,,GHG,Combustion,2050,,CanadaEmissions|GHG Total|Combustion|Sector|Industry|Non Mfg|Petroleum Refining2050
Canada,Emissions|GHG Total|Combustion|Sector|Transportation,Emissions,emissions_total_cumul_net,Transport,,,GHG,Combustion,2015,,CanadaEmissions|GHG Total|Combustion|Sector|Transportation2015
Canada,Emissions|GHG Total|Combustion|Sector|Transportation,Emissions,emissions_total_cumul_net,Transport,,,GHG,Combustion,2020,,CanadaEmissions|GHG Total|Combustion|Sector|Transportation2020
Canada,Emissions|GHG Total|Combustion|Sector|Transportation,Emissions,emissions_total_cumul_net,Transport,,,GHG,Combustion,2025,,CanadaEmissions|GHG Total|Combustion|Sector|Transportation2025
Canada,Emissions|GHG Total|Combustion|Sector|Transportation,Emissions,emissions_total_cumul_net,Transport,,,GHG,Combustion,2030,,CanadaEmissions|GHG Total|Combustion|Sector|Transportation2030
Canada,Emissions|GHG Total|Combustion|Sector|Transportation,Emissions,emissions_total_cumul_net,Transport,,,GHG,Combustion,2035,,CanadaEmissions|GHG Total|Combustion|Sector|Transportation2035
Canada,Emissions|GHG Total|Combustion|Sector|Transportation,Emissions,emissions_total_cumul_net,Transport,,,GHG,Combustion,2040,,CanadaEmissions|GHG Total|Combustion|Sector|Transportation2040
Canada,Emissions|GHG Total|Combustion|Sector|Transportation,Emissions,emissions_total_cumul_net,Transport,,,GHG,Combustion,2045,,CanadaEmissions|GHG Total|Combustion|Sector|Transportation2045
Canada,Emissions|GHG Total|Combustion|Sector|Transportation,Emissions,emissions_total_cumul_net,Transport,,,GHG,Combustion,2050,,CanadaEmissions|GHG Total|Combustion|Sector|Transportation2050
Canada,Emissions|GHG Total|Fugitive,Emissions,emissions_total_cumul_net,Economy,,,GHG,Fugitive,2015,,CanadaEmissions|GHG Total|Fugitive2015
Canada,Emissions|GHG Total|Fugitive,Emissions,emissions_total_cumul_net,Economy,,,GHG,Fugitive,2020,,CanadaEmissions|GHG Total|Fugitive2020
Canada,Emissions|GHG Total|Fugitive,Emissions,emissions_total_cumul_net,Economy,,,GHG,Fugitive,2025,,CanadaEmissions|GHG Total|Fugitive2025
Canada,Emissions|GHG Total|Fugitive,Emissions,emissions_total_cumul_net,Economy,,,GHG,Fugitive,2030,,CanadaEmissions|GHG Total|Fugitive2030
Canada,Emissions|GHG Total|Fugitive,Emissions,emissions_total_cumul_net,Economy,,,GHG,Fugitive,2035,,CanadaEmissions|GHG Total|Fugitive2035
Canada,Emissions|GHG Total|Fugitive,Emissions,emissions_total_cumul_net,Economy,,,GHG,Fugitive,2040,,CanadaEmissions|GHG Total|Fugitive2040
Canada,Emissions|GHG Total|Fugitive,Emissions,emissions_total_cumul_net,Economy,,,GHG,Fugitive,2045,,CanadaEmissions|GHG Total|Fugitive2045
Canada,Emissions|GHG Total|Fugitive,Emissions,emissions_total_cumul_net,Economy,,,GHG,Fugitive,2050,,CanadaEmissions|GHG Total|Fugitive2050
Canada,Emissions|GHG Total|Fugitive|Buildings,Emissions,emissions_total_cumul_net,Buildings,,,GHG,Fugitive,2015,,CanadaEmissions|GHG Total|Fugitive|Buildings2015
Canada,Emissions|GHG Total|Fugitive|Buildings,Emissions,emissions_total_cumul_net,Buildings,,,GHG,Fugitive,2020,,CanadaEmissions|GHG Total|Fugitive|Buildings2020
Canada,Emissions|GHG Total|Fugitive|Buildings,Emissions,emissions_total_cumul_net,Buildings,,,GHG,Fugitive,2025,,CanadaEmissions|GHG Total|Fugitive|Buildings2025
Canada,Emissions|GHG Total|Fugitive|Buildings,Emissions,emissions_total_cumul_net,Buildings,,,GHG,Fugitive,2030,,CanadaEmissions|GHG Total|Fugitive|Buildings2030
Canada,Emissions|GHG Total|Fugitive|Buildings,Emissions,emissions_total_cumul_net,Buildings,,,GHG,Fugitive,2035,,CanadaEmissions|GHG Total|Fugitive|Buildings2035
Canada,Emissions|GHG Total|Fugitive|Buildings,Emissions,emissions_total_cumul_net,Buildings,,,GHG,Fugitive,2040,,CanadaEmissions|GHG Total|Fugitive|Buildings2040
Canada,Emissions|GHG Total|Fugitive|Buildings,Emissions,emissions_total_cumul_net,Buildings,,,GHG,Fugitive,2045,,CanadaEmissions|GHG Total|Fugitive|Buildings2045
Canada,Emissions|GHG Total|Fugitive|Buildings,Emissions,emissions_total_cumul_net,Buildings,,,GHG,Fugitive,2050,,CanadaEmissions|GHG Total|Fugitive|Buildings2050
Canada,Emissions|GHG Total|Fugitive|Industry|Non Mfg|Petroleum Refining,Emissions,emissions_total_cumul_net,Petroleum Refining,,,GHG,Fugitive,2015,,CanadaEmissions|GHG Total|Fugitive|Industry|Non Mfg|Petroleum Refining2015
Canada,Emissions|GHG Total|Fugitive|Industry|Non Mfg|Petroleum Refining,Emissions,emissions_total_cumul_net,Petroleum Refining,,,GHG,Fugitive,2020,,CanadaEmissions|GHG Total|Fugitive|Industry|Non Mfg|Petroleum Refining2020
Canada,Emissions|GHG Total|Fugitive|Industry|Non Mfg|Petroleum Refining,Emissions,emissions_total_cumul_net,Petroleum Refining,,,GHG,Fugitive,2025,,CanadaEmissions|GHG Total|Fugitive|Industry|Non Mfg|Petroleum Refining2025
Canada,Emissions|GHG Total|Fugitive|Industry|Non Mfg|Petroleum Refining,Emissions,emissions_total_cumul_net,Petroleum Refining,,,GHG,Fugitive,2030,,CanadaEmissions|GHG Total|Fugitive|Industry|Non Mfg|Petroleum Refining2030
Canada,Emissions|GHG Total|Fugitive|Industry|Non Mfg|Petroleum Refining,Emissions,emissions_total_cumul_net,Petroleum Refining,,,GHG,Fugitive,2035,,CanadaEmissions|GHG Total|Fugitive|Industry|Non Mfg|Petroleum Refining2035
Canada,Emissions|GHG Total|Fugitive|Industry|Non Mfg|Petroleum Refining,Emissions,emissions_total_cumul_net,Petroleum Refining,,,GHG,Fugitive,2040,,CanadaEmissions|GHG Total|Fugitive|Industry|Non Mfg|Petroleum Refining2040
Canada,Emissions|GHG Total|Fugitive|Industry|Non Mfg|Petroleum Refining,Emissions,emissions_total_cumul_net,Petroleum Refining,,,GHG,Fugitive,2045,,CanadaEmissions|GHG Total|Fugitive|Industry|Non Mfg|Petroleum Refining2045
Canada,Emissions|GHG Total|Fugitive|Industry|Non Mfg|Petroleum Refining,Emissions,emissions_total_cumul_net,Petroleum Refining,,,GHG,Fugitive,2050,,CanadaEmissions|GHG Total|Fugitive|Industry|Non Mfg|Petroleum Refining2050
Canada,Emissions|GHG Total|Industrial Process,Emissions,emissions_total_cumul_net,Economy,,,GHG,Process,2015,,CanadaEmissions|GHG Total|Industrial Process2015
Canada,Emissions|GHG Total|Industrial Process,Emissions,emissions_total_cumul_net,Economy,,,GHG,Process,2020,,CanadaEmissions|GHG Total|Industrial Process2020
Canada,Emissions|GHG Total|Industrial Process,Emissions,emissions_total_cumul_net,Economy,,,GHG,Process,2025,,CanadaEmissions|GHG Total|Industrial Process2025
Canada,Emissions|GHG Total|Industrial Process,Emissions,emissions_total_cumul_net,Economy,,,GHG,Process,2030,,CanadaEmissions|GHG Total|Industrial Process2030
Canada,Emissions|GHG Total|Industrial Process,Emissions,emissions_total_cumul_net,Economy,,,GHG,Process,2035,,CanadaEmissions|GHG Total|Industrial Process2035
Canada,Emissions|GHG Total|Industrial Process,Emissions,emissions_total_cumul_net,Economy,,,GHG,Process,2040,,CanadaEmissions|GHG Total|Industrial Process2040
Canada,Emissions|GHG Total|Industrial Process,Emissions,emissions_total_cumul_net,Economy,,,GHG,Process,2045,,CanadaEmissions|GHG Total|Industrial Process2045
Canada,Emissions|GHG Total|Industrial Process,Emissions,emissions_total_cumul_net,Economy,,,GHG,Process,2050,,CanadaEmissions|GHG Total|Industrial Process2050
Canada,Price|Carbon,Price,tax,Economy,,,CO2,Combustion,2015,,CanadaPrice|Carbon2015
Canada,Price|Carbon,Price,tax,Economy,,,CO2,Combustion,2020,,CanadaPrice|Carbon2020
Canada,Price|Carbon,Price,tax,Economy,,,CO2,Combustion,2025,,CanadaPrice|Carbon2025
Canada,Price|Carbon,Price,tax,Economy,,,CO2,Combustion,2030,,CanadaPrice|Carbon2030
Canada,Price|Carbon,Price,tax,Economy,,,CO2,Combustion,2035,,CanadaPrice|Carbon2035
Canada,Price|Carbon,Price,tax,Economy,,,CO2,Combustion,2040,,CanadaPrice|Carbon2040
Canada,Price|Carbon,Price,tax,Economy,,,CO2,Combustion,2045,,CanadaPrice|Carbon2045
Canada,Price|Carbon,Price,tax,Economy,,,CO2,Combustion,2050,,CanadaPrice|Carbon2050
Canada,Price|Use Final|Biogas,Price,lcc_financial,CIMS,Biogas,,,,2015,,CanadaPrice|Use Final|Biogas2015
Canada,Price|Use Final|Biogas,Price,lcc_financial,CIMS,Biogas,,,,2020,,CanadaPrice|Use Final|Biogas2020
Canada,Price|Use Final|Biogas,Price,lcc_financial,CIMS,Biogas,,,,2025,,CanadaPrice|Use Final|Biogas2025
Canada,Price|Use Final|Biogas,Price,lcc_financial,CIMS,Biogas,,,,2030,,CanadaPrice|Use Final|Biogas2030
Canada,Price|Use Final|Biogas,Price,lcc_financial,CIMS,Biogas,,,,2035,,CanadaPrice|Use Final|Biogas2035
Canada,Price|Use Final|Biogas,Price,lcc_financial,CIMS,Biogas,,,,2040,,CanadaPrice|Use Final|Biogas2040
Canada,Price|Use Final|Biogas,Price,lcc_financial,CIMS,Biogas,,,,2045,,CanadaPrice|Use Final|Biogas2045
Canada,Price|Use Final|Biogas,Price,lcc_financial,CIMS,Biogas,,,,2050,,CanadaPrice|Use Final|Biogas2050
Canada,Price|Use Final|Biomass Liquids,Price,lcc_financial,Biodiesel,,,,,2015,,CanadaPrice|Use Final|Biomass Liquids2015
Canada,Price|Use Final|Biomass Liquids,Price,lcc_financial,Biodiesel,,,,,2020,,CanadaPrice|Use Final|Biomass Liquids2020
Canada,Price|Use Final|Biomass Liquids,Price,lcc_financial,Biodiesel,,,,,2025,,CanadaPrice|Use Final|Biomass Liquids2025
Canada,Price|Use Final|Biomass Liquids,Price,lcc_financial,Biodiesel,,,,,2030,,CanadaPrice|Use Final|Biomass Liquids2030
Canada,Price|Use Final|Biomass Liquids,Price,lcc_financial,Biodiesel,,,,,2035,,CanadaPrice|Use Final|Biomass Liquids2035
Canada,Price|Use Final|Biomass Liquids,Price,lcc_financial,Biodiesel,,,,,2040,,CanadaPrice|Use Final|Biomass Liquids2040
Canada,Price|Use Final|Biomass Liquids,Price,lcc_financial,Biodiesel,,,,,2045,,CanadaPrice|Use Final|Biomass Liquids2045
Canada,Price|Use Final|Biomass Liquids,Price,lcc_financial,Biodiesel,,,,,2050,,CanadaPrice|Use Final|Biomass Liquids2050
Canada,Price|Use Final|Biomass Solids,Price,lcc_financial,CIMS,Solid Biomass,,,,2015,,CanadaPrice|Use Final|Biomass Solids2015
Canada,Price|Use Final|Biomass Solids,Price,lcc_financial,CIMS,Solid Biomass,,,,2020,,CanadaPrice|Use Final|Biomass Solids2020
Canada,Price|Use Final|Biomass Solids,Price,lcc_financial,CIMS,Solid Biomass,,,,2025,,CanadaPrice|Use Final|Biomass Solids2025
Canada,Price|Use Final|Biomass Solids,Price,lcc_financial,CIMS,Solid Biomass,,,,2030,,CanadaPrice|Use Final|Biomass Solids2030
Canada,Price|Use Final|Biomass Solids,Price,lcc_financial,CIMS,Solid Biomass,,,,2035,,CanadaPrice|Use Final|Biomass Solids2035
Canada,Price|Use Final|Biomass Solids,Price,lcc_financial,CIMS,Solid Biomass,,,,2040,,CanadaPrice|Use Final|Biomass Solids2040
Canada,Price|Use Final|Biomass Solids,Price,lcc_financial,CIMS,Solid Biomass,,,,2045,,CanadaPrice|Use Final|Biomass Solids2045
Canada,Price|Use Final|Biomass Solids,Price,lcc_financial,CIMS,Solid Biomass,,,,2050,,CanadaPrice|Use Final|Biomass Solids2050
Canada,Price|Use Final|Electricity,Price,lcc_financial,Electricity,,,,,2015,,CanadaPrice|Use Final|Electricity2015
Canada,Price|Use Final|Electricity,Price,lcc_financial,Electricity,,,,,2020,,CanadaPrice|Use Final|Electricity2020
Canada,Price|Use Final|Electricity,Price,lcc_financial,Electricity,,,,,2025,,CanadaPrice|Use Final|Electricity2025
Canada,Price|Use Final|Electricity,Price,lcc_financial,Electricity,,,,,2030,,CanadaPrice|Use Final|Electricity2030
Canada,Price|Use Final|Electricity,Price,lcc_financial,Electricity,,,,,2035,,CanadaPrice|Use Final|Electricity2035
Canada,Price|Use Final|Electricity,Price,lcc_financial,Electricity,,,,,2040,,CanadaPrice|Use Final|Electricity2040
Canada,Price|Use Final|Electricity,Price,lcc_financial,Electricity,,,,,2045,,CanadaPrice|Use Final|Electricity2045
Canada,Price|Use Final|Electricity,Price,lcc_financial,Electricity,,,,,2050,,CanadaPrice|Use Final|Electricity2050
Canada,Price|Use Final|Gas,Price,lcc_financial,CIMS,Natural Gas,,,,2015,,CanadaPrice|Use Final|Gas2015
Canada,Price|Use Final|Gas,Price,lcc_financial,CIMS,Natural Gas,,,,2020,,CanadaPrice|Use Final|Gas2020
Canada,Price|Use Final|Gas,Price,lcc_financial,CIMS,Natural Gas,,,,2025,,CanadaPrice|Use Final|Gas2025
Canada,Price|Use Final|Gas,Price,lcc_financial,CIMS,Natural Gas,,,,2030,,CanadaPrice|Use Final|Gas2030
Canada,Price|Use Final|Gas,Price,lcc_financial,CIMS,Natural Gas,,,,2035,,CanadaPrice|Use Final|Gas2035
Canada,Price|Use Final|Gas,Price,lcc_financial,CIMS,Natural Gas,,,,2040,,CanadaPrice|Use Final|Gas2040
Canada,Price|Use Final|Gas,Price,lcc_financial,CIMS,Natural Gas,,,,2045,,CanadaPrice|Use Final|Gas2045
Canada,Price|Use Final|Gas,Price,lcc_financial,CIMS,Natural Gas,,,,2050,,CanadaPrice|Use Final|Gas2050
Canada,Price|Use Final|Hydrogen,Price,lcc_financial,Hydrogen,,,,,2015,,CanadaPrice|Use Final|Hydrogen2015
Canada,Price|Use Final|Hydrogen,Price,lcc_financial,Hydrogen,,,,,2020,,CanadaPrice|Use Final|Hydrogen2020
Canada,Price|Use Final|Hydrogen,Price,lcc_financial,Hydrogen,,,,,2025,,CanadaPrice|Use Final|Hydrogen2025
Canada,Price|Use Final|Hydrogen,Price,lcc_financial,Hydrogen,,,,,2030,,CanadaPrice|Use Final|Hydrogen2030
Canada,Price|Use Final|Hydrogen,Price,lcc_financial,Hydrogen,,,,,2035,,CanadaPrice|Use Final|Hydrogen2035
Canada,Price|Use Final|Hydrogen,Price,lcc_financial,Hydrogen,,,,,2040,,CanadaPrice|Use Final|Hydrogen2040
Canada,Price|Use Final|Hydrogen,Price,lcc_financial,Hydrogen,,,,,2045,,CanadaPrice|Use Final|Hydrogen2045
Canada,Price|Use Final|Hydrogen,Price,lcc_financial,Hydrogen,,,,,2050,,CanadaPrice|Use Final|Hydrogen2050
Canada,Price|Use Final|Oil,Price,lcc_financial,CIMS,Diesel,,,,2015,,CanadaPrice|Use Final|Oil2015
Canada,Price|Use Final|Oil,Price,lcc_financial,CIMS,Diesel,,,,2020,,CanadaPrice|Use Final|Oil2020
Canada,Price|Use Final|Oil,Price,lcc_financial,CIMS,Diesel,,,,2025,,CanadaPrice|Use Final|Oil2025
Canada,Price|Use Final|Oil,Price,lcc_financial,CIMS,Diesel,,,,2030,,CanadaPrice|Use Final|Oil2030
Canada,Price|Use Final|Oil,Price,lcc_financial,CIMS,Diesel,,,,2035,,CanadaPrice|Use Final|Oil2035
Canada,Price|Use Final|Oil,Price,lcc_financial,CIMS,Diesel,,,,2040,,CanadaPrice|Use Final|Oil2040
Canada,Price|Use Final|Oil,Price,lcc_financial,CIMS,Diesel,,,,2045,,CanadaPrice|Use Final|Oil2045
Canada,Price|Use Final|Oil,Price,lcc_financial,CIMS,Diesel,,,,2050,,CanadaPrice|Use Final|Oil2050
Canada,Price no ctax|Use Final|Biogas,Price,lcc_financial,CIMS,Biogas,,,,2015,,CanadaPrice no ctax|Use Final|Biogas2015
Canada,Price no ctax|Use Final|Biogas,Price,lcc_financial,CIMS,Biogas,,,,2020,,CanadaPrice no ctax|Use Final|Biogas2020
Canada,Price no ctax|Use Final|Biogas,Price,lcc_financial,CIMS,Biogas,,,,2025,,CanadaPrice no ctax|Use Final|Biogas2025
Canada,Price no ctax|Use Final|Biogas,Price,lcc_financial,CIMS,Biogas,,,,2030,,CanadaPrice no ctax|Use Final|Biogas2030
Canada,Price no ctax|Use Final|Biogas,Price,lcc_financial,CIMS,Biogas,,,,2035,,CanadaPrice no ctax|Use Final|Biogas2035
Canada,Price no ctax|Use Final|Biogas,Price,lcc_financial,CIMS,Biogas,,,,2040,,CanadaPrice no ctax|Use Final|Biogas2040
Canada,Price no ctax|Use Final|Biogas,Price,lcc_financial,CIMS,Biogas,,,,2045,,CanadaPrice no ctax|Use Final|Biogas2045
Canada,Price no ctax|Use Final|Biogas,Price,lcc_financial,CIMS,Biogas,,,,2050,,CanadaPrice no ctax|Use Final|Biogas2050
Canada,Price no ctax|Use Final|Biomass Liquids,Price,lcc_financial,Biodiesel,,,,,2015,,CanadaPrice no ctax|Use Final|Biomass Liquids2015
Canada,Price no ctax|Use Final|Biomass Liquids,Price,lcc_financial,Biodiesel,,,,,2020,,CanadaPrice no ctax|Use Final|Biomass Liquids2020
Canada,Price no ctax|Use Final|Biomass Liquids,Price,lcc_financial,Biodiesel,,,,,2025,,CanadaPrice no ctax|Use Final|Biomass Liquids2025
Canada,Price no ctax|Use Final|Biomass Liquids,Price,lcc_financial,Biodiesel,,,,,2030,,CanadaPrice no ctax|Use Final|Biomass Liquids2030
Canada,Price no ctax|Use Final|Biomass Liquids,Price,lcc_financial,Biodiesel,,,,,2035,,CanadaPrice no ctax|Use Final|Biomass Liquids2035
Canada,Price no ctax|Use Final|Biomass Liquids,Price,lcc_financial,Biodiesel,,,,,2040,,CanadaPrice no ctax|Use Final|Biomass Liquids2040
Canada,Price no ctax|Use Final|Biomass Liquids,Price,lcc_financial,Biodiesel,,,,,2045,,CanadaPrice no ctax|Use Final|Biomass Liquids2045
Canada,Price no ctax|Use Final|Biomass Liquids,Price,lcc_financial,Biodiesel,,,,,2050,,CanadaPrice no ctax|Use Final|Biomass Liquids2050
Canada,Price no ctax|Use Final|Biomass Solids,Price,lcc_financial,CIMS,Solid Biomass,,,,2015,,CanadaPrice no ctax|Use Final|Biomass Solids2015
Canada,Price no ctax|Use Final|Biomass Solids,Price,lcc_financial,CIMS,Solid Biomass,,,,2020,,CanadaPrice no ctax|Use Final|Biomass Solids2020
Canada,Price no ctax|Use Final|Biomass Solids,Price,lcc_financial,CIMS,Solid Biomass,,,,2025,,CanadaPrice no ctax|Use Final|Biomass Solids2025
Canada,Price no ctax|Use Final|Biomass Solids,Price,lcc_financial,CIMS,Solid Biomass,,,,2030,,CanadaPrice no ctax|Use Final|Biomass Solids2030
Canada,Price no ctax|Use Final|Biomass Solids,Price,lcc_financial,CIMS,Solid Biomass,,,,2035,,CanadaPrice no ctax|Use Final|Biomass Solids2035
Canada,Price no ctax|Use Final|Biomass Solids,Price,lcc_financial,CIMS,Solid Biomass,,,,2040,,CanadaPrice no ctax|Use Final|Biomass Solids2040
Canada,Price no ctax|Use Final|Biomass Solids,Price,lcc_financial,CIMS,Solid Biomass,,,,2045,,CanadaPrice no ctax|Use Final|Biomass Solids2045
Canada,Price no ctax|Use Final|Biomass Solids,Price,lcc_financial,CIMS,Solid Biomass,,,,2050,,CanadaPrice no ctax|Use Final|Biomass Solids2050
Canada,Price no ctax|Use Final|Electricity,Price,lcc_financial,Electricity,,,,,2015,,CanadaPrice no ctax|Use Final|Electricity2015
Canada,Price no ctax|Use Final|Electricity,Price,lcc_financial,Electricity,,,,,2020,,CanadaPrice no ctax|Use Final|Electricity2020
Canada,Price no ctax|Use Final|Electricity,Price,lcc_financial,Electricity,,,,,2025,,CanadaPrice no ctax|Use Final|Electricity2025
Canada,Price no ctax|Use Final|Electricity,Price,lcc_financial,Electricity,,,,,2030,,CanadaPrice no ctax|Use Final|Electricity2030
Canada,Price no ctax|Use Final|Electricity,Price,lcc_financial,Electricity,,,,,2035,,CanadaPrice no ctax|Use Final|Electricity2035
Canada,Price no ctax|Use Final|Electricity,Price,lcc_financial,Electricity,,,,,2040,,CanadaPrice no ctax|Use Final|Electricity2040
Canada,Price no ctax|Use Final|Electricity,Price,lcc_financial,Electricity,,,,,2045,,CanadaPrice no ctax|Use Final|Electricity2045
Canada,Price no ctax|Use Final|Electricity,Price,lcc_financial,Electricity,,,,,2050,,CanadaPrice no ctax|Use Final|Electricity2050
Canada,Price no ctax|Use Final|Gas,Price,lcc_financial,CIMS,Natural Gas,,,,2015,,CanadaPrice no ctax|Use Final|Gas2015
Canada,Price no ctax|Use Final|Gas,Price,lcc_financial,CIMS,Natural Gas,,,,2020,,CanadaPrice no ctax|Use Final|Gas2020
Canada,Price no ctax|Use Final|Gas,Price,lcc_financial,CIMS,Natural Gas,,,,2025,,CanadaPrice no ctax|Use Final|Gas2025
Canada,Price no ctax|Use Final|Gas,Price,lcc_financial,CIMS,Natural Gas,,,,2030,,CanadaPrice no ctax|Use Final|Gas2030
Canada,Price no ctax|Use Final|Gas,Price,lcc_financial,CIMS,Natural Gas,,,,2035,,CanadaPrice no ctax|Use Final|Gas2035
Canada,Price no ctax|Use Final|Gas,Price,lcc_financial,CIMS,Natural Gas,,,,2040,,CanadaPrice no ctax|Use Final|Gas2040
Canada,Price no ctax|Use Final|Gas,Price,lcc_financial,CIMS,Natural Gas,,,,2045,,CanadaPrice no ctax|Use Final|Gas2045
Canada,Price no ctax|Use Final|Gas,Price,lcc_financial,CIMS,Natural Gas,,,,2050,,CanadaPrice no ctax|Use Final|Gas2050
Canada,Price no ctax|Use Final|Hydrogen,Price,lcc_financial,Hydrogen,,,,,2015,,CanadaPrice no ctax|Use Final|Hydrogen2015
Canada,Price no ctax|Use Final|Hydrogen,Price,lcc_financial,Hydrogen,,,,,2020,,CanadaPrice no ctax|Use Final|Hydrogen2020
Canada,Price no ctax|Use Final|Hydrogen,Price,lcc_financial,Hydrogen,,,,,2025,,CanadaPrice no ctax|Use Final|Hydrogen2025
Canada,Price no ctax|Use Final|Hydrogen,Price,lcc_financial,Hydrogen,,,,,2030,,CanadaPrice no ctax|Use Final|Hydrogen2030
Canada,Price no ctax|Use Final|Hydrogen,Price,lcc_financial,Hydrogen,,,,,2035,,CanadaPrice no ctax|Use Final|Hydrogen2035
Canada,Price no ctax|Use Final|Hydrogen,Price,lcc_financial,Hydrogen,,,,,2040,,CanadaPrice no ctax|Use Final|Hydrogen2040
Canada,Price no ctax|Use Final|Hydrogen,Price,lcc_financial,Hydrogen,,,,,2045,,CanadaPrice no ctax|Use Final|Hydrogen2045
Canada,Price no ctax|Use Final|Hydrogen,Price,lcc_financial,Hydrogen,,,,,2050,,CanadaPrice no ctax|Use Final|Hydrogen2050
Canada,Price no ctax|Use Final|Oil,Price,lcc_financial,CIMS,Diesel,,,,2015,,CanadaPrice no ctax|Use Final|Oil2015
Canada,Price no ctax|Use Final|Oil,Price,lcc_financial,CIMS,Diesel,,,,2020,,CanadaPrice no ctax|Use Final|Oil2020
Canada,Price no ctax|Use Final|Oil,Price,lcc_financial,CIMS,Diesel,,,,2025,,CanadaPrice no ctax|Use Final|Oil2025
Canada,Price no ctax|Use Final|Oil,Price,lcc_financial,CIMS,Diesel,,,,2030,,CanadaPrice no ctax|Use Final|Oil2030
Canada,Price no ctax|Use Final|Oil,Price,lcc_financial,CIMS,Diesel,,,,2035,,CanadaPrice no ctax|Use Final|Oil2035
Canada,Price no ctax|Use Final|Oil,Price,lcc_financial,CIMS,Diesel,,,,2040,,CanadaPrice no ctax|Use Final|Oil2040
Canada,Price no ctax|Use Final|Oil,Price,lcc_financial,CIMS,Diesel,,,,2045,,CanadaPrice no ctax|Use Final|Oil2045
Canada,Price no ctax|Use Final|Oil,Price,lcc_financial,CIMS,Diesel,,,,2050,,CanadaPrice no ctax|Use Final|Oil2050
Canada,Price|Use Primary|Biomass,Price,lcc_financial,CIMS,Solid Biomass,,,,2015,,CanadaPrice|Use Primary|Biomass2015
Canada,Price|Use Primary|Biomass,Price,lcc_financial,CIMS,Solid Biomass,,,,2020,,CanadaPrice|Use Primary|Biomass2020
Canada,Price|Use Primary|Biomass,Price,lcc_financial,CIMS,Solid Biomass,,,,2025,,CanadaPrice|Use Primary|Biomass2025
Canada,Price|Use Primary|Biomass,Price,lcc_financial,CIMS,Solid Biomass,,,,2030,,CanadaPrice|Use Primary|Biomass2030
Canada,Price|Use Primary|Biomass,Price,lcc_financial,CIMS,Solid Biomass,,,,2035,,CanadaPrice|Use Primary|Biomass2035
Canada,Price|Use Primary|Biomass,Price,lcc_financial,CIMS,Solid Biomass,,,,2040,,CanadaPrice|Use Primary|Biomass2040
Canada,Price|Use Primary|Biomass,Price,lcc_financial,CIMS,Solid Biomass,,,,2045,,CanadaPrice|Use Primary|Biomass2045
Canada,Price|Use Primary|Biomass,Price,lcc_financial,CIMS,Solid Biomass,,,,2050,,CanadaPrice|Use Primary|Biomass2050
Canada,Price|Use Primary|Coal,Price,lcc_financial,CIMS,Thermal Coal,,,,2015,,CanadaPrice|Use Primary|Coal2015
Canada,Price|Use Primary|Coal,Price,lcc_financial,CIMS,Thermal Coal,,,,2020,,CanadaPrice|Use Primary|Coal2020
Canada,Price|Use Primary|Coal,Price,lcc_financial,CIMS,Thermal Coal,,,,2025,,CanadaPrice|Use Primary|Coal2025
Canada,Price|Use Primary|Coal,Price,lcc_financial,CIMS,Thermal Coal,,,,2030,,CanadaPrice|Use Primary|Coal2030
Canada,Price|Use Primary|Coal,Price,lcc_financial,CIMS,Thermal Coal,,,,2035,,CanadaPrice|Use Primary|Coal2035
Canada,Price|Use Primary|Coal,Price,lcc_financial,CIMS,Thermal Coal,,,,2040,,CanadaPrice|Use Primary|Coal2040
Canada,Price|Use Primary|Coal,Price,lcc_financial,CIMS,Thermal Coal,,,,2045,,CanadaPrice|Use Primary|Coal2045
Canada,Price|Use Primary|Coal,Price,lcc_financial,CIMS,Thermal Coal,,,,2050,,CanadaPrice|Use Primary|Coal2050
Canada,Price|Use Primary|Gas,Price,lcc_financial,CIMS,Natural Gas,,,,2015,,CanadaPrice|Use Primary|Gas2015
Canada,Price|Use Primary|Gas,Price,lcc_financial,CIMS,Natural Gas,,,,2020,,CanadaPrice|Use Primary|Gas2020
Canada,Price|Use Primary|Gas,Price,lcc_financial,CIMS,Natural Gas,,,,2025,,CanadaPrice|Use Primary|Gas2025
Canada,Price|Use Primary|Gas,Price,lcc_financial,CIMS,Natural Gas,,,,2030,,CanadaPrice|Use Primary|Gas2030
Canada,Price|Use Primary|Gas,Price,lcc_financial,CIMS,Natural Gas,,,,2035,,CanadaPrice|Use Primary|Gas2035
Canada,Price|Use Primary|Gas,Price,lcc_financial,CIMS,Natural Gas,,,,2040,,CanadaPrice|Use Primary|Gas2040
Canada,Price|Use Primary|Gas,Price,lcc_financial,CIMS,Natural Gas,,,,2045,,CanadaPrice|Use Primary|Gas2045
Canada,Price|Use Primary|Gas,Price,lcc_financial,CIMS,Natural Gas,,,,2050,,CanadaPrice|Use Primary|Gas2050
Canada,Production Primary|Coal,Production,quantity_provided,Coal Production,,,,,2015,,CanadaProduction Primary|Coal2015
Canada,Production Primary|Coal,Production,quantity_provided,Coal Production,,,,,2020,,CanadaProduction Primary|Coal2020
Canada,Production Primary|Coal,Production,quantity_provided,Coal Production,,,,,2025,,CanadaProduction Primary|Coal2025
Canada,Production Primary|Coal,Production,quantity_provided,Coal Production,,,,,2030,,CanadaProduction Primary|Coal2030
Canada,Production Primary|Coal,Production,quantity_provided,Coal Production,,,,,2035,,CanadaProduction Primary|Coal2035
Canada,Production Primary|Coal,Production,quantity_provided,Coal Production,,,,,2040,,CanadaProduction Primary|Coal2040
Canada,Production Primary|Coal,Production,quantity_provided,Coal Production,,,,,2045,,CanadaProduction Primary|Coal2045
Canada,Production Primary|Coal,Production,quantity_provided,Coal Production,,,,,2050,,CanadaProduction Primary|Coal2050
Canada,Production Primary|Gas,Production,quantity_provided,Natural Gas Production,,,,,2015,,CanadaProduction Primary|Gas2015
Canada,Production Primary|Gas,Production,quantity_provided,Natural Gas Production,,,,,2020,,CanadaProduction Primary|Gas2020
Canada,Production Primary|Gas,Production,quantity_provided,Natural Gas Production,,,,,2025,,CanadaProduction Primary|Gas2025
Canada,Production Primary|Gas,Production,quantity_provided,Natural Gas Production,,,,,2030,,CanadaProduction Primary|Gas2030
Canada,Production Primary|Gas,Production,quantity_provided,Natural Gas Production,,,,,2035,,CanadaProduction Primary|Gas2035
Canada,Production Primary|Gas,Production,quantity_provided,Natural Gas Production,,,,,2040,,CanadaProduction Primary|Gas2040
Canada,Production Primary|Gas,Production,quantity_provided,Natural Gas Production,,,,,2045,,CanadaProduction Primary|Gas2045
Canada,Production Primary|Gas,Production,quantity_provided,Natural Gas Production,,,,,2050,,CanadaProduction Primary|Gas2050
Canada,Production Primary|Oil,Production,quantity_provided,Crude Oil Production,,,,,2015,,CanadaProduction Primary|Oil2015
Canada,Production Primary|Oil,Production,quantity_provided,Crude Oil Production,,,,,2020,,CanadaProduction Primary|Oil2020
Canada,Production Primary|Oil,Production,quantity_provided,Crude Oil Production,,,,,2025,,CanadaProduction Primary|Oil2025
Canada,Production Primary|Oil,Production,quantity_provided,Crude Oil Production,,,,,2030,,CanadaProduction Primary|Oil2030
Canada,Production Primary|Oil,Production,quantity_provided,Crude Oil Production,,,,,2035,,CanadaProduction Primary|Oil2035
Canada,Production Primary|Oil,Production,quantity_provided,Crude Oil Production,,,,,2040,,CanadaProduction Primary|Oil2040
Canada,Production Primary|Oil,Production,quantity_provided,Crude Oil Production,,,,,2045,,CanadaProduction Primary|Oil2045
Canada,Production Primary|Oil,Production,quantity_provided,Crude Oil Production,,,,,2050,,CanadaProduction Primary|Oil2050
Canada,Production Secondary|Biogas,Production,quantity_provided,CIMS,Biogas,,,,2015,,CanadaProduction Secondary|Biogas2015
Canada,Production Secondary|Biogas,Production,quantity_provided,CIMS,Biogas,,,,2020,,CanadaProduction Secondary|Biogas2020
Canada,Production Secondary|Biogas,Production,quantity_provided,CIMS,Biogas,,,,2025,,CanadaProduction Secondary|Biogas2025
Canada,Production Secondary|Biogas,Production,quantity_provided,CIMS,Biogas,,,,2030,,CanadaProduction Secondary|Biogas2030
Canada,Production Secondary|Biogas,Production,quantity_provided,CIMS,Biogas,,,,2035,,CanadaProduction Secondary|Biogas2035
Canada,Production Secondary|Biogas,Production,quantity_provided,CIMS,Biogas,,,,2040,,CanadaProduction Secondary|Biogas2040
Canada,Production Secondary|Biogas,Production,quantity_provided,CIMS,Biogas,,,,2045,,CanadaProduction Secondary|Biogas2045
Canada,Production Secondary|Biogas,Production,quantity_provided,CIMS,Biogas,,,,2050,,CanadaProduction Secondary|Biogas2050
Canada,Production Secondary|Biomass Liquids,Production,quantity_provided,Biofuels,,,,,2015,,CanadaProduction Secondary|Biomass Liquids2015
Canada,Production Secondary|Biomass Liquids,Production,quantity_provided,Biofuels,,,,,2020,,CanadaProduction Secondary|Biomass Liquids2020
Canada,Production Secondary|Biomass Liquids,Production,quantity_provided,Biofuels,,,,,2025,,CanadaProduction Secondary|Biomass Liquids2025
Canada,Production Secondary|Biomass Liquids,Production,quantity_provided,Biofuels,,,,,2030,,CanadaProduction Secondary|Biomass Liquids2030
Canada,Production Secondary|Biomass Liquids,Production,quantity_provided,Biofuels,,,,,2035,,CanadaProduction Secondary|Biomass Liquids2035
Canada,Production Secondary|Biomass Liquids,Production,quantity_provided,Biofuels,,,,,2040,,CanadaProduction Secondary|Biomass Liquids2040
Canada,Production Secondary|Biomass Liquids,Production,quantity_provided,Biofuels,,,,,2045,,CanadaProduction Secondary|Biomass Liquids2045
Canada,Production Secondary|Biomass Liquids,Production,quantity_provided,Biofuels,,,,,2050,,CanadaProduction Secondary|Biomass Liquids2050
Canada,Production Secondary|Electricity,Production,quantity_requested,Economy,Electricity,,,,2015,,CanadaProduction Secondary|Electricity2015
Canada,Production Secondary|Electricity,Production,quantity_requested,Economy,Electricity,,,,2020,,CanadaProduction Secondary|Electricity2020
Canada,Production Secondary|Electricity,Production,quantity_requested,Economy,Electricity,,,,2025,,CanadaProduction Secondary|Electricity2025
Canada,Production Secondary|Electricity,Production,quantity_requested,Economy,Electricity,,,,2030,,CanadaProduction Secondary|Electricity2030
Canada,Production Secondary|Electricity,Production,quantity_requested,Economy,Electricity,,,,2035,,CanadaProduction Secondary|Electricity2035
Canada,Production Secondary|Electricity,Production,quantity_requested,Economy,Electricity,,,,2040,,CanadaProduction Secondary|Electricity2040
Canada,Production Secondary|Electricity,Production,quantity_requested,Economy,Electricity,,,,2045,,CanadaProduction Secondary|Electricity2045
Canada,Production Secondary|Electricity,Production,quantity_requested,Economy,Electricity,,,,2050,,CanadaProduction Secondary|Electricity2050
Canada,Production Secondary|Electricity|DER,Production,quantity_distributed,Economy,Electricity,,,,2015,,CanadaProduction Secondary|Electricity|DER2015
Canada,Production Secondary|Electricity|DER,Production,quantity_distributed,Economy,Electricity,,,,2020,,CanadaProduction Secondary|Electricity|DER2020
Canada,Production Secondary|Electricity|DER,Production,quantity_distributed,Economy,Electricity,,,,2025,,CanadaProduction Secondary|Electricity|DER2025
Canada,Production Secondary|Electricity|DER,Production,quantity_distributed,Economy,Electricity,,,,2030,,CanadaProduction Secondary|Electricity|DER2030
Canada,Production Secondary|Electricity|DER,Production,quantity_distributed,Economy,Electricity,,,,2035,,CanadaProduction Secondary|Electricity|DER2035
Canada,Production Secondary|Electricity|DER,Production,quantity_distributed,Economy,Electricity,,,,2040,,CanadaProduction Secondary|Electricity|DER2040
Canada,Production Secondary|Electricity|DER,Production,quantity_distributed,Economy,Electricity,,,,2045,,CanadaProduction Secondary|Electricity|DER2045
Canada,Production Secondary|Electricity|DER,Production,quantity_distributed,Economy,Electricity,,,,2050,,CanadaProduction Secondary|Electricity|DER2050
Canada,Production Secondary|Electricity|DER|CHP,Production,quantity_distributed,Economy,Electricity,,,,2015,,CanadaProduction Secondary|Electricity|DER|CHP2015
Canada,Production Secondary|Electricity|DER|CHP,Production,quantity_distributed,Economy,Electricity,,,,2020,,CanadaProduction Secondary|Electricity|DER|CHP2020
Canada,Production Secondary|Electricity|DER|CHP,Production,quantity_distributed,Economy,Electricity,,,,2025,,CanadaProduction Secondary|Electricity|DER|CHP2025
Canada,Production Secondary|Electricity|DER|CHP,Production,quantity_distributed,Economy,Electricity,,,,2030,,CanadaProduction Secondary|Electricity|DER|CHP2030
Canada,Production Secondary|Electricity|DER|CHP,Production,quantity_distributed,Economy,Electricity,,,,2035,,CanadaProduction Secondary|Electricity|DER|CHP2035
Canada,Production Secondary|Electricity|DER|CHP,Production,quantity_distributed,Economy,Electricity,,,,2040,,CanadaProduction Secondary|Electricity|DER|CHP2040
Canada,Production Secondary|Electricity|DER|CHP,Production,quantity_distributed,Economy,Electricity,,,,2045,,CanadaProduction Secondary|Electricity|DER|CHP2045
Canada,Production Secondary|Electricity|DER|CHP,Production,quantity_distributed,Economy,Electricity,,,,2050,,CanadaProduction Secondary|Electricity|DER|CHP2050
Canada,Production Secondary|Electricity|Geothermal,Production,stock_total,Electricity,,Geoexchange,,,2015,,CanadaProduction Secondary|Electricity|Geothermal2015
Canada,Production Secondary|Electricity|Geothermal,Production,stock_total,Electricity,,Geoexchange,,,2020,,CanadaProduction Secondary|Electricity|Geothermal2020
Canada,Production Secondary|Electricity|Geothermal,Production,stock_total,Electricity,,Geoexchange,,,2025,,CanadaProduction Secondary|Electricity|Geothermal2025
Canada,Production Secondary|Electricity|Geothermal,Production,stock_total,Electricity,,Geoexchange,,,2030,,CanadaProduction Secondary|Electricity|Geothermal2030
Canada,Production Secondary|Electricity|Geothermal,Production,stock_total,Electricity,,Geoexchange,,,2035,,CanadaProduction Secondary|Electricity|Geothermal2035
Canada,Production Secondary|Electricity|Geothermal,Production,stock_total,Electricity,,Geoexchange,,,2040,,CanadaProduction Secondary|Electricity|Geothermal2040
Canada,Production Secondary|Electricity|Geothermal,Production,stock_total,Electricity,,Geoexchange,,,2045,,CanadaProduction Secondary|Electricity|Geothermal2045
Canada,Production Secondary|Electricity|Geothermal,Production,stock_total,Electricity,,Geoexchange,,,2050,,CanadaProduction Secondary|Electricity|Geothermal2050
Canada,Production Secondary|Electricity|Hydro,Production,stock_total,Electricity,,Hydro,,,2015,,CanadaProduction Secondary|Electricity|Hydro2015
Canada,Production Secondary|Electricity|Hydro,Production,stock_total,Electricity,,Hydro,,,2020,,CanadaProduction Secondary|Electricity|Hydro2020
Canada,Production Secondary|Electricity|Hydro,Production,stock_total,Electricity,,Hydro,,,2025,,CanadaProduction Secondary|Electricity|Hydro2025
Canada,Production Secondary|Electricity|Hydro,Production,stock_total,Electricity,,Hydro,,,2030,,CanadaProduction Secondary|Electricity|Hydro2030
Canada,Production Secondary|Electricity|Hydro,Production,stock_total,Electricity,,Hydro,,,2035,,CanadaProduction Secondary|Electricity|Hydro2035
Canada,Production Secondary|Electricity|Hydro,Production,stock_total,Electricity,,Hydro,,,2040,,CanadaProduction Secondary|Electricity|Hydro2040
Canada,Production Secondary|Electricity|Hydro,Production,stock_total,Electricity,,Hydro,,,2045,,CanadaProduction Secondary|Electricity|Hydro2045
Canada,Production Secondary|Electricity|Hydro,Production,stock_total,Electricity,,Hydro,,,2050,,CanadaProduction Secondary|Electricity|Hydro2050
Canada,Production Secondary|Electricity|Nuclear,Production,stock_total,Electricity,,Nuclear,,,2015,,CanadaProduction Secondary|Electricity|Nuclear2015
Canada,Production Secondary|Electricity|Nuclear,Production,stock_total,Electricity,,Nuclear,,,2020,,CanadaProduction Secondary|Electricity|Nuclear2020
Canada,Production Secondary|Electricity|Nuclear,Production,stock_total,Electricity,,Nuclear,,,2025,,CanadaProduction Secondary|Electricity|Nuclear2025
Canada,Production Secondary|Electricity|Nuclear,Production,stock_total,Electricity,,Nuclear,,,2030,,CanadaProduction Secondary|Electricity|Nuclear2030
Canada,Production Secondary|Electricity|Nuclear,Production,stock_total,Electricity,,Nuclear,,,2035,,CanadaProduction Secondary|Electricity|Nuclear2035
Canada,Production Secondary|Electricity|Nuclear,Production,stock_total,Electricity,,Nuclear,,,2040,,CanadaProduction Secondary|Electricity|Nuclear2040
Canada,Production Secondary|Electricity|Nuclear,Production,stock_total,Electricity,,Nuclear,,,2045,,CanadaProduction Secondary|Electricity|Nuclear2045
Canada,Production Secondary|Electricity|Nuclear,Production,stock_total,Electricity,,Nuclear,,,2050,,CanadaProduction Secondary|Electricity|Nuclear2050
Canada,Production Secondary|Electricity|Oil,Production,stock_total,Electricity,,Fuel Oil,,,2015,,CanadaProduction Secondary|Electricity|Oil2015
Canada,Production Secondary|Electricity|Oil,Production,stock_total,Electricity,,Fuel Oil,,,2020,,CanadaProduction Secondary|Electricity|Oil2020
Canada,Production Secondary|Electricity|Oil,Production,stock_total,Electricity,,Fuel Oil,,,2025,,CanadaProduction Secondary|Electricity|Oil2025
Canada,Production Secondary|Electricity|Oil,Production,stock_total,Electricity,,Fuel Oil,,,2030,,CanadaProduction Secondary|Electricity|Oil2030
Canada,Production Secondary|Electricity|Oil,Production,stock_total,Electricity,,Fuel Oil,,,2035,,CanadaProduction Secondary|Electricity|Oil2035
Canada,Production Secondary|Electricity|Oil,Production,stock_total,Electricity,,Fuel Oil,,,2040,,CanadaProduction Secondary|Electricity|Oil2040
Canada,Production Secondary|Electricity|Oil,Production,stock_total,Electricity,,Fuel Oil,,,2045,,CanadaProduction Secondary|Electricity|Oil2045
Canada,Production Secondary|Electricity|Oil,Production,stock_total,Electricity,,Fuel Oil,,,2050,,CanadaProduction Secondary|Electricity|Oil2050
Canada,Production Secondary|Electricity|Solar,Production,stock_total,Electricity,,Solar,,,2015,,CanadaProduction Secondary|Electricity|Solar2015
Canada,Production Secondary|Electricity|Solar,Production,stock_total,Electricity,,Solar,,,2020,,CanadaProduction Secondary|Electricity|Solar2020
Canada,Production Secondary|Electricity|Solar,Production,stock_total,Electricity,,Solar,,,2025,,CanadaProduction Secondary|Electricity|Solar2025
Canada,Production Secondary|Electricity|Solar,Production,stock_total,Electricity,,Solar,,,2030,,CanadaProduction Secondary|Electricity|Solar2030
Canada,Production Secondary|Electricity|Solar,Production,stock_total,Electricity,,Solar,,,2035,,CanadaProduction Secondary|Electricity|Solar2035
Canada,Production Secondary|Electricity|Solar,Production,stock_total,Electricity,,Solar,,,2040,,CanadaProduction Secondary|Electricity|Solar2040
Canada,Production Secondary|Electricity|Solar,Production,stock_total,Electricity,,Solar,,,2045,,CanadaProduction Secondary|Electricity|Solar2045
Canada,Production Secondary|Electricity|Solar,Production,stock_total,Electricity,,Solar,,,2050,,CanadaProduction Secondary|Electricity|Solar2050
Canada,Production Secondary|Electricity|Wind,Production,stock_total,Electricity,,Wind,,,2015,,CanadaProduction Secondary|Electricity|Wind2015
Canada,Production Secondary|Electricity|Wind,Production,stock_total,Electricity,,Wind,,,2020,,CanadaProduction Secondary|Electricity|Wind2020
Canada,Production Secondary|Electricity|Wind,Production,stock_total,Electricity,,Wind,,,2025,,CanadaProduction Secondary|Electricity|Wind2025
Canada,Production Secondary|Electricity|Wind,Production,stock_total,Electricity,,Wind,,,2030,,CanadaProduction Secondary|Electricity|Wind2030
Canada,Production Secondary|Electricity|Wind,Production,stock_total,Electricity,,Wind,,,2035,,CanadaProduction Secondary|Electricity|Wind2035
Canada,Production Secondary|Electricity|Wind,Production,stock_total,Electricity,,Wind,,,2040,,CanadaProduction Secondary|Electricity|Wind2040
Canada,Production Secondary|Electricity|Wind,Production,stock_total,Electricity,,Wind,,,2045,,CanadaProduction Secondary|Electricity|Wind2045
Canada,Production Secondary|Electricity|Wind,Production,stock_total,Electricity,,Wind,,,2050,,CanadaProduction Secondary|Electricity|Wind2050
Canada,Production Secondary|Hydrogen,Production,quantity_provided,Hydrogen,,,,,2015,,CanadaProduction Secondary|Hydrogen2015
Canada,Production Secondary|Hydrogen,Production,quantity_provided,Hydrogen,,,,,2020,,CanadaProduction Secondary|Hydrogen2020
Canada,Production Secondary|Hydrogen,Production,quantity_provided,Hydrogen,,,,,2025,,CanadaProduction Secondary|Hydrogen2025
Canada,Production Secondary|Hydrogen,Production,quantity_provided,Hydrogen,,,,,2030,,CanadaProduction Secondary|Hydrogen2030
Canada,Production Secondary|Hydrogen,Production,quantity_provided,Hydrogen,,,,,2035,,CanadaProduction Secondary|Hydrogen2035
Canada,Production Secondary|Hydrogen,Production,quantity_provided,Hydrogen,,,,,2040,,CanadaProduction Secondary|Hydrogen2040
Canada,Production Secondary|Hydrogen,Production,quantity_provided,Hydrogen,,,,,2045,,CanadaProduction Secondary|Hydrogen2045
Canada,Production Secondary|Hydrogen,Production,quantity_provided,Hydrogen,,,,,2050,,CanadaProduction Secondary|Hydrogen2050
Canada,Production Secondary|Refined Petroleum Products,Production,quantity_provided,Petroleum Refining,,,,,2015,,CanadaProduction Secondary|Refined Petroleum Products2015
Canada,Production Secondary|Refined Petroleum Products,Production,quantity_provided,Petroleum Refining,,,,,2020,,CanadaProduction Secondary|Refined Petroleum Products2020
Canada,Production Secondary|Refined Petroleum Products,Production,quantity_provided,Petroleum Refining,,,,,2025,,CanadaProduction Secondary|Refined Petroleum Products2025
Canada,Production Secondary|Refined Petroleum Products,Production,quantity_provided,Petroleum Refining,,,,,2030,,CanadaProduction Secondary|Refined Petroleum Products2030
Canada,Production Secondary|Refined Petroleum Products,Production,quantity_provided,Petroleum Refining,,,,,2035,,CanadaProduction Secondary|Refined Petroleum Products2035
Canada,Production Secondary|Refined Petroleum Products,Production,quantity_provided,Petroleum Refining,,,,,2040,,CanadaProduction Secondary|Refined Petroleum Products2040
Canada,Production Secondary|Refined Petroleum Products,Production,quantity_provided,Petroleum Refining,,,,,2045,,CanadaProduction Secondary|Refined Petroleum Products2045
Canada,Production Secondary|Refined Petroleum Products,Production,quantity_provided,Petroleum Refining,,,,,2050,,CanadaProduction Secondary|Refined Petroleum Products2050
Canada,Use Final,Use Final,quantity_requested,Economy,Total,,,,2015,,CanadaUse Final2015
Canada,Use Final,Use Final,quantity_requested,Economy,Total,,,,2020,,CanadaUse Final2020
Canada,Use Final,Use Final,quantity_requested,Economy,Total,,,,2025,,CanadaUse Final2025
Canada,Use Final,Use Final,quantity_requested,Economy,Total,,,,2030,,CanadaUse Final2030
Canada,Use Final,Use Final,quantity_requested,Economy,Total,,,,2035,,CanadaUse Final2035
Canada,Use Final,Use Final,quantity_requested,Economy,Total,,,,2040,,CanadaUse Final2040
Canada,Use Final,Use Final,quantity_requested,Economy,Total,,,,2045,,CanadaUse Final2045
Canada,Use Final,Use Final,quantity_requested,Economy,Total,,,,2050,,CanadaUse Final2050
Canada,Use Final|Energy|Biogas,Use Final,quantity_requested,Economy,Biogas,,,,2015,,CanadaUse Final|Energy|Biogas2015
Canada,Use Final|Energy|Biogas,Use Final,quantity_requested,Economy,Biogas,,,,2020,,CanadaUse Final|Energy|Biogas2020
Canada,Use Final|Energy|Biogas,Use Final,quantity_requested,Economy,Biogas,,,,2025,,CanadaUse Final|Energy|Biogas2025
Canada,Use Final|Energy|Biogas,Use Final,quantity_requested,Economy,Biogas,,,,2030,,CanadaUse Final|Energy|Biogas2030
Canada,Use Final|Energy|Biogas,Use Final,quantity_requested,Economy,Biogas,,,,2035,,CanadaUse Final|Energy|Biogas2035
Canada,Use Final|Energy|Biogas,Use Final,quantity_requested,Economy,Biogas,,,,2040,,CanadaUse Final|Energy|Biogas2040
Canada,Use Final|Energy|Biogas,Use Final,quantity_requested,Economy,Biogas,,,,2045,,CanadaUse Final|Energy|Biogas2045
Canada,Use Final|Energy|Biogas,Use Final,quantity_requested,Economy,Biogas,,,,2050,,CanadaUse Final|Energy|Biogas2050
Canada,Use Final|Energy|Biomass Liquids,Use Final,quantity_requested,Economy,Biomass Liquids,,,,2015,,CanadaUse Final|Energy|Biomass Liquids2015
Canada,Use Final|Energy|Biomass Liquids,Use Final,quantity_requested,Economy,Biomass Liquids,,,,2020,,CanadaUse Final|Energy|Biomass Liquids2020
Canada,Use Final|Energy|Biomass Liquids,Use Final,quantity_requested,Economy,Biomass Liquids,,,,2025,,CanadaUse Final|Energy|Biomass Liquids2025
Canada,Use Final|Energy|Biomass Liquids,Use Final,quantity_requested,Economy,Biomass Liquids,,,,2030,,CanadaUse Final|Energy|Biomass Liquids2030
Canada,Use Final|Energy|Biomass Liquids,Use Final,quantity_requested,Economy,Biomass Liquids,,,,2035,,CanadaUse Final|Energy|Biomass Liquids2035
Canada,Use Final|Energy|Biomass Liquids,Use Final,quantity_requested,Economy,Biomass Liquids,,,,2040,,CanadaUse Final|Energy|Biomass Liquids2040
Canada,Use Final|Energy|Biomass Liquids,Use Final,quantity_requested,Economy,Biomass Liquids,,,,2045,,CanadaUse Final|Energy|Biomass Liquids2045
Canada,Use Final|Energy|Biomass Liquids,Use Final,quantity_requested,Economy,Biomass Liquids,,,,2050,,CanadaUse Final|Energy|Biomass Liquids2050
Canada,Use Final|Energy|Biomass Solids,Use Final,quantity_requested,Economy,Biomass Solids,,,,2015,,CanadaUse Final|Energy|Biomass Solids2015
Canada,Use Final|Energy|Biomass Solids,Use Final,quantity_requested,Economy,Biomass Solids,,,,2020,,CanadaUse Final|Energy|Biomass Solids2020
Canada,Use Final|Energy|Biomass Solids,Use Final,quantity_requested,Economy,Biomass Solids,,,,2025,,CanadaUse Final|Energy|Biomass Solids2025
Canada,Use Final|Energy|Biomass Solids,Use Final,quantity_requested,Economy,Biomass Solids,,,,2030,,CanadaUse Final|Energy|Biomass Solids2030
Canada,Use Final|Energy|Biomass Solids,Use Final,quantity_requested,Economy,Biomass Solids,,,,2035,,CanadaUse Final|Energy|Biomass Solids2035
Canada,Use Final|Energy|Biomass Solids,Use Final,quantity_requested,Economy,Biomass Solids,,,,2040,,CanadaUse Final|Energy|Biomass Solids2040
Canada,Use Final|Energy|Biomass Solids,Use Final,quantity_requested,Economy,Biomass Solids,,,,2045,,CanadaUse Final|Energy|Biomass Solids2045
Canada,Use Final|Energy|Biomass Solids,Use Final,quantity_requested,Economy,Biomass Solids,,,,2050,,CanadaUse Final|Energy|Biomass Solids2050
Canada,Use Final|Energy|Coal,Use Final,quantity_requested,Economy,Coal,,,,2015,,CanadaUse Final|Energy|Coal2015
Canada,Use Final|Energy|Coal,Use Final,quantity_requested,Economy,Coal,,,,2020,,CanadaUse Final|Energy|Coal2020
Canada,Use Final|Energy|Coal,Use Final,quantity_requested,Economy,Coal,,,,2025,,CanadaUse Final|Energy|Coal2025
Canada,Use Final|Energy|Coal,Use Final,quantity_requested,Economy,Coal,,,,2030,,CanadaUse Final|Energy|Coal2030
Canada,Use Final|Energy|Coal,Use Final,quantity_requested,Economy,Coal,,,,2035,,CanadaUse Final|Energy|Coal2035
Canada,Use Final|Energy|Coal,Use Final,quantity_requested,Economy,Coal,,,,2040,,CanadaUse Final|Energy|Coal2040
Canada,Use Final|Energy|Coal,Use Final,quantity_requested,Economy,Coal,,,,2045,,CanadaUse Final|Energy|Coal2045
Canada,Use Final|Energy|Coal,Use Final,quantity_requested,Economy,Coal,,,,2050,,CanadaUse Final|Energy|Coal2050
Canada,Use Final|Energy|Electricity,Use Final,quantity_requested,Economy,Electricity,,,,2015,,CanadaUse Final|Energy|Electricity2015
Canada,Use Final|Energy|Electricity,Use Final,quantity_requested,Economy,Electricity,,,,2020,,CanadaUse Final|Energy|Electricity2020
Canada,Use Final|Energy|Electricity,Use Final,quantity_requested,Economy,Electricity,,,,2025,,CanadaUse Final|Energy|Electricity2025
Canada,Use Final|Energy|Electricity,Use Final,quantity_requested,Economy,Electricity,,,,2030,,CanadaUse Final|Energy|Electricity2030
Canada,Use Final|Energy|Electricity,Use Final,quantity_requested,Economy,Electricity,,,,2035,,CanadaUse Final|Energy|Electricity2035
Canada,Use Final|Energy|Electricity,Use Final,quantity_requested,Economy,Electricity,,,,2040,,CanadaUse Final|Energy|Electricity2040
Canada,Use Final|Energy|Electricity,Use Final,quantity_requested,Economy,Electricity,,,,2045,,CanadaUse Final|Energy|Electricity2045
Canada,Use Final|Energy|Electricity,Use Final,quantity_requested,Economy,Electricity,,,,2050,,CanadaUse Final|Energy|Electricity2050
Canada,Use Final|Energy|Gas,Use Final,quantity_requested,Economy,Gas,,,,2015,,CanadaUse Final|Energy|Gas2015
Canada,Use Final|Energy|Gas,Use Final,quantity_requested,Economy,Gas,,,,2020,,CanadaUse Final|Energy|Gas2020
Canada,Use Final|Energy|Gas,Use Final,quantity_requested,Economy,Gas,,,,2025,,CanadaUse Final|Energy|Gas2025
Canada,Use Final|Energy|Gas,Use Final,quantity_requested,Economy,Gas,,,,2030,,CanadaUse Final|Energy|Gas2030
Canada,Use Final|Energy|Gas,Use Final,quantity_requested,Economy,Gas,,,,2035,,CanadaUse Final|Energy|Gas2035
Canada,Use Final|Energy|Gas,Use Final,quantity_requested,Economy,Gas,,,,2040,,CanadaUse Final|Energy|Gas2040
Canada,Use Final|Energy|Gas,Use Final,quantity_requested,Economy,Gas,,,,2045,,CanadaUse Final|Energy|Gas2045
Canada,Use Final|Energy|Gas,Use Final,quantity_requested,Economy,Gas,,,,2050,,CanadaUse Final|Energy|Gas2050
Canada,Use Final|Energy|Hydrogen,Use Final,quantity_requested,Economy,Hydrogen,,,,2015,,CanadaUse Final|Energy|Hydrogen2015
Canada,Use Final|Energy|Hydrogen,Use Final,quantity_requested,Economy,Hydrogen,,,,2020,,CanadaUse Final|Energy|Hydrogen2020
Canada,Use Final|Energy|Hydrogen,Use Final,quantity_requested,Economy,Hydrogen,,,,2025,,CanadaUse Final|Energy|Hydrogen2025
Canada,Use Final|Energy|Hydrogen,Use Final,quantity_requested,Economy,Hydrogen,,,,2030,,CanadaUse Final|Energy|Hydrogen2030
Canada,Use Final|Energy|Hydrogen,Use Final,quantity_requested,Economy,Hydrogen,,,,2035,,CanadaUse Final|Energy|Hydrogen2035
Canada,Use Final|Energy|Hydrogen,Use Final,quantity_requested,Economy,Hydrogen,,,,2040,,CanadaUse Final|Energy|Hydrogen2040
Canada,Use Final|Energy|Hydrogen,Use Final,quantity_requested,Economy,Hydrogen,,,,2045,,CanadaUse Final|Energy|Hydrogen2045
Canada,Use Final|Energy|Hydrogen,Use Final,quantity_requested,Economy,Hydrogen,,,,2050,,CanadaUse Final|Energy|Hydrogen2050
Canada,Use Final|Energy|Oil,Use Final,quantity_requested,Economy,Oil,,,,2015,,CanadaUse Final|Energy|Oil2015
Canada,Use Final|Energy|Oil,Use Final,quantity_requested,Economy,Oil,,,,2020,,CanadaUse Final|Energy|Oil2020
Canada,Use Final|Energy|Oil,Use Final,quantity_requested,Economy,Oil,,,,2025,,CanadaUse Final|Energy|Oil2025
Canada,Use Final|Energy|Oil,Use Final,quantity_requested,Economy,Oil,,,,2030,,CanadaUse Final|Energy|Oil2030
Canada,Use Final|Energy|Oil,Use Final,quantity_requested,Economy,Oil,,,,2035,,CanadaUse Final|Energy|Oil2035
Canada,Use Final|Energy|Oil,Use Final,quantity_requested,Economy,Oil,,,,2040,,CanadaUse Final|Energy|Oil2040
Canada,Use Final|Energy|Oil,Use Final,quantity_requested,Economy,Oil,,,,2045,,CanadaUse Final|Energy|Oil2045
Canada,Use Final|Energy|Oil,Use Final,quantity_requested,Economy,Oil,,,,2050,,CanadaUse Final|Energy|Oil2050
Canada,Use Final|Sector|Buildings,Use Final,quantity_requested,Buildings,Total,,,,2015,,CanadaUse Final|Sector|Buildings2015
Canada,Use Final|Sector|Buildings,Use Final,quantity_requested,Buildings,Total,,,,2020,,CanadaUse Final|Sector|Buildings2020
Canada,Use Final|Sector|Buildings,Use Final,quantity_requested,Buildings,Total,,,,2025,,CanadaUse Final|Sector|Buildings2025
Canada,Use Final|Sector|Buildings,Use Final,quantity_requested,Buildings,Total,,,,2030,,CanadaUse Final|Sector|Buildings2030
Canada,Use Final|Sector|Buildings,Use Final,quantity_requested,Buildings,Total,,,,2035,,CanadaUse Final|Sector|Buildings2035
Canada,Use Final|Sector|Buildings,Use Final,quantity_requested,Buildings,Total,,,,2040,,CanadaUse Final|Sector|Buildings2040
Canada,Use Final|Sector|Buildings,Use Final,quantity_requested,Buildings,Total,,,,2045,,CanadaUse Final|Sector|Buildings2045
Canada,Use Final|Sector|Buildings,Use Final,quantity_requested,Buildings,Total,,,,2050,,CanadaUse Final|Sector|Buildings2050
Canada,Use Final|Sector|Industry,Use Final,quantity_requested,Industry,Total,,,,2015,,CanadaUse Final|Sector|Industry2015
Canada,Use Final|Sector|Industry,Use Final,quantity_requested,Industry,Total,,,,2020,,CanadaUse Final|Sector|Industry2020
Canada,Use Final|Sector|Industry,Use Final,quantity_requested,Industry,Total,,,,2025,,CanadaUse Final|Sector|Industry2025
Canada,Use Final|Sector|Industry,Use Final,quantity_requested,Industry,Total,,,,2030,,CanadaUse Final|Sector|Industry2030
Canada,Use Final|Sector|Industry,Use Final,quantity_requested,Industry,Total,,,,2035,,CanadaUse Final|Sector|Industry2035
Canada,Use Final|Sector|Industry,Use Final,quantity_requested,Industry,Total,,,,2040,,CanadaUse Final|Sector|Industry2040
Canada,Use Final|Sector|Industry,Use Final,quantity_requested,Industry,Total,,,,2045,,CanadaUse Final|Sector|Industry2045
Canada,Use Final|Sector|Industry,Use Final,quantity_requested,Industry,Total,,,,2050,,CanadaUse Final|Sector|Industry2050
Canada,Use Final|Sector|Transportation,Use Final,quantity_requested,Transport,Total,,,,2015,,CanadaUse Final|Sector|Transportation2015
Canada,Use Final|Sector|Transportation,Use Final,quantity_requested,Transport,Total,,,,2020,,CanadaUse Final|Sector|Transportation2020
Canada,Use Final|Sector|Transportation,Use Final,quantity_requested,Transport,Total,,,,2025,,CanadaUse Final|Sector|Transportation2025
Canada,Use Final|Sector|Transportation,Use Final,quantity_requested,Transport,Total,,,,2030,,CanadaUse Final|Sector|Transportation2030
Canada,Use Final|Sector|Transportation,Use Final,quantity_requested,Transport,Total,,,,2035,,CanadaUse Final|Sector|Transportation2035
Canada,Use Final|Sector|Transportation,Use Final,quantity_requested,Transport,Total,,,,2040,,CanadaUse Final|Sector|Transportation2040
Canada,Use Final|Sector|Transportation,Use Final,quantity_requested,Transport,Total,,,,2045,,CanadaUse Final|Sector|Transportation2045
Canada,Use Final|Sector|Transportation,Use Final,quantity_requested,Transport,Total,,,,2050,,CanadaUse Final|Sector|Transportation2050
Canada,Use Primary,Use Primary,quantity_requested,Economy,Total,,,,2015,,CanadaUse Primary2015
Canada,Use Primary,Use Primary,quantity_requested,Economy,Total,,,,2020,,CanadaUse Primary2020
Canada,Use Primary,Use Primary,quantity_requested,Economy,Total,,,,2025,,CanadaUse Primary2025
Canada,Use Primary,Use Primary,quantity_requested,Economy,Total,,,,2030,,CanadaUse Primary2030
Canada,Use Primary,Use Primary,quantity_requested,Economy,Total,,,,2035,,CanadaUse Primary2035
Canada,Use Primary,Use Primary,quantity_requested,Economy,Total,,,,2040,,CanadaUse Primary2040
Canada,Use Primary,Use Primary,quantity_requested,Economy,Total,,,,2045,,CanadaUse Primary2045
Canada,Use Primary,Use Primary,quantity_requested,Economy,Total,,,,2050,,CanadaUse Primary2050
Canada,Use Primary|Energy|Biomass,Use Primary,quantity_requested,Economy,Biomass Liquids,,,,2015,,CanadaUse Primary|Energy|Biomass2015
Canada,Use Primary|Energy|Biomass,Use Primary,quantity_requested,Economy,Biomass Liquids,,,,2020,,CanadaUse Primary|Energy|Biomass2020
Canada,Use Primary|Energy|Biomass,Use Primary,quantity_requested,Economy,Biomass Liquids,,,,2025,,CanadaUse Primary|Energy|Biomass2025
Canada,Use Primary|Energy|Biomass,Use Primary,quantity_requested,Economy,Biomass Liquids,,,,2030,,CanadaUse Primary|Energy|Biomass2030
Canada,Use Primary|Energy|Biomass,Use Primary,quantity_requested,Economy,Biomass Liquids,,,,2035,,CanadaUse Primary|Energy|Biomass2035
Canada,Use Primary|Energy|Biomass,Use Primary,quantity_requested,Economy,Biomass Liquids,,,,2040,,CanadaUse Primary|Energy|Biomass2040
Canada,Use Primary|Energy|Biomass,Use Primary,quantity_requested,Economy,Biomass Liquids,,,,2045,,CanadaUse Primary|Energy|Biomass2045
Canada,Use Primary|Energy|Biomass,Use Primary,quantity_requested,Economy,Biomass Liquids,,,,2050,,CanadaUse Primary|Energy|Biomass2050
Canada,Use Primary|Energy|Coal,Use Primary,quantity_requested,Economy,Coal,,,,2015,,CanadaUse Primary|Energy|Coal2015
Canada,Use Primary|Energy|Coal,Use Primary,quantity_requested,Economy,Coal,,,,2020,,CanadaUse Primary|Energy|Coal2020
Canada,Use Primary|Energy|Coal,Use Primary,quantity_requested,Economy,Coal,,,,2025,,CanadaUse Primary|Energy|Coal2025
Canada,Use Primary|Energy|Coal,Use Primary,quantity_requested,Economy,Coal,,,,2030,,CanadaUse Primary|Energy|Coal2030
Canada,Use Primary|Energy|Coal,Use Primary,quantity_requested,Economy,Coal,,,,2035,,CanadaUse Primary|Energy|Coal2035
Canada,Use Primary|Energy|Coal,Use Primary,quantity_requested,Economy,Coal,,,,2040,,CanadaUse Primary|Energy|Coal2040
Canada,Use Primary|Energy|Coal,Use Primary,quantity_requested,Economy,Coal,,,,2045,,CanadaUse Primary|Energy|Coal2045
Canada,Use Primary|Energy|Coal,Use Primary,quantity_requested,Economy,Coal,,,,2050,,CanadaUse Primary|Energy|Coal2050
Canada,Use Primary|Energy|Gas,Use Primary,quantity_requested,Economy,Gas,,,,2015,,CanadaUse Primary|Energy|Gas2015
Canada,Use Primary|Energy|Gas,Use Primary,quantity_requested,Economy,Gas,,,,2020,,CanadaUse Primary|Energy|Gas2020
Canada,Use Primary|Energy|Gas,Use Primary,quantity_requested,Economy,Gas,,,,2025,,CanadaUse Primary|Energy|Gas2025
Canada,Use Primary|Energy|Gas,Use Primary,quantity_requested,Economy,Gas,,,,2030,,CanadaUse Primary|Energy|Gas2030
Canada,Use Primary|Energy|Gas,Use Primary,quantity_requested,Economy,Gas,,,,2035,,CanadaUse Primary|Energy|Gas2035
Canada,Use Primary|Energy|Gas,Use Primary,quantity_requested,Economy,Gas,,,,2040,,CanadaUse Primary|Energy|Gas2040
Canada,Use Primary|Energy|Gas,Use Primary,quantity_requested,Economy,Gas,,,,2045,,CanadaUse Primary|Energy|Gas2045
Canada,Use Primary|Energy|Gas,Use Primary,quantity_requested,Economy,Gas,,,,2050,,CanadaUse Primary|Energy|Gas2050
Canada,Use Primary|Energy|Geothermal,Use Primary,stock_total,Economy,,Geoexchange,,,2015,,CanadaUse Primary|Energy|Geothermal2015
Canada,Use Primary|Energy|Geothermal,Use Primary,stock_total,Economy,,Geoexchange,,,2020,,CanadaUse Primary|Energy|Geothermal2020
Canada,Use Primary|Energy|Geothermal,Use Primary,stock_total,Economy,,Geoexchange,,,2025,,CanadaUse Primary|Energy|Geothermal2025
Canada,Use Primary|Energy|Geothermal,Use Primary,stock_total,Economy,,Geoexchange,,,2030,,CanadaUse Primary|Energy|Geothermal2030
Canada,Use Primary|Energy|Geothermal,Use Primary,stock_total,Economy,,Geoexchange,,,2035,,CanadaUse Primary|Energy|Geothermal2035
Canada,Use Primary|Energy|Geothermal,Use Primary,stock_total,Economy,,Geoexchange,,,2040,,CanadaUse Primary|Energy|Geothermal2040
Canada,Use Primary|Energy|Geothermal,Use Primary,stock_total,Economy,,Geoexchange,,,2045,,CanadaUse Primary|Energy|Geothermal2045
Canada,Use Primary|Energy|Geothermal,Use Primary,stock_total,Economy,,Geoexchange,,,2050,,CanadaUse Primary|Energy|Geothermal2050
Canada,Use Primary|Energy|Hydro,Use Primary,stock_total,Economy,,Hydro,,,2015,,CanadaUse Primary|Energy|Hydro2015
Canada,Use Primary|Energy|Hydro,Use Primary,stock_total,Economy,,Hydro,,,2020,,CanadaUse Primary|Energy|Hydro2020
Canada,Use Primary|Energy|Hydro,Use Primary,stock_total,Economy,,Hydro,,,2025,,CanadaUse Primary|Energy|Hydro2025
Canada,Use Primary|Energy|Hydro,Use Primary,stock_total,Economy,,Hydro,,,2030,,CanadaUse Primary|Energy|Hydro2030
Canada,Use Primary|Energy|Hydro,Use Primary,stock_total,Economy,,Hydro,,,2035,,CanadaUse Primary|Energy|Hydro2035
Canada,Use Primary|Energy|Hydro,Use Primary,stock_total,Economy,,Hydro,,,2040,,CanadaUse Primary|Energy|Hydro2040
Canada,Use Primary|Energy|Hydro,Use Primary,stock_total,Economy,,Hydro,,,2045,,CanadaUse Primary|Energy|Hydro2045
Canada,Use Primary|Energy|Hydro,Use Primary,stock_total,Economy,,Hydro,,,2050,,CanadaUse Primary|Energy|Hydro2050
Canada,Use Primary|Energy|Nuclear,Use Primary,stock_total,Economy,,Nuclear,,,2015,,CanadaUse Primary|Energy|Nuclear2015
Canada,Use Primary|Energy|Nuclear,Use Primary,stock_total,Economy,,Nuclear,,,2020,,CanadaUse Primary|Energy|Nuclear2020
Canada,Use Primary|Energy|Nuclear,Use Primary,stock_total,Economy,,Nuclear,,,2025,,CanadaUse Primary|Energy|Nuclear2025
Canada,Use Primary|Energy|Nuclear,Use Primary,stock_total,Economy,,Nuclear,,,2030,,CanadaUse Primary|Energy|Nuclear2030
Canada,Use Primary|Energy|Nuclear,Use Primary,stock_total,Economy,,Nuclear,,,2035,,CanadaUse Primary|Energy|Nuclear2035
Canada,Use Primary|Energy|Nuclear,Use Primary,stock_total,Economy,,Nuclear,,,2040,,CanadaUse Primary|Energy|Nuclear2040
Canada,Use Primary|Energy|Nuclear,Use Primary,stock_total,Economy,,Nuclear,,,2045,,CanadaUse Primary|Energy|Nuclear2045
Canada,Use Primary|Energy|Nuclear,Use Primary,stock_total,Economy,,Nuclear,,,2050,,CanadaUse Primary|Energy|Nuclear2050
Canada,Use Primary|Energy|Oil,Use Primary,quantity_requested,Economy,Oil,,,,2015,,CanadaUse Primary|Energy|Oil2015
Canada,Use Primary|Energy|Oil,Use Primary,quantity_requested,Economy,Oil,,,,2020,,CanadaUse Primary|Energy|Oil2020
Canada,Use Primary|Energy|Oil,Use Primary,quantity_requested,Economy,Oil,,,,2025,,CanadaUse Primary|Energy|Oil2025
Canada,Use Primary|Energy|Oil,Use Primary,quantity_requested,Economy,Oil,,,,2030,,CanadaUse Primary|Energy|Oil2030
Canada,Use Primary|Energy|Oil,Use Primary,quantity_requested,Economy,Oil,,,,2035,,CanadaUse Primary|Energy|Oil2035
Canada,Use Primary|Energy|Oil,Use Primary,quantity_requested,Economy,Oil,,,,2040,,CanadaUse Primary|Energy|Oil2040
Canada,Use Primary|Energy|Oil,Use Primary,quantity_requested,Economy,Oil,,,,2045,,CanadaUse Primary|Energy|Oil2045
Canada,Use Primary|Energy|Oil,Use Primary,quantity_requested,Economy,Oil,,,,2050,,CanadaUse Primary|Energy|Oil2050
Canada,Use Primary|Energy|Solar,Use Primary,stock_total,Economy,,Solar,,,2015,,CanadaUse Primary|Energy|Solar2015
Canada,Use Primary|Energy|Solar,Use Primary,stock_total,Economy,,Solar,,,2020,,CanadaUse Primary|Energy|Solar2020
Canada,Use Primary|Energy|Solar,Use Primary,stock_total,Economy,,Solar,,,2025,,CanadaUse Primary|Energy|Solar2025
Canada,Use Primary|Energy|Solar,Use Primary,stock_total,Economy,,Solar,,,2030,,CanadaUse Primary|Energy|Solar2030
Canada,Use Primary|Energy|Solar,Use Primary,stock_total,Economy,,Solar,,,2035,,CanadaUse Primary|Energy|Solar2035
Canada,Use Primary|Energy|Solar,Use Primary,stock_total,Economy,,Solar,,,2040,,CanadaUse Primary|Energy|Solar2040
Canada,Use Primary|Energy|Solar,Use Primary,stock_total,Economy,,Solar,,,2045,,CanadaUse Primary|Energy|Solar2045
Canada,Use Primary|Energy|Solar,Use Primary,stock_total,Economy,,Solar,,,2050,,CanadaUse Primary|Energy|Solar2050
Canada,Use Primary|Energy|Wind,Use Primary,stock_total,Economy,,Wind,,,2015,,CanadaUse Primary|Energy|Wind2015
Canada,Use Primary|Energy|Wind,Use Primary,stock_total,Economy,,Wind,,,2020,,CanadaUse Primary|Energy|Wind2020
Canada,Use Primary|Energy|Wind,Use Primary,stock_total,Economy,,Wind,,,2025,,CanadaUse Primary|Energy|Wind2025
Canada,Use Primary|Energy|Wind,Use Primary,stock_total,Economy,,Wind,,,2030,,CanadaUse Primary|Energy|Wind2030
Canada,Use Primary|Energy|Wind,Use Primary,stock_total,Economy,,Wind,,,2035,,CanadaUse Primary|Energy|Wind2035
Canada,Use Primary|Energy|Wind,Use Primary,stock_total,Economy,,Wind,,,2040,,CanadaUse Primary|Energy|Wind2040
Canada,Use Primary|Energy|Wind,Use Primary,stock_total,Economy,,Wind,,,2045,,CanadaUse Primary|Energy|Wind2045
Canada,Use Primary|Energy|Wind,Use Primary,stock_total,Economy,,Wind,,,2050,,CanadaUse Primary|Energy|Wind2050
British Columbia,Carbon Sequestration|CCS,Carbon Sequestration,emissions_total_cumul_avoided,Economy,,,CO2,ALL,2015,,British ColumbiaCarbon Sequestration|CCS2015
British Columbia,Carbon Sequestration|CCS,Carbon Sequestration,emissions_total_cumul_avoided,Economy,,,CO2,ALL,2020,,British ColumbiaCarbon Sequestration|CCS2020
British Columbia,Carbon Sequestration|CCS,Carbon Sequestration,emissions_total_cumul_avoided,Economy,,,CO2,ALL,2025,,British ColumbiaCarbon Sequestration|CCS2025
British Columbia,Carbon Sequestration|CCS,Carbon Sequestration,emissions_total_cumul_avoided,Economy,,,CO2,ALL,2030,,British ColumbiaCarbon Sequestration|CCS2030
British Columbia,Carbon Sequestration|CCS,Carbon Sequestration,emissions_total_cumul_avoided,Economy,,,CO2,ALL,2035,,British ColumbiaCarbon Sequestration|CCS2035
British Columbia,Carbon Sequestration|CCS,Carbon Sequestration,emissions_total_cumul_avoided,Economy,,,CO2,ALL,2040,,British ColumbiaCarbon Sequestration|CCS2040
British Columbia,Carbon Sequestration|CCS,Carbon Sequestration,emissions_total_cumul_avoided,Economy,,,CO2,ALL,2045,,British ColumbiaCarbon Sequestration|CCS2045
British Columbia,Carbon Sequestration|CCS,Carbon Sequestration,emissions_total_cumul_avoided,Economy,,,CO2,ALL,2050,,British ColumbiaCarbon Sequestration|CCS2050
British Columbia,Emissions|CO2,Emissions,emissions_total_cumul_net,Economy,,,CO2,ALL,2015,,British ColumbiaEmissions|CO22015
British Columbia,Emissions|CO2,Emissions,emissions_total_cumul_net,Economy,,,CO2,ALL,2020,,British ColumbiaEmissions|CO22020
British Columbia,Emissions|CO2,Emissions,emissions_total_cumul_net,Economy,,,CO2,ALL,2025,,British ColumbiaEmissions|CO22025
British Columbia,Emissions|CO2,Emissions,emissions_total_cumul_net,Economy,,,CO2,ALL,2030,,British ColumbiaEmissions|CO22030
British Columbia,Emissions|CO2,Emissions,emissions_total_cumul_net,Economy,,,CO2,ALL,2035,,British ColumbiaEmissions|CO22035
British Columbia,Emissions|CO2,Emissions,emissions_total_cumul_net,Economy,,,CO2,ALL,2040,,British ColumbiaEmissions|CO22040
British Columbia,Emissions|CO2,Emissions,emissions_total_cumul_net,Economy,,,CO2,ALL,2045,,British ColumbiaEmissions|CO22045
British Columbia,Emissions|CO2,Emissions,emissions_total_cumul_net,Economy,,,CO2,ALL,2050,,British ColumbiaEmissions|CO22050
British Columbia,Emissions|CO2|Combustion,Emissions,emissions_total_cumul_net,Economy,,,CO2,Combustion,2015,,British ColumbiaEmissions|CO2|Combustion2015
British Columbia,Emissions|CO2|Combustion,Emissions,emissions_total_cumul_net,Economy,,,CO2,Combustion,2020,,British ColumbiaEmissions|CO2|Combustion2020
British Columbia,Emissions|CO2|Combustion,Emissions,emissions_total_cumul_net,Economy,,,CO2,Combustion,2025,,British ColumbiaEmissions|CO2|Combustion2025
British Columbia,Emissions|CO2|Combustion,Emissions,emissions_total_cumul_net,Economy,,,CO2,Combustion,2030,,British ColumbiaEmissions|CO2|Combustion2030
British Columbia,Emissions|CO2|Combustion,Emissions,emissions_total_cumul_net,Economy,,,CO2,Combustion,2035,,British ColumbiaEmissions|CO2|Combustion2035
British Columbia,Emissions|CO2|Combustion,Emissions,emissions_total_cumul_net,Economy,,,CO2,Combustion,2040,,British ColumbiaEmissions|CO2|Combustion2040
British Columbia,Emissions|CO2|Combustion,Emissions,emissions_total_cumul_net,Economy,,,CO2,Combustion,2045,,British ColumbiaEmissions|CO2|Combustion2045
British Columbia,Emissions|CO2|Combustion,Emissions,emissions_total_cumul_net,Economy,,,CO2,Combustion,2050,,British ColumbiaEmissions|CO2|Combustion2050
British Columbia,Emissions|CO2|Combustion|Energy|Coal,Emissions,emissions_total_cumul_net,Economy,Coal,,CO2,Combustion,2015,,British ColumbiaEmissions|CO2|Combustion|Energy|Coal2015
British Columbia,Emissions|CO2|Combustion|Energy|Coal,Emissions,emissions_total_cumul_net,Economy,Coal,,CO2,Combustion,2020,,British ColumbiaEmissions|CO2|Combustion|Energy|Coal2020
British Columbia,Emissions|CO2|Combustion|Energy|Coal,Emissions,emissions_total_cumul_net,Economy,Coal,,CO2,Combustion,2025,,British ColumbiaEmissions|CO2|Combustion|Energy|Coal2025
British Columbia,Emissions|CO2|Combustion|Energy|Coal,Emissions,emissions_total_cumul_net,Economy,Coal,,CO2,Combustion,2030,,British ColumbiaEmissions|CO2|Combustion|Energy|Coal2030
British Columbia,Emissions|CO2|Combustion|Energy|Coal,Emissions,emissions_total_cumul_net,Economy,Coal,,CO2,Combustion,2035,,British ColumbiaEmissions|CO2|Combustion|Energy|Coal2035
British Columbia,Emissions|CO2|Combustion|Energy|Coal,Emissions,emissions_total_cumul_net,Economy,Coal,,CO2,Combustion,2040,,British ColumbiaEmissions|CO2|Combustion|Energy|Coal2040
British Columbia,Emissions|CO2|Combustion|Energy|Coal,Emissions,emissions_total_cumul_net,Economy,Coal,,CO2,Combustion,2045,,British ColumbiaEmissions|CO2|Combustion|Energy|Coal2045
British Columbia,Emissions|CO2|Combustion|Energy|Coal,Emissions,emissions_total_cumul_net,Economy,Coal,,CO2,Combustion,2050,,British ColumbiaEmissions|CO2|Combustion|Energy|Coal2050
British Columbia,Emissions|CO2|Combustion|Energy|Gas,Emissions,emissions_total_cumul_net,Economy,Gas,,CO2,Combustion,2015,,British ColumbiaEmissions|CO2|Combustion|Energy|Gas2015
British Columbia,Emissions|CO2|Combustion|Energy|Gas,Emissions,emissions_total_cumul_net,Economy,Gas,,CO2,Combustion,2020,,British ColumbiaEmissions|CO2|Combustion|Energy|Gas2020
British Columbia,Emissions|CO2|Combustion|Energy|Gas,Emissions,emissions_total_cumul_net,Economy,Gas,,CO2,Combustion,2025,,British ColumbiaEmissions|CO2|Combustion|Energy|Gas2025
British Columbia,Emissions|CO2|Combustion|Energy|Gas,Emissions,emissions_total_cumul_net,Economy,Gas,,CO2,Combustion,2030,,British ColumbiaEmissions|CO2|Combustion|Energy|Gas2030
British Columbia,Emissions|CO2|Combustion|Energy|Gas,Emissions,emissions_total_cumul_net,Economy,Gas,,CO2,Combustion,2035,,British ColumbiaEmissions|CO2|Combustion|Energy|Gas2035
British Columbia,Emissions|CO2|Combustion|Energy|Gas,Emissions,emissions_total_cumul_net,Economy,Gas,,CO2,Combustion,2040,,British ColumbiaEmissions|CO2|Combustion|Energy|Gas2040
British Columbia,Emissions|CO2|Combustion|Energy|Gas,Emissions,emissions_total_cumul_net,Economy,Gas,,CO2,Combustion,2045,,British ColumbiaEmissions|CO2|Combustion|Energy|Gas2045
British Columbia,Emissions|CO2|Combustion|Energy|Gas,Emissions,emissions_total_cumul_net,Economy,Gas,,CO2,Combustion,2050,,British ColumbiaEmissions|CO2|Combustion|Energy|Gas2050
British Columbia,Emissions|CO2|Combustion|Energy|Oil,Emissions,emissions_total_cumul_net,Economy,Oil,,CO2,Combustion,2015,,British ColumbiaEmissions|CO2|Combustion|Energy|Oil2015
British Columbia,Emissions|CO2|Combustion|Energy|Oil,Emissions,emissions_total_cumul_net,Economy,Oil,,CO2,Combustion,2020,,British ColumbiaEmissions|CO2|Combustion|Energy|Oil2020
British Columbia,Emissions|CO2|Combustion|Energy|Oil,Emissions,emissions_total_cumul_net,Economy,Oil,,CO2,Combustion,2025,,British ColumbiaEmissions|CO2|Combustion|Energy|Oil2025
British Columbia,Emissions|CO2|Combustion|Energy|Oil,Emissions,emissions_total_cumul_net,Economy,Oil,,CO2,Combustion,2030,,British ColumbiaEmissions|CO2|Combustion|Energy|Oil2030
British Columbia,Emissions|CO2|Combustion|Energy|Oil,Emissions,emissions_total_cumul_net,Economy,Oil,,CO2,Combustion,2035,,British ColumbiaEmissions|CO2|Combustion|Energy|Oil2035
British Columbia,Emissions|CO2|Combustion|Energy|Oil,Emissions,emissions_total_cumul_net,Economy,Oil,,CO2,Combustion,2040,,British ColumbiaEmissions|CO2|Combustion|Energy|Oil2040
British Columbia,Emissions|CO2|Combustion|Energy|Oil,Emissions,emissions_total_cumul_net,Economy,Oil,,CO2,Combustion,2045,,British ColumbiaEmissions|CO2|Combustion|Energy|Oil2045
British Columbia,Emissions|CO2|Combustion|Energy|Oil,Emissions,emissions_total_cumul_net,Economy,Oil,,CO2,Combustion,2050,,British ColumbiaEmissions|CO2|Combustion|Energy|Oil2050
British Columbia,Emissions|CO2|Combustion|Sector|Biomass Liquids,Emissions,emissions_total_cumul_net,Biofuels,,,CO2,Combustion,2015,,British ColumbiaEmissions|CO2|Combustion|Sector|Biomass Liquids2015
British Columbia,Emissions|CO2|Combustion|Sector|Biomass Liquids,Emissions,emissions_total_cumul_net,Biofuels,,,CO2,Combustion,2020,,British ColumbiaEmissions|CO2|Combustion|Sector|Biomass Liquids2020
British Columbia,Emissions|CO2|Combustion|Sector|Biomass Liquids,Emissions,emissions_total_cumul_net,Biofuels,,,CO2,Combustion,2025,,British ColumbiaEmissions|CO2|Combustion|Sector|Biomass Liquids2025
British Columbia,Emissions|CO2|Combustion|Sector|Biomass Liquids,Emissions,emissions_total_cumul_net,Biofuels,,,CO2,Combustion,2030,,British ColumbiaEmissions|CO2|Combustion|Sector|Biomass Liquids2030
British Columbia,Emissions|CO2|Combustion|Sector|Biomass Liquids,Emissions,emissions_total_cumul_net,Biofuels,,,CO2,Combustion,2035,,British ColumbiaEmissions|CO2|Combustion|Sector|Biomass Liquids2035
British Columbia,Emissions|CO2|Combustion|Sector|Biomass Liquids,Emissions,emissions_total_cumul_net,Biofuels,,,CO2,Combustion,2040,,British ColumbiaEmissions|CO2|Combustion|Sector|Biomass Liquids2040
British Columbia,Emissions|CO2|Combustion|Sector|Biomass Liquids,Emissions,emissions_total_cumul_net,Biofuels,,,CO2,Combustion,2045,,British ColumbiaEmissions|CO2|Combustion|Sector|Biomass Liquids2045
British Columbia,Emissions|CO2|Combustion|Sector|Biomass Liquids,Emissions,emissions_total_cumul_net,Biofuels,,,CO2,Combustion,2050,,British ColumbiaEmissions|CO2|Combustion|Sector|Biomass Liquids2050
British Columbia,Emissions|CO2|Combustion|Sector|Buildings,Emissions,emissions_total_cumul_net,Buildings,,,CO2,Combustion,2015,,British ColumbiaEmissions|CO2|Combustion|Sector|Buildings2015
British Columbia,Emissions|CO2|Combustion|Sector|Buildings,Emissions,emissions_total_cumul_net,Buildings,,,CO2,Combustion,2020,,British ColumbiaEmissions|CO2|Combustion|Sector|Buildings2020
British Columbia,Emissions|CO2|Combustion|Sector|Buildings,Emissions,emissions_total_cumul_net,Buildings,,,CO2,Combustion,2025,,British ColumbiaEmissions|CO2|Combustion|Sector|Buildings2025
British Columbia,Emissions|CO2|Combustion|Sector|Buildings,Emissions,emissions_total_cumul_net,Buildings,,,CO2,Combustion,2030,,British ColumbiaEmissions|CO2|Combustion|Sector|Buildings2030
British Columbia,Emissions|CO2|Combustion|Sector|Buildings,Emissions,emissions_total_cumul_net,Buildings,,,CO2,Combustion,2035,,British ColumbiaEmissions|CO2|Combustion|Sector|Buildings2035
British Columbia,Emissions|CO2|Combustion|Sector|Buildings,Emissions,emissions_total_cumul_net,Buildings,,,CO2,Combustion,2040,,British ColumbiaEmissions|CO2|Combustion|Sector|Buildings2040
British Columbia,Emissions|CO2|Combustion|Sector|Buildings,Emissions,emissions_total_cumul_net,Buildings,,,CO2,Combustion,2045,,British ColumbiaEmissions|CO2|Combustion|Sector|Buildings2045
British Columbia,Emissions|CO2|Combustion|Sector|Buildings,Emissions,emissions_total_cumul_net,Buildings,,,CO2,Combustion,2050,,British ColumbiaEmissions|CO2|Combustion|Sector|Buildings2050
British Columbia,Emissions|CO2|Combustion|Sector|Electricity,Emissions,emissions_total_cumul_net,Electricity,,,CO2,Combustion,2015,,British ColumbiaEmissions|CO2|Combustion|Sector|Electricity2015
British Columbia,Emissions|CO2|Combustion|Sector|Electricity,Emissions,emissions_total_cumul_net,Electricity,,,CO2,Combustion,2020,,British ColumbiaEmissions|CO2|Combustion|Sector|Electricity2020
British Columbia,Emissions|CO2|Combustion|Sector|Electricity,Emissions,emissions_total_cumul_net,Electricity,,,CO2,Combustion,2025,,British ColumbiaEmissions|CO2|Combustion|Sector|Electricity2025
British Columbia,Emissions|CO2|Combustion|Sector|Electricity,Emissions,emissions_total_cumul_net,Electricity,,,CO2,Combustion,2030,,British ColumbiaEmissions|CO2|Combustion|Sector|Electricity2030
British Columbia,Emissions|CO2|Combustion|Sector|Electricity,Emissions,emissions_total_cumul_net,Electricity,,,CO2,Combustion,2035,,British ColumbiaEmissions|CO2|Combustion|Sector|Electricity2035
British Columbia,Emissions|CO2|Combustion|Sector|Electricity,Emissions,emissions_total_cumul_net,Electricity,,,CO2,Combustion,2040,,British ColumbiaEmissions|CO2|Combustion|Sector|Electricity2040
British Columbia,Emissions|CO2|Combustion|Sector|Electricity,Emissions,emissions_total_cumul_net,Electricity,,,CO2,Combustion,2045,,British ColumbiaEmissions|CO2|Combustion|Sector|Electricity2045
British Columbia,Emissions|CO2|Combustion|Sector|Electricity,Emissions,emissions_total_cumul_net,Electricity,,,CO2,Combustion,2050,,British ColumbiaEmissions|CO2|Combustion|Sector|Electricity2050
British Columbia,Emissions|CO2|Combustion|Sector|Hydrogen,Emissions,emissions_total_cumul_net,Hydrogen,,,CO2,Combustion,2015,,British ColumbiaEmissions|CO2|Combustion|Sector|Hydrogen2015
British Columbia,Emissions|CO2|Combustion|Sector|Hydrogen,Emissions,emissions_total_cumul_net,Hydrogen,,,CO2,Combustion,2020,,British ColumbiaEmissions|CO2|Combustion|Sector|Hydrogen2020
British Columbia,Emissions|CO2|Combustion|Sector|Hydrogen,Emissions,emissions_total_cumul_net,Hydrogen,,,CO2,Combustion,2025,,British ColumbiaEmissions|CO2|Combustion|Sector|Hydrogen2025
British Columbia,Emissions|CO2|Combustion|Sector|Hydrogen,Emissions,emissions_total_cumul_net,Hydrogen,,,CO2,Combustion,2030,,British ColumbiaEmissions|CO2|Combustion|Sector|Hydrogen2030
British Columbia,Emissions|CO2|Combustion|Sector|Hydrogen,Emissions,emissions_total_cumul_net,Hydrogen,,,CO2,Combustion,2035,,British ColumbiaEmissions|CO2|Combustion|Sector|Hydrogen2035
British Columbia,Emissions|CO2|Combustion|Sector|Hydrogen,Emissions,emissions_total_cumul_net,Hydrogen,,,CO2,Combustion,2040,,British ColumbiaEmissions|CO2|Combustion|Sector|Hydrogen2040
British Columbia,Emissions|CO2|Combustion|Sector|Hydrogen,Emissions,emissions_total_cumul_net,Hydrogen,,,CO2,Combustion,2045,,British ColumbiaEmissions|CO2|Combustion|Sector|Hydrogen2045
British Columbia,Emissions|CO2|Combustion|Sector|Hydrogen,Emissions,emissions_total_cumul_net,Hydrogen,,,CO2,Combustion,2050,,British ColumbiaEmissions|CO2|Combustion|Sector|Hydrogen2050
British Columbia,Emissions|CO2|Combustion|Sector|Industry,Emissions,emissions_total_cumul_net,Industry,,,CO2,Combustion,2015,,British ColumbiaEmissions|CO2|Combustion|Sector|Industry2015
British Columbia,Emissions|CO2|Combustion|Sector|Industry,Emissions,emissions_total_cumul_net,Industry,,,CO2,Combustion,2020,,British ColumbiaEmissions|CO2|Combustion|Sector|Industry2020
British Columbia,Emissions|CO2|Combustion|Sector|Industry,Emissions,emissions_total_cumul_net,Industry,,,CO2,Combustion,2025,,British ColumbiaEmissions|CO2|Combustion|Sector|Industry2025
British Columbia,Emissions|CO2|Combustion|Sector|Industry,Emissions,emissions_total_cumul_net,Industry,,,CO2,Combustion,2030,,British ColumbiaEmissions|CO2|Combustion|Sector|Industry2030
British Columbia,Emissions|CO2|Combustion|Sector|Industry,Emissions,emissions_total_cumul_net,Industry,,,CO2,Combustion,2035,,British ColumbiaEmissions|CO2|Combustion|Sector|Industry2035
British Columbia,Emissions|CO2|Combustion|Sector|Industry,Emissions,emissions_total_cumul_net,Industry,,,CO2,Combustion,2040,,British ColumbiaEmissions|CO2|Combustion|Sector|Industry2040
British Columbia,Emissions|CO2|Combustion|Sector|Industry,Emissions,emissions_total_cumul_net,Industry,,,CO2,Combustion,2045,,British ColumbiaEmissions|CO2|Combustion|Sector|Industry2045
British Columbia,Emissions|CO2|Combustion|Sector|Industry,Emissions,emissions_total_cumul_net,Industry,,,CO2,Combustion,2050,,British ColumbiaEmissions|CO2|Combustion|Sector|Industry2050
British Columbia,Emissions|CO2|Combustion|Sector|Industry|Non Mfg|Petroleum Refining,Emissions,emissions_total_cumul_net,Petroleum Refining,,,CO2,Combustion,2015,,British ColumbiaEmissions|CO2|Combustion|Sector|Industry|Non Mfg|Petroleum Refining2015
British Columbia,Emissions|CO2|Combustion|Sector|Industry|Non Mfg|Petroleum Refining,Emissions,emissions_total_cumul_net,Petroleum Refining,,,CO2,Combustion,2020,,British ColumbiaEmissions|CO2|Combustion|Sector|Industry|Non Mfg|Petroleum Refining2020
British Columbia,Emissions|CO2|Combustion|Sector|Industry|Non Mfg|Petroleum Refining,Emissions,emissions_total_cumul_net,Petroleum Refining,,,CO2,Combustion,2025,,British ColumbiaEmissions|CO2|Combustion|Sector|Industry|Non Mfg|Petroleum Refining2025
British Columbia,Emissions|CO2|Combustion|Sector|Industry|Non Mfg|Petroleum Refining,Emissions,emissions_total_cumul_net,Petroleum Refining,,,CO2,Combustion,2030,,British ColumbiaEmissions|CO2|Combustion|Sector|Industry|Non Mfg|Petroleum Refining2030
British Columbia,Emissions|CO2|Combustion|Sector|Industry|Non Mfg|Petroleum Refining,Emissions,emissions_total_cumul_net,Petroleum Refining,,,CO2,Combustion,2035,,British ColumbiaEmissions|CO2|Combustion|Sector|Industry|Non Mfg|Petroleum Refining2035
British Columbia,Emissions|CO2|Combustion|Sector|Industry|Non Mfg|Petroleum Refining,Emissions,emissions_total_cumul_net,Petroleum Refining,,,CO2,Combustion,2040,,British ColumbiaEmissions|CO2|Combustion|Sector|Industry|Non Mfg|Petroleum Refining2040
British Columbia,Emissions|CO2|Combustion|Sector|Industry|Non Mfg|Petroleum Refining,Emissions,emissions_total_cumul_net,Petroleum Refining,,,CO2,Combustion,2045,,British ColumbiaEmissions|CO2|Combustion|Sector|Industry|Non Mfg|Petroleum Refining2045
British Columbia,Emissions|CO2|Combustion|Sector|Industry|Non Mfg|Petroleum Refining,Emissions,emissions_total_cumul_net,Petroleum Refining,,,CO2,Combustion,2050,,British ColumbiaEmissions|CO2|Combustion|Sector|Industry|Non Mfg|Petroleum Refining2050
British Columbia,Emissions|CO2|Combustion|Sector|Transportation,Emissions,emissions_total_cumul_net,Transport,,,CO2,Combustion,2015,,British ColumbiaEmissions|CO2|Combustion|Sector|Transportation2015
British Columbia,Emissions|CO2|Combustion|Sector|Transportation,Emissions,emissions_total_cumul_net,Transport,,,CO2,Combustion,2020,,British ColumbiaEmissions|CO2|Combustion|Sector|Transportation2020
British Columbia,Emissions|CO2|Combustion|Sector|Transportation,Emissions,emissions_total_cumul_net,Transport,,,CO2,Combustion,2025,,British ColumbiaEmissions|CO2|Combustion|Sector|Transportation2025
British Columbia,Emissions|CO2|Combustion|Sector|Transportation,Emissions,emissions_total_cumul_net,Transport,,,CO2,Combustion,2030,,British ColumbiaEmissions|CO2|Combustion|Sector|Transportation2030
British Columbia,Emissions|CO2|Combustion|Sector|Transportation,Emissions,emissions_total_cumul_net,Transport,,,CO2,Combustion,2035,,British ColumbiaEmissions|CO2|Combustion|Sector|Transportation2035
British Columbia,Emissions|CO2|Combustion|Sector|Transportation,Emissions,emissions_total_cumul_net,Transport,,,CO2,Combustion,2040,,British ColumbiaEmissions|CO2|Combustion|Sector|Transportation2040
British Columbia,Emissions|CO2|Combustion|Sector|Transportation,Emissions,emissions_total_cumul_net,Transport,,,CO2,Combustion,2045,,British ColumbiaEmissions|CO2|Combustion|Sector|Transportation2045
British Columbia,Emissions|CO2|Combustion|Sector|Transportation,Emissions,emissions_total_cumul_net,Transport,,,CO2,Combustion,2050,,British ColumbiaEmissions|CO2|Combustion|Sector|Transportation2050
British Columbia,Emissions|CO2|Industrial Process,Emissions,emissions_total_cumul_net,Economy,,,CO2,Process,2015,,British ColumbiaEmissions|CO2|Industrial Process2015
British Columbia,Emissions|CO2|Industrial Process,Emissions,emissions_total_cumul_net,Economy,,,CO2,Process,2020,,British ColumbiaEmissions|CO2|Industrial Process2020
British Columbia,Emissions|CO2|Industrial Process,Emissions,emissions_total_cumul_net,Economy,,,CO2,Process,2025,,British ColumbiaEmissions|CO2|Industrial Process2025
British Columbia,Emissions|CO2|Industrial Process,Emissions,emissions_total_cumul_net,Economy,,,CO2,Process,2030,,British ColumbiaEmissions|CO2|Industrial Process2030
British Columbia,Emissions|CO2|Industrial Process,Emissions,emissions_total_cumul_net,Economy,,,CO2,Process,2035,,British ColumbiaEmissions|CO2|Industrial Process2035
British Columbia,Emissions|CO2|Industrial Process,Emissions,emissions_total_cumul_net,Economy,,,CO2,Process,2040,,British ColumbiaEmissions|CO2|Industrial Process2040
British Columbia,Emissions|CO2|Industrial Process,Emissions,emissions_total_cumul_net,Economy,,,CO2,Process,2045,,British ColumbiaEmissions|CO2|Industrial Process2045
British Columbia,Emissions|CO2|Industrial Process,Emissions,emissions_total_cumul_net,Economy,,,CO2,Process,2050,,British ColumbiaEmissions|CO2|Industrial Process2050
British Columbia,Emissions|GHG Total,Emissions,emissions_total_cumul_net,Economy,,,GHG,ALL,2015,,British ColumbiaEmissions|GHG Total2015
British Columbia,Emissions|GHG Total,Emissions,emissions_total_cumul_net,Economy,,,GHG,ALL,2020,,British ColumbiaEmissions|GHG Total2020
British Columbia,Emissions|GHG Total,Emissions,emissions_total_cumul_net,Economy,,,GHG,ALL,2025,,British ColumbiaEmissions|GHG Total2025
British Columbia,Emissions|GHG Total,Emissions,emissions_total_cumul_net,Economy,,,GHG,ALL,2030,,British ColumbiaEmissions|GHG Total2030
British Columbia,Emissions|GHG Total,Emissions,emissions_total_cumul_net,Economy,,,GHG,ALL,2035,,British ColumbiaEmissions|GHG Total2035
British Columbia,Emissions|GHG Total,Emissions,emissions_total_cumul_net,Economy,,,GHG,ALL,2040,,British ColumbiaEmissions|GHG Total2040
British Columbia,Emissions|GHG Total,Emissions,emissions_total_cumul_net,Economy,,,GHG,ALL,2045,,British ColumbiaEmissions|GHG Total2045
British Columbia,Emissions|GHG Total,Emissions,emissions_total_cumul_net,Economy,,,GHG,ALL,2050,,British ColumbiaEmissions|GHG Total2050
British Columbia,Emissions|GHG Total|Combustion,Emissions,emissions_total_cumul_net,Economy,,,GHG,Combustion,2015,,British ColumbiaEmissions|GHG Total|Combustion2015
British Columbia,Emissions|GHG Total|Combustion,Emissions,emissions_total_cumul_net,Economy,,,GHG,Combustion,2020,,British ColumbiaEmissions|GHG Total|Combustion2020
British Columbia,Emissions|GHG Total|Combustion,Emissions,emissions_total_cumul_net,Economy,,,GHG,Combustion,2025,,British ColumbiaEmissions|GHG Total|Combustion2025
British Columbia,Emissions|GHG Total|Combustion,Emissions,emissions_total_cumul_net,Economy,,,GHG,Combustion,2030,,British ColumbiaEmissions|GHG Total|Combustion2030
British Columbia,Emissions|GHG Total|Combustion,Emissions,emissions_total_cumul_net,Economy,,,GHG,Combustion,2035,,British ColumbiaEmissions|GHG Total|Combustion2035
British Columbia,Emissions|GHG Total|Combustion,Emissions,emissions_total_cumul_net,Economy,,,GHG,Combustion,2040,,British ColumbiaEmissions|GHG Total|Combustion2040
British Columbia,Emissions|GHG Total|Combustion,Emissions,emissions_total_cumul_net,Economy,,,GHG,Combustion,2045,,British ColumbiaEmissions|GHG Total|Combustion2045
British Columbia,Emissions|GHG Total|Combustion,Emissions,emissions_total_cumul_net,Economy,,,GHG,Combustion,2050,,British ColumbiaEmissions|GHG Total|Combustion2050
British Columbia,Emissions|GHG Total|Combustion|Energy|Coal,Emissions,emissions_total_cumul_net,Economy,Coal,,GHG,Combustion,2015,,British ColumbiaEmissions|GHG Total|Combustion|Energy|Coal2015
British Columbia,Emissions|GHG Total|Combustion|Energy|Coal,Emissions,emissions_total_cumul_net,Economy,Coal,,GHG,Combustion,2020,,British ColumbiaEmissions|GHG Total|Combustion|Energy|Coal2020
British Columbia,Emissions|GHG Total|Combustion|Energy|Coal,Emissions,emissions_total_cumul_net,Economy,Coal,,GHG,Combustion,2025,,British ColumbiaEmissions|GHG Total|Combustion|Energy|Coal2025
British Columbia,Emissions|GHG Total|Combustion|Energy|Coal,Emissions,emissions_total_cumul_net,Economy,Coal,,GHG,Combustion,2030,,British ColumbiaEmissions|GHG Total|Combustion|Energy|Coal2030
British Columbia,Emissions|GHG Total|Combustion|Energy|Coal,Emissions,emissions_total_cumul_net,Economy,Coal,,GHG,Combustion,2035,,British ColumbiaEmissions|GHG Total|Combustion|Energy|Coal2035
British Columbia,Emissions|GHG Total|Combustion|Energy|Coal,Emissions,emissions_total_cumul_net,Economy,Coal,,GHG,Combustion,2040,,British ColumbiaEmissions|GHG Total|Combustion|Energy|Coal2040
British Columbia,Emissions|GHG Total|Combustion|Energy|Coal,Emissions,emissions_total_cumul_net,Economy,Coal,,GHG,Combustion,2045,,British ColumbiaEmissions|GHG Total|Combustion|Energy|Coal2045
British Columbia,Emissions|GHG Total|Combustion|Energy|Coal,Emissions,emissions_total_cumul_net,Economy,Coal,,GHG,Combustion,2050,,British ColumbiaEmissions|GHG Total|Combustion|Energy|Coal2050
British Columbia,Emissions|GHG Total|Combustion|Energy|Gas,Emissions,emissions_total_cumul_net,Economy,Gas,,GHG,Combustion,2015,,British ColumbiaEmissions|GHG Total|Combustion|Energy|Gas2015
British Columbia,Emissions|GHG Total|Combustion|Energy|Gas,Emissions,emissions_total_cumul_net,Economy,Gas,,GHG,Combustion,2020,,British ColumbiaEmissions|GHG Total|Combustion|Energy|Gas2020
British Columbia,Emissions|GHG Total|Combustion|Energy|Gas,Emissions,emissions_total_cumul_net,Economy,Gas,,GHG,Combustion,2025,,British ColumbiaEmissions|GHG Total|Combustion|Energy|Gas2025
British Columbia,Emissions|GHG Total|Combustion|Energy|Gas,Emissions,emissions_total_cumul_net,Economy,Gas,,GHG,Combustion,2030,,British ColumbiaEmissions|GHG Total|Combustion|Energy|Gas2030
British Columbia,Emissions|GHG Total|Combustion|Energy|Gas,Emissions,emissions_total_cumul_net,Economy,Gas,,GHG,Combustion,2035,,British ColumbiaEmissions|GHG Total|Combustion|Energy|Gas2035
British Columbia,Emissions|GHG Total|Combustion|Energy|Gas,Emissions,emissions_total_cumul_net,Economy,Gas,,GHG,Combustion,2040,,British ColumbiaEmissions|GHG Total|Combustion|Energy|Gas2040
British Columbia,Emissions|GHG Total|Combustion|Energy|Gas,Emissions,emissions_total_cumul_net,Economy,Gas,,GHG,Combustion,2045,,British ColumbiaEmissions|GHG Total|Combustion|Energy|Gas2045
British Columbia,Emissions|GHG Total|Combustion|Energy|Gas,Emissions,emissions_total_cumul_net,Economy,Gas,,GHG,Combustion,2050,,British ColumbiaEmissions|GHG Total|Combustion|Energy|Gas2050
British Columbia,Emissions|GHG Total|Combustion|Energy|Oil,Emissions,emissions_total_cumul_net,Economy,Oil,,GHG,Combustion,2015,,British ColumbiaEmissions|GHG Total|Combustion|Energy|Oil2015
British Columbia,Emissions|GHG Total|Combustion|Energy|Oil,Emissions,emissions_total_cumul_net,Economy,Oil,,GHG,Combustion,2020,,British ColumbiaEmissions|GHG Total|Combustion|Energy|Oil2020
British Columbia,Emissions|GHG Total|Combustion|Energy|Oil,Emissions,emissions_total_cumul_net,Economy,Oil,,GHG,Combustion,2025,,British ColumbiaEmissions|GHG Total|Combustion|Energy|Oil2025
British Columbia,Emissions|GHG Total|Combustion|Energy|Oil,Emissions,emissions_total_cumul_net,Economy,Oil,,GHG,Combustion,2030,,British ColumbiaEmissions|GHG Total|Combustion|Energy|Oil2030
British Columbia,Emissions|GHG Total|Combustion|Energy|Oil,Emissions,emissions_total_cumul_net,Economy,Oil,,GHG,Combustion,2035,,British ColumbiaEmissions|GHG Total|Combustion|Energy|Oil2035
British Columbia,Emissions|GHG Total|Combustion|Energy|Oil,Emissions,emissions_total_cumul_net,Economy,Oil,,GHG,Combustion,2040,,British ColumbiaEmissions|GHG Total|Combustion|Energy|Oil2040
British Columbia,Emissions|GHG Total|Combustion|Energy|Oil,Emissions,emissions_total_cumul_net,Economy,Oil,,GHG,Combustion,2045,,British ColumbiaEmissions|GHG Total|Combustion|Energy|Oil2045
British Columbia,Emissions|GHG Total|Combustion|Energy|Oil,Emissions,emissions_total_cumul_net,Economy,Oil,,GHG,Combustion,2050,,British ColumbiaEmissions|GHG Total|Combustion|Energy|Oil2050
British Columbia,Emissions|GHG Total|Combustion|Sector|Biomass Liquids,Emissions,emissions_total_cumul_net,Biofuels,,,GHG,Combustion,2015,,British ColumbiaEmissions|GHG Total|Combustion|Sector|Biomass Liquids2015
British Columbia,Emissions|GHG Total|Combustion|Sector|Biomass Liquids,Emissions,emissions_total_cumul_net,Biofuels,,,GHG,Combustion,2020,,British ColumbiaEmissions|GHG Total|Combustion|Sector|Biomass Liquids2020
British Columbia,Emissions|GHG Total|Combustion|Sector|Biomass Liquids,Emissions,emissions_total_cumul_net,Biofuels,,,GHG,Combustion,2025,,British ColumbiaEmissions|GHG Total|Combustion|Sector|Biomass Liquids2025
British Columbia,Emissions|GHG Total|Combustion|Sector|Biomass Liquids,Emissions,emissions_total_cumul_net,Biofuels,,,GHG,Combustion,2030,,British ColumbiaEmissions|GHG Total|Combustion|Sector|Biomass Liquids2030
British Columbia,Emissions|GHG Total|Combustion|Sector|Biomass Liquids,Emissions,emissions_total_cumul_net,Biofuels,,,GHG,Combustion,2035,,British ColumbiaEmissions|GHG Total|Combustion|Sector|Biomass Liquids2035
British Columbia,Emissions|GHG Total|Combustion|Sector|Biomass Liquids,Emissions,emissions_total_cumul_net,Biofuels,,,GHG,Combustion,2040,,British ColumbiaEmissions|GHG Total|Combustion|Sector|Biomass Liquids2040
British Columbia,Emissions|GHG Total|Combustion|Sector|Biomass Liquids,Emissions,emissions_total_cumul_net,Biofuels,,,GHG,Combustion,2045,,British ColumbiaEmissions|GHG Total|Combustion|Sector|Biomass Liquids2045
British Columbia,Emissions|GHG Total|Combustion|Sector|Biomass Liquids,Emissions,emissions_total_cumul_net,Biofuels,,,GHG,Combustion,2050,,British ColumbiaEmissions|GHG Total|Combustion|Sector|Biomass Liquids2050
British Columbia,Emissions|GHG Total|Combustion|Sector|Buildings,Emissions,emissions_total_cumul_net,Buildings,,,GHG,Combustion,2015,,British ColumbiaEmissions|GHG Total|Combustion|Sector|Buildings2015
British Columbia,Emissions|GHG Total|Combustion|Sector|Buildings,Emissions,emissions_total_cumul_net,Buildings,,,GHG,Combustion,2020,,British ColumbiaEmissions|GHG Total|Combustion|Sector|Buildings2020
British Columbia,Emissions|GHG Total|Combustion|Sector|Buildings,Emissions,emissions_total_cumul_net,Buildings,,,GHG,Combustion,2025,,British ColumbiaEmissions|GHG Total|Combustion|Sector|Buildings2025
British Columbia,Emissions|GHG Total|Combustion|Sector|Buildings,Emissions,emissions_total_cumul_net,Buildings,,,GHG,Combustion,2030,,British ColumbiaEmissions|GHG Total|Combustion|Sector|Buildings2030
British Columbia,Emissions|GHG Total|Combustion|Sector|Buildings,Emissions,emissions_total_cumul_net,Buildings,,,GHG,Combustion,2035,,British ColumbiaEmissions|GHG Total|Combustion|Sector|Buildings2035
British Columbia,Emissions|GHG Total|Combustion|Sector|Buildings,Emissions,emissions_total_cumul_net,Buildings,,,GHG,Combustion,2040,,British ColumbiaEmissions|GHG Total|Combustion|Sector|Buildings2040
British Columbia,Emissions|GHG Total|Combustion|Sector|Buildings,Emissions,emissions_total_cumul_net,Buildings,,,GHG,Combustion,2045,,British ColumbiaEmissions|GHG Total|Combustion|Sector|Buildings2045
British Columbia,Emissions|GHG Total|Combustion|Sector|Buildings,Emissions,emissions_total_cumul_net,Buildings,,,GHG,Combustion,2050,,British ColumbiaEmissions|GHG Total|Combustion|Sector|Buildings2050
British Columbia,Emissions|GHG Total|Combustion|Sector|Electricity,Emissions,emissions_total_cumul_net,Electricity,,,GHG,Combustion,2015,,British ColumbiaEmissions|GHG Total|Combustion|Sector|Electricity2015
British Columbia,Emissions|GHG Total|Combustion|Sector|Electricity,Emissions,emissions_total_cumul_net,Electricity,,,GHG,Combustion,2020,,British ColumbiaEmissions|GHG Total|Combustion|Sector|Electricity2020
British Columbia,Emissions|GHG Total|Combustion|Sector|Electricity,Emissions,emissions_total_cumul_net,Electricity,,,GHG,Combustion,2025,,British ColumbiaEmissions|GHG Total|Combustion|Sector|Electricity2025
British Columbia,Emissions|GHG Total|Combustion|Sector|Electricity,Emissions,emissions_total_cumul_net,Electricity,,,GHG,Combustion,2030,,British ColumbiaEmissions|GHG Total|Combustion|Sector|Electricity2030
British Columbia,Emissions|GHG Total|Combustion|Sector|Electricity,Emissions,emissions_total_cumul_net,Electricity,,,GHG,Combustion,2035,,British ColumbiaEmissions|GHG Total|Combustion|Sector|Electricity2035
British Columbia,Emissions|GHG Total|Combustion|Sector|Electricity,Emissions,emissions_total_cumul_net,Electricity,,,GHG,Combustion,2040,,British ColumbiaEmissions|GHG Total|Combustion|Sector|Electricity2040
British Columbia,Emissions|GHG Total|Combustion|Sector|Electricity,Emissions,emissions_total_cumul_net,Electricity,,,GHG,Combustion,2045,,British ColumbiaEmissions|GHG Total|Combustion|Sector|Electricity2045
British Columbia,Emissions|GHG Total|Combustion|Sector|Electricity,Emissions,emissions_total_cumul_net,Electricity,,,GHG,Combustion,2050,,British ColumbiaEmissions|GHG Total|Combustion|Sector|Electricity2050
British Columbia,Emissions|GHG Total|Combustion|Sector|Hydrogen,Emissions,emissions_total_cumul_net,Hydrogen,,,GHG,Combustion,2015,,British ColumbiaEmissions|GHG Total|Combustion|Sector|Hydrogen2015
British Columbia,Emissions|GHG Total|Combustion|Sector|Hydrogen,Emissions,emissions_total_cumul_net,Hydrogen,,,GHG,Combustion,2020,,British ColumbiaEmissions|GHG Total|Combustion|Sector|Hydrogen2020
British Columbia,Emissions|GHG Total|Combustion|Sector|Hydrogen,Emissions,emissions_total_cumul_net,Hydrogen,,,GHG,Combustion,2025,,British ColumbiaEmissions|GHG Total|Combustion|Sector|Hydrogen2025
British Columbia,Emissions|GHG Total|Combustion|Sector|Hydrogen,Emissions,emissions_total_cumul_net,Hydrogen,,,GHG,Combustion,2030,,British ColumbiaEmissions|GHG Total|Combustion|Sector|Hydrogen2030
British Columbia,Emissions|GHG Total|Combustion|Sector|Hydrogen,Emissions,emissions_total_cumul_net,Hydrogen,,,GHG,Combustion,2035,,British ColumbiaEmissions|GHG Total|Combustion|Sector|Hydrogen2035
British Columbia,Emissions|GHG Total|Combustion|Sector|Hydrogen,Emissions,emissions_total_cumul_net,Hydrogen,,,GHG,Combustion,2040,,British ColumbiaEmissions|GHG Total|Combustion|Sector|Hydrogen2040
British Columbia,Emissions|GHG Total|Combustion|Sector|Hydrogen,Emissions,emissions_total_cumul_net,Hydrogen,,,GHG,Combustion,2045,,British ColumbiaEmissions|GHG Total|Combustion|Sector|Hydrogen2045
British Columbia,Emissions|GHG Total|Combustion|Sector|Hydrogen,Emissions,emissions_total_cumul_net,Hydrogen,,,GHG,Combustion,2050,,British ColumbiaEmissions|GHG Total|Combustion|Sector|Hydrogen2050
British Columbia,Emissions|GHG Total|Combustion|Sector|Industry,Emissions,emissions_total_cumul_net,Industry,,,GHG,Combustion,2015,,British ColumbiaEmissions|GHG Total|Combustion|Sector|Industry2015
British Columbia,Emissions|GHG Total|Combustion|Sector|Industry,Emissions,emissions_total_cumul_net,Industry,,,GHG,Combustion,2020,,British ColumbiaEmissions|GHG Total|Combustion|Sector|Industry2020
British Columbia,Emissions|GHG Total|Combustion|Sector|Industry,Emissions,emissions_total_cumul_net,Industry,,,GHG,Combustion,2025,,British ColumbiaEmissions|GHG Total|Combustion|Sector|Industry2025
British Columbia,Emissions|GHG Total|Combustion|Sector|Industry,Emissions,emissions_total_cumul_net,Industry,,,GHG,Combustion,2030,,British ColumbiaEmissions|GHG Total|Combustion|Sector|Industry2030
British Columbia,Emissions|GHG Total|Combustion|Sector|Industry,Emissions,emissions_total_cumul_net,Industry,,,GHG,Combustion,2035,,British ColumbiaEmissions|GHG Total|Combustion|Sector|Industry2035
British Columbia,Emissions|GHG Total|Combustion|Sector|Industry,Emissions,emissions_total_cumul_net,Industry,,,GHG,Combustion,2040,,British ColumbiaEmissions|GHG Total|Combustion|Sector|Industry2040
British Columbia,Emissions|GHG Total|Combustion|Sector|Industry,Emissions,emissions_total_cumul_net,Industry,,,GHG,Combustion,2045,,British ColumbiaEmissions|GHG Total|Combustion|Sector|Industry2045
British Columbia,Emissions|GHG Total|Combustion|Sector|Industry,Emissions,emissions_total_cumul_net,Industry,,,GHG,Combustion,2050,,British ColumbiaEmissions|GHG Total|Combustion|Sector|Industry2050
British Columbia,Emissions|GHG Total|Combustion|Sector|Industry|Non Mfg|Petroleum Refining,Emissions,emissions_total_cumul_net,Petroleum Refining,,,GHG,Combustion,2015,,British ColumbiaEmissions|GHG Total|Combustion|Sector|Industry|Non Mfg|Petroleum Refining2015
British Columbia,Emissions|GHG Total|Combustion|Sector|Industry|Non Mfg|Petroleum Refining,Emissions,emissions_total_cumul_net,Petroleum Refining,,,GHG,Combustion,2020,,British ColumbiaEmissions|GHG Total|Combustion|Sector|Industry|Non Mfg|Petroleum Refining2020
British Columbia,Emissions|GHG Total|Combustion|Sector|Industry|Non Mfg|Petroleum Refining,Emissions,emissions_total_cumul_net,Petroleum Refining,,,GHG,Combustion,2025,,British ColumbiaEmissions|GHG Total|Combustion|Sector|Industry|Non Mfg|Petroleum Refining2025
British Columbia,Emissions|GHG Total|Combustion|Sector|Industry|Non Mfg|Petroleum Refining,Emissions,emissions_total_cumul_net,Petroleum Refining,,,GHG,Combustion,2030,,British ColumbiaEmissions|GHG Total|Combustion|Sector|Industry|Non Mfg|Petroleum Refining2030
British Columbia,Emissions|GHG Total|Combustion|Sector|Industry|Non Mfg|Petroleum Refining,Emissions,emissions_total_cumul_net,Petroleum Refining,,,GHG,Combustion,2035,,British ColumbiaEmissions|GHG Total|Combustion|Sector|Industry|Non Mfg|Petroleum Refining2035
British Columbia,Emissions|GHG Total|Combustion|Sector|Industry|Non Mfg|Petroleum Refining,Emissions,emissions_total_cumul_net,Petroleum Refining,,,GHG,Combustion,2040,,British ColumbiaEmissions|GHG Total|Combustion|Sector|Industry|Non Mfg|Petroleum Refining2040
British Columbia,Emissions|GHG Total|Combustion|Sector|Industry|Non Mfg|Petroleum Refining,Emissions,emissions_total_cumul_net,Petroleum Refining,,,GHG,Combustion,2045,,British ColumbiaEmissions|GHG Total|Combustion|Sector|Industry|Non Mfg|Petroleum Refining2045
British Columbia,Emissions|GHG Total|Combustion|Sector|Industry|Non Mfg|Petroleum Refining,Emissions,emissions_total_cumul_net,Petroleum Refining,,,GHG,Combustion,2050,,British ColumbiaEmissions|GHG Total|Combustion|Sector|Industry|Non Mfg|Petroleum Refining2050
British Columbia,Emissions|GHG Total|Combustion|Sector|Transportation,Emissions,emissions_total_cumul_net,Transport,,,GHG,Combustion,2015,,British ColumbiaEmissions|GHG Total|Combustion|Sector|Transportation2015
British Columbia,Emissions|GHG Total|Combustion|Sector|Transportation,Emissions,emissions_total_cumul_net,Transport,,,GHG,Combustion,2020,,British ColumbiaEmissions|GHG Total|Combustion|Sector|Transportation2020
British Columbia,Emissions|GHG Total|Combustion|Sector|Transportation,Emissions,emissions_total_cumul_net,Transport,,,GHG,Combustion,2025,,British ColumbiaEmissions|GHG Total|Combustion|Sector|Transportation2025
British Columbia,Emissions|GHG Total|Combustion|Sector|Transportation,Emissions,emissions_total_cumul_net,Transport,,,GHG,Combustion,2030,,British ColumbiaEmissions|GHG Total|Combustion|Sector|Transportation2030
British Columbia,Emissions|GHG Total|Combustion|Sector|Transportation,Emissions,emissions_total_cumul_net,Transport,,,GHG,Combustion,2035,,British ColumbiaEmissions|GHG Total|Combustion|Sector|Transportation2035
British Columbia,Emissions|GHG Total|Combustion|Sector|Transportation,Emissions,emissions_total_cumul_net,Transport,,,GHG,Combustion,2040,,British ColumbiaEmissions|GHG Total|Combustion|Sector|Transportation2040
British Columbia,Emissions|GHG Total|Combustion|Sector|Transportation,Emissions,emissions_total_cumul_net,Transport,,,GHG,Combustion,2045,,British ColumbiaEmissions|GHG Total|Combustion|Sector|Transportation2045
British Columbia,Emissions|GHG Total|Combustion|Sector|Transportation,Emissions,emissions_total_cumul_net,Transport,,,GHG,Combustion,2050,,British ColumbiaEmissions|GHG Total|Combustion|Sector|Transportation2050
British Columbia,Emissions|GHG Total|Fugitive,Emissions,emissions_total_cumul_net,Economy,,,GHG,Fugitive,2015,,British ColumbiaEmissions|GHG Total|Fugitive2015
British Columbia,Emissions|GHG Total|Fugitive,Emissions,emissions_total_cumul_net,Economy,,,GHG,Fugitive,2020,,British ColumbiaEmissions|GHG Total|Fugitive2020
British Columbia,Emissions|GHG Total|Fugitive,Emissions,emissions_total_cumul_net,Economy,,,GHG,Fugitive,2025,,British ColumbiaEmissions|GHG Total|Fugitive2025
British Columbia,Emissions|GHG Total|Fugitive,Emissions,emissions_total_cumul_net,Economy,,,GHG,Fugitive,2030,,British ColumbiaEmissions|GHG Total|Fugitive2030
British Columbia,Emissions|GHG Total|Fugitive,Emissions,emissions_total_cumul_net,Economy,,,GHG,Fugitive,2035,,British ColumbiaEmissions|GHG Total|Fugitive2035
British Columbia,Emissions|GHG Total|Fugitive,Emissions,emissions_total_cumul_net,Economy,,,GHG,Fugitive,2040,,British ColumbiaEmissions|GHG Total|Fugitive2040
British Columbia,Emissions|GHG Total|Fugitive,Emissions,emissions_total_cumul_net,Economy,,,GHG,Fugitive,2045,,British ColumbiaEmissions|GHG Total|Fugitive2045
British Columbia,Emissions|GHG Total|Fugitive,Emissions,emissions_total_cumul_net,Economy,,,GHG,Fugitive,2050,,British ColumbiaEmissions|GHG Total|Fugitive2050
British Columbia,Emissions|GHG Total|Fugitive|Buildings,Emissions,emissions_total_cumul_net,Buildings,,,GHG,Fugitive,2015,,British ColumbiaEmissions|GHG Total|Fugitive|Buildings2015
British Columbia,Emissions|GHG Total|Fugitive|Buildings,Emissions,emissions_total_cumul_net,Buildings,,,GHG,Fugitive,2020,,British ColumbiaEmissions|GHG Total|Fugitive|Buildings2020
British Columbia,Emissions|GHG Total|Fugitive|Buildings,Emissions,emissions_total_cumul_net,Buildings,,,GHG,Fugitive,2025,,British ColumbiaEmissions|GHG Total|Fugitive|Buildings2025
British Columbia,Emissions|GHG Total|Fugitive|Buildings,Emissions,emissions_total_cumul_net,Buildings,,,GHG,Fugitive,2030,,British ColumbiaEmissions|GHG Total|Fugitive|Buildings2030
British Columbia,Emissions|GHG Total|Fugitive|Buildings,Emissions,emissions_total_cumul_net,Buildings,,,GHG,Fugitive,2035,,British ColumbiaEmissions|GHG Total|Fugitive|Buildings2035
British Columbia,Emissions|GHG Total|Fugitive|Buildings,Emissions,emissions_total_cumul_net,Buildings,,,GHG,Fugitive,2040,,British ColumbiaEmissions|GHG Total|Fugitive|Buildings2040
British Columbia,Emissions|GHG Total|Fugitive|Buildings,Emissions,emissions_total_cumul_net,Buildings,,,GHG,Fugitive,2045,,British ColumbiaEmissions|GHG Total|Fugitive|Buildings2045
British Columbia,Emissions|GHG Total|Fugitive|Buildings,Emissions,emissions_total_cumul_net,Buildings,,,GHG,Fugitive,2050,,British ColumbiaEmissions|GHG Total|Fugitive|Buildings2050
British Columbia,Emissions|GHG Total|Fugitive|Industry|Non Mfg|Petroleum Refining,Emissions,emissions_total_cumul_net,Petroleum Refining,,,GHG,Fugitive,2015,,British ColumbiaEmissions|GHG Total|Fugitive|Industry|Non Mfg|Petroleum Refining2015
British Columbia,Emissions|GHG Total|Fugitive|Industry|Non Mfg|Petroleum Refining,Emissions,emissions_total_cumul_net,Petroleum Refining,,,GHG,Fugitive,2020,,British ColumbiaEmissions|GHG Total|Fugitive|Industry|Non Mfg|Petroleum Refining2020
British Columbia,Emissions|GHG Total|Fugitive|Industry|Non Mfg|Petroleum Refining,Emissions,emissions_total_cumul_net,Petroleum Refining,,,GHG,Fugitive,2025,,British ColumbiaEmissions|GHG Total|Fugitive|Industry|Non Mfg|Petroleum Refining2025
British Columbia,Emissions|GHG Total|Fugitive|Industry|Non Mfg|Petroleum Refining,Emissions,emissions_total_cumul_net,Petroleum Refining,,,GHG,Fugitive,2030,,British ColumbiaEmissions|GHG Total|Fugitive|Industry|Non Mfg|Petroleum Refining2030
British Columbia,Emissions|GHG Total|Fugitive|Industry|Non Mfg|Petroleum Refining,Emissions,emissions_total_cumul_net,Petroleum Refining,,,GHG,Fugitive,2035,,British ColumbiaEmissions|GHG Total|Fugitive|Industry|Non Mfg|Petroleum Refining2035
British Columbia,Emissions|GHG Total|Fugitive|Industry|Non Mfg|Petroleum Refining,Emissions,emissions_total_cumul_net,Petroleum Refining,,,GHG,Fugitive,2040,,British ColumbiaEmissions|GHG Total|Fugitive|Industry|Non Mfg|Petroleum Refining2040
British Columbia,Emissions|GHG Total|Fugitive|Industry|Non Mfg|Petroleum Refining,Emissions,emissions_total_cumul_net,Petroleum Refining,,,GHG,Fugitive,2045,,British ColumbiaEmissions|GHG Total|Fugitive|Industry|Non Mfg|Petroleum Refining2045
British Columbia,Emissions|GHG Total|Fugitive|Industry|Non Mfg|Petroleum Refining,Emissions,emissions_total_cumul_net,Petroleum Refining,,,GHG,Fugitive,2050,,British ColumbiaEmissions|GHG Total|Fugitive|Industry|Non Mfg|Petroleum Refining2050
British Columbia,Emissions|GHG Total|Industrial Process,Emissions,emissions_total_cumul_net,Economy,,,GHG,Process,2015,,British ColumbiaEmissions|GHG Total|Industrial Process2015
British Columbia,Emissions|GHG Total|Industrial Process,Emissions,emissions_total_cumul_net,Economy,,,GHG,Process,2020,,British ColumbiaEmissions|GHG Total|Industrial Process2020
British Columbia,Emissions|GHG Total|Industrial Process,Emissions,emissions_total_cumul_net,Economy,,,GHG,Process,2025,,British ColumbiaEmissions|GHG Total|Industrial Process2025
British Columbia,Emissions|GHG Total|Industrial Process,Emissions,emissions_total_cumul_net,Economy,,,GHG,Process,2030,,British ColumbiaEmissions|GHG Total|Industrial Process2030
British Columbia,Emissions|GHG Total|Industrial Process,Emissions,emissions_total_cumul_net,Economy,,,GHG,Process,2035,,British ColumbiaEmissions|GHG Total|Industrial Process2035
British Columbia,Emissions|GHG Total|Industrial Process,Emissions,emissions_total_cumul_net,Economy,,,GHG,Process,2040,,British ColumbiaEmissions|GHG Total|Industrial Process2040
British Columbia,Emissions|GHG Total|Industrial Process,Emissions,emissions_total_cumul_net,Economy,,,GHG,Process,2045,,British ColumbiaEmissions|GHG Total|Industrial Process2045
British Columbia,Emissions|GHG Total|Industrial Process,Emissions,emissions_total_cumul_net,Economy,,,GHG,Process,2050,,British ColumbiaEmissions|GHG Total|Industrial Process2050
British Columbia,Price|Carbon,Price,tax,Economy,,,CO2,Combustion,2015,,British ColumbiaPrice|Carbon2015
British Columbia,Price|Carbon,Price,tax,Economy,,,CO2,Combustion,2020,,British ColumbiaPrice|Carbon2020
British Columbia,Price|Carbon,Price,tax,Economy,,,CO2,Combustion,2025,,British ColumbiaPrice|Carbon2025
British Columbia,Price|Carbon,Price,tax,Economy,,,CO2,Combustion,2030,,British ColumbiaPrice|Carbon2030
British Columbia,Price|Carbon,Price,tax,Economy,,,CO2,Combustion,2035,,British ColumbiaPrice|Carbon2035
British Columbia,Price|Carbon,Price,tax,Economy,,,CO2,Combustion,2040,,British ColumbiaPrice|Carbon2040
British Columbia,Price|Carbon,Price,tax,Economy,,,CO2,Combustion,2045,,British ColumbiaPrice|Carbon2045
British Columbia,Price|Carbon,Price,tax,Economy,,,CO2,Combustion,2050,,British ColumbiaPrice|Carbon2050
British Columbia,Price|Use Final|Biogas,Price,lcc_financial,CIMS,Biogas,,,,2015,,British ColumbiaPrice|Use Final|Biogas2015
British Columbia,Price|Use Final|Biogas,Price,lcc_financial,CIMS,Biogas,,,,2020,,British ColumbiaPrice|Use Final|Biogas2020
British Columbia,Price|Use Final|Biogas,Price,lcc_financial,CIMS,Biogas,,,,2025,,British ColumbiaPrice|Use Final|Biogas2025
British Columbia,Price|Use Final|Biogas,Price,lcc_financial,CIMS,Biogas,,,,2030,,British ColumbiaPrice|Use Final|Biogas2030
British Columbia,Price|Use Final|Biogas,Price,lcc_financial,CIMS,Biogas,,,,2035,,British ColumbiaPrice|Use Final|Biogas2035
British Columbia,Price|Use Final|Biogas,Price,lcc_financial,CIMS,Biogas,,,,2040,,British ColumbiaPrice|Use Final|Biogas2040
British Columbia,Price|Use Final|Biogas,Price,lcc_financial,CIMS,Biogas,,,,2045,,British ColumbiaPrice|Use Final|Biogas2045
British Columbia,Price|Use Final|Biogas,Price,lcc_financial,CIMS,Biogas,,,,2050,,British ColumbiaPrice|Use Final|Biogas2050
British Columbia,Price|Use Final|Biomass Liquids,Price,lcc_financial,Biodiesel,,,,,2015,,British ColumbiaPrice|Use Final|Biomass Liquids2015
British Columbia,Price|Use Final|Biomass Liquids,Price,lcc_financial,Biodiesel,,,,,2020,,British ColumbiaPrice|Use Final|Biomass Liquids2020
British Columbia,Price|Use Final|Biomass Liquids,Price,lcc_financial,Biodiesel,,,,,2025,,British ColumbiaPrice|Use Final|Biomass Liquids2025
British Columbia,Price|Use Final|Biomass Liquids,Price,lcc_financial,Biodiesel,,,,,2030,,British ColumbiaPrice|Use Final|Biomass Liquids2030
British Columbia,Price|Use Final|Biomass Liquids,Price,lcc_financial,Biodiesel,,,,,2035,,British ColumbiaPrice|Use Final|Biomass Liquids2035
British Columbia,Price|Use Final|Biomass Liquids,Price,lcc_financial,Biodiesel,,,,,2040,,British ColumbiaPrice|Use Final|Biomass Liquids2040
British Columbia,Price|Use Final|Biomass Liquids,Price,lcc_financial,Biodiesel,,,,,2045,,British ColumbiaPrice|Use Final|Biomass Liquids2045
British Columbia,Price|Use Final|Biomass Liquids,Price,lcc_financial,Biodiesel,,,,,2050,,British ColumbiaPrice|Use Final|Biomass Liquids2050
British Columbia,Price|Use Final|Biomass Solids,Price,lcc_financial,CIMS,Solid Biomass,,,,2015,,British ColumbiaPrice|Use Final|Biomass Solids2015
British Columbia,Price|Use Final|Biomass Solids,Price,lcc_financial,CIMS,Solid Biomass,,,,2020,,British ColumbiaPrice|Use Final|Biomass Solids2020
British Columbia,Price|Use Final|Biomass Solids,Price,lcc_financial,CIMS,Solid Biomass,,,,2025,,British ColumbiaPrice|Use Final|Biomass Solids2025
British Columbia,Price|Use Final|Biomass Solids,Price,lcc_financial,CIMS,Solid Biomass,,,,2030,,British ColumbiaPrice|Use Final|Biomass Solids2030
British Columbia,Price|Use Final|Biomass Solids,Price,lcc_financial,CIMS,Solid Biomass,,,,2035,,British ColumbiaPrice|Use Final|Biomass Solids2035
British Columbia,Price|Use Final|Biomass Solids,Price,lcc_financial,CIMS,Solid Biomass,,,,2040,,British ColumbiaPrice|Use Final|Biomass Solids2040
British Columbia,Price|Use Final|Biomass Solids,Price,lcc_financial,CIMS,Solid Biomass,,,,2045,,British ColumbiaPrice|Use Final|Biomass Solids2045
British Columbia,Price|Use Final|Biomass Solids,Price,lcc_financial,CIMS,Solid Biomass,,,,2050,,British ColumbiaPrice|Use Final|Biomass Solids2050
British Columbia,Price|Use Final|Electricity,Price,lcc_financial,Electricity,,,,,2015,,British ColumbiaPrice|Use Final|Electricity2015
British Columbia,Price|Use Final|Electricity,Price,lcc_financial,Electricity,,,,,2020,,British ColumbiaPrice|Use Final|Electricity2020
British Columbia,Price|Use Final|Electricity,Price,lcc_financial,Electricity,,,,,2025,,British ColumbiaPrice|Use Final|Electricity2025
British Columbia,Price|Use Final|Electricity,Price,lcc_financial,Electricity,,,,,2030,,British ColumbiaPrice|Use Final|Electricity2030
British Columbia,Price|Use Final|Electricity,Price,lcc_financial,Electricity,,,,,2035,,British ColumbiaPrice|Use Final|Electricity2035
British Columbia,Price|Use Final|Electricity,Price,lcc_financial,Electricity,,,,,2040,,British ColumbiaPrice|Use Final|Electricity2040
British Columbia,Price|Use Final|Electricity,Price,lcc_financial,Electricity,,,,,2045,,British ColumbiaPrice|Use Final|Electricity2045
British Columbia,Price|Use Final|Electricity,Price,lcc_financial,Electricity,,,,,2050,,British ColumbiaPrice|Use Final|Electricity2050
British Columbia,Price|Use Final|Gas,Price,lcc_financial,CIMS,Natural Gas,,,,2015,,British ColumbiaPrice|Use Final|Gas2015
British Columbia,Price|Use Final|Gas,Price,lcc_financial,CIMS,Natural Gas,,,,2020,,British ColumbiaPrice|Use Final|Gas2020
British Columbia,Price|Use Final|Gas,Price,lcc_financial,CIMS,Natural Gas,,,,2025,,British ColumbiaPrice|Use Final|Gas2025
British Columbia,Price|Use Final|Gas,Price,lcc_financial,CIMS,Natural Gas,,,,2030,,British ColumbiaPrice|Use Final|Gas2030
British Columbia,Price|Use Final|Gas,Price,lcc_financial,CIMS,Natural Gas,,,,2035,,British ColumbiaPrice|Use Final|Gas2035
British Columbia,Price|Use Final|Gas,Price,lcc_financial,CIMS,Natural Gas,,,,2040,,British ColumbiaPrice|Use Final|Gas2040
British Columbia,Price|Use Final|Gas,Price,lcc_financial,CIMS,Natural Gas,,,,2045,,British ColumbiaPrice|Use Final|Gas2045
British Columbia,Price|Use Final|Gas,Price,lcc_financial,CIMS,Natural Gas,,,,2050,,British ColumbiaPrice|Use Final|Gas2050
British Columbia,Price|Use Final|Hydrogen,Price,lcc_financial,Hydrogen,,,,,2015,,British ColumbiaPrice|Use Final|Hydrogen2015
British Columbia,Price|Use Final|Hydrogen,Price,lcc_financial,Hydrogen,,,,,2020,,British ColumbiaPrice|Use Final|Hydrogen2020
British Columbia,Price|Use Final|Hydrogen,Price,lcc_financial,Hydrogen,,,,,2025,,British ColumbiaPrice|Use Final|Hydrogen2025
British Columbia,Price|Use Final|Hydrogen,Price,lcc_financial,Hydrogen,,,,,2030,,British ColumbiaPrice|Use Final|Hydrogen2030
British Columbia,Price|Use Final|Hydrogen,Price,lcc_financial,Hydrogen,,,,,2035,,British ColumbiaPrice|Use Final|Hydrogen2035
British Columbia,Price|Use Final|Hydrogen,Price,lcc_financial,Hydrogen,,,,,2040,,British ColumbiaPrice|Use Final|Hydrogen2040
British Columbia,Price|Use Final|Hydrogen,Price,lcc_financial,Hydrogen,,,,,2045,,British ColumbiaPrice|Use Final|Hydrogen2045
British Columbia,Price|Use Final|Hydrogen,Price,lcc_financial,Hydrogen,,,,,2050,,British ColumbiaPrice|Use Final|Hydrogen2050
British Columbia,Price|Use Final|Oil,Price,lcc_financial,CIMS,Diesel,,,,2015,,British ColumbiaPrice|Use Final|Oil2015
British Columbia,Price|Use Final|Oil,Price,lcc_financial,CIMS,Diesel,,,,2020,,British ColumbiaPrice|Use Final|Oil2020
British Columbia,Price|Use Final|Oil,Price,lcc_financial,CIMS,Diesel,,,,2025,,British ColumbiaPrice|Use Final|Oil2025
British Columbia,Price|Use Final|Oil,Price,lcc_financial,CIMS,Diesel,,,,2030,,British ColumbiaPrice|Use Final|Oil2030
British Columbia,Price|Use Final|Oil,Price,lcc_financial,CIMS,Diesel,,,,2035,,British ColumbiaPrice|Use Final|Oil2035
British Columbia,Price|Use Final|Oil,Price,lcc_financial,CIMS,Diesel,,,,2040,,British ColumbiaPrice|Use Final|Oil2040
British Columbia,Price|Use Final|Oil,Price,lcc_financial,CIMS,Diesel,,,,2045,,British ColumbiaPrice|Use Final|Oil2045
British Columbia,Price|Use Final|Oil,Price,lcc_financial,CIMS,Diesel,,,,2050,,British ColumbiaPrice|Use Final|Oil2050
British Columbia,Price no ctax|Use Final|Biogas,Price,lcc_financial,CIMS,Biogas,,,,2015,,British ColumbiaPrice no ctax|Use Final|Biogas2015
British Columbia,Price no ctax|Use Final|Biogas,Price,lcc_financial,CIMS,Biogas,,,,2020,,British ColumbiaPrice no ctax|Use Final|Biogas2020
British Columbia,Price no ctax|Use Final|Biogas,Price,lcc_financial,CIMS,Biogas,,,,2025,,British ColumbiaPrice no ctax|Use Final|Biogas2025
British Columbia,Price no ctax|Use Final|Biogas,Price,lcc_financial,CIMS,Biogas,,,,2030,,British ColumbiaPrice no ctax|Use Final|Biogas2030
British Columbia,Price no ctax|Use Final|Biogas,Price,lcc_financial,CIMS,Biogas,,,,2035,,British ColumbiaPrice no ctax|Use Final|Biogas2035
British Columbia,Price no ctax|Use Final|Biogas,Price,lcc_financial,CIMS,Biogas,,,,2040,,British ColumbiaPrice no ctax|Use Final|Biogas2040
British Columbia,Price no ctax|Use Final|Biogas,Price,lcc_financial,CIMS,Biogas,,,,2045,,British ColumbiaPrice no ctax|Use Final|Biogas2045
British Columbia,Price no ctax|Use Final|Biogas,Price,lcc_financial,CIMS,Biogas,,,,2050,,British ColumbiaPrice no ctax|Use Final|Biogas2050
British Columbia,Price no ctax|Use Final|Biomass Liquids,Price,lcc_financial,Biodiesel,,,,,2015,,British ColumbiaPrice no ctax|Use Final|Biomass Liquids2015
British Columbia,Price no ctax|Use Final|Biomass Liquids,Price,lcc_financial,Biodiesel,,,,,2020,,British ColumbiaPrice no ctax|Use Final|Biomass Liquids2020
British Columbia,Price no ctax|Use Final|Biomass Liquids,Price,lcc_financial,Biodiesel,,,,,2025,,British ColumbiaPrice no ctax|Use Final|Biomass Liquids2025
British Columbia,Price no ctax|Use Final|Biomass Liquids,Price,lcc_financial,Biodiesel,,,,,2030,,British ColumbiaPrice no ctax|Use Final|Biomass Liquids2030
British Columbia,Price no ctax|Use Final|Biomass Liquids,Price,lcc_financial,Biodiesel,,,,,2035,,British ColumbiaPrice no ctax|Use Final|Biomass Liquids2035
British Columbia,Price no ctax|Use Final|Biomass Liquids,Price,lcc_financial,Biodiesel,,,,,2040,,British ColumbiaPrice no ctax|Use Final|Biomass Liquids2040
British Columbia,Price no ctax|Use Final|Biomass Liquids,Price,lcc_financial,Biodiesel,,,,,2045,,British ColumbiaPrice no ctax|Use Final|Biomass Liquids2045
British Columbia,Price no ctax|Use Final|Biomass Liquids,Price,lcc_financial,Biodiesel,,,,,2050,,British ColumbiaPrice no ctax|Use Final|Biomass Liquids2050
British Columbia,Price no ctax|Use Final|Biomass Solids,Price,lcc_financial,CIMS,Solid Biomass,,,,2015,,British ColumbiaPrice no ctax|Use Final|Biomass Solids2015
British Columbia,Price no ctax|Use Final|Biomass Solids,Price,lcc_financial,CIMS,Solid Biomass,,,,2020,,British ColumbiaPrice no ctax|Use Final|Biomass Solids2020
British Columbia,Price no ctax|Use Final|Biomass Solids,Price,lcc_financial,CIMS,Solid Biomass,,,,2025,,British ColumbiaPrice no ctax|Use Final|Biomass Solids2025
British Columbia,Price no ctax|Use Final|Biomass Solids,Price,lcc_financial,CIMS,Solid Biomass,,,,2030,,British ColumbiaPrice no ctax|Use Final|Biomass Solids2030
British Columbia,Price no ctax|Use Final|Biomass Solids,Price,lcc_financial,CIMS,Solid Biomass,,,,2035,,British ColumbiaPrice no ctax|Use Final|Biomass Solids2035
British Columbia,Price no ctax|Use Final|Biomass Solids,Price,lcc_financial,CIMS,Solid Biomass,,,,2040,,British ColumbiaPrice no ctax|Use Final|Biomass Solids2040
British Columbia,Price no ctax|Use Final|Biomass Solids,Price,lcc_financial,CIMS,Solid Biomass,,,,2045,,British ColumbiaPrice no ctax|Use Final|Biomass Solids2045
British Columbia,Price no ctax|Use Final|Biomass Solids,Price,lcc_financial,CIMS,Solid Biomass,,,,2050,,British ColumbiaPrice no ctax|Use Final|Biomass Solids2050
British Columbia,Price no ctax|Use Final|Electricity,Price,lcc_financial,Electricity,,,,,2015,,British ColumbiaPrice no ctax|Use Final|Electricity2015
British Columbia,Price no ctax|Use Final|Electricity,Price,lcc_financial,Electricity,,,,,2020,,British ColumbiaPrice no ctax|Use Final|Electricity2020
British Columbia,Price no ctax|Use Final|Electricity,Price,lcc_financial,Electricity,,,,,2025,,British ColumbiaPrice no ctax|Use Final|Electricity2025
British Columbia,Price no ctax|Use Final|Electricity,Price,lcc_financial,Electricity,,,,,2030,,British ColumbiaPrice no ctax|Use Final|Electricity2030
British Columbia,Price no ctax|Use Final|Electricity,Price,lcc_financial,Electricity,,,,,2035,,British ColumbiaPrice no ctax|Use Final|Electricity2035
British Columbia,Price no ctax|Use Final|Electricity,Price,lcc_financial,Electricity,,,,,2040,,British ColumbiaPrice no ctax|Use Final|Electricity2040
British Columbia,Price no ctax|Use Final|Electricity,Price,lcc_financial,Electricity,,,,,2045,,British ColumbiaPrice no ctax|Use Final|Electricity2045
British Columbia,Price no ctax|Use Final|Electricity,Price,lcc_financial,Electricity,,,,,2050,,British ColumbiaPrice no ctax|Use Final|Electricity2050
British Columbia,Price no ctax|Use Final|Gas,Price,lcc_financial,CIMS,Natural Gas,,,,2015,,British ColumbiaPrice no ctax|Use Final|Gas2015
British Columbia,Price no ctax|Use Final|Gas,Price,lcc_financial,CIMS,Natural Gas,,,,2020,,British ColumbiaPrice no ctax|Use Final|Gas2020
British Columbia,Price no ctax|Use Final|Gas,Price,lcc_financial,CIMS,Natural Gas,,,,2025,,British ColumbiaPrice no ctax|Use Final|Gas2025
British Columbia,Price no ctax|Use Final|Gas,Price,lcc_financial,CIMS,Natural Gas,,,,2030,,British ColumbiaPrice no ctax|Use Final|Gas2030
British Columbia,Price no ctax|Use Final|Gas,Price,lcc_financial,CIMS,Natural Gas,,,,2035,,British ColumbiaPrice no ctax|Use Final|Gas2035
British Columbia,Price no ctax|Use Final|Gas,Price,lcc_financial,CIMS,Natural Gas,,,,2040,,British ColumbiaPrice no ctax|Use Final|Gas2040
British Columbia,Price no ctax|Use Final|Gas,Price,lcc_financial,CIMS,Natural Gas,,,,2045,,British ColumbiaPrice no ctax|Use Final|Gas2045
British Columbia,Price no ctax|Use Final|Gas,Price,lcc_financial,CIMS,Natural Gas,,,,2050,,British ColumbiaPrice no ctax|Use Final|Gas2050
British Columbia,Price no ctax|Use Final|Hydrogen,Price,lcc_financial,Hydrogen,,,,,2015,,British ColumbiaPrice no ctax|Use Final|Hydrogen2015
British Columbia,Price no ctax|Use Final|Hydrogen,Price,lcc_financial,Hydrogen,,,,,2020,,British ColumbiaPrice no ctax|Use Final|Hydrogen2020
British Columbia,Price no ctax|Use Final|Hydrogen,Price,lcc_financial,Hydrogen,,,,,2025,,British ColumbiaPrice no ctax|Use Final|Hydrogen2025
British Columbia,Price no ctax|Use Final|Hydrogen,Price,lcc_financial,Hydrogen,,,,,2030,,British ColumbiaPrice no ctax|Use Final|Hydrogen2030
British Columbia,Price no ctax|Use Final|Hydrogen,Price,lcc_financial,Hydrogen,,,,,2035,,British ColumbiaPrice no ctax|Use Final|Hydrogen2035
British Columbia,Price no ctax|Use Final|Hydrogen,Price,lcc_financial,Hydrogen,,,,,2040,,British ColumbiaPrice no ctax|Use Final|Hydrogen2040
British Columbia,Price no ctax|Use Final|Hydrogen,Price,lcc_financial,Hydrogen,,,,,2045,,British ColumbiaPrice no ctax|Use Final|Hydrogen2045
British Columbia,Price no ctax|Use Final|Hydrogen,Price,lcc_financial,Hydrogen,,,,,2050,,British ColumbiaPrice no ctax|Use Final|Hydrogen2050
British Columbia,Price no ctax|Use Final|Oil,Price,lcc_financial,CIMS,Diesel,,,,2015,,British ColumbiaPrice no ctax|Use Final|Oil2015
British Columbia,Price no ctax|Use Final|Oil,Price,lcc_financial,CIMS,Diesel,,,,2020,,British ColumbiaPrice no ctax|Use Final|Oil2020
British Columbia,Price no ctax|Use Final|Oil,Price,lcc_financial,CIMS,Diesel,,,,2025,,British ColumbiaPrice no ctax|Use Final|Oil2025
British Columbia,Price no ctax|Use Final|Oil,Price,lcc_financial,CIMS,Diesel,,,,2030,,British ColumbiaPrice no ctax|Use Final|Oil2030
British Columbia,Price no ctax|Use Final|Oil,Price,lcc_financial,CIMS,Diesel,,,,2035,,British ColumbiaPrice no ctax|Use Final|Oil2035
British Columbia,Price no ctax|Use Final|Oil,Price,lcc_financial,CIMS,Diesel,,,,2040,,British ColumbiaPrice no ctax|Use Final|Oil2040
British Columbia,Price no ctax|Use Final|Oil,Price,lcc_financial,CIMS,Diesel,,,,2045,,British ColumbiaPrice no ctax|Use Final|Oil2045
British Columbia,Price no ctax|Use Final|Oil,Price,lcc_financial,CIMS,Diesel,,,,2050,,British ColumbiaPrice no ctax|Use Final|Oil2050
British Columbia,Price|Use Primary|Biomass,Price,lcc_financial,CIMS,Solid Biomass,,,,2015,,British ColumbiaPrice|Use Primary|Biomass2015
British Columbia,Price|Use Primary|Biomass,Price,lcc_financial,CIMS,Solid Biomass,,,,2020,,British ColumbiaPrice|Use Primary|Biomass2020
British Columbia,Price|Use Primary|Biomass,Price,lcc_financial,CIMS,Solid Biomass,,,,2025,,British ColumbiaPrice|Use Primary|Biomass2025
British Columbia,Price|Use Primary|Biomass,Price,lcc_financial,CIMS,Solid Biomass,,,,2030,,British ColumbiaPrice|Use Primary|Biomass2030
British Columbia,Price|Use Primary|Biomass,Price,lcc_financial,CIMS,Solid Biomass,,,,2035,,British ColumbiaPrice|Use Primary|Biomass2035
British Columbia,Price|Use Primary|Biomass,Price,lcc_financial,CIMS,Solid Biomass,,,,2040,,British ColumbiaPrice|Use Primary|Biomass2040
British Columbia,Price|Use Primary|Biomass,Price,lcc_financial,CIMS,Solid Biomass,,,,2045,,British ColumbiaPrice|Use Primary|Biomass2045
British Columbia,Price|Use Primary|Biomass,Price,lcc_financial,CIMS,Solid Biomass,,,,2050,,British ColumbiaPrice|Use Primary|Biomass2050
British Columbia,Price|Use Primary|Coal,Price,lcc_financial,CIMS,Thermal Coal,,,,2015,,British ColumbiaPrice|Use Primary|Coal2015
British Columbia,Price|Use Primary|Coal,Price,lcc_financial,CIMS,Thermal Coal,,,,2020,,British ColumbiaPrice|Use Primary|Coal2020
British Columbia,Price|Use Primary|Coal,Price,lcc_financial,CIMS,Thermal Coal,,,,2025,,British ColumbiaPrice|Use Primary|Coal2025
British Columbia,Price|Use Primary|Coal,Price,lcc_financial,CIMS,Thermal Coal,,,,2030,,British ColumbiaPrice|Use Primary|Coal2030
British Columbia,Price|Use Primary|Coal,Price,lcc_financial,CIMS,Thermal Coal,,,,2035,,British ColumbiaPrice|Use Primary|Coal2035
British Columbia,Price|Use Primary|Coal,Price,lcc_financial,CIMS,Thermal Coal,,,,2040,,British ColumbiaPrice|Use Primary|Coal2040
British Columbia,Price|Use Primary|Coal,Price,lcc_financial,CIMS,Thermal Coal,,,,2045,,British ColumbiaPrice|Use Primary|Coal2045
British Columbia,Price|Use Primary|Coal,Price,lcc_financial,CIMS,Thermal Coal,,,,2050,,British ColumbiaPrice|Use Primary|Coal2050
British Columbia,Price|Use Primary|Gas,Price,lcc_financial,CIMS,Natural Gas,,,,2015,,British ColumbiaPrice|Use Primary|Gas2015
British Columbia,Price|Use Primary|Gas,Price,lcc_financial,CIMS,Natural Gas,,,,2020,,British ColumbiaPrice|Use Primary|Gas2020
British Columbia,Price|Use Primary|Gas,Price,lcc_financial,CIMS,Natural Gas,,,,2025,,British ColumbiaPrice|Use Primary|Gas2025
British Columbia,Price|Use Primary|Gas,Price,lcc_financial,CIMS,Natural Gas,,,,2030,,British ColumbiaPrice|Use Primary|Gas2030
British Columbia,Price|Use Primary|Gas,Price,lcc_financial,CIMS,Natural Gas,,,,2035,,British ColumbiaPrice|Use Primary|Gas2035
British Columbia,Price|Use Primary|Gas,Price,lcc_financial,CIMS,Natural Gas,,,,2040,,British ColumbiaPrice|Use Primary|Gas2040
British Columbia,Price|Use Primary|Gas,Price,lcc_financial,CIMS,Natural Gas,,,,2045,,British ColumbiaPrice|Use Primary|Gas2045
British Columbia,Price|Use Primary|Gas,Price,lcc_financial,CIMS,Natural Gas,,,,2050,,British ColumbiaPrice|Use Primary|Gas2050
British Columbia,Production Primary|Coal,Production,quantity_provided,Coal Production,,,,,2015,,British ColumbiaProduction Primary|Coal2015
British Columbia,Production Primary|Coal,Production,quantity_provided,Coal Production,,,,,2020,,British ColumbiaProduction Primary|Coal2020
British Columbia,Production Primary|Coal,Production,quantity_provided,Coal Production,,,,,2025,,British ColumbiaProduction Primary|Coal2025
British Columbia,Production Primary|Coal,Production,quantity_provided,Coal Production,,,,,2030,,British ColumbiaProduction Primary|Coal2030
British Columbia,Production Primary|Coal,Production,quantity_provided,Coal Production,,,,,2035,,British ColumbiaProduction Primary|Coal2035
British Columbia,Production Primary|Coal,Production,quantity_provided,Coal Production,,,,,2040,,British ColumbiaProduction Primary|Coal2040
British Columbia,Production Primary|Coal,Production,quantity_provided,Coal Production,,,,,2045,,British ColumbiaProduction Primary|Coal2045
British Columbia,Production Primary|Coal,Production,quantity_provided,Coal Production,,,,,2050,,British ColumbiaProduction Primary|Coal2050
British Columbia,Production Primary|Gas,Production,quantity_provided,Natural Gas Production,,,,,2015,,British ColumbiaProduction Primary|Gas2015
British Columbia,Production Primary|Gas,Production,quantity_provided,Natural Gas Production,,,,,2020,,British ColumbiaProduction Primary|Gas2020
British Columbia,Production Primary|Gas,Production,quantity_provided,Natural Gas Production,,,,,2025,,British ColumbiaProduction Primary|Gas2025
British Columbia,Production Primary|Gas,Production,quantity_provided,Natural Gas Production,,,,,2030,,British ColumbiaProduction Primary|Gas2030
British Columbia,Production Primary|Gas,Production,quantity_provided,Natural Gas Production,,,,,2035,,British ColumbiaProduction Primary|Gas2035
British Columbia,Production Primary|Gas,Production,quantity_provided,Natural Gas Production,,,,,2040,,British ColumbiaProduction Primary|Gas2040
British Columbia,Production Primary|Gas,Production,quantity_provided,Natural Gas Production,,,,,2045,,British ColumbiaProduction Primary|Gas2045
British Columbia,Production Primary|Gas,Production,quantity_provided,Natural Gas Production,,,,,2050,,British ColumbiaProduction Primary|Gas2050
British Columbia,Production Primary|Oil,Production,quantity_provided,Crude Oil Production,,,,,2015,,British ColumbiaProduction Primary|Oil2015
British Columbia,Production Primary|Oil,Production,quantity_provided,Crude Oil Production,,,,,2020,,British ColumbiaProduction Primary|Oil2020
British Columbia,Production Primary|Oil,Production,quantity_provided,Crude Oil Production,,,,,2025,,British ColumbiaProduction Primary|Oil2025
British Columbia,Production Primary|Oil,Production,quantity_provided,Crude Oil Production,,,,,2030,,British ColumbiaProduction Primary|Oil2030
British Columbia,Production Primary|Oil,Production,quantity_provided,Crude Oil Production,,,,,2035,,British ColumbiaProduction Primary|Oil2035
British Columbia,Production Primary|Oil,Production,quantity_provided,Crude Oil Production,,,,,2040,,British ColumbiaProduction Primary|Oil2040
British Columbia,Production Primary|Oil,Production,quantity_provided,Crude Oil Production,,,,,2045,,British ColumbiaProduction Primary|Oil2045
British Columbia,Production Primary|Oil,Production,quantity_provided,Crude Oil Production,,,,,2050,,British ColumbiaProduction Primary|Oil2050
British Columbia,Production Secondary|Biogas,Production,quantity_provided,CIMS,Biogas,,,,2015,,British ColumbiaProduction Secondary|Biogas2015
British Columbia,Production Secondary|Biogas,Production,quantity_provided,CIMS,Biogas,,,,2020,,British ColumbiaProduction Secondary|Biogas2020
British Columbia,Production Secondary|Biogas,Production,quantity_provided,CIMS,Biogas,,,,2025,,British ColumbiaProduction Secondary|Biogas2025
British Columbia,Production Secondary|Biogas,Production,quantity_provided,CIMS,Biogas,,,,2030,,British ColumbiaProduction Secondary|Biogas2030
British Columbia,Production Secondary|Biogas,Production,quantity_provided,CIMS,Biogas,,,,2035,,British ColumbiaProduction Secondary|Biogas2035
British Columbia,Production Secondary|Biogas,Production,quantity_provided,CIMS,Biogas,,,,2040,,British ColumbiaProduction Secondary|Biogas2040
British Columbia,Production Secondary|Biogas,Production,quantity_provided,CIMS,Biogas,,,,2045,,British ColumbiaProduction Secondary|Biogas2045
British Columbia,Production Secondary|Biogas,Production,quantity_provided,CIMS,Biogas,,,,2050,,British ColumbiaProduction Secondary|Biogas2050
British Columbia,Production Secondary|Biomass Liquids,Production,quantity_provided,Biofuels,,,,,2015,,British ColumbiaProduction Secondary|Biomass Liquids2015
British Columbia,Production Secondary|Biomass Liquids,Production,quantity_provided,Biofuels,,,,,2020,,British ColumbiaProduction Secondary|Biomass Liquids2020
British Columbia,Production Secondary|Biomass Liquids,Production,quantity_provided,Biofuels,,,,,2025,,British ColumbiaProduction Secondary|Biomass Liquids2025
British Columbia,Production Secondary|Biomass Liquids,Production,quantity_provided,Biofuels,,,,,2030,,British ColumbiaProduction Secondary|Biomass Liquids2030
British Columbia,Production Secondary|Biomass Liquids,Production,quantity_provided,Biofuels,,,,,2035,,British ColumbiaProduction Secondary|Biomass Liquids2035
British Columbia,Production Secondary|Biomass Liquids,Production,quantity_provided,Biofuels,,,,,2040,,British ColumbiaProduction Secondary|Biomass Liquids2040
British Columbia,Production Secondary|Biomass Liquids,Production,quantity_provided,Biofuels,,,,,2045,,British ColumbiaProduction Secondary|Biomass Liquids2045
British Columbia,Production Secondary|Biomass Liquids,Production,quantity_provided,Biofuels,,,,,2050,,British ColumbiaProduction Secondary|Biomass Liquids2050
British Columbia,Production Secondary|Electricity,Production,quantity_requested,Economy,Electricity,,,,2015,,British ColumbiaProduction Secondary|Electricity2015
British Columbia,Production Secondary|Electricity,Production,quantity_requested,Economy,Electricity,,,,2020,,British ColumbiaProduction Secondary|Electricity2020
British Columbia,Production Secondary|Electricity,Production,quantity_requested,Economy,Electricity,,,,2025,,British ColumbiaProduction Secondary|Electricity2025
British Columbia,Production Secondary|Electricity,Production,quantity_requested,Economy,Electricity,,,,2030,,British ColumbiaProduction Secondary|Electricity2030
British Columbia,Production Secondary|Electricity,Production,quantity_requested,Economy,Electricity,,,,2035,,British ColumbiaProduction Secondary|Electricity2035
British Columbia,Production Secondary|Electricity,Production,quantity_requested,Economy,Electricity,,,,2040,,British ColumbiaProduction Secondary|Electricity2040
British Columbia,Production Secondary|Electricity,Production,quantity_requested,Economy,Electricity,,,,2045,,British ColumbiaProduction Secondary|Electricity2045
British Columbia,Production Secondary|Electricity,Production,quantity_requested,Economy,Electricity,,,,2050,,British ColumbiaProduction Secondary|Electricity2050
British Columbia,Production Secondary|Electricity|DER,Production,quantity_distributed,Economy,Electricity,,,,2015,,British ColumbiaProduction Secondary|Electricity|DER2015
British Columbia,Production Secondary|Electricity|DER,Production,quantity_distributed,Economy,Electricity,,,,2020,,British ColumbiaProduction Secondary|Electricity|DER2020
British Columbia,Production Secondary|Electricity|DER,Production,quantity_distributed,Economy,Electricity,,,,2025,,British ColumbiaProduction Secondary|Electricity|DER2025
British Columbia,Production Secondary|Electricity|DER,Production,quantity_distributed,Economy,Electricity,,,,2030,,British ColumbiaProduction Secondary|Electricity|DER2030
British Columbia,Production Secondary|Electricity|DER,Production,quantity_distributed,Economy,Electricity,,,,2035,,British ColumbiaProduction Secondary|Electricity|DER2035
British Columbia,Production Secondary|Electricity|DER,Production,quantity_distributed,Economy,Electricity,,,,2040,,British ColumbiaProduction Secondary|Electricity|DER2040
British Columbia,Production Secondary|Electricity|DER,Production,quantity_distributed,Economy,Electricity,,,,2045,,British ColumbiaProduction Secondary|Electricity|DER2045
British Columbia,Production Secondary|Electricity|DER,Production,quantity_distributed,Economy,Electricity,,,,2050,,British ColumbiaProduction Secondary|Electricity|DER2050
British Columbia,Production Secondary|Electricity|DER|CHP,Production,quantity_distributed,Economy,Electricity,,,,2015,,British ColumbiaProduction Secondary|Electricity|DER|CHP2015
British Columbia,Production Secondary|Electricity|DER|CHP,Production,quantity_distributed,Economy,Electricity,,,,2020,,British ColumbiaProduction Secondary|Electricity|DER|CHP2020
British Columbia,Production Secondary|Electricity|DER|CHP,Production,quantity_distributed,Economy,Electricity,,,,2025,,British ColumbiaProduction Secondary|Electricity|DER|CHP2025
British Columbia,Production Secondary|Electricity|DER|CHP,Production,quantity_distributed,Economy,Electricity,,,,2030,,British ColumbiaProduction Secondary|Electricity|DER|CHP2030
British Columbia,Production Secondary|Electricity|DER|CHP,Production,quantity_distributed,Economy,Electricity,,,,2035,,British ColumbiaProduction Secondary|Electricity|DER|CHP2035
British Columbia,Production Secondary|Electricity|DER|CHP,Production,quantity_distributed,Economy,Electricity,,,,2040,,British ColumbiaProduction Secondary|Electricity|DER|CHP2040
British Columbia,Production Secondary|Electricity|DER|CHP,Production,quantity_distributed,Economy,Electricity,,,,2045,,British ColumbiaProduction Secondary|Electricity|DER|CHP2045
British Columbia,Production Secondary|Electricity|DER|CHP,Production,quantity_distributed,Economy,Electricity,,,,2050,,British ColumbiaProduction Secondary|Electricity|DER|CHP2050
British Columbia,Production Secondary|Electricity|Geothermal,Production,stock_total,Electricity,,Geoexchange,,,2015,,British ColumbiaProduction Secondary|Electricity|Geothermal2015
British Columbia,Production Secondary|Electricity|Geothermal,Production,stock_total,Electricity,,Geoexchange,,,2020,,British ColumbiaProduction Secondary|Electricity|Geothermal2020
British Columbia,Production Secondary|Electricity|Geothermal,Production,stock_total,Electricity,,Geoexchange,,,2025,,British ColumbiaProduction Secondary|Electricity|Geothermal2025
British Columbia,Production Secondary|Electricity|Geothermal,Production,stock_total,Electricity,,Geoexchange,,,2030,,British ColumbiaProduction Secondary|Electricity|Geothermal2030
British Columbia,Production Secondary|Electricity|Geothermal,Production,stock_total,Electricity,,Geoexchange,,,2035,,British ColumbiaProduction Secondary|Electricity|Geothermal2035
British Columbia,Production Secondary|Electricity|Geothermal,Production,stock_total,Electricity,,Geoexchange,,,2040,,British ColumbiaProduction Secondary|Electricity|Geothermal2040
British Columbia,Production Secondary|Electricity|Geothermal,Production,stock_total,Electricity,,Geoexchange,,,2045,,British ColumbiaProduction Secondary|Electricity|Geothermal2045
British Columbia,Production Secondary|Electricity|Geothermal,Production,stock_total,Electricity,,Geoexchange,,,2050,,British ColumbiaProduction Secondary|Electricity|Geothermal2050
British Columbia,Production Secondary|Electricity|Hydro,Production,stock_total,Electricity,,Hydro,,,2015,,British ColumbiaProduction Secondary|Electricity|Hydro2015
British Columbia,Production Secondary|Electricity|Hydro,Production,stock_total,Electricity,,Hydro,,,2020,,British ColumbiaProduction Secondary|Electricity|Hydro2020
British Columbia,Production Secondary|Electricity|Hydro,Production,stock_total,Electricity,,Hydro,,,2025,,British ColumbiaProduction Secondary|Electricity|Hydro2025
British Columbia,Production Secondary|Electricity|Hydro,Production,stock_total,Electricity,,Hydro,,,2030,,British ColumbiaProduction Secondary|Electricity|Hydro2030
British Columbia,Production Secondary|Electricity|Hydro,Production,stock_total,Electricity,,Hydro,,,2035,,British ColumbiaProduction Secondary|Electricity|Hydro2035
British Columbia,Production Secondary|Electricity|Hydro,Production,stock_total,Electricity,,Hydro,,,2040,,British ColumbiaProduction Secondary|Electricity|Hydro2040
British Columbia,Production Secondary|Electricity|Hydro,Production,stock_total,Electricity,,Hydro,,,2045,,British ColumbiaProduction Secondary|Electricity|Hydro2045
British Columbia,Production Secondary|Electricity|Hydro,Production,stock_total,Electricity,,Hydro,,,2050,,British ColumbiaProduction Secondary|Electricity|Hydro2050
British Columbia,Production Secondary|Electricity|Nuclear,Production,stock_total,Electricity,,Nuclear,,,2015,,British ColumbiaProduction Secondary|Electricity|Nuclear2015
British Columbia,Production Secondary|Electricity|Nuclear,Production,stock_total,Electricity,,Nuclear,,,2020,,British ColumbiaProduction Secondary|Electricity|Nuclear2020
British Columbia,Production Secondary|Electricity|Nuclear,Production,stock_total,Electricity,,Nuclear,,,2025,,British ColumbiaProduction Secondary|Electricity|Nuclear2025
British Columbia,Production Secondary|Electricity|Nuclear,Production,stock_total,Electricity,,Nuclear,,,2030,,British ColumbiaProduction Secondary|Electricity|Nuclear2030
British Columbia,Production Secondary|Electricity|Nuclear,Production,stock_total,Electricity,,Nuclear,,,2035,,British ColumbiaProduction Secondary|Electricity|Nuclear2035
British Columbia,Production Secondary|Electricity|Nuclear,Production,stock_total,Electricity,,Nuclear,,,2040,,British ColumbiaProduction Secondary|Electricity|Nuclear2040
British Columbia,Production Secondary|Electricity|Nuclear,Production,stock_total,Electricity,,Nuclear,,,2045,,British ColumbiaProduction Secondary|Electricity|Nuclear2045
British Columbia,Production Secondary|Electricity|Nuclear,Production,stock_total,Electricity,,Nuclear,,,2050,,British ColumbiaProduction Secondary|Electricity|Nuclear2050
British Columbia,Production Secondary|Electricity|Oil,Production,stock_total,Electricity,,Fuel Oil,,,2015,,British ColumbiaProduction Secondary|Electricity|Oil2015
British Columbia,Production Secondary|Electricity|Oil,Production,stock_total,Electricity,,Fuel Oil,,,2020,,British ColumbiaProduction Secondary|Electricity|Oil2020
British Columbia,Production Secondary|Electricity|Oil,Production,stock_total,Electricity,,Fuel Oil,,,2025,,British ColumbiaProduction Secondary|Electricity|Oil2025
British Columbia,Production Secondary|Electricity|Oil,Production,stock_total,Electricity,,Fuel Oil,,,2030,,British ColumbiaProduction Secondary|Electricity|Oil2030
British Columbia,Production Secondary|Electricity|Oil,Production,stock_total,Electricity,,Fuel Oil,,,2035,,British ColumbiaProduction Secondary|Electricity|Oil2035
British Columbia,Production Secondary|Electricity|Oil,Production,stock_total,Electricity,,Fuel Oil,,,2040,,British ColumbiaProduction Secondary|Electricity|Oil2040
British Columbia,Production Secondary|Electricity|Oil,Production,stock_total,Electricity,,Fuel Oil,,,2045,,British ColumbiaProduction Secondary|Electricity|Oil2045
British Columbia,Production Secondary|Electricity|Oil,Production,stock_total,Electricity,,Fuel Oil,,,2050,,British ColumbiaProduction Secondary|Electricity|Oil2050
British Columbia,Production Secondary|Electricity|Solar,Production,stock_total,Electricity,,Solar,,,2015,,British ColumbiaProduction Secondary|Electricity|Solar2015
British Columbia,Production Secondary|Electricity|Solar,Production,stock_total,Electricity,,Solar,,,2020,,British ColumbiaProduction Secondary|Electricity|Solar2020
British Columbia,Production Secondary|Electricity|Solar,Production,stock_total,Electricity,,Solar,,,2025,,British ColumbiaProduction Secondary|Electricity|Solar2025
British Columbia,Production Secondary|Electricity|Solar,Production,stock_total,Electricity,,Solar,,,2030,,British ColumbiaProduction Secondary|Electricity|Solar2030
British Columbia,Production Secondary|Electricity|Solar,Production,stock_total,Electricity,,Solar,,,2035,,British ColumbiaProduction Secondary|Electricity|Solar2035
British Columbia,Production Secondary|Electricity|Solar,Production,stock_total,Electricity,,Solar,,,2040,,British ColumbiaProduction Secondary|Electricity|Solar2040
British Columbia,Production Secondary|Electricity|Solar,Production,stock_total,Electricity,,Solar,,,2045,,British ColumbiaProduction Secondary|Electricity|Solar2045
British Columbia,Production Secondary|Electricity|Solar,Production,stock_total,Electricity,,Solar,,,2050,,British ColumbiaProduction Secondary|Electricity|Solar2050
British Columbia,Production Secondary|Electricity|Wind,Production,stock_total,Electricity,,Wind,,,2015,,British ColumbiaProduction Secondary|Electricity|Wind2015
British Columbia,Production Secondary|Electricity|Wind,Production,stock_total,Electricity,,Wind,,,2020,,British ColumbiaProduction Secondary|Electricity|Wind2020
British Columbia,Production Secondary|Electricity|Wind,Production,stock_total,Electricity,,Wind,,,2025,,British ColumbiaProduction Secondary|Electricity|Wind2025
British Columbia,Production Secondary|Electricity|Wind,Production,stock_total,Electricity,,Wind,,,2030,,British ColumbiaProduction Secondary|Electricity|Wind2030
British Columbia,Production Secondary|Electricity|Wind,Production,stock_total,Electricity,,Wind,,,2035,,British ColumbiaProduction Secondary|Electricity|Wind2035
British Columbia,Production Secondary|Electricity|Wind,Production,stock_total,Electricity,,Wind,,,2040,,British ColumbiaProduction Secondary|Electricity|Wind2040
British Columbia,Production Secondary|Electricity|Wind,Production,stock_total,Electricity,,Wind,,,2045,,British ColumbiaProduction Secondary|Electricity|Wind2045
British Columbia,Production Secondary|Electricity|Wind,Production,stock_total,Electricity,,Wind,,,2050,,British ColumbiaProduction Secondary|Electricity|Wind2050
British Columbia,Production Secondary|Hydrogen,Production,quantity_provided,Hydrogen,,,,,2015,,British ColumbiaProduction Secondary|Hydrogen2015
British Columbia,Production Secondary|Hydrogen,Production,quantity_provided,Hydrogen,,,,,2020,,British ColumbiaProduction Secondary|Hydrogen2020
British Columbia,Production Secondary|Hydrogen,Production,quantity_provided,Hydrogen,,,,,2025,,British ColumbiaProduction Secondary|Hydrogen2025
British Columbia,Production Secondary|Hydrogen,Production,quantity_provided,Hydrogen,,,,,2030,,British ColumbiaProduction Secondary|Hydrogen2030
British Columbia,Production Secondary|Hydrogen,Production,quantity_provided,Hydrogen,,,,,2035,,British ColumbiaProduction Secondary|Hydrogen2035
British Columbia,Production Secondary|Hydrogen,Production,quantity_provided,Hydrogen,,,,,2040,,British ColumbiaProduction Secondary|Hydrogen2040
British Columbia,Production Secondary|Hydrogen,Production,quantity_provided,Hydrogen,,,,,2045,,British ColumbiaProduction Secondary|Hydrogen2045
British Columbia,Production Secondary|Hydrogen,Production,quantity_provided,Hydrogen,,,,,2050,,British ColumbiaProduction Secondary|Hydrogen2050
British Columbia,Production Secondary|Refined Petroleum Products,Production,quantity_provided,Petroleum Refining,,,,,2015,,British ColumbiaProduction Secondary|Refined Petroleum Products2015
British Columbia,Production Secondary|Refined Petroleum Products,Production,quantity_provided,Petroleum Refining,,,,,2020,,British ColumbiaProduction Secondary|Refined Petroleum Products2020
British Columbia,Production Secondary|Refined Petroleum Products,Production,quantity_provided,Petroleum Refining,,,,,2025,,British ColumbiaProduction Secondary|Refined Petroleum Products2025
British Columbia,Production Secondary|Refined Petroleum Products,Production,quantity_provided,Petroleum Refining,,,,,2030,,British ColumbiaProduction Secondary|Refined Petroleum Products2030
British Columbia,Production Secondary|Refined Petroleum Products,Production,quantity_provided,Petroleum Refining,,,,,2035,,British ColumbiaProduction Secondary|Refined Petroleum Products2035
British Columbia,Production Secondary|Refined Petroleum Products,Production,quantity_provided,Petroleum Refining,,,,,2040,,British ColumbiaProduction Secondary|Refined Petroleum Products2040
British Columbia,Production Secondary|Refined Petroleum Products,Production,quantity_provided,Petroleum Refining,,,,,2045,,British ColumbiaProduction Secondary|Refined Petroleum Products2045
British Columbia,Production Secondary|Refined Petroleum Products,Production,quantity_provided,Petroleum Refining,,,,,2050,,British ColumbiaProduction Secondary|Refined Petroleum Products2050
British Columbia,Use Final,Use Final,quantity_requested,Economy,Total,,,,2015,,British ColumbiaUse Final2015
British Columbia,Use Final,Use Final,quantity_requested,Economy,Total,,,,2020,,British ColumbiaUse Final2020
British Columbia,Use Final,Use Final,quantity_requested,Economy,Total,,,,2025,,British ColumbiaUse Final2025
British Columbia,Use Final,Use Final,quantity_requested,Economy,Total,,,,2030,,British ColumbiaUse Final2030
British Columbia,Use Final,Use Final,quantity_requested,Economy,Total,,,,2035,,British ColumbiaUse Final2035
British Columbia,Use Final,Use Final,quantity_requested,Economy,Total,,,,2040,,British ColumbiaUse Final2040
British Columbia,Use Final,Use Final,quantity_requested,Economy,Total,,,,2045,,British ColumbiaUse Final2045
British Columbia,Use Final,Use Final,quantity_requested,Economy,Total,,,,2050,,British ColumbiaUse Final2050
British Columbia,Use Final|Energy|Biogas,Use Final,quantity_requested,Economy,Biogas,,,,2015,,British ColumbiaUse Final|Energy|Biogas2015
British Columbia,Use Final|Energy|Biogas,Use Final,quantity_requested,Economy,Biogas,,,,2020,,British ColumbiaUse Final|Energy|Biogas2020
British Columbia,Use Final|Energy|Biogas,Use Final,quantity_requested,Economy,Biogas,,,,2025,,British ColumbiaUse Final|Energy|Biogas2025
British Columbia,Use Final|Energy|Biogas,Use Final,quantity_requested,Economy,Biogas,,,,2030,,British ColumbiaUse Final|Energy|Biogas2030
British Columbia,Use Final|Energy|Biogas,Use Final,quantity_requested,Economy,Biogas,,,,2035,,British ColumbiaUse Final|Energy|Biogas2035
British Columbia,Use Final|Energy|Biogas,Use Final,quantity_requested,Economy,Biogas,,,,2040,,British ColumbiaUse Final|Energy|Biogas2040
British Columbia,Use Final|Energy|Biogas,Use Final,quantity_requested,Economy,Biogas,,,,2045,,British ColumbiaUse Final|Energy|Biogas2045
British Columbia,Use Final|Energy|Biogas,Use Final,quantity_requested,Economy,Biogas,,,,2050,,British ColumbiaUse Final|Energy|Biogas2050
British Columbia,Use Final|Energy|Biomass Liquids,Use Final,quantity_requested,Economy,Biomass Liquids,,,,2015,,British ColumbiaUse Final|Energy|Biomass Liquids2015
British Columbia,Use Final|Energy|Biomass Liquids,Use Final,quantity_requested,Economy,Biomass Liquids,,,,2020,,British ColumbiaUse Final|Energy|Biomass Liquids2020
British Columbia,Use Final|Energy|Biomass Liquids,Use Final,quantity_requested,Economy,Biomass Liquids,,,,2025,,British ColumbiaUse Final|Energy|Biomass Liquids2025
British Columbia,Use Final|Energy|Biomass Liquids,Use Final,quantity_requested,Economy,Biomass Liquids,,,,2030,,British ColumbiaUse Final|Energy|Biomass Liquids2030
British Columbia,Use Final|Energy|Biomass Liquids,Use Final,quantity_requested,Economy,Biomass Liquids,,,,2035,,British ColumbiaUse Final|Energy|Biomass Liquids2035
British Columbia,Use Final|Energy|Biomass Liquids,Use Final,quantity_requested,Economy,Biomass Liquids,,,,2040,,British ColumbiaUse Final|Energy|Biomass Liquids2040
British Columbia,Use Final|Energy|Biomass Liquids,Use Final,quantity_requested,Economy,Biomass Liquids,,,,2045,,British ColumbiaUse Final|Energy|Biomass Liquids2045
British Columbia,Use Final|Energy|Biomass Liquids,Use Final,quantity_requested,Economy,Biomass Liquids,,,,2050,,British ColumbiaUse Final|Energy|Biomass Liquids2050
British Columbia,Use Final|Energy|Biomass Solids,Use Final,quantity_requested,Economy,Biomass Solids,,,,2015,,British ColumbiaUse Final|Energy|Biomass Solids2015
British Columbia,Use Final|Energy|Biomass Solids,Use Final,quantity_requested,Economy,Biomass Solids,,,,2020,,British ColumbiaUse Final|Energy|Biomass Solids2020
British Columbia,Use Final|Energy|Biomass Solids,Use Final,quantity_requested,Economy,Biomass Solids,,,,2025,,British ColumbiaUse Final|Energy|Biomass Solids2025
British Columbia,Use Final|Energy|Biomass Solids,Use Final,quantity_requested,Economy,Biomass Solids,,,,2030,,British ColumbiaUse Final|Energy|Biomass Solids2030
British Columbia,Use Final|Energy|Biomass Solids,Use Final,quantity_requested,Economy,Biomass Solids,,,,2035,,British ColumbiaUse Final|Energy|Biomass Solids2035
British Columbia,Use Final|Energy|Biomass Solids,Use Final,quantity_requested,Economy,Biomass Solids,,,,2040,,British ColumbiaUse Final|Energy|Biomass Solids2040
British Columbia,Use Final|Energy|Biomass Solids,Use Final,quantity_requested,Economy,Biomass Solids,,,,2045,,British ColumbiaUse Final|Energy|Biomass Solids2045
British Columbia,Use Final|Energy|Biomass Solids,Use Final,quantity_requested,Economy,Biomass Solids,,,,2050,,British ColumbiaUse Final|Energy|Biomass Solids2050
British Columbia,Use Final|Energy|Coal,Use Final,quantity_requested,Economy,Coal,,,,2015,,British ColumbiaUse Final|Energy|Coal2015
British Columbia,Use Final|Energy|Coal,Use Final,quantity_requested,Economy,Coal,,,,2020,,British ColumbiaUse Final|Energy|Coal2020
British Columbia,Use Final|Energy|Coal,Use Final,quantity_requested,Economy,Coal,,,,2025,,British ColumbiaUse Final|Energy|Coal2025
British Columbia,Use Final|Energy|Coal,Use Final,quantity_requested,Economy,Coal,,,,2030,,British ColumbiaUse Final|Energy|Coal2030
British Columbia,Use Final|Energy|Coal,Use Final,quantity_requested,Economy,Coal,,,,2035,,British ColumbiaUse Final|Energy|Coal2035
British Columbia,Use Final|Energy|Coal,Use Final,quantity_requested,Economy,Coal,,,,2040,,British ColumbiaUse Final|Energy|Coal2040
British Columbia,Use Final|Energy|Coal,Use Final,quantity_requested,Economy,Coal,,,,2045,,British ColumbiaUse Final|Energy|Coal2045
British Columbia,Use Final|Energy|Coal,Use Final,quantity_requested,Economy,Coal,,,,2050,,British ColumbiaUse Final|Energy|Coal2050
British Columbia,Use Final|Energy|Electricity,Use Final,quantity_requested,Economy,Electricity,,,,2015,,British ColumbiaUse Final|Energy|Electricity2015
British Columbia,Use Final|Energy|Electricity,Use Final,quantity_requested,Economy,Electricity,,,,2020,,British ColumbiaUse Final|Energy|Electricity2020
British Columbia,Use Final|Energy|Electricity,Use Final,quantity_requested,Economy,Electricity,,,,2025,,British ColumbiaUse Final|Energy|Electricity2025
British Columbia,Use Final|Energy|Electricity,Use Final,quantity_requested,Economy,Electricity,,,,2030,,British ColumbiaUse Final|Energy|Electricity2030
British Columbia,Use Final|Energy|Electricity,Use Final,quantity_requested,Economy,Electricity,,,,2035,,British ColumbiaUse Final|Energy|Electricity2035
British Columbia,Use Final|Energy|Electricity,Use Final,quantity_requested,Economy,Electricity,,,,2040,,British ColumbiaUse Final|Energy|Electricity2040
British Columbia,Use Final|Energy|Electricity,Use Final,quantity_requested,Economy,Electricity,,,,2045,,British ColumbiaUse Final|Energy|Electricity2045
British Columbia,Use Final|Energy|Electricity,Use Final,quantity_requested,Economy,Electricity,,,,2050,,British ColumbiaUse Final|Energy|Electricity2050
British Columbia,Use Final|Energy|Gas,Use Final,quantity_requested,Economy,Gas,,,,2015,,British ColumbiaUse Final|Energy|Gas2015
British Columbia,Use Final|Energy|Gas,Use Final,quantity_requested,Economy,Gas,,,,2020,,British ColumbiaUse Final|Energy|Gas2020
British Columbia,Use Final|Energy|Gas,Use Final,quantity_requested,Economy,Gas,,,,2025,,British ColumbiaUse Final|Energy|Gas2025
British Columbia,Use Final|Energy|Gas,Use Final,quantity_requested,Economy,Gas,,,,2030,,British ColumbiaUse Final|Energy|Gas2030
British Columbia,Use Final|Energy|Gas,Use Final,quantity_requested,Economy,Gas,,,,2035,,British ColumbiaUse Final|Energy|Gas2035
British Columbia,Use Final|Energy|Gas,Use Final,quantity_requested,Economy,Gas,,,,2040,,British ColumbiaUse Final|Energy|Gas2040
British Columbia,Use Final|Energy|Gas,Use Final,quantity_requested,Economy,Gas,,,,2045,,British ColumbiaUse Final|Energy|Gas2045
British Columbia,Use Final|Energy|Gas,Use Final,quantity_requested,Economy,Gas,,,,2050,,British ColumbiaUse Final|Energy|Gas2050
British Columbia,Use Final|Energy|Hydrogen,Use Final,quantity_requested,Economy,Hydrogen,,,,2015,,British ColumbiaUse Final|Energy|Hydrogen2015
British Columbia,Use Final|Energy|Hydrogen,Use Final,quantity_requested,Economy,Hydrogen,,,,2020,,British ColumbiaUse Final|Energy|Hydrogen2020
British Columbia,Use Final|Energy|Hydrogen,Use Final,quantity_requested,Economy,Hydrogen,,,,2025,,British ColumbiaUse Final|Energy|Hydrogen2025
British Columbia,Use Final|Energy|Hydrogen,Use Final,quantity_requested,Economy,Hydrogen,,,,2030,,British ColumbiaUse Final|Energy|Hydrogen2030
British Columbia,Use Final|Energy|Hydrogen,Use Final,quantity_requested,Economy,Hydrogen,,,,2035,,British ColumbiaUse Final|Energy|Hydrogen2035
British Columbia,Use Final|Energy|Hydrogen,Use Final,quantity_requested,Economy,Hydrogen,,,,2040,,British ColumbiaUse Final|Energy|Hydrogen2040
British Columbia,Use Final|Energy|Hydrogen,Use Final,quantity_requested,Economy,Hydrogen,,,,2045,,British ColumbiaUse Final|Energy|Hydrogen2045
British Columbia,Use Final|Energy|Hydrogen,Use Final,quantity_requested,Economy,Hydrogen,,,,2050,,British ColumbiaUse Final|Energy|Hydrogen2050
British Columbia,Use Final|Energy|Oil,Use Final,quantity_requested,Economy,Oil,,,,2015,,British ColumbiaUse Final|Energy|Oil2015
British Columbia,Use Final|Energy|Oil,Use Final,quantity_requested,Economy,Oil,,,,2020,,British ColumbiaUse Final|Energy|Oil2020
British Columbia,Use Final|Energy|Oil,Use Final,quantity_requested,Economy,Oil,,,,2025,,British ColumbiaUse Final|Energy|Oil2025
British Columbia,Use Final|Energy|Oil,Use Final,quantity_requested,Economy,Oil,,,,2030,,British ColumbiaUse Final|Energy|Oil2030
British Columbia,Use Final|Energy|Oil,Use Final,quantity_requested,Economy,Oil,,,,2035,,British ColumbiaUse Final|Energy|Oil2035
British Columbia,Use Final|Energy|Oil,Use Final,quantity_requested,Economy,Oil,,,,2040,,British ColumbiaUse Final|Energy|Oil2040
British Columbia,Use Final|Energy|Oil,Use Final,quantity_requested,Economy,Oil,,,,2045,,British ColumbiaUse Final|Energy|Oil2045
British Columbia,Use Final|Energy|Oil,Use Final,quantity_requested,Economy,Oil,,,,2050,,British ColumbiaUse Final|Energy|Oil2050
British Columbia,Use Final|Sector|Buildings,Use Final,quantity_requested,Buildings,Total,,,,2015,,British ColumbiaUse Final|Sector|Buildings2015
British Columbia,Use Final|Sector|Buildings,Use Final,quantity_requested,Buildings,Total,,,,2020,,British ColumbiaUse Final|Sector|Buildings2020
British Columbia,Use Final|Sector|Buildings,Use Final,quantity_requested,Buildings,Total,,,,2025,,British ColumbiaUse Final|Sector|Buildings2025
British Columbia,Use Final|Sector|Buildings,Use Final,quantity_requested,Buildings,Total,,,,2030,,British ColumbiaUse Final|Sector|Buildings2030
British Columbia,Use Final|Sector|Buildings,Use Final,quantity_requested,Buildings,Total,,,,2035,,British ColumbiaUse Final|Sector|Buildings2035
British Columbia,Use Final|Sector|Buildings,Use Final,quantity_requested,Buildings,Total,,,,2040,,British ColumbiaUse Final|Sector|Buildings2040
British Columbia,Use Final|Sector|Buildings,Use Final,quantity_requested,Buildings,Total,,,,2045,,British ColumbiaUse Final|Sector|Buildings2045
British Columbia,Use Final|Sector|Buildings,Use Final,quantity_requested,Buildings,Total,,,,2050,,British ColumbiaUse Final|Sector|Buildings2050
British Columbia,Use Final|Sector|Industry,Use Final,quantity_requested,Industry,Total,,,,2015,,British ColumbiaUse Final|Sector|Industry2015
British Columbia,Use Final|Sector|Industry,Use Final,quantity_requested,Industry,Total,,,,2020,,British ColumbiaUse Final|Sector|Industry2020
British Columbia,Use Final|Sector|Industry,Use Final,quantity_requested,Industry,Total,,,,2025,,British ColumbiaUse Final|Sector|Industry2025
British Columbia,Use Final|Sector|Industry,Use Final,quantity_requested,Industry,Total,,,,2030,,British ColumbiaUse Final|Sector|Industry2030
British Columbia,Use Final|Sector|Industry,Use Final,quantity_requested,Industry,Total,,,,2035,,British ColumbiaUse Final|Sector|Industry2035
British Columbia,Use Final|Sector|Industry,Use Final,quantity_requested,Industry,Total,,,,2040,,British ColumbiaUse Final|Sector|Industry2040
British Columbia,Use Final|Sector|Industry,Use Final,quantity_requested,Industry,Total,,,,2045,,British ColumbiaUse Final|Sector|Industry2045
British Columbia,Use Final|Sector|Industry,Use Final,quantity_requested,Industry,Total,,,,2050,,British ColumbiaUse Final|Sector|Industry2050
British Columbia,Use Final|Sector|Transportation,Use Final,quantity_requested,Transport,Total,,,,2015,,British ColumbiaUse Final|Sector|Transportation2015
British Columbia,Use Final|Sector|Transportation,Use Final,quantity_requested,Transport,Total,,,,2020,,British ColumbiaUse Final|Sector|Transportation2020
British Columbia,Use Final|Sector|Transportation,Use Final,quantity_requested,Transport,Total,,,,2025,,British ColumbiaUse Final|Sector|Transportation2025
British Columbia,Use Final|Sector|Transportation,Use Final,quantity_requested,Transport,Total,,,,2030,,British ColumbiaUse Final|Sector|Transportation2030
British Columbia,Use Final|Sector|Transportation,Use Final,quantity_requested,Transport,Total,,,,2035,,British ColumbiaUse Final|Sector|Transportation2035
British Columbia,Use Final|Sector|Transportation,Use Final,quantity_requested,Transport,Total,,,,2040,,British ColumbiaUse Final|Sector|Transportation2040
British Columbia,Use Final|Sector|Transportation,Use Final,quantity_requested,Transport,Total,,,,2045,,British ColumbiaUse Final|Sector|Transportation2045
British Columbia,Use Final|Sector|Transportation,Use Final,quantity_requested,Transport,Total,,,,2050,,British ColumbiaUse Final|Sector|Transportation2050
British Columbia,Use Primary,Use Primary,quantity_requested,Economy,Total,,,,2015,,British ColumbiaUse Primary2015
British Columbia,Use Primary,Use Primary,quantity_requested,Economy,Total,,,,2020,,British ColumbiaUse Primary2020
British Columbia,Use Primary,Use Primary,quantity_requested,Economy,Total,,,,2025,,British ColumbiaUse Primary2025
British Columbia,Use Primary,Use Primary,quantity_requested,Economy,Total,,,,2030,,British ColumbiaUse Primary2030
British Columbia,Use Primary,Use Primary,quantity_requested,Economy,Total,,,,2035,,British ColumbiaUse Primary2035
British Columbia,Use Primary,Use Primary,quantity_requested,Economy,Total,,,,2040,,British ColumbiaUse Primary2040
British Columbia,Use Primary,Use Primary,quantity_requested,Economy,Total,,,,2045,,British ColumbiaUse Primary2045
British Columbia,Use Primary,Use Primary,quantity_requested,Economy,Total,,,,2050,,British ColumbiaUse Primary2050
British Columbia,Use Primary|Energy|Biomass,Use Primary,quantity_requested,Economy,Biomass Liquids,,,,2015,,British ColumbiaUse Primary|Energy|Biomass2015
British Columbia,Use Primary|Energy|Biomass,Use Primary,quantity_requested,Economy,Biomass Liquids,,,,2020,,British ColumbiaUse Primary|Energy|Biomass2020
British Columbia,Use Primary|Energy|Biomass,Use Primary,quantity_requested,Economy,Biomass Liquids,,,,2025,,British ColumbiaUse Primary|Energy|Biomass2025
British Columbia,Use Primary|Energy|Biomass,Use Primary,quantity_requested,Economy,Biomass Liquids,,,,2030,,British ColumbiaUse Primary|Energy|Biomass2030
British Columbia,Use Primary|Energy|Biomass,Use Primary,quantity_requested,Economy,Biomass Liquids,,,,2035,,British ColumbiaUse Primary|Energy|Biomass2035
British Columbia,Use Primary|Energy|Biomass,Use Primary,quantity_requested,Economy,Biomass Liquids,,,,2040,,British ColumbiaUse Primary|Energy|Biomass2040
British Columbia,Use Primary|Energy|Biomass,Use Primary,quantity_requested,Economy,Biomass Liquids,,,,2045,,British ColumbiaUse Primary|Energy|Biomass2045
British Columbia,Use Primary|Energy|Biomass,Use Primary,quantity_requested,Economy,Biomass Liquids,,,,2050,,British ColumbiaUse Primary|Energy|Biomass2050
British Columbia,Use Primary|Energy|Coal,Use Primary,quantity_requested,Economy,Coal,,,,2015,,British ColumbiaUse Primary|Energy|Coal2015
British Columbia,Use Primary|Energy|Coal,Use Primary,quantity_requested,Economy,Coal,,,,2020,,British ColumbiaUse Primary|Energy|Coal2020
British Columbia,Use Primary|Energy|Coal,Use Primary,quantity_requested,Economy,Coal,,,,2025,,British ColumbiaUse Primary|Energy|Coal2025
British Columbia,Use Primary|Energy|Coal,Use Primary,quantity_requested,Economy,Coal,,,,2030,,British ColumbiaUse Primary|Energy|Coal2030
British Columbia,Use Primary|Energy|Coal,Use Primary,quantity_requested,Economy,Coal,,,,2035,,British ColumbiaUse Primary|Energy|Coal2035
British Columbia,Use Primary|Energy|Coal,Use Primary,quantity_requested,Economy,Coal,,,,2040,,British ColumbiaUse Primary|Energy|Coal2040
British Columbia,Use Primary|Energy|Coal,Use Primary,quantity_requested,Economy,Coal,,,,2045,,British ColumbiaUse Primary|Energy|Coal2045
British Columbia,Use Primary|Energy|Coal,Use Primary,quantity_requested,Economy,Coal,,,,2050,,British ColumbiaUse Primary|Energy|Coal2050
British Columbia,Use Primary|Energy|Gas,Use Primary,quantity_requested,Economy,Gas,,,,2015,,British ColumbiaUse Primary|Energy|Gas2015
British Columbia,Use Primary|Energy|Gas,Use Primary,quantity_requested,Economy,Gas,,,,2020,,British ColumbiaUse Primary|Energy|Gas2020
British Columbia,Use Primary|Energy|Gas,Use Primary,quantity_requested,Economy,Gas,,,,2025,,British ColumbiaUse Primary|Energy|Gas2025
British Columbia,Use Primary|Energy|Gas,Use Primary,quantity_requested,Economy,Gas,,,,2030,,British ColumbiaUse Primary|Energy|Gas2030
British Columbia,Use Primary|Energy|Gas,Use Primary,quantity_requested,Economy,Gas,,,,2035,,British ColumbiaUse Primary|Energy|Gas2035
British Columbia,Use Primary|Energy|Gas,Use Primary,quantity_requested,Economy,Gas,,,,2040,,British ColumbiaUse Primary|Energy|Gas2040
British Columbia,Use Primary|Energy|Gas,Use Primary,quantity_requested,Economy,Gas,,,,2045,,British ColumbiaUse Primary|Energy|Gas2045
British Columbia,Use Primary|Energy|Gas,Use Primary,quantity_requested,Economy,Gas,,,,2050,,British ColumbiaUse Primary|Energy|Gas2050
British Columbia,Use Primary|Energy|Geothermal,Use Primary,stock_total,Economy,,Geoexchange,,,2015,,British ColumbiaUse Primary|Energy|Geothermal2015
British Columbia,Use Primary|Energy|Geothermal,Use Primary,stock_total,Economy,,Geoexchange,,,2020,,British ColumbiaUse Primary|Energy|Geothermal2020
British Columbia,Use Primary|Energy|Geothermal,Use Primary,stock_total,Economy,,Geoexchange,,,2025,,British ColumbiaUse Primary|Energy|Geothermal2025
British Columbia,Use Primary|Energy|Geothermal,Use Primary,stock_total,Economy,,Geoexchange,,,2030,,British ColumbiaUse Primary|Energy|Geothermal2030
British Columbia,Use Primary|Energy|Geothermal,Use Primary,stock_total,Economy,,Geoexchange,,,2035,,British ColumbiaUse Primary|Energy|Geothermal2035
British Columbia,Use Primary|Energy|Geothermal,Use Primary,stock_total,Economy,,Geoexchange,,,2040,,British ColumbiaUse Primary|Energy|Geothermal2040
British Columbia,Use Primary|Energy|Geothermal,Use Primary,stock_total,Economy,,Geoexchange,,,2045,,British ColumbiaUse Primary|Energy|Geothermal2045
British Columbia,Use Primary|Energy|Geothermal,Use Primary,stock_total,Economy,,Geoexchange,,,2050,,British ColumbiaUse Primary|Energy|Geothermal2050
British Columbia,Use Primary|Energy|Hydro,Use Primary,stock_total,Economy,,Hydro,,,2015,,British ColumbiaUse Primary|Energy|Hydro2015
British Columbia,Use Primary|Energy|Hydro,Use Primary,stock_total,Economy,,Hydro,,,2020,,British ColumbiaUse Primary|Energy|Hydro2020
British Columbia,Use Primary|Energy|Hydro,Use Primary,stock_total,Economy,,Hydro,,,2025,,British ColumbiaUse Primary|Energy|Hydro2025
British Columbia,Use Primary|Energy|Hydro,Use Primary,stock_total,Economy,,Hydro,,,2030,,British ColumbiaUse Primary|Energy|Hydro2030
British Columbia,Use Primary|Energy|Hydro,Use Primary,stock_total,Economy,,Hydro,,,2035,,British ColumbiaUse Primary|Energy|Hydro2035
British Columbia,Use Primary|Energy|Hydro,Use Primary,stock_total,Economy,,Hydro,,,2040,,British ColumbiaUse Primary|Energy|Hydro2040
British Columbia,Use Primary|Energy|Hydro,Use Primary,stock_total,Economy,,Hydro,,,2045,,British ColumbiaUse Primary|Energy|Hydro2045
British Columbia,Use Primary|Energy|Hydro,Use Primary,stock_total,Economy,,Hydro,,,2050,,British ColumbiaUse Primary|Energy|Hydro2050
British Columbia,Use Primary|Energy|Nuclear,Use Primary,stock_total,Economy,,Nuclear,,,2015,,British ColumbiaUse Primary|Energy|Nuclear2015
British Columbia,Use Primary|Energy|Nuclear,Use Primary,stock_total,Economy,,Nuclear,,,2020,,British ColumbiaUse Primary|Energy|Nuclear2020
British Columbia,Use Primary|Energy|Nuclear,Use Primary,stock_total,Economy,,Nuclear,,,2025,,British ColumbiaUse Primary|Energy|Nuclear2025
British Columbia,Use Primary|Energy|Nuclear,Use Primary,stock_total,Economy,,Nuclear,,,2030,,British ColumbiaUse Primary|Energy|Nuclear2030
British Columbia,Use Primary|Energy|Nuclear,Use Primary,stock_total,Economy,,Nuclear,,,2035,,British ColumbiaUse Primary|Energy|Nuclear2035
British Columbia,Use Primary|Energy|Nuclear,Use Primary,stock_total,Economy,,Nuclear,,,2040,,British ColumbiaUse Primary|Energy|Nuclear2040
British Columbia,Use Primary|Energy|Nuclear,Use Primary,stock_total,Economy,,Nuclear,,,2045,,British ColumbiaUse Primary|Energy|Nuclear2045
British Columbia,Use Primary|Energy|Nuclear,Use Primary,stock_total,Economy,,Nuclear,,,2050,,British ColumbiaUse Primary|Energy|Nuclear2050
British Columbia,Use Primary|Energy|Oil,Use Primary,quantity_requested,Economy,Oil,,,,2015,,British ColumbiaUse Primary|Energy|Oil2015
British Columbia,Use Primary|Energy|Oil,Use Primary,quantity_requested,Economy,Oil,,,,2020,,British ColumbiaUse Primary|Energy|Oil2020
British Columbia,Use Primary|Energy|Oil,Use Primary,quantity_requested,Economy,Oil,,,,2025,,British ColumbiaUse Primary|Energy|Oil2025
British Columbia,Use Primary|Energy|Oil,Use Primary,quantity_requested,Economy,Oil,,,,2030,,British ColumbiaUse Primary|Energy|Oil2030
British Columbia,Use Primary|Energy|Oil,Use Primary,quantity_requested,Economy,Oil,,,,2035,,British ColumbiaUse Primary|Energy|Oil2035
British Columbia,Use Primary|Energy|Oil,Use Primary,quantity_requested,Economy,Oil,,,,2040,,British ColumbiaUse Primary|Energy|Oil2040
British Columbia,Use Primary|Energy|Oil,Use Primary,quantity_requested,Economy,Oil,,,,2045,,British ColumbiaUse Primary|Energy|Oil2045
British Columbia,Use Primary|Energy|Oil,Use Primary,quantity_requested,Economy,Oil,,,,2050,,British ColumbiaUse Primary|Energy|Oil2050
British Columbia,Use Primary|Energy|Solar,Use Primary,stock_total,Economy,,Solar,,,2015,,British ColumbiaUse Primary|Energy|Solar2015
British Columbia,Use Primary|Energy|Solar,Use Primary,stock_total,Economy,,Solar,,,2020,,British ColumbiaUse Primary|Energy|Solar2020
British Columbia,Use Primary|Energy|Solar,Use Primary,stock_total,Economy,,Solar,,,2025,,British ColumbiaUse Primary|Energy|Solar2025
British Columbia,Use Primary|Energy|Solar,Use Primary,stock_total,Economy,,Solar,,,2030,,British ColumbiaUse Primary|Energy|Solar2030
British Columbia,Use Primary|Energy|Solar,Use Primary,stock_total,Economy,,Solar,,,2035,,British ColumbiaUse Primary|Energy|Solar2035
British Columbia,Use Primary|Energy|Solar,Use Primary,stock_total,Economy,,Solar,,,2040,,British ColumbiaUse Primary|Energy|Solar2040
British Columbia,Use Primary|Energy|Solar,Use Primary,stock_total,Economy,,Solar,,,2045,,British ColumbiaUse Primary|Energy|Solar2045
British Columbia,Use Primary|Energy|Solar,Use Primary,stock_total,Economy,,Solar,,,2050,,British ColumbiaUse Primary|Energy|Solar2050
British Columbia,Use Primary|Energy|Wind,Use Primary,stock_total,Economy,,Wind,,,2015,,British ColumbiaUse Primary|Energy|Wind2015
British Columbia,Use Primary|Energy|Wind,Use Primary,stock_total,Economy,,Wind,,,2020,,British ColumbiaUse Primary|Energy|Wind2020
British Columbia,Use Primary|Energy|Wind,Use Primary,stock_total,Economy,,Wind,,,2025,,British ColumbiaUse Primary|Energy|Wind2025
British Columbia,Use Primary|Energy|Wind,Use Primary,stock_total,Economy,,Wind,,,2030,,British ColumbiaUse Primary|Energy|Wind2030
British Columbia,Use Primary|Energy|Wind,Use Primary,stock_total,Economy,,Wind,,,2035,,British ColumbiaUse Primary|Energy|Wind2035
British Columbia,Use Primary|Energy|Wind,Use Primary,stock_total,Economy,,Wind,,,2040,,British ColumbiaUse Primary|Energy|Wind2040
British Columbia,Use Primary|Energy|Wind,Use Primary,stock_total,Economy,,Wind,,,2045,,British ColumbiaUse Primary|Energy|Wind2045
British Columbia,Use Primary|Energy|Wind,Use Primary,stock_total,Economy,,Wind,,,2050,,British ColumbiaUse Primary|Energy|Wind2050
Alberta,Carbon Sequestration|CCS,Carbon Sequestration,emissions_total_cumul_avoided,Economy,,,CO2,ALL,2015,,AlbertaCarbon Sequestration|CCS2015
Alberta,Carbon Sequestration|CCS,Carbon Sequestration,emissions_total_cumul_avoided,Economy,,,CO2,ALL,2020,,AlbertaCarbon Sequestration|CCS2020
Alberta,Carbon Sequestration|CCS,Carbon Sequestration,emissions_total_cumul_avoided,Economy,,,CO2,ALL,2025,,AlbertaCarbon Sequestration|CCS2025
Alberta,Carbon Sequestration|CCS,Carbon Sequestration,emissions_total_cumul_avoided,Economy,,,CO2,ALL,2030,,AlbertaCarbon Sequestration|CCS2030
Alberta,Carbon Sequestration|CCS,Carbon Sequestration,emissions_total_cumul_avoided,Economy,,,CO2,ALL,2035,,AlbertaCarbon Sequestration|CCS2035
Alberta,Carbon Sequestration|CCS,Carbon Sequestration,emissions_total_cumul_avoided,Economy,,,CO2,ALL,2040,,AlbertaCarbon Sequestration|CCS2040
Alberta,Carbon Sequestration|CCS,Carbon Sequestration,emissions_total_cumul_avoided,Economy,,,CO2,ALL,2045,,AlbertaCarbon Sequestration|CCS2045
Alberta,Carbon Sequestration|CCS,Carbon Sequestration,emissions_total_cumul_avoided,Economy,,,CO2,ALL,2050,,AlbertaCarbon Sequestration|CCS2050
Alberta,Emissions|CO2,Emissions,emissions_total_cumul_net,Economy,,,CO2,ALL,2015,,AlbertaEmissions|CO22015
Alberta,Emissions|CO2,Emissions,emissions_total_cumul_net,Economy,,,CO2,ALL,2020,,AlbertaEmissions|CO22020
Alberta,Emissions|CO2,Emissions,emissions_total_cumul_net,Economy,,,CO2,ALL,2025,,AlbertaEmissions|CO22025
Alberta,Emissions|CO2,Emissions,emissions_total_cumul_net,Economy,,,CO2,ALL,2030,,AlbertaEmissions|CO22030
Alberta,Emissions|CO2,Emissions,emissions_total_cumul_net,Economy,,,CO2,ALL,2035,,AlbertaEmissions|CO22035
Alberta,Emissions|CO2,Emissions,emissions_total_cumul_net,Economy,,,CO2,ALL,2040,,AlbertaEmissions|CO22040
Alberta,Emissions|CO2,Emissions,emissions_total_cumul_net,Economy,,,CO2,ALL,2045,,AlbertaEmissions|CO22045
Alberta,Emissions|CO2,Emissions,emissions_total_cumul_net,Economy,,,CO2,ALL,2050,,AlbertaEmissions|CO22050
Alberta,Emissions|CO2|Combustion,Emissions,emissions_total_cumul_net,Economy,,,CO2,Combustion,2015,,AlbertaEmissions|CO2|Combustion2015
Alberta,Emissions|CO2|Combustion,Emissions,emissions_total_cumul_net,Economy,,,CO2,Combustion,2020,,AlbertaEmissions|CO2|Combustion2020
Alberta,Emissions|CO2|Combustion,Emissions,emissions_total_cumul_net,Economy,,,CO2,Combustion,2025,,AlbertaEmissions|CO2|Combustion2025
Alberta,Emissions|CO2|Combustion,Emissions,emissions_total_cumul_net,Economy,,,CO2,Combustion,2030,,AlbertaEmissions|CO2|Combustion2030
Alberta,Emissions|CO2|Combustion,Emissions,emissions_total_cumul_net,Economy,,,CO2,Combustion,2035,,AlbertaEmissions|CO2|Combustion2035
Alberta,Emissions|CO2|Combustion,Emissions,emissions_total_cumul_net,Economy,,,CO2,Combustion,2040,,AlbertaEmissions|CO2|Combustion2040
Alberta,Emissions|CO2|Combustion,Emissions,emissions_total_cumul_net,Economy,,,CO2,Combustion,2045,,AlbertaEmissions|CO2|Combustion2045
Alberta,Emissions|CO2|Combustion,Emissions,emissions_total_cumul_net,Economy,,,CO2,Combustion,2050,,AlbertaEmissions|CO2|Combustion2050
Alberta,Emissions|CO2|Combustion|Energy|Coal,Emissions,emissions_total_cumul_net,Economy,Coal,,CO2,Combustion,2015,,AlbertaEmissions|CO2|Combustion|Energy|Coal2015
Alberta,Emissions|CO2|Combustion|Energy|Coal,Emissions,emissions_total_cumul_net,Economy,Coal,,CO2,Combustion,2020,,AlbertaEmissions|CO2|Combustion|Energy|Coal2020
Alberta,Emissions|CO2|Combustion|Energy|Coal,Emissions,emissions_total_cumul_net,Economy,Coal,,CO2,Combustion,2025,,AlbertaEmissions|CO2|Combustion|Energy|Coal2025
Alberta,Emissions|CO2|Combustion|Energy|Coal,Emissions,emissions_total_cumul_net,Economy,Coal,,CO2,Combustion,2030,,AlbertaEmissions|CO2|Combustion|Energy|Coal2030
Alberta,Emissions|CO2|Combustion|Energy|Coal,Emissions,emissions_total_cumul_net,Economy,Coal,,CO2,Combustion,2035,,AlbertaEmissions|CO2|Combustion|Energy|Coal2035
Alberta,Emissions|CO2|Combustion|Energy|Coal,Emissions,emissions_total_cumul_net,Economy,Coal,,CO2,Combustion,2040,,AlbertaEmissions|CO2|Combustion|Energy|Coal2040
Alberta,Emissions|CO2|Combustion|Energy|Coal,Emissions,emissions_total_cumul_net,Economy,Coal,,CO2,Combustion,2045,,AlbertaEmissions|CO2|Combustion|Energy|Coal2045
Alberta,Emissions|CO2|Combustion|Energy|Coal,Emissions,emissions_total_cumul_net,Economy,Coal,,CO2,Combustion,2050,,AlbertaEmissions|CO2|Combustion|Energy|Coal2050
Alberta,Emissions|CO2|Combustion|Energy|Gas,Emissions,emissions_total_cumul_net,Economy,Gas,,CO2,Combustion,2015,,AlbertaEmissions|CO2|Combustion|Energy|Gas2015
Alberta,Emissions|CO2|Combustion|Energy|Gas,Emissions,emissions_total_cumul_net,Economy,Gas,,CO2,Combustion,2020,,AlbertaEmissions|CO2|Combustion|Energy|Gas2020
Alberta,Emissions|CO2|Combustion|Energy|Gas,Emissions,emissions_total_cumul_net,Economy,Gas,,CO2,Combustion,2025,,AlbertaEmissions|CO2|Combustion|Energy|Gas2025
Alberta,Emissions|CO2|Combustion|Energy|Gas,Emissions,emissions_total_cumul_net,Economy,Gas,,CO2,Combustion,2030,,AlbertaEmissions|CO2|Combustion|Energy|Gas2030
Alberta,Emissions|CO2|Combustion|Energy|Gas,Emissions,emissions_total_cumul_net,Economy,Gas,,CO2,Combustion,2035,,AlbertaEmissions|CO2|Combustion|Energy|Gas2035
Alberta,Emissions|CO2|Combustion|Energy|Gas,Emissions,emissions_total_cumul_net,Economy,Gas,,CO2,Combustion,2040,,AlbertaEmissions|CO2|Combustion|Energy|Gas2040
Alberta,Emissions|CO2|Combustion|Energy|Gas,Emissions,emissions_total_cumul_net,Economy,Gas,,CO2,Combustion,2045,,AlbertaEmissions|CO2|Combustion|Energy|Gas2045
Alberta,Emissions|CO2|Combustion|Energy|Gas,Emissions,emissions_total_cumul_net,Economy,Gas,,CO2,Combustion,2050,,AlbertaEmissions|CO2|Combustion|Energy|Gas2050
Alberta,Emissions|CO2|Combustion|Energy|Oil,Emissions,emissions_total_cumul_net,Economy,Oil,,CO2,Combustion,2015,,AlbertaEmissions|CO2|Combustion|Energy|Oil2015
Alberta,Emissions|CO2|Combustion|Energy|Oil,Emissions,emissions_total_cumul_net,Economy,Oil,,CO2,Combustion,2020,,AlbertaEmissions|CO2|Combustion|Energy|Oil2020
Alberta,Emissions|CO2|Combustion|Energy|Oil,Emissions,emissions_total_cumul_net,Economy,Oil,,CO2,Combustion,2025,,AlbertaEmissions|CO2|Combustion|Energy|Oil2025
Alberta,Emissions|CO2|Combustion|Energy|Oil,Emissions,emissions_total_cumul_net,Economy,Oil,,CO2,Combustion,2030,,AlbertaEmissions|CO2|Combustion|Energy|Oil2030
Alberta,Emissions|CO2|Combustion|Energy|Oil,Emissions,emissions_total_cumul_net,Economy,Oil,,CO2,Combustion,2035,,AlbertaEmissions|CO2|Combustion|Energy|Oil2035
Alberta,Emissions|CO2|Combustion|Energy|Oil,Emissions,emissions_total_cumul_net,Economy,Oil,,CO2,Combustion,2040,,AlbertaEmissions|CO2|Combustion|Energy|Oil2040
Alberta,Emissions|CO2|Combustion|Energy|Oil,Emissions,emissions_total_cumul_net,Economy,Oil,,CO2,Combustion,2045,,AlbertaEmissions|CO2|Combustion|Energy|Oil2045
Alberta,Emissions|CO2|Combustion|Energy|Oil,Emissions,emissions_total_cumul_net,Economy,Oil,,CO2,Combustion,2050,,AlbertaEmissions|CO2|Combustion|Energy|Oil2050
Alberta,Emissions|CO2|Combustion|Sector|Biomass Liquids,Emissions,emissions_total_cumul_net,Biofuels,,,CO2,Combustion,2015,,AlbertaEmissions|CO2|Combustion|Sector|Biomass Liquids2015
Alberta,Emissions|CO2|Combustion|Sector|Biomass Liquids,Emissions,emissions_total_cumul_net,Biofuels,,,CO2,Combustion,2020,,AlbertaEmissions|CO2|Combustion|Sector|Biomass Liquids2020
Alberta,Emissions|CO2|Combustion|Sector|Biomass Liquids,Emissions,emissions_total_cumul_net,Biofuels,,,CO2,Combustion,2025,,AlbertaEmissions|CO2|Combustion|Sector|Biomass Liquids2025
Alberta,Emissions|CO2|Combustion|Sector|Biomass Liquids,Emissions,emissions_total_cumul_net,Biofuels,,,CO2,Combustion,2030,,AlbertaEmissions|CO2|Combustion|Sector|Biomass Liquids2030
Alberta,Emissions|CO2|Combustion|Sector|Biomass Liquids,Emissions,emissions_total_cumul_net,Biofuels,,,CO2,Combustion,2035,,AlbertaEmissions|CO2|Combustion|Sector|Biomass Liquids2035
Alberta,Emissions|CO2|Combustion|Sector|Biomass Liquids,Emissions,emissions_total_cumul_net,Biofuels,,,CO2,Combustion,2040,,AlbertaEmissions|CO2|Combustion|Sector|Biomass Liquids2040
Alberta,Emissions|CO2|Combustion|Sector|Biomass Liquids,Emissions,emissions_total_cumul_net,Biofuels,,,CO2,Combustion,2045,,AlbertaEmissions|CO2|Combustion|Sector|Biomass Liquids2045
Alberta,Emissions|CO2|Combustion|Sector|Biomass Liquids,Emissions,emissions_total_cumul_net,Biofuels,,,CO2,Combustion,2050,,AlbertaEmissions|CO2|Combustion|Sector|Biomass Liquids2050
Alberta,Emissions|CO2|Combustion|Sector|Buildings,Emissions,emissions_total_cumul_net,Buildings,,,CO2,Combustion,2015,,AlbertaEmissions|CO2|Combustion|Sector|Buildings2015
Alberta,Emissions|CO2|Combustion|Sector|Buildings,Emissions,emissions_total_cumul_net,Buildings,,,CO2,Combustion,2020,,AlbertaEmissions|CO2|Combustion|Sector|Buildings2020
Alberta,Emissions|CO2|Combustion|Sector|Buildings,Emissions,emissions_total_cumul_net,Buildings,,,CO2,Combustion,2025,,AlbertaEmissions|CO2|Combustion|Sector|Buildings2025
Alberta,Emissions|CO2|Combustion|Sector|Buildings,Emissions,emissions_total_cumul_net,Buildings,,,CO2,Combustion,2030,,AlbertaEmissions|CO2|Combustion|Sector|Buildings2030
Alberta,Emissions|CO2|Combustion|Sector|Buildings,Emissions,emissions_total_cumul_net,Buildings,,,CO2,Combustion,2035,,AlbertaEmissions|CO2|Combustion|Sector|Buildings2035
Alberta,Emissions|CO2|Combustion|Sector|Buildings,Emissions,emissions_total_cumul_net,Buildings,,,CO2,Combustion,2040,,AlbertaEmissions|CO2|Combustion|Sector|Buildings2040
Alberta,Emissions|CO2|Combustion|Sector|Buildings,Emissions,emissions_total_cumul_net,Buildings,,,CO2,Combustion,2045,,AlbertaEmissions|CO2|Combustion|Sector|Buildings2045
Alberta,Emissions|CO2|Combustion|Sector|Buildings,Emissions,emissions_total_cumul_net,Buildings,,,CO2,Combustion,2050,,AlbertaEmissions|CO2|Combustion|Sector|Buildings2050
Alberta,Emissions|CO2|Combustion|Sector|Electricity,Emissions,emissions_total_cumul_net,Electricity,,,CO2,Combustion,2015,,AlbertaEmissions|CO2|Combustion|Sector|Electricity2015
Alberta,Emissions|CO2|Combustion|Sector|Electricity,Emissions,emissions_total_cumul_net,Electricity,,,CO2,Combustion,2020,,AlbertaEmissions|CO2|Combustion|Sector|Electricity2020
Alberta,Emissions|CO2|Combustion|Sector|Electricity,Emissions,emissions_total_cumul_net,Electricity,,,CO2,Combustion,2025,,AlbertaEmissions|CO2|Combustion|Sector|Electricity2025
Alberta,Emissions|CO2|Combustion|Sector|Electricity,Emissions,emissions_total_cumul_net,Electricity,,,CO2,Combustion,2030,,AlbertaEmissions|CO2|Combustion|Sector|Electricity2030
Alberta,Emissions|CO2|Combustion|Sector|Electricity,Emissions,emissions_total_cumul_net,Electricity,,,CO2,Combustion,2035,,AlbertaEmissions|CO2|Combustion|Sector|Electricity2035
Alberta,Emissions|CO2|Combustion|Sector|Electricity,Emissions,emissions_total_cumul_net,Electricity,,,CO2,Combustion,2040,,AlbertaEmissions|CO2|Combustion|Sector|Electricity2040
Alberta,Emissions|CO2|Combustion|Sector|Electricity,Emissions,emissions_total_cumul_net,Electricity,,,CO2,Combustion,2045,,AlbertaEmissions|CO2|Combustion|Sector|Electricity2045
Alberta,Emissions|CO2|Combustion|Sector|Electricity,Emissions,emissions_total_cumul_net,Electricity,,,CO2,Combustion,2050,,AlbertaEmissions|CO2|Combustion|Sector|Electricity2050
Alberta,Emissions|CO2|Combustion|Sector|Hydrogen,Emissions,emissions_total_cumul_net,Hydrogen,,,CO2,Combustion,2015,,AlbertaEmissions|CO2|Combustion|Sector|Hydrogen2015
Alberta,Emissions|CO2|Combustion|Sector|Hydrogen,Emissions,emissions_total_cumul_net,Hydrogen,,,CO2,Combustion,2020,,AlbertaEmissions|CO2|Combustion|Sector|Hydrogen2020
Alberta,Emissions|CO2|Combustion|Sector|Hydrogen,Emissions,emissions_total_cumul_net,Hydrogen,,,CO2,Combustion,2025,,AlbertaEmissions|CO2|Combustion|Sector|Hydrogen2025
Alberta,Emissions|CO2|Combustion|Sector|Hydrogen,Emissions,emissions_total_cumul_net,Hydrogen,,,CO2,Combustion,2030,,AlbertaEmissions|CO2|Combustion|Sector|Hydrogen2030
Alberta,Emissions|CO2|Combustion|Sector|Hydrogen,Emissions,emissions_total_cumul_net,Hydrogen,,,CO2,Combustion,2035,,AlbertaEmissions|CO2|Combustion|Sector|Hydrogen2035
Alberta,Emissions|CO2|Combustion|Sector|Hydrogen,Emissions,emissions_total_cumul_net,Hydrogen,,,CO2,Combustion,2040,,AlbertaEmissions|CO2|Combustion|Sector|Hydrogen2040
Alberta,Emissions|CO2|Combustion|Sector|Hydrogen,Emissions,emissions_total_cumul_net,Hydrogen,,,CO2,Combustion,2045,,AlbertaEmissions|CO2|Combustion|Sector|Hydrogen2045
Alberta,Emissions|CO2|Combustion|Sector|Hydrogen,Emissions,emissions_total_cumul_net,Hydrogen,,,CO2,Combustion,2050,,AlbertaEmissions|CO2|Combustion|Sector|Hydrogen2050
Alberta,Emissions|CO2|Combustion|Sector|Industry,Emissions,emissions_total_cumul_net,Industry,,,CO2,Combustion,2015,,AlbertaEmissions|CO2|Combustion|Sector|Industry2015
Alberta,Emissions|CO2|Combustion|Sector|Industry,Emissions,emissions_total_cumul_net,Industry,,,CO2,Combustion,2020,,AlbertaEmissions|CO2|Combustion|Sector|Industry2020
Alberta,Emissions|CO2|Combustion|Sector|Industry,Emissions,emissions_total_cumul_net,Industry,,,CO2,Combustion,2025,,AlbertaEmissions|CO2|Combustion|Sector|Industry2025
Alberta,Emissions|CO2|Combustion|Sector|Industry,Emissions,emissions_total_cumul_net,Industry,,,CO2,Combustion,2030,,AlbertaEmissions|CO2|Combustion|Sector|Industry2030
Alberta,Emissions|CO2|Combustion|Sector|Industry,Emissions,emissions_total_cumul_net,Industry,,,CO2,Combustion,2035,,AlbertaEmissions|CO2|Combustion|Sector|Industry2035
Alberta,Emissions|CO2|Combustion|Sector|Industry,Emissions,emissions_total_cumul_net,Industry,,,CO2,Combustion,2040,,AlbertaEmissions|CO2|Combustion|Sector|Industry2040
Alberta,Emissions|CO2|Combustion|Sector|Industry,Emissions,emissions_total_cumul_net,Industry,,,CO2,Combustion,2045,,AlbertaEmissions|CO2|Combustion|Sector|Industry2045
Alberta,Emissions|CO2|Combustion|Sector|Industry,Emissions,emissions_total_cumul_net,Industry,,,CO2,Combustion,2050,,AlbertaEmissions|CO2|Combustion|Sector|Industry2050
Alberta,Emissions|CO2|Combustion|Sector|Industry|Non Mfg|Petroleum Refining,Emissions,emissions_total_cumul_net,Petroleum Refining,,,CO2,Combustion,2015,,AlbertaEmissions|CO2|Combustion|Sector|Industry|Non Mfg|Petroleum Refining2015
Alberta,Emissions|CO2|Combustion|Sector|Industry|Non Mfg|Petroleum Refining,Emissions,emissions_total_cumul_net,Petroleum Refining,,,CO2,Combustion,2020,,AlbertaEmissions|CO2|Combustion|Sector|Industry|Non Mfg|Petroleum Refining2020
Alberta,Emissions|CO2|Combustion|Sector|Industry|Non Mfg|Petroleum Refining,Emissions,emissions_total_cumul_net,Petroleum Refining,,,CO2,Combustion,2025,,AlbertaEmissions|CO2|Combustion|Sector|Industry|Non Mfg|Petroleum Refining2025
Alberta,Emissions|CO2|Combustion|Sector|Industry|Non Mfg|Petroleum Refining,Emissions,emissions_total_cumul_net,Petroleum Refining,,,CO2,Combustion,2030,,AlbertaEmissions|CO2|Combustion|Sector|Industry|Non Mfg|Petroleum Refining2030
Alberta,Emissions|CO2|Combustion|Sector|Industry|Non Mfg|Petroleum Refining,Emissions,emissions_total_cumul_net,Petroleum Refining,,,CO2,Combustion,2035,,AlbertaEmissions|CO2|Combustion|Sector|Industry|Non Mfg|Petroleum Refining2035
Alberta,Emissions|CO2|Combustion|Sector|Industry|Non Mfg|Petroleum Refining,Emissions,emissions_total_cumul_net,Petroleum Refining,,,CO2,Combustion,2040,,AlbertaEmissions|CO2|Combustion|Sector|Industry|Non Mfg|Petroleum Refining2040
Alberta,Emissions|CO2|Combustion|Sector|Industry|Non Mfg|Petroleum Refining,Emissions,emissions_total_cumul_net,Petroleum Refining,,,CO2,Combustion,2045,,AlbertaEmissions|CO2|Combustion|Sector|Industry|Non Mfg|Petroleum Refining2045
Alberta,Emissions|CO2|Combustion|Sector|Industry|Non Mfg|Petroleum Refining,Emissions,emissions_total_cumul_net,Petroleum Refining,,,CO2,Combustion,2050,,AlbertaEmissions|CO2|Combustion|Sector|Industry|Non Mfg|Petroleum Refining2050
Alberta,Emissions|CO2|Combustion|Sector|Transportation,Emissions,emissions_total_cumul_net,Transport,,,CO2,Combustion,2015,,AlbertaEmissions|CO2|Combustion|Sector|Transportation2015
Alberta,Emissions|CO2|Combustion|Sector|Transportation,Emissions,emissions_total_cumul_net,Transport,,,CO2,Combustion,2020,,AlbertaEmissions|CO2|Combustion|Sector|Transportation2020
Alberta,Emissions|CO2|Combustion|Sector|Transportation,Emissions,emissions_total_cumul_net,Transport,,,CO2,Combustion,2025,,AlbertaEmissions|CO2|Combustion|Sector|Transportation2025
Alberta,Emissions|CO2|Combustion|Sector|Transportation,Emissions,emissions_total_cumul_net,Transport,,,CO2,Combustion,2030,,AlbertaEmissions|CO2|Combustion|Sector|Transportation2030
Alberta,Emissions|CO2|Combustion|Sector|Transportation,Emissions,emissions_total_cumul_net,Transport,,,CO2,Combustion,2035,,AlbertaEmissions|CO2|Combustion|Sector|Transportation2035
Alberta,Emissions|CO2|Combustion|Sector|Transportation,Emissions,emissions_total_cumul_net,Transport,,,CO2,Combustion,2040,,AlbertaEmissions|CO2|Combustion|Sector|Transportation2040
Alberta,Emissions|CO2|Combustion|Sector|Transportation,Emissions,emissions_total_cumul_net,Transport,,,CO2,Combustion,2045,,AlbertaEmissions|CO2|Combustion|Sector|Transportation2045
Alberta,Emissions|CO2|Combustion|Sector|Transportation,Emissions,emissions_total_cumul_net,Transport,,,CO2,Combustion,2050,,AlbertaEmissions|CO2|Combustion|Sector|Transportation2050
Alberta,Emissions|CO2|Industrial Process,Emissions,emissions_total_cumul_net,Economy,,,CO2,Process,2015,,AlbertaEmissions|CO2|Industrial Process2015
Alberta,Emissions|CO2|Industrial Process,Emissions,emissions_total_cumul_net,Economy,,,CO2,Process,2020,,AlbertaEmissions|CO2|Industrial Process2020
Alberta,Emissions|CO2|Industrial Process,Emissions,emissions_total_cumul_net,Economy,,,CO2,Process,2025,,AlbertaEmissions|CO2|Industrial Process2025
Alberta,Emissions|CO2|Industrial Process,Emissions,emissions_total_cumul_net,Economy,,,CO2,Process,2030,,AlbertaEmissions|CO2|Industrial Process2030
Alberta,Emissions|CO2|Industrial Process,Emissions,emissions_total_cumul_net,Economy,,,CO2,Process,2035,,AlbertaEmissions|CO2|Industrial Process2035
Alberta,Emissions|CO2|Industrial Process,Emissions,emissions_total_cumul_net,Economy,,,CO2,Process,2040,,AlbertaEmissions|CO2|Industrial Process2040
Alberta,Emissions|CO2|Industrial Process,Emissions,emissions_total_cumul_net,Economy,,,CO2,Process,2045,,AlbertaEmissions|CO2|Industrial Process2045
Alberta,Emissions|CO2|Industrial Process,Emissions,emissions_total_cumul_net,Economy,,,CO2,Process,2050,,AlbertaEmissions|CO2|Industrial Process2050
Alberta,Emissions|GHG Total,Emissions,emissions_total_cumul_net,Economy,,,GHG,ALL,2015,,AlbertaEmissions|GHG Total2015
Alberta,Emissions|GHG Total,Emissions,emissions_total_cumul_net,Economy,,,GHG,ALL,2020,,AlbertaEmissions|GHG Total2020
Alberta,Emissions|GHG Total,Emissions,emissions_total_cumul_net,Economy,,,GHG,ALL,2025,,AlbertaEmissions|GHG Total2025
Alberta,Emissions|GHG Total,Emissions,emissions_total_cumul_net,Economy,,,GHG,ALL,2030,,AlbertaEmissions|GHG Total2030
Alberta,Emissions|GHG Total,Emissions,emissions_total_cumul_net,Economy,,,GHG,ALL,2035,,AlbertaEmissions|GHG Total2035
Alberta,Emissions|GHG Total,Emissions,emissions_total_cumul_net,Economy,,,GHG,ALL,2040,,AlbertaEmissions|GHG Total2040
Alberta,Emissions|GHG Total,Emissions,emissions_total_cumul_net,Economy,,,GHG,ALL,2045,,AlbertaEmissions|GHG Total2045
Alberta,Emissions|GHG Total,Emissions,emissions_total_cumul_net,Economy,,,GHG,ALL,2050,,AlbertaEmissions|GHG Total2050
Alberta,Emissions|GHG Total|Combustion,Emissions,emissions_total_cumul_net,Economy,,,GHG,Combustion,2015,,AlbertaEmissions|GHG Total|Combustion2015
Alberta,Emissions|GHG Total|Combustion,Emissions,emissions_total_cumul_net,Economy,,,GHG,Combustion,2020,,AlbertaEmissions|GHG Total|Combustion2020
Alberta,Emissions|GHG Total|Combustion,Emissions,emissions_total_cumul_net,Economy,,,GHG,Combustion,2025,,AlbertaEmissions|GHG Total|Combustion2025
Alberta,Emissions|GHG Total|Combustion,Emissions,emissions_total_cumul_net,Economy,,,GHG,Combustion,2030,,AlbertaEmissions|GHG Total|Combustion2030
Alberta,Emissions|GHG Total|Combustion,Emissions,emissions_total_cumul_net,Economy,,,GHG,Combustion,2035,,AlbertaEmissions|GHG Total|Combustion2035
Alberta,Emissions|GHG Total|Combustion,Emissions,emissions_total_cumul_net,Economy,,,GHG,Combustion,2040,,AlbertaEmissions|GHG Total|Combustion2040
Alberta,Emissions|GHG Total|Combustion,Emissions,emissions_total_cumul_net,Economy,,,GHG,Combustion,2045,,AlbertaEmissions|GHG Total|Combustion2045
Alberta,Emissions|GHG Total|Combustion,Emissions,emissions_total_cumul_net,Economy,,,GHG,Combustion,2050,,AlbertaEmissions|GHG Total|Combustion2050
Alberta,Emissions|GHG Total|Combustion|Energy|Coal,Emissions,emissions_total_cumul_net,Economy,Coal,,GHG,Combustion,2015,,AlbertaEmissions|GHG Total|Combustion|Energy|Coal2015
Alberta,Emissions|GHG Total|Combustion|Energy|Coal,Emissions,emissions_total_cumul_net,Economy,Coal,,GHG,Combustion,2020,,AlbertaEmissions|GHG Total|Combustion|Energy|Coal2020
Alberta,Emissions|GHG Total|Combustion|Energy|Coal,Emissions,emissions_total_cumul_net,Economy,Coal,,GHG,Combustion,2025,,AlbertaEmissions|GHG Total|Combustion|Energy|Coal2025
Alberta,Emissions|GHG Total|Combustion|Energy|Coal,Emissions,emissions_total_cumul_net,Economy,Coal,,GHG,Combustion,2030,,AlbertaEmissions|GHG Total|Combustion|Energy|Coal2030
Alberta,Emissions|GHG Total|Combustion|Energy|Coal,Emissions,emissions_total_cumul_net,Economy,Coal,,GHG,Combustion,2035,,AlbertaEmissions|GHG Total|Combustion|Energy|Coal2035
Alberta,Emissions|GHG Total|Combustion|Energy|Coal,Emissions,emissions_total_cumul_net,Economy,Coal,,GHG,Combustion,2040,,AlbertaEmissions|GHG Total|Combustion|Energy|Coal2040
Alberta,Emissions|GHG Total|Combustion|Energy|Coal,Emissions,emissions_total_cumul_net,Economy,Coal,,GHG,Combustion,2045,,AlbertaEmissions|GHG Total|Combustion|Energy|Coal2045
Alberta,Emissions|GHG Total|Combustion|Energy|Coal,Emissions,emissions_total_cumul_net,Economy,Coal,,GHG,Combustion,2050,,AlbertaEmissions|GHG Total|Combustion|Energy|Coal2050
Alberta,Emissions|GHG Total|Combustion|Energy|Gas,Emissions,emissions_total_cumul_net,Economy,Gas,,GHG,Combustion,2015,,AlbertaEmissions|GHG Total|Combustion|Energy|Gas2015
Alberta,Emissions|GHG Total|Combustion|Energy|Gas,Emissions,emissions_total_cumul_net,Economy,Gas,,GHG,Combustion,2020,,AlbertaEmissions|GHG Total|Combustion|Energy|Gas2020
Alberta,Emissions|GHG Total|Combustion|Energy|Gas,Emissions,emissions_total_cumul_net,Economy,Gas,,GHG,Combustion,2025,,AlbertaEmissions|GHG Total|Combustion|Energy|Gas2025
Alberta,Emissions|GHG Total|Combustion|Energy|Gas,Emissions,emissions_total_cumul_net,Economy,Gas,,GHG,Combustion,2030,,AlbertaEmissions|GHG Total|Combustion|Energy|Gas2030
Alberta,Emissions|GHG Total|Combustion|Energy|Gas,Emissions,emissions_total_cumul_net,Economy,Gas,,GHG,Combustion,2035,,AlbertaEmissions|GHG Total|Combustion|Energy|Gas2035
Alberta,Emissions|GHG Total|Combustion|Energy|Gas,Emissions,emissions_total_cumul_net,Economy,Gas,,GHG,Combustion,2040,,AlbertaEmissions|GHG Total|Combustion|Energy|Gas2040
Alberta,Emissions|GHG Total|Combustion|Energy|Gas,Emissions,emissions_total_cumul_net,Economy,Gas,,GHG,Combustion,2045,,AlbertaEmissions|GHG Total|Combustion|Energy|Gas2045
Alberta,Emissions|GHG Total|Combustion|Energy|Gas,Emissions,emissions_total_cumul_net,Economy,Gas,,GHG,Combustion,2050,,AlbertaEmissions|GHG Total|Combustion|Energy|Gas2050
Alberta,Emissions|GHG Total|Combustion|Energy|Oil,Emissions,emissions_total_cumul_net,Economy,Oil,,GHG,Combustion,2015,,AlbertaEmissions|GHG Total|Combustion|Energy|Oil2015
Alberta,Emissions|GHG Total|Combustion|Energy|Oil,Emissions,emissions_total_cumul_net,Economy,Oil,,GHG,Combustion,2020,,AlbertaEmissions|GHG Total|Combustion|Energy|Oil2020
Alberta,Emissions|GHG Total|Combustion|Energy|Oil,Emissions,emissions_total_cumul_net,Economy,Oil,,GHG,Combustion,2025,,AlbertaEmissions|GHG Total|Combustion|Energy|Oil2025
Alberta,Emissions|GHG Total|Combustion|Energy|Oil,Emissions,emissions_total_cumul_net,Economy,Oil,,GHG,Combustion,2030,,AlbertaEmissions|GHG Total|Combustion|Energy|Oil2030
Alberta,Emissions|GHG Total|Combustion|Energy|Oil,Emissions,emissions_total_cumul_net,Economy,Oil,,GHG,Combustion,2035,,AlbertaEmissions|GHG Total|Combustion|Energy|Oil2035
Alberta,Emissions|GHG Total|Combustion|Energy|Oil,Emissions,emissions_total_cumul_net,Economy,Oil,,GHG,Combustion,2040,,AlbertaEmissions|GHG Total|Combustion|Energy|Oil2040
Alberta,Emissions|GHG Total|Combustion|Energy|Oil,Emissions,emissions_total_cumul_net,Economy,Oil,,GHG,Combustion,2045,,AlbertaEmissions|GHG Total|Combustion|Energy|Oil2045
Alberta,Emissions|GHG Total|Combustion|Energy|Oil,Emissions,emissions_total_cumul_net,Economy,Oil,,GHG,Combustion,2050,,AlbertaEmissions|GHG Total|Combustion|Energy|Oil2050
Alberta,Emissions|GHG Total|Combustion|Sector|Biomass Liquids,Emissions,emissions_total_cumul_net,Biofuels,,,GHG,Combustion,2015,,AlbertaEmissions|GHG Total|Combustion|Sector|Biomass Liquids2015
Alberta,Emissions|GHG Total|Combustion|Sector|Biomass Liquids,Emissions,emissions_total_cumul_net,Biofuels,,,GHG,Combustion,2020,,AlbertaEmissions|GHG Total|Combustion|Sector|Biomass Liquids2020
Alberta,Emissions|GHG Total|Combustion|Sector|Biomass Liquids,Emissions,emissions_total_cumul_net,Biofuels,,,GHG,Combustion,2025,,AlbertaEmissions|GHG Total|Combustion|Sector|Biomass Liquids2025
Alberta,Emissions|GHG Total|Combustion|Sector|Biomass Liquids,Emissions,emissions_total_cumul_net,Biofuels,,,GHG,Combustion,2030,,AlbertaEmissions|GHG Total|Combustion|Sector|Biomass Liquids2030
Alberta,Emissions|GHG Total|Combustion|Sector|Biomass Liquids,Emissions,emissions_total_cumul_net,Biofuels,,,GHG,Combustion,2035,,AlbertaEmissions|GHG Total|Combustion|Sector|Biomass Liquids2035
Alberta,Emissions|GHG Total|Combustion|Sector|Biomass Liquids,Emissions,emissions_total_cumul_net,Biofuels,,,GHG,Combustion,2040,,AlbertaEmissions|GHG Total|Combustion|Sector|Biomass Liquids2040
Alberta,Emissions|GHG Total|Combustion|Sector|Biomass Liquids,Emissions,emissions_total_cumul_net,Biofuels,,,GHG,Combustion,2045,,AlbertaEmissions|GHG Total|Combustion|Sector|Biomass Liquids2045
Alberta,Emissions|GHG Total|Combustion|Sector|Biomass Liquids,Emissions,emissions_total_cumul_net,Biofuels,,,GHG,Combustion,2050,,AlbertaEmissions|GHG Total|Combustion|Sector|Biomass Liquids2050
Alberta,Emissions|GHG Total|Combustion|Sector|Buildings,Emissions,emissions_total_cumul_net,Buildings,,,GHG,Combustion,2015,,AlbertaEmissions|GHG Total|Combustion|Sector|Buildings2015
Alberta,Emissions|GHG Total|Combustion|Sector|Buildings,Emissions,emissions_total_cumul_net,Buildings,,,GHG,Combustion,2020,,AlbertaEmissions|GHG Total|Combustion|Sector|Buildings2020
Alberta,Emissions|GHG Total|Combustion|Sector|Buildings,Emissions,emissions_total_cumul_net,Buildings,,,GHG,Combustion,2025,,AlbertaEmissions|GHG Total|Combustion|Sector|Buildings2025
Alberta,Emissions|GHG Total|Combustion|Sector|Buildings,Emissions,emissions_total_cumul_net,Buildings,,,GHG,Combustion,2030,,AlbertaEmissions|GHG Total|Combustion|Sector|Buildings2030
Alberta,Emissions|GHG Total|Combustion|Sector|Buildings,Emissions,emissions_total_cumul_net,Buildings,,,GHG,Combustion,2035,,AlbertaEmissions|GHG Total|Combustion|Sector|Buildings2035
Alberta,Emissions|GHG Total|Combustion|Sector|Buildings,Emissions,emissions_total_cumul_net,Buildings,,,GHG,Combustion,2040,,AlbertaEmissions|GHG Total|Combustion|Sector|Buildings2040
Alberta,Emissions|GHG Total|Combustion|Sector|Buildings,Emissions,emissions_total_cumul_net,Buildings,,,GHG,Combustion,2045,,AlbertaEmissions|GHG Total|Combustion|Sector|Buildings2045
Alberta,Emissions|GHG Total|Combustion|Sector|Buildings,Emissions,emissions_total_cumul_net,Buildings,,,GHG,Combustion,2050,,AlbertaEmissions|GHG Total|Combustion|Sector|Buildings2050
Alberta,Emissions|GHG Total|Combustion|Sector|Electricity,Emissions,emissions_total_cumul_net,Electricity,,,GHG,Combustion,2015,,AlbertaEmissions|GHG Total|Combustion|Sector|Electricity2015
Alberta,Emissions|GHG Total|Combustion|Sector|Electricity,Emissions,emissions_total_cumul_net,Electricity,,,GHG,Combustion,2020,,AlbertaEmissions|GHG Total|Combustion|Sector|Electricity2020
Alberta,Emissions|GHG Total|Combustion|Sector|Electricity,Emissions,emissions_total_cumul_net,Electricity,,,GHG,Combustion,2025,,AlbertaEmissions|GHG Total|Combustion|Sector|Electricity2025
Alberta,Emissions|GHG Total|Combustion|Sector|Electricity,Emissions,emissions_total_cumul_net,Electricity,,,GHG,Combustion,2030,,AlbertaEmissions|GHG Total|Combustion|Sector|Electricity2030
Alberta,Emissions|GHG Total|Combustion|Sector|Electricity,Emissions,emissions_total_cumul_net,Electricity,,,GHG,Combustion,2035,,AlbertaEmissions|GHG Total|Combustion|Sector|Electricity2035
Alberta,Emissions|GHG Total|Combustion|Sector|Electricity,Emissions,emissions_total_cumul_net,Electricity,,,GHG,Combustion,2040,,AlbertaEmissions|GHG Total|Combustion|Sector|Electricity2040
Alberta,Emissions|GHG Total|Combustion|Sector|Electricity,Emissions,emissions_total_cumul_net,Electricity,,,GHG,Combustion,2045,,AlbertaEmissions|GHG Total|Combustion|Sector|Electricity2045
Alberta,Emissions|GHG Total|Combustion|Sector|Electricity,Emissions,emissions_total_cumul_net,Electricity,,,GHG,Combustion,2050,,AlbertaEmissions|GHG Total|Combustion|Sector|Electricity2050
Alberta,Emissions|GHG Total|Combustion|Sector|Hydrogen,Emissions,emissions_total_cumul_net,Hydrogen,,,GHG,Combustion,2015,,AlbertaEmissions|GHG Total|Combustion|Sector|Hydrogen2015
Alberta,Emissions|GHG Total|Combustion|Sector|Hydrogen,Emissions,emissions_total_cumul_net,Hydrogen,,,GHG,Combustion,2020,,AlbertaEmissions|GHG Total|Combustion|Sector|Hydrogen2020
Alberta,Emissions|GHG Total|Combustion|Sector|Hydrogen,Emissions,emissions_total_cumul_net,Hydrogen,,,GHG,Combustion,2025,,AlbertaEmissions|GHG Total|Combustion|Sector|Hydrogen2025
Alberta,Emissions|GHG Total|Combustion|Sector|Hydrogen,Emissions,emissions_total_cumul_net,Hydrogen,,,GHG,Combustion,2030,,AlbertaEmissions|GHG Total|Combustion|Sector|Hydrogen2030
Alberta,Emissions|GHG Total|Combustion|Sector|Hydrogen,Emissions,emissions_total_cumul_net,Hydrogen,,,GHG,Combustion,2035,,AlbertaEmissions|GHG Total|Combustion|Sector|Hydrogen2035
Alberta,Emissions|GHG Total|Combustion|Sector|Hydrogen,Emissions,emissions_total_cumul_net,Hydrogen,,,GHG,Combustion,2040,,AlbertaEmissions|GHG Total|Combustion|Sector|Hydrogen2040
Alberta,Emissions|GHG Total|Combustion|Sector|Hydrogen,Emissions,emissions_total_cumul_net,Hydrogen,,,GHG,Combustion,2045,,AlbertaEmissions|GHG Total|Combustion|Sector|Hydrogen2045
Alberta,Emissions|GHG Total|Combustion|Sector|Hydrogen,Emissions,emissions_total_cumul_net,Hydrogen,,,GHG,Combustion,2050,,AlbertaEmissions|GHG Total|Combustion|Sector|Hydrogen2050
Alberta,Emissions|GHG Total|Combustion|Sector|Industry,Emissions,emissions_total_cumul_net,Industry,,,GHG,Combustion,2015,,AlbertaEmissions|GHG Total|Combustion|Sector|Industry2015
Alberta,Emissions|GHG Total|Combustion|Sector|Industry,Emissions,emissions_total_cumul_net,Industry,,,GHG,Combustion,2020,,AlbertaEmissions|GHG Total|Combustion|Sector|Industry2020
Alberta,Emissions|GHG Total|Combustion|Sector|Industry,Emissions,emissions_total_cumul_net,Industry,,,GHG,Combustion,2025,,AlbertaEmissions|GHG Total|Combustion|Sector|Industry2025
Alberta,Emissions|GHG Total|Combustion|Sector|Industry,Emissions,emissions_total_cumul_net,Industry,,,GHG,Combustion,2030,,AlbertaEmissions|GHG Total|Combustion|Sector|Industry2030
Alberta,Emissions|GHG Total|Combustion|Sector|Industry,Emissions,emissions_total_cumul_net,Industry,,,GHG,Combustion,2035,,AlbertaEmissions|GHG Total|Combustion|Sector|Industry2035
Alberta,Emissions|GHG Total|Combustion|Sector|Industry,Emissions,emissions_total_cumul_net,Industry,,,GHG,Combustion,2040,,AlbertaEmissions|GHG Total|Combustion|Sector|Industry2040
Alberta,Emissions|GHG Total|Combustion|Sector|Industry,Emissions,emissions_total_cumul_net,Industry,,,GHG,Combustion,2045,,AlbertaEmissions|GHG Total|Combustion|Sector|Industry2045
Alberta,Emissions|GHG Total|Combustion|Sector|Industry,Emissions,emissions_total_cumul_net,Industry,,,GHG,Combustion,2050,,AlbertaEmissions|GHG Total|Combustion|Sector|Industry2050
Alberta,Emissions|GHG Total|Combustion|Sector|Industry|Non Mfg|Petroleum Refining,Emissions,emissions_total_cumul_net,Petroleum Refining,,,GHG,Combustion,2015,,AlbertaEmissions|GHG Total|Combustion|Sector|Industry|Non Mfg|Petroleum Refining2015
Alberta,Emissions|GHG Total|Combustion|Sector|Industry|Non Mfg|Petroleum Refining,Emissions,emissions_total_cumul_net,Petroleum Refining,,,GHG,Combustion,2020,,AlbertaEmissions|GHG Total|Combustion|Sector|Industry|Non Mfg|Petroleum Refining2020
Alberta,Emissions|GHG Total|Combustion|Sector|Industry|Non Mfg|Petroleum Refining,Emissions,emissions_total_cumul_net,Petroleum Refining,,,GHG,Combustion,2025,,AlbertaEmissions|GHG Total|Combustion|Sector|Industry|Non Mfg|Petroleum Refining2025
Alberta,Emissions|GHG Total|Combustion|Sector|Industry|Non Mfg|Petroleum Refining,Emissions,emissions_total_cumul_net,Petroleum Refining,,,GHG,Combustion,2030,,AlbertaEmissions|GHG Total|Combustion|Sector|Industry|Non Mfg|Petroleum Refining2030
Alberta,Emissions|GHG Total|Combustion|Sector|Industry|Non Mfg|Petroleum Refining,Emissions,emissions_total_cumul_net,Petroleum Refining,,,GHG,Combustion,2035,,AlbertaEmissions|GHG Total|Combustion|Sector|Industry|Non Mfg|Petroleum Refining2035
Alberta,Emissions|GHG Total|Combustion|Sector|Industry|Non Mfg|Petroleum Refining,Emissions,emissions_total_cumul_net,Petroleum Refining,,,GHG,Combustion,2040,,AlbertaEmissions|GHG Total|Combustion|Sector|Industry|Non Mfg|Petroleum Refining2040
Alberta,Emissions|GHG Total|Combustion|Sector|Industry|Non Mfg|Petroleum Refining,Emissions,emissions_total_cumul_net,Petroleum Refining,,,GHG,Combustion,2045,,AlbertaEmissions|GHG Total|Combustion|Sector|Industry|Non Mfg|Petroleum Refining2045
Alberta,Emissions|GHG Total|Combustion|Sector|Industry|Non Mfg|Petroleum Refining,Emissions,emissions_total_cumul_net,Petroleum Refining,,,GHG,Combustion,2050,,AlbertaEmissions|GHG Total|Combustion|Sector|Industry|Non Mfg|Petroleum Refining2050
Alberta,Emissions|GHG Total|Combustion|Sector|Transportation,Emissions,emissions_total_cumul_net,Transport,,,GHG,Combustion,2015,,AlbertaEmissions|GHG Total|Combustion|Sector|Transportation2015
Alberta,Emissions|GHG Total|Combustion|Sector|Transportation,Emissions,emissions_total_cumul_net,Transport,,,GHG,Combustion,2020,,AlbertaEmissions|GHG Total|Combustion|Sector|Transportation2020
Alberta,Emissions|GHG Total|Combustion|Sector|Transportation,Emissions,emissions_total_cumul_net,Transport,,,GHG,Combustion,2025,,AlbertaEmissions|GHG Total|Combustion|Sector|Transportation2025
Alberta,Emissions|GHG Total|Combustion|Sector|Transportation,Emissions,emissions_total_cumul_net,Transport,,,GHG,Combustion,2030,,AlbertaEmissions|GHG Total|Combustion|Sector|Transportation2030
Alberta,Emissions|GHG Total|Combustion|Sector|Transportation,Emissions,emissions_total_cumul_net,Transport,,,GHG,Combustion,2035,,AlbertaEmissions|GHG Total|Combustion|Sector|Transportation2035
Alberta,Emissions|GHG Total|Combustion|Sector|Transportation,Emissions,emissions_total_cumul_net,Transport,,,GHG,Combustion,2040,,AlbertaEmissions|GHG Total|Combustion|Sector|Transportation2040
Alberta,Emissions|GHG Total|Combustion|Sector|Transportation,Emissions,emissions_total_cumul_net,Transport,,,GHG,Combustion,2045,,AlbertaEmissions|GHG Total|Combustion|Sector|Transportation2045
Alberta,Emissions|GHG Total|Combustion|Sector|Transportation,Emissions,emissions_total_cumul_net,Transport,,,GHG,Combustion,2050,,AlbertaEmissions|GHG Total|Combustion|Sector|Transportation2050
Alberta,Emissions|GHG Total|Fugitive,Emissions,emissions_total_cumul_net,Economy,,,GHG,Fugitive,2015,,AlbertaEmissions|GHG Total|Fugitive2015
Alberta,Emissions|GHG Total|Fugitive,Emissions,emissions_total_cumul_net,Economy,,,GHG,Fugitive,2020,,AlbertaEmissions|GHG Total|Fugitive2020
Alberta,Emissions|GHG Total|Fugitive,Emissions,emissions_total_cumul_net,Economy,,,GHG,Fugitive,2025,,AlbertaEmissions|GHG Total|Fugitive2025
Alberta,Emissions|GHG Total|Fugitive,Emissions,emissions_total_cumul_net,Economy,,,GHG,Fugitive,2030,,AlbertaEmissions|GHG Total|Fugitive2030
Alberta,Emissions|GHG Total|Fugitive,Emissions,emissions_total_cumul_net,Economy,,,GHG,Fugitive,2035,,AlbertaEmissions|GHG Total|Fugitive2035
Alberta,Emissions|GHG Total|Fugitive,Emissions,emissions_total_cumul_net,Economy,,,GHG,Fugitive,2040,,AlbertaEmissions|GHG Total|Fugitive2040
Alberta,Emissions|GHG Total|Fugitive,Emissions,emissions_total_cumul_net,Economy,,,GHG,Fugitive,2045,,AlbertaEmissions|GHG Total|Fugitive2045
Alberta,Emissions|GHG Total|Fugitive,Emissions,emissions_total_cumul_net,Economy,,,GHG,Fugitive,2050,,AlbertaEmissions|GHG Total|Fugitive2050
Alberta,Emissions|GHG Total|Fugitive|Buildings,Emissions,emissions_total_cumul_net,Buildings,,,GHG,Fugitive,2015,,AlbertaEmissions|GHG Total|Fugitive|Buildings2015
Alberta,Emissions|GHG Total|Fugitive|Buildings,Emissions,emissions_total_cumul_net,Buildings,,,GHG,Fugitive,2020,,AlbertaEmissions|GHG Total|Fugitive|Buildings2020
Alberta,Emissions|GHG Total|Fugitive|Buildings,Emissions,emissions_total_cumul_net,Buildings,,,GHG,Fugitive,2025,,AlbertaEmissions|GHG Total|Fugitive|Buildings2025
Alberta,Emissions|GHG Total|Fugitive|Buildings,Emissions,emissions_total_cumul_net,Buildings,,,GHG,Fugitive,2030,,AlbertaEmissions|GHG Total|Fugitive|Buildings2030
Alberta,Emissions|GHG Total|Fugitive|Buildings,Emissions,emissions_total_cumul_net,Buildings,,,GHG,Fugitive,2035,,AlbertaEmissions|GHG Total|Fugitive|Buildings2035
Alberta,Emissions|GHG Total|Fugitive|Buildings,Emissions,emissions_total_cumul_net,Buildings,,,GHG,Fugitive,2040,,AlbertaEmissions|GHG Total|Fugitive|Buildings2040
Alberta,Emissions|GHG Total|Fugitive|Buildings,Emissions,emissions_total_cumul_net,Buildings,,,GHG,Fugitive,2045,,AlbertaEmissions|GHG Total|Fugitive|Buildings2045
Alberta,Emissions|GHG Total|Fugitive|Buildings,Emissions,emissions_total_cumul_net,Buildings,,,GHG,Fugitive,2050,,AlbertaEmissions|GHG Total|Fugitive|Buildings2050
Alberta,Emissions|GHG Total|Fugitive|Industry|Non Mfg|Petroleum Refining,Emissions,emissions_total_cumul_net,Petroleum Refining,,,GHG,Fugitive,2015,,AlbertaEmissions|GHG Total|Fugitive|Industry|Non Mfg|Petroleum Refining2015
Alberta,Emissions|GHG Total|Fugitive|Industry|Non Mfg|Petroleum Refining,Emissions,emissions_total_cumul_net,Petroleum Refining,,,GHG,Fugitive,2020,,AlbertaEmissions|GHG Total|Fugitive|Industry|Non Mfg|Petroleum Refining2020
Alberta,Emissions|GHG Total|Fugitive|Industry|Non Mfg|Petroleum Refining,Emissions,emissions_total_cumul_net,Petroleum Refining,,,GHG,Fugitive,2025,,AlbertaEmissions|GHG Total|Fugitive|Industry|Non Mfg|Petroleum Refining2025
Alberta,Emissions|GHG Total|Fugitive|Industry|Non Mfg|Petroleum Refining,Emissions,emissions_total_cumul_net,Petroleum Refining,,,GHG,Fugitive,2030,,AlbertaEmissions|GHG Total|Fugitive|Industry|Non Mfg|Petroleum Refining2030
Alberta,Emissions|GHG Total|Fugitive|Industry|Non Mfg|Petroleum Refining,Emissions,emissions_total_cumul_net,Petroleum Refining,,,GHG,Fugitive,2035,,AlbertaEmissions|GHG Total|Fugitive|Industry|Non Mfg|Petroleum Refining2035
Alberta,Emissions|GHG Total|Fugitive|Industry|Non Mfg|Petroleum Refining,Emissions,emissions_total_cumul_net,Petroleum Refining,,,GHG,Fugitive,2040,,AlbertaEmissions|GHG Total|Fugitive|Industry|Non Mfg|Petroleum Refining2040
Alberta,Emissions|GHG Total|Fugitive|Industry|Non Mfg|Petroleum Refining,Emissions,emissions_total_cumul_net,Petroleum Refining,,,GHG,Fugitive,2045,,AlbertaEmissions|GHG Total|Fugitive|Industry|Non Mfg|Petroleum Refining2045
Alberta,Emissions|GHG Total|Fugitive|Industry|Non Mfg|Petroleum Refining,Emissions,emissions_total_cumul_net,Petroleum Refining,,,GHG,Fugitive,2050,,AlbertaEmissions|GHG Total|Fugitive|Industry|Non Mfg|Petroleum Refining2050
Alberta,Emissions|GHG Total|Industrial Process,Emissions,emissions_total_cumul_net,Economy,,,GHG,Process,2015,,AlbertaEmissions|GHG Total|Industrial Process2015
Alberta,Emissions|GHG Total|Industrial Process,Emissions,emissions_total_cumul_net,Economy,,,GHG,Process,2020,,AlbertaEmissions|GHG Total|Industrial Process2020
Alberta,Emissions|GHG Total|Industrial Process,Emissions,emissions_total_cumul_net,Economy,,,GHG,Process,2025,,AlbertaEmissions|GHG Total|Industrial Process2025
Alberta,Emissions|GHG Total|Industrial Process,Emissions,emissions_total_cumul_net,Economy,,,GHG,Process,2030,,AlbertaEmissions|GHG Total|Industrial Process2030
Alberta,Emissions|GHG Total|Industrial Process,Emissions,emissions_total_cumul_net,Economy,,,GHG,Process,2035,,AlbertaEmissions|GHG Total|Industrial Process2035
Alberta,Emissions|GHG Total|Industrial Process,Emissions,emissions_total_cumul_net,Economy,,,GHG,Process,2040,,AlbertaEmissions|GHG Total|Industrial Process2040
Alberta,Emissions|GHG Total|Industrial Process,Emissions,emissions_total_cumul_net,Economy,,,GHG,Process,2045,,AlbertaEmissions|GHG Total|Industrial Process2045
Alberta,Emissions|GHG Total|Industrial Process,Emissions,emissions_total_cumul_net,Economy,,,GHG,Process,2050,,AlbertaEmissions|GHG Total|Industrial Process2050
Alberta,Price|Carbon,Price,tax,Economy,,,CO2,Combustion,2015,,AlbertaPrice|Carbon2015
Alberta,Price|Carbon,Price,tax,Economy,,,CO2,Combustion,2020,,AlbertaPrice|Carbon2020
Alberta,Price|Carbon,Price,tax,Economy,,,CO2,Combustion,2025,,AlbertaPrice|Carbon2025
Alberta,Price|Carbon,Price,tax,Economy,,,CO2,Combustion,2030,,AlbertaPrice|Carbon2030
Alberta,Price|Carbon,Price,tax,Economy,,,CO2,Combustion,2035,,AlbertaPrice|Carbon2035
Alberta,Price|Carbon,Price,tax,Economy,,,CO2,Combustion,2040,,AlbertaPrice|Carbon2040
Alberta,Price|Carbon,Price,tax,Economy,,,CO2,Combustion,2045,,AlbertaPrice|Carbon2045
Alberta,Price|Carbon,Price,tax,Economy,,,CO2,Combustion,2050,,AlbertaPrice|Carbon2050
Alberta,Price|Use Final|Biogas,Price,lcc_financial,CIMS,Biogas,,,,2015,,AlbertaPrice|Use Final|Biogas2015
Alberta,Price|Use Final|Biogas,Price,lcc_financial,CIMS,Biogas,,,,2020,,AlbertaPrice|Use Final|Biogas2020
Alberta,Price|Use Final|Biogas,Price,lcc_financial,CIMS,Biogas,,,,2025,,AlbertaPrice|Use Final|Biogas2025
Alberta,Price|Use Final|Biogas,Price,lcc_financial,CIMS,Biogas,,,,2030,,AlbertaPrice|Use Final|Biogas2030
Alberta,Price|Use Final|Biogas,Price,lcc_financial,CIMS,Biogas,,,,2035,,AlbertaPrice|Use Final|Biogas2035
Alberta,Price|Use Final|Biogas,Price,lcc_financial,CIMS,Biogas,,,,2040,,AlbertaPrice|Use Final|Biogas2040
Alberta,Price|Use Final|Biogas,Price,lcc_financial,CIMS,Biogas,,,,2045,,AlbertaPrice|Use Final|Biogas2045
Alberta,Price|Use Final|Biogas,Price,lcc_financial,CIMS,Biogas,,,,2050,,AlbertaPrice|Use Final|Biogas2050
Alberta,Price|Use Final|Biomass Liquids,Price,lcc_financial,Biodiesel,,,,,2015,,AlbertaPrice|Use Final|Biomass Liquids2015
Alberta,Price|Use Final|Biomass Liquids,Price,lcc_financial,Biodiesel,,,,,2020,,AlbertaPrice|Use Final|Biomass Liquids2020
Alberta,Price|Use Final|Biomass Liquids,Price,lcc_financial,Biodiesel,,,,,2025,,AlbertaPrice|Use Final|Biomass Liquids2025
Alberta,Price|Use Final|Biomass Liquids,Price,lcc_financial,Biodiesel,,,,,2030,,AlbertaPrice|Use Final|Biomass Liquids2030
Alberta,Price|Use Final|Biomass Liquids,Price,lcc_financial,Biodiesel,,,,,2035,,AlbertaPrice|Use Final|Biomass Liquids2035
Alberta,Price|Use Final|Biomass Liquids,Price,lcc_financial,Biodiesel,,,,,2040,,AlbertaPrice|Use Final|Biomass Liquids2040
Alberta,Price|Use Final|Biomass Liquids,Price,lcc_financial,Biodiesel,,,,,2045,,AlbertaPrice|Use Final|Biomass Liquids2045
Alberta,Price|Use Final|Biomass Liquids,Price,lcc_financial,Biodiesel,,,,,2050,,AlbertaPrice|Use Final|Biomass Liquids2050
Alberta,Price|Use Final|Biomass Solids,Price,lcc_financial,CIMS,Solid Biomass,,,,2015,,AlbertaPrice|Use Final|Biomass Solids2015
Alberta,Price|Use Final|Biomass Solids,Price,lcc_financial,CIMS,Solid Biomass,,,,2020,,AlbertaPrice|Use Final|Biomass Solids2020
Alberta,Price|Use Final|Biomass Solids,Price,lcc_financial,CIMS,Solid Biomass,,,,2025,,AlbertaPrice|Use Final|Biomass Solids2025
Alberta,Price|Use Final|Biomass Solids,Price,lcc_financial,CIMS,Solid Biomass,,,,2030,,AlbertaPrice|Use Final|Biomass Solids2030
Alberta,Price|Use Final|Biomass Solids,Price,lcc_financial,CIMS,Solid Biomass,,,,2035,,AlbertaPrice|Use Final|Biomass Solids2035
Alberta,Price|Use Final|Biomass Solids,Price,lcc_financial,CIMS,Solid Biomass,,,,2040,,AlbertaPrice|Use Final|Biomass Solids2040
Alberta,Price|Use Final|Biomass Solids,Price,lcc_financial,CIMS,Solid Biomass,,,,2045,,AlbertaPrice|Use Final|Biomass Solids2045
Alberta,Price|Use Final|Biomass Solids,Price,lcc_financial,CIMS,Solid Biomass,,,,2050,,AlbertaPrice|Use Final|Biomass Solids2050
Alberta,Price|Use Final|Electricity,Price,lcc_financial,Electricity,,,,,2015,,AlbertaPrice|Use Final|Electricity2015
Alberta,Price|Use Final|Electricity,Price,lcc_financial,Electricity,,,,,2020,,AlbertaPrice|Use Final|Electricity2020
Alberta,Price|Use Final|Electricity,Price,lcc_financial,Electricity,,,,,2025,,AlbertaPrice|Use Final|Electricity2025
Alberta,Price|Use Final|Electricity,Price,lcc_financial,Electricity,,,,,2030,,AlbertaPrice|Use Final|Electricity2030
Alberta,Price|Use Final|Electricity,Price,lcc_financial,Electricity,,,,,2035,,AlbertaPrice|Use Final|Electricity2035
Alberta,Price|Use Final|Electricity,Price,lcc_financial,Electricity,,,,,2040,,AlbertaPrice|Use Final|Electricity2040
Alberta,Price|Use Final|Electricity,Price,lcc_financial,Electricity,,,,,2045,,AlbertaPrice|Use Final|Electricity2045
Alberta,Price|Use Final|Electricity,Price,lcc_financial,Electricity,,,,,2050,,AlbertaPrice|Use Final|Electricity2050
Alberta,Price|Use Final|Gas,Price,lcc_financial,CIMS,Natural Gas,,,,2015,,AlbertaPrice|Use Final|Gas2015
Alberta,Price|Use Final|Gas,Price,lcc_financial,CIMS,Natural Gas,,,,2020,,AlbertaPrice|Use Final|Gas2020
Alberta,Price|Use Final|Gas,Price,lcc_financial,CIMS,Natural Gas,,,,2025,,AlbertaPrice|Use Final|Gas2025
Alberta,Price|Use Final|Gas,Price,lcc_financial,CIMS,Natural Gas,,,,2030,,AlbertaPrice|Use Final|Gas2030
Alberta,Price|Use Final|Gas,Price,lcc_financial,CIMS,Natural Gas,,,,2035,,AlbertaPrice|Use Final|Gas2035
Alberta,Price|Use Final|Gas,Price,lcc_financial,CIMS,Natural Gas,,,,2040,,AlbertaPrice|Use Final|Gas2040
Alberta,Price|Use Final|Gas,Price,lcc_financial,CIMS,Natural Gas,,,,2045,,AlbertaPrice|Use Final|Gas2045
Alberta,Price|Use Final|Gas,Price,lcc_financial,CIMS,Natural Gas,,,,2050,,AlbertaPrice|Use Final|Gas2050
Alberta,Price|Use Final|Hydrogen,Price,lcc_financial,Hydrogen,,,,,2015,,AlbertaPrice|Use Final|Hydrogen2015
Alberta,Price|Use Final|Hydrogen,Price,lcc_financial,Hydrogen,,,,,2020,,AlbertaPrice|Use Final|Hydrogen2020
Alberta,Price|Use Final|Hydrogen,Price,lcc_financial,Hydrogen,,,,,2025,,AlbertaPrice|Use Final|Hydrogen2025
Alberta,Price|Use Final|Hydrogen,Price,lcc_financial,Hydrogen,,,,,2030,,AlbertaPrice|Use Final|Hydrogen2030
Alberta,Price|Use Final|Hydrogen,Price,lcc_financial,Hydrogen,,,,,2035,,AlbertaPrice|Use Final|Hydrogen2035
Alberta,Price|Use Final|Hydrogen,Price,lcc_financial,Hydrogen,,,,,2040,,AlbertaPrice|Use Final|Hydrogen2040
Alberta,Price|Use Final|Hydrogen,Price,lcc_financial,Hydrogen,,,,,2045,,AlbertaPrice|Use Final|Hydrogen2045
Alberta,Price|Use Final|Hydrogen,Price,lcc_financial,Hydrogen,,,,,2050,,AlbertaPrice|Use Final|Hydrogen2050
Alberta,Price|Use Final|Oil,Price,lcc_financial,CIMS,Diesel,,,,2015,,AlbertaPrice|Use Final|Oil2015
Alberta,Price|Use Final|Oil,Price,lcc_financial,CIMS,Diesel,,,,2020,,AlbertaPrice|Use Final|Oil2020
Alberta,Price|Use Final|Oil,Price,lcc_financial,CIMS,Diesel,,,,2025,,AlbertaPrice|Use Final|Oil2025
Alberta,Price|Use Final|Oil,Price,lcc_financial,CIMS,Diesel,,,,2030,,AlbertaPrice|Use Final|Oil2030
Alberta,Price|Use Final|Oil,Price,lcc_financial,CIMS,Diesel,,,,2035,,AlbertaPrice|Use Final|Oil2035
Alberta,Price|Use Final|Oil,Price,lcc_financial,CIMS,Diesel,,,,2040,,AlbertaPrice|Use Final|Oil2040
Alberta,Price|Use Final|Oil,Price,lcc_financial,CIMS,Diesel,,,,2045,,AlbertaPrice|Use Final|Oil2045
Alberta,Price|Use Final|Oil,Price,lcc_financial,CIMS,Diesel,,,,2050,,AlbertaPrice|Use Final|Oil2050
Alberta,Price no ctax|Use Final|Biogas,Price,lcc_financial,CIMS,Biogas,,,,2015,,AlbertaPrice no ctax|Use Final|Biogas2015
Alberta,Price no ctax|Use Final|Biogas,Price,lcc_financial,CIMS,Biogas,,,,2020,,AlbertaPrice no ctax|Use Final|Biogas2020
Alberta,Price no ctax|Use Final|Biogas,Price,lcc_financial,CIMS,Biogas,,,,2025,,AlbertaPrice no ctax|Use Final|Biogas2025
Alberta,Price no ctax|Use Final|Biogas,Price,lcc_financial,CIMS,Biogas,,,,2030,,AlbertaPrice no ctax|Use Final|Biogas2030
Alberta,Price no ctax|Use Final|Biogas,Price,lcc_financial,CIMS,Biogas,,,,2035,,AlbertaPrice no ctax|Use Final|Biogas2035
Alberta,Price no ctax|Use Final|Biogas,Price,lcc_financial,CIMS,Biogas,,,,2040,,AlbertaPrice no ctax|Use Final|Biogas2040
Alberta,Price no ctax|Use Final|Biogas,Price,lcc_financial,CIMS,Biogas,,,,2045,,AlbertaPrice no ctax|Use Final|Biogas2045
Alberta,Price no ctax|Use Final|Biogas,Price,lcc_financial,CIMS,Biogas,,,,2050,,AlbertaPrice no ctax|Use Final|Biogas2050
Alberta,Price no ctax|Use Final|Biomass Liquids,Price,lcc_financial,Biodiesel,,,,,2015,,AlbertaPrice no ctax|Use Final|Biomass Liquids2015
Alberta,Price no ctax|Use Final|Biomass Liquids,Price,lcc_financial,Biodiesel,,,,,2020,,AlbertaPrice no ctax|Use Final|Biomass Liquids2020
Alberta,Price no ctax|Use Final|Biomass Liquids,Price,lcc_financial,Biodiesel,,,,,2025,,AlbertaPrice no ctax|Use Final|Biomass Liquids2025
Alberta,Price no ctax|Use Final|Biomass Liquids,Price,lcc_financial,Biodiesel,,,,,2030,,AlbertaPrice no ctax|Use Final|Biomass Liquids2030
Alberta,Price no ctax|Use Final|Biomass Liquids,Price,lcc_financial,Biodiesel,,,,,2035,,AlbertaPrice no ctax|Use Final|Biomass Liquids2035
Alberta,Price no ctax|Use Final|Biomass Liquids,Price,lcc_financial,Biodiesel,,,,,2040,,AlbertaPrice no ctax|Use Final|Biomass Liquids2040
Alberta,Price no ctax|Use Final|Biomass Liquids,Price,lcc_financial,Biodiesel,,,,,2045,,AlbertaPrice no ctax|Use Final|Biomass Liquids2045
Alberta,Price no ctax|Use Final|Biomass Liquids,Price,lcc_financial,Biodiesel,,,,,2050,,AlbertaPrice no ctax|Use Final|Biomass Liquids2050
Alberta,Price no ctax|Use Final|Biomass Solids,Price,lcc_financial,CIMS,Solid Biomass,,,,2015,,AlbertaPrice no ctax|Use Final|Biomass Solids2015
Alberta,Price no ctax|Use Final|Biomass Solids,Price,lcc_financial,CIMS,Solid Biomass,,,,2020,,AlbertaPrice no ctax|Use Final|Biomass Solids2020
Alberta,Price no ctax|Use Final|Biomass Solids,Price,lcc_financial,CIMS,Solid Biomass,,,,2025,,AlbertaPrice no ctax|Use Final|Biomass Solids2025
Alberta,Price no ctax|Use Final|Biomass Solids,Price,lcc_financial,CIMS,Solid Biomass,,,,2030,,AlbertaPrice no ctax|Use Final|Biomass Solids2030
Alberta,Price no ctax|Use Final|Biomass Solids,Price,lcc_financial,CIMS,Solid Biomass,,,,2035,,AlbertaPrice no ctax|Use Final|Biomass Solids2035
Alberta,Price no ctax|Use Final|Biomass Solids,Price,lcc_financial,CIMS,Solid Biomass,,,,2040,,AlbertaPrice no ctax|Use Final|Biomass Solids2040
Alberta,Price no ctax|Use Final|Biomass Solids,Price,lcc_financial,CIMS,Solid Biomass,,,,2045,,AlbertaPrice no ctax|Use Final|Biomass Solids2045
Alberta,Price no ctax|Use Final|Biomass Solids,Price,lcc_financial,CIMS,Solid Biomass,,,,2050,,AlbertaPrice no ctax|Use Final|Biomass Solids2050
Alberta,Price no ctax|Use Final|Electricity,Price,lcc_financial,Electricity,,,,,2015,,AlbertaPrice no ctax|Use Final|Electricity2015
Alberta,Price no ctax|Use Final|Electricity,Price,lcc_financial,Electricity,,,,,2020,,AlbertaPrice no ctax|Use Final|Electricity2020
Alberta,Price no ctax|Use Final|Electricity,Price,lcc_financial,Electricity,,,,,2025,,AlbertaPrice no ctax|Use Final|Electricity2025
Alberta,Price no ctax|Use Final|Electricity,Price,lcc_financial,Electricity,,,,,2030,,AlbertaPrice no ctax|Use Final|Electricity2030
Alberta,Price no ctax|Use Final|Electricity,Price,lcc_financial,Electricity,,,,,2035,,AlbertaPrice no ctax|Use Final|Electricity2035
Alberta,Price no ctax|Use Final|Electricity,Price,lcc_financial,Electricity,,,,,2040,,AlbertaPrice no ctax|Use Final|Electricity2040
Alberta,Price no ctax|Use Final|Electricity,Price,lcc_financial,Electricity,,,,,2045,,AlbertaPrice no ctax|Use Final|Electricity2045
Alberta,Price no ctax|Use Final|Electricity,Price,lcc_financial,Electricity,,,,,2050,,AlbertaPrice no ctax|Use Final|Electricity2050
Alberta,Price no ctax|Use Final|Gas,Price,lcc_financial,CIMS,Natural Gas,,,,2015,,AlbertaPrice no ctax|Use Final|Gas2015
Alberta,Price no ctax|Use Final|Gas,Price,lcc_financial,CIMS,Natural Gas,,,,2020,,AlbertaPrice no ctax|Use Final|Gas2020
Alberta,Price no ctax|Use Final|Gas,Price,lcc_financial,CIMS,Natural Gas,,,,2025,,AlbertaPrice no ctax|Use Final|Gas2025
Alberta,Price no ctax|Use Final|Gas,Price,lcc_financial,CIMS,Natural Gas,,,,2030,,AlbertaPrice no ctax|Use Final|Gas2030
Alberta,Price no ctax|Use Final|Gas,Price,lcc_financial,CIMS,Natural Gas,,,,2035,,AlbertaPrice no ctax|Use Final|Gas2035
Alberta,Price no ctax|Use Final|Gas,Price,lcc_financial,CIMS,Natural Gas,,,,2040,,AlbertaPrice no ctax|Use Final|Gas2040
Alberta,Price no ctax|Use Final|Gas,Price,lcc_financial,CIMS,Natural Gas,,,,2045,,AlbertaPrice no ctax|Use Final|Gas2045
Alberta,Price no ctax|Use Final|Gas,Price,lcc_financial,CIMS,Natural Gas,,,,2050,,AlbertaPrice no ctax|Use Final|Gas2050
Alberta,Price no ctax|Use Final|Hydrogen,Price,lcc_financial,Hydrogen,,,,,2015,,AlbertaPrice no ctax|Use Final|Hydrogen2015
Alberta,Price no ctax|Use Final|Hydrogen,Price,lcc_financial,Hydrogen,,,,,2020,,AlbertaPrice no ctax|Use Final|Hydrogen2020
Alberta,Price no ctax|Use Final|Hydrogen,Price,lcc_financial,Hydrogen,,,,,2025,,AlbertaPrice no ctax|Use Final|Hydrogen2025
Alberta,Price no ctax|Use Final|Hydrogen,Price,lcc_financial,Hydrogen,,,,,2030,,AlbertaPrice no ctax|Use Final|Hydrogen2030
Alberta,Price no ctax|Use Final|Hydrogen,Price,lcc_financial,Hydrogen,,,,,2035,,AlbertaPrice no ctax|Use Final|Hydrogen2035
Alberta,Price no ctax|Use Final|Hydrogen,Price,lcc_financial,Hydrogen,,,,,2040,,AlbertaPrice no ctax|Use Final|Hydrogen2040
Alberta,Price no ctax|Use Final|Hydrogen,Price,lcc_financial,Hydrogen,,,,,2045,,AlbertaPrice no ctax|Use Final|Hydrogen2045
Alberta,Price no ctax|Use Final|Hydrogen,Price,lcc_financial,Hydrogen,,,,,2050,,AlbertaPrice no ctax|Use Final|Hydrogen2050
Alberta,Price no ctax|Use Final|Oil,Price,lcc_financial,CIMS,Diesel,,,,2015,,AlbertaPrice no ctax|Use Final|Oil2015
Alberta,Price no ctax|Use Final|Oil,Price,lcc_financial,CIMS,Diesel,,,,2020,,AlbertaPrice no ctax|Use Final|Oil2020
Alberta,Price no ctax|Use Final|Oil,Price,lcc_financial,CIMS,Diesel,,,,2025,,AlbertaPrice no ctax|Use Final|Oil2025
Alberta,Price no ctax|Use Final|Oil,Price,lcc_financial,CIMS,Diesel,,,,2030,,AlbertaPrice no ctax|Use Final|Oil2030
Alberta,Price no ctax|Use Final|Oil,Price,lcc_financial,CIMS,Diesel,,,,2035,,AlbertaPrice no ctax|Use Final|Oil2035
Alberta,Price no ctax|Use Final|Oil,Price,lcc_financial,CIMS,Diesel,,,,2040,,AlbertaPrice no ctax|Use Final|Oil2040
Alberta,Price no ctax|Use Final|Oil,Price,lcc_financial,CIMS,Diesel,,,,2045,,AlbertaPrice no ctax|Use Final|Oil2045
Alberta,Price no ctax|Use Final|Oil,Price,lcc_financial,CIMS,Diesel,,,,2050,,AlbertaPrice no ctax|Use Final|Oil2050
Alberta,Price|Use Primary|Biomass,Price,lcc_financial,CIMS,Solid Biomass,,,,2015,,AlbertaPrice|Use Primary|Biomass2015
Alberta,Price|Use Primary|Biomass,Price,lcc_financial,CIMS,Solid Biomass,,,,2020,,AlbertaPrice|Use Primary|Biomass2020
Alberta,Price|Use Primary|Biomass,Price,lcc_financial,CIMS,Solid Biomass,,,,2025,,AlbertaPrice|Use Primary|Biomass2025
Alberta,Price|Use Primary|Biomass,Price,lcc_financial,CIMS,Solid Biomass,,,,2030,,AlbertaPrice|Use Primary|Biomass2030
Alberta,Price|Use Primary|Biomass,Price,lcc_financial,CIMS,Solid Biomass,,,,2035,,AlbertaPrice|Use Primary|Biomass2035
Alberta,Price|Use Primary|Biomass,Price,lcc_financial,CIMS,Solid Biomass,,,,2040,,AlbertaPrice|Use Primary|Biomass2040
Alberta,Price|Use Primary|Biomass,Price,lcc_financial,CIMS,Solid Biomass,,,,2045,,AlbertaPrice|Use Primary|Biomass2045
Alberta,Price|Use Primary|Biomass,Price,lcc_financial,CIMS,Solid Biomass,,,,2050,,AlbertaPrice|Use Primary|Biomass2050
Alberta,Price|Use Primary|Coal,Price,lcc_financial,CIMS,Thermal Coal,,,,2015,,AlbertaPrice|Use Primary|Coal2015
Alberta,Price|Use Primary|Coal,Price,lcc_financial,CIMS,Thermal Coal,,,,2020,,AlbertaPrice|Use Primary|Coal2020
Alberta,Price|Use Primary|Coal,Price,lcc_financial,CIMS,Thermal Coal,,,,2025,,AlbertaPrice|Use Primary|Coal2025
Alberta,Price|Use Primary|Coal,Price,lcc_financial,CIMS,Thermal Coal,,,,2030,,AlbertaPrice|Use Primary|Coal2030
Alberta,Price|Use Primary|Coal,Price,lcc_financial,CIMS,Thermal Coal,,,,2035,,AlbertaPrice|Use Primary|Coal2035
Alberta,Price|Use Primary|Coal,Price,lcc_financial,CIMS,Thermal Coal,,,,2040,,AlbertaPrice|Use Primary|Coal2040
Alberta,Price|Use Primary|Coal,Price,lcc_financial,CIMS,Thermal Coal,,,,2045,,AlbertaPrice|Use Primary|Coal2045
Alberta,Price|Use Primary|Coal,Price,lcc_financial,CIMS,Thermal Coal,,,,2050,,AlbertaPrice|Use Primary|Coal2050
Alberta,Price|Use Primary|Gas,Price,lcc_financial,CIMS,Natural Gas,,,,2015,,AlbertaPrice|Use Primary|Gas2015
Alberta,Price|Use Primary|Gas,Price,lcc_financial,CIMS,Natural Gas,,,,2020,,AlbertaPrice|Use Primary|Gas2020
Alberta,Price|Use Primary|Gas,Price,lcc_financial,CIMS,Natural Gas,,,,2025,,AlbertaPrice|Use Primary|Gas2025
Alberta,Price|Use Primary|Gas,Price,lcc_financial,CIMS,Natural Gas,,,,2030,,AlbertaPrice|Use Primary|Gas2030
Alberta,Price|Use Primary|Gas,Price,lcc_financial,CIMS,Natural Gas,,,,2035,,AlbertaPrice|Use Primary|Gas2035
Alberta,Price|Use Primary|Gas,Price,lcc_financial,CIMS,Natural Gas,,,,2040,,AlbertaPrice|Use Primary|Gas2040
Alberta,Price|Use Primary|Gas,Price,lcc_financial,CIMS,Natural Gas,,,,2045,,AlbertaPrice|Use Primary|Gas2045
Alberta,Price|Use Primary|Gas,Price,lcc_financial,CIMS,Natural Gas,,,,2050,,AlbertaPrice|Use Primary|Gas2050
Alberta,Production Primary|Coal,Production,quantity_provided,Coal Production,,,,,2015,,AlbertaProduction Primary|Coal2015
Alberta,Production Primary|Coal,Production,quantity_provided,Coal Production,,,,,2020,,AlbertaProduction Primary|Coal2020
Alberta,Production Primary|Coal,Production,quantity_provided,Coal Production,,,,,2025,,AlbertaProduction Primary|Coal2025
Alberta,Production Primary|Coal,Production,quantity_provided,Coal Production,,,,,2030,,AlbertaProduction Primary|Coal2030
Alberta,Production Primary|Coal,Production,quantity_provided,Coal Production,,,,,2035,,AlbertaProduction Primary|Coal2035
Alberta,Production Primary|Coal,Production,quantity_provided,Coal Production,,,,,2040,,AlbertaProduction Primary|Coal2040
Alberta,Production Primary|Coal,Production,quantity_provided,Coal Production,,,,,2045,,AlbertaProduction Primary|Coal2045
Alberta,Production Primary|Coal,Production,quantity_provided,Coal Production,,,,,2050,,AlbertaProduction Primary|Coal2050
Alberta,Production Primary|Gas,Production,quantity_provided,Natural Gas Production,,,,,2015,,AlbertaProduction Primary|Gas2015
Alberta,Production Primary|Gas,Production,quantity_provided,Natural Gas Production,,,,,2020,,AlbertaProduction Primary|Gas2020
Alberta,Production Primary|Gas,Production,quantity_provided,Natural Gas Production,,,,,2025,,AlbertaProduction Primary|Gas2025
Alberta,Production Primary|Gas,Production,quantity_provided,Natural Gas Production,,,,,2030,,AlbertaProduction Primary|Gas2030
Alberta,Production Primary|Gas,Production,quantity_provided,Natural Gas Production,,,,,2035,,AlbertaProduction Primary|Gas2035
Alberta,Production Primary|Gas,Production,quantity_provided,Natural Gas Production,,,,,2040,,AlbertaProduction Primary|Gas2040
Alberta,Production Primary|Gas,Production,quantity_provided,Natural Gas Production,,,,,2045,,AlbertaProduction Primary|Gas2045
Alberta,Production Primary|Gas,Production,quantity_provided,Natural Gas Production,,,,,2050,,AlbertaProduction Primary|Gas2050
Alberta,Production Primary|Oil,Production,quantity_provided,Crude Oil Production,,,,,2015,,AlbertaProduction Primary|Oil2015
Alberta,Production Primary|Oil,Production,quantity_provided,Crude Oil Production,,,,,2020,,AlbertaProduction Primary|Oil2020
Alberta,Production Primary|Oil,Production,quantity_provided,Crude Oil Production,,,,,2025,,AlbertaProduction Primary|Oil2025
Alberta,Production Primary|Oil,Production,quantity_provided,Crude Oil Production,,,,,2030,,AlbertaProduction Primary|Oil2030
Alberta,Production Primary|Oil,Production,quantity_provided,Crude Oil Production,,,,,2035,,AlbertaProduction Primary|Oil2035
Alberta,Production Primary|Oil,Production,quantity_provided,Crude Oil Production,,,,,2040,,AlbertaProduction Primary|Oil2040
Alberta,Production Primary|Oil,Production,quantity_provided,Crude Oil Production,,,,,2045,,AlbertaProduction Primary|Oil2045
Alberta,Production Primary|Oil,Production,quantity_provided,Crude Oil Production,,,,,2050,,AlbertaProduction Primary|Oil2050
Alberta,Production Secondary|Biogas,Production,quantity_provided,CIMS,Biogas,,,,2015,,AlbertaProduction Secondary|Biogas2015
Alberta,Production Secondary|Biogas,Production,quantity_provided,CIMS,Biogas,,,,2020,,AlbertaProduction Secondary|Biogas2020
Alberta,Production Secondary|Biogas,Production,quantity_provided,CIMS,Biogas,,,,2025,,AlbertaProduction Secondary|Biogas2025
Alberta,Production Secondary|Biogas,Production,quantity_provided,CIMS,Biogas,,,,2030,,AlbertaProduction Secondary|Biogas2030
Alberta,Production Secondary|Biogas,Production,quantity_provided,CIMS,Biogas,,,,2035,,AlbertaProduction Secondary|Biogas2035
Alberta,Production Secondary|Biogas,Production,quantity_provided,CIMS,Biogas,,,,2040,,AlbertaProduction Secondary|Biogas2040
Alberta,Production Secondary|Biogas,Production,quantity_provided,CIMS,Biogas,,,,2045,,AlbertaProduction Secondary|Biogas2045
Alberta,Production Secondary|Biogas,Production,quantity_provided,CIMS,Biogas,,,,2050,,AlbertaProduction Secondary|Biogas2050
Alberta,Production Secondary|Biomass Liquids,Production,quantity_provided,Biofuels,,,,,2015,,AlbertaProduction Secondary|Biomass Liquids2015
Alberta,Production Secondary|Biomass Liquids,Production,quantity_provided,Biofuels,,,,,2020,,AlbertaProduction Secondary|Biomass Liquids2020
Alberta,Production Secondary|Biomass Liquids,Production,quantity_provided,Biofuels,,,,,2025,,AlbertaProduction Secondary|Biomass Liquids2025
Alberta,Production Secondary|Biomass Liquids,Production,quantity_provided,Biofuels,,,,,2030,,AlbertaProduction Secondary|Biomass Liquids2030
Alberta,Production Secondary|Biomass Liquids,Production,quantity_provided,Biofuels,,,,,2035,,AlbertaProduction Secondary|Biomass Liquids2035
Alberta,Production Secondary|Biomass Liquids,Production,quantity_provided,Biofuels,,,,,2040,,AlbertaProduction Secondary|Biomass Liquids2040
Alberta,Production Secondary|Biomass Liquids,Production,quantity_provided,Biofuels,,,,,2045,,AlbertaProduction Secondary|Biomass Liquids2045
Alberta,Production Secondary|Biomass Liquids,Production,quantity_provided,Biofuels,,,,,2050,,AlbertaProduction Secondary|Biomass Liquids2050
Alberta,Production Secondary|Electricity,Production,quantity_requested,Economy,Electricity,,,,2015,,AlbertaProduction Secondary|Electricity2015
Alberta,Production Secondary|Electricity,Production,quantity_requested,Economy,Electricity,,,,2020,,AlbertaProduction Secondary|Electricity2020
Alberta,Production Secondary|Electricity,Production,quantity_requested,Economy,Electricity,,,,2025,,AlbertaProduction Secondary|Electricity2025
Alberta,Production Secondary|Electricity,Production,quantity_requested,Economy,Electricity,,,,2030,,AlbertaProduction Secondary|Electricity2030
Alberta,Production Secondary|Electricity,Production,quantity_requested,Economy,Electricity,,,,2035,,AlbertaProduction Secondary|Electricity2035
Alberta,Production Secondary|Electricity,Production,quantity_requested,Economy,Electricity,,,,2040,,AlbertaProduction Secondary|Electricity2040
Alberta,Production Secondary|Electricity,Production,quantity_requested,Economy,Electricity,,,,2045,,AlbertaProduction Secondary|Electricity2045
Alberta,Production Secondary|Electricity,Production,quantity_requested,Economy,Electricity,,,,2050,,AlbertaProduction Secondary|Electricity2050
Alberta,Production Secondary|Electricity|DER,Production,quantity_distributed,Economy,Electricity,,,,2015,,AlbertaProduction Secondary|Electricity|DER2015
Alberta,Production Secondary|Electricity|DER,Production,quantity_distributed,Economy,Electricity,,,,2020,,AlbertaProduction Secondary|Electricity|DER2020
Alberta,Production Secondary|Electricity|DER,Production,quantity_distributed,Economy,Electricity,,,,2025,,AlbertaProduction Secondary|Electricity|DER2025
Alberta,Production Secondary|Electricity|DER,Production,quantity_distributed,Economy,Electricity,,,,2030,,AlbertaProduction Secondary|Electricity|DER2030
Alberta,Production Secondary|Electricity|DER,Production,quantity_distributed,Economy,Electricity,,,,2035,,AlbertaProduction Secondary|Electricity|DER2035
Alberta,Production Secondary|Electricity|DER,Production,quantity_distributed,Economy,Electricity,,,,2040,,AlbertaProduction Secondary|Electricity|DER2040
Alberta,Production Secondary|Electricity|DER,Production,quantity_distributed,Economy,Electricity,,,,2045,,AlbertaProduction Secondary|Electricity|DER2045
Alberta,Production Secondary|Electricity|DER,Production,quantity_distributed,Economy,Electricity,,,,2050,,AlbertaProduction Secondary|Electricity|DER2050
Alberta,Production Secondary|Electricity|DER|CHP,Production,quantity_distributed,Economy,Electricity,,,,2015,,AlbertaProduction Secondary|Electricity|DER|CHP2015
Alberta,Production Secondary|Electricity|DER|CHP,Production,quantity_distributed,Economy,Electricity,,,,2020,,AlbertaProduction Secondary|Electricity|DER|CHP2020
Alberta,Production Secondary|Electricity|DER|CHP,Production,quantity_distributed,Economy,Electricity,,,,2025,,AlbertaProduction Secondary|Electricity|DER|CHP2025
Alberta,Production Secondary|Electricity|DER|CHP,Production,quantity_distributed,Economy,Electricity,,,,2030,,AlbertaProduction Secondary|Electricity|DER|CHP2030
Alberta,Production Secondary|Electricity|DER|CHP,Production,quantity_distributed,Economy,Electricity,,,,2035,,AlbertaProduction Secondary|Electricity|DER|CHP2035
Alberta,Production Secondary|Electricity|DER|CHP,Production,quantity_distributed,Economy,Electricity,,,,2040,,AlbertaProduction Secondary|Electricity|DER|CHP2040
Alberta,Production Secondary|Electricity|DER|CHP,Production,quantity_distributed,Economy,Electricity,,,,2045,,AlbertaProduction Secondary|Electricity|DER|CHP2045
Alberta,Production Secondary|Electricity|DER|CHP,Production,quantity_distributed,Economy,Electricity,,,,2050,,AlbertaProduction Secondary|Electricity|DER|CHP2050
Alberta,Production Secondary|Electricity|Geothermal,Production,stock_total,Electricity,,Geoexchange,,,2015,,AlbertaProduction Secondary|Electricity|Geothermal2015
Alberta,Production Secondary|Electricity|Geothermal,Production,stock_total,Electricity,,Geoexchange,,,2020,,AlbertaProduction Secondary|Electricity|Geothermal2020
Alberta,Production Secondary|Electricity|Geothermal,Production,stock_total,Electricity,,Geoexchange,,,2025,,AlbertaProduction Secondary|Electricity|Geothermal2025
Alberta,Production Secondary|Electricity|Geothermal,Production,stock_total,Electricity,,Geoexchange,,,2030,,AlbertaProduction Secondary|Electricity|Geothermal2030
Alberta,Production Secondary|Electricity|Geothermal,Production,stock_total,Electricity,,Geoexchange,,,2035,,AlbertaProduction Secondary|Electricity|Geothermal2035
Alberta,Production Secondary|Electricity|Geothermal,Production,stock_total,Electricity,,Geoexchange,,,2040,,AlbertaProduction Secondary|Electricity|Geothermal2040
Alberta,Production Secondary|Electricity|Geothermal,Production,stock_total,Electricity,,Geoexchange,,,2045,,AlbertaProduction Secondary|Electricity|Geothermal2045
Alberta,Production Secondary|Electricity|Geothermal,Production,stock_total,Electricity,,Geoexchange,,,2050,,AlbertaProduction Secondary|Electricity|Geothermal2050
Alberta,Production Secondary|Electricity|Hydro,Production,stock_total,Electricity,,Hydro,,,2015,,AlbertaProduction Secondary|Electricity|Hydro2015
Alberta,Production Secondary|Electricity|Hydro,Production,stock_total,Electricity,,Hydro,,,2020,,AlbertaProduction Secondary|Electricity|Hydro2020
Alberta,Production Secondary|Electricity|Hydro,Production,stock_total,Electricity,,Hydro,,,2025,,AlbertaProduction Secondary|Electricity|Hydro2025
Alberta,Production Secondary|Electricity|Hydro,Production,stock_total,Electricity,,Hydro,,,2030,,AlbertaProduction Secondary|Electricity|Hydro2030
Alberta,Production Secondary|Electricity|Hydro,Production,stock_total,Electricity,,Hydro,,,2035,,AlbertaProduction Secondary|Electricity|Hydro2035
Alberta,Production Secondary|Electricity|Hydro,Production,stock_total,Electricity,,Hydro,,,2040,,AlbertaProduction Secondary|Electricity|Hydro2040
Alberta,Production Secondary|Electricity|Hydro,Production,stock_total,Electricity,,Hydro,,,2045,,AlbertaProduction Secondary|Electricity|Hydro2045
Alberta,Production Secondary|Electricity|Hydro,Production,stock_total,Electricity,,Hydro,,,2050,,AlbertaProduction Secondary|Electricity|Hydro2050
Alberta,Production Secondary|Electricity|Nuclear,Production,stock_total,Electricity,,Nuclear,,,2015,,AlbertaProduction Secondary|Electricity|Nuclear2015
Alberta,Production Secondary|Electricity|Nuclear,Production,stock_total,Electricity,,Nuclear,,,2020,,AlbertaProduction Secondary|Electricity|Nuclear2020
Alberta,Production Secondary|Electricity|Nuclear,Production,stock_total,Electricity,,Nuclear,,,2025,,AlbertaProduction Secondary|Electricity|Nuclear2025
Alberta,Production Secondary|Electricity|Nuclear,Production,stock_total,Electricity,,Nuclear,,,2030,,AlbertaProduction Secondary|Electricity|Nuclear2030
Alberta,Production Secondary|Electricity|Nuclear,Production,stock_total,Electricity,,Nuclear,,,2035,,AlbertaProduction Secondary|Electricity|Nuclear2035
Alberta,Production Secondary|Electricity|Nuclear,Production,stock_total,Electricity,,Nuclear,,,2040,,AlbertaProduction Secondary|Electricity|Nuclear2040
Alberta,Production Secondary|Electricity|Nuclear,Production,stock_total,Electricity,,Nuclear,,,2045,,AlbertaProduction Secondary|Electricity|Nuclear2045
Alberta,Production Secondary|Electricity|Nuclear,Production,stock_total,Electricity,,Nuclear,,,2050,,AlbertaProduction Secondary|Electricity|Nuclear2050
Alberta,Production Secondary|Electricity|Oil,Production,stock_total,Electricity,,Fuel Oil,,,2015,,AlbertaProduction Secondary|Electricity|Oil2015
Alberta,Production Secondary|Electricity|Oil,Production,stock_total,Electricity,,Fuel Oil,,,2020,,AlbertaProduction Secondary|Electricity|Oil2020
Alberta,Production Secondary|Electricity|Oil,Production,stock_total,Electricity,,Fuel Oil,,,2025,,AlbertaProduction Secondary|Electricity|Oil2025
Alberta,Production Secondary|Electricity|Oil,Production,stock_total,Electricity,,Fuel Oil,,,2030,,AlbertaProduction Secondary|Electricity|Oil2030
Alberta,Production Secondary|Electricity|Oil,Production,stock_total,Electricity,,Fuel Oil,,,2035,,AlbertaProduction Secondary|Electricity|Oil2035
Alberta,Production Secondary|Electricity|Oil,Production,stock_total,Electricity,,Fuel Oil,,,2040,,AlbertaProduction Secondary|Electricity|Oil2040
Alberta,Production Secondary|Electricity|Oil,Production,stock_total,Electricity,,Fuel Oil,,,2045,,AlbertaProduction Secondary|Electricity|Oil2045
Alberta,Production Secondary|Electricity|Oil,Production,stock_total,Electricity,,Fuel Oil,,,2050,,AlbertaProduction Secondary|Electricity|Oil2050
Alberta,Production Secondary|Electricity|Solar,Production,stock_total,Electricity,,Solar,,,2015,,AlbertaProduction Secondary|Electricity|Solar2015
Alberta,Production Secondary|Electricity|Solar,Production,stock_total,Electricity,,Solar,,,2020,,AlbertaProduction Secondary|Electricity|Solar2020
Alberta,Production Secondary|Electricity|Solar,Production,stock_total,Electricity,,Solar,,,2025,,AlbertaProduction Secondary|Electricity|Solar2025
Alberta,Production Secondary|Electricity|Solar,Production,stock_total,Electricity,,Solar,,,2030,,AlbertaProduction Secondary|Electricity|Solar2030
Alberta,Production Secondary|Electricity|Solar,Production,stock_total,Electricity,,Solar,,,2035,,AlbertaProduction Secondary|Electricity|Solar2035
Alberta,Production Secondary|Electricity|Solar,Production,stock_total,Electricity,,Solar,,,2040,,AlbertaProduction Secondary|Electricity|Solar2040
Alberta,Production Secondary|Electricity|Solar,Production,stock_total,Electricity,,Solar,,,2045,,AlbertaProduction Secondary|Electricity|Solar2045
Alberta,Production Secondary|Electricity|Solar,Production,stock_total,Electricity,,Solar,,,2050,,AlbertaProduction Secondary|Electricity|Solar2050
Alberta,Production Secondary|Electricity|Wind,Production,stock_total,Electricity,,Wind,,,2015,,AlbertaProduction Secondary|Electricity|Wind2015
Alberta,Production Secondary|Electricity|Wind,Production,stock_total,Electricity,,Wind,,,2020,,AlbertaProduction Secondary|Electricity|Wind2020
Alberta,Production Secondary|Electricity|Wind,Production,stock_total,Electricity,,Wind,,,2025,,AlbertaProduction Secondary|Electricity|Wind2025
Alberta,Production Secondary|Electricity|Wind,Production,stock_total,Electricity,,Wind,,,2030,,AlbertaProduction Secondary|Electricity|Wind2030
Alberta,Production Secondary|Electricity|Wind,Production,stock_total,Electricity,,Wind,,,2035,,AlbertaProduction Secondary|Electricity|Wind2035
Alberta,Production Secondary|Electricity|Wind,Production,stock_total,Electricity,,Wind,,,2040,,AlbertaProduction Secondary|Electricity|Wind2040
Alberta,Production Secondary|Electricity|Wind,Production,stock_total,Electricity,,Wind,,,2045,,AlbertaProduction Secondary|Electricity|Wind2045
Alberta,Production Secondary|Electricity|Wind,Production,stock_total,Electricity,,Wind,,,2050,,AlbertaProduction Secondary|Electricity|Wind2050
Alberta,Production Secondary|Hydrogen,Production,quantity_provided,Hydrogen,,,,,2015,,AlbertaProduction Secondary|Hydrogen2015
Alberta,Production Secondary|Hydrogen,Production,quantity_provided,Hydrogen,,,,,2020,,AlbertaProduction Secondary|Hydrogen2020
Alberta,Production Secondary|Hydrogen,Production,quantity_provided,Hydrogen,,,,,2025,,AlbertaProduction Secondary|Hydrogen2025
Alberta,Production Secondary|Hydrogen,Production,quantity_provided,Hydrogen,,,,,2030,,AlbertaProduction Secondary|Hydrogen2030
Alberta,Production Secondary|Hydrogen,Production,quantity_provided,Hydrogen,,,,,2035,,AlbertaProduction Secondary|Hydrogen2035
Alberta,Production Secondary|Hydrogen,Production,quantity_provided,Hydrogen,,,,,2040,,AlbertaProduction Secondary|Hydrogen2040
Alberta,Production Secondary|Hydrogen,Production,quantity_provided,Hydrogen,,,,,2045,,AlbertaProduction Secondary|Hydrogen2045
Alberta,Production Secondary|Hydrogen,Production,quantity_provided,Hydrogen,,,,,2050,,AlbertaProduction Secondary|Hydrogen2050
Alberta,Production Secondary|Refined Petroleum Products,Production,quantity_provided,Petroleum Refining,,,,,2015,,AlbertaProduction Secondary|Refined Petroleum Products2015
Alberta,Production Secondary|Refined Petroleum Products,Production,quantity_provided,Petroleum Refining,,,,,2020,,AlbertaProduction Secondary|Refined Petroleum Products2020
Alberta,Production Secondary|Refined Petroleum Products,Production,quantity_provided,Petroleum Refining,,,,,2025,,AlbertaProduction Secondary|Refined Petroleum Products2025
Alberta,Production Secondary|Refined Petroleum Products,Production,quantity_provided,Petroleum Refining,,,,,2030,,AlbertaProduction Secondary|Refined Petroleum Products2030
Alberta,Production Secondary|Refined Petroleum Products,Production,quantity_provided,Petroleum Refining,,,,,2035,,AlbertaProduction Secondary|Refined Petroleum Products2035
Alberta,Production Secondary|Refined Petroleum Products,Production,quantity_provided,Petroleum Refining,,,,,2040,,AlbertaProduction Secondary|Refined Petroleum Products2040
Alberta,Production Secondary|Refined Petroleum Products,Production,quantity_provided,Petroleum Refining,,,,,2045,,AlbertaProduction Secondary|Refined Petroleum Products2045
Alberta,Production Secondary|Refined Petroleum Products,Production,quantity_provided,Petroleum Refining,,,,,2050,,AlbertaProduction Secondary|Refined Petroleum Products2050
Alberta,Use Final,Use Final,quantity_requested,Economy,Total,,,,2015,,AlbertaUse Final2015
Alberta,Use Final,Use Final,quantity_requested,Economy,Total,,,,2020,,AlbertaUse Final2020
Alberta,Use Final,Use Final,quantity_requested,Economy,Total,,,,2025,,AlbertaUse Final2025
Alberta,Use Final,Use Final,quantity_requested,Economy,Total,,,,2030,,AlbertaUse Final2030
Alberta,Use Final,Use Final,quantity_requested,Economy,Total,,,,2035,,AlbertaUse Final2035
Alberta,Use Final,Use Final,quantity_requested,Economy,Total,,,,2040,,AlbertaUse Final2040
Alberta,Use Final,Use Final,quantity_requested,Economy,Total,,,,2045,,AlbertaUse Final2045
Alberta,Use Final,Use Final,quantity_requested,Economy,Total,,,,2050,,AlbertaUse Final2050
Alberta,Use Final|Energy|Biogas,Use Final,quantity_requested,Economy,Biogas,,,,2015,,AlbertaUse Final|Energy|Biogas2015
Alberta,Use Final|Energy|Biogas,Use Final,quantity_requested,Economy,Biogas,,,,2020,,AlbertaUse Final|Energy|Biogas2020
Alberta,Use Final|Energy|Biogas,Use Final,quantity_requested,Economy,Biogas,,,,2025,,AlbertaUse Final|Energy|Biogas2025
Alberta,Use Final|Energy|Biogas,Use Final,quantity_requested,Economy,Biogas,,,,2030,,AlbertaUse Final|Energy|Biogas2030
Alberta,Use Final|Energy|Biogas,Use Final,quantity_requested,Economy,Biogas,,,,2035,,AlbertaUse Final|Energy|Biogas2035
Alberta,Use Final|Energy|Biogas,Use Final,quantity_requested,Economy,Biogas,,,,2040,,AlbertaUse Final|Energy|Biogas2040
Alberta,Use Final|Energy|Biogas,Use Final,quantity_requested,Economy,Biogas,,,,2045,,AlbertaUse Final|Energy|Biogas2045
Alberta,Use Final|Energy|Biogas,Use Final,quantity_requested,Economy,Biogas,,,,2050,,AlbertaUse Final|Energy|Biogas2050
Alberta,Use Final|Energy|Biomass Liquids,Use Final,quantity_requested,Economy,Biomass Liquids,,,,2015,,AlbertaUse Final|Energy|Biomass Liquids2015
Alberta,Use Final|Energy|Biomass Liquids,Use Final,quantity_requested,Economy,Biomass Liquids,,,,2020,,AlbertaUse Final|Energy|Biomass Liquids2020
Alberta,Use Final|Energy|Biomass Liquids,Use Final,quantity_requested,Economy,Biomass Liquids,,,,2025,,AlbertaUse Final|Energy|Biomass Liquids2025
Alberta,Use Final|Energy|Biomass Liquids,Use Final,quantity_requested,Economy,Biomass Liquids,,,,2030,,AlbertaUse Final|Energy|Biomass Liquids2030
Alberta,Use Final|Energy|Biomass Liquids,Use Final,quantity_requested,Economy,Biomass Liquids,,,,2035,,AlbertaUse Final|Energy|Biomass Liquids2035
Alberta,Use Final|Energy|Biomass Liquids,Use Final,quantity_requested,Economy,Biomass Liquids,,,,2040,,AlbertaUse Final|Energy|Biomass Liquids2040
Alberta,Use Final|Energy|Biomass Liquids,Use Final,quantity_requested,Economy,Biomass Liquids,,,,2045,,AlbertaUse Final|Energy|Biomass Liquids2045
Alberta,Use Final|Energy|Biomass Liquids,Use Final,quantity_requested,Economy,Biomass Liquids,,,,2050,,AlbertaUse Final|Energy|Biomass Liquids2050
Alberta,Use Final|Energy|Biomass Solids,Use Final,quantity_requested,Economy,Biomass Solids,,,,2015,,AlbertaUse Final|Energy|Biomass Solids2015
Alberta,Use Final|Energy|Biomass Solids,Use Final,quantity_requested,Economy,Biomass Solids,,,,2020,,AlbertaUse Final|Energy|Biomass Solids2020
Alberta,Use Final|Energy|Biomass Solids,Use Final,quantity_requested,Economy,Biomass Solids,,,,2025,,AlbertaUse Final|Energy|Biomass Solids2025
Alberta,Use Final|Energy|Biomass Solids,Use Final,quantity_requested,Economy,Biomass Solids,,,,2030,,AlbertaUse Final|Energy|Biomass Solids2030
Alberta,Use Final|Energy|Biomass Solids,Use Final,quantity_requested,Economy,Biomass Solids,,,,2035,,AlbertaUse Final|Energy|Biomass Solids2035
Alberta,Use Final|Energy|Biomass Solids,Use Final,quantity_requested,Economy,Biomass Solids,,,,2040,,AlbertaUse Final|Energy|Biomass Solids2040
Alberta,Use Final|Energy|Biomass Solids,Use Final,quantity_requested,Economy,Biomass Solids,,,,2045,,AlbertaUse Final|Energy|Biomass Solids2045
Alberta,Use Final|Energy|Biomass Solids,Use Final,quantity_requested,Economy,Biomass Solids,,,,2050,,AlbertaUse Final|Energy|Biomass Solids2050
Alberta,Use Final|Energy|Coal,Use Final,quantity_requested,Economy,Coal,,,,2015,,AlbertaUse Final|Energy|Coal2015
Alberta,Use Final|Energy|Coal,Use Final,quantity_requested,Economy,Coal,,,,2020,,AlbertaUse Final|Energy|Coal2020
Alberta,Use Final|Energy|Coal,Use Final,quantity_requested,Economy,Coal,,,,2025,,AlbertaUse Final|Energy|Coal2025
Alberta,Use Final|Energy|Coal,Use Final,quantity_requested,Economy,Coal,,,,2030,,AlbertaUse Final|Energy|Coal2030
Alberta,Use Final|Energy|Coal,Use Final,quantity_requested,Economy,Coal,,,,2035,,AlbertaUse Final|Energy|Coal2035
Alberta,Use Final|Energy|Coal,Use Final,quantity_requested,Economy,Coal,,,,2040,,AlbertaUse Final|Energy|Coal2040
Alberta,Use Final|Energy|Coal,Use Final,quantity_requested,Economy,Coal,,,,2045,,AlbertaUse Final|Energy|Coal2045
Alberta,Use Final|Energy|Coal,Use Final,quantity_requested,Economy,Coal,,,,2050,,AlbertaUse Final|Energy|Coal2050
Alberta,Use Final|Energy|Electricity,Use Final,quantity_requested,Economy,Electricity,,,,2015,,AlbertaUse Final|Energy|Electricity2015
Alberta,Use Final|Energy|Electricity,Use Final,quantity_requested,Economy,Electricity,,,,2020,,AlbertaUse Final|Energy|Electricity2020
Alberta,Use Final|Energy|Electricity,Use Final,quantity_requested,Economy,Electricity,,,,2025,,AlbertaUse Final|Energy|Electricity2025
Alberta,Use Final|Energy|Electricity,Use Final,quantity_requested,Economy,Electricity,,,,2030,,AlbertaUse Final|Energy|Electricity2030
Alberta,Use Final|Energy|Electricity,Use Final,quantity_requested,Economy,Electricity,,,,2035,,AlbertaUse Final|Energy|Electricity2035
Alberta,Use Final|Energy|Electricity,Use Final,quantity_requested,Economy,Electricity,,,,2040,,AlbertaUse Final|Energy|Electricity2040
Alberta,Use Final|Energy|Electricity,Use Final,quantity_requested,Economy,Electricity,,,,2045,,AlbertaUse Final|Energy|Electricity2045
Alberta,Use Final|Energy|Electricity,Use Final,quantity_requested,Economy,Electricity,,,,2050,,AlbertaUse Final|Energy|Electricity2050
Alberta,Use Final|Energy|Gas,Use Final,quantity_requested,Economy,Gas,,,,2015,,AlbertaUse Final|Energy|Gas2015
Alberta,Use Final|Energy|Gas,Use Final,quantity_requested,Economy,Gas,,,,2020,,AlbertaUse Final|Energy|Gas2020
Alberta,Use Final|Energy|Gas,Use Final,quantity_requested,Economy,Gas,,,,2025,,AlbertaUse Final|Energy|Gas2025
Alberta,Use Final|Energy|Gas,Use Final,quantity_requested,Economy,Gas,,,,2030,,AlbertaUse Final|Energy|Gas2030
Alberta,Use Final|Energy|Gas,Use Final,quantity_requested,Economy,Gas,,,,2035,,AlbertaUse Final|Energy|Gas2035
Alberta,Use Final|Energy|Gas,Use Final,quantity_requested,Economy,Gas,,,,2040,,AlbertaUse Final|Energy|Gas2040
Alberta,Use Final|Energy|Gas,Use Final,quantity_requested,Economy,Gas,,,,2045,,AlbertaUse Final|Energy|Gas2045
Alberta,Use Final|Energy|Gas,Use Final,quantity_requested,Economy,Gas,,,,2050,,AlbertaUse Final|Energy|Gas2050
Alberta,Use Final|Energy|Hydrogen,Use Final,quantity_requested,Economy,Hydrogen,,,,2015,,AlbertaUse Final|Energy|Hydrogen2015
Alberta,Use Final|Energy|Hydrogen,Use Final,quantity_requested,Economy,Hydrogen,,,,2020,,AlbertaUse Final|Energy|Hydrogen2020
Alberta,Use Final|Energy|Hydrogen,Use Final,quantity_requested,Economy,Hydrogen,,,,2025,,AlbertaUse Final|Energy|Hydrogen2025
Alberta,Use Final|Energy|Hydrogen,Use Final,quantity_requested,Economy,Hydrogen,,,,2030,,AlbertaUse Final|Energy|Hydrogen2030
Alberta,Use Final|Energy|Hydrogen,Use Final,quantity_requested,Economy,Hydrogen,,,,2035,,AlbertaUse Final|Energy|Hydrogen2035
Alberta,Use Final|Energy|Hydrogen,Use Final,quantity_requested,Economy,Hydrogen,,,,2040,,AlbertaUse Final|Energy|Hydrogen2040
Alberta,Use Final|Energy|Hydrogen,Use Final,quantity_requested,Economy,Hydrogen,,,,2045,,AlbertaUse Final|Energy|Hydrogen2045
Alberta,Use Final|Energy|Hydrogen,Use Final,quantity_requested,Economy,Hydrogen,,,,2050,,AlbertaUse Final|Energy|Hydrogen2050
Alberta,Use Final|Energy|Oil,Use Final,quantity_requested,Economy,Oil,,,,2015,,AlbertaUse Final|Energy|Oil2015
Alberta,Use Final|Energy|Oil,Use Final,quantity_requested,Economy,Oil,,,,2020,,AlbertaUse Final|Energy|Oil2020
Alberta,Use Final|Energy|Oil,Use Final,quantity_requested,Economy,Oil,,,,2025,,AlbertaUse Final|Energy|Oil2025
Alberta,Use Final|Energy|Oil,Use Final,quantity_requested,Economy,Oil,,,,2030,,AlbertaUse Final|Energy|Oil2030
Alberta,Use Final|Energy|Oil,Use Final,quantity_requested,Economy,Oil,,,,2035,,AlbertaUse Final|Energy|Oil2035
Alberta,Use Final|Energy|Oil,Use Final,quantity_requested,Economy,Oil,,,,2040,,AlbertaUse Final|Energy|Oil2040
Alberta,Use Final|Energy|Oil,Use Final,quantity_requested,Economy,Oil,,,,2045,,AlbertaUse Final|Energy|Oil2045
Alberta,Use Final|Energy|Oil,Use Final,quantity_requested,Economy,Oil,,,,2050,,AlbertaUse Final|Energy|Oil2050
Alberta,Use Final|Sector|Buildings,Use Final,quantity_requested,Buildings,Total,,,,2015,,AlbertaUse Final|Sector|Buildings2015
Alberta,Use Final|Sector|Buildings,Use Final,quantity_requested,Buildings,Total,,,,2020,,AlbertaUse Final|Sector|Buildings2020
Alberta,Use Final|Sector|Buildings,Use Final,quantity_requested,Buildings,Total,,,,2025,,AlbertaUse Final|Sector|Buildings2025
Alberta,Use Final|Sector|Buildings,Use Final,quantity_requested,Buildings,Total,,,,2030,,AlbertaUse Final|Sector|Buildings2030
Alberta,Use Final|Sector|Buildings,Use Final,quantity_requested,Buildings,Total,,,,2035,,AlbertaUse Final|Sector|Buildings2035
Alberta,Use Final|Sector|Buildings,Use Final,quantity_requested,Buildings,Total,,,,2040,,AlbertaUse Final|Sector|Buildings2040
Alberta,Use Final|Sector|Buildings,Use Final,quantity_requested,Buildings,Total,,,,2045,,AlbertaUse Final|Sector|Buildings2045
Alberta,Use Final|Sector|Buildings,Use Final,quantity_requested,Buildings,Total,,,,2050,,AlbertaUse Final|Sector|Buildings2050
Alberta,Use Final|Sector|Industry,Use Final,quantity_requested,Industry,Total,,,,2015,,AlbertaUse Final|Sector|Industry2015
Alberta,Use Final|Sector|Industry,Use Final,quantity_requested,Industry,Total,,,,2020,,AlbertaUse Final|Sector|Industry2020
Alberta,Use Final|Sector|Industry,Use Final,quantity_requested,Industry,Total,,,,2025,,AlbertaUse Final|Sector|Industry2025
Alberta,Use Final|Sector|Industry,Use Final,quantity_requested,Industry,Total,,,,2030,,AlbertaUse Final|Sector|Industry2030
Alberta,Use Final|Sector|Industry,Use Final,quantity_requested,Industry,Total,,,,2035,,AlbertaUse Final|Sector|Industry2035
Alberta,Use Final|Sector|Industry,Use Final,quantity_requested,Industry,Total,,,,2040,,AlbertaUse Final|Sector|Industry2040
Alberta,Use Final|Sector|Industry,Use Final,quantity_requested,Industry,Total,,,,2045,,AlbertaUse Final|Sector|Industry2045
Alberta,Use Final|Sector|Industry,Use Final,quantity_requested,Industry,Total,,,,2050,,AlbertaUse Final|Sector|Industry2050
Alberta,Use Final|Sector|Transportation,Use Final,quantity_requested,Transport,Total,,,,2015,,AlbertaUse Final|Sector|Transportation2015
Alberta,Use Final|Sector|Transportation,Use Final,quantity_requested,Transport,Total,,,,2020,,AlbertaUse Final|Sector|Transportation2020
Alberta,Use Final|Sector|Transportation,Use Final,quantity_requested,Transport,Total,,,,2025,,AlbertaUse Final|Sector|Transportation2025
Alberta,Use Final|Sector|Transportation,Use Final,quantity_requested,Transport,Total,,,,2030,,AlbertaUse Final|Sector|Transportation2030
Alberta,Use Final|Sector|Transportation,Use Final,quantity_requested,Transport,Total,,,,2035,,AlbertaUse Final|Sector|Transportation2035
Alberta,Use Final|Sector|Transportation,Use Final,quantity_requested,Transport,Total,,,,2040,,AlbertaUse Final|Sector|Transportation2040
Alberta,Use Final|Sector|Transportation,Use Final,quantity_requested,Transport,Total,,,,2045,,AlbertaUse Final|Sector|Transportation2045
Alberta,Use Final|Sector|Transportation,Use Final,quantity_requested,Transport,Total,,,,2050,,AlbertaUse Final|Sector|Transportation2050
Alberta,Use Primary,Use Primary,quantity_requested,Economy,Total,,,,2015,,AlbertaUse Primary2015
Alberta,Use Primary,Use Primary,quantity_requested,Economy,Total,,,,2020,,AlbertaUse Primary2020
Alberta,Use Primary,Use Primary,quantity_requested,Economy,Total,,,,2025,,AlbertaUse Primary2025
Alberta,Use Primary,Use Primary,quantity_requested,Economy,Total,,,,2030,,AlbertaUse Primary2030
Alberta,Use Primary,Use Primary,quantity_requested,Economy,Total,,,,2035,,AlbertaUse Primary2035
Alberta,Use Primary,Use Primary,quantity_requested,Economy,Total,,,,2040,,AlbertaUse Primary2040
Alberta,Use Primary,Use Primary,quantity_requested,Economy,Total,,,,2045,,AlbertaUse Primary2045
Alberta,Use Primary,Use Primary,quantity_requested,Economy,Total,,,,2050,,AlbertaUse Primary2050
Alberta,Use Primary|Energy|Biomass,Use Primary,quantity_requested,Economy,Biomass Liquids,,,,2015,,AlbertaUse Primary|Energy|Biomass2015
Alberta,Use Primary|Energy|Biomass,Use Primary,quantity_requested,Economy,Biomass Liquids,,,,2020,,AlbertaUse Primary|Energy|Biomass2020
Alberta,Use Primary|Energy|Biomass,Use Primary,quantity_requested,Economy,Biomass Liquids,,,,2025,,AlbertaUse Primary|Energy|Biomass2025
Alberta,Use Primary|Energy|Biomass,Use Primary,quantity_requested,Economy,Biomass Liquids,,,,2030,,AlbertaUse Primary|Energy|Biomass2030
Alberta,Use Primary|Energy|Biomass,Use Primary,quantity_requested,Economy,Biomass Liquids,,,,2035,,AlbertaUse Primary|Energy|Biomass2035
Alberta,Use Primary|Energy|Biomass,Use Primary,quantity_requested,Economy,Biomass Liquids,,,,2040,,AlbertaUse Primary|Energy|Biomass2040
Alberta,Use Primary|Energy|Biomass,Use Primary,quantity_requested,Economy,Biomass Liquids,,,,2045,,AlbertaUse Primary|Energy|Biomass2045
Alberta,Use Primary|Energy|Biomass,Use Primary,quantity_requested,Economy,Biomass Liquids,,,,2050,,AlbertaUse Primary|Energy|Biomass2050
Alberta,Use Primary|Energy|Coal,Use Primary,quantity_requested,Economy,Coal,,,,2015,,AlbertaUse Primary|Energy|Coal2015
Alberta,Use Primary|Energy|Coal,Use Primary,quantity_requested,Economy,Coal,,,,2020,,AlbertaUse Primary|Energy|Coal2020
Alberta,Use Primary|Energy|Coal,Use Primary,quantity_requested,Economy,Coal,,,,2025,,AlbertaUse Primary|Energy|Coal2025
Alberta,Use Primary|Energy|Coal,Use Primary,quantity_requested,Economy,Coal,,,,2030,,AlbertaUse Primary|Energy|Coal2030
Alberta,Use Primary|Energy|Coal,Use Primary,quantity_requested,Economy,Coal,,,,2035,,AlbertaUse Primary|Energy|Coal2035
Alberta,Use Primary|Energy|Coal,Use Primary,quantity_requested,Economy,Coal,,,,2040,,AlbertaUse Primary|Energy|Coal2040
Alberta,Use Primary|Energy|Coal,Use Primary,quantity_requested,Economy,Coal,,,,2045,,AlbertaUse Primary|Energy|Coal2045
Alberta,Use Primary|Energy|Coal,Use Primary,quantity_requested,Economy,Coal,,,,2050,,AlbertaUse Primary|Energy|Coal2050
Alberta,Use Primary|Energy|Gas,Use Primary,quantity_requested,Economy,Gas,,,,2015,,AlbertaUse Primary|Energy|Gas2015
Alberta,Use Primary|Energy|Gas,Use Primary,quantity_requested,Economy,Gas,,,,2020,,AlbertaUse Primary|Energy|Gas2020
Alberta,Use Primary|Energy|Gas,Use Primary,quantity_requested,Economy,Gas,,,,2025,,AlbertaUse Primary|Energy|Gas2025
Alberta,Use Primary|Energy|Gas,Use Primary,quantity_requested,Economy,Gas,,,,2030,,AlbertaUse Primary|Energy|Gas2030
Alberta,Use Primary|Energy|Gas,Use Primary,quantity_requested,Economy,Gas,,,,2035,,AlbertaUse Primary|Energy|Gas2035
Alberta,Use Primary|Energy|Gas,Use Primary,quantity_requested,Economy,Gas,,,,2040,,AlbertaUse Primary|Energy|Gas2040
Alberta,Use Primary|Energy|Gas,Use Primary,quantity_requested,Economy,Gas,,,,2045,,AlbertaUse Primary|Energy|Gas2045
Alberta,Use Primary|Energy|Gas,Use Primary,quantity_requested,Economy,Gas,,,,2050,,AlbertaUse Primary|Energy|Gas2050
Alberta,Use Primary|Energy|Geothermal,Use Primary,stock_total,Economy,,Geoexchange,,,2015,,AlbertaUse Primary|Energy|Geothermal2015
Alberta,Use Primary|Energy|Geothermal,Use Primary,stock_total,Economy,,Geoexchange,,,2020,,AlbertaUse Primary|Energy|Geothermal2020
Alberta,Use Primary|Energy|Geothermal,Use Primary,stock_total,Economy,,Geoexchange,,,2025,,AlbertaUse Primary|Energy|Geothermal2025
Alberta,Use Primary|Energy|Geothermal,Use Primary,stock_total,Economy,,Geoexchange,,,2030,,AlbertaUse Primary|Energy|Geothermal2030
Alberta,Use Primary|Energy|Geothermal,Use Primary,stock_total,Economy,,Geoexchange,,,2035,,AlbertaUse Primary|Energy|Geothermal2035
Alberta,Use Primary|Energy|Geothermal,Use Primary,stock_total,Economy,,Geoexchange,,,2040,,AlbertaUse Primary|Energy|Geothermal2040
Alberta,Use Primary|Energy|Geothermal,Use Primary,stock_total,Economy,,Geoexchange,,,2045,,AlbertaUse Primary|Energy|Geothermal2045
Alberta,Use Primary|Energy|Geothermal,Use Primary,stock_total,Economy,,Geoexchange,,,2050,,AlbertaUse Primary|Energy|Geothermal2050
Alberta,Use Primary|Energy|Hydro,Use Primary,stock_total,Economy,,Hydro,,,2015,,AlbertaUse Primary|Energy|Hydro2015
Alberta,Use Primary|Energy|Hydro,Use Primary,stock_total,Economy,,Hydro,,,2020,,AlbertaUse Primary|Energy|Hydro2020
Alberta,Use Primary|Energy|Hydro,Use Primary,stock_total,Economy,,Hydro,,,2025,,AlbertaUse Primary|Energy|Hydro2025
Alberta,Use Primary|Energy|Hydro,Use Primary,stock_total,Economy,,Hydro,,,2030,,AlbertaUse Primary|Energy|Hydro2030
Alberta,Use Primary|Energy|Hydro,Use Primary,stock_total,Economy,,Hydro,,,2035,,AlbertaUse Primary|Energy|Hydro2035
Alberta,Use Primary|Energy|Hydro,Use Primary,stock_total,Economy,,Hydro,,,2040,,AlbertaUse Primary|Energy|Hydro2040
Alberta,Use Primary|Energy|Hydro,Use Primary,stock_total,Economy,,Hydro,,,2045,,AlbertaUse Primary|Energy|Hydro2045
Alberta,Use Primary|Energy|Hydro,Use Primary,stock_total,Economy,,Hydro,,,2050,,AlbertaUse Primary|Energy|Hydro2050
Alberta,Use Primary|Energy|Nuclear,Use Primary,stock_total,Economy,,Nuclear,,,2015,,AlbertaUse Primary|Energy|Nuclear2015
Alberta,Use Primary|Energy|Nuclear,Use Primary,stock_total,Economy,,Nuclear,,,2020,,AlbertaUse Primary|Energy|Nuclear2020
Alberta,Use Primary|Energy|Nuclear,Use Primary,stock_total,Economy,,Nuclear,,,2025,,AlbertaUse Primary|Energy|Nuclear2025
Alberta,Use Primary|Energy|Nuclear,Use Primary,stock_total,Economy,,Nuclear,,,2030,,AlbertaUse Primary|Energy|Nuclear2030
Alberta,Use Primary|Energy|Nuclear,Use Primary,stock_total,Economy,,Nuclear,,,2035,,AlbertaUse Primary|Energy|Nuclear2035
Alberta,Use Primary|Energy|Nuclear,Use Primary,stock_total,Economy,,Nuclear,,,2040,,AlbertaUse Primary|Energy|Nuclear2040
Alberta,Use Primary|Energy|Nuclear,Use Primary,stock_total,Economy,,Nuclear,,,2045,,AlbertaUse Primary|Energy|Nuclear2045
Alberta,Use Primary|Energy|Nuclear,Use Primary,stock_total,Economy,,Nuclear,,,2050,,AlbertaUse Primary|Energy|Nuclear2050
Alberta,Use Primary|Energy|Oil,Use Primary,quantity_requested,Economy,Oil,,,,2015,,AlbertaUse Primary|Energy|Oil2015
Alberta,Use Primary|Energy|Oil,Use Primary,quantity_requested,Economy,Oil,,,,2020,,AlbertaUse Primary|Energy|Oil2020
Alberta,Use Primary|Energy|Oil,Use Primary,quantity_requested,Economy,Oil,,,,2025,,AlbertaUse Primary|Energy|Oil2025
Alberta,Use Primary|Energy|Oil,Use Primary,quantity_requested,Economy,Oil,,,,2030,,AlbertaUse Primary|Energy|Oil2030
Alberta,Use Primary|Energy|Oil,Use Primary,quantity_requested,Economy,Oil,,,,2035,,AlbertaUse Primary|Energy|Oil2035
Alberta,Use Primary|Energy|Oil,Use Primary,quantity_requested,Economy,Oil,,,,2040,,AlbertaUse Primary|Energy|Oil2040
Alberta,Use Primary|Energy|Oil,Use Primary,quantity_requested,Economy,Oil,,,,2045,,AlbertaUse Primary|Energy|Oil2045
Alberta,Use Primary|Energy|Oil,Use Primary,quantity_requested,Economy,Oil,,,,2050,,AlbertaUse Primary|Energy|Oil2050
Alberta,Use Primary|Energy|Solar,Use Primary,stock_total,Economy,,Solar,,,2015,,AlbertaUse Primary|Energy|Solar2015
Alberta,Use Primary|Energy|Solar,Use Primary,stock_total,Economy,,Solar,,,2020,,AlbertaUse Primary|Energy|Solar2020
Alberta,Use Primary|Energy|Solar,Use Primary,stock_total,Economy,,Solar,,,2025,,AlbertaUse Primary|Energy|Solar2025
Alberta,Use Primary|Energy|Solar,Use Primary,stock_total,Economy,,Solar,,,2030,,AlbertaUse Primary|Energy|Solar2030
Alberta,Use Primary|Energy|Solar,Use Primary,stock_total,Economy,,Solar,,,2035,,AlbertaUse Primary|Energy|Solar2035
Alberta,Use Primary|Energy|Solar,Use Primary,stock_total,Economy,,Solar,,,2040,,AlbertaUse Primary|Energy|Solar2040
Alberta,Use Primary|Energy|Solar,Use Primary,stock_total,Economy,,Solar,,,2045,,AlbertaUse Primary|Energy|Solar2045
Alberta,Use Primary|Energy|Solar,Use Primary,stock_total,Economy,,Solar,,,2050,,AlbertaUse Primary|Energy|Solar2050
Alberta,Use Primary|Energy|Wind,Use Primary,stock_total,Economy,,Wind,,,2015,,AlbertaUse Primary|Energy|Wind2015
Alberta,Use Primary|Energy|Wind,Use Primary,stock_total,Economy,,Wind,,,2020,,AlbertaUse Primary|Energy|Wind2020
Alberta,Use Primary|Energy|Wind,Use Primary,stock_total,Economy,,Wind,,,2025,,AlbertaUse Primary|Energy|Wind2025
Alberta,Use Primary|Energy|Wind,Use Primary,stock_total,Economy,,Wind,,,2030,,AlbertaUse Primary|Energy|Wind2030
Alberta,Use Primary|Energy|Wind,Use Primary,stock_total,Economy,,Wind,,,2035,,AlbertaUse Primary|Energy|Wind2035
Alberta,Use Primary|Energy|Wind,Use Primary,stock_total,Economy,,Wind,,,2040,,AlbertaUse Primary|Energy|Wind2040
Alberta,Use Primary|Energy|Wind,Use Primary,stock_total,Economy,,Wind,,,2045,,AlbertaUse Primary|Energy|Wind2045
Alberta,Use Primary|Energy|Wind,Use Primary,stock_total,Economy,,Wind,,,2050,,AlbertaUse Primary|Energy|Wind2050
Saskatchewan,Carbon Sequestration|CCS,Carbon Sequestration,emissions_total_cumul_avoided,Economy,,,CO2,ALL,2015,,SaskatchewanCarbon Sequestration|CCS2015
Saskatchewan,Carbon Sequestration|CCS,Carbon Sequestration,emissions_total_cumul_avoided,Economy,,,CO2,ALL,2020,,SaskatchewanCarbon Sequestration|CCS2020
Saskatchewan,Carbon Sequestration|CCS,Carbon Sequestration,emissions_total_cumul_avoided,Economy,,,CO2,ALL,2025,,SaskatchewanCarbon Sequestration|CCS2025
Saskatchewan,Carbon Sequestration|CCS,Carbon Sequestration,emissions_total_cumul_avoided,Economy,,,CO2,ALL,2030,,SaskatchewanCarbon Sequestration|CCS2030
Saskatchewan,Carbon Sequestration|CCS,Carbon Sequestration,emissions_total_cumul_avoided,Economy,,,CO2,ALL,2035,,SaskatchewanCarbon Sequestration|CCS2035
Saskatchewan,Carbon Sequestration|CCS,Carbon Sequestration,emissions_total_cumul_avoided,Economy,,,CO2,ALL,2040,,SaskatchewanCarbon Sequestration|CCS2040
Saskatchewan,Carbon Sequestration|CCS,Carbon Sequestration,emissions_total_cumul_avoided,Economy,,,CO2,ALL,2045,,SaskatchewanCarbon Sequestration|CCS2045
Saskatchewan,Carbon Sequestration|CCS,Carbon Sequestration,emissions_total_cumul_avoided,Economy,,,CO2,ALL,2050,,SaskatchewanCarbon Sequestration|CCS2050
Saskatchewan,Emissions|CO2,Emissions,emissions_total_cumul_net,Economy,,,CO2,ALL,2015,,SaskatchewanEmissions|CO22015
Saskatchewan,Emissions|CO2,Emissions,emissions_total_cumul_net,Economy,,,CO2,ALL,2020,,SaskatchewanEmissions|CO22020
Saskatchewan,Emissions|CO2,Emissions,emissions_total_cumul_net,Economy,,,CO2,ALL,2025,,SaskatchewanEmissions|CO22025
Saskatchewan,Emissions|CO2,Emissions,emissions_total_cumul_net,Economy,,,CO2,ALL,2030,,SaskatchewanEmissions|CO22030
Saskatchewan,Emissions|CO2,Emissions,emissions_total_cumul_net,Economy,,,CO2,ALL,2035,,SaskatchewanEmissions|CO22035
Saskatchewan,Emissions|CO2,Emissions,emissions_total_cumul_net,Economy,,,CO2,ALL,2040,,SaskatchewanEmissions|CO22040
Saskatchewan,Emissions|CO2,Emissions,emissions_total_cumul_net,Economy,,,CO2,ALL,2045,,SaskatchewanEmissions|CO22045
Saskatchewan,Emissions|CO2,Emissions,emissions_total_cumul_net,Economy,,,CO2,ALL,2050,,SaskatchewanEmissions|CO22050
Saskatchewan,Emissions|CO2|Combustion,Emissions,emissions_total_cumul_net,Economy,,,CO2,Combustion,2015,,SaskatchewanEmissions|CO2|Combustion2015
Saskatchewan,Emissions|CO2|Combustion,Emissions,emissions_total_cumul_net,Economy,,,CO2,Combustion,2020,,SaskatchewanEmissions|CO2|Combustion2020
Saskatchewan,Emissions|CO2|Combustion,Emissions,emissions_total_cumul_net,Economy,,,CO2,Combustion,2025,,SaskatchewanEmissions|CO2|Combustion2025
Saskatchewan,Emissions|CO2|Combustion,Emissions,emissions_total_cumul_net,Economy,,,CO2,Combustion,2030,,SaskatchewanEmissions|CO2|Combustion2030
Saskatchewan,Emissions|CO2|Combustion,Emissions,emissions_total_cumul_net,Economy,,,CO2,Combustion,2035,,SaskatchewanEmissions|CO2|Combustion2035
Saskatchewan,Emissions|CO2|Combustion,Emissions,emissions_total_cumul_net,Economy,,,CO2,Combustion,2040,,SaskatchewanEmissions|CO2|Combustion2040
Saskatchewan,Emissions|CO2|Combustion,Emissions,emissions_total_cumul_net,Economy,,,CO2,Combustion,2045,,SaskatchewanEmissions|CO2|Combustion2045
Saskatchewan,Emissions|CO2|Combustion,Emissions,emissions_total_cumul_net,Economy,,,CO2,Combustion,2050,,SaskatchewanEmissions|CO2|Combustion2050
Saskatchewan,Emissions|CO2|Combustion|Energy|Coal,Emissions,emissions_total_cumul_net,Economy,Coal,,CO2,Combustion,2015,,SaskatchewanEmissions|CO2|Combustion|Energy|Coal2015
Saskatchewan,Emissions|CO2|Combustion|Energy|Coal,Emissions,emissions_total_cumul_net,Economy,Coal,,CO2,Combustion,2020,,SaskatchewanEmissions|CO2|Combustion|Energy|Coal2020
Saskatchewan,Emissions|CO2|Combustion|Energy|Coal,Emissions,emissions_total_cumul_net,Economy,Coal,,CO2,Combustion,2025,,SaskatchewanEmissions|CO2|Combustion|Energy|Coal2025
Saskatchewan,Emissions|CO2|Combustion|Energy|Coal,Emissions,emissions_total_cumul_net,Economy,Coal,,CO2,Combustion,2030,,SaskatchewanEmissions|CO2|Combustion|Energy|Coal2030
Saskatchewan,Emissions|CO2|Combustion|Energy|Coal,Emissions,emissions_total_cumul_net,Economy,Coal,,CO2,Combustion,2035,,SaskatchewanEmissions|CO2|Combustion|Energy|Coal2035
Saskatchewan,Emissions|CO2|Combustion|Energy|Coal,Emissions,emissions_total_cumul_net,Economy,Coal,,CO2,Combustion,2040,,SaskatchewanEmissions|CO2|Combustion|Energy|Coal2040
Saskatchewan,Emissions|CO2|Combustion|Energy|Coal,Emissions,emissions_total_cumul_net,Economy,Coal,,CO2,Combustion,2045,,SaskatchewanEmissions|CO2|Combustion|Energy|Coal2045
Saskatchewan,Emissions|CO2|Combustion|Energy|Coal,Emissions,emissions_total_cumul_net,Economy,Coal,,CO2,Combustion,2050,,SaskatchewanEmissions|CO2|Combustion|Energy|Coal2050
Saskatchewan,Emissions|CO2|Combustion|Energy|Gas,Emissions,emissions_total_cumul_net,Economy,Gas,,CO2,Combustion,2015,,SaskatchewanEmissions|CO2|Combustion|Energy|Gas2015
Saskatchewan,Emissions|CO2|Combustion|Energy|Gas,Emissions,emissions_total_cumul_net,Economy,Gas,,CO2,Combustion,2020,,SaskatchewanEmissions|CO2|Combustion|Energy|Gas2020
Saskatchewan,Emissions|CO2|Combustion|Energy|Gas,Emissions,emissions_total_cumul_net,Economy,Gas,,CO2,Combustion,2025,,SaskatchewanEmissions|CO2|Combustion|Energy|Gas2025
Saskatchewan,Emissions|CO2|Combustion|Energy|Gas,Emissions,emissions_total_cumul_net,Economy,Gas,,CO2,Combustion,2030,,SaskatchewanEmissions|CO2|Combustion|Energy|Gas2030
Saskatchewan,Emissions|CO2|Combustion|Energy|Gas,Emissions,emissions_total_cumul_net,Economy,Gas,,CO2,Combustion,2035,,SaskatchewanEmissions|CO2|Combustion|Energy|Gas2035
Saskatchewan,Emissions|CO2|Combustion|Energy|Gas,Emissions,emissions_total_cumul_net,Economy,Gas,,CO2,Combustion,2040,,SaskatchewanEmissions|CO2|Combustion|Energy|Gas2040
Saskatchewan,Emissions|CO2|Combustion|Energy|Gas,Emissions,emissions_total_cumul_net,Economy,Gas,,CO2,Combustion,2045,,SaskatchewanEmissions|CO2|Combustion|Energy|Gas2045
Saskatchewan,Emissions|CO2|Combustion|Energy|Gas,Emissions,emissions_total_cumul_net,Economy,Gas,,CO2,Combustion,2050,,SaskatchewanEmissions|CO2|Combustion|Energy|Gas2050
Saskatchewan,Emissions|CO2|Combustion|Energy|Oil,Emissions,emissions_total_cumul_net,Economy,Oil,,CO2,Combustion,2015,,SaskatchewanEmissions|CO2|Combustion|Energy|Oil2015
Saskatchewan,Emissions|CO2|Combustion|Energy|Oil,Emissions,emissions_total_cumul_net,Economy,Oil,,CO2,Combustion,2020,,SaskatchewanEmissions|CO2|Combustion|Energy|Oil2020
Saskatchewan,Emissions|CO2|Combustion|Energy|Oil,Emissions,emissions_total_cumul_net,Economy,Oil,,CO2,Combustion,2025,,SaskatchewanEmissions|CO2|Combustion|Energy|Oil2025
Saskatchewan,Emissions|CO2|Combustion|Energy|Oil,Emissions,emissions_total_cumul_net,Economy,Oil,,CO2,Combustion,2030,,SaskatchewanEmissions|CO2|Combustion|Energy|Oil2030
Saskatchewan,Emissions|CO2|Combustion|Energy|Oil,Emissions,emissions_total_cumul_net,Economy,Oil,,CO2,Combustion,2035,,SaskatchewanEmissions|CO2|Combustion|Energy|Oil2035
Saskatchewan,Emissions|CO2|Combustion|Energy|Oil,Emissions,emissions_total_cumul_net,Economy,Oil,,CO2,Combustion,2040,,SaskatchewanEmissions|CO2|Combustion|Energy|Oil2040
Saskatchewan,Emissions|CO2|Combustion|Energy|Oil,Emissions,emissions_total_cumul_net,Economy,Oil,,CO2,Combustion,2045,,SaskatchewanEmissions|CO2|Combustion|Energy|Oil2045
Saskatchewan,Emissions|CO2|Combustion|Energy|Oil,Emissions,emissions_total_cumul_net,Economy,Oil,,CO2,Combustion,2050,,SaskatchewanEmissions|CO2|Combustion|Energy|Oil2050
Saskatchewan,Emissions|CO2|Combustion|Sector|Biomass Liquids,Emissions,emissions_total_cumul_net,Biofuels,,,CO2,Combustion,2015,,SaskatchewanEmissions|CO2|Combustion|Sector|Biomass Liquids2015
Saskatchewan,Emissions|CO2|Combustion|Sector|Biomass Liquids,Emissions,emissions_total_cumul_net,Biofuels,,,CO2,Combustion,2020,,SaskatchewanEmissions|CO2|Combustion|Sector|Biomass Liquids2020
Saskatchewan,Emissions|CO2|Combustion|Sector|Biomass Liquids,Emissions,emissions_total_cumul_net,Biofuels,,,CO2,Combustion,2025,,SaskatchewanEmissions|CO2|Combustion|Sector|Biomass Liquids2025
Saskatchewan,Emissions|CO2|Combustion|Sector|Biomass Liquids,Emissions,emissions_total_cumul_net,Biofuels,,,CO2,Combustion,2030,,SaskatchewanEmissions|CO2|Combustion|Sector|Biomass Liquids2030
Saskatchewan,Emissions|CO2|Combustion|Sector|Biomass Liquids,Emissions,emissions_total_cumul_net,Biofuels,,,CO2,Combustion,2035,,SaskatchewanEmissions|CO2|Combustion|Sector|Biomass Liquids2035
Saskatchewan,Emissions|CO2|Combustion|Sector|Biomass Liquids,Emissions,emissions_total_cumul_net,Biofuels,,,CO2,Combustion,2040,,SaskatchewanEmissions|CO2|Combustion|Sector|Biomass Liquids2040
Saskatchewan,Emissions|CO2|Combustion|Sector|Biomass Liquids,Emissions,emissions_total_cumul_net,Biofuels,,,CO2,Combustion,2045,,SaskatchewanEmissions|CO2|Combustion|Sector|Biomass Liquids2045
Saskatchewan,Emissions|CO2|Combustion|Sector|Biomass Liquids,Emissions,emissions_total_cumul_net,Biofuels,,,CO2,Combustion,2050,,SaskatchewanEmissions|CO2|Combustion|Sector|Biomass Liquids2050
Saskatchewan,Emissions|CO2|Combustion|Sector|Buildings,Emissions,emissions_total_cumul_net,Buildings,,,CO2,Combustion,2015,,SaskatchewanEmissions|CO2|Combustion|Sector|Buildings2015
Saskatchewan,Emissions|CO2|Combustion|Sector|Buildings,Emissions,emissions_total_cumul_net,Buildings,,,CO2,Combustion,2020,,SaskatchewanEmissions|CO2|Combustion|Sector|Buildings2020
Saskatchewan,Emissions|CO2|Combustion|Sector|Buildings,Emissions,emissions_total_cumul_net,Buildings,,,CO2,Combustion,2025,,SaskatchewanEmissions|CO2|Combustion|Sector|Buildings2025
Saskatchewan,Emissions|CO2|Combustion|Sector|Buildings,Emissions,emissions_total_cumul_net,Buildings,,,CO2,Combustion,2030,,SaskatchewanEmissions|CO2|Combustion|Sector|Buildings2030
Saskatchewan,Emissions|CO2|Combustion|Sector|Buildings,Emissions,emissions_total_cumul_net,Buildings,,,CO2,Combustion,2035,,SaskatchewanEmissions|CO2|Combustion|Sector|Buildings2035
Saskatchewan,Emissions|CO2|Combustion|Sector|Buildings,Emissions,emissions_total_cumul_net,Buildings,,,CO2,Combustion,2040,,SaskatchewanEmissions|CO2|Combustion|Sector|Buildings2040
Saskatchewan,Emissions|CO2|Combustion|Sector|Buildings,Emissions,emissions_total_cumul_net,Buildings,,,CO2,Combustion,2045,,SaskatchewanEmissions|CO2|Combustion|Sector|Buildings2045
Saskatchewan,Emissions|CO2|Combustion|Sector|Buildings,Emissions,emissions_total_cumul_net,Buildings,,,CO2,Combustion,2050,,SaskatchewanEmissions|CO2|Combustion|Sector|Buildings2050
Saskatchewan,Emissions|CO2|Combustion|Sector|Electricity,Emissions,emissions_total_cumul_net,Electricity,,,CO2,Combustion,2015,,SaskatchewanEmissions|CO2|Combustion|Sector|Electricity2015
Saskatchewan,Emissions|CO2|Combustion|Sector|Electricity,Emissions,emissions_total_cumul_net,Electricity,,,CO2,Combustion,2020,,SaskatchewanEmissions|CO2|Combustion|Sector|Electricity2020
Saskatchewan,Emissions|CO2|Combustion|Sector|Electricity,Emissions,emissions_total_cumul_net,Electricity,,,CO2,Combustion,2025,,SaskatchewanEmissions|CO2|Combustion|Sector|Electricity2025
Saskatchewan,Emissions|CO2|Combustion|Sector|Electricity,Emissions,emissions_total_cumul_net,Electricity,,,CO2,Combustion,2030,,SaskatchewanEmissions|CO2|Combustion|Sector|Electricity2030
Saskatchewan,Emissions|CO2|Combustion|Sector|Electricity,Emissions,emissions_total_cumul_net,Electricity,,,CO2,Combustion,2035,,SaskatchewanEmissions|CO2|Combustion|Sector|Electricity2035
Saskatchewan,Emissions|CO2|Combustion|Sector|Electricity,Emissions,emissions_total_cumul_net,Electricity,,,CO2,Combustion,2040,,SaskatchewanEmissions|CO2|Combustion|Sector|Electricity2040
Saskatchewan,Emissions|CO2|Combustion|Sector|Electricity,Emissions,emissions_total_cumul_net,Electricity,,,CO2,Combustion,2045,,SaskatchewanEmissions|CO2|Combustion|Sector|Electricity2045
Saskatchewan,Emissions|CO2|Combustion|Sector|Electricity,Emissions,emissions_total_cumul_net,Electricity,,,CO2,Combustion,2050,,SaskatchewanEmissions|CO2|Combustion|Sector|Electricity2050
Saskatchewan,Emissions|CO2|Combustion|Sector|Hydrogen,Emissions,emissions_total_cumul_net,Hydrogen,,,CO2,Combustion,2015,,SaskatchewanEmissions|CO2|Combustion|Sector|Hydrogen2015
Saskatchewan,Emissions|CO2|Combustion|Sector|Hydrogen,Emissions,emissions_total_cumul_net,Hydrogen,,,CO2,Combustion,2020,,SaskatchewanEmissions|CO2|Combustion|Sector|Hydrogen2020
Saskatchewan,Emissions|CO2|Combustion|Sector|Hydrogen,Emissions,emissions_total_cumul_net,Hydrogen,,,CO2,Combustion,2025,,SaskatchewanEmissions|CO2|Combustion|Sector|Hydrogen2025
Saskatchewan,Emissions|CO2|Combustion|Sector|Hydrogen,Emissions,emissions_total_cumul_net,Hydrogen,,,CO2,Combustion,2030,,SaskatchewanEmissions|CO2|Combustion|Sector|Hydrogen2030
Saskatchewan,Emissions|CO2|Combustion|Sector|Hydrogen,Emissions,emissions_total_cumul_net,Hydrogen,,,CO2,Combustion,2035,,SaskatchewanEmissions|CO2|Combustion|Sector|Hydrogen2035
Saskatchewan,Emissions|CO2|Combustion|Sector|Hydrogen,Emissions,emissions_total_cumul_net,Hydrogen,,,CO2,Combustion,2040,,SaskatchewanEmissions|CO2|Combustion|Sector|Hydrogen2040
Saskatchewan,Emissions|CO2|Combustion|Sector|Hydrogen,Emissions,emissions_total_cumul_net,Hydrogen,,,CO2,Combustion,2045,,SaskatchewanEmissions|CO2|Combustion|Sector|Hydrogen2045
Saskatchewan,Emissions|CO2|Combustion|Sector|Hydrogen,Emissions,emissions_total_cumul_net,Hydrogen,,,CO2,Combustion,2050,,SaskatchewanEmissions|CO2|Combustion|Sector|Hydrogen2050
Saskatchewan,Emissions|CO2|Combustion|Sector|Industry,Emissions,emissions_total_cumul_net,Industry,,,CO2,Combustion,2015,,SaskatchewanEmissions|CO2|Combustion|Sector|Industry2015
Saskatchewan,Emissions|CO2|Combustion|Sector|Industry,Emissions,emissions_total_cumul_net,Industry,,,CO2,Combustion,2020,,SaskatchewanEmissions|CO2|Combustion|Sector|Industry2020
Saskatchewan,Emissions|CO2|Combustion|Sector|Industry,Emissions,emissions_total_cumul_net,Industry,,,CO2,Combustion,2025,,SaskatchewanEmissions|CO2|Combustion|Sector|Industry2025
Saskatchewan,Emissions|CO2|Combustion|Sector|Industry,Emissions,emissions_total_cumul_net,Industry,,,CO2,Combustion,2030,,SaskatchewanEmissions|CO2|Combustion|Sector|Industry2030
Saskatchewan,Emissions|CO2|Combustion|Sector|Industry,Emissions,emissions_total_cumul_net,Industry,,,CO2,Combustion,2035,,SaskatchewanEmissions|CO2|Combustion|Sector|Industry2035
Saskatchewan,Emissions|CO2|Combustion|Sector|Industry,Emissions,emissions_total_cumul_net,Industry,,,CO2,Combustion,2040,,SaskatchewanEmissions|CO2|Combustion|Sector|Industry2040
Saskatchewan,Emissions|CO2|Combustion|Sector|Industry,Emissions,emissions_total_cumul_net,Industry,,,CO2,Combustion,2045,,SaskatchewanEmissions|CO2|Combustion|Sector|Industry2045
Saskatchewan,Emissions|CO2|Combustion|Sector|Industry,Emissions,emissions_total_cumul_net,Industry,,,CO2,Combustion,2050,,SaskatchewanEmissions|CO2|Combustion|Sector|Industry2050
Saskatchewan,Emissions|CO2|Combustion|Sector|Industry|Non Mfg|Petroleum Refining,Emissions,emissions_total_cumul_net,Petroleum Refining,,,CO2,Combustion,2015,,SaskatchewanEmissions|CO2|Combustion|Sector|Industry|Non Mfg|Petroleum Refining2015
Saskatchewan,Emissions|CO2|Combustion|Sector|Industry|Non Mfg|Petroleum Refining,Emissions,emissions_total_cumul_net,Petroleum Refining,,,CO2,Combustion,2020,,SaskatchewanEmissions|CO2|Combustion|Sector|Industry|Non Mfg|Petroleum Refining2020
Saskatchewan,Emissions|CO2|Combustion|Sector|Industry|Non Mfg|Petroleum Refining,Emissions,emissions_total_cumul_net,Petroleum Refining,,,CO2,Combustion,2025,,SaskatchewanEmissions|CO2|Combustion|Sector|Industry|Non Mfg|Petroleum Refining2025
Saskatchewan,Emissions|CO2|Combustion|Sector|Industry|Non Mfg|Petroleum Refining,Emissions,emissions_total_cumul_net,Petroleum Refining,,,CO2,Combustion,2030,,SaskatchewanEmissions|CO2|Combustion|Sector|Industry|Non Mfg|Petroleum Refining2030
Saskatchewan,Emissions|CO2|Combustion|Sector|Industry|Non Mfg|Petroleum Refining,Emissions,emissions_total_cumul_net,Petroleum Refining,,,CO2,Combustion,2035,,SaskatchewanEmissions|CO2|Combustion|Sector|Industry|Non Mfg|Petroleum Refining2035
Saskatchewan,Emissions|CO2|Combustion|Sector|Industry|Non Mfg|Petroleum Refining,Emissions,emissions_total_cumul_net,Petroleum Refining,,,CO2,Combustion,2040,,SaskatchewanEmissions|CO2|Combustion|Sector|Industry|Non Mfg|Petroleum Refining2040
Saskatchewan,Emissions|CO2|Combustion|Sector|Industry|Non Mfg|Petroleum Refining,Emissions,emissions_total_cumul_net,Petroleum Refining,,,CO2,Combustion,2045,,SaskatchewanEmissions|CO2|Combustion|Sector|Industry|Non Mfg|Petroleum Refining2045
Saskatchewan,Emissions|CO2|Combustion|Sector|Industry|Non Mfg|Petroleum Refining,Emissions,emissions_total_cumul_net,Petroleum Refining,,,CO2,Combustion,2050,,SaskatchewanEmissions|CO2|Combustion|Sector|Industry|Non Mfg|Petroleum Refining2050
Saskatchewan,Emissions|CO2|Combustion|Sector|Transportation,Emissions,emissions_total_cumul_net,Transport,,,CO2,Combustion,2015,,SaskatchewanEmissions|CO2|Combustion|Sector|Transportation2015
Saskatchewan,Emissions|CO2|Combustion|Sector|Transportation,Emissions,emissions_total_cumul_net,Transport,,,CO2,Combustion,2020,,SaskatchewanEmissions|CO2|Combustion|Sector|Transportation2020
Saskatchewan,Emissions|CO2|Combustion|Sector|Transportation,Emissions,emissions_total_cumul_net,Transport,,,CO2,Combustion,2025,,SaskatchewanEmissions|CO2|Combustion|Sector|Transportation2025
Saskatchewan,Emissions|CO2|Combustion|Sector|Transportation,Emissions,emissions_total_cumul_net,Transport,,,CO2,Combustion,2030,,SaskatchewanEmissions|CO2|Combustion|Sector|Transportation2030
Saskatchewan,Emissions|CO2|Combustion|Sector|Transportation,Emissions,emissions_total_cumul_net,Transport,,,CO2,Combustion,2035,,SaskatchewanEmissions|CO2|Combustion|Sector|Transportation2035
Saskatchewan,Emissions|CO2|Combustion|Sector|Transportation,Emissions,emissions_total_cumul_net,Transport,,,CO2,Combustion,2040,,SaskatchewanEmissions|CO2|Combustion|Sector|Transportation2040
Saskatchewan,Emissions|CO2|Combustion|Sector|Transportation,Emissions,emissions_total_cumul_net,Transport,,,CO2,Combustion,2045,,SaskatchewanEmissions|CO2|Combustion|Sector|Transportation2045
Saskatchewan,Emissions|CO2|Combustion|Sector|Transportation,Emissions,emissions_total_cumul_net,Transport,,,CO2,Combustion,2050,,SaskatchewanEmissions|CO2|Combustion|Sector|Transportation2050
Saskatchewan,Emissions|CO2|Industrial Process,Emissions,emissions_total_cumul_net,Economy,,,CO2,Process,2015,,SaskatchewanEmissions|CO2|Industrial Process2015
Saskatchewan,Emissions|CO2|Industrial Process,Emissions,emissions_total_cumul_net,Economy,,,CO2,Process,2020,,SaskatchewanEmissions|CO2|Industrial Process2020
Saskatchewan,Emissions|CO2|Industrial Process,Emissions,emissions_total_cumul_net,Economy,,,CO2,Process,2025,,SaskatchewanEmissions|CO2|Industrial Process2025
Saskatchewan,Emissions|CO2|Industrial Process,Emissions,emissions_total_cumul_net,Economy,,,CO2,Process,2030,,SaskatchewanEmissions|CO2|Industrial Process2030
Saskatchewan,Emissions|CO2|Industrial Process,Emissions,emissions_total_cumul_net,Economy,,,CO2,Process,2035,,SaskatchewanEmissions|CO2|Industrial Process2035
Saskatchewan,Emissions|CO2|Industrial Process,Emissions,emissions_total_cumul_net,Economy,,,CO2,Process,2040,,SaskatchewanEmissions|CO2|Industrial Process2040
Saskatchewan,Emissions|CO2|Industrial Process,Emissions,emissions_total_cumul_net,Economy,,,CO2,Process,2045,,SaskatchewanEmissions|CO2|Industrial Process2045
Saskatchewan,Emissions|CO2|Industrial Process,Emissions,emissions_total_cumul_net,Economy,,,CO2,Process,2050,,SaskatchewanEmissions|CO2|Industrial Process2050
Saskatchewan,Emissions|GHG Total,Emissions,emissions_total_cumul_net,Economy,,,GHG,ALL,2015,,SaskatchewanEmissions|GHG Total2015
Saskatchewan,Emissions|GHG Total,Emissions,emissions_total_cumul_net,Economy,,,GHG,ALL,2020,,SaskatchewanEmissions|GHG Total2020
Saskatchewan,Emissions|GHG Total,Emissions,emissions_total_cumul_net,Economy,,,GHG,ALL,2025,,SaskatchewanEmissions|GHG Total2025
Saskatchewan,Emissions|GHG Total,Emissions,emissions_total_cumul_net,Economy,,,GHG,ALL,2030,,SaskatchewanEmissions|GHG Total2030
Saskatchewan,Emissions|GHG Total,Emissions,emissions_total_cumul_net,Economy,,,GHG,ALL,2035,,SaskatchewanEmissions|GHG Total2035
Saskatchewan,Emissions|GHG Total,Emissions,emissions_total_cumul_net,Economy,,,GHG,ALL,2040,,SaskatchewanEmissions|GHG Total2040
Saskatchewan,Emissions|GHG Total,Emissions,emissions_total_cumul_net,Economy,,,GHG,ALL,2045,,SaskatchewanEmissions|GHG Total2045
Saskatchewan,Emissions|GHG Total,Emissions,emissions_total_cumul_net,Economy,,,GHG,ALL,2050,,SaskatchewanEmissions|GHG Total2050
Saskatchewan,Emissions|GHG Total|Combustion,Emissions,emissions_total_cumul_net,Economy,,,GHG,Combustion,2015,,SaskatchewanEmissions|GHG Total|Combustion2015
Saskatchewan,Emissions|GHG Total|Combustion,Emissions,emissions_total_cumul_net,Economy,,,GHG,Combustion,2020,,SaskatchewanEmissions|GHG Total|Combustion2020
Saskatchewan,Emissions|GHG Total|Combustion,Emissions,emissions_total_cumul_net,Economy,,,GHG,Combustion,2025,,SaskatchewanEmissions|GHG Total|Combustion2025
Saskatchewan,Emissions|GHG Total|Combustion,Emissions,emissions_total_cumul_net,Economy,,,GHG,Combustion,2030,,SaskatchewanEmissions|GHG Total|Combustion2030
Saskatchewan,Emissions|GHG Total|Combustion,Emissions,emissions_total_cumul_net,Economy,,,GHG,Combustion,2035,,SaskatchewanEmissions|GHG Total|Combustion2035
Saskatchewan,Emissions|GHG Total|Combustion,Emissions,emissions_total_cumul_net,Economy,,,GHG,Combustion,2040,,SaskatchewanEmissions|GHG Total|Combustion2040
Saskatchewan,Emissions|GHG Total|Combustion,Emissions,emissions_total_cumul_net,Economy,,,GHG,Combustion,2045,,SaskatchewanEmissions|GHG Total|Combustion2045
Saskatchewan,Emissions|GHG Total|Combustion,Emissions,emissions_total_cumul_net,Economy,,,GHG,Combustion,2050,,SaskatchewanEmissions|GHG Total|Combustion2050
Saskatchewan,Emissions|GHG Total|Combustion|Energy|Coal,Emissions,emissions_total_cumul_net,Economy,Coal,,GHG,Combustion,2015,,SaskatchewanEmissions|GHG Total|Combustion|Energy|Coal2015
Saskatchewan,Emissions|GHG Total|Combustion|Energy|Coal,Emissions,emissions_total_cumul_net,Economy,Coal,,GHG,Combustion,2020,,SaskatchewanEmissions|GHG Total|Combustion|Energy|Coal2020
Saskatchewan,Emissions|GHG Total|Combustion|Energy|Coal,Emissions,emissions_total_cumul_net,Economy,Coal,,GHG,Combustion,2025,,SaskatchewanEmissions|GHG Total|Combustion|Energy|Coal2025
Saskatchewan,Emissions|GHG Total|Combustion|Energy|Coal,Emissions,emissions_total_cumul_net,Economy,Coal,,GHG,Combustion,2030,,SaskatchewanEmissions|GHG Total|Combustion|Energy|Coal2030
Saskatchewan,Emissions|GHG Total|Combustion|Energy|Coal,Emissions,emissions_total_cumul_net,Economy,Coal,,GHG,Combustion,2035,,SaskatchewanEmissions|GHG Total|Combustion|Energy|Coal2035
Saskatchewan,Emissions|GHG Total|Combustion|Energy|Coal,Emissions,emissions_total_cumul_net,Economy,Coal,,GHG,Combustion,2040,,SaskatchewanEmissions|GHG Total|Combustion|Energy|Coal2040
Saskatchewan,Emissions|GHG Total|Combustion|Energy|Coal,Emissions,emissions_total_cumul_net,Economy,Coal,,GHG,Combustion,2045,,SaskatchewanEmissions|GHG Total|Combustion|Energy|Coal2045
Saskatchewan,Emissions|GHG Total|Combustion|Energy|Coal,Emissions,emissions_total_cumul_net,Economy,Coal,,GHG,Combustion,2050,,SaskatchewanEmissions|GHG Total|Combustion|Energy|Coal2050
Saskatchewan,Emissions|GHG Total|Combustion|Energy|Gas,Emissions,emissions_total_cumul_net,Economy,Gas,,GHG,Combustion,2015,,SaskatchewanEmissions|GHG Total|Combustion|Energy|Gas2015
Saskatchewan,Emissions|GHG Total|Combustion|Energy|Gas,Emissions,emissions_total_cumul_net,Economy,Gas,,GHG,Combustion,2020,,SaskatchewanEmissions|GHG Total|Combustion|Energy|Gas2020
Saskatchewan,Emissions|GHG Total|Combustion|Energy|Gas,Emissions,emissions_total_cumul_net,Economy,Gas,,GHG,Combustion,2025,,SaskatchewanEmissions|GHG Total|Combustion|Energy|Gas2025
Saskatchewan,Emissions|GHG Total|Combustion|Energy|Gas,Emissions,emissions_total_cumul_net,Economy,Gas,,GHG,Combustion,2030,,SaskatchewanEmissions|GHG Total|Combustion|Energy|Gas2030
Saskatchewan,Emissions|GHG Total|Combustion|Energy|Gas,Emissions,emissions_total_cumul_net,Economy,Gas,,GHG,Combustion,2035,,SaskatchewanEmissions|GHG Total|Combustion|Energy|Gas2035
Saskatchewan,Emissions|GHG Total|Combustion|Energy|Gas,Emissions,emissions_total_cumul_net,Economy,Gas,,GHG,Combustion,2040,,SaskatchewanEmissions|GHG Total|Combustion|Energy|Gas2040
Saskatchewan,Emissions|GHG Total|Combustion|Energy|Gas,Emissions,emissions_total_cumul_net,Economy,Gas,,GHG,Combustion,2045,,SaskatchewanEmissions|GHG Total|Combustion|Energy|Gas2045
Saskatchewan,Emissions|GHG Total|Combustion|Energy|Gas,Emissions,emissions_total_cumul_net,Economy,Gas,,GHG,Combustion,2050,,SaskatchewanEmissions|GHG Total|Combustion|Energy|Gas2050
Saskatchewan,Emissions|GHG Total|Combustion|Energy|Oil,Emissions,emissions_total_cumul_net,Economy,Oil,,GHG,Combustion,2015,,SaskatchewanEmissions|GHG Total|Combustion|Energy|Oil2015
Saskatchewan,Emissions|GHG Total|Combustion|Energy|Oil,Emissions,emissions_total_cumul_net,Economy,Oil,,GHG,Combustion,2020,,SaskatchewanEmissions|GHG Total|Combustion|Energy|Oil2020
Saskatchewan,Emissions|GHG Total|Combustion|Energy|Oil,Emissions,emissions_total_cumul_net,Economy,Oil,,GHG,Combustion,2025,,SaskatchewanEmissions|GHG Total|Combustion|Energy|Oil2025
Saskatchewan,Emissions|GHG Total|Combustion|Energy|Oil,Emissions,emissions_total_cumul_net,Economy,Oil,,GHG,Combustion,2030,,SaskatchewanEmissions|GHG Total|Combustion|Energy|Oil2030
Saskatchewan,Emissions|GHG Total|Combustion|Energy|Oil,Emissions,emissions_total_cumul_net,Economy,Oil,,GHG,Combustion,2035,,SaskatchewanEmissions|GHG Total|Combustion|Energy|Oil2035
Saskatchewan,Emissions|GHG Total|Combustion|Energy|Oil,Emissions,emissions_total_cumul_net,Economy,Oil,,GHG,Combustion,2040,,SaskatchewanEmissions|GHG Total|Combustion|Energy|Oil2040
Saskatchewan,Emissions|GHG Total|Combustion|Energy|Oil,Emissions,emissions_total_cumul_net,Economy,Oil,,GHG,Combustion,2045,,SaskatchewanEmissions|GHG Total|Combustion|Energy|Oil2045
Saskatchewan,Emissions|GHG Total|Combustion|Energy|Oil,Emissions,emissions_total_cumul_net,Economy,Oil,,GHG,Combustion,2050,,SaskatchewanEmissions|GHG Total|Combustion|Energy|Oil2050
Saskatchewan,Emissions|GHG Total|Combustion|Sector|Biomass Liquids,Emissions,emissions_total_cumul_net,Biofuels,,,GHG,Combustion,2015,,SaskatchewanEmissions|GHG Total|Combustion|Sector|Biomass Liquids2015
Saskatchewan,Emissions|GHG Total|Combustion|Sector|Biomass Liquids,Emissions,emissions_total_cumul_net,Biofuels,,,GHG,Combustion,2020,,SaskatchewanEmissions|GHG Total|Combustion|Sector|Biomass Liquids2020
Saskatchewan,Emissions|GHG Total|Combustion|Sector|Biomass Liquids,Emissions,emissions_total_cumul_net,Biofuels,,,GHG,Combustion,2025,,SaskatchewanEmissions|GHG Total|Combustion|Sector|Biomass Liquids2025
Saskatchewan,Emissions|GHG Total|Combustion|Sector|Biomass Liquids,Emissions,emissions_total_cumul_net,Biofuels,,,GHG,Combustion,2030,,SaskatchewanEmissions|GHG Total|Combustion|Sector|Biomass Liquids2030
Saskatchewan,Emissions|GHG Total|Combustion|Sector|Biomass Liquids,Emissions,emissions_total_cumul_net,Biofuels,,,GHG,Combustion,2035,,SaskatchewanEmissions|GHG Total|Combustion|Sector|Biomass Liquids2035
Saskatchewan,Emissions|GHG Total|Combustion|Sector|Biomass Liquids,Emissions,emissions_total_cumul_net,Biofuels,,,GHG,Combustion,2040,,SaskatchewanEmissions|GHG Total|Combustion|Sector|Biomass Liquids2040
Saskatchewan,Emissions|GHG Total|Combustion|Sector|Biomass Liquids,Emissions,emissions_total_cumul_net,Biofuels,,,GHG,Combustion,2045,,SaskatchewanEmissions|GHG Total|Combustion|Sector|Biomass Liquids2045
Saskatchewan,Emissions|GHG Total|Combustion|Sector|Biomass Liquids,Emissions,emissions_total_cumul_net,Biofuels,,,GHG,Combustion,2050,,SaskatchewanEmissions|GHG Total|Combustion|Sector|Biomass Liquids2050
Saskatchewan,Emissions|GHG Total|Combustion|Sector|Buildings,Emissions,emissions_total_cumul_net,Buildings,,,GHG,Combustion,2015,,SaskatchewanEmissions|GHG Total|Combustion|Sector|Buildings2015
Saskatchewan,Emissions|GHG Total|Combustion|Sector|Buildings,Emissions,emissions_total_cumul_net,Buildings,,,GHG,Combustion,2020,,SaskatchewanEmissions|GHG Total|Combustion|Sector|Buildings2020
Saskatchewan,Emissions|GHG Total|Combustion|Sector|Buildings,Emissions,emissions_total_cumul_net,Buildings,,,GHG,Combustion,2025,,SaskatchewanEmissions|GHG Total|Combustion|Sector|Buildings2025
Saskatchewan,Emissions|GHG Total|Combustion|Sector|Buildings,Emissions,emissions_total_cumul_net,Buildings,,,GHG,Combustion,2030,,SaskatchewanEmissions|GHG Total|Combustion|Sector|Buildings2030
Saskatchewan,Emissions|GHG Total|Combustion|Sector|Buildings,Emissions,emissions_total_cumul_net,Buildings,,,GHG,Combustion,2035,,SaskatchewanEmissions|GHG Total|Combustion|Sector|Buildings2035
Saskatchewan,Emissions|GHG Total|Combustion|Sector|Buildings,Emissions,emissions_total_cumul_net,Buildings,,,GHG,Combustion,2040,,SaskatchewanEmissions|GHG Total|Combustion|Sector|Buildings2040
Saskatchewan,Emissions|GHG Total|Combustion|Sector|Buildings,Emissions,emissions_total_cumul_net,Buildings,,,GHG,Combustion,2045,,SaskatchewanEmissions|GHG Total|Combustion|Sector|Buildings2045
Saskatchewan,Emissions|GHG Total|Combustion|Sector|Buildings,Emissions,emissions_total_cumul_net,Buildings,,,GHG,Combustion,2050,,SaskatchewanEmissions|GHG Total|Combustion|Sector|Buildings2050
Saskatchewan,Emissions|GHG Total|Combustion|Sector|Electricity,Emissions,emissions_total_cumul_net,Electricity,,,GHG,Combustion,2015,,SaskatchewanEmissions|GHG Total|Combustion|Sector|Electricity2015
Saskatchewan,Emissions|GHG Total|Combustion|Sector|Electricity,Emissions,emissions_total_cumul_net,Electricity,,,GHG,Combustion,2020,,SaskatchewanEmissions|GHG Total|Combustion|Sector|Electricity2020
Saskatchewan,Emissions|GHG Total|Combustion|Sector|Electricity,Emissions,emissions_total_cumul_net,Electricity,,,GHG,Combustion,2025,,SaskatchewanEmissions|GHG Total|Combustion|Sector|Electricity2025
Saskatchewan,Emissions|GHG Total|Combustion|Sector|Electricity,Emissions,emissions_total_cumul_net,Electricity,,,GHG,Combustion,2030,,SaskatchewanEmissions|GHG Total|Combustion|Sector|Electricity2030
Saskatchewan,Emissions|GHG Total|Combustion|Sector|Electricity,Emissions,emissions_total_cumul_net,Electricity,,,GHG,Combustion,2035,,SaskatchewanEmissions|GHG Total|Combustion|Sector|Electricity2035
Saskatchewan,Emissions|GHG Total|Combustion|Sector|Electricity,Emissions,emissions_total_cumul_net,Electricity,,,GHG,Combustion,2040,,SaskatchewanEmissions|GHG Total|Combustion|Sector|Electricity2040
Saskatchewan,Emissions|GHG Total|Combustion|Sector|Electricity,Emissions,emissions_total_cumul_net,Electricity,,,GHG,Combustion,2045,,SaskatchewanEmissions|GHG Total|Combustion|Sector|Electricity2045
Saskatchewan,Emissions|GHG Total|Combustion|Sector|Electricity,Emissions,emissions_total_cumul_net,Electricity,,,GHG,Combustion,2050,,SaskatchewanEmissions|GHG Total|Combustion|Sector|Electricity2050
Saskatchewan,Emissions|GHG Total|Combustion|Sector|Hydrogen,Emissions,emissions_total_cumul_net,Hydrogen,,,GHG,Combustion,2015,,SaskatchewanEmissions|GHG Total|Combustion|Sector|Hydrogen2015
Saskatchewan,Emissions|GHG Total|Combustion|Sector|Hydrogen,Emissions,emissions_total_cumul_net,Hydrogen,,,GHG,Combustion,2020,,SaskatchewanEmissions|GHG Total|Combustion|Sector|Hydrogen2020
Saskatchewan,Emissions|GHG Total|Combustion|Sector|Hydrogen,Emissions,emissions_total_cumul_net,Hydrogen,,,GHG,Combustion,2025,,SaskatchewanEmissions|GHG Total|Combustion|Sector|Hydrogen2025
Saskatchewan,Emissions|GHG Total|Combustion|Sector|Hydrogen,Emissions,emissions_total_cumul_net,Hydrogen,,,GHG,Combustion,2030,,SaskatchewanEmissions|GHG Total|Combustion|Sector|Hydrogen2030
Saskatchewan,Emissions|GHG Total|Combustion|Sector|Hydrogen,Emissions,emissions_total_cumul_net,Hydrogen,,,GHG,Combustion,2035,,SaskatchewanEmissions|GHG Total|Combustion|Sector|Hydrogen2035
Saskatchewan,Emissions|GHG Total|Combustion|Sector|Hydrogen,Emissions,emissions_total_cumul_net,Hydrogen,,,GHG,Combustion,2040,,SaskatchewanEmissions|GHG Total|Combustion|Sector|Hydrogen2040
Saskatchewan,Emissions|GHG Total|Combustion|Sector|Hydrogen,Emissions,emissions_total_cumul_net,Hydrogen,,,GHG,Combustion,2045,,SaskatchewanEmissions|GHG Total|Combustion|Sector|Hydrogen2045
Saskatchewan,Emissions|GHG Total|Combustion|Sector|Hydrogen,Emissions,emissions_total_cumul_net,Hydrogen,,,GHG,Combustion,2050,,SaskatchewanEmissions|GHG Total|Combustion|Sector|Hydrogen2050
Saskatchewan,Emissions|GHG Total|Combustion|Sector|Industry,Emissions,emissions_total_cumul_net,Industry,,,GHG,Combustion,2015,,SaskatchewanEmissions|GHG Total|Combustion|Sector|Industry2015
Saskatchewan,Emissions|GHG Total|Combustion|Sector|Industry,Emissions,emissions_total_cumul_net,Industry,,,GHG,Combustion,2020,,SaskatchewanEmissions|GHG Total|Combustion|Sector|Industry2020
Saskatchewan,Emissions|GHG Total|Combustion|Sector|Industry,Emissions,emissions_total_cumul_net,Industry,,,GHG,Combustion,2025,,SaskatchewanEmissions|GHG Total|Combustion|Sector|Industry2025
Saskatchewan,Emissions|GHG Total|Combustion|Sector|Industry,Emissions,emissions_total_cumul_net,Industry,,,GHG,Combustion,2030,,SaskatchewanEmissions|GHG Total|Combustion|Sector|Industry2030
Saskatchewan,Emissions|GHG Total|Combustion|Sector|Industry,Emissions,emissions_total_cumul_net,Industry,,,GHG,Combustion,2035,,SaskatchewanEmissions|GHG Total|Combustion|Sector|Industry2035
Saskatchewan,Emissions|GHG Total|Combustion|Sector|Industry,Emissions,emissions_total_cumul_net,Industry,,,GHG,Combustion,2040,,SaskatchewanEmissions|GHG Total|Combustion|Sector|Industry2040
Saskatchewan,Emissions|GHG Total|Combustion|Sector|Industry,Emissions,emissions_total_cumul_net,Industry,,,GHG,Combustion,2045,,SaskatchewanEmissions|GHG Total|Combustion|Sector|Industry2045
Saskatchewan,Emissions|GHG Total|Combustion|Sector|Industry,Emissions,emissions_total_cumul_net,Industry,,,GHG,Combustion,2050,,SaskatchewanEmissions|GHG Total|Combustion|Sector|Industry2050
Saskatchewan,Emissions|GHG Total|Combustion|Sector|Industry|Non Mfg|Petroleum Refining,Emissions,emissions_total_cumul_net,Petroleum Refining,,,GHG,Combustion,2015,,SaskatchewanEmissions|GHG Total|Combustion|Sector|Industry|Non Mfg|Petroleum Refining2015
Saskatchewan,Emissions|GHG Total|Combustion|Sector|Industry|Non Mfg|Petroleum Refining,Emissions,emissions_total_cumul_net,Petroleum Refining,,,GHG,Combustion,2020,,SaskatchewanEmissions|GHG Total|Combustion|Sector|Industry|Non Mfg|Petroleum Refining2020
Saskatchewan,Emissions|GHG Total|Combustion|Sector|Industry|Non Mfg|Petroleum Refining,Emissions,emissions_total_cumul_net,Petroleum Refining,,,GHG,Combustion,2025,,SaskatchewanEmissions|GHG Total|Combustion|Sector|Industry|Non Mfg|Petroleum Refining2025
Saskatchewan,Emissions|GHG Total|Combustion|Sector|Industry|Non Mfg|Petroleum Refining,Emissions,emissions_total_cumul_net,Petroleum Refining,,,GHG,Combustion,2030,,SaskatchewanEmissions|GHG Total|Combustion|Sector|Industry|Non Mfg|Petroleum Refining2030
Saskatchewan,Emissions|GHG Total|Combustion|Sector|Industry|Non Mfg|Petroleum Refining,Emissions,emissions_total_cumul_net,Petroleum Refining,,,GHG,Combustion,2035,,SaskatchewanEmissions|GHG Total|Combustion|Sector|Industry|Non Mfg|Petroleum Refining2035
Saskatchewan,Emissions|GHG Total|Combustion|Sector|Industry|Non Mfg|Petroleum Refining,Emissions,emissions_total_cumul_net,Petroleum Refining,,,GHG,Combustion,2040,,SaskatchewanEmissions|GHG Total|Combustion|Sector|Industry|Non Mfg|Petroleum Refining2040
Saskatchewan,Emissions|GHG Total|Combustion|Sector|Industry|Non Mfg|Petroleum Refining,Emissions,emissions_total_cumul_net,Petroleum Refining,,,GHG,Combustion,2045,,SaskatchewanEmissions|GHG Total|Combustion|Sector|Industry|Non Mfg|Petroleum Refining2045
Saskatchewan,Emissions|GHG Total|Combustion|Sector|Industry|Non Mfg|Petroleum Refining,Emissions,emissions_total_cumul_net,Petroleum Refining,,,GHG,Combustion,2050,,SaskatchewanEmissions|GHG Total|Combustion|Sector|Industry|Non Mfg|Petroleum Refining2050
Saskatchewan,Emissions|GHG Total|Combustion|Sector|Transportation,Emissions,emissions_total_cumul_net,Transport,,,GHG,Combustion,2015,,SaskatchewanEmissions|GHG Total|Combustion|Sector|Transportation2015
Saskatchewan,Emissions|GHG Total|Combustion|Sector|Transportation,Emissions,emissions_total_cumul_net,Transport,,,GHG,Combustion,2020,,SaskatchewanEmissions|GHG Total|Combustion|Sector|Transportation2020
Saskatchewan,Emissions|GHG Total|Combustion|Sector|Transportation,Emissions,emissions_total_cumul_net,Transport,,,GHG,Combustion,2025,,SaskatchewanEmissions|GHG Total|Combustion|Sector|Transportation2025
Saskatchewan,Emissions|GHG Total|Combustion|Sector|Transportation,Emissions,emissions_total_cumul_net,Transport,,,GHG,Combustion,2030,,SaskatchewanEmissions|GHG Total|Combustion|Sector|Transportation2030
Saskatchewan,Emissions|GHG Total|Combustion|Sector|Transportation,Emissions,emissions_total_cumul_net,Transport,,,GHG,Combustion,2035,,SaskatchewanEmissions|GHG Total|Combustion|Sector|Transportation2035
Saskatchewan,Emissions|GHG Total|Combustion|Sector|Transportation,Emissions,emissions_total_cumul_net,Transport,,,GHG,Combustion,2040,,SaskatchewanEmissions|GHG Total|Combustion|Sector|Transportation2040
Saskatchewan,Emissions|GHG Total|Combustion|Sector|Transportation,Emissions,emissions_total_cumul_net,Transport,,,GHG,Combustion,2045,,SaskatchewanEmissions|GHG Total|Combustion|Sector|Transportation2045
Saskatchewan,Emissions|GHG Total|Combustion|Sector|Transportation,Emissions,emissions_total_cumul_net,Transport,,,GHG,Combustion,2050,,SaskatchewanEmissions|GHG Total|Combustion|Sector|Transportation2050
Saskatchewan,Emissions|GHG Total|Fugitive,Emissions,emissions_total_cumul_net,Economy,,,GHG,Fugitive,2015,,SaskatchewanEmissions|GHG Total|Fugitive2015
Saskatchewan,Emissions|GHG Total|Fugitive,Emissions,emissions_total_cumul_net,Economy,,,GHG,Fugitive,2020,,SaskatchewanEmissions|GHG Total|Fugitive2020
Saskatchewan,Emissions|GHG Total|Fugitive,Emissions,emissions_total_cumul_net,Economy,,,GHG,Fugitive,2025,,SaskatchewanEmissions|GHG Total|Fugitive2025
Saskatchewan,Emissions|GHG Total|Fugitive,Emissions,emissions_total_cumul_net,Economy,,,GHG,Fugitive,2030,,SaskatchewanEmissions|GHG Total|Fugitive2030
Saskatchewan,Emissions|GHG Total|Fugitive,Emissions,emissions_total_cumul_net,Economy,,,GHG,Fugitive,2035,,SaskatchewanEmissions|GHG Total|Fugitive2035
Saskatchewan,Emissions|GHG Total|Fugitive,Emissions,emissions_total_cumul_net,Economy,,,GHG,Fugitive,2040,,SaskatchewanEmissions|GHG Total|Fugitive2040
Saskatchewan,Emissions|GHG Total|Fugitive,Emissions,emissions_total_cumul_net,Economy,,,GHG,Fugitive,2045,,SaskatchewanEmissions|GHG Total|Fugitive2045
Saskatchewan,Emissions|GHG Total|Fugitive,Emissions,emissions_total_cumul_net,Economy,,,GHG,Fugitive,2050,,SaskatchewanEmissions|GHG Total|Fugitive2050
Saskatchewan,Emissions|GHG Total|Fugitive|Buildings,Emissions,emissions_total_cumul_net,Buildings,,,GHG,Fugitive,2015,,SaskatchewanEmissions|GHG Total|Fugitive|Buildings2015
Saskatchewan,Emissions|GHG Total|Fugitive|Buildings,Emissions,emissions_total_cumul_net,Buildings,,,GHG,Fugitive,2020,,SaskatchewanEmissions|GHG Total|Fugitive|Buildings2020
Saskatchewan,Emissions|GHG Total|Fugitive|Buildings,Emissions,emissions_total_cumul_net,Buildings,,,GHG,Fugitive,2025,,SaskatchewanEmissions|GHG Total|Fugitive|Buildings2025
Saskatchewan,Emissions|GHG Total|Fugitive|Buildings,Emissions,emissions_total_cumul_net,Buildings,,,GHG,Fugitive,2030,,SaskatchewanEmissions|GHG Total|Fugitive|Buildings2030
Saskatchewan,Emissions|GHG Total|Fugitive|Buildings,Emissions,emissions_total_cumul_net,Buildings,,,GHG,Fugitive,2035,,SaskatchewanEmissions|GHG Total|Fugitive|Buildings2035
Saskatchewan,Emissions|GHG Total|Fugitive|Buildings,Emissions,emissions_total_cumul_net,Buildings,,,GHG,Fugitive,2040,,SaskatchewanEmissions|GHG Total|Fugitive|Buildings2040
Saskatchewan,Emissions|GHG Total|Fugitive|Buildings,Emissions,emissions_total_cumul_net,Buildings,,,GHG,Fugitive,2045,,SaskatchewanEmissions|GHG Total|Fugitive|Buildings2045
Saskatchewan,Emissions|GHG Total|Fugitive|Buildings,Emissions,emissions_total_cumul_net,Buildings,,,GHG,Fugitive,2050,,SaskatchewanEmissions|GHG Total|Fugitive|Buildings2050
Saskatchewan,Emissions|GHG Total|Fugitive|Industry|Non Mfg|Petroleum Refining,Emissions,emissions_total_cumul_net,Petroleum Refining,,,GHG,Fugitive,2015,,SaskatchewanEmissions|GHG Total|Fugitive|Industry|Non Mfg|Petroleum Refining2015
Saskatchewan,Emissions|GHG Total|Fugitive|Industry|Non Mfg|Petroleum Refining,Emissions,emissions_total_cumul_net,Petroleum Refining,,,GHG,Fugitive,2020,,SaskatchewanEmissions|GHG Total|Fugitive|Industry|Non Mfg|Petroleum Refining2020
Saskatchewan,Emissions|GHG Total|Fugitive|Industry|Non Mfg|Petroleum Refining,Emissions,emissions_total_cumul_net,Petroleum Refining,,,GHG,Fugitive,2025,,SaskatchewanEmissions|GHG Total|Fugitive|Industry|Non Mfg|Petroleum Refining2025
Saskatchewan,Emissions|GHG Total|Fugitive|Industry|Non Mfg|Petroleum Refining,Emissions,emissions_total_cumul_net,Petroleum Refining,,,GHG,Fugitive,2030,,SaskatchewanEmissions|GHG Total|Fugitive|Industry|Non Mfg|Petroleum Refining2030
Saskatchewan,Emissions|GHG Total|Fugitive|Industry|Non Mfg|Petroleum Refining,Emissions,emissions_total_cumul_net,Petroleum Refining,,,GHG,Fugitive,2035,,SaskatchewanEmissions|GHG Total|Fugitive|Industry|Non Mfg|Petroleum Refining2035
Saskatchewan,Emissions|GHG Total|Fugitive|Industry|Non Mfg|Petroleum Refining,Emissions,emissions_total_cumul_net,Petroleum Refining,,,GHG,Fugitive,2040,,SaskatchewanEmissions|GHG Total|Fugitive|Industry|Non Mfg|Petroleum Refining2040
Saskatchewan,Emissions|GHG Total|Fugitive|Industry|Non Mfg|Petroleum Refining,Emissions,emissions_total_cumul_net,Petroleum Refining,,,GHG,Fugitive,2045,,SaskatchewanEmissions|GHG Total|Fugitive|Industry|Non Mfg|Petroleum Refining2045
Saskatchewan,Emissions|GHG Total|Fugitive|Industry|Non Mfg|Petroleum Refining,Emissions,emissions_total_cumul_net,Petroleum Refining,,,GHG,Fugitive,2050,,SaskatchewanEmissions|GHG Total|Fugitive|Industry|Non Mfg|Petroleum Refining2050
Saskatchewan,Emissions|GHG Total|Industrial Process,Emissions,emissions_total_cumul_net,Economy,,,GHG,Process,2015,,SaskatchewanEmissions|GHG Total|Industrial Process2015
Saskatchewan,Emissions|GHG Total|Industrial Process,Emissions,emissions_total_cumul_net,Economy,,,GHG,Process,2020,,SaskatchewanEmissions|GHG Total|Industrial Process2020
Saskatchewan,Emissions|GHG Total|Industrial Process,Emissions,emissions_total_cumul_net,Economy,,,GHG,Process,2025,,SaskatchewanEmissions|GHG Total|Industrial Process2025
Saskatchewan,Emissions|GHG Total|Industrial Process,Emissions,emissions_total_cumul_net,Economy,,,GHG,Process,2030,,SaskatchewanEmissions|GHG Total|Industrial Process2030
Saskatchewan,Emissions|GHG Total|Industrial Process,Emissions,emissions_total_cumul_net,Economy,,,GHG,Process,2035,,SaskatchewanEmissions|GHG Total|Industrial Process2035
Saskatchewan,Emissions|GHG Total|Industrial Process,Emissions,emissions_total_cumul_net,Economy,,,GHG,Process,2040,,SaskatchewanEmissions|GHG Total|Industrial Process2040
Saskatchewan,Emissions|GHG Total|Industrial Process,Emissions,emissions_total_cumul_net,Economy,,,GHG,Process,2045,,SaskatchewanEmissions|GHG Total|Industrial Process2045
Saskatchewan,Emissions|GHG Total|Industrial Process,Emissions,emissions_total_cumul_net,Economy,,,GHG,Process,2050,,SaskatchewanEmissions|GHG Total|Industrial Process2050
Saskatchewan,Price|Carbon,Price,tax,Economy,,,CO2,Combustion,2015,,SaskatchewanPrice|Carbon2015
Saskatchewan,Price|Carbon,Price,tax,Economy,,,CO2,Combustion,2020,,SaskatchewanPrice|Carbon2020
Saskatchewan,Price|Carbon,Price,tax,Economy,,,CO2,Combustion,2025,,SaskatchewanPrice|Carbon2025
Saskatchewan,Price|Carbon,Price,tax,Economy,,,CO2,Combustion,2030,,SaskatchewanPrice|Carbon2030
Saskatchewan,Price|Carbon,Price,tax,Economy,,,CO2,Combustion,2035,,SaskatchewanPrice|Carbon2035
Saskatchewan,Price|Carbon,Price,tax,Economy,,,CO2,Combustion,2040,,SaskatchewanPrice|Carbon2040
Saskatchewan,Price|Carbon,Price,tax,Economy,,,CO2,Combustion,2045,,SaskatchewanPrice|Carbon2045
Saskatchewan,Price|Carbon,Price,tax,Economy,,,CO2,Combustion,2050,,SaskatchewanPrice|Carbon2050
Saskatchewan,Price|Use Final|Biogas,Price,lcc_financial,CIMS,Biogas,,,,2015,,SaskatchewanPrice|Use Final|Biogas2015
Saskatchewan,Price|Use Final|Biogas,Price,lcc_financial,CIMS,Biogas,,,,2020,,SaskatchewanPrice|Use Final|Biogas2020
Saskatchewan,Price|Use Final|Biogas,Price,lcc_financial,CIMS,Biogas,,,,2025,,SaskatchewanPrice|Use Final|Biogas2025
Saskatchewan,Price|Use Final|Biogas,Price,lcc_financial,CIMS,Biogas,,,,2030,,SaskatchewanPrice|Use Final|Biogas2030
Saskatchewan,Price|Use Final|Biogas,Price,lcc_financial,CIMS,Biogas,,,,2035,,SaskatchewanPrice|Use Final|Biogas2035
Saskatchewan,Price|Use Final|Biogas,Price,lcc_financial,CIMS,Biogas,,,,2040,,SaskatchewanPrice|Use Final|Biogas2040
Saskatchewan,Price|Use Final|Biogas,Price,lcc_financial,CIMS,Biogas,,,,2045,,SaskatchewanPrice|Use Final|Biogas2045
Saskatchewan,Price|Use Final|Biogas,Price,lcc_financial,CIMS,Biogas,,,,2050,,SaskatchewanPrice|Use Final|Biogas2050
Saskatchewan,Price|Use Final|Biomass Liquids,Price,lcc_financial,Biodiesel,,,,,2015,,SaskatchewanPrice|Use Final|Biomass Liquids2015
Saskatchewan,Price|Use Final|Biomass Liquids,Price,lcc_financial,Biodiesel,,,,,2020,,SaskatchewanPrice|Use Final|Biomass Liquids2020
Saskatchewan,Price|Use Final|Biomass Liquids,Price,lcc_financial,Biodiesel,,,,,2025,,SaskatchewanPrice|Use Final|Biomass Liquids2025
Saskatchewan,Price|Use Final|Biomass Liquids,Price,lcc_financial,Biodiesel,,,,,2030,,SaskatchewanPrice|Use Final|Biomass Liquids2030
Saskatchewan,Price|Use Final|Biomass Liquids,Price,lcc_financial,Biodiesel,,,,,2035,,SaskatchewanPrice|Use Final|Biomass Liquids2035
Saskatchewan,Price|Use Final|Biomass Liquids,Price,lcc_financial,Biodiesel,,,,,2040,,SaskatchewanPrice|Use Final|Biomass Liquids2040
Saskatchewan,Price|Use Final|Biomass Liquids,Price,lcc_financial,Biodiesel,,,,,2045,,SaskatchewanPrice|Use Final|Biomass Liquids2045
Saskatchewan,Price|Use Final|Biomass Liquids,Price,lcc_financial,Biodiesel,,,,,2050,,SaskatchewanPrice|Use Final|Biomass Liquids2050
Saskatchewan,Price|Use Final|Biomass Solids,Price,lcc_financial,CIMS,Solid Biomass,,,,2015,,SaskatchewanPrice|Use Final|Biomass Solids2015
Saskatchewan,Price|Use Final|Biomass Solids,Price,lcc_financial,CIMS,Solid Biomass,,,,2020,,SaskatchewanPrice|Use Final|Biomass Solids2020
Saskatchewan,Price|Use Final|Biomass Solids,Price,lcc_financial,CIMS,Solid Biomass,,,,2025,,SaskatchewanPrice|Use Final|Biomass Solids2025
Saskatchewan,Price|Use Final|Biomass Solids,Price,lcc_financial,CIMS,Solid Biomass,,,,2030,,SaskatchewanPrice|Use Final|Biomass Solids2030
Saskatchewan,Price|Use Final|Biomass Solids,Price,lcc_financial,CIMS,Solid Biomass,,,,2035,,SaskatchewanPrice|Use Final|Biomass Solids2035
Saskatchewan,Price|Use Final|Biomass Solids,Price,lcc_financial,CIMS,Solid Biomass,,,,2040,,SaskatchewanPrice|Use Final|Biomass Solids2040
Saskatchewan,Price|Use Final|Biomass Solids,Price,lcc_financial,CIMS,Solid Biomass,,,,2045,,SaskatchewanPrice|Use Final|Biomass Solids2045
Saskatchewan,Price|Use Final|Biomass Solids,Price,lcc_financial,CIMS,Solid Biomass,,,,2050,,SaskatchewanPrice|Use Final|Biomass Solids2050
Saskatchewan,Price|Use Final|Electricity,Price,lcc_financial,Electricity,,,,,2015,,SaskatchewanPrice|Use Final|Electricity2015
Saskatchewan,Price|Use Final|Electricity,Price,lcc_financial,Electricity,,,,,2020,,SaskatchewanPrice|Use Final|Electricity2020
Saskatchewan,Price|Use Final|Electricity,Price,lcc_financial,Electricity,,,,,2025,,SaskatchewanPrice|Use Final|Electricity2025
Saskatchewan,Price|Use Final|Electricity,Price,lcc_financial,Electricity,,,,,2030,,SaskatchewanPrice|Use Final|Electricity2030
Saskatchewan,Price|Use Final|Electricity,Price,lcc_financial,Electricity,,,,,2035,,SaskatchewanPrice|Use Final|Electricity2035
Saskatchewan,Price|Use Final|Electricity,Price,lcc_financial,Electricity,,,,,2040,,SaskatchewanPrice|Use Final|Electricity2040
Saskatchewan,Price|Use Final|Electricity,Price,lcc_financial,Electricity,,,,,2045,,SaskatchewanPrice|Use Final|Electricity2045
Saskatchewan,Price|Use Final|Electricity,Price,lcc_financial,Electricity,,,,,2050,,SaskatchewanPrice|Use Final|Electricity2050
Saskatchewan,Price|Use Final|Gas,Price,lcc_financial,CIMS,Natural Gas,,,,2015,,SaskatchewanPrice|Use Final|Gas2015
Saskatchewan,Price|Use Final|Gas,Price,lcc_financial,CIMS,Natural Gas,,,,2020,,SaskatchewanPrice|Use Final|Gas2020
Saskatchewan,Price|Use Final|Gas,Price,lcc_financial,CIMS,Natural Gas,,,,2025,,SaskatchewanPrice|Use Final|Gas2025
Saskatchewan,Price|Use Final|Gas,Price,lcc_financial,CIMS,Natural Gas,,,,2030,,SaskatchewanPrice|Use Final|Gas2030
Saskatchewan,Price|Use Final|Gas,Price,lcc_financial,CIMS,Natural Gas,,,,2035,,SaskatchewanPrice|Use Final|Gas2035
Saskatchewan,Price|Use Final|Gas,Price,lcc_financial,CIMS,Natural Gas,,,,2040,,SaskatchewanPrice|Use Final|Gas2040
Saskatchewan,Price|Use Final|Gas,Price,lcc_financial,CIMS,Natural Gas,,,,2045,,SaskatchewanPrice|Use Final|Gas2045
Saskatchewan,Price|Use Final|Gas,Price,lcc_financial,CIMS,Natural Gas,,,,2050,,SaskatchewanPrice|Use Final|Gas2050
Saskatchewan,Price|Use Final|Hydrogen,Price,lcc_financial,Hydrogen,,,,,2015,,SaskatchewanPrice|Use Final|Hydrogen2015
Saskatchewan,Price|Use Final|Hydrogen,Price,lcc_financial,Hydrogen,,,,,2020,,SaskatchewanPrice|Use Final|Hydrogen2020
Saskatchewan,Price|Use Final|Hydrogen,Price,lcc_financial,Hydrogen,,,,,2025,,SaskatchewanPrice|Use Final|Hydrogen2025
Saskatchewan,Price|Use Final|Hydrogen,Price,lcc_financial,Hydrogen,,,,,2030,,SaskatchewanPrice|Use Final|Hydrogen2030
Saskatchewan,Price|Use Final|Hydrogen,Price,lcc_financial,Hydrogen,,,,,2035,,SaskatchewanPrice|Use Final|Hydrogen2035
Saskatchewan,Price|Use Final|Hydrogen,Price,lcc_financial,Hydrogen,,,,,2040,,SaskatchewanPrice|Use Final|Hydrogen2040
Saskatchewan,Price|Use Final|Hydrogen,Price,lcc_financial,Hydrogen,,,,,2045,,SaskatchewanPrice|Use Final|Hydrogen2045
Saskatchewan,Price|Use Final|Hydrogen,Price,lcc_financial,Hydrogen,,,,,2050,,SaskatchewanPrice|Use Final|Hydrogen2050
Saskatchewan,Price|Use Final|Oil,Price,lcc_financial,CIMS,Diesel,,,,2015,,SaskatchewanPrice|Use Final|Oil2015
Saskatchewan,Price|Use Final|Oil,Price,lcc_financial,CIMS,Diesel,,,,2020,,SaskatchewanPrice|Use Final|Oil2020
Saskatchewan,Price|Use Final|Oil,Price,lcc_financial,CIMS,Diesel,,,,2025,,SaskatchewanPrice|Use Final|Oil2025
Saskatchewan,Price|Use Final|Oil,Price,lcc_financial,CIMS,Diesel,,,,2030,,SaskatchewanPrice|Use Final|Oil2030
Saskatchewan,Price|Use Final|Oil,Price,lcc_financial,CIMS,Diesel,,,,2035,,SaskatchewanPrice|Use Final|Oil2035
Saskatchewan,Price|Use Final|Oil,Price,lcc_financial,CIMS,Diesel,,,,2040,,SaskatchewanPrice|Use Final|Oil2040
Saskatchewan,Price|Use Final|Oil,Price,lcc_financial,CIMS,Diesel,,,,2045,,SaskatchewanPrice|Use Final|Oil2045
Saskatchewan,Price|Use Final|Oil,Price,lcc_financial,CIMS,Diesel,,,,2050,,SaskatchewanPrice|Use Final|Oil2050
Saskatchewan,Price no ctax|Use Final|Biogas,Price,lcc_financial,CIMS,Biogas,,,,2015,,SaskatchewanPrice no ctax|Use Final|Biogas2015
Saskatchewan,Price no ctax|Use Final|Biogas,Price,lcc_financial,CIMS,Biogas,,,,2020,,SaskatchewanPrice no ctax|Use Final|Biogas2020
Saskatchewan,Price no ctax|Use Final|Biogas,Price,lcc_financial,CIMS,Biogas,,,,2025,,SaskatchewanPrice no ctax|Use Final|Biogas2025
Saskatchewan,Price no ctax|Use Final|Biogas,Price,lcc_financial,CIMS,Biogas,,,,2030,,SaskatchewanPrice no ctax|Use Final|Biogas2030
Saskatchewan,Price no ctax|Use Final|Biogas,Price,lcc_financial,CIMS,Biogas,,,,2035,,SaskatchewanPrice no ctax|Use Final|Biogas2035
Saskatchewan,Price no ctax|Use Final|Biogas,Price,lcc_financial,CIMS,Biogas,,,,2040,,SaskatchewanPrice no ctax|Use Final|Biogas2040
Saskatchewan,Price no ctax|Use Final|Biogas,Price,lcc_financial,CIMS,Biogas,,,,2045,,SaskatchewanPrice no ctax|Use Final|Biogas2045
Saskatchewan,Price no ctax|Use Final|Biogas,Price,lcc_financial,CIMS,Biogas,,,,2050,,SaskatchewanPrice no ctax|Use Final|Biogas2050
Saskatchewan,Price no ctax|Use Final|Biomass Liquids,Price,lcc_financial,Biodiesel,,,,,2015,,SaskatchewanPrice no ctax|Use Final|Biomass Liquids2015
Saskatchewan,Price no ctax|Use Final|Biomass Liquids,Price,lcc_financial,Biodiesel,,,,,2020,,SaskatchewanPrice no ctax|Use Final|Biomass Liquids2020
Saskatchewan,Price no ctax|Use Final|Biomass Liquids,Price,lcc_financial,Biodiesel,,,,,2025,,SaskatchewanPrice no ctax|Use Final|Biomass Liquids2025
Saskatchewan,Price no ctax|Use Final|Biomass Liquids,Price,lcc_financial,Biodiesel,,,,,2030,,SaskatchewanPrice no ctax|Use Final|Biomass Liquids2030
Saskatchewan,Price no ctax|Use Final|Biomass Liquids,Price,lcc_financial,Biodiesel,,,,,2035,,SaskatchewanPrice no ctax|Use Final|Biomass Liquids2035
Saskatchewan,Price no ctax|Use Final|Biomass Liquids,Price,lcc_financial,Biodiesel,,,,,2040,,SaskatchewanPrice no ctax|Use Final|Biomass Liquids2040
Saskatchewan,Price no ctax|Use Final|Biomass Liquids,Price,lcc_financial,Biodiesel,,,,,2045,,SaskatchewanPrice no ctax|Use Final|Biomass Liquids2045
Saskatchewan,Price no ctax|Use Final|Biomass Liquids,Price,lcc_financial,Biodiesel,,,,,2050,,SaskatchewanPrice no ctax|Use Final|Biomass Liquids2050
Saskatchewan,Price no ctax|Use Final|Biomass Solids,Price,lcc_financial,CIMS,Solid Biomass,,,,2015,,SaskatchewanPrice no ctax|Use Final|Biomass Solids2015
Saskatchewan,Price no ctax|Use Final|Biomass Solids,Price,lcc_financial,CIMS,Solid Biomass,,,,2020,,SaskatchewanPrice no ctax|Use Final|Biomass Solids2020
Saskatchewan,Price no ctax|Use Final|Biomass Solids,Price,lcc_financial,CIMS,Solid Biomass,,,,2025,,SaskatchewanPrice no ctax|Use Final|Biomass Solids2025
Saskatchewan,Price no ctax|Use Final|Biomass Solids,Price,lcc_financial,CIMS,Solid Biomass,,,,2030,,SaskatchewanPrice no ctax|Use Final|Biomass Solids2030
Saskatchewan,Price no ctax|Use Final|Biomass Solids,Price,lcc_financial,CIMS,Solid Biomass,,,,2035,,SaskatchewanPrice no ctax|Use Final|Biomass Solids2035
Saskatchewan,Price no ctax|Use Final|Biomass Solids,Price,lcc_financial,CIMS,Solid Biomass,,,,2040,,SaskatchewanPrice no ctax|Use Final|Biomass Solids2040
Saskatchewan,Price no ctax|Use Final|Biomass Solids,Price,lcc_financial,CIMS,Solid Biomass,,,,2045,,SaskatchewanPrice no ctax|Use Final|Biomass Solids2045
Saskatchewan,Price no ctax|Use Final|Biomass Solids,Price,lcc_financial,CIMS,Solid Biomass,,,,2050,,SaskatchewanPrice no ctax|Use Final|Biomass Solids2050
Saskatchewan,Price no ctax|Use Final|Electricity,Price,lcc_financial,Electricity,,,,,2015,,SaskatchewanPrice no ctax|Use Final|Electricity2015
Saskatchewan,Price no ctax|Use Final|Electricity,Price,lcc_financial,Electricity,,,,,2020,,SaskatchewanPrice no ctax|Use Final|Electricity2020
Saskatchewan,Price no ctax|Use Final|Electricity,Price,lcc_financial,Electricity,,,,,2025,,SaskatchewanPrice no ctax|Use Final|Electricity2025
Saskatchewan,Price no ctax|Use Final|Electricity,Price,lcc_financial,Electricity,,,,,2030,,SaskatchewanPrice no ctax|Use Final|Electricity2030
Saskatchewan,Price no ctax|Use Final|Electricity,Price,lcc_financial,Electricity,,,,,2035,,SaskatchewanPrice no ctax|Use Final|Electricity2035
Saskatchewan,Price no ctax|Use Final|Electricity,Price,lcc_financial,Electricity,,,,,2040,,SaskatchewanPrice no ctax|Use Final|Electricity2040
Saskatchewan,Price no ctax|Use Final|Electricity,Price,lcc_financial,Electricity,,,,,2045,,SaskatchewanPrice no ctax|Use Final|Electricity2045
Saskatchewan,Price no ctax|Use Final|Electricity,Price,lcc_financial,Electricity,,,,,2050,,SaskatchewanPrice no ctax|Use Final|Electricity2050
Saskatchewan,Price no ctax|Use Final|Gas,Price,lcc_financial,CIMS,Natural Gas,,,,2015,,SaskatchewanPrice no ctax|Use Final|Gas2015
Saskatchewan,Price no ctax|Use Final|Gas,Price,lcc_financial,CIMS,Natural Gas,,,,2020,,SaskatchewanPrice no ctax|Use Final|Gas2020
Saskatchewan,Price no ctax|Use Final|Gas,Price,lcc_financial,CIMS,Natural Gas,,,,2025,,SaskatchewanPrice no ctax|Use Final|Gas2025
Saskatchewan,Price no ctax|Use Final|Gas,Price,lcc_financial,CIMS,Natural Gas,,,,2030,,SaskatchewanPrice no ctax|Use Final|Gas2030
Saskatchewan,Price no ctax|Use Final|Gas,Price,lcc_financial,CIMS,Natural Gas,,,,2035,,SaskatchewanPrice no ctax|Use Final|Gas2035
Saskatchewan,Price no ctax|Use Final|Gas,Price,lcc_financial,CIMS,Natural Gas,,,,2040,,SaskatchewanPrice no ctax|Use Final|Gas2040
Saskatchewan,Price no ctax|Use Final|Gas,Price,lcc_financial,CIMS,Natural Gas,,,,2045,,SaskatchewanPrice no ctax|Use Final|Gas2045
Saskatchewan,Price no ctax|Use Final|Gas,Price,lcc_financial,CIMS,Natural Gas,,,,2050,,SaskatchewanPrice no ctax|Use Final|Gas2050
Saskatchewan,Price no ctax|Use Final|Hydrogen,Price,lcc_financial,Hydrogen,,,,,2015,,SaskatchewanPrice no ctax|Use Final|Hydrogen2015
Saskatchewan,Price no ctax|Use Final|Hydrogen,Price,lcc_financial,Hydrogen,,,,,2020,,SaskatchewanPrice no ctax|Use Final|Hydrogen2020
Saskatchewan,Price no ctax|Use Final|Hydrogen,Price,lcc_financial,Hydrogen,,,,,2025,,SaskatchewanPrice no ctax|Use Final|Hydrogen2025
Saskatchewan,Price no ctax|Use Final|Hydrogen,Price,lcc_financial,Hydrogen,,,,,2030,,SaskatchewanPrice no ctax|Use Final|Hydrogen2030
Saskatchewan,Price no ctax|Use Final|Hydrogen,Price,lcc_financial,Hydrogen,,,,,2035,,SaskatchewanPrice no ctax|Use Final|Hydrogen2035
Saskatchewan,Price no ctax|Use Final|Hydrogen,Price,lcc_financial,Hydrogen,,,,,2040,,SaskatchewanPrice no ctax|Use Final|Hydrogen2040
Saskatchewan,Price no ctax|Use Final|Hydrogen,Price,lcc_financial,Hydrogen,,,,,2045,,SaskatchewanPrice no ctax|Use Final|Hydrogen2045
Saskatchewan,Price no ctax|Use Final|Hydrogen,Price,lcc_financial,Hydrogen,,,,,2050,,SaskatchewanPrice no ctax|Use Final|Hydrogen2050
Saskatchewan,Price no ctax|Use Final|Oil,Price,lcc_financial,CIMS,Diesel,,,,2015,,SaskatchewanPrice no ctax|Use Final|Oil2015
Saskatchewan,Price no ctax|Use Final|Oil,Price,lcc_financial,CIMS,Diesel,,,,2020,,SaskatchewanPrice no ctax|Use Final|Oil2020
Saskatchewan,Price no ctax|Use Final|Oil,Price,lcc_financial,CIMS,Diesel,,,,2025,,SaskatchewanPrice no ctax|Use Final|Oil2025
Saskatchewan,Price no ctax|Use Final|Oil,Price,lcc_financial,CIMS,Diesel,,,,2030,,SaskatchewanPrice no ctax|Use Final|Oil2030
Saskatchewan,Price no ctax|Use Final|Oil,Price,lcc_financial,CIMS,Diesel,,,,2035,,SaskatchewanPrice no ctax|Use Final|Oil2035
Saskatchewan,Price no ctax|Use Final|Oil,Price,lcc_financial,CIMS,Diesel,,,,2040,,SaskatchewanPrice no ctax|Use Final|Oil2040
Saskatchewan,Price no ctax|Use Final|Oil,Price,lcc_financial,CIMS,Diesel,,,,2045,,SaskatchewanPrice no ctax|Use Final|Oil2045
Saskatchewan,Price no ctax|Use Final|Oil,Price,lcc_financial,CIMS,Diesel,,,,2050,,SaskatchewanPrice no ctax|Use Final|Oil2050
Saskatchewan,Price|Use Primary|Biomass,Price,lcc_financial,CIMS,Solid Biomass,,,,2015,,SaskatchewanPrice|Use Primary|Biomass2015
Saskatchewan,Price|Use Primary|Biomass,Price,lcc_financial,CIMS,Solid Biomass,,,,2020,,SaskatchewanPrice|Use Primary|Biomass2020
Saskatchewan,Price|Use Primary|Biomass,Price,lcc_financial,CIMS,Solid Biomass,,,,2025,,SaskatchewanPrice|Use Primary|Biomass2025
Saskatchewan,Price|Use Primary|Biomass,Price,lcc_financial,CIMS,Solid Biomass,,,,2030,,SaskatchewanPrice|Use Primary|Biomass2030
Saskatchewan,Price|Use Primary|Biomass,Price,lcc_financial,CIMS,Solid Biomass,,,,2035,,SaskatchewanPrice|Use Primary|Biomass2035
Saskatchewan,Price|Use Primary|Biomass,Price,lcc_financial,CIMS,Solid Biomass,,,,2040,,SaskatchewanPrice|Use Primary|Biomass2040
Saskatchewan,Price|Use Primary|Biomass,Price,lcc_financial,CIMS,Solid Biomass,,,,2045,,SaskatchewanPrice|Use Primary|Biomass2045
Saskatchewan,Price|Use Primary|Biomass,Price,lcc_financial,CIMS,Solid Biomass,,,,2050,,SaskatchewanPrice|Use Primary|Biomass2050
Saskatchewan,Price|Use Primary|Coal,Price,lcc_financial,CIMS,Thermal Coal,,,,2015,,SaskatchewanPrice|Use Primary|Coal2015
Saskatchewan,Price|Use Primary|Coal,Price,lcc_financial,CIMS,Thermal Coal,,,,2020,,SaskatchewanPrice|Use Primary|Coal2020
Saskatchewan,Price|Use Primary|Coal,Price,lcc_financial,CIMS,Thermal Coal,,,,2025,,SaskatchewanPrice|Use Primary|Coal2025
Saskatchewan,Price|Use Primary|Coal,Price,lcc_financial,CIMS,Thermal Coal,,,,2030,,SaskatchewanPrice|Use Primary|Coal2030
Saskatchewan,Price|Use Primary|Coal,Price,lcc_financial,CIMS,Thermal Coal,,,,2035,,SaskatchewanPrice|Use Primary|Coal2035
Saskatchewan,Price|Use Primary|Coal,Price,lcc_financial,CIMS,Thermal Coal,,,,2040,,SaskatchewanPrice|Use Primary|Coal2040
Saskatchewan,Price|Use Primary|Coal,Price,lcc_financial,CIMS,Thermal Coal,,,,2045,,SaskatchewanPrice|Use Primary|Coal2045
Saskatchewan,Price|Use Primary|Coal,Price,lcc_financial,CIMS,Thermal Coal,,,,2050,,SaskatchewanPrice|Use Primary|Coal2050
Saskatchewan,Price|Use Primary|Gas,Price,lcc_financial,CIMS,Natural Gas,,,,2015,,SaskatchewanPrice|Use Primary|Gas2015
Saskatchewan,Price|Use Primary|Gas,Price,lcc_financial,CIMS,Natural Gas,,,,2020,,SaskatchewanPrice|Use Primary|Gas2020
Saskatchewan,Price|Use Primary|Gas,Price,lcc_financial,CIMS,Natural Gas,,,,2025,,SaskatchewanPrice|Use Primary|Gas2025
Saskatchewan,Price|Use Primary|Gas,Price,lcc_financial,CIMS,Natural Gas,,,,2030,,SaskatchewanPrice|Use Primary|Gas2030
Saskatchewan,Price|Use Primary|Gas,Price,lcc_financial,CIMS,Natural Gas,,,,2035,,SaskatchewanPrice|Use Primary|Gas2035
Saskatchewan,Price|Use Primary|Gas,Price,lcc_financial,CIMS,Natural Gas,,,,2040,,SaskatchewanPrice|Use Primary|Gas2040
Saskatchewan,Price|Use Primary|Gas,Price,lcc_financial,CIMS,Natural Gas,,,,2045,,SaskatchewanPrice|Use Primary|Gas2045
Saskatchewan,Price|Use Primary|Gas,Price,lcc_financial,CIMS,Natural Gas,,,,2050,,SaskatchewanPrice|Use Primary|Gas2050
Saskatchewan,Production Primary|Coal,Production,quantity_provided,Coal Production,,,,,2015,,SaskatchewanProduction Primary|Coal2015
Saskatchewan,Production Primary|Coal,Production,quantity_provided,Coal Production,,,,,2020,,SaskatchewanProduction Primary|Coal2020
Saskatchewan,Production Primary|Coal,Production,quantity_provided,Coal Production,,,,,2025,,SaskatchewanProduction Primary|Coal2025
Saskatchewan,Production Primary|Coal,Production,quantity_provided,Coal Production,,,,,2030,,SaskatchewanProduction Primary|Coal2030
Saskatchewan,Production Primary|Coal,Production,quantity_provided,Coal Production,,,,,2035,,SaskatchewanProduction Primary|Coal2035
Saskatchewan,Production Primary|Coal,Production,quantity_provided,Coal Production,,,,,2040,,SaskatchewanProduction Primary|Coal2040
Saskatchewan,Production Primary|Coal,Production,quantity_provided,Coal Production,,,,,2045,,SaskatchewanProduction Primary|Coal2045
Saskatchewan,Production Primary|Coal,Production,quantity_provided,Coal Production,,,,,2050,,SaskatchewanProduction Primary|Coal2050
Saskatchewan,Production Primary|Gas,Production,quantity_provided,Natural Gas Production,,,,,2015,,SaskatchewanProduction Primary|Gas2015
Saskatchewan,Production Primary|Gas,Production,quantity_provided,Natural Gas Production,,,,,2020,,SaskatchewanProduction Primary|Gas2020
Saskatchewan,Production Primary|Gas,Production,quantity_provided,Natural Gas Production,,,,,2025,,SaskatchewanProduction Primary|Gas2025
Saskatchewan,Production Primary|Gas,Production,quantity_provided,Natural Gas Production,,,,,2030,,SaskatchewanProduction Primary|Gas2030
Saskatchewan,Production Primary|Gas,Production,quantity_provided,Natural Gas Production,,,,,2035,,SaskatchewanProduction Primary|Gas2035
Saskatchewan,Production Primary|Gas,Production,quantity_provided,Natural Gas Production,,,,,2040,,SaskatchewanProduction Primary|Gas2040
Saskatchewan,Production Primary|Gas,Production,quantity_provided,Natural Gas Production,,,,,2045,,SaskatchewanProduction Primary|Gas2045
Saskatchewan,Production Primary|Gas,Production,quantity_provided,Natural Gas Production,,,,,2050,,SaskatchewanProduction Primary|Gas2050
Saskatchewan,Production Primary|Oil,Production,quantity_provided,Crude Oil Production,,,,,2015,,SaskatchewanProduction Primary|Oil2015
Saskatchewan,Production Primary|Oil,Production,quantity_provided,Crude Oil Production,,,,,2020,,SaskatchewanProduction Primary|Oil2020
Saskatchewan,Production Primary|Oil,Production,quantity_provided,Crude Oil Production,,,,,2025,,SaskatchewanProduction Primary|Oil2025
Saskatchewan,Production Primary|Oil,Production,quantity_provided,Crude Oil Production,,,,,2030,,SaskatchewanProduction Primary|Oil2030
Saskatchewan,Production Primary|Oil,Production,quantity_provided,Crude Oil Production,,,,,2035,,SaskatchewanProduction Primary|Oil2035
Saskatchewan,Production Primary|Oil,Production,quantity_provided,Crude Oil Production,,,,,2040,,SaskatchewanProduction Primary|Oil2040
Saskatchewan,Production Primary|Oil,Production,quantity_provided,Crude Oil Production,,,,,2045,,SaskatchewanProduction Primary|Oil2045
Saskatchewan,Production Primary|Oil,Production,quantity_provided,Crude Oil Production,,,,,2050,,SaskatchewanProduction Primary|Oil2050
Saskatchewan,Production Secondary|Biogas,Production,quantity_provided,CIMS,Biogas,,,,2015,,SaskatchewanProduction Secondary|Biogas2015
Saskatchewan,Production Secondary|Biogas,Production,quantity_provided,CIMS,Biogas,,,,2020,,SaskatchewanProduction Secondary|Biogas2020
Saskatchewan,Production Secondary|Biogas,Production,quantity_provided,CIMS,Biogas,,,,2025,,SaskatchewanProduction Secondary|Biogas2025
Saskatchewan,Production Secondary|Biogas,Production,quantity_provided,CIMS,Biogas,,,,2030,,SaskatchewanProduction Secondary|Biogas2030
Saskatchewan,Production Secondary|Biogas,Production,quantity_provided,CIMS,Biogas,,,,2035,,SaskatchewanProduction Secondary|Biogas2035
Saskatchewan,Production Secondary|Biogas,Production,quantity_provided,CIMS,Biogas,,,,2040,,SaskatchewanProduction Secondary|Biogas2040
Saskatchewan,Production Secondary|Biogas,Production,quantity_provided,CIMS,Biogas,,,,2045,,SaskatchewanProduction Secondary|Biogas2045
Saskatchewan,Production Secondary|Biogas,Production,quantity_provided,CIMS,Biogas,,,,2050,,SaskatchewanProduction Secondary|Biogas2050
Saskatchewan,Production Secondary|Biomass Liquids,Production,quantity_provided,Biofuels,,,,,2015,,SaskatchewanProduction Secondary|Biomass Liquids2015
Saskatchewan,Production Secondary|Biomass Liquids,Production,quantity_provided,Biofuels,,,,,2020,,SaskatchewanProduction Secondary|Biomass Liquids2020
Saskatchewan,Production Secondary|Biomass Liquids,Production,quantity_provided,Biofuels,,,,,2025,,SaskatchewanProduction Secondary|Biomass Liquids2025
Saskatchewan,Production Secondary|Biomass Liquids,Production,quantity_provided,Biofuels,,,,,2030,,SaskatchewanProduction Secondary|Biomass Liquids2030
Saskatchewan,Production Secondary|Biomass Liquids,Production,quantity_provided,Biofuels,,,,,2035,,SaskatchewanProduction Secondary|Biomass Liquids2035
Saskatchewan,Production Secondary|Biomass Liquids,Production,quantity_provided,Biofuels,,,,,2040,,SaskatchewanProduction Secondary|Biomass Liquids2040
Saskatchewan,Production Secondary|Biomass Liquids,Production,quantity_provided,Biofuels,,,,,2045,,SaskatchewanProduction Secondary|Biomass Liquids2045
Saskatchewan,Production Secondary|Biomass Liquids,Production,quantity_provided,Biofuels,,,,,2050,,SaskatchewanProduction Secondary|Biomass Liquids2050
Saskatchewan,Production Secondary|Electricity,Production,quantity_requested,Economy,Electricity,,,,2015,,SaskatchewanProduction Secondary|Electricity2015
Saskatchewan,Production Secondary|Electricity,Production,quantity_requested,Economy,Electricity,,,,2020,,SaskatchewanProduction Secondary|Electricity2020
Saskatchewan,Production Secondary|Electricity,Production,quantity_requested,Economy,Electricity,,,,2025,,SaskatchewanProduction Secondary|Electricity2025
Saskatchewan,Production Secondary|Electricity,Production,quantity_requested,Economy,Electricity,,,,2030,,SaskatchewanProduction Secondary|Electricity2030
Saskatchewan,Production Secondary|Electricity,Production,quantity_requested,Economy,Electricity,,,,2035,,SaskatchewanProduction Secondary|Electricity2035
Saskatchewan,Production Secondary|Electricity,Production,quantity_requested,Economy,Electricity,,,,2040,,SaskatchewanProduction Secondary|Electricity2040
Saskatchewan,Production Secondary|Electricity,Production,quantity_requested,Economy,Electricity,,,,2045,,SaskatchewanProduction Secondary|Electricity2045
Saskatchewan,Production Secondary|Electricity,Production,quantity_requested,Economy,Electricity,,,,2050,,SaskatchewanProduction Secondary|Electricity2050
Saskatchewan,Production Secondary|Electricity|DER,Production,quantity_distributed,Economy,Electricity,,,,2015,,SaskatchewanProduction Secondary|Electricity|DER2015
Saskatchewan,Production Secondary|Electricity|DER,Production,quantity_distributed,Economy,Electricity,,,,2020,,SaskatchewanProduction Secondary|Electricity|DER2020
Saskatchewan,Production Secondary|Electricity|DER,Production,quantity_distributed,Economy,Electricity,,,,2025,,SaskatchewanProduction Secondary|Electricity|DER2025
Saskatchewan,Production Secondary|Electricity|DER,Production,quantity_distributed,Economy,Electricity,,,,2030,,SaskatchewanProduction Secondary|Electricity|DER2030
Saskatchewan,Production Secondary|Electricity|DER,Production,quantity_distributed,Economy,Electricity,,,,2035,,SaskatchewanProduction Secondary|Electricity|DER2035
Saskatchewan,Production Secondary|Electricity|DER,Production,quantity_distributed,Economy,Electricity,,,,2040,,SaskatchewanProduction Secondary|Electricity|DER2040
Saskatchewan,Production Secondary|Electricity|DER,Production,quantity_distributed,Economy,Electricity,,,,2045,,SaskatchewanProduction Secondary|Electricity|DER2045
Saskatchewan,Production Secondary|Electricity|DER,Production,quantity_distributed,Economy,Electricity,,,,2050,,SaskatchewanProduction Secondary|Electricity|DER2050
Saskatchewan,Production Secondary|Electricity|DER|CHP,Production,quantity_distributed,Economy,Electricity,,,,2015,,SaskatchewanProduction Secondary|Electricity|DER|CHP2015
Saskatchewan,Production Secondary|Electricity|DER|CHP,Production,quantity_distributed,Economy,Electricity,,,,2020,,SaskatchewanProduction Secondary|Electricity|DER|CHP2020
Saskatchewan,Production Secondary|Electricity|DER|CHP,Production,quantity_distributed,Economy,Electricity,,,,2025,,SaskatchewanProduction Secondary|Electricity|DER|CHP2025
Saskatchewan,Production Secondary|Electricity|DER|CHP,Production,quantity_distributed,Economy,Electricity,,,,2030,,SaskatchewanProduction Secondary|Electricity|DER|CHP2030
Saskatchewan,Production Secondary|Electricity|DER|CHP,Production,quantity_distributed,Economy,Electricity,,,,2035,,SaskatchewanProduction Secondary|Electricity|DER|CHP2035
Saskatchewan,Production Secondary|Electricity|DER|CHP,Production,quantity_distributed,Economy,Electricity,,,,2040,,SaskatchewanProduction Secondary|Electricity|DER|CHP2040
Saskatchewan,Production Secondary|Electricity|DER|CHP,Production,quantity_distributed,Economy,Electricity,,,,2045,,SaskatchewanProduction Secondary|Electricity|DER|CHP2045
Saskatchewan,Production Secondary|Electricity|DER|CHP,Production,quantity_distributed,Economy,Electricity,,,,2050,,SaskatchewanProduction Secondary|Electricity|DER|CHP2050
Saskatchewan,Production Secondary|Electricity|Geothermal,Production,stock_total,Electricity,,Geoexchange,,,2015,,SaskatchewanProduction Secondary|Electricity|Geothermal2015
Saskatchewan,Production Secondary|Electricity|Geothermal,Production,stock_total,Electricity,,Geoexchange,,,2020,,SaskatchewanProduction Secondary|Electricity|Geothermal2020
Saskatchewan,Production Secondary|Electricity|Geothermal,Production,stock_total,Electricity,,Geoexchange,,,2025,,SaskatchewanProduction Secondary|Electricity|Geothermal2025
Saskatchewan,Production Secondary|Electricity|Geothermal,Production,stock_total,Electricity,,Geoexchange,,,2030,,SaskatchewanProduction Secondary|Electricity|Geothermal2030
Saskatchewan,Production Secondary|Electricity|Geothermal,Production,stock_total,Electricity,,Geoexchange,,,2035,,SaskatchewanProduction Secondary|Electricity|Geothermal2035
Saskatchewan,Production Secondary|Electricity|Geothermal,Production,stock_total,Electricity,,Geoexchange,,,2040,,SaskatchewanProduction Secondary|Electricity|Geothermal2040
Saskatchewan,Production Secondary|Electricity|Geothermal,Production,stock_total,Electricity,,Geoexchange,,,2045,,SaskatchewanProduction Secondary|Electricity|Geothermal2045
Saskatchewan,Production Secondary|Electricity|Geothermal,Production,stock_total,Electricity,,Geoexchange,,,2050,,SaskatchewanProduction Secondary|Electricity|Geothermal2050
Saskatchewan,Production Secondary|Electricity|Hydro,Production,stock_total,Electricity,,Hydro,,,2015,,SaskatchewanProduction Secondary|Electricity|Hydro2015
Saskatchewan,Production Secondary|Electricity|Hydro,Production,stock_total,Electricity,,Hydro,,,2020,,SaskatchewanProduction Secondary|Electricity|Hydro2020
Saskatchewan,Production Secondary|Electricity|Hydro,Production,stock_total,Electricity,,Hydro,,,2025,,SaskatchewanProduction Secondary|Electricity|Hydro2025
Saskatchewan,Production Secondary|Electricity|Hydro,Production,stock_total,Electricity,,Hydro,,,2030,,SaskatchewanProduction Secondary|Electricity|Hydro2030
Saskatchewan,Production Secondary|Electricity|Hydro,Production,stock_total,Electricity,,Hydro,,,2035,,SaskatchewanProduction Secondary|Electricity|Hydro2035
Saskatchewan,Production Secondary|Electricity|Hydro,Production,stock_total,Electricity,,Hydro,,,2040,,SaskatchewanProduction Secondary|Electricity|Hydro2040
Saskatchewan,Production Secondary|Electricity|Hydro,Production,stock_total,Electricity,,Hydro,,,2045,,SaskatchewanProduction Secondary|Electricity|Hydro2045
Saskatchewan,Production Secondary|Electricity|Hydro,Production,stock_total,Electricity,,Hydro,,,2050,,SaskatchewanProduction Secondary|Electricity|Hydro2050
Saskatchewan,Production Secondary|Electricity|Nuclear,Production,stock_total,Electricity,,Nuclear,,,2015,,SaskatchewanProduction Secondary|Electricity|Nuclear2015
Saskatchewan,Production Secondary|Electricity|Nuclear,Production,stock_total,Electricity,,Nuclear,,,2020,,SaskatchewanProduction Secondary|Electricity|Nuclear2020
Saskatchewan,Production Secondary|Electricity|Nuclear,Production,stock_total,Electricity,,Nuclear,,,2025,,SaskatchewanProduction Secondary|Electricity|Nuclear2025
Saskatchewan,Production Secondary|Electricity|Nuclear,Production,stock_total,Electricity,,Nuclear,,,2030,,SaskatchewanProduction Secondary|Electricity|Nuclear2030
Saskatchewan,Production Secondary|Electricity|Nuclear,Production,stock_total,Electricity,,Nuclear,,,2035,,SaskatchewanProduction Secondary|Electricity|Nuclear2035
Saskatchewan,Production Secondary|Electricity|Nuclear,Production,stock_total,Electricity,,Nuclear,,,2040,,SaskatchewanProduction Secondary|Electricity|Nuclear2040
Saskatchewan,Production Secondary|Electricity|Nuclear,Production,stock_total,Electricity,,Nuclear,,,2045,,SaskatchewanProduction Secondary|Electricity|Nuclear2045
Saskatchewan,Production Secondary|Electricity|Nuclear,Production,stock_total,Electricity,,Nuclear,,,2050,,SaskatchewanProduction Secondary|Electricity|Nuclear2050
Saskatchewan,Production Secondary|Electricity|Oil,Production,stock_total,Electricity,,Fuel Oil,,,2015,,SaskatchewanProduction Secondary|Electricity|Oil2015
Saskatchewan,Production Secondary|Electricity|Oil,Production,stock_total,Electricity,,Fuel Oil,,,2020,,SaskatchewanProduction Secondary|Electricity|Oil2020
Saskatchewan,Production Secondary|Electricity|Oil,Production,stock_total,Electricity,,Fuel Oil,,,2025,,SaskatchewanProduction Secondary|Electricity|Oil2025
Saskatchewan,Production Secondary|Electricity|Oil,Production,stock_total,Electricity,,Fuel Oil,,,2030,,SaskatchewanProduction Secondary|Electricity|Oil2030
Saskatchewan,Production Secondary|Electricity|Oil,Production,stock_total,Electricity,,Fuel Oil,,,2035,,SaskatchewanProduction Secondary|Electricity|Oil2035
Saskatchewan,Production Secondary|Electricity|Oil,Production,stock_total,Electricity,,Fuel Oil,,,2040,,SaskatchewanProduction Secondary|Electricity|Oil2040
Saskatchewan,Production Secondary|Electricity|Oil,Production,stock_total,Electricity,,Fuel Oil,,,2045,,SaskatchewanProduction Secondary|Electricity|Oil2045
Saskatchewan,Production Secondary|Electricity|Oil,Production,stock_total,Electricity,,Fuel Oil,,,2050,,SaskatchewanProduction Secondary|Electricity|Oil2050
Saskatchewan,Production Secondary|Electricity|Solar,Production,stock_total,Electricity,,Solar,,,2015,,SaskatchewanProduction Secondary|Electricity|Solar2015
Saskatchewan,Production Secondary|Electricity|Solar,Production,stock_total,Electricity,,Solar,,,2020,,SaskatchewanProduction Secondary|Electricity|Solar2020
Saskatchewan,Production Secondary|Electricity|Solar,Production,stock_total,Electricity,,Solar,,,2025,,SaskatchewanProduction Secondary|Electricity|Solar2025
Saskatchewan,Production Secondary|Electricity|Solar,Production,stock_total,Electricity,,Solar,,,2030,,SaskatchewanProduction Secondary|Electricity|Solar2030
Saskatchewan,Production Secondary|Electricity|Solar,Production,stock_total,Electricity,,Solar,,,2035,,SaskatchewanProduction Secondary|Electricity|Solar2035
Saskatchewan,Production Secondary|Electricity|Solar,Production,stock_total,Electricity,,Solar,,,2040,,SaskatchewanProduction Secondary|Electricity|Solar2040
Saskatchewan,Production Secondary|Electricity|Solar,Production,stock_total,Electricity,,Solar,,,2045,,SaskatchewanProduction Secondary|Electricity|Solar2045
Saskatchewan,Production Secondary|Electricity|Solar,Production,stock_total,Electricity,,Solar,,,2050,,SaskatchewanProduction Secondary|Electricity|Solar2050
Saskatchewan,Production Secondary|Electricity|Wind,Production,stock_total,Electricity,,Wind,,,2015,,SaskatchewanProduction Secondary|Electricity|Wind2015
Saskatchewan,Production Secondary|Electricity|Wind,Production,stock_total,Electricity,,Wind,,,2020,,SaskatchewanProduction Secondary|Electricity|Wind2020
Saskatchewan,Production Secondary|Electricity|Wind,Production,stock_total,Electricity,,Wind,,,2025,,SaskatchewanProduction Secondary|Electricity|Wind2025
Saskatchewan,Production Secondary|Electricity|Wind,Production,stock_total,Electricity,,Wind,,,2030,,SaskatchewanProduction Secondary|Electricity|Wind2030
Saskatchewan,Production Secondary|Electricity|Wind,Production,stock_total,Electricity,,Wind,,,2035,,SaskatchewanProduction Secondary|Electricity|Wind2035
Saskatchewan,Production Secondary|Electricity|Wind,Production,stock_total,Electricity,,Wind,,,2040,,SaskatchewanProduction Secondary|Electricity|Wind2040
Saskatchewan,Production Secondary|Electricity|Wind,Production,stock_total,Electricity,,Wind,,,2045,,SaskatchewanProduction Secondary|Electricity|Wind2045
Saskatchewan,Production Secondary|Electricity|Wind,Production,stock_total,Electricity,,Wind,,,2050,,SaskatchewanProduction Secondary|Electricity|Wind2050
Saskatchewan,Production Secondary|Hydrogen,Production,quantity_provided,Hydrogen,,,,,2015,,SaskatchewanProduction Secondary|Hydrogen2015
Saskatchewan,Production Secondary|Hydrogen,Production,quantity_provided,Hydrogen,,,,,2020,,SaskatchewanProduction Secondary|Hydrogen2020
Saskatchewan,Production Secondary|Hydrogen,Production,quantity_provided,Hydrogen,,,,,2025,,SaskatchewanProduction Secondary|Hydrogen2025
Saskatchewan,Production Secondary|Hydrogen,Production,quantity_provided,Hydrogen,,,,,2030,,SaskatchewanProduction Secondary|Hydrogen2030
Saskatchewan,Production Secondary|Hydrogen,Production,quantity_provided,Hydrogen,,,,,2035,,SaskatchewanProduction Secondary|Hydrogen2035
Saskatchewan,Production Secondary|Hydrogen,Production,quantity_provided,Hydrogen,,,,,2040,,SaskatchewanProduction Secondary|Hydrogen2040
Saskatchewan,Production Secondary|Hydrogen,Production,quantity_provided,Hydrogen,,,,,2045,,SaskatchewanProduction Secondary|Hydrogen2045
Saskatchewan,Production Secondary|Hydrogen,Production,quantity_provided,Hydrogen,,,,,2050,,SaskatchewanProduction Secondary|Hydrogen2050
Saskatchewan,Production Secondary|Refined Petroleum Products,Production,quantity_provided,Petroleum Refining,,,,,2015,,SaskatchewanProduction Secondary|Refined Petroleum Products2015
Saskatchewan,Production Secondary|Refined Petroleum Products,Production,quantity_provided,Petroleum Refining,,,,,2020,,SaskatchewanProduction Secondary|Refined Petroleum Products2020
Saskatchewan,Production Secondary|Refined Petroleum Products,Production,quantity_provided,Petroleum Refining,,,,,2025,,SaskatchewanProduction Secondary|Refined Petroleum Products2025
Saskatchewan,Production Secondary|Refined Petroleum Products,Production,quantity_provided,Petroleum Refining,,,,,2030,,SaskatchewanProduction Secondary|Refined Petroleum Products2030
Saskatchewan,Production Secondary|Refined Petroleum Products,Production,quantity_provided,Petroleum Refining,,,,,2035,,SaskatchewanProduction Secondary|Refined Petroleum Products2035
Saskatchewan,Production Secondary|Refined Petroleum Products,Production,quantity_provided,Petroleum Refining,,,,,2040,,SaskatchewanProduction Secondary|Refined Petroleum Products2040
Saskatchewan,Production Secondary|Refined Petroleum Products,Production,quantity_provided,Petroleum Refining,,,,,2045,,SaskatchewanProduction Secondary|Refined Petroleum Products2045
Saskatchewan,Production Secondary|Refined Petroleum Products,Production,quantity_provided,Petroleum Refining,,,,,2050,,SaskatchewanProduction Secondary|Refined Petroleum Products2050
Saskatchewan,Use Final,Use Final,quantity_requested,Economy,Total,,,,2015,,SaskatchewanUse Final2015
Saskatchewan,Use Final,Use Final,quantity_requested,Economy,Total,,,,2020,,SaskatchewanUse Final2020
Saskatchewan,Use Final,Use Final,quantity_requested,Economy,Total,,,,2025,,SaskatchewanUse Final2025
Saskatchewan,Use Final,Use Final,quantity_requested,Economy,Total,,,,2030,,SaskatchewanUse Final2030
Saskatchewan,Use Final,Use Final,quantity_requested,Economy,Total,,,,2035,,SaskatchewanUse Final2035
Saskatchewan,Use Final,Use Final,quantity_requested,Economy,Total,,,,2040,,SaskatchewanUse Final2040
Saskatchewan,Use Final,Use Final,quantity_requested,Economy,Total,,,,2045,,SaskatchewanUse Final2045
Saskatchewan,Use Final,Use Final,quantity_requested,Economy,Total,,,,2050,,SaskatchewanUse Final2050
Saskatchewan,Use Final|Energy|Biogas,Use Final,quantity_requested,Economy,Biogas,,,,2015,,SaskatchewanUse Final|Energy|Biogas2015
Saskatchewan,Use Final|Energy|Biogas,Use Final,quantity_requested,Economy,Biogas,,,,2020,,SaskatchewanUse Final|Energy|Biogas2020
Saskatchewan,Use Final|Energy|Biogas,Use Final,quantity_requested,Economy,Biogas,,,,2025,,SaskatchewanUse Final|Energy|Biogas2025
Saskatchewan,Use Final|Energy|Biogas,Use Final,quantity_requested,Economy,Biogas,,,,2030,,SaskatchewanUse Final|Energy|Biogas2030
Saskatchewan,Use Final|Energy|Biogas,Use Final,quantity_requested,Economy,Biogas,,,,2035,,SaskatchewanUse Final|Energy|Biogas2035
Saskatchewan,Use Final|Energy|Biogas,Use Final,quantity_requested,Economy,Biogas,,,,2040,,SaskatchewanUse Final|Energy|Biogas2040
Saskatchewan,Use Final|Energy|Biogas,Use Final,quantity_requested,Economy,Biogas,,,,2045,,SaskatchewanUse Final|Energy|Biogas2045
Saskatchewan,Use Final|Energy|Biogas,Use Final,quantity_requested,Economy,Biogas,,,,2050,,SaskatchewanUse Final|Energy|Biogas2050
Saskatchewan,Use Final|Energy|Biomass Liquids,Use Final,quantity_requested,Economy,Biomass Liquids,,,,2015,,SaskatchewanUse Final|Energy|Biomass Liquids2015
Saskatchewan,Use Final|Energy|Biomass Liquids,Use Final,quantity_requested,Economy,Biomass Liquids,,,,2020,,SaskatchewanUse Final|Energy|Biomass Liquids2020
Saskatchewan,Use Final|Energy|Biomass Liquids,Use Final,quantity_requested,Economy,Biomass Liquids,,,,2025,,SaskatchewanUse Final|Energy|Biomass Liquids2025
Saskatchewan,Use Final|Energy|Biomass Liquids,Use Final,quantity_requested,Economy,Biomass Liquids,,,,2030,,SaskatchewanUse Final|Energy|Biomass Liquids2030
Saskatchewan,Use Final|Energy|Biomass Liquids,Use Final,quantity_requested,Economy,Biomass Liquids,,,,2035,,SaskatchewanUse Final|Energy|Biomass Liquids2035
Saskatchewan,Use Final|Energy|Biomass Liquids,Use Final,quantity_requested,Economy,Biomass Liquids,,,,2040,,SaskatchewanUse Final|Energy|Biomass Liquids2040
Saskatchewan,Use Final|Energy|Biomass Liquids,Use Final,quantity_requested,Economy,Biomass Liquids,,,,2045,,SaskatchewanUse Final|Energy|Biomass Liquids2045
Saskatchewan,Use Final|Energy|Biomass Liquids,Use Final,quantity_requested,Economy,Biomass Liquids,,,,2050,,SaskatchewanUse Final|Energy|Biomass Liquids2050
Saskatchewan,Use Final|Energy|Biomass Solids,Use Final,quantity_requested,Economy,Biomass Solids,,,,2015,,SaskatchewanUse Final|Energy|Biomass Solids2015
Saskatchewan,Use Final|Energy|Biomass Solids,Use Final,quantity_requested,Economy,Biomass Solids,,,,2020,,SaskatchewanUse Final|Energy|Biomass Solids2020
Saskatchewan,Use Final|Energy|Biomass Solids,Use Final,quantity_requested,Economy,Biomass Solids,,,,2025,,SaskatchewanUse Final|Energy|Biomass Solids2025
Saskatchewan,Use Final|Energy|Biomass Solids,Use Final,quantity_requested,Economy,Biomass Solids,,,,2030,,SaskatchewanUse Final|Energy|Biomass Solids2030
Saskatchewan,Use Final|Energy|Biomass Solids,Use Final,quantity_requested,Economy,Biomass Solids,,,,2035,,SaskatchewanUse Final|Energy|Biomass Solids2035
Saskatchewan,Use Final|Energy|Biomass Solids,Use Final,quantity_requested,Economy,Biomass Solids,,,,2040,,SaskatchewanUse Final|Energy|Biomass Solids2040
Saskatchewan,Use Final|Energy|Biomass Solids,Use Final,quantity_requested,Economy,Biomass Solids,,,,2045,,SaskatchewanUse Final|Energy|Biomass Solids2045
Saskatchewan,Use Final|Energy|Biomass Solids,Use Final,quantity_requested,Economy,Biomass Solids,,,,2050,,SaskatchewanUse Final|Energy|Biomass Solids2050
Saskatchewan,Use Final|Energy|Coal,Use Final,quantity_requested,Economy,Coal,,,,2015,,SaskatchewanUse Final|Energy|Coal2015
Saskatchewan,Use Final|Energy|Coal,Use Final,quantity_requested,Economy,Coal,,,,2020,,SaskatchewanUse Final|Energy|Coal2020
Saskatchewan,Use Final|Energy|Coal,Use Final,quantity_requested,Economy,Coal,,,,2025,,SaskatchewanUse Final|Energy|Coal2025
Saskatchewan,Use Final|Energy|Coal,Use Final,quantity_requested,Economy,Coal,,,,2030,,SaskatchewanUse Final|Energy|Coal2030
Saskatchewan,Use Final|Energy|Coal,Use Final,quantity_requested,Economy,Coal,,,,2035,,SaskatchewanUse Final|Energy|Coal2035
Saskatchewan,Use Final|Energy|Coal,Use Final,quantity_requested,Economy,Coal,,,,2040,,SaskatchewanUse Final|Energy|Coal2040
Saskatchewan,Use Final|Energy|Coal,Use Final,quantity_requested,Economy,Coal,,,,2045,,SaskatchewanUse Final|Energy|Coal2045
Saskatchewan,Use Final|Energy|Coal,Use Final,quantity_requested,Economy,Coal,,,,2050,,SaskatchewanUse Final|Energy|Coal2050
Saskatchewan,Use Final|Energy|Electricity,Use Final,quantity_requested,Economy,Electricity,,,,2015,,SaskatchewanUse Final|Energy|Electricity2015
Saskatchewan,Use Final|Energy|Electricity,Use Final,quantity_requested,Economy,Electricity,,,,2020,,SaskatchewanUse Final|Energy|Electricity2020
Saskatchewan,Use Final|Energy|Electricity,Use Final,quantity_requested,Economy,Electricity,,,,2025,,SaskatchewanUse Final|Energy|Electricity2025
Saskatchewan,Use Final|Energy|Electricity,Use Final,quantity_requested,Economy,Electricity,,,,2030,,SaskatchewanUse Final|Energy|Electricity2030
Saskatchewan,Use Final|Energy|Electricity,Use Final,quantity_requested,Economy,Electricity,,,,2035,,SaskatchewanUse Final|Energy|Electricity2035
Saskatchewan,Use Final|Energy|Electricity,Use Final,quantity_requested,Economy,Electricity,,,,2040,,SaskatchewanUse Final|Energy|Electricity2040
Saskatchewan,Use Final|Energy|Electricity,Use Final,quantity_requested,Economy,Electricity,,,,2045,,SaskatchewanUse Final|Energy|Electricity2045
Saskatchewan,Use Final|Energy|Electricity,Use Final,quantity_requested,Economy,Electricity,,,,2050,,SaskatchewanUse Final|Energy|Electricity2050
Saskatchewan,Use Final|Energy|Gas,Use Final,quantity_requested,Economy,Gas,,,,2015,,SaskatchewanUse Final|Energy|Gas2015
Saskatchewan,Use Final|Energy|Gas,Use Final,quantity_requested,Economy,Gas,,,,2020,,SaskatchewanUse Final|Energy|Gas2020
Saskatchewan,Use Final|Energy|Gas,Use Final,quantity_requested,Economy,Gas,,,,2025,,SaskatchewanUse Final|Energy|Gas2025
Saskatchewan,Use Final|Energy|Gas,Use Final,quantity_requested,Economy,Gas,,,,2030,,SaskatchewanUse Final|Energy|Gas2030
Saskatchewan,Use Final|Energy|Gas,Use Final,quantity_requested,Economy,Gas,,,,2035,,SaskatchewanUse Final|Energy|Gas2035
Saskatchewan,Use Final|Energy|Gas,Use Final,quantity_requested,Economy,Gas,,,,2040,,SaskatchewanUse Final|Energy|Gas2040
Saskatchewan,Use Final|Energy|Gas,Use Final,quantity_requested,Economy,Gas,,,,2045,,SaskatchewanUse Final|Energy|Gas2045
Saskatchewan,Use Final|Energy|Gas,Use Final,quantity_requested,Economy,Gas,,,,2050,,SaskatchewanUse Final|Energy|Gas2050
Saskatchewan,Use Final|Energy|Hydrogen,Use Final,quantity_requested,Economy,Hydrogen,,,,2015,,SaskatchewanUse Final|Energy|Hydrogen2015
Saskatchewan,Use Final|Energy|Hydrogen,Use Final,quantity_requested,Economy,Hydrogen,,,,2020,,SaskatchewanUse Final|Energy|Hydrogen2020
Saskatchewan,Use Final|Energy|Hydrogen,Use Final,quantity_requested,Economy,Hydrogen,,,,2025,,SaskatchewanUse Final|Energy|Hydrogen2025
Saskatchewan,Use Final|Energy|Hydrogen,Use Final,quantity_requested,Economy,Hydrogen,,,,2030,,SaskatchewanUse Final|Energy|Hydrogen2030
Saskatchewan,Use Final|Energy|Hydrogen,Use Final,quantity_requested,Economy,Hydrogen,,,,2035,,SaskatchewanUse Final|Energy|Hydrogen2035
Saskatchewan,Use Final|Energy|Hydrogen,Use Final,quantity_requested,Economy,Hydrogen,,,,2040,,SaskatchewanUse Final|Energy|Hydrogen2040
Saskatchewan,Use Final|Energy|Hydrogen,Use Final,quantity_requested,Economy,Hydrogen,,,,2045,,SaskatchewanUse Final|Energy|Hydrogen2045
Saskatchewan,Use Final|Energy|Hydrogen,Use Final,quantity_requested,Economy,Hydrogen,,,,2050,,SaskatchewanUse Final|Energy|Hydrogen2050
Saskatchewan,Use Final|Energy|Oil,Use Final,quantity_requested,Economy,Oil,,,,2015,,SaskatchewanUse Final|Energy|Oil2015
Saskatchewan,Use Final|Energy|Oil,Use Final,quantity_requested,Economy,Oil,,,,2020,,SaskatchewanUse Final|Energy|Oil2020
Saskatchewan,Use Final|Energy|Oil,Use Final,quantity_requested,Economy,Oil,,,,2025,,SaskatchewanUse Final|Energy|Oil2025
Saskatchewan,Use Final|Energy|Oil,Use Final,quantity_requested,Economy,Oil,,,,2030,,SaskatchewanUse Final|Energy|Oil2030
Saskatchewan,Use Final|Energy|Oil,Use Final,quantity_requested,Economy,Oil,,,,2035,,SaskatchewanUse Final|Energy|Oil2035
Saskatchewan,Use Final|Energy|Oil,Use Final,quantity_requested,Economy,Oil,,,,2040,,SaskatchewanUse Final|Energy|Oil2040
Saskatchewan,Use Final|Energy|Oil,Use Final,quantity_requested,Economy,Oil,,,,2045,,SaskatchewanUse Final|Energy|Oil2045
Saskatchewan,Use Final|Energy|Oil,Use Final,quantity_requested,Economy,Oil,,,,2050,,SaskatchewanUse Final|Energy|Oil2050
Saskatchewan,Use Final|Sector|Buildings,Use Final,quantity_requested,Buildings,Total,,,,2015,,SaskatchewanUse Final|Sector|Buildings2015
Saskatchewan,Use Final|Sector|Buildings,Use Final,quantity_requested,Buildings,Total,,,,2020,,SaskatchewanUse Final|Sector|Buildings2020
Saskatchewan,Use Final|Sector|Buildings,Use Final,quantity_requested,Buildings,Total,,,,2025,,SaskatchewanUse Final|Sector|Buildings2025
Saskatchewan,Use Final|Sector|Buildings,Use Final,quantity_requested,Buildings,Total,,,,2030,,SaskatchewanUse Final|Sector|Buildings2030
Saskatchewan,Use Final|Sector|Buildings,Use Final,quantity_requested,Buildings,Total,,,,2035,,SaskatchewanUse Final|Sector|Buildings2035
Saskatchewan,Use Final|Sector|Buildings,Use Final,quantity_requested,Buildings,Total,,,,2040,,SaskatchewanUse Final|Sector|Buildings2040
Saskatchewan,Use Final|Sector|Buildings,Use Final,quantity_requested,Buildings,Total,,,,2045,,SaskatchewanUse Final|Sector|Buildings2045
Saskatchewan,Use Final|Sector|Buildings,Use Final,quantity_requested,Buildings,Total,,,,2050,,SaskatchewanUse Final|Sector|Buildings2050
Saskatchewan,Use Final|Sector|Industry,Use Final,quantity_requested,Industry,Total,,,,2015,,SaskatchewanUse Final|Sector|Industry2015
Saskatchewan,Use Final|Sector|Industry,Use Final,quantity_requested,Industry,Total,,,,2020,,SaskatchewanUse Final|Sector|Industry2020
Saskatchewan,Use Final|Sector|Industry,Use Final,quantity_requested,Industry,Total,,,,2025,,SaskatchewanUse Final|Sector|Industry2025
Saskatchewan,Use Final|Sector|Industry,Use Final,quantity_requested,Industry,Total,,,,2030,,SaskatchewanUse Final|Sector|Industry2030
Saskatchewan,Use Final|Sector|Industry,Use Final,quantity_requested,Industry,Total,,,,2035,,SaskatchewanUse Final|Sector|Industry2035
Saskatchewan,Use Final|Sector|Industry,Use Final,quantity_requested,Industry,Total,,,,2040,,SaskatchewanUse Final|Sector|Industry2040
Saskatchewan,Use Final|Sector|Industry,Use Final,quantity_requested,Industry,Total,,,,2045,,SaskatchewanUse Final|Sector|Industry2045
Saskatchewan,Use Final|Sector|Industry,Use Final,quantity_requested,Industry,Total,,,,2050,,SaskatchewanUse Final|Sector|Industry2050
Saskatchewan,Use Final|Sector|Transportation,Use Final,quantity_requested,Transport,Total,,,,2015,,SaskatchewanUse Final|Sector|Transportation2015
Saskatchewan,Use Final|Sector|Transportation,Use Final,quantity_requested,Transport,Total,,,,2020,,SaskatchewanUse Final|Sector|Transportation2020
Saskatchewan,Use Final|Sector|Transportation,Use Final,quantity_requested,Transport,Total,,,,2025,,SaskatchewanUse Final|Sector|Transportation2025
Saskatchewan,Use Final|Sector|Transportation,Use Final,quantity_requested,Transport,Total,,,,2030,,SaskatchewanUse Final|Sector|Transportation2030
Saskatchewan,Use Final|Sector|Transportation,Use Final,quantity_requested,Transport,Total,,,,2035,,SaskatchewanUse Final|Sector|Transportation2035
Saskatchewan,Use Final|Sector|Transportation,Use Final,quantity_requested,Transport,Total,,,,2040,,SaskatchewanUse Final|Sector|Transportation2040
Saskatchewan,Use Final|Sector|Transportation,Use Final,quantity_requested,Transport,Total,,,,2045,,SaskatchewanUse Final|Sector|Transportation2045
Saskatchewan,Use Final|Sector|Transportation,Use Final,quantity_requested,Transport,Total,,,,2050,,SaskatchewanUse Final|Sector|Transportation2050
Saskatchewan,Use Primary,Use Primary,quantity_requested,Economy,Total,,,,2015,,SaskatchewanUse Primary2015
Saskatchewan,Use Primary,Use Primary,quantity_requested,Economy,Total,,,,2020,,SaskatchewanUse Primary2020
Saskatchewan,Use Primary,Use Primary,quantity_requested,Economy,Total,,,,2025,,SaskatchewanUse Primary2025
Saskatchewan,Use Primary,Use Primary,quantity_requested,Economy,Total,,,,2030,,SaskatchewanUse Primary2030
Saskatchewan,Use Primary,Use Primary,quantity_requested,Economy,Total,,,,2035,,SaskatchewanUse Primary2035
Saskatchewan,Use Primary,Use Primary,quantity_requested,Economy,Total,,,,2040,,SaskatchewanUse Primary2040
Saskatchewan,Use Primary,Use Primary,quantity_requested,Economy,Total,,,,2045,,SaskatchewanUse Primary2045
Saskatchewan,Use Primary,Use Primary,quantity_requested,Economy,Total,,,,2050,,SaskatchewanUse Primary2050
Saskatchewan,Use Primary|Energy|Biomass,Use Primary,quantity_requested,Economy,Biomass Liquids,,,,2015,,SaskatchewanUse Primary|Energy|Biomass2015
Saskatchewan,Use Primary|Energy|Biomass,Use Primary,quantity_requested,Economy,Biomass Liquids,,,,2020,,SaskatchewanUse Primary|Energy|Biomass2020
Saskatchewan,Use Primary|Energy|Biomass,Use Primary,quantity_requested,Economy,Biomass Liquids,,,,2025,,SaskatchewanUse Primary|Energy|Biomass2025
Saskatchewan,Use Primary|Energy|Biomass,Use Primary,quantity_requested,Economy,Biomass Liquids,,,,2030,,SaskatchewanUse Primary|Energy|Biomass2030
Saskatchewan,Use Primary|Energy|Biomass,Use Primary,quantity_requested,Economy,Biomass Liquids,,,,2035,,SaskatchewanUse Primary|Energy|Biomass2035
Saskatchewan,Use Primary|Energy|Biomass,Use Primary,quantity_requested,Economy,Biomass Liquids,,,,2040,,SaskatchewanUse Primary|Energy|Biomass2040
Saskatchewan,Use Primary|Energy|Biomass,Use Primary,quantity_requested,Economy,Biomass Liquids,,,,2045,,SaskatchewanUse Primary|Energy|Biomass2045
Saskatchewan,Use Primary|Energy|Biomass,Use Primary,quantity_requested,Economy,Biomass Liquids,,,,2050,,SaskatchewanUse Primary|Energy|Biomass2050
Saskatchewan,Use Primary|Energy|Coal,Use Primary,quantity_requested,Economy,Coal,,,,2015,,SaskatchewanUse Primary|Energy|Coal2015
Saskatchewan,Use Primary|Energy|Coal,Use Primary,quantity_requested,Economy,Coal,,,,2020,,SaskatchewanUse Primary|Energy|Coal2020
Saskatchewan,Use Primary|Energy|Coal,Use Primary,quantity_requested,Economy,Coal,,,,2025,,SaskatchewanUse Primary|Energy|Coal2025
Saskatchewan,Use Primary|Energy|Coal,Use Primary,quantity_requested,Economy,Coal,,,,2030,,SaskatchewanUse Primary|Energy|Coal2030
Saskatchewan,Use Primary|Energy|Coal,Use Primary,quantity_requested,Economy,Coal,,,,2035,,SaskatchewanUse Primary|Energy|Coal2035
Saskatchewan,Use Primary|Energy|Coal,Use Primary,quantity_requested,Economy,Coal,,,,2040,,SaskatchewanUse Primary|Energy|Coal2040
Saskatchewan,Use Primary|Energy|Coal,Use Primary,quantity_requested,Economy,Coal,,,,2045,,SaskatchewanUse Primary|Energy|Coal2045
Saskatchewan,Use Primary|Energy|Coal,Use Primary,quantity_requested,Economy,Coal,,,,2050,,SaskatchewanUse Primary|Energy|Coal2050
Saskatchewan,Use Primary|Energy|Gas,Use Primary,quantity_requested,Economy,Gas,,,,2015,,SaskatchewanUse Primary|Energy|Gas2015
Saskatchewan,Use Primary|Energy|Gas,Use Primary,quantity_requested,Economy,Gas,,,,2020,,SaskatchewanUse Primary|Energy|Gas2020
Saskatchewan,Use Primary|Energy|Gas,Use Primary,quantity_requested,Economy,Gas,,,,2025,,SaskatchewanUse Primary|Energy|Gas2025
Saskatchewan,Use Primary|Energy|Gas,Use Primary,quantity_requested,Economy,Gas,,,,2030,,SaskatchewanUse Primary|Energy|Gas2030
Saskatchewan,Use Primary|Energy|Gas,Use Primary,quantity_requested,Economy,Gas,,,,2035,,SaskatchewanUse Primary|Energy|Gas2035
Saskatchewan,Use Primary|Energy|Gas,Use Primary,quantity_requested,Economy,Gas,,,,2040,,SaskatchewanUse Primary|Energy|Gas2040
Saskatchewan,Use Primary|Energy|Gas,Use Primary,quantity_requested,Economy,Gas,,,,2045,,SaskatchewanUse Primary|Energy|Gas2045
Saskatchewan,Use Primary|Energy|Gas,Use Primary,quantity_requested,Economy,Gas,,,,2050,,SaskatchewanUse Primary|Energy|Gas2050
Saskatchewan,Use Primary|Energy|Geothermal,Use Primary,stock_total,Economy,,Geoexchange,,,2015,,SaskatchewanUse Primary|Energy|Geothermal2015
Saskatchewan,Use Primary|Energy|Geothermal,Use Primary,stock_total,Economy,,Geoexchange,,,2020,,SaskatchewanUse Primary|Energy|Geothermal2020
Saskatchewan,Use Primary|Energy|Geothermal,Use Primary,stock_total,Economy,,Geoexchange,,,2025,,SaskatchewanUse Primary|Energy|Geothermal2025
Saskatchewan,Use Primary|Energy|Geothermal,Use Primary,stock_total,Economy,,Geoexchange,,,2030,,SaskatchewanUse Primary|Energy|Geothermal2030
Saskatchewan,Use Primary|Energy|Geothermal,Use Primary,stock_total,Economy,,Geoexchange,,,2035,,SaskatchewanUse Primary|Energy|Geothermal2035
Saskatchewan,Use Primary|Energy|Geothermal,Use Primary,stock_total,Economy,,Geoexchange,,,2040,,SaskatchewanUse Primary|Energy|Geothermal2040
Saskatchewan,Use Primary|Energy|Geothermal,Use Primary,stock_total,Economy,,Geoexchange,,,2045,,SaskatchewanUse Primary|Energy|Geothermal2045
Saskatchewan,Use Primary|Energy|Geothermal,Use Primary,stock_total,Economy,,Geoexchange,,,2050,,SaskatchewanUse Primary|Energy|Geothermal2050
Saskatchewan,Use Primary|Energy|Hydro,Use Primary,stock_total,Economy,,Hydro,,,2015,,SaskatchewanUse Primary|Energy|Hydro2015
Saskatchewan,Use Primary|Energy|Hydro,Use Primary,stock_total,Economy,,Hydro,,,2020,,SaskatchewanUse Primary|Energy|Hydro2020
Saskatchewan,Use Primary|Energy|Hydro,Use Primary,stock_total,Economy,,Hydro,,,2025,,SaskatchewanUse Primary|Energy|Hydro2025
Saskatchewan,Use Primary|Energy|Hydro,Use Primary,stock_total,Economy,,Hydro,,,2030,,SaskatchewanUse Primary|Energy|Hydro2030
Saskatchewan,Use Primary|Energy|Hydro,Use Primary,stock_total,Economy,,Hydro,,,2035,,SaskatchewanUse Primary|Energy|Hydro2035
Saskatchewan,Use Primary|Energy|Hydro,Use Primary,stock_total,Economy,,Hydro,,,2040,,SaskatchewanUse Primary|Energy|Hydro2040
Saskatchewan,Use Primary|Energy|Hydro,Use Primary,stock_total,Economy,,Hydro,,,2045,,SaskatchewanUse Primary|Energy|Hydro2045
Saskatchewan,Use Primary|Energy|Hydro,Use Primary,stock_total,Economy,,Hydro,,,2050,,SaskatchewanUse Primary|Energy|Hydro2050
Saskatchewan,Use Primary|Energy|Nuclear,Use Primary,stock_total,Economy,,Nuclear,,,2015,,SaskatchewanUse Primary|Energy|Nuclear2015
Saskatchewan,Use Primary|Energy|Nuclear,Use Primary,stock_total,Economy,,Nuclear,,,2020,,SaskatchewanUse Primary|Energy|Nuclear2020
Saskatchewan,Use Primary|Energy|Nuclear,Use Primary,stock_total,Economy,,Nuclear,,,2025,,SaskatchewanUse Primary|Energy|Nuclear2025
Saskatchewan,Use Primary|Energy|Nuclear,Use Primary,stock_total,Economy,,Nuclear,,,2030,,SaskatchewanUse Primary|Energy|Nuclear2030
Saskatchewan,Use Primary|Energy|Nuclear,Use Primary,stock_total,Economy,,Nuclear,,,2035,,SaskatchewanUse Primary|Energy|Nuclear2035
Saskatchewan,Use Primary|Energy|Nuclear,Use Primary,stock_total,Economy,,Nuclear,,,2040,,SaskatchewanUse Primary|Energy|Nuclear2040
Saskatchewan,Use Primary|Energy|Nuclear,Use Primary,stock_total,Economy,,Nuclear,,,2045,,SaskatchewanUse Primary|Energy|Nuclear2045
Saskatchewan,Use Primary|Energy|Nuclear,Use Primary,stock_total,Economy,,Nuclear,,,2050,,SaskatchewanUse Primary|Energy|Nuclear2050
Saskatchewan,Use Primary|Energy|Oil,Use Primary,quantity_requested,Economy,Oil,,,,2015,,SaskatchewanUse Primary|Energy|Oil2015
Saskatchewan,Use Primary|Energy|Oil,Use Primary,quantity_requested,Economy,Oil,,,,2020,,SaskatchewanUse Primary|Energy|Oil2020
Saskatchewan,Use Primary|Energy|Oil,Use Primary,quantity_requested,Economy,Oil,,,,2025,,SaskatchewanUse Primary|Energy|Oil2025
Saskatchewan,Use Primary|Energy|Oil,Use Primary,quantity_requested,Economy,Oil,,,,2030,,SaskatchewanUse Primary|Energy|Oil2030
Saskatchewan,Use Primary|Energy|Oil,Use Primary,quantity_requested,Economy,Oil,,,,2035,,SaskatchewanUse Primary|Energy|Oil2035
Saskatchewan,Use Primary|Energy|Oil,Use Primary,quantity_requested,Economy,Oil,,,,2040,,SaskatchewanUse Primary|Energy|Oil2040
Saskatchewan,Use Primary|Energy|Oil,Use Primary,quantity_requested,Economy,Oil,,,,2045,,SaskatchewanUse Primary|Energy|Oil2045
Saskatchewan,Use Primary|Energy|Oil,Use Primary,quantity_requested,Economy,Oil,,,,2050,,SaskatchewanUse Primary|Energy|Oil2050
Saskatchewan,Use Primary|Energy|Solar,Use Primary,stock_total,Economy,,Solar,,,2015,,SaskatchewanUse Primary|Energy|Solar2015
Saskatchewan,Use Primary|Energy|Solar,Use Primary,stock_total,Economy,,Solar,,,2020,,SaskatchewanUse Primary|Energy|Solar2020
Saskatchewan,Use Primary|Energy|Solar,Use Primary,stock_total,Economy,,Solar,,,2025,,SaskatchewanUse Primary|Energy|Solar2025
Saskatchewan,Use Primary|Energy|Solar,Use Primary,stock_total,Economy,,Solar,,,2030,,SaskatchewanUse Primary|Energy|Solar2030
Saskatchewan,Use Primary|Energy|Solar,Use Primary,stock_total,Economy,,Solar,,,2035,,SaskatchewanUse Primary|Energy|Solar2035
Saskatchewan,Use Primary|Energy|Solar,Use Primary,stock_total,Economy,,Solar,,,2040,,SaskatchewanUse Primary|Energy|Solar2040
Saskatchewan,Use Primary|Energy|Solar,Use Primary,stock_total,Economy,,Solar,,,2045,,SaskatchewanUse Primary|Energy|Solar2045
Saskatchewan,Use Primary|Energy|Solar,Use Primary,stock_total,Economy,,Solar,,,2050,,SaskatchewanUse Primary|Energy|Solar2050
Saskatchewan,Use Primary|Energy|Wind,Use Primary,stock_total,Economy,,Wind,,,2015,,SaskatchewanUse Primary|Energy|Wind2015
Saskatchewan,Use Primary|Energy|Wind,Use Primary,stock_total,Economy,,Wind,,,2020,,SaskatchewanUse Primary|Energy|Wind2020
Saskatchewan,Use Primary|Energy|Wind,Use Primary,stock_total,Economy,,Wind,,,2025,,SaskatchewanUse Primary|Energy|Wind2025
Saskatchewan,Use Primary|Energy|Wind,Use Primary,stock_total,Economy,,Wind,,,2030,,SaskatchewanUse Primary|Energy|Wind2030
Saskatchewan,Use Primary|Energy|Wind,Use Primary,stock_total,Economy,,Wind,,,2035,,SaskatchewanUse Primary|Energy|Wind2035
Saskatchewan,Use Primary|Energy|Wind,Use Primary,stock_total,Economy,,Wind,,,2040,,SaskatchewanUse Primary|Energy|Wind2040
Saskatchewan,Use Primary|Energy|Wind,Use Primary,stock_total,Economy,,Wind,,,2045,,SaskatchewanUse Primary|Energy|Wind2045
Saskatchewan,Use Primary|Energy|Wind,Use Primary,stock_total,Economy,,Wind,,,2050,,SaskatchewanUse Primary|Energy|Wind2050
Manitoba,Carbon Sequestration|CCS,Carbon Sequestration,emissions_total_cumul_avoided,Economy,,,CO2,ALL,2015,,ManitobaCarbon Sequestration|CCS2015
Manitoba,Carbon Sequestration|CCS,Carbon Sequestration,emissions_total_cumul_avoided,Economy,,,CO2,ALL,2020,,ManitobaCarbon Sequestration|CCS2020
Manitoba,Carbon Sequestration|CCS,Carbon Sequestration,emissions_total_cumul_avoided,Economy,,,CO2,ALL,2025,,ManitobaCarbon Sequestration|CCS2025
Manitoba,Carbon Sequestration|CCS,Carbon Sequestration,emissions_total_cumul_avoided,Economy,,,CO2,ALL,2030,,ManitobaCarbon Sequestration|CCS2030
Manitoba,Carbon Sequestration|CCS,Carbon Sequestration,emissions_total_cumul_avoided,Economy,,,CO2,ALL,2035,,ManitobaCarbon Sequestration|CCS2035
Manitoba,Carbon Sequestration|CCS,Carbon Sequestration,emissions_total_cumul_avoided,Economy,,,CO2,ALL,2040,,ManitobaCarbon Sequestration|CCS2040
Manitoba,Carbon Sequestration|CCS,Carbon Sequestration,emissions_total_cumul_avoided,Economy,,,CO2,ALL,2045,,ManitobaCarbon Sequestration|CCS2045
Manitoba,Carbon Sequestration|CCS,Carbon Sequestration,emissions_total_cumul_avoided,Economy,,,CO2,ALL,2050,,ManitobaCarbon Sequestration|CCS2050
Manitoba,Emissions|CO2,Emissions,emissions_total_cumul_net,Economy,,,CO2,ALL,2015,,ManitobaEmissions|CO22015
Manitoba,Emissions|CO2,Emissions,emissions_total_cumul_net,Economy,,,CO2,ALL,2020,,ManitobaEmissions|CO22020
Manitoba,Emissions|CO2,Emissions,emissions_total_cumul_net,Economy,,,CO2,ALL,2025,,ManitobaEmissions|CO22025
Manitoba,Emissions|CO2,Emissions,emissions_total_cumul_net,Economy,,,CO2,ALL,2030,,ManitobaEmissions|CO22030
Manitoba,Emissions|CO2,Emissions,emissions_total_cumul_net,Economy,,,CO2,ALL,2035,,ManitobaEmissions|CO22035
Manitoba,Emissions|CO2,Emissions,emissions_total_cumul_net,Economy,,,CO2,ALL,2040,,ManitobaEmissions|CO22040
Manitoba,Emissions|CO2,Emissions,emissions_total_cumul_net,Economy,,,CO2,ALL,2045,,ManitobaEmissions|CO22045
Manitoba,Emissions|CO2,Emissions,emissions_total_cumul_net,Economy,,,CO2,ALL,2050,,ManitobaEmissions|CO22050
Manitoba,Emissions|CO2|Combustion,Emissions,emissions_total_cumul_net,Economy,,,CO2,Combustion,2015,,ManitobaEmissions|CO2|Combustion2015
Manitoba,Emissions|CO2|Combustion,Emissions,emissions_total_cumul_net,Economy,,,CO2,Combustion,2020,,ManitobaEmissions|CO2|Combustion2020
Manitoba,Emissions|CO2|Combustion,Emissions,emissions_total_cumul_net,Economy,,,CO2,Combustion,2025,,ManitobaEmissions|CO2|Combustion2025
Manitoba,Emissions|CO2|Combustion,Emissions,emissions_total_cumul_net,Economy,,,CO2,Combustion,2030,,ManitobaEmissions|CO2|Combustion2030
Manitoba,Emissions|CO2|Combustion,Emissions,emissions_total_cumul_net,Economy,,,CO2,Combustion,2035,,ManitobaEmissions|CO2|Combustion2035
Manitoba,Emissions|CO2|Combustion,Emissions,emissions_total_cumul_net,Economy,,,CO2,Combustion,2040,,ManitobaEmissions|CO2|Combustion2040
Manitoba,Emissions|CO2|Combustion,Emissions,emissions_total_cumul_net,Economy,,,CO2,Combustion,2045,,ManitobaEmissions|CO2|Combustion2045
Manitoba,Emissions|CO2|Combustion,Emissions,emissions_total_cumul_net,Economy,,,CO2,Combustion,2050,,ManitobaEmissions|CO2|Combustion2050
Manitoba,Emissions|CO2|Combustion|Energy|Coal,Emissions,emissions_total_cumul_net,Economy,Coal,,CO2,Combustion,2015,,ManitobaEmissions|CO2|Combustion|Energy|Coal2015
Manitoba,Emissions|CO2|Combustion|Energy|Coal,Emissions,emissions_total_cumul_net,Economy,Coal,,CO2,Combustion,2020,,ManitobaEmissions|CO2|Combustion|Energy|Coal2020
Manitoba,Emissions|CO2|Combustion|Energy|Coal,Emissions,emissions_total_cumul_net,Economy,Coal,,CO2,Combustion,2025,,ManitobaEmissions|CO2|Combustion|Energy|Coal2025
Manitoba,Emissions|CO2|Combustion|Energy|Coal,Emissions,emissions_total_cumul_net,Economy,Coal,,CO2,Combustion,2030,,ManitobaEmissions|CO2|Combustion|Energy|Coal2030
Manitoba,Emissions|CO2|Combustion|Energy|Coal,Emissions,emissions_total_cumul_net,Economy,Coal,,CO2,Combustion,2035,,ManitobaEmissions|CO2|Combustion|Energy|Coal2035
Manitoba,Emissions|CO2|Combustion|Energy|Coal,Emissions,emissions_total_cumul_net,Economy,Coal,,CO2,Combustion,2040,,ManitobaEmissions|CO2|Combustion|Energy|Coal2040
Manitoba,Emissions|CO2|Combustion|Energy|Coal,Emissions,emissions_total_cumul_net,Economy,Coal,,CO2,Combustion,2045,,ManitobaEmissions|CO2|Combustion|Energy|Coal2045
Manitoba,Emissions|CO2|Combustion|Energy|Coal,Emissions,emissions_total_cumul_net,Economy,Coal,,CO2,Combustion,2050,,ManitobaEmissions|CO2|Combustion|Energy|Coal2050
Manitoba,Emissions|CO2|Combustion|Energy|Gas,Emissions,emissions_total_cumul_net,Economy,Gas,,CO2,Combustion,2015,,ManitobaEmissions|CO2|Combustion|Energy|Gas2015
Manitoba,Emissions|CO2|Combustion|Energy|Gas,Emissions,emissions_total_cumul_net,Economy,Gas,,CO2,Combustion,2020,,ManitobaEmissions|CO2|Combustion|Energy|Gas2020
Manitoba,Emissions|CO2|Combustion|Energy|Gas,Emissions,emissions_total_cumul_net,Economy,Gas,,CO2,Combustion,2025,,ManitobaEmissions|CO2|Combustion|Energy|Gas2025
Manitoba,Emissions|CO2|Combustion|Energy|Gas,Emissions,emissions_total_cumul_net,Economy,Gas,,CO2,Combustion,2030,,ManitobaEmissions|CO2|Combustion|Energy|Gas2030
Manitoba,Emissions|CO2|Combustion|Energy|Gas,Emissions,emissions_total_cumul_net,Economy,Gas,,CO2,Combustion,2035,,ManitobaEmissions|CO2|Combustion|Energy|Gas2035
Manitoba,Emissions|CO2|Combustion|Energy|Gas,Emissions,emissions_total_cumul_net,Economy,Gas,,CO2,Combustion,2040,,ManitobaEmissions|CO2|Combustion|Energy|Gas2040
Manitoba,Emissions|CO2|Combustion|Energy|Gas,Emissions,emissions_total_cumul_net,Economy,Gas,,CO2,Combustion,2045,,ManitobaEmissions|CO2|Combustion|Energy|Gas2045
Manitoba,Emissions|CO2|Combustion|Energy|Gas,Emissions,emissions_total_cumul_net,Economy,Gas,,CO2,Combustion,2050,,ManitobaEmissions|CO2|Combustion|Energy|Gas2050
Manitoba,Emissions|CO2|Combustion|Energy|Oil,Emissions,emissions_total_cumul_net,Economy,Oil,,CO2,Combustion,2015,,ManitobaEmissions|CO2|Combustion|Energy|Oil2015
Manitoba,Emissions|CO2|Combustion|Energy|Oil,Emissions,emissions_total_cumul_net,Economy,Oil,,CO2,Combustion,2020,,ManitobaEmissions|CO2|Combustion|Energy|Oil2020
Manitoba,Emissions|CO2|Combustion|Energy|Oil,Emissions,emissions_total_cumul_net,Economy,Oil,,CO2,Combustion,2025,,ManitobaEmissions|CO2|Combustion|Energy|Oil2025
Manitoba,Emissions|CO2|Combustion|Energy|Oil,Emissions,emissions_total_cumul_net,Economy,Oil,,CO2,Combustion,2030,,ManitobaEmissions|CO2|Combustion|Energy|Oil2030
Manitoba,Emissions|CO2|Combustion|Energy|Oil,Emissions,emissions_total_cumul_net,Economy,Oil,,CO2,Combustion,2035,,ManitobaEmissions|CO2|Combustion|Energy|Oil2035
Manitoba,Emissions|CO2|Combustion|Energy|Oil,Emissions,emissions_total_cumul_net,Economy,Oil,,CO2,Combustion,2040,,ManitobaEmissions|CO2|Combustion|Energy|Oil2040
Manitoba,Emissions|CO2|Combustion|Energy|Oil,Emissions,emissions_total_cumul_net,Economy,Oil,,CO2,Combustion,2045,,ManitobaEmissions|CO2|Combustion|Energy|Oil2045
Manitoba,Emissions|CO2|Combustion|Energy|Oil,Emissions,emissions_total_cumul_net,Economy,Oil,,CO2,Combustion,2050,,ManitobaEmissions|CO2|Combustion|Energy|Oil2050
Manitoba,Emissions|CO2|Combustion|Sector|Biomass Liquids,Emissions,emissions_total_cumul_net,Biofuels,,,CO2,Combustion,2015,,ManitobaEmissions|CO2|Combustion|Sector|Biomass Liquids2015
Manitoba,Emissions|CO2|Combustion|Sector|Biomass Liquids,Emissions,emissions_total_cumul_net,Biofuels,,,CO2,Combustion,2020,,ManitobaEmissions|CO2|Combustion|Sector|Biomass Liquids2020
Manitoba,Emissions|CO2|Combustion|Sector|Biomass Liquids,Emissions,emissions_total_cumul_net,Biofuels,,,CO2,Combustion,2025,,ManitobaEmissions|CO2|Combustion|Sector|Biomass Liquids2025
Manitoba,Emissions|CO2|Combustion|Sector|Biomass Liquids,Emissions,emissions_total_cumul_net,Biofuels,,,CO2,Combustion,2030,,ManitobaEmissions|CO2|Combustion|Sector|Biomass Liquids2030
Manitoba,Emissions|CO2|Combustion|Sector|Biomass Liquids,Emissions,emissions_total_cumul_net,Biofuels,,,CO2,Combustion,2035,,ManitobaEmissions|CO2|Combustion|Sector|Biomass Liquids2035
Manitoba,Emissions|CO2|Combustion|Sector|Biomass Liquids,Emissions,emissions_total_cumul_net,Biofuels,,,CO2,Combustion,2040,,ManitobaEmissions|CO2|Combustion|Sector|Biomass Liquids2040
Manitoba,Emissions|CO2|Combustion|Sector|Biomass Liquids,Emissions,emissions_total_cumul_net,Biofuels,,,CO2,Combustion,2045,,ManitobaEmissions|CO2|Combustion|Sector|Biomass Liquids2045
Manitoba,Emissions|CO2|Combustion|Sector|Biomass Liquids,Emissions,emissions_total_cumul_net,Biofuels,,,CO2,Combustion,2050,,ManitobaEmissions|CO2|Combustion|Sector|Biomass Liquids2050
Manitoba,Emissions|CO2|Combustion|Sector|Buildings,Emissions,emissions_total_cumul_net,Buildings,,,CO2,Combustion,2015,,ManitobaEmissions|CO2|Combustion|Sector|Buildings2015
Manitoba,Emissions|CO2|Combustion|Sector|Buildings,Emissions,emissions_total_cumul_net,Buildings,,,CO2,Combustion,2020,,ManitobaEmissions|CO2|Combustion|Sector|Buildings2020
Manitoba,Emissions|CO2|Combustion|Sector|Buildings,Emissions,emissions_total_cumul_net,Buildings,,,CO2,Combustion,2025,,ManitobaEmissions|CO2|Combustion|Sector|Buildings2025
Manitoba,Emissions|CO2|Combustion|Sector|Buildings,Emissions,emissions_total_cumul_net,Buildings,,,CO2,Combustion,2030,,ManitobaEmissions|CO2|Combustion|Sector|Buildings2030
Manitoba,Emissions|CO2|Combustion|Sector|Buildings,Emissions,emissions_total_cumul_net,Buildings,,,CO2,Combustion,2035,,ManitobaEmissions|CO2|Combustion|Sector|Buildings2035
Manitoba,Emissions|CO2|Combustion|Sector|Buildings,Emissions,emissions_total_cumul_net,Buildings,,,CO2,Combustion,2040,,ManitobaEmissions|CO2|Combustion|Sector|Buildings2040
Manitoba,Emissions|CO2|Combustion|Sector|Buildings,Emissions,emissions_total_cumul_net,Buildings,,,CO2,Combustion,2045,,ManitobaEmissions|CO2|Combustion|Sector|Buildings2045
Manitoba,Emissions|CO2|Combustion|Sector|Buildings,Emissions,emissions_total_cumul_net,Buildings,,,CO2,Combustion,2050,,ManitobaEmissions|CO2|Combustion|Sector|Buildings2050
Manitoba,Emissions|CO2|Combustion|Sector|Electricity,Emissions,emissions_total_cumul_net,Electricity,,,CO2,Combustion,2015,,ManitobaEmissions|CO2|Combustion|Sector|Electricity2015
Manitoba,Emissions|CO2|Combustion|Sector|Electricity,Emissions,emissions_total_cumul_net,Electricity,,,CO2,Combustion,2020,,ManitobaEmissions|CO2|Combustion|Sector|Electricity2020
Manitoba,Emissions|CO2|Combustion|Sector|Electricity,Emissions,emissions_total_cumul_net,Electricity,,,CO2,Combustion,2025,,ManitobaEmissions|CO2|Combustion|Sector|Electricity2025
Manitoba,Emissions|CO2|Combustion|Sector|Electricity,Emissions,emissions_total_cumul_net,Electricity,,,CO2,Combustion,2030,,ManitobaEmissions|CO2|Combustion|Sector|Electricity2030
Manitoba,Emissions|CO2|Combustion|Sector|Electricity,Emissions,emissions_total_cumul_net,Electricity,,,CO2,Combustion,2035,,ManitobaEmissions|CO2|Combustion|Sector|Electricity2035
Manitoba,Emissions|CO2|Combustion|Sector|Electricity,Emissions,emissions_total_cumul_net,Electricity,,,CO2,Combustion,2040,,ManitobaEmissions|CO2|Combustion|Sector|Electricity2040
Manitoba,Emissions|CO2|Combustion|Sector|Electricity,Emissions,emissions_total_cumul_net,Electricity,,,CO2,Combustion,2045,,ManitobaEmissions|CO2|Combustion|Sector|Electricity2045
Manitoba,Emissions|CO2|Combustion|Sector|Electricity,Emissions,emissions_total_cumul_net,Electricity,,,CO2,Combustion,2050,,ManitobaEmissions|CO2|Combustion|Sector|Electricity2050
Manitoba,Emissions|CO2|Combustion|Sector|Hydrogen,Emissions,emissions_total_cumul_net,Hydrogen,,,CO2,Combustion,2015,,ManitobaEmissions|CO2|Combustion|Sector|Hydrogen2015
Manitoba,Emissions|CO2|Combustion|Sector|Hydrogen,Emissions,emissions_total_cumul_net,Hydrogen,,,CO2,Combustion,2020,,ManitobaEmissions|CO2|Combustion|Sector|Hydrogen2020
Manitoba,Emissions|CO2|Combustion|Sector|Hydrogen,Emissions,emissions_total_cumul_net,Hydrogen,,,CO2,Combustion,2025,,ManitobaEmissions|CO2|Combustion|Sector|Hydrogen2025
Manitoba,Emissions|CO2|Combustion|Sector|Hydrogen,Emissions,emissions_total_cumul_net,Hydrogen,,,CO2,Combustion,2030,,ManitobaEmissions|CO2|Combustion|Sector|Hydrogen2030
Manitoba,Emissions|CO2|Combustion|Sector|Hydrogen,Emissions,emissions_total_cumul_net,Hydrogen,,,CO2,Combustion,2035,,ManitobaEmissions|CO2|Combustion|Sector|Hydrogen2035
Manitoba,Emissions|CO2|Combustion|Sector|Hydrogen,Emissions,emissions_total_cumul_net,Hydrogen,,,CO2,Combustion,2040,,ManitobaEmissions|CO2|Combustion|Sector|Hydrogen2040
Manitoba,Emissions|CO2|Combustion|Sector|Hydrogen,Emissions,emissions_total_cumul_net,Hydrogen,,,CO2,Combustion,2045,,ManitobaEmissions|CO2|Combustion|Sector|Hydrogen2045
Manitoba,Emissions|CO2|Combustion|Sector|Hydrogen,Emissions,emissions_total_cumul_net,Hydrogen,,,CO2,Combustion,2050,,ManitobaEmissions|CO2|Combustion|Sector|Hydrogen2050
Manitoba,Emissions|CO2|Combustion|Sector|Industry,Emissions,emissions_total_cumul_net,Industry,,,CO2,Combustion,2015,,ManitobaEmissions|CO2|Combustion|Sector|Industry2015
Manitoba,Emissions|CO2|Combustion|Sector|Industry,Emissions,emissions_total_cumul_net,Industry,,,CO2,Combustion,2020,,ManitobaEmissions|CO2|Combustion|Sector|Industry2020
Manitoba,Emissions|CO2|Combustion|Sector|Industry,Emissions,emissions_total_cumul_net,Industry,,,CO2,Combustion,2025,,ManitobaEmissions|CO2|Combustion|Sector|Industry2025
Manitoba,Emissions|CO2|Combustion|Sector|Industry,Emissions,emissions_total_cumul_net,Industry,,,CO2,Combustion,2030,,ManitobaEmissions|CO2|Combustion|Sector|Industry2030
Manitoba,Emissions|CO2|Combustion|Sector|Industry,Emissions,emissions_total_cumul_net,Industry,,,CO2,Combustion,2035,,ManitobaEmissions|CO2|Combustion|Sector|Industry2035
Manitoba,Emissions|CO2|Combustion|Sector|Industry,Emissions,emissions_total_cumul_net,Industry,,,CO2,Combustion,2040,,ManitobaEmissions|CO2|Combustion|Sector|Industry2040
Manitoba,Emissions|CO2|Combustion|Sector|Industry,Emissions,emissions_total_cumul_net,Industry,,,CO2,Combustion,2045,,ManitobaEmissions|CO2|Combustion|Sector|Industry2045
Manitoba,Emissions|CO2|Combustion|Sector|Industry,Emissions,emissions_total_cumul_net,Industry,,,CO2,Combustion,2050,,ManitobaEmissions|CO2|Combustion|Sector|Industry2050
Manitoba,Emissions|CO2|Combustion|Sector|Industry|Non Mfg|Petroleum Refining,Emissions,emissions_total_cumul_net,Petroleum Refining,,,CO2,Combustion,2015,,ManitobaEmissions|CO2|Combustion|Sector|Industry|Non Mfg|Petroleum Refining2015
Manitoba,Emissions|CO2|Combustion|Sector|Industry|Non Mfg|Petroleum Refining,Emissions,emissions_total_cumul_net,Petroleum Refining,,,CO2,Combustion,2020,,ManitobaEmissions|CO2|Combustion|Sector|Industry|Non Mfg|Petroleum Refining2020
Manitoba,Emissions|CO2|Combustion|Sector|Industry|Non Mfg|Petroleum Refining,Emissions,emissions_total_cumul_net,Petroleum Refining,,,CO2,Combustion,2025,,ManitobaEmissions|CO2|Combustion|Sector|Industry|Non Mfg|Petroleum Refining2025
Manitoba,Emissions|CO2|Combustion|Sector|Industry|Non Mfg|Petroleum Refining,Emissions,emissions_total_cumul_net,Petroleum Refining,,,CO2,Combustion,2030,,ManitobaEmissions|CO2|Combustion|Sector|Industry|Non Mfg|Petroleum Refining2030
Manitoba,Emissions|CO2|Combustion|Sector|Industry|Non Mfg|Petroleum Refining,Emissions,emissions_total_cumul_net,Petroleum Refining,,,CO2,Combustion,2035,,ManitobaEmissions|CO2|Combustion|Sector|Industry|Non Mfg|Petroleum Refining2035
Manitoba,Emissions|CO2|Combustion|Sector|Industry|Non Mfg|Petroleum Refining,Emissions,emissions_total_cumul_net,Petroleum Refining,,,CO2,Combustion,2040,,ManitobaEmissions|CO2|Combustion|Sector|Industry|Non Mfg|Petroleum Refining2040
Manitoba,Emissions|CO2|Combustion|Sector|Industry|Non Mfg|Petroleum Refining,Emissions,emissions_total_cumul_net,Petroleum Refining,,,CO2,Combustion,2045,,ManitobaEmissions|CO2|Combustion|Sector|Industry|Non Mfg|Petroleum Refining2045
Manitoba,Emissions|CO2|Combustion|Sector|Industry|Non Mfg|Petroleum Refining,Emissions,emissions_total_cumul_net,Petroleum Refining,,,CO2,Combustion,2050,,ManitobaEmissions|CO2|Combustion|Sector|Industry|Non Mfg|Petroleum Refining2050
Manitoba,Emissions|CO2|Combustion|Sector|Transportation,Emissions,emissions_total_cumul_net,Transport,,,CO2,Combustion,2015,,ManitobaEmissions|CO2|Combustion|Sector|Transportation2015
Manitoba,Emissions|CO2|Combustion|Sector|Transportation,Emissions,emissions_total_cumul_net,Transport,,,CO2,Combustion,2020,,ManitobaEmissions|CO2|Combustion|Sector|Transportation2020
Manitoba,Emissions|CO2|Combustion|Sector|Transportation,Emissions,emissions_total_cumul_net,Transport,,,CO2,Combustion,2025,,ManitobaEmissions|CO2|Combustion|Sector|Transportation2025
Manitoba,Emissions|CO2|Combustion|Sector|Transportation,Emissions,emissions_total_cumul_net,Transport,,,CO2,Combustion,2030,,ManitobaEmissions|CO2|Combustion|Sector|Transportation2030
Manitoba,Emissions|CO2|Combustion|Sector|Transportation,Emissions,emissions_total_cumul_net,Transport,,,CO2,Combustion,2035,,ManitobaEmissions|CO2|Combustion|Sector|Transportation2035
Manitoba,Emissions|CO2|Combustion|Sector|Transportation,Emissions,emissions_total_cumul_net,Transport,,,CO2,Combustion,2040,,ManitobaEmissions|CO2|Combustion|Sector|Transportation2040
Manitoba,Emissions|CO2|Combustion|Sector|Transportation,Emissions,emissions_total_cumul_net,Transport,,,CO2,Combustion,2045,,ManitobaEmissions|CO2|Combustion|Sector|Transportation2045
Manitoba,Emissions|CO2|Combustion|Sector|Transportation,Emissions,emissions_total_cumul_net,Transport,,,CO2,Combustion,2050,,ManitobaEmissions|CO2|Combustion|Sector|Transportation2050
Manitoba,Emissions|CO2|Industrial Process,Emissions,emissions_total_cumul_net,Economy,,,CO2,Process,2015,,ManitobaEmissions|CO2|Industrial Process2015
Manitoba,Emissions|CO2|Industrial Process,Emissions,emissions_total_cumul_net,Economy,,,CO2,Process,2020,,ManitobaEmissions|CO2|Industrial Process2020
Manitoba,Emissions|CO2|Industrial Process,Emissions,emissions_total_cumul_net,Economy,,,CO2,Process,2025,,ManitobaEmissions|CO2|Industrial Process2025
Manitoba,Emissions|CO2|Industrial Process,Emissions,emissions_total_cumul_net,Economy,,,CO2,Process,2030,,ManitobaEmissions|CO2|Industrial Process2030
Manitoba,Emissions|CO2|Industrial Process,Emissions,emissions_total_cumul_net,Economy,,,CO2,Process,2035,,ManitobaEmissions|CO2|Industrial Process2035
Manitoba,Emissions|CO2|Industrial Process,Emissions,emissions_total_cumul_net,Economy,,,CO2,Process,2040,,ManitobaEmissions|CO2|Industrial Process2040
Manitoba,Emissions|CO2|Industrial Process,Emissions,emissions_total_cumul_net,Economy,,,CO2,Process,2045,,ManitobaEmissions|CO2|Industrial Process2045
Manitoba,Emissions|CO2|Industrial Process,Emissions,emissions_total_cumul_net,Economy,,,CO2,Process,2050,,ManitobaEmissions|CO2|Industrial Process2050
Manitoba,Emissions|GHG Total,Emissions,emissions_total_cumul_net,Economy,,,GHG,ALL,2015,,ManitobaEmissions|GHG Total2015
Manitoba,Emissions|GHG Total,Emissions,emissions_total_cumul_net,Economy,,,GHG,ALL,2020,,ManitobaEmissions|GHG Total2020
Manitoba,Emissions|GHG Total,Emissions,emissions_total_cumul_net,Economy,,,GHG,ALL,2025,,ManitobaEmissions|GHG Total2025
Manitoba,Emissions|GHG Total,Emissions,emissions_total_cumul_net,Economy,,,GHG,ALL,2030,,ManitobaEmissions|GHG Total2030
Manitoba,Emissions|GHG Total,Emissions,emissions_total_cumul_net,Economy,,,GHG,ALL,2035,,ManitobaEmissions|GHG Total2035
Manitoba,Emissions|GHG Total,Emissions,emissions_total_cumul_net,Economy,,,GHG,ALL,2040,,ManitobaEmissions|GHG Total2040
Manitoba,Emissions|GHG Total,Emissions,emissions_total_cumul_net,Economy,,,GHG,ALL,2045,,ManitobaEmissions|GHG Total2045
Manitoba,Emissions|GHG Total,Emissions,emissions_total_cumul_net,Economy,,,GHG,ALL,2050,,ManitobaEmissions|GHG Total2050
Manitoba,Emissions|GHG Total|Combustion,Emissions,emissions_total_cumul_net,Economy,,,GHG,Combustion,2015,,ManitobaEmissions|GHG Total|Combustion2015
Manitoba,Emissions|GHG Total|Combustion,Emissions,emissions_total_cumul_net,Economy,,,GHG,Combustion,2020,,ManitobaEmissions|GHG Total|Combustion2020
Manitoba,Emissions|GHG Total|Combustion,Emissions,emissions_total_cumul_net,Economy,,,GHG,Combustion,2025,,ManitobaEmissions|GHG Total|Combustion2025
Manitoba,Emissions|GHG Total|Combustion,Emissions,emissions_total_cumul_net,Economy,,,GHG,Combustion,2030,,ManitobaEmissions|GHG Total|Combustion2030
Manitoba,Emissions|GHG Total|Combustion,Emissions,emissions_total_cumul_net,Economy,,,GHG,Combustion,2035,,ManitobaEmissions|GHG Total|Combustion2035
Manitoba,Emissions|GHG Total|Combustion,Emissions,emissions_total_cumul_net,Economy,,,GHG,Combustion,2040,,ManitobaEmissions|GHG Total|Combustion2040
Manitoba,Emissions|GHG Total|Combustion,Emissions,emissions_total_cumul_net,Economy,,,GHG,Combustion,2045,,ManitobaEmissions|GHG Total|Combustion2045
Manitoba,Emissions|GHG Total|Combustion,Emissions,emissions_total_cumul_net,Economy,,,GHG,Combustion,2050,,ManitobaEmissions|GHG Total|Combustion2050
Manitoba,Emissions|GHG Total|Combustion|Energy|Coal,Emissions,emissions_total_cumul_net,Economy,Coal,,GHG,Combustion,2015,,ManitobaEmissions|GHG Total|Combustion|Energy|Coal2015
Manitoba,Emissions|GHG Total|Combustion|Energy|Coal,Emissions,emissions_total_cumul_net,Economy,Coal,,GHG,Combustion,2020,,ManitobaEmissions|GHG Total|Combustion|Energy|Coal2020
Manitoba,Emissions|GHG Total|Combustion|Energy|Coal,Emissions,emissions_total_cumul_net,Economy,Coal,,GHG,Combustion,2025,,ManitobaEmissions|GHG Total|Combustion|Energy|Coal2025
Manitoba,Emissions|GHG Total|Combustion|Energy|Coal,Emissions,emissions_total_cumul_net,Economy,Coal,,GHG,Combustion,2030,,ManitobaEmissions|GHG Total|Combustion|Energy|Coal2030
Manitoba,Emissions|GHG Total|Combustion|Energy|Coal,Emissions,emissions_total_cumul_net,Economy,Coal,,GHG,Combustion,2035,,ManitobaEmissions|GHG Total|Combustion|Energy|Coal2035
Manitoba,Emissions|GHG Total|Combustion|Energy|Coal,Emissions,emissions_total_cumul_net,Economy,Coal,,GHG,Combustion,2040,,ManitobaEmissions|GHG Total|Combustion|Energy|Coal2040
Manitoba,Emissions|GHG Total|Combustion|Energy|Coal,Emissions,emissions_total_cumul_net,Economy,Coal,,GHG,Combustion,2045,,ManitobaEmissions|GHG Total|Combustion|Energy|Coal2045
Manitoba,Emissions|GHG Total|Combustion|Energy|Coal,Emissions,emissions_total_cumul_net,Economy,Coal,,GHG,Combustion,2050,,ManitobaEmissions|GHG Total|Combustion|Energy|Coal2050
Manitoba,Emissions|GHG Total|Combustion|Energy|Gas,Emissions,emissions_total_cumul_net,Economy,Gas,,GHG,Combustion,2015,,ManitobaEmissions|GHG Total|Combustion|Energy|Gas2015
Manitoba,Emissions|GHG Total|Combustion|Energy|Gas,Emissions,emissions_total_cumul_net,Economy,Gas,,GHG,Combustion,2020,,ManitobaEmissions|GHG Total|Combustion|Energy|Gas2020
Manitoba,Emissions|GHG Total|Combustion|Energy|Gas,Emissions,emissions_total_cumul_net,Economy,Gas,,GHG,Combustion,2025,,ManitobaEmissions|GHG Total|Combustion|Energy|Gas2025
Manitoba,Emissions|GHG Total|Combustion|Energy|Gas,Emissions,emissions_total_cumul_net,Economy,Gas,,GHG,Combustion,2030,,ManitobaEmissions|GHG Total|Combustion|Energy|Gas2030
Manitoba,Emissions|GHG Total|Combustion|Energy|Gas,Emissions,emissions_total_cumul_net,Economy,Gas,,GHG,Combustion,2035,,ManitobaEmissions|GHG Total|Combustion|Energy|Gas2035
Manitoba,Emissions|GHG Total|Combustion|Energy|Gas,Emissions,emissions_total_cumul_net,Economy,Gas,,GHG,Combustion,2040,,ManitobaEmissions|GHG Total|Combustion|Energy|Gas2040
Manitoba,Emissions|GHG Total|Combustion|Energy|Gas,Emissions,emissions_total_cumul_net,Economy,Gas,,GHG,Combustion,2045,,ManitobaEmissions|GHG Total|Combustion|Energy|Gas2045
Manitoba,Emissions|GHG Total|Combustion|Energy|Gas,Emissions,emissions_total_cumul_net,Economy,Gas,,GHG,Combustion,2050,,ManitobaEmissions|GHG Total|Combustion|Energy|Gas2050
Manitoba,Emissions|GHG Total|Combustion|Energy|Oil,Emissions,emissions_total_cumul_net,Economy,Oil,,GHG,Combustion,2015,,ManitobaEmissions|GHG Total|Combustion|Energy|Oil2015
Manitoba,Emissions|GHG Total|Combustion|Energy|Oil,Emissions,emissions_total_cumul_net,Economy,Oil,,GHG,Combustion,2020,,ManitobaEmissions|GHG Total|Combustion|Energy|Oil2020
Manitoba,Emissions|GHG Total|Combustion|Energy|Oil,Emissions,emissions_total_cumul_net,Economy,Oil,,GHG,Combustion,2025,,ManitobaEmissions|GHG Total|Combustion|Energy|Oil2025
Manitoba,Emissions|GHG Total|Combustion|Energy|Oil,Emissions,emissions_total_cumul_net,Economy,Oil,,GHG,Combustion,2030,,ManitobaEmissions|GHG Total|Combustion|Energy|Oil2030
Manitoba,Emissions|GHG Total|Combustion|Energy|Oil,Emissions,emissions_total_cumul_net,Economy,Oil,,GHG,Combustion,2035,,ManitobaEmissions|GHG Total|Combustion|Energy|Oil2035
Manitoba,Emissions|GHG Total|Combustion|Energy|Oil,Emissions,emissions_total_cumul_net,Economy,Oil,,GHG,Combustion,2040,,ManitobaEmissions|GHG Total|Combustion|Energy|Oil2040
Manitoba,Emissions|GHG Total|Combustion|Energy|Oil,Emissions,emissions_total_cumul_net,Economy,Oil,,GHG,Combustion,2045,,ManitobaEmissions|GHG Total|Combustion|Energy|Oil2045
Manitoba,Emissions|GHG Total|Combustion|Energy|Oil,Emissions,emissions_total_cumul_net,Economy,Oil,,GHG,Combustion,2050,,ManitobaEmissions|GHG Total|Combustion|Energy|Oil2050
Manitoba,Emissions|GHG Total|Combustion|Sector|Biomass Liquids,Emissions,emissions_total_cumul_net,Biofuels,,,GHG,Combustion,2015,,ManitobaEmissions|GHG Total|Combustion|Sector|Biomass Liquids2015
Manitoba,Emissions|GHG Total|Combustion|Sector|Biomass Liquids,Emissions,emissions_total_cumul_net,Biofuels,,,GHG,Combustion,2020,,ManitobaEmissions|GHG Total|Combustion|Sector|Biomass Liquids2020
Manitoba,Emissions|GHG Total|Combustion|Sector|Biomass Liquids,Emissions,emissions_total_cumul_net,Biofuels,,,GHG,Combustion,2025,,ManitobaEmissions|GHG Total|Combustion|Sector|Biomass Liquids2025
Manitoba,Emissions|GHG Total|Combustion|Sector|Biomass Liquids,Emissions,emissions_total_cumul_net,Biofuels,,,GHG,Combustion,2030,,ManitobaEmissions|GHG Total|Combustion|Sector|Biomass Liquids2030
Manitoba,Emissions|GHG Total|Combustion|Sector|Biomass Liquids,Emissions,emissions_total_cumul_net,Biofuels,,,GHG,Combustion,2035,,ManitobaEmissions|GHG Total|Combustion|Sector|Biomass Liquids2035
Manitoba,Emissions|GHG Total|Combustion|Sector|Biomass Liquids,Emissions,emissions_total_cumul_net,Biofuels,,,GHG,Combustion,2040,,ManitobaEmissions|GHG Total|Combustion|Sector|Biomass Liquids2040
Manitoba,Emissions|GHG Total|Combustion|Sector|Biomass Liquids,Emissions,emissions_total_cumul_net,Biofuels,,,GHG,Combustion,2045,,ManitobaEmissions|GHG Total|Combustion|Sector|Biomass Liquids2045
Manitoba,Emissions|GHG Total|Combustion|Sector|Biomass Liquids,Emissions,emissions_total_cumul_net,Biofuels,,,GHG,Combustion,2050,,ManitobaEmissions|GHG Total|Combustion|Sector|Biomass Liquids2050
Manitoba,Emissions|GHG Total|Combustion|Sector|Buildings,Emissions,emissions_total_cumul_net,Buildings,,,GHG,Combustion,2015,,ManitobaEmissions|GHG Total|Combustion|Sector|Buildings2015
Manitoba,Emissions|GHG Total|Combustion|Sector|Buildings,Emissions,emissions_total_cumul_net,Buildings,,,GHG,Combustion,2020,,ManitobaEmissions|GHG Total|Combustion|Sector|Buildings2020
Manitoba,Emissions|GHG Total|Combustion|Sector|Buildings,Emissions,emissions_total_cumul_net,Buildings,,,GHG,Combustion,2025,,ManitobaEmissions|GHG Total|Combustion|Sector|Buildings2025
Manitoba,Emissions|GHG Total|Combustion|Sector|Buildings,Emissions,emissions_total_cumul_net,Buildings,,,GHG,Combustion,2030,,ManitobaEmissions|GHG Total|Combustion|Sector|Buildings2030
Manitoba,Emissions|GHG Total|Combustion|Sector|Buildings,Emissions,emissions_total_cumul_net,Buildings,,,GHG,Combustion,2035,,ManitobaEmissions|GHG Total|Combustion|Sector|Buildings2035
Manitoba,Emissions|GHG Total|Combustion|Sector|Buildings,Emissions,emissions_total_cumul_net,Buildings,,,GHG,Combustion,2040,,ManitobaEmissions|GHG Total|Combustion|Sector|Buildings2040
Manitoba,Emissions|GHG Total|Combustion|Sector|Buildings,Emissions,emissions_total_cumul_net,Buildings,,,GHG,Combustion,2045,,ManitobaEmissions|GHG Total|Combustion|Sector|Buildings2045
Manitoba,Emissions|GHG Total|Combustion|Sector|Buildings,Emissions,emissions_total_cumul_net,Buildings,,,GHG,Combustion,2050,,ManitobaEmissions|GHG Total|Combustion|Sector|Buildings2050
Manitoba,Emissions|GHG Total|Combustion|Sector|Electricity,Emissions,emissions_total_cumul_net,Electricity,,,GHG,Combustion,2015,,ManitobaEmissions|GHG Total|Combustion|Sector|Electricity2015
Manitoba,Emissions|GHG Total|Combustion|Sector|Electricity,Emissions,emissions_total_cumul_net,Electricity,,,GHG,Combustion,2020,,ManitobaEmissions|GHG Total|Combustion|Sector|Electricity2020
Manitoba,Emissions|GHG Total|Combustion|Sector|Electricity,Emissions,emissions_total_cumul_net,Electricity,,,GHG,Combustion,2025,,ManitobaEmissions|GHG Total|Combustion|Sector|Electricity2025
Manitoba,Emissions|GHG Total|Combustion|Sector|Electricity,Emissions,emissions_total_cumul_net,Electricity,,,GHG,Combustion,2030,,ManitobaEmissions|GHG Total|Combustion|Sector|Electricity2030
Manitoba,Emissions|GHG Total|Combustion|Sector|Electricity,Emissions,emissions_total_cumul_net,Electricity,,,GHG,Combustion,2035,,ManitobaEmissions|GHG Total|Combustion|Sector|Electricity2035
Manitoba,Emissions|GHG Total|Combustion|Sector|Electricity,Emissions,emissions_total_cumul_net,Electricity,,,GHG,Combustion,2040,,ManitobaEmissions|GHG Total|Combustion|Sector|Electricity2040
Manitoba,Emissions|GHG Total|Combustion|Sector|Electricity,Emissions,emissions_total_cumul_net,Electricity,,,GHG,Combustion,2045,,ManitobaEmissions|GHG Total|Combustion|Sector|Electricity2045
Manitoba,Emissions|GHG Total|Combustion|Sector|Electricity,Emissions,emissions_total_cumul_net,Electricity,,,GHG,Combustion,2050,,ManitobaEmissions|GHG Total|Combustion|Sector|Electricity2050
Manitoba,Emissions|GHG Total|Combustion|Sector|Hydrogen,Emissions,emissions_total_cumul_net,Hydrogen,,,GHG,Combustion,2015,,ManitobaEmissions|GHG Total|Combustion|Sector|Hydrogen2015
Manitoba,Emissions|GHG Total|Combustion|Sector|Hydrogen,Emissions,emissions_total_cumul_net,Hydrogen,,,GHG,Combustion,2020,,ManitobaEmissions|GHG Total|Combustion|Sector|Hydrogen2020
Manitoba,Emissions|GHG Total|Combustion|Sector|Hydrogen,Emissions,emissions_total_cumul_net,Hydrogen,,,GHG,Combustion,2025,,ManitobaEmissions|GHG Total|Combustion|Sector|Hydrogen2025
Manitoba,Emissions|GHG Total|Combustion|Sector|Hydrogen,Emissions,emissions_total_cumul_net,Hydrogen,,,GHG,Combustion,2030,,ManitobaEmissions|GHG Total|Combustion|Sector|Hydrogen2030
Manitoba,Emissions|GHG Total|Combustion|Sector|Hydrogen,Emissions,emissions_total_cumul_net,Hydrogen,,,GHG,Combustion,2035,,ManitobaEmissions|GHG Total|Combustion|Sector|Hydrogen2035
Manitoba,Emissions|GHG Total|Combustion|Sector|Hydrogen,Emissions,emissions_total_cumul_net,Hydrogen,,,GHG,Combustion,2040,,ManitobaEmissions|GHG Total|Combustion|Sector|Hydrogen2040
Manitoba,Emissions|GHG Total|Combustion|Sector|Hydrogen,Emissions,emissions_total_cumul_net,Hydrogen,,,GHG,Combustion,2045,,ManitobaEmissions|GHG Total|Combustion|Sector|Hydrogen2045
Manitoba,Emissions|GHG Total|Combustion|Sector|Hydrogen,Emissions,emissions_total_cumul_net,Hydrogen,,,GHG,Combustion,2050,,ManitobaEmissions|GHG Total|Combustion|Sector|Hydrogen2050
Manitoba,Emissions|GHG Total|Combustion|Sector|Industry,Emissions,emissions_total_cumul_net,Industry,,,GHG,Combustion,2015,,ManitobaEmissions|GHG Total|Combustion|Sector|Industry2015
Manitoba,Emissions|GHG Total|Combustion|Sector|Industry,Emissions,emissions_total_cumul_net,Industry,,,GHG,Combustion,2020,,ManitobaEmissions|GHG Total|Combustion|Sector|Industry2020
Manitoba,Emissions|GHG Total|Combustion|Sector|Industry,Emissions,emissions_total_cumul_net,Industry,,,GHG,Combustion,2025,,ManitobaEmissions|GHG Total|Combustion|Sector|Industry2025
Manitoba,Emissions|GHG Total|Combustion|Sector|Industry,Emissions,emissions_total_cumul_net,Industry,,,GHG,Combustion,2030,,ManitobaEmissions|GHG Total|Combustion|Sector|Industry2030
Manitoba,Emissions|GHG Total|Combustion|Sector|Industry,Emissions,emissions_total_cumul_net,Industry,,,GHG,Combustion,2035,,ManitobaEmissions|GHG Total|Combustion|Sector|Industry2035
Manitoba,Emissions|GHG Total|Combustion|Sector|Industry,Emissions,emissions_total_cumul_net,Industry,,,GHG,Combustion,2040,,ManitobaEmissions|GHG Total|Combustion|Sector|Industry2040
Manitoba,Emissions|GHG Total|Combustion|Sector|Industry,Emissions,emissions_total_cumul_net,Industry,,,GHG,Combustion,2045,,ManitobaEmissions|GHG Total|Combustion|Sector|Industry2045
Manitoba,Emissions|GHG Total|Combustion|Sector|Industry,Emissions,emissions_total_cumul_net,Industry,,,GHG,Combustion,2050,,ManitobaEmissions|GHG Total|Combustion|Sector|Industry2050
Manitoba,Emissions|GHG Total|Combustion|Sector|Industry|Non Mfg|Petroleum Refining,Emissions,emissions_total_cumul_net,Petroleum Refining,,,GHG,Combustion,2015,,ManitobaEmissions|GHG Total|Combustion|Sector|Industry|Non Mfg|Petroleum Refining2015
Manitoba,Emissions|GHG Total|Combustion|Sector|Industry|Non Mfg|Petroleum Refining,Emissions,emissions_total_cumul_net,Petroleum Refining,,,GHG,Combustion,2020,,ManitobaEmissions|GHG Total|Combustion|Sector|Industry|Non Mfg|Petroleum Refining2020
Manitoba,Emissions|GHG Total|Combustion|Sector|Industry|Non Mfg|Petroleum Refining,Emissions,emissions_total_cumul_net,Petroleum Refining,,,GHG,Combustion,2025,,ManitobaEmissions|GHG Total|Combustion|Sector|Industry|Non Mfg|Petroleum Refining2025
Manitoba,Emissions|GHG Total|Combustion|Sector|Industry|Non Mfg|Petroleum Refining,Emissions,emissions_total_cumul_net,Petroleum Refining,,,GHG,Combustion,2030,,ManitobaEmissions|GHG Total|Combustion|Sector|Industry|Non Mfg|Petroleum Refining2030
Manitoba,Emissions|GHG Total|Combustion|Sector|Industry|Non Mfg|Petroleum Refining,Emissions,emissions_total_cumul_net,Petroleum Refining,,,GHG,Combustion,2035,,ManitobaEmissions|GHG Total|Combustion|Sector|Industry|Non Mfg|Petroleum Refining2035
Manitoba,Emissions|GHG Total|Combustion|Sector|Industry|Non Mfg|Petroleum Refining,Emissions,emissions_total_cumul_net,Petroleum Refining,,,GHG,Combustion,2040,,ManitobaEmissions|GHG Total|Combustion|Sector|Industry|Non Mfg|Petroleum Refining2040
Manitoba,Emissions|GHG Total|Combustion|Sector|Industry|Non Mfg|Petroleum Refining,Emissions,emissions_total_cumul_net,Petroleum Refining,,,GHG,Combustion,2045,,ManitobaEmissions|GHG Total|Combustion|Sector|Industry|Non Mfg|Petroleum Refining2045
Manitoba,Emissions|GHG Total|Combustion|Sector|Industry|Non Mfg|Petroleum Refining,Emissions,emissions_total_cumul_net,Petroleum Refining,,,GHG,Combustion,2050,,ManitobaEmissions|GHG Total|Combustion|Sector|Industry|Non Mfg|Petroleum Refining2050
Manitoba,Emissions|GHG Total|Combustion|Sector|Transportation,Emissions,emissions_total_cumul_net,Transport,,,GHG,Combustion,2015,,ManitobaEmissions|GHG Total|Combustion|Sector|Transportation2015
Manitoba,Emissions|GHG Total|Combustion|Sector|Transportation,Emissions,emissions_total_cumul_net,Transport,,,GHG,Combustion,2020,,ManitobaEmissions|GHG Total|Combustion|Sector|Transportation2020
Manitoba,Emissions|GHG Total|Combustion|Sector|Transportation,Emissions,emissions_total_cumul_net,Transport,,,GHG,Combustion,2025,,ManitobaEmissions|GHG Total|Combustion|Sector|Transportation2025
Manitoba,Emissions|GHG Total|Combustion|Sector|Transportation,Emissions,emissions_total_cumul_net,Transport,,,GHG,Combustion,2030,,ManitobaEmissions|GHG Total|Combustion|Sector|Transportation2030
Manitoba,Emissions|GHG Total|Combustion|Sector|Transportation,Emissions,emissions_total_cumul_net,Transport,,,GHG,Combustion,2035,,ManitobaEmissions|GHG Total|Combustion|Sector|Transportation2035
Manitoba,Emissions|GHG Total|Combustion|Sector|Transportation,Emissions,emissions_total_cumul_net,Transport,,,GHG,Combustion,2040,,ManitobaEmissions|GHG Total|Combustion|Sector|Transportation2040
Manitoba,Emissions|GHG Total|Combustion|Sector|Transportation,Emissions,emissions_total_cumul_net,Transport,,,GHG,Combustion,2045,,ManitobaEmissions|GHG Total|Combustion|Sector|Transportation2045
Manitoba,Emissions|GHG Total|Combustion|Sector|Transportation,Emissions,emissions_total_cumul_net,Transport,,,GHG,Combustion,2050,,ManitobaEmissions|GHG Total|Combustion|Sector|Transportation2050
Manitoba,Emissions|GHG Total|Fugitive,Emissions,emissions_total_cumul_net,Economy,,,GHG,Fugitive,2015,,ManitobaEmissions|GHG Total|Fugitive2015
Manitoba,Emissions|GHG Total|Fugitive,Emissions,emissions_total_cumul_net,Economy,,,GHG,Fugitive,2020,,ManitobaEmissions|GHG Total|Fugitive2020
Manitoba,Emissions|GHG Total|Fugitive,Emissions,emissions_total_cumul_net,Economy,,,GHG,Fugitive,2025,,ManitobaEmissions|GHG Total|Fugitive2025
Manitoba,Emissions|GHG Total|Fugitive,Emissions,emissions_total_cumul_net,Economy,,,GHG,Fugitive,2030,,ManitobaEmissions|GHG Total|Fugitive2030
Manitoba,Emissions|GHG Total|Fugitive,Emissions,emissions_total_cumul_net,Economy,,,GHG,Fugitive,2035,,ManitobaEmissions|GHG Total|Fugitive2035
Manitoba,Emissions|GHG Total|Fugitive,Emissions,emissions_total_cumul_net,Economy,,,GHG,Fugitive,2040,,ManitobaEmissions|GHG Total|Fugitive2040
Manitoba,Emissions|GHG Total|Fugitive,Emissions,emissions_total_cumul_net,Economy,,,GHG,Fugitive,2045,,ManitobaEmissions|GHG Total|Fugitive2045
Manitoba,Emissions|GHG Total|Fugitive,Emissions,emissions_total_cumul_net,Economy,,,GHG,Fugitive,2050,,ManitobaEmissions|GHG Total|Fugitive2050
Manitoba,Emissions|GHG Total|Fugitive|Buildings,Emissions,emissions_total_cumul_net,Buildings,,,GHG,Fugitive,2015,,ManitobaEmissions|GHG Total|Fugitive|Buildings2015
Manitoba,Emissions|GHG Total|Fugitive|Buildings,Emissions,emissions_total_cumul_net,Buildings,,,GHG,Fugitive,2020,,ManitobaEmissions|GHG Total|Fugitive|Buildings2020
Manitoba,Emissions|GHG Total|Fugitive|Buildings,Emissions,emissions_total_cumul_net,Buildings,,,GHG,Fugitive,2025,,ManitobaEmissions|GHG Total|Fugitive|Buildings2025
Manitoba,Emissions|GHG Total|Fugitive|Buildings,Emissions,emissions_total_cumul_net,Buildings,,,GHG,Fugitive,2030,,ManitobaEmissions|GHG Total|Fugitive|Buildings2030
Manitoba,Emissions|GHG Total|Fugitive|Buildings,Emissions,emissions_total_cumul_net,Buildings,,,GHG,Fugitive,2035,,ManitobaEmissions|GHG Total|Fugitive|Buildings2035
Manitoba,Emissions|GHG Total|Fugitive|Buildings,Emissions,emissions_total_cumul_net,Buildings,,,GHG,Fugitive,2040,,ManitobaEmissions|GHG Total|Fugitive|Buildings2040
Manitoba,Emissions|GHG Total|Fugitive|Buildings,Emissions,emissions_total_cumul_net,Buildings,,,GHG,Fugitive,2045,,ManitobaEmissions|GHG Total|Fugitive|Buildings2045
Manitoba,Emissions|GHG Total|Fugitive|Buildings,Emissions,emissions_total_cumul_net,Buildings,,,GHG,Fugitive,2050,,ManitobaEmissions|GHG Total|Fugitive|Buildings2050
Manitoba,Emissions|GHG Total|Fugitive|Industry|Non Mfg|Petroleum Refining,Emissions,emissions_total_cumul_net,Petroleum Refining,,,GHG,Fugitive,2015,,ManitobaEmissions|GHG Total|Fugitive|Industry|Non Mfg|Petroleum Refining2015
Manitoba,Emissions|GHG Total|Fugitive|Industry|Non Mfg|Petroleum Refining,Emissions,emissions_total_cumul_net,Petroleum Refining,,,GHG,Fugitive,2020,,ManitobaEmissions|GHG Total|Fugitive|Industry|Non Mfg|Petroleum Refining2020
Manitoba,Emissions|GHG Total|Fugitive|Industry|Non Mfg|Petroleum Refining,Emissions,emissions_total_cumul_net,Petroleum Refining,,,GHG,Fugitive,2025,,ManitobaEmissions|GHG Total|Fugitive|Industry|Non Mfg|Petroleum Refining2025
Manitoba,Emissions|GHG Total|Fugitive|Industry|Non Mfg|Petroleum Refining,Emissions,emissions_total_cumul_net,Petroleum Refining,,,GHG,Fugitive,2030,,ManitobaEmissions|GHG Total|Fugitive|Industry|Non Mfg|Petroleum Refining2030
Manitoba,Emissions|GHG Total|Fugitive|Industry|Non Mfg|Petroleum Refining,Emissions,emissions_total_cumul_net,Petroleum Refining,,,GHG,Fugitive,2035,,ManitobaEmissions|GHG Total|Fugitive|Industry|Non Mfg|Petroleum Refining2035
Manitoba,Emissions|GHG Total|Fugitive|Industry|Non Mfg|Petroleum Refining,Emissions,emissions_total_cumul_net,Petroleum Refining,,,GHG,Fugitive,2040,,ManitobaEmissions|GHG Total|Fugitive|Industry|Non Mfg|Petroleum Refining2040
Manitoba,Emissions|GHG Total|Fugitive|Industry|Non Mfg|Petroleum Refining,Emissions,emissions_total_cumul_net,Petroleum Refining,,,GHG,Fugitive,2045,,ManitobaEmissions|GHG Total|Fugitive|Industry|Non Mfg|Petroleum Refining2045
Manitoba,Emissions|GHG Total|Fugitive|Industry|Non Mfg|Petroleum Refining,Emissions,emissions_total_cumul_net,Petroleum Refining,,,GHG,Fugitive,2050,,ManitobaEmissions|GHG Total|Fugitive|Industry|Non Mfg|Petroleum Refining2050
Manitoba,Emissions|GHG Total|Industrial Process,Emissions,emissions_total_cumul_net,Economy,,,GHG,Process,2015,,ManitobaEmissions|GHG Total|Industrial Process2015
Manitoba,Emissions|GHG Total|Industrial Process,Emissions,emissions_total_cumul_net,Economy,,,GHG,Process,2020,,ManitobaEmissions|GHG Total|Industrial Process2020
Manitoba,Emissions|GHG Total|Industrial Process,Emissions,emissions_total_cumul_net,Economy,,,GHG,Process,2025,,ManitobaEmissions|GHG Total|Industrial Process2025
Manitoba,Emissions|GHG Total|Industrial Process,Emissions,emissions_total_cumul_net,Economy,,,GHG,Process,2030,,ManitobaEmissions|GHG Total|Industrial Process2030
Manitoba,Emissions|GHG Total|Industrial Process,Emissions,emissions_total_cumul_net,Economy,,,GHG,Process,2035,,ManitobaEmissions|GHG Total|Industrial Process2035
Manitoba,Emissions|GHG Total|Industrial Process,Emissions,emissions_total_cumul_net,Economy,,,GHG,Process,2040,,ManitobaEmissions|GHG Total|Industrial Process2040
Manitoba,Emissions|GHG Total|Industrial Process,Emissions,emissions_total_cumul_net,Economy,,,GHG,Process,2045,,ManitobaEmissions|GHG Total|Industrial Process2045
Manitoba,Emissions|GHG Total|Industrial Process,Emissions,emissions_total_cumul_net,Economy,,,GHG,Process,2050,,ManitobaEmissions|GHG Total|Industrial Process2050
Manitoba,Price|Carbon,Price,tax,Economy,,,CO2,Combustion,2015,,ManitobaPrice|Carbon2015
Manitoba,Price|Carbon,Price,tax,Economy,,,CO2,Combustion,2020,,ManitobaPrice|Carbon2020
Manitoba,Price|Carbon,Price,tax,Economy,,,CO2,Combustion,2025,,ManitobaPrice|Carbon2025
Manitoba,Price|Carbon,Price,tax,Economy,,,CO2,Combustion,2030,,ManitobaPrice|Carbon2030
Manitoba,Price|Carbon,Price,tax,Economy,,,CO2,Combustion,2035,,ManitobaPrice|Carbon2035
Manitoba,Price|Carbon,Price,tax,Economy,,,CO2,Combustion,2040,,ManitobaPrice|Carbon2040
Manitoba,Price|Carbon,Price,tax,Economy,,,CO2,Combustion,2045,,ManitobaPrice|Carbon2045
Manitoba,Price|Carbon,Price,tax,Economy,,,CO2,Combustion,2050,,ManitobaPrice|Carbon2050
Manitoba,Price|Use Final|Biogas,Price,lcc_financial,CIMS,Biogas,,,,2015,,ManitobaPrice|Use Final|Biogas2015
Manitoba,Price|Use Final|Biogas,Price,lcc_financial,CIMS,Biogas,,,,2020,,ManitobaPrice|Use Final|Biogas2020
Manitoba,Price|Use Final|Biogas,Price,lcc_financial,CIMS,Biogas,,,,2025,,ManitobaPrice|Use Final|Biogas2025
Manitoba,Price|Use Final|Biogas,Price,lcc_financial,CIMS,Biogas,,,,2030,,ManitobaPrice|Use Final|Biogas2030
Manitoba,Price|Use Final|Biogas,Price,lcc_financial,CIMS,Biogas,,,,2035,,ManitobaPrice|Use Final|Biogas2035
Manitoba,Price|Use Final|Biogas,Price,lcc_financial,CIMS,Biogas,,,,2040,,ManitobaPrice|Use Final|Biogas2040
Manitoba,Price|Use Final|Biogas,Price,lcc_financial,CIMS,Biogas,,,,2045,,ManitobaPrice|Use Final|Biogas2045
Manitoba,Price|Use Final|Biogas,Price,lcc_financial,CIMS,Biogas,,,,2050,,ManitobaPrice|Use Final|Biogas2050
Manitoba,Price|Use Final|Biomass Liquids,Price,lcc_financial,Biodiesel,,,,,2015,,ManitobaPrice|Use Final|Biomass Liquids2015
Manitoba,Price|Use Final|Biomass Liquids,Price,lcc_financial,Biodiesel,,,,,2020,,ManitobaPrice|Use Final|Biomass Liquids2020
Manitoba,Price|Use Final|Biomass Liquids,Price,lcc_financial,Biodiesel,,,,,2025,,ManitobaPrice|Use Final|Biomass Liquids2025
Manitoba,Price|Use Final|Biomass Liquids,Price,lcc_financial,Biodiesel,,,,,2030,,ManitobaPrice|Use Final|Biomass Liquids2030
Manitoba,Price|Use Final|Biomass Liquids,Price,lcc_financial,Biodiesel,,,,,2035,,ManitobaPrice|Use Final|Biomass Liquids2035
Manitoba,Price|Use Final|Biomass Liquids,Price,lcc_financial,Biodiesel,,,,,2040,,ManitobaPrice|Use Final|Biomass Liquids2040
Manitoba,Price|Use Final|Biomass Liquids,Price,lcc_financial,Biodiesel,,,,,2045,,ManitobaPrice|Use Final|Biomass Liquids2045
Manitoba,Price|Use Final|Biomass Liquids,Price,lcc_financial,Biodiesel,,,,,2050,,ManitobaPrice|Use Final|Biomass Liquids2050
Manitoba,Price|Use Final|Biomass Solids,Price,lcc_financial,CIMS,Solid Biomass,,,,2015,,ManitobaPrice|Use Final|Biomass Solids2015
Manitoba,Price|Use Final|Biomass Solids,Price,lcc_financial,CIMS,Solid Biomass,,,,2020,,ManitobaPrice|Use Final|Biomass Solids2020
Manitoba,Price|Use Final|Biomass Solids,Price,lcc_financial,CIMS,Solid Biomass,,,,2025,,ManitobaPrice|Use Final|Biomass Solids2025
Manitoba,Price|Use Final|Biomass Solids,Price,lcc_financial,CIMS,Solid Biomass,,,,2030,,ManitobaPrice|Use Final|Biomass Solids2030
Manitoba,Price|Use Final|Biomass Solids,Price,lcc_financial,CIMS,Solid Biomass,,,,2035,,ManitobaPrice|Use Final|Biomass Solids2035
Manitoba,Price|Use Final|Biomass Solids,Price,lcc_financial,CIMS,Solid Biomass,,,,2040,,ManitobaPrice|Use Final|Biomass Solids2040
Manitoba,Price|Use Final|Biomass Solids,Price,lcc_financial,CIMS,Solid Biomass,,,,2045,,ManitobaPrice|Use Final|Biomass Solids2045
Manitoba,Price|Use Final|Biomass Solids,Price,lcc_financial,CIMS,Solid Biomass,,,,2050,,ManitobaPrice|Use Final|Biomass Solids2050
Manitoba,Price|Use Final|Electricity,Price,lcc_financial,Electricity,,,,,2015,,ManitobaPrice|Use Final|Electricity2015
Manitoba,Price|Use Final|Electricity,Price,lcc_financial,Electricity,,,,,2020,,ManitobaPrice|Use Final|Electricity2020
Manitoba,Price|Use Final|Electricity,Price,lcc_financial,Electricity,,,,,2025,,ManitobaPrice|Use Final|Electricity2025
Manitoba,Price|Use Final|Electricity,Price,lcc_financial,Electricity,,,,,2030,,ManitobaPrice|Use Final|Electricity2030
Manitoba,Price|Use Final|Electricity,Price,lcc_financial,Electricity,,,,,2035,,ManitobaPrice|Use Final|Electricity2035
Manitoba,Price|Use Final|Electricity,Price,lcc_financial,Electricity,,,,,2040,,ManitobaPrice|Use Final|Electricity2040
Manitoba,Price|Use Final|Electricity,Price,lcc_financial,Electricity,,,,,2045,,ManitobaPrice|Use Final|Electricity2045
Manitoba,Price|Use Final|Electricity,Price,lcc_financial,Electricity,,,,,2050,,ManitobaPrice|Use Final|Electricity2050
Manitoba,Price|Use Final|Gas,Price,lcc_financial,CIMS,Natural Gas,,,,2015,,ManitobaPrice|Use Final|Gas2015
Manitoba,Price|Use Final|Gas,Price,lcc_financial,CIMS,Natural Gas,,,,2020,,ManitobaPrice|Use Final|Gas2020
Manitoba,Price|Use Final|Gas,Price,lcc_financial,CIMS,Natural Gas,,,,2025,,ManitobaPrice|Use Final|Gas2025
Manitoba,Price|Use Final|Gas,Price,lcc_financial,CIMS,Natural Gas,,,,2030,,ManitobaPrice|Use Final|Gas2030
Manitoba,Price|Use Final|Gas,Price,lcc_financial,CIMS,Natural Gas,,,,2035,,ManitobaPrice|Use Final|Gas2035
Manitoba,Price|Use Final|Gas,Price,lcc_financial,CIMS,Natural Gas,,,,2040,,ManitobaPrice|Use Final|Gas2040
Manitoba,Price|Use Final|Gas,Price,lcc_financial,CIMS,Natural Gas,,,,2045,,ManitobaPrice|Use Final|Gas2045
Manitoba,Price|Use Final|Gas,Price,lcc_financial,CIMS,Natural Gas,,,,2050,,ManitobaPrice|Use Final|Gas2050
Manitoba,Price|Use Final|Hydrogen,Price,lcc_financial,Hydrogen,,,,,2015,,ManitobaPrice|Use Final|Hydrogen2015
Manitoba,Price|Use Final|Hydrogen,Price,lcc_financial,Hydrogen,,,,,2020,,ManitobaPrice|Use Final|Hydrogen2020
Manitoba,Price|Use Final|Hydrogen,Price,lcc_financial,Hydrogen,,,,,2025,,ManitobaPrice|Use Final|Hydrogen2025
Manitoba,Price|Use Final|Hydrogen,Price,lcc_financial,Hydrogen,,,,,2030,,ManitobaPrice|Use Final|Hydrogen2030
Manitoba,Price|Use Final|Hydrogen,Price,lcc_financial,Hydrogen,,,,,2035,,ManitobaPrice|Use Final|Hydrogen2035
Manitoba,Price|Use Final|Hydrogen,Price,lcc_financial,Hydrogen,,,,,2040,,ManitobaPrice|Use Final|Hydrogen2040
Manitoba,Price|Use Final|Hydrogen,Price,lcc_financial,Hydrogen,,,,,2045,,ManitobaPrice|Use Final|Hydrogen2045
Manitoba,Price|Use Final|Hydrogen,Price,lcc_financial,Hydrogen,,,,,2050,,ManitobaPrice|Use Final|Hydrogen2050
Manitoba,Price|Use Final|Oil,Price,lcc_financial,CIMS,Diesel,,,,2015,,ManitobaPrice|Use Final|Oil2015
Manitoba,Price|Use Final|Oil,Price,lcc_financial,CIMS,Diesel,,,,2020,,ManitobaPrice|Use Final|Oil2020
Manitoba,Price|Use Final|Oil,Price,lcc_financial,CIMS,Diesel,,,,2025,,ManitobaPrice|Use Final|Oil2025
Manitoba,Price|Use Final|Oil,Price,lcc_financial,CIMS,Diesel,,,,2030,,ManitobaPrice|Use Final|Oil2030
Manitoba,Price|Use Final|Oil,Price,lcc_financial,CIMS,Diesel,,,,2035,,ManitobaPrice|Use Final|Oil2035
Manitoba,Price|Use Final|Oil,Price,lcc_financial,CIMS,Diesel,,,,2040,,ManitobaPrice|Use Final|Oil2040
Manitoba,Price|Use Final|Oil,Price,lcc_financial,CIMS,Diesel,,,,2045,,ManitobaPrice|Use Final|Oil2045
Manitoba,Price|Use Final|Oil,Price,lcc_financial,CIMS,Diesel,,,,2050,,ManitobaPrice|Use Final|Oil2050
Manitoba,Price no ctax|Use Final|Biogas,Price,lcc_financial,CIMS,Biogas,,,,2015,,ManitobaPrice no ctax|Use Final|Biogas2015
Manitoba,Price no ctax|Use Final|Biogas,Price,lcc_financial,CIMS,Biogas,,,,2020,,ManitobaPrice no ctax|Use Final|Biogas2020
Manitoba,Price no ctax|Use Final|Biogas,Price,lcc_financial,CIMS,Biogas,,,,2025,,ManitobaPrice no ctax|Use Final|Biogas2025
Manitoba,Price no ctax|Use Final|Biogas,Price,lcc_financial,CIMS,Biogas,,,,2030,,ManitobaPrice no ctax|Use Final|Biogas2030
Manitoba,Price no ctax|Use Final|Biogas,Price,lcc_financial,CIMS,Biogas,,,,2035,,ManitobaPrice no ctax|Use Final|Biogas2035
Manitoba,Price no ctax|Use Final|Biogas,Price,lcc_financial,CIMS,Biogas,,,,2040,,ManitobaPrice no ctax|Use Final|Biogas2040
Manitoba,Price no ctax|Use Final|Biogas,Price,lcc_financial,CIMS,Biogas,,,,2045,,ManitobaPrice no ctax|Use Final|Biogas2045
Manitoba,Price no ctax|Use Final|Biogas,Price,lcc_financial,CIMS,Biogas,,,,2050,,ManitobaPrice no ctax|Use Final|Biogas2050
Manitoba,Price no ctax|Use Final|Biomass Liquids,Price,lcc_financial,Biodiesel,,,,,2015,,ManitobaPrice no ctax|Use Final|Biomass Liquids2015
Manitoba,Price no ctax|Use Final|Biomass Liquids,Price,lcc_financial,Biodiesel,,,,,2020,,ManitobaPrice no ctax|Use Final|Biomass Liquids2020
Manitoba,Price no ctax|Use Final|Biomass Liquids,Price,lcc_financial,Biodiesel,,,,,2025,,ManitobaPrice no ctax|Use Final|Biomass Liquids2025
Manitoba,Price no ctax|Use Final|Biomass Liquids,Price,lcc_financial,Biodiesel,,,,,2030,,ManitobaPrice no ctax|Use Final|Biomass Liquids2030
Manitoba,Price no ctax|Use Final|Biomass Liquids,Price,lcc_financial,Biodiesel,,,,,2035,,ManitobaPrice no ctax|Use Final|Biomass Liquids2035
Manitoba,Price no ctax|Use Final|Biomass Liquids,Price,lcc_financial,Biodiesel,,,,,2040,,ManitobaPrice no ctax|Use Final|Biomass Liquids2040
Manitoba,Price no ctax|Use Final|Biomass Liquids,Price,lcc_financial,Biodiesel,,,,,2045,,ManitobaPrice no ctax|Use Final|Biomass Liquids2045
Manitoba,Price no ctax|Use Final|Biomass Liquids,Price,lcc_financial,Biodiesel,,,,,2050,,ManitobaPrice no ctax|Use Final|Biomass Liquids2050
Manitoba,Price no ctax|Use Final|Biomass Solids,Price,lcc_financial,CIMS,Solid Biomass,,,,2015,,ManitobaPrice no ctax|Use Final|Biomass Solids2015
Manitoba,Price no ctax|Use Final|Biomass Solids,Price,lcc_financial,CIMS,Solid Biomass,,,,2020,,ManitobaPrice no ctax|Use Final|Biomass Solids2020
Manitoba,Price no ctax|Use Final|Biomass Solids,Price,lcc_financial,CIMS,Solid Biomass,,,,2025,,ManitobaPrice no ctax|Use Final|Biomass Solids2025
Manitoba,Price no ctax|Use Final|Biomass Solids,Price,lcc_financial,CIMS,Solid Biomass,,,,2030,,ManitobaPrice no ctax|Use Final|Biomass Solids2030
Manitoba,Price no ctax|Use Final|Biomass Solids,Price,lcc_financial,CIMS,Solid Biomass,,,,2035,,ManitobaPrice no ctax|Use Final|Biomass Solids2035
Manitoba,Price no ctax|Use Final|Biomass Solids,Price,lcc_financial,CIMS,Solid Biomass,,,,2040,,ManitobaPrice no ctax|Use Final|Biomass Solids2040
Manitoba,Price no ctax|Use Final|Biomass Solids,Price,lcc_financial,CIMS,Solid Biomass,,,,2045,,ManitobaPrice no ctax|Use Final|Biomass Solids2045
Manitoba,Price no ctax|Use Final|Biomass Solids,Price,lcc_financial,CIMS,Solid Biomass,,,,2050,,ManitobaPrice no ctax|Use Final|Biomass Solids2050
Manitoba,Price no ctax|Use Final|Electricity,Price,lcc_financial,Electricity,,,,,2015,,ManitobaPrice no ctax|Use Final|Electricity2015
Manitoba,Price no ctax|Use Final|Electricity,Price,lcc_financial,Electricity,,,,,2020,,ManitobaPrice no ctax|Use Final|Electricity2020
Manitoba,Price no ctax|Use Final|Electricity,Price,lcc_financial,Electricity,,,,,2025,,ManitobaPrice no ctax|Use Final|Electricity2025
Manitoba,Price no ctax|Use Final|Electricity,Price,lcc_financial,Electricity,,,,,2030,,ManitobaPrice no ctax|Use Final|Electricity2030
Manitoba,Price no ctax|Use Final|Electricity,Price,lcc_financial,Electricity,,,,,2035,,ManitobaPrice no ctax|Use Final|Electricity2035
Manitoba,Price no ctax|Use Final|Electricity,Price,lcc_financial,Electricity,,,,,2040,,ManitobaPrice no ctax|Use Final|Electricity2040
Manitoba,Price no ctax|Use Final|Electricity,Price,lcc_financial,Electricity,,,,,2045,,ManitobaPrice no ctax|Use Final|Electricity2045
Manitoba,Price no ctax|Use Final|Electricity,Price,lcc_financial,Electricity,,,,,2050,,ManitobaPrice no ctax|Use Final|Electricity2050
Manitoba,Price no ctax|Use Final|Gas,Price,lcc_financial,CIMS,Natural Gas,,,,2015,,ManitobaPrice no ctax|Use Final|Gas2015
Manitoba,Price no ctax|Use Final|Gas,Price,lcc_financial,CIMS,Natural Gas,,,,2020,,ManitobaPrice no ctax|Use Final|Gas2020
Manitoba,Price no ctax|Use Final|Gas,Price,lcc_financial,CIMS,Natural Gas,,,,2025,,ManitobaPrice no ctax|Use Final|Gas2025
Manitoba,Price no ctax|Use Final|Gas,Price,lcc_financial,CIMS,Natural Gas,,,,2030,,ManitobaPrice no ctax|Use Final|Gas2030
Manitoba,Price no ctax|Use Final|Gas,Price,lcc_financial,CIMS,Natural Gas,,,,2035,,ManitobaPrice no ctax|Use Final|Gas2035
Manitoba,Price no ctax|Use Final|Gas,Price,lcc_financial,CIMS,Natural Gas,,,,2040,,ManitobaPrice no ctax|Use Final|Gas2040
Manitoba,Price no ctax|Use Final|Gas,Price,lcc_financial,CIMS,Natural Gas,,,,2045,,ManitobaPrice no ctax|Use Final|Gas2045
Manitoba,Price no ctax|Use Final|Gas,Price,lcc_financial,CIMS,Natural Gas,,,,2050,,ManitobaPrice no ctax|Use Final|Gas2050
Manitoba,Price no ctax|Use Final|Hydrogen,Price,lcc_financial,Hydrogen,,,,,2015,,ManitobaPrice no ctax|Use Final|Hydrogen2015
Manitoba,Price no ctax|Use Final|Hydrogen,Price,lcc_financial,Hydrogen,,,,,2020,,ManitobaPrice no ctax|Use Final|Hydrogen2020
Manitoba,Price no ctax|Use Final|Hydrogen,Price,lcc_financial,Hydrogen,,,,,2025,,ManitobaPrice no ctax|Use Final|Hydrogen2025
Manitoba,Price no ctax|Use Final|Hydrogen,Price,lcc_financial,Hydrogen,,,,,2030,,ManitobaPrice no ctax|Use Final|Hydrogen2030
Manitoba,Price no ctax|Use Final|Hydrogen,Price,lcc_financial,Hydrogen,,,,,2035,,ManitobaPrice no ctax|Use Final|Hydrogen2035
Manitoba,Price no ctax|Use Final|Hydrogen,Price,lcc_financial,Hydrogen,,,,,2040,,ManitobaPrice no ctax|Use Final|Hydrogen2040
Manitoba,Price no ctax|Use Final|Hydrogen,Price,lcc_financial,Hydrogen,,,,,2045,,ManitobaPrice no ctax|Use Final|Hydrogen2045
Manitoba,Price no ctax|Use Final|Hydrogen,Price,lcc_financial,Hydrogen,,,,,2050,,ManitobaPrice no ctax|Use Final|Hydrogen2050
Manitoba,Price no ctax|Use Final|Oil,Price,lcc_financial,CIMS,Diesel,,,,2015,,ManitobaPrice no ctax|Use Final|Oil2015
Manitoba,Price no ctax|Use Final|Oil,Price,lcc_financial,CIMS,Diesel,,,,2020,,ManitobaPrice no ctax|Use Final|Oil2020
Manitoba,Price no ctax|Use Final|Oil,Price,lcc_financial,CIMS,Diesel,,,,2025,,ManitobaPrice no ctax|Use Final|Oil2025
Manitoba,Price no ctax|Use Final|Oil,Price,lcc_financial,CIMS,Diesel,,,,2030,,ManitobaPrice no ctax|Use Final|Oil2030
Manitoba,Price no ctax|Use Final|Oil,Price,lcc_financial,CIMS,Diesel,,,,2035,,ManitobaPrice no ctax|Use Final|Oil2035
Manitoba,Price no ctax|Use Final|Oil,Price,lcc_financial,CIMS,Diesel,,,,2040,,ManitobaPrice no ctax|Use Final|Oil2040
Manitoba,Price no ctax|Use Final|Oil,Price,lcc_financial,CIMS,Diesel,,,,2045,,ManitobaPrice no ctax|Use Final|Oil2045
Manitoba,Price no ctax|Use Final|Oil,Price,lcc_financial,CIMS,Diesel,,,,2050,,ManitobaPrice no ctax|Use Final|Oil2050
Manitoba,Price|Use Primary|Biomass,Price,lcc_financial,CIMS,Solid Biomass,,,,2015,,ManitobaPrice|Use Primary|Biomass2015
Manitoba,Price|Use Primary|Biomass,Price,lcc_financial,CIMS,Solid Biomass,,,,2020,,ManitobaPrice|Use Primary|Biomass2020
Manitoba,Price|Use Primary|Biomass,Price,lcc_financial,CIMS,Solid Biomass,,,,2025,,ManitobaPrice|Use Primary|Biomass2025
Manitoba,Price|Use Primary|Biomass,Price,lcc_financial,CIMS,Solid Biomass,,,,2030,,ManitobaPrice|Use Primary|Biomass2030
Manitoba,Price|Use Primary|Biomass,Price,lcc_financial,CIMS,Solid Biomass,,,,2035,,ManitobaPrice|Use Primary|Biomass2035
Manitoba,Price|Use Primary|Biomass,Price,lcc_financial,CIMS,Solid Biomass,,,,2040,,ManitobaPrice|Use Primary|Biomass2040
Manitoba,Price|Use Primary|Biomass,Price,lcc_financial,CIMS,Solid Biomass,,,,2045,,ManitobaPrice|Use Primary|Biomass2045
Manitoba,Price|Use Primary|Biomass,Price,lcc_financial,CIMS,Solid Biomass,,,,2050,,ManitobaPrice|Use Primary|Biomass2050
Manitoba,Price|Use Primary|Coal,Price,lcc_financial,CIMS,Thermal Coal,,,,2015,,ManitobaPrice|Use Primary|Coal2015
Manitoba,Price|Use Primary|Coal,Price,lcc_financial,CIMS,Thermal Coal,,,,2020,,ManitobaPrice|Use Primary|Coal2020
Manitoba,Price|Use Primary|Coal,Price,lcc_financial,CIMS,Thermal Coal,,,,2025,,ManitobaPrice|Use Primary|Coal2025
Manitoba,Price|Use Primary|Coal,Price,lcc_financial,CIMS,Thermal Coal,,,,2030,,ManitobaPrice|Use Primary|Coal2030
Manitoba,Price|Use Primary|Coal,Price,lcc_financial,CIMS,Thermal Coal,,,,2035,,ManitobaPrice|Use Primary|Coal2035
Manitoba,Price|Use Primary|Coal,Price,lcc_financial,CIMS,Thermal Coal,,,,2040,,ManitobaPrice|Use Primary|Coal2040
Manitoba,Price|Use Primary|Coal,Price,lcc_financial,CIMS,Thermal Coal,,,,2045,,ManitobaPrice|Use Primary|Coal2045
Manitoba,Price|Use Primary|Coal,Price,lcc_financial,CIMS,Thermal Coal,,,,2050,,ManitobaPrice|Use Primary|Coal2050
Manitoba,Price|Use Primary|Gas,Price,lcc_financial,CIMS,Natural Gas,,,,2015,,ManitobaPrice|Use Primary|Gas2015
Manitoba,Price|Use Primary|Gas,Price,lcc_financial,CIMS,Natural Gas,,,,2020,,ManitobaPrice|Use Primary|Gas2020
Manitoba,Price|Use Primary|Gas,Price,lcc_financial,CIMS,Natural Gas,,,,2025,,ManitobaPrice|Use Primary|Gas2025
Manitoba,Price|Use Primary|Gas,Price,lcc_financial,CIMS,Natural Gas,,,,2030,,ManitobaPrice|Use Primary|Gas2030
Manitoba,Price|Use Primary|Gas,Price,lcc_financial,CIMS,Natural Gas,,,,2035,,ManitobaPrice|Use Primary|Gas2035
Manitoba,Price|Use Primary|Gas,Price,lcc_financial,CIMS,Natural Gas,,,,2040,,ManitobaPrice|Use Primary|Gas2040
Manitoba,Price|Use Primary|Gas,Price,lcc_financial,CIMS,Natural Gas,,,,2045,,ManitobaPrice|Use Primary|Gas2045
Manitoba,Price|Use Primary|Gas,Price,lcc_financial,CIMS,Natural Gas,,,,2050,,ManitobaPrice|Use Primary|Gas2050
Manitoba,Production Primary|Coal,Production,quantity_provided,Coal Production,,,,,2015,,ManitobaProduction Primary|Coal2015
Manitoba,Production Primary|Coal,Production,quantity_provided,Coal Production,,,,,2020,,ManitobaProduction Primary|Coal2020
Manitoba,Production Primary|Coal,Production,quantity_provided,Coal Production,,,,,2025,,ManitobaProduction Primary|Coal2025
Manitoba,Production Primary|Coal,Production,quantity_provided,Coal Production,,,,,2030,,ManitobaProduction Primary|Coal2030
Manitoba,Production Primary|Coal,Production,quantity_provided,Coal Production,,,,,2035,,ManitobaProduction Primary|Coal2035
Manitoba,Production Primary|Coal,Production,quantity_provided,Coal Production,,,,,2040,,ManitobaProduction Primary|Coal2040
Manitoba,Production Primary|Coal,Production,quantity_provided,Coal Production,,,,,2045,,ManitobaProduction Primary|Coal2045
Manitoba,Production Primary|Coal,Production,quantity_provided,Coal Production,,,,,2050,,ManitobaProduction Primary|Coal2050
Manitoba,Production Primary|Gas,Production,quantity_provided,Natural Gas Production,,,,,2015,,ManitobaProduction Primary|Gas2015
Manitoba,Production Primary|Gas,Production,quantity_provided,Natural Gas Production,,,,,2020,,ManitobaProduction Primary|Gas2020
Manitoba,Production Primary|Gas,Production,quantity_provided,Natural Gas Production,,,,,2025,,ManitobaProduction Primary|Gas2025
Manitoba,Production Primary|Gas,Production,quantity_provided,Natural Gas Production,,,,,2030,,ManitobaProduction Primary|Gas2030
Manitoba,Production Primary|Gas,Production,quantity_provided,Natural Gas Production,,,,,2035,,ManitobaProduction Primary|Gas2035
Manitoba,Production Primary|Gas,Production,quantity_provided,Natural Gas Production,,,,,2040,,ManitobaProduction Primary|Gas2040
Manitoba,Production Primary|Gas,Production,quantity_provided,Natural Gas Production,,,,,2045,,ManitobaProduction Primary|Gas2045
Manitoba,Production Primary|Gas,Production,quantity_provided,Natural Gas Production,,,,,2050,,ManitobaProduction Primary|Gas2050
Manitoba,Production Primary|Oil,Production,quantity_provided,Crude Oil Production,,,,,2015,,ManitobaProduction Primary|Oil2015
Manitoba,Production Primary|Oil,Production,quantity_provided,Crude Oil Production,,,,,2020,,ManitobaProduction Primary|Oil2020
Manitoba,Production Primary|Oil,Production,quantity_provided,Crude Oil Production,,,,,2025,,ManitobaProduction Primary|Oil2025
Manitoba,Production Primary|Oil,Production,quantity_provided,Crude Oil Production,,,,,2030,,ManitobaProduction Primary|Oil2030
Manitoba,Production Primary|Oil,Production,quantity_provided,Crude Oil Production,,,,,2035,,ManitobaProduction Primary|Oil2035
Manitoba,Production Primary|Oil,Production,quantity_provided,Crude Oil Production,,,,,2040,,ManitobaProduction Primary|Oil2040
Manitoba,Production Primary|Oil,Production,quantity_provided,Crude Oil Production,,,,,2045,,ManitobaProduction Primary|Oil2045
Manitoba,Production Primary|Oil,Production,quantity_provided,Crude Oil Production,,,,,2050,,ManitobaProduction Primary|Oil2050
Manitoba,Production Secondary|Biogas,Production,quantity_provided,CIMS,Biogas,,,,2015,,ManitobaProduction Secondary|Biogas2015
Manitoba,Production Secondary|Biogas,Production,quantity_provided,CIMS,Biogas,,,,2020,,ManitobaProduction Secondary|Biogas2020
Manitoba,Production Secondary|Biogas,Production,quantity_provided,CIMS,Biogas,,,,2025,,ManitobaProduction Secondary|Biogas2025
Manitoba,Production Secondary|Biogas,Production,quantity_provided,CIMS,Biogas,,,,2030,,ManitobaProduction Secondary|Biogas2030
Manitoba,Production Secondary|Biogas,Production,quantity_provided,CIMS,Biogas,,,,2035,,ManitobaProduction Secondary|Biogas2035
Manitoba,Production Secondary|Biogas,Production,quantity_provided,CIMS,Biogas,,,,2040,,ManitobaProduction Secondary|Biogas2040
Manitoba,Production Secondary|Biogas,Production,quantity_provided,CIMS,Biogas,,,,2045,,ManitobaProduction Secondary|Biogas2045
Manitoba,Production Secondary|Biogas,Production,quantity_provided,CIMS,Biogas,,,,2050,,ManitobaProduction Secondary|Biogas2050
Manitoba,Production Secondary|Biomass Liquids,Production,quantity_provided,Biofuels,,,,,2015,,ManitobaProduction Secondary|Biomass Liquids2015
Manitoba,Production Secondary|Biomass Liquids,Production,quantity_provided,Biofuels,,,,,2020,,ManitobaProduction Secondary|Biomass Liquids2020
Manitoba,Production Secondary|Biomass Liquids,Production,quantity_provided,Biofuels,,,,,2025,,ManitobaProduction Secondary|Biomass Liquids2025
Manitoba,Production Secondary|Biomass Liquids,Production,quantity_provided,Biofuels,,,,,2030,,ManitobaProduction Secondary|Biomass Liquids2030
Manitoba,Production Secondary|Biomass Liquids,Production,quantity_provided,Biofuels,,,,,2035,,ManitobaProduction Secondary|Biomass Liquids2035
Manitoba,Production Secondary|Biomass Liquids,Production,quantity_provided,Biofuels,,,,,2040,,ManitobaProduction Secondary|Biomass Liquids2040
Manitoba,Production Secondary|Biomass Liquids,Production,quantity_provided,Biofuels,,,,,2045,,ManitobaProduction Secondary|Biomass Liquids2045
Manitoba,Production Secondary|Biomass Liquids,Production,quantity_provided,Biofuels,,,,,2050,,ManitobaProduction Secondary|Biomass Liquids2050
Manitoba,Production Secondary|Electricity,Production,quantity_requested,Economy,Electricity,,,,2015,,ManitobaProduction Secondary|Electricity2015
Manitoba,Production Secondary|Electricity,Production,quantity_requested,Economy,Electricity,,,,2020,,ManitobaProduction Secondary|Electricity2020
Manitoba,Production Secondary|Electricity,Production,quantity_requested,Economy,Electricity,,,,2025,,ManitobaProduction Secondary|Electricity2025
Manitoba,Production Secondary|Electricity,Production,quantity_requested,Economy,Electricity,,,,2030,,ManitobaProduction Secondary|Electricity2030
Manitoba,Production Secondary|Electricity,Production,quantity_requested,Economy,Electricity,,,,2035,,ManitobaProduction Secondary|Electricity2035
Manitoba,Production Secondary|Electricity,Production,quantity_requested,Economy,Electricity,,,,2040,,ManitobaProduction Secondary|Electricity2040
Manitoba,Production Secondary|Electricity,Production,quantity_requested,Economy,Electricity,,,,2045,,ManitobaProduction Secondary|Electricity2045
Manitoba,Production Secondary|Electricity,Production,quantity_requested,Economy,Electricity,,,,2050,,ManitobaProduction Secondary|Electricity2050
Manitoba,Production Secondary|Electricity|DER,Production,quantity_distributed,Economy,Electricity,,,,2015,,ManitobaProduction Secondary|Electricity|DER2015
Manitoba,Production Secondary|Electricity|DER,Production,quantity_distributed,Economy,Electricity,,,,2020,,ManitobaProduction Secondary|Electricity|DER2020
Manitoba,Production Secondary|Electricity|DER,Production,quantity_distributed,Economy,Electricity,,,,2025,,ManitobaProduction Secondary|Electricity|DER2025
Manitoba,Production Secondary|Electricity|DER,Production,quantity_distributed,Economy,Electricity,,,,2030,,ManitobaProduction Secondary|Electricity|DER2030
Manitoba,Production Secondary|Electricity|DER,Production,quantity_distributed,Economy,Electricity,,,,2035,,ManitobaProduction Secondary|Electricity|DER2035
Manitoba,Production Secondary|Electricity|DER,Production,quantity_distributed,Economy,Electricity,,,,2040,,ManitobaProduction Secondary|Electricity|DER2040
Manitoba,Production Secondary|Electricity|DER,Production,quantity_distributed,Economy,Electricity,,,,2045,,ManitobaProduction Secondary|Electricity|DER2045
Manitoba,Production Secondary|Electricity|DER,Production,quantity_distributed,Economy,Electricity,,,,2050,,ManitobaProduction Secondary|Electricity|DER2050
Manitoba,Production Secondary|Electricity|DER|CHP,Production,quantity_distributed,Economy,Electricity,,,,2015,,ManitobaProduction Secondary|Electricity|DER|CHP2015
Manitoba,Production Secondary|Electricity|DER|CHP,Production,quantity_distributed,Economy,Electricity,,,,2020,,ManitobaProduction Secondary|Electricity|DER|CHP2020
Manitoba,Production Secondary|Electricity|DER|CHP,Production,quantity_distributed,Economy,Electricity,,,,2025,,ManitobaProduction Secondary|Electricity|DER|CHP2025
Manitoba,Production Secondary|Electricity|DER|CHP,Production,quantity_distributed,Economy,Electricity,,,,2030,,ManitobaProduction Secondary|Electricity|DER|CHP2030
Manitoba,Production Secondary|Electricity|DER|CHP,Production,quantity_distributed,Economy,Electricity,,,,2035,,ManitobaProduction Secondary|Electricity|DER|CHP2035
Manitoba,Production Secondary|Electricity|DER|CHP,Production,quantity_distributed,Economy,Electricity,,,,2040,,ManitobaProduction Secondary|Electricity|DER|CHP2040
Manitoba,Production Secondary|Electricity|DER|CHP,Production,quantity_distributed,Economy,Electricity,,,,2045,,ManitobaProduction Secondary|Electricity|DER|CHP2045
Manitoba,Production Secondary|Electricity|DER|CHP,Production,quantity_distributed,Economy,Electricity,,,,2050,,ManitobaProduction Secondary|Electricity|DER|CHP2050
Manitoba,Production Secondary|Electricity|Geothermal,Production,stock_total,Electricity,,Geoexchange,,,2015,,ManitobaProduction Secondary|Electricity|Geothermal2015
Manitoba,Production Secondary|Electricity|Geothermal,Production,stock_total,Electricity,,Geoexchange,,,2020,,ManitobaProduction Secondary|Electricity|Geothermal2020
Manitoba,Production Secondary|Electricity|Geothermal,Production,stock_total,Electricity,,Geoexchange,,,2025,,ManitobaProduction Secondary|Electricity|Geothermal2025
Manitoba,Production Secondary|Electricity|Geothermal,Production,stock_total,Electricity,,Geoexchange,,,2030,,ManitobaProduction Secondary|Electricity|Geothermal2030
Manitoba,Production Secondary|Electricity|Geothermal,Production,stock_total,Electricity,,Geoexchange,,,2035,,ManitobaProduction Secondary|Electricity|Geothermal2035
Manitoba,Production Secondary|Electricity|Geothermal,Production,stock_total,Electricity,,Geoexchange,,,2040,,ManitobaProduction Secondary|Electricity|Geothermal2040
Manitoba,Production Secondary|Electricity|Geothermal,Production,stock_total,Electricity,,Geoexchange,,,2045,,ManitobaProduction Secondary|Electricity|Geothermal2045
Manitoba,Production Secondary|Electricity|Geothermal,Production,stock_total,Electricity,,Geoexchange,,,2050,,ManitobaProduction Secondary|Electricity|Geothermal2050
Manitoba,Production Secondary|Electricity|Hydro,Production,stock_total,Electricity,,Hydro,,,2015,,ManitobaProduction Secondary|Electricity|Hydro2015
Manitoba,Production Secondary|Electricity|Hydro,Production,stock_total,Electricity,,Hydro,,,2020,,ManitobaProduction Secondary|Electricity|Hydro2020
Manitoba,Production Secondary|Electricity|Hydro,Production,stock_total,Electricity,,Hydro,,,2025,,ManitobaProduction Secondary|Electricity|Hydro2025
Manitoba,Production Secondary|Electricity|Hydro,Production,stock_total,Electricity,,Hydro,,,2030,,ManitobaProduction Secondary|Electricity|Hydro2030
Manitoba,Production Secondary|Electricity|Hydro,Production,stock_total,Electricity,,Hydro,,,2035,,ManitobaProduction Secondary|Electricity|Hydro2035
Manitoba,Production Secondary|Electricity|Hydro,Production,stock_total,Electricity,,Hydro,,,2040,,ManitobaProduction Secondary|Electricity|Hydro2040
Manitoba,Production Secondary|Electricity|Hydro,Production,stock_total,Electricity,,Hydro,,,2045,,ManitobaProduction Secondary|Electricity|Hydro2045
Manitoba,Production Secondary|Electricity|Hydro,Production,stock_total,Electricity,,Hydro,,,2050,,ManitobaProduction Secondary|Electricity|Hydro2050
Manitoba,Production Secondary|Electricity|Nuclear,Production,stock_total,Electricity,,Nuclear,,,2015,,ManitobaProduction Secondary|Electricity|Nuclear2015
Manitoba,Production Secondary|Electricity|Nuclear,Production,stock_total,Electricity,,Nuclear,,,2020,,ManitobaProduction Secondary|Electricity|Nuclear2020
Manitoba,Production Secondary|Electricity|Nuclear,Production,stock_total,Electricity,,Nuclear,,,2025,,ManitobaProduction Secondary|Electricity|Nuclear2025
Manitoba,Production Secondary|Electricity|Nuclear,Production,stock_total,Electricity,,Nuclear,,,2030,,ManitobaProduction Secondary|Electricity|Nuclear2030
Manitoba,Production Secondary|Electricity|Nuclear,Production,stock_total,Electricity,,Nuclear,,,2035,,ManitobaProduction Secondary|Electricity|Nuclear2035
Manitoba,Production Secondary|Electricity|Nuclear,Production,stock_total,Electricity,,Nuclear,,,2040,,ManitobaProduction Secondary|Electricity|Nuclear2040
Manitoba,Production Secondary|Electricity|Nuclear,Production,stock_total,Electricity,,Nuclear,,,2045,,ManitobaProduction Secondary|Electricity|Nuclear2045
Manitoba,Production Secondary|Electricity|Nuclear,Production,stock_total,Electricity,,Nuclear,,,2050,,ManitobaProduction Secondary|Electricity|Nuclear2050
Manitoba,Production Secondary|Electricity|Oil,Production,stock_total,Electricity,,Fuel Oil,,,2015,,ManitobaProduction Secondary|Electricity|Oil2015
Manitoba,Production Secondary|Electricity|Oil,Production,stock_total,Electricity,,Fuel Oil,,,2020,,ManitobaProduction Secondary|Electricity|Oil2020
Manitoba,Production Secondary|Electricity|Oil,Production,stock_total,Electricity,,Fuel Oil,,,2025,,ManitobaProduction Secondary|Electricity|Oil2025
Manitoba,Production Secondary|Electricity|Oil,Production,stock_total,Electricity,,Fuel Oil,,,2030,,ManitobaProduction Secondary|Electricity|Oil2030
Manitoba,Production Secondary|Electricity|Oil,Production,stock_total,Electricity,,Fuel Oil,,,2035,,ManitobaProduction Secondary|Electricity|Oil2035
Manitoba,Production Secondary|Electricity|Oil,Production,stock_total,Electricity,,Fuel Oil,,,2040,,ManitobaProduction Secondary|Electricity|Oil2040
Manitoba,Production Secondary|Electricity|Oil,Production,stock_total,Electricity,,Fuel Oil,,,2045,,ManitobaProduction Secondary|Electricity|Oil2045
Manitoba,Production Secondary|Electricity|Oil,Production,stock_total,Electricity,,Fuel Oil,,,2050,,ManitobaProduction Secondary|Electricity|Oil2050
Manitoba,Production Secondary|Electricity|Solar,Production,stock_total,Electricity,,Solar,,,2015,,ManitobaProduction Secondary|Electricity|Solar2015
Manitoba,Production Secondary|Electricity|Solar,Production,stock_total,Electricity,,Solar,,,2020,,ManitobaProduction Secondary|Electricity|Solar2020
Manitoba,Production Secondary|Electricity|Solar,Production,stock_total,Electricity,,Solar,,,2025,,ManitobaProduction Secondary|Electricity|Solar2025
Manitoba,Production Secondary|Electricity|Solar,Production,stock_total,Electricity,,Solar,,,2030,,ManitobaProduction Secondary|Electricity|Solar2030
Manitoba,Production Secondary|Electricity|Solar,Production,stock_total,Electricity,,Solar,,,2035,,ManitobaProduction Secondary|Electricity|Solar2035
Manitoba,Production Secondary|Electricity|Solar,Production,stock_total,Electricity,,Solar,,,2040,,ManitobaProduction Secondary|Electricity|Solar2040
Manitoba,Production Secondary|Electricity|Solar,Production,stock_total,Electricity,,Solar,,,2045,,ManitobaProduction Secondary|Electricity|Solar2045
Manitoba,Production Secondary|Electricity|Solar,Production,stock_total,Electricity,,Solar,,,2050,,ManitobaProduction Secondary|Electricity|Solar2050
Manitoba,Production Secondary|Electricity|Wind,Production,stock_total,Electricity,,Wind,,,2015,,ManitobaProduction Secondary|Electricity|Wind2015
Manitoba,Production Secondary|Electricity|Wind,Production,stock_total,Electricity,,Wind,,,2020,,ManitobaProduction Secondary|Electricity|Wind2020
Manitoba,Production Secondary|Electricity|Wind,Production,stock_total,Electricity,,Wind,,,2025,,ManitobaProduction Secondary|Electricity|Wind2025
Manitoba,Production Secondary|Electricity|Wind,Production,stock_total,Electricity,,Wind,,,2030,,ManitobaProduction Secondary|Electricity|Wind2030
Manitoba,Production Secondary|Electricity|Wind,Production,stock_total,Electricity,,Wind,,,2035,,ManitobaProduction Secondary|Electricity|Wind2035
Manitoba,Production Secondary|Electricity|Wind,Production,stock_total,Electricity,,Wind,,,2040,,ManitobaProduction Secondary|Electricity|Wind2040
Manitoba,Production Secondary|Electricity|Wind,Production,stock_total,Electricity,,Wind,,,2045,,ManitobaProduction Secondary|Electricity|Wind2045
Manitoba,Production Secondary|Electricity|Wind,Production,stock_total,Electricity,,Wind,,,2050,,ManitobaProduction Secondary|Electricity|Wind2050
Manitoba,Production Secondary|Hydrogen,Production,quantity_provided,Hydrogen,,,,,2015,,ManitobaProduction Secondary|Hydrogen2015
Manitoba,Production Secondary|Hydrogen,Production,quantity_provided,Hydrogen,,,,,2020,,ManitobaProduction Secondary|Hydrogen2020
Manitoba,Production Secondary|Hydrogen,Production,quantity_provided,Hydrogen,,,,,2025,,ManitobaProduction Secondary|Hydrogen2025
Manitoba,Production Secondary|Hydrogen,Production,quantity_provided,Hydrogen,,,,,2030,,ManitobaProduction Secondary|Hydrogen2030
Manitoba,Production Secondary|Hydrogen,Production,quantity_provided,Hydrogen,,,,,2035,,ManitobaProduction Secondary|Hydrogen2035
Manitoba,Production Secondary|Hydrogen,Production,quantity_provided,Hydrogen,,,,,2040,,ManitobaProduction Secondary|Hydrogen2040
Manitoba,Production Secondary|Hydrogen,Production,quantity_provided,Hydrogen,,,,,2045,,ManitobaProduction Secondary|Hydrogen2045
Manitoba,Production Secondary|Hydrogen,Production,quantity_provided,Hydrogen,,,,,2050,,ManitobaProduction Secondary|Hydrogen2050
Manitoba,Production Secondary|Refined Petroleum Products,Production,quantity_provided,Petroleum Refining,,,,,2015,,ManitobaProduction Secondary|Refined Petroleum Products2015
Manitoba,Production Secondary|Refined Petroleum Products,Production,quantity_provided,Petroleum Refining,,,,,2020,,ManitobaProduction Secondary|Refined Petroleum Products2020
Manitoba,Production Secondary|Refined Petroleum Products,Production,quantity_provided,Petroleum Refining,,,,,2025,,ManitobaProduction Secondary|Refined Petroleum Products2025
Manitoba,Production Secondary|Refined Petroleum Products,Production,quantity_provided,Petroleum Refining,,,,,2030,,ManitobaProduction Secondary|Refined Petroleum Products2030
Manitoba,Production Secondary|Refined Petroleum Products,Production,quantity_provided,Petroleum Refining,,,,,2035,,ManitobaProduction Secondary|Refined Petroleum Products2035
Manitoba,Production Secondary|Refined Petroleum Products,Production,quantity_provided,Petroleum Refining,,,,,2040,,ManitobaProduction Secondary|Refined Petroleum Products2040
Manitoba,Production Secondary|Refined Petroleum Products,Production,quantity_provided,Petroleum Refining,,,,,2045,,ManitobaProduction Secondary|Refined Petroleum Products2045
Manitoba,Production Secondary|Refined Petroleum Products,Production,quantity_provided,Petroleum Refining,,,,,2050,,ManitobaProduction Secondary|Refined Petroleum Products2050
Manitoba,Use Final,Use Final,quantity_requested,Economy,Total,,,,2015,,ManitobaUse Final2015
Manitoba,Use Final,Use Final,quantity_requested,Economy,Total,,,,2020,,ManitobaUse Final2020
Manitoba,Use Final,Use Final,quantity_requested,Economy,Total,,,,2025,,ManitobaUse Final2025
Manitoba,Use Final,Use Final,quantity_requested,Economy,Total,,,,2030,,ManitobaUse Final2030
Manitoba,Use Final,Use Final,quantity_requested,Economy,Total,,,,2035,,ManitobaUse Final2035
Manitoba,Use Final,Use Final,quantity_requested,Economy,Total,,,,2040,,ManitobaUse Final2040
Manitoba,Use Final,Use Final,quantity_requested,Economy,Total,,,,2045,,ManitobaUse Final2045
Manitoba,Use Final,Use Final,quantity_requested,Economy,Total,,,,2050,,ManitobaUse Final2050
Manitoba,Use Final|Energy|Biogas,Use Final,quantity_requested,Economy,Biogas,,,,2015,,ManitobaUse Final|Energy|Biogas2015
Manitoba,Use Final|Energy|Biogas,Use Final,quantity_requested,Economy,Biogas,,,,2020,,ManitobaUse Final|Energy|Biogas2020
Manitoba,Use Final|Energy|Biogas,Use Final,quantity_requested,Economy,Biogas,,,,2025,,ManitobaUse Final|Energy|Biogas2025
Manitoba,Use Final|Energy|Biogas,Use Final,quantity_requested,Economy,Biogas,,,,2030,,ManitobaUse Final|Energy|Biogas2030
Manitoba,Use Final|Energy|Biogas,Use Final,quantity_requested,Economy,Biogas,,,,2035,,ManitobaUse Final|Energy|Biogas2035
Manitoba,Use Final|Energy|Biogas,Use Final,quantity_requested,Economy,Biogas,,,,2040,,ManitobaUse Final|Energy|Biogas2040
Manitoba,Use Final|Energy|Biogas,Use Final,quantity_requested,Economy,Biogas,,,,2045,,ManitobaUse Final|Energy|Biogas2045
Manitoba,Use Final|Energy|Biogas,Use Final,quantity_requested,Economy,Biogas,,,,2050,,ManitobaUse Final|Energy|Biogas2050
Manitoba,Use Final|Energy|Biomass Liquids,Use Final,quantity_requested,Economy,Biomass Liquids,,,,2015,,ManitobaUse Final|Energy|Biomass Liquids2015
Manitoba,Use Final|Energy|Biomass Liquids,Use Final,quantity_requested,Economy,Biomass Liquids,,,,2020,,ManitobaUse Final|Energy|Biomass Liquids2020
Manitoba,Use Final|Energy|Biomass Liquids,Use Final,quantity_requested,Economy,Biomass Liquids,,,,2025,,ManitobaUse Final|Energy|Biomass Liquids2025
Manitoba,Use Final|Energy|Biomass Liquids,Use Final,quantity_requested,Economy,Biomass Liquids,,,,2030,,ManitobaUse Final|Energy|Biomass Liquids2030
Manitoba,Use Final|Energy|Biomass Liquids,Use Final,quantity_requested,Economy,Biomass Liquids,,,,2035,,ManitobaUse Final|Energy|Biomass Liquids2035
Manitoba,Use Final|Energy|Biomass Liquids,Use Final,quantity_requested,Economy,Biomass Liquids,,,,2040,,ManitobaUse Final|Energy|Biomass Liquids2040
Manitoba,Use Final|Energy|Biomass Liquids,Use Final,quantity_requested,Economy,Biomass Liquids,,,,2045,,ManitobaUse Final|Energy|Biomass Liquids2045
Manitoba,Use Final|Energy|Biomass Liquids,Use Final,quantity_requested,Economy,Biomass Liquids,,,,2050,,ManitobaUse Final|Energy|Biomass Liquids2050
Manitoba,Use Final|Energy|Biomass Solids,Use Final,quantity_requested,Economy,Biomass Solids,,,,2015,,ManitobaUse Final|Energy|Biomass Solids2015
Manitoba,Use Final|Energy|Biomass Solids,Use Final,quantity_requested,Economy,Biomass Solids,,,,2020,,ManitobaUse Final|Energy|Biomass Solids2020
Manitoba,Use Final|Energy|Biomass Solids,Use Final,quantity_requested,Economy,Biomass Solids,,,,2025,,ManitobaUse Final|Energy|Biomass Solids2025
Manitoba,Use Final|Energy|Biomass Solids,Use Final,quantity_requested,Economy,Biomass Solids,,,,2030,,ManitobaUse Final|Energy|Biomass Solids2030
Manitoba,Use Final|Energy|Biomass Solids,Use Final,quantity_requested,Economy,Biomass Solids,,,,2035,,ManitobaUse Final|Energy|Biomass Solids2035
Manitoba,Use Final|Energy|Biomass Solids,Use Final,quantity_requested,Economy,Biomass Solids,,,,2040,,ManitobaUse Final|Energy|Biomass Solids2040
Manitoba,Use Final|Energy|Biomass Solids,Use Final,quantity_requested,Economy,Biomass Solids,,,,2045,,ManitobaUse Final|Energy|Biomass Solids2045
Manitoba,Use Final|Energy|Biomass Solids,Use Final,quantity_requested,Economy,Biomass Solids,,,,2050,,ManitobaUse Final|Energy|Biomass Solids2050
Manitoba,Use Final|Energy|Coal,Use Final,quantity_requested,Economy,Coal,,,,2015,,ManitobaUse Final|Energy|Coal2015
Manitoba,Use Final|Energy|Coal,Use Final,quantity_requested,Economy,Coal,,,,2020,,ManitobaUse Final|Energy|Coal2020
Manitoba,Use Final|Energy|Coal,Use Final,quantity_requested,Economy,Coal,,,,2025,,ManitobaUse Final|Energy|Coal2025
Manitoba,Use Final|Energy|Coal,Use Final,quantity_requested,Economy,Coal,,,,2030,,ManitobaUse Final|Energy|Coal2030
Manitoba,Use Final|Energy|Coal,Use Final,quantity_requested,Economy,Coal,,,,2035,,ManitobaUse Final|Energy|Coal2035
Manitoba,Use Final|Energy|Coal,Use Final,quantity_requested,Economy,Coal,,,,2040,,ManitobaUse Final|Energy|Coal2040
Manitoba,Use Final|Energy|Coal,Use Final,quantity_requested,Economy,Coal,,,,2045,,ManitobaUse Final|Energy|Coal2045
Manitoba,Use Final|Energy|Coal,Use Final,quantity_requested,Economy,Coal,,,,2050,,ManitobaUse Final|Energy|Coal2050
Manitoba,Use Final|Energy|Electricity,Use Final,quantity_requested,Economy,Electricity,,,,2015,,ManitobaUse Final|Energy|Electricity2015
Manitoba,Use Final|Energy|Electricity,Use Final,quantity_requested,Economy,Electricity,,,,2020,,ManitobaUse Final|Energy|Electricity2020
Manitoba,Use Final|Energy|Electricity,Use Final,quantity_requested,Economy,Electricity,,,,2025,,ManitobaUse Final|Energy|Electricity2025
Manitoba,Use Final|Energy|Electricity,Use Final,quantity_requested,Economy,Electricity,,,,2030,,ManitobaUse Final|Energy|Electricity2030
Manitoba,Use Final|Energy|Electricity,Use Final,quantity_requested,Economy,Electricity,,,,2035,,ManitobaUse Final|Energy|Electricity2035
Manitoba,Use Final|Energy|Electricity,Use Final,quantity_requested,Economy,Electricity,,,,2040,,ManitobaUse Final|Energy|Electricity2040
Manitoba,Use Final|Energy|Electricity,Use Final,quantity_requested,Economy,Electricity,,,,2045,,ManitobaUse Final|Energy|Electricity2045
Manitoba,Use Final|Energy|Electricity,Use Final,quantity_requested,Economy,Electricity,,,,2050,,ManitobaUse Final|Energy|Electricity2050
Manitoba,Use Final|Energy|Gas,Use Final,quantity_requested,Economy,Gas,,,,2015,,ManitobaUse Final|Energy|Gas2015
Manitoba,Use Final|Energy|Gas,Use Final,quantity_requested,Economy,Gas,,,,2020,,ManitobaUse Final|Energy|Gas2020
Manitoba,Use Final|Energy|Gas,Use Final,quantity_requested,Economy,Gas,,,,2025,,ManitobaUse Final|Energy|Gas2025
Manitoba,Use Final|Energy|Gas,Use Final,quantity_requested,Economy,Gas,,,,2030,,ManitobaUse Final|Energy|Gas2030
Manitoba,Use Final|Energy|Gas,Use Final,quantity_requested,Economy,Gas,,,,2035,,ManitobaUse Final|Energy|Gas2035
Manitoba,Use Final|Energy|Gas,Use Final,quantity_requested,Economy,Gas,,,,2040,,ManitobaUse Final|Energy|Gas2040
Manitoba,Use Final|Energy|Gas,Use Final,quantity_requested,Economy,Gas,,,,2045,,ManitobaUse Final|Energy|Gas2045
Manitoba,Use Final|Energy|Gas,Use Final,quantity_requested,Economy,Gas,,,,2050,,ManitobaUse Final|Energy|Gas2050
Manitoba,Use Final|Energy|Hydrogen,Use Final,quantity_requested,Economy,Hydrogen,,,,2015,,ManitobaUse Final|Energy|Hydrogen2015
Manitoba,Use Final|Energy|Hydrogen,Use Final,quantity_requested,Economy,Hydrogen,,,,2020,,ManitobaUse Final|Energy|Hydrogen2020
Manitoba,Use Final|Energy|Hydrogen,Use Final,quantity_requested,Economy,Hydrogen,,,,2025,,ManitobaUse Final|Energy|Hydrogen2025
Manitoba,Use Final|Energy|Hydrogen,Use Final,quantity_requested,Economy,Hydrogen,,,,2030,,ManitobaUse Final|Energy|Hydrogen2030
Manitoba,Use Final|Energy|Hydrogen,Use Final,quantity_requested,Economy,Hydrogen,,,,2035,,ManitobaUse Final|Energy|Hydrogen2035
Manitoba,Use Final|Energy|Hydrogen,Use Final,quantity_requested,Economy,Hydrogen,,,,2040,,ManitobaUse Final|Energy|Hydrogen2040
Manitoba,Use Final|Energy|Hydrogen,Use Final,quantity_requested,Economy,Hydrogen,,,,2045,,ManitobaUse Final|Energy|Hydrogen2045
Manitoba,Use Final|Energy|Hydrogen,Use Final,quantity_requested,Economy,Hydrogen,,,,2050,,ManitobaUse Final|Energy|Hydrogen2050
Manitoba,Use Final|Energy|Oil,Use Final,quantity_requested,Economy,Oil,,,,2015,,ManitobaUse Final|Energy|Oil2015
Manitoba,Use Final|Energy|Oil,Use Final,quantity_requested,Economy,Oil,,,,2020,,ManitobaUse Final|Energy|Oil2020
Manitoba,Use Final|Energy|Oil,Use Final,quantity_requested,Economy,Oil,,,,2025,,ManitobaUse Final|Energy|Oil2025
Manitoba,Use Final|Energy|Oil,Use Final,quantity_requested,Economy,Oil,,,,2030,,ManitobaUse Final|Energy|Oil2030
Manitoba,Use Final|Energy|Oil,Use Final,quantity_requested,Economy,Oil,,,,2035,,ManitobaUse Final|Energy|Oil2035
Manitoba,Use Final|Energy|Oil,Use Final,quantity_requested,Economy,Oil,,,,2040,,ManitobaUse Final|Energy|Oil2040
Manitoba,Use Final|Energy|Oil,Use Final,quantity_requested,Economy,Oil,,,,2045,,ManitobaUse Final|Energy|Oil2045
Manitoba,Use Final|Energy|Oil,Use Final,quantity_requested,Economy,Oil,,,,2050,,ManitobaUse Final|Energy|Oil2050
Manitoba,Use Final|Sector|Buildings,Use Final,quantity_requested,Buildings,Total,,,,2015,,ManitobaUse Final|Sector|Buildings2015
Manitoba,Use Final|Sector|Buildings,Use Final,quantity_requested,Buildings,Total,,,,2020,,ManitobaUse Final|Sector|Buildings2020
Manitoba,Use Final|Sector|Buildings,Use Final,quantity_requested,Buildings,Total,,,,2025,,ManitobaUse Final|Sector|Buildings2025
Manitoba,Use Final|Sector|Buildings,Use Final,quantity_requested,Buildings,Total,,,,2030,,ManitobaUse Final|Sector|Buildings2030
Manitoba,Use Final|Sector|Buildings,Use Final,quantity_requested,Buildings,Total,,,,2035,,ManitobaUse Final|Sector|Buildings2035
Manitoba,Use Final|Sector|Buildings,Use Final,quantity_requested,Buildings,Total,,,,2040,,ManitobaUse Final|Sector|Buildings2040
Manitoba,Use Final|Sector|Buildings,Use Final,quantity_requested,Buildings,Total,,,,2045,,ManitobaUse Final|Sector|Buildings2045
Manitoba,Use Final|Sector|Buildings,Use Final,quantity_requested,Buildings,Total,,,,2050,,ManitobaUse Final|Sector|Buildings2050
Manitoba,Use Final|Sector|Industry,Use Final,quantity_requested,Industry,Total,,,,2015,,ManitobaUse Final|Sector|Industry2015
Manitoba,Use Final|Sector|Industry,Use Final,quantity_requested,Industry,Total,,,,2020,,ManitobaUse Final|Sector|Industry2020
Manitoba,Use Final|Sector|Industry,Use Final,quantity_requested,Industry,Total,,,,2025,,ManitobaUse Final|Sector|Industry2025
Manitoba,Use Final|Sector|Industry,Use Final,quantity_requested,Industry,Total,,,,2030,,ManitobaUse Final|Sector|Industry2030
Manitoba,Use Final|Sector|Industry,Use Final,quantity_requested,Industry,Total,,,,2035,,ManitobaUse Final|Sector|Industry2035
Manitoba,Use Final|Sector|Industry,Use Final,quantity_requested,Industry,Total,,,,2040,,ManitobaUse Final|Sector|Industry2040
Manitoba,Use Final|Sector|Industry,Use Final,quantity_requested,Industry,Total,,,,2045,,ManitobaUse Final|Sector|Industry2045
Manitoba,Use Final|Sector|Industry,Use Final,quantity_requested,Industry,Total,,,,2050,,ManitobaUse Final|Sector|Industry2050
Manitoba,Use Final|Sector|Transportation,Use Final,quantity_requested,Transport,Total,,,,2015,,ManitobaUse Final|Sector|Transportation2015
Manitoba,Use Final|Sector|Transportation,Use Final,quantity_requested,Transport,Total,,,,2020,,ManitobaUse Final|Sector|Transportation2020
Manitoba,Use Final|Sector|Transportation,Use Final,quantity_requested,Transport,Total,,,,2025,,ManitobaUse Final|Sector|Transportation2025
Manitoba,Use Final|Sector|Transportation,Use Final,quantity_requested,Transport,Total,,,,2030,,ManitobaUse Final|Sector|Transportation2030
Manitoba,Use Final|Sector|Transportation,Use Final,quantity_requested,Transport,Total,,,,2035,,ManitobaUse Final|Sector|Transportation2035
Manitoba,Use Final|Sector|Transportation,Use Final,quantity_requested,Transport,Total,,,,2040,,ManitobaUse Final|Sector|Transportation2040
Manitoba,Use Final|Sector|Transportation,Use Final,quantity_requested,Transport,Total,,,,2045,,ManitobaUse Final|Sector|Transportation2045
Manitoba,Use Final|Sector|Transportation,Use Final,quantity_requested,Transport,Total,,,,2050,,ManitobaUse Final|Sector|Transportation2050
Manitoba,Use Primary,Use Primary,quantity_requested,Economy,Total,,,,2015,,ManitobaUse Primary2015
Manitoba,Use Primary,Use Primary,quantity_requested,Economy,Total,,,,2020,,ManitobaUse Primary2020
Manitoba,Use Primary,Use Primary,quantity_requested,Economy,Total,,,,2025,,ManitobaUse Primary2025
Manitoba,Use Primary,Use Primary,quantity_requested,Economy,Total,,,,2030,,ManitobaUse Primary2030
Manitoba,Use Primary,Use Primary,quantity_requested,Economy,Total,,,,2035,,ManitobaUse Primary2035
Manitoba,Use Primary,Use Primary,quantity_requested,Economy,Total,,,,2040,,ManitobaUse Primary2040
Manitoba,Use Primary,Use Primary,quantity_requested,Economy,Total,,,,2045,,ManitobaUse Primary2045
Manitoba,Use Primary,Use Primary,quantity_requested,Economy,Total,,,,2050,,ManitobaUse Primary2050
Manitoba,Use Primary|Energy|Biomass,Use Primary,quantity_requested,Economy,Biomass Liquids,,,,2015,,ManitobaUse Primary|Energy|Biomass2015
Manitoba,Use Primary|Energy|Biomass,Use Primary,quantity_requested,Economy,Biomass Liquids,,,,2020,,ManitobaUse Primary|Energy|Biomass2020
Manitoba,Use Primary|Energy|Biomass,Use Primary,quantity_requested,Economy,Biomass Liquids,,,,2025,,ManitobaUse Primary|Energy|Biomass2025
Manitoba,Use Primary|Energy|Biomass,Use Primary,quantity_requested,Economy,Biomass Liquids,,,,2030,,ManitobaUse Primary|Energy|Biomass2030
Manitoba,Use Primary|Energy|Biomass,Use Primary,quantity_requested,Economy,Biomass Liquids,,,,2035,,ManitobaUse Primary|Energy|Biomass2035
Manitoba,Use Primary|Energy|Biomass,Use Primary,quantity_requested,Economy,Biomass Liquids,,,,2040,,ManitobaUse Primary|Energy|Biomass2040
Manitoba,Use Primary|Energy|Biomass,Use Primary,quantity_requested,Economy,Biomass Liquids,,,,2045,,ManitobaUse Primary|Energy|Biomass2045
Manitoba,Use Primary|Energy|Biomass,Use Primary,quantity_requested,Economy,Biomass Liquids,,,,2050,,ManitobaUse Primary|Energy|Biomass2050
Manitoba,Use Primary|Energy|Coal,Use Primary,quantity_requested,Economy,Coal,,,,2015,,ManitobaUse Primary|Energy|Coal2015
Manitoba,Use Primary|Energy|Coal,Use Primary,quantity_requested,Economy,Coal,,,,2020,,ManitobaUse Primary|Energy|Coal2020
Manitoba,Use Primary|Energy|Coal,Use Primary,quantity_requested,Economy,Coal,,,,2025,,ManitobaUse Primary|Energy|Coal2025
Manitoba,Use Primary|Energy|Coal,Use Primary,quantity_requested,Economy,Coal,,,,2030,,ManitobaUse Primary|Energy|Coal2030
Manitoba,Use Primary|Energy|Coal,Use Primary,quantity_requested,Economy,Coal,,,,2035,,ManitobaUse Primary|Energy|Coal2035
Manitoba,Use Primary|Energy|Coal,Use Primary,quantity_requested,Economy,Coal,,,,2040,,ManitobaUse Primary|Energy|Coal2040
Manitoba,Use Primary|Energy|Coal,Use Primary,quantity_requested,Economy,Coal,,,,2045,,ManitobaUse Primary|Energy|Coal2045
Manitoba,Use Primary|Energy|Coal,Use Primary,quantity_requested,Economy,Coal,,,,2050,,ManitobaUse Primary|Energy|Coal2050
Manitoba,Use Primary|Energy|Gas,Use Primary,quantity_requested,Economy,Gas,,,,2015,,ManitobaUse Primary|Energy|Gas2015
Manitoba,Use Primary|Energy|Gas,Use Primary,quantity_requested,Economy,Gas,,,,2020,,ManitobaUse Primary|Energy|Gas2020
Manitoba,Use Primary|Energy|Gas,Use Primary,quantity_requested,Economy,Gas,,,,2025,,ManitobaUse Primary|Energy|Gas2025
Manitoba,Use Primary|Energy|Gas,Use Primary,quantity_requested,Economy,Gas,,,,2030,,ManitobaUse Primary|Energy|Gas2030
Manitoba,Use Primary|Energy|Gas,Use Primary,quantity_requested,Economy,Gas,,,,2035,,ManitobaUse Primary|Energy|Gas2035
Manitoba,Use Primary|Energy|Gas,Use Primary,quantity_requested,Economy,Gas,,,,2040,,ManitobaUse Primary|Energy|Gas2040
Manitoba,Use Primary|Energy|Gas,Use Primary,quantity_requested,Economy,Gas,,,,2045,,ManitobaUse Primary|Energy|Gas2045
Manitoba,Use Primary|Energy|Gas,Use Primary,quantity_requested,Economy,Gas,,,,2050,,ManitobaUse Primary|Energy|Gas2050
Manitoba,Use Primary|Energy|Geothermal,Use Primary,stock_total,Economy,,Geoexchange,,,2015,,ManitobaUse Primary|Energy|Geothermal2015
Manitoba,Use Primary|Energy|Geothermal,Use Primary,stock_total,Economy,,Geoexchange,,,2020,,ManitobaUse Primary|Energy|Geothermal2020
Manitoba,Use Primary|Energy|Geothermal,Use Primary,stock_total,Economy,,Geoexchange,,,2025,,ManitobaUse Primary|Energy|Geothermal2025
Manitoba,Use Primary|Energy|Geothermal,Use Primary,stock_total,Economy,,Geoexchange,,,2030,,ManitobaUse Primary|Energy|Geothermal2030
Manitoba,Use Primary|Energy|Geothermal,Use Primary,stock_total,Economy,,Geoexchange,,,2035,,ManitobaUse Primary|Energy|Geothermal2035
Manitoba,Use Primary|Energy|Geothermal,Use Primary,stock_total,Economy,,Geoexchange,,,2040,,ManitobaUse Primary|Energy|Geothermal2040
Manitoba,Use Primary|Energy|Geothermal,Use Primary,stock_total,Economy,,Geoexchange,,,2045,,ManitobaUse Primary|Energy|Geothermal2045
Manitoba,Use Primary|Energy|Geothermal,Use Primary,stock_total,Economy,,Geoexchange,,,2050,,ManitobaUse Primary|Energy|Geothermal2050
Manitoba,Use Primary|Energy|Hydro,Use Primary,stock_total,Economy,,Hydro,,,2015,,ManitobaUse Primary|Energy|Hydro2015
Manitoba,Use Primary|Energy|Hydro,Use Primary,stock_total,Economy,,Hydro,,,2020,,ManitobaUse Primary|Energy|Hydro2020
Manitoba,Use Primary|Energy|Hydro,Use Primary,stock_total,Economy,,Hydro,,,2025,,ManitobaUse Primary|Energy|Hydro2025
Manitoba,Use Primary|Energy|Hydro,Use Primary,stock_total,Economy,,Hydro,,,2030,,ManitobaUse Primary|Energy|Hydro2030
Manitoba,Use Primary|Energy|Hydro,Use Primary,stock_total,Economy,,Hydro,,,2035,,ManitobaUse Primary|Energy|Hydro2035
Manitoba,Use Primary|Energy|Hydro,Use Primary,stock_total,Economy,,Hydro,,,2040,,ManitobaUse Primary|Energy|Hydro2040
Manitoba,Use Primary|Energy|Hydro,Use Primary,stock_total,Economy,,Hydro,,,2045,,ManitobaUse Primary|Energy|Hydro2045
Manitoba,Use Primary|Energy|Hydro,Use Primary,stock_total,Economy,,Hydro,,,2050,,ManitobaUse Primary|Energy|Hydro2050
Manitoba,Use Primary|Energy|Nuclear,Use Primary,stock_total,Economy,,Nuclear,,,2015,,ManitobaUse Primary|Energy|Nuclear2015
Manitoba,Use Primary|Energy|Nuclear,Use Primary,stock_total,Economy,,Nuclear,,,2020,,ManitobaUse Primary|Energy|Nuclear2020
Manitoba,Use Primary|Energy|Nuclear,Use Primary,stock_total,Economy,,Nuclear,,,2025,,ManitobaUse Primary|Energy|Nuclear2025
Manitoba,Use Primary|Energy|Nuclear,Use Primary,stock_total,Economy,,Nuclear,,,2030,,ManitobaUse Primary|Energy|Nuclear2030
Manitoba,Use Primary|Energy|Nuclear,Use Primary,stock_total,Economy,,Nuclear,,,2035,,ManitobaUse Primary|Energy|Nuclear2035
Manitoba,Use Primary|Energy|Nuclear,Use Primary,stock_total,Economy,,Nuclear,,,2040,,ManitobaUse Primary|Energy|Nuclear2040
Manitoba,Use Primary|Energy|Nuclear,Use Primary,stock_total,Economy,,Nuclear,,,2045,,ManitobaUse Primary|Energy|Nuclear2045
Manitoba,Use Primary|Energy|Nuclear,Use Primary,stock_total,Economy,,Nuclear,,,2050,,ManitobaUse Primary|Energy|Nuclear2050
Manitoba,Use Primary|Energy|Oil,Use Primary,quantity_requested,Economy,Oil,,,,2015,,ManitobaUse Primary|Energy|Oil2015
Manitoba,Use Primary|Energy|Oil,Use Primary,quantity_requested,Economy,Oil,,,,2020,,ManitobaUse Primary|Energy|Oil2020
Manitoba,Use Primary|Energy|Oil,Use Primary,quantity_requested,Economy,Oil,,,,2025,,ManitobaUse Primary|Energy|Oil2025
Manitoba,Use Primary|Energy|Oil,Use Primary,quantity_requested,Economy,Oil,,,,2030,,ManitobaUse Primary|Energy|Oil2030
Manitoba,Use Primary|Energy|Oil,Use Primary,quantity_requested,Economy,Oil,,,,2035,,ManitobaUse Primary|Energy|Oil2035
Manitoba,Use Primary|Energy|Oil,Use Primary,quantity_requested,Economy,Oil,,,,2040,,ManitobaUse Primary|Energy|Oil2040
Manitoba,Use Primary|Energy|Oil,Use Primary,quantity_requested,Economy,Oil,,,,2045,,ManitobaUse Primary|Energy|Oil2045
Manitoba,Use Primary|Energy|Oil,Use Primary,quantity_requested,Economy,Oil,,,,2050,,ManitobaUse Primary|Energy|Oil2050
Manitoba,Use Primary|Energy|Solar,Use Primary,stock_total,Economy,,Solar,,,2015,,ManitobaUse Primary|Energy|Solar2015
Manitoba,Use Primary|Energy|Solar,Use Primary,stock_total,Economy,,Solar,,,2020,,ManitobaUse Primary|Energy|Solar2020
Manitoba,Use Primary|Energy|Solar,Use Primary,stock_total,Economy,,Solar,,,2025,,ManitobaUse Primary|Energy|Solar2025
Manitoba,Use Primary|Energy|Solar,Use Primary,stock_total,Economy,,Solar,,,2030,,ManitobaUse Primary|Energy|Solar2030
Manitoba,Use Primary|Energy|Solar,Use Primary,stock_total,Economy,,Solar,,,2035,,ManitobaUse Primary|Energy|Solar2035
Manitoba,Use Primary|Energy|Solar,Use Primary,stock_total,Economy,,Solar,,,2040,,ManitobaUse Primary|Energy|Solar2040
Manitoba,Use Primary|Energy|Solar,Use Primary,stock_total,Economy,,Solar,,,2045,,ManitobaUse Primary|Energy|Solar2045
Manitoba,Use Primary|Energy|Solar,Use Primary,stock_total,Economy,,Solar,,,2050,,ManitobaUse Primary|Energy|Solar2050
Manitoba,Use Primary|Energy|Wind,Use Primary,stock_total,Economy,,Wind,,,2015,,ManitobaUse Primary|Energy|Wind2015
Manitoba,Use Primary|Energy|Wind,Use Primary,stock_total,Economy,,Wind,,,2020,,ManitobaUse Primary|Energy|Wind2020
Manitoba,Use Primary|Energy|Wind,Use Primary,stock_total,Economy,,Wind,,,2025,,ManitobaUse Primary|Energy|Wind2025
Manitoba,Use Primary|Energy|Wind,Use Primary,stock_total,Economy,,Wind,,,2030,,ManitobaUse Primary|Energy|Wind2030
Manitoba,Use Primary|Energy|Wind,Use Primary,stock_total,Economy,,Wind,,,2035,,ManitobaUse Primary|Energy|Wind2035
Manitoba,Use Primary|Energy|Wind,Use Primary,stock_total,Economy,,Wind,,,2040,,ManitobaUse Primary|Energy|Wind2040
Manitoba,Use Primary|Energy|Wind,Use Primary,stock_total,Economy,,Wind,,,2045,,ManitobaUse Primary|Energy|Wind2045
Manitoba,Use Primary|Energy|Wind,Use Primary,stock_total,Economy,,Wind,,,2050,,ManitobaUse Primary|Energy|Wind2050
Ontario,Carbon Sequestration|CCS,Carbon Sequestration,emissions_total_cumul_avoided,Economy,,,CO2,ALL,2015,,OntarioCarbon Sequestration|CCS2015
Ontario,Carbon Sequestration|CCS,Carbon Sequestration,emissions_total_cumul_avoided,Economy,,,CO2,ALL,2020,,OntarioCarbon Sequestration|CCS2020
Ontario,Carbon Sequestration|CCS,Carbon Sequestration,emissions_total_cumul_avoided,Economy,,,CO2,ALL,2025,,OntarioCarbon Sequestration|CCS2025
Ontario,Carbon Sequestration|CCS,Carbon Sequestration,emissions_total_cumul_avoided,Economy,,,CO2,ALL,2030,,OntarioCarbon Sequestration|CCS2030
Ontario,Carbon Sequestration|CCS,Carbon Sequestration,emissions_total_cumul_avoided,Economy,,,CO2,ALL,2035,,OntarioCarbon Sequestration|CCS2035
Ontario,Carbon Sequestration|CCS,Carbon Sequestration,emissions_total_cumul_avoided,Economy,,,CO2,ALL,2040,,OntarioCarbon Sequestration|CCS2040
Ontario,Carbon Sequestration|CCS,Carbon Sequestration,emissions_total_cumul_avoided,Economy,,,CO2,ALL,2045,,OntarioCarbon Sequestration|CCS2045
Ontario,Carbon Sequestration|CCS,Carbon Sequestration,emissions_total_cumul_avoided,Economy,,,CO2,ALL,2050,,OntarioCarbon Sequestration|CCS2050
Ontario,Emissions|CO2,Emissions,emissions_total_cumul_net,Economy,,,CO2,ALL,2015,,OntarioEmissions|CO22015
Ontario,Emissions|CO2,Emissions,emissions_total_cumul_net,Economy,,,CO2,ALL,2020,,OntarioEmissions|CO22020
Ontario,Emissions|CO2,Emissions,emissions_total_cumul_net,Economy,,,CO2,ALL,2025,,OntarioEmissions|CO22025
Ontario,Emissions|CO2,Emissions,emissions_total_cumul_net,Economy,,,CO2,ALL,2030,,OntarioEmissions|CO22030
Ontario,Emissions|CO2,Emissions,emissions_total_cumul_net,Economy,,,CO2,ALL,2035,,OntarioEmissions|CO22035
Ontario,Emissions|CO2,Emissions,emissions_total_cumul_net,Economy,,,CO2,ALL,2040,,OntarioEmissions|CO22040
Ontario,Emissions|CO2,Emissions,emissions_total_cumul_net,Economy,,,CO2,ALL,2045,,OntarioEmissions|CO22045
Ontario,Emissions|CO2,Emissions,emissions_total_cumul_net,Economy,,,CO2,ALL,2050,,OntarioEmissions|CO22050
Ontario,Emissions|CO2|Combustion,Emissions,emissions_total_cumul_net,Economy,,,CO2,Combustion,2015,,OntarioEmissions|CO2|Combustion2015
Ontario,Emissions|CO2|Combustion,Emissions,emissions_total_cumul_net,Economy,,,CO2,Combustion,2020,,OntarioEmissions|CO2|Combustion2020
Ontario,Emissions|CO2|Combustion,Emissions,emissions_total_cumul_net,Economy,,,CO2,Combustion,2025,,OntarioEmissions|CO2|Combustion2025
Ontario,Emissions|CO2|Combustion,Emissions,emissions_total_cumul_net,Economy,,,CO2,Combustion,2030,,OntarioEmissions|CO2|Combustion2030
Ontario,Emissions|CO2|Combustion,Emissions,emissions_total_cumul_net,Economy,,,CO2,Combustion,2035,,OntarioEmissions|CO2|Combustion2035
Ontario,Emissions|CO2|Combustion,Emissions,emissions_total_cumul_net,Economy,,,CO2,Combustion,2040,,OntarioEmissions|CO2|Combustion2040
Ontario,Emissions|CO2|Combustion,Emissions,emissions_total_cumul_net,Economy,,,CO2,Combustion,2045,,OntarioEmissions|CO2|Combustion2045
Ontario,Emissions|CO2|Combustion,Emissions,emissions_total_cumul_net,Economy,,,CO2,Combustion,2050,,OntarioEmissions|CO2|Combustion2050
Ontario,Emissions|CO2|Combustion|Energy|Coal,Emissions,emissions_total_cumul_net,Economy,Coal,,CO2,Combustion,2015,,OntarioEmissions|CO2|Combustion|Energy|Coal2015
Ontario,Emissions|CO2|Combustion|Energy|Coal,Emissions,emissions_total_cumul_net,Economy,Coal,,CO2,Combustion,2020,,OntarioEmissions|CO2|Combustion|Energy|Coal2020
Ontario,Emissions|CO2|Combustion|Energy|Coal,Emissions,emissions_total_cumul_net,Economy,Coal,,CO2,Combustion,2025,,OntarioEmissions|CO2|Combustion|Energy|Coal2025
Ontario,Emissions|CO2|Combustion|Energy|Coal,Emissions,emissions_total_cumul_net,Economy,Coal,,CO2,Combustion,2030,,OntarioEmissions|CO2|Combustion|Energy|Coal2030
Ontario,Emissions|CO2|Combustion|Energy|Coal,Emissions,emissions_total_cumul_net,Economy,Coal,,CO2,Combustion,2035,,OntarioEmissions|CO2|Combustion|Energy|Coal2035
Ontario,Emissions|CO2|Combustion|Energy|Coal,Emissions,emissions_total_cumul_net,Economy,Coal,,CO2,Combustion,2040,,OntarioEmissions|CO2|Combustion|Energy|Coal2040
Ontario,Emissions|CO2|Combustion|Energy|Coal,Emissions,emissions_total_cumul_net,Economy,Coal,,CO2,Combustion,2045,,OntarioEmissions|CO2|Combustion|Energy|Coal2045
Ontario,Emissions|CO2|Combustion|Energy|Coal,Emissions,emissions_total_cumul_net,Economy,Coal,,CO2,Combustion,2050,,OntarioEmissions|CO2|Combustion|Energy|Coal2050
Ontario,Emissions|CO2|Combustion|Energy|Gas,Emissions,emissions_total_cumul_net,Economy,Gas,,CO2,Combustion,2015,,OntarioEmissions|CO2|Combustion|Energy|Gas2015
Ontario,Emissions|CO2|Combustion|Energy|Gas,Emissions,emissions_total_cumul_net,Economy,Gas,,CO2,Combustion,2020,,OntarioEmissions|CO2|Combustion|Energy|Gas2020
Ontario,Emissions|CO2|Combustion|Energy|Gas,Emissions,emissions_total_cumul_net,Economy,Gas,,CO2,Combustion,2025,,OntarioEmissions|CO2|Combustion|Energy|Gas2025
Ontario,Emissions|CO2|Combustion|Energy|Gas,Emissions,emissions_total_cumul_net,Economy,Gas,,CO2,Combustion,2030,,OntarioEmissions|CO2|Combustion|Energy|Gas2030
Ontario,Emissions|CO2|Combustion|Energy|Gas,Emissions,emissions_total_cumul_net,Economy,Gas,,CO2,Combustion,2035,,OntarioEmissions|CO2|Combustion|Energy|Gas2035
Ontario,Emissions|CO2|Combustion|Energy|Gas,Emissions,emissions_total_cumul_net,Economy,Gas,,CO2,Combustion,2040,,OntarioEmissions|CO2|Combustion|Energy|Gas2040
Ontario,Emissions|CO2|Combustion|Energy|Gas,Emissions,emissions_total_cumul_net,Economy,Gas,,CO2,Combustion,2045,,OntarioEmissions|CO2|Combustion|Energy|Gas2045
Ontario,Emissions|CO2|Combustion|Energy|Gas,Emissions,emissions_total_cumul_net,Economy,Gas,,CO2,Combustion,2050,,OntarioEmissions|CO2|Combustion|Energy|Gas2050
Ontario,Emissions|CO2|Combustion|Energy|Oil,Emissions,emissions_total_cumul_net,Economy,Oil,,CO2,Combustion,2015,,OntarioEmissions|CO2|Combustion|Energy|Oil2015
Ontario,Emissions|CO2|Combustion|Energy|Oil,Emissions,emissions_total_cumul_net,Economy,Oil,,CO2,Combustion,2020,,OntarioEmissions|CO2|Combustion|Energy|Oil2020
Ontario,Emissions|CO2|Combustion|Energy|Oil,Emissions,emissions_total_cumul_net,Economy,Oil,,CO2,Combustion,2025,,OntarioEmissions|CO2|Combustion|Energy|Oil2025
Ontario,Emissions|CO2|Combustion|Energy|Oil,Emissions,emissions_total_cumul_net,Economy,Oil,,CO2,Combustion,2030,,OntarioEmissions|CO2|Combustion|Energy|Oil2030
Ontario,Emissions|CO2|Combustion|Energy|Oil,Emissions,emissions_total_cumul_net,Economy,Oil,,CO2,Combustion,2035,,OntarioEmissions|CO2|Combustion|Energy|Oil2035
Ontario,Emissions|CO2|Combustion|Energy|Oil,Emissions,emissions_total_cumul_net,Economy,Oil,,CO2,Combustion,2040,,OntarioEmissions|CO2|Combustion|Energy|Oil2040
Ontario,Emissions|CO2|Combustion|Energy|Oil,Emissions,emissions_total_cumul_net,Economy,Oil,,CO2,Combustion,2045,,OntarioEmissions|CO2|Combustion|Energy|Oil2045
Ontario,Emissions|CO2|Combustion|Energy|Oil,Emissions,emissions_total_cumul_net,Economy,Oil,,CO2,Combustion,2050,,OntarioEmissions|CO2|Combustion|Energy|Oil2050
Ontario,Emissions|CO2|Combustion|Sector|Biomass Liquids,Emissions,emissions_total_cumul_net,Biofuels,,,CO2,Combustion,2015,,OntarioEmissions|CO2|Combustion|Sector|Biomass Liquids2015
Ontario,Emissions|CO2|Combustion|Sector|Biomass Liquids,Emissions,emissions_total_cumul_net,Biofuels,,,CO2,Combustion,2020,,OntarioEmissions|CO2|Combustion|Sector|Biomass Liquids2020
Ontario,Emissions|CO2|Combustion|Sector|Biomass Liquids,Emissions,emissions_total_cumul_net,Biofuels,,,CO2,Combustion,2025,,OntarioEmissions|CO2|Combustion|Sector|Biomass Liquids2025
Ontario,Emissions|CO2|Combustion|Sector|Biomass Liquids,Emissions,emissions_total_cumul_net,Biofuels,,,CO2,Combustion,2030,,OntarioEmissions|CO2|Combustion|Sector|Biomass Liquids2030
Ontario,Emissions|CO2|Combustion|Sector|Biomass Liquids,Emissions,emissions_total_cumul_net,Biofuels,,,CO2,Combustion,2035,,OntarioEmissions|CO2|Combustion|Sector|Biomass Liquids2035
Ontario,Emissions|CO2|Combustion|Sector|Biomass Liquids,Emissions,emissions_total_cumul_net,Biofuels,,,CO2,Combustion,2040,,OntarioEmissions|CO2|Combustion|Sector|Biomass Liquids2040
Ontario,Emissions|CO2|Combustion|Sector|Biomass Liquids,Emissions,emissions_total_cumul_net,Biofuels,,,CO2,Combustion,2045,,OntarioEmissions|CO2|Combustion|Sector|Biomass Liquids2045
Ontario,Emissions|CO2|Combustion|Sector|Biomass Liquids,Emissions,emissions_total_cumul_net,Biofuels,,,CO2,Combustion,2050,,OntarioEmissions|CO2|Combustion|Sector|Biomass Liquids2050
Ontario,Emissions|CO2|Combustion|Sector|Buildings,Emissions,emissions_total_cumul_net,Buildings,,,CO2,Combustion,2015,,OntarioEmissions|CO2|Combustion|Sector|Buildings2015
Ontario,Emissions|CO2|Combustion|Sector|Buildings,Emissions,emissions_total_cumul_net,Buildings,,,CO2,Combustion,2020,,OntarioEmissions|CO2|Combustion|Sector|Buildings2020
Ontario,Emissions|CO2|Combustion|Sector|Buildings,Emissions,emissions_total_cumul_net,Buildings,,,CO2,Combustion,2025,,OntarioEmissions|CO2|Combustion|Sector|Buildings2025
Ontario,Emissions|CO2|Combustion|Sector|Buildings,Emissions,emissions_total_cumul_net,Buildings,,,CO2,Combustion,2030,,OntarioEmissions|CO2|Combustion|Sector|Buildings2030
Ontario,Emissions|CO2|Combustion|Sector|Buildings,Emissions,emissions_total_cumul_net,Buildings,,,CO2,Combustion,2035,,OntarioEmissions|CO2|Combustion|Sector|Buildings2035
Ontario,Emissions|CO2|Combustion|Sector|Buildings,Emissions,emissions_total_cumul_net,Buildings,,,CO2,Combustion,2040,,OntarioEmissions|CO2|Combustion|Sector|Buildings2040
Ontario,Emissions|CO2|Combustion|Sector|Buildings,Emissions,emissions_total_cumul_net,Buildings,,,CO2,Combustion,2045,,OntarioEmissions|CO2|Combustion|Sector|Buildings2045
Ontario,Emissions|CO2|Combustion|Sector|Buildings,Emissions,emissions_total_cumul_net,Buildings,,,CO2,Combustion,2050,,OntarioEmissions|CO2|Combustion|Sector|Buildings2050
Ontario,Emissions|CO2|Combustion|Sector|Electricity,Emissions,emissions_total_cumul_net,Electricity,,,CO2,Combustion,2015,,OntarioEmissions|CO2|Combustion|Sector|Electricity2015
Ontario,Emissions|CO2|Combustion|Sector|Electricity,Emissions,emissions_total_cumul_net,Electricity,,,CO2,Combustion,2020,,OntarioEmissions|CO2|Combustion|Sector|Electricity2020
Ontario,Emissions|CO2|Combustion|Sector|Electricity,Emissions,emissions_total_cumul_net,Electricity,,,CO2,Combustion,2025,,OntarioEmissions|CO2|Combustion|Sector|Electricity2025
Ontario,Emissions|CO2|Combustion|Sector|Electricity,Emissions,emissions_total_cumul_net,Electricity,,,CO2,Combustion,2030,,OntarioEmissions|CO2|Combustion|Sector|Electricity2030
Ontario,Emissions|CO2|Combustion|Sector|Electricity,Emissions,emissions_total_cumul_net,Electricity,,,CO2,Combustion,2035,,OntarioEmissions|CO2|Combustion|Sector|Electricity2035
Ontario,Emissions|CO2|Combustion|Sector|Electricity,Emissions,emissions_total_cumul_net,Electricity,,,CO2,Combustion,2040,,OntarioEmissions|CO2|Combustion|Sector|Electricity2040
Ontario,Emissions|CO2|Combustion|Sector|Electricity,Emissions,emissions_total_cumul_net,Electricity,,,CO2,Combustion,2045,,OntarioEmissions|CO2|Combustion|Sector|Electricity2045
Ontario,Emissions|CO2|Combustion|Sector|Electricity,Emissions,emissions_total_cumul_net,Electricity,,,CO2,Combustion,2050,,OntarioEmissions|CO2|Combustion|Sector|Electricity2050
Ontario,Emissions|CO2|Combustion|Sector|Hydrogen,Emissions,emissions_total_cumul_net,Hydrogen,,,CO2,Combustion,2015,,OntarioEmissions|CO2|Combustion|Sector|Hydrogen2015
Ontario,Emissions|CO2|Combustion|Sector|Hydrogen,Emissions,emissions_total_cumul_net,Hydrogen,,,CO2,Combustion,2020,,OntarioEmissions|CO2|Combustion|Sector|Hydrogen2020
Ontario,Emissions|CO2|Combustion|Sector|Hydrogen,Emissions,emissions_total_cumul_net,Hydrogen,,,CO2,Combustion,2025,,OntarioEmissions|CO2|Combustion|Sector|Hydrogen2025
Ontario,Emissions|CO2|Combustion|Sector|Hydrogen,Emissions,emissions_total_cumul_net,Hydrogen,,,CO2,Combustion,2030,,OntarioEmissions|CO2|Combustion|Sector|Hydrogen2030
Ontario,Emissions|CO2|Combustion|Sector|Hydrogen,Emissions,emissions_total_cumul_net,Hydrogen,,,CO2,Combustion,2035,,OntarioEmissions|CO2|Combustion|Sector|Hydrogen2035
Ontario,Emissions|CO2|Combustion|Sector|Hydrogen,Emissions,emissions_total_cumul_net,Hydrogen,,,CO2,Combustion,2040,,OntarioEmissions|CO2|Combustion|Sector|Hydrogen2040
Ontario,Emissions|CO2|Combustion|Sector|Hydrogen,Emissions,emissions_total_cumul_net,Hydrogen,,,CO2,Combustion,2045,,OntarioEmissions|CO2|Combustion|Sector|Hydrogen2045
Ontario,Emissions|CO2|Combustion|Sector|Hydrogen,Emissions,emissions_total_cumul_net,Hydrogen,,,CO2,Combustion,2050,,OntarioEmissions|CO2|Combustion|Sector|Hydrogen2050
Ontario,Emissions|CO2|Combustion|Sector|Industry,Emissions,emissions_total_cumul_net,Industry,,,CO2,Combustion,2015,,OntarioEmissions|CO2|Combustion|Sector|Industry2015
Ontario,Emissions|CO2|Combustion|Sector|Industry,Emissions,emissions_total_cumul_net,Industry,,,CO2,Combustion,2020,,OntarioEmissions|CO2|Combustion|Sector|Industry2020
Ontario,Emissions|CO2|Combustion|Sector|Industry,Emissions,emissions_total_cumul_net,Industry,,,CO2,Combustion,2025,,OntarioEmissions|CO2|Combustion|Sector|Industry2025
Ontario,Emissions|CO2|Combustion|Sector|Industry,Emissions,emissions_total_cumul_net,Industry,,,CO2,Combustion,2030,,OntarioEmissions|CO2|Combustion|Sector|Industry2030
Ontario,Emissions|CO2|Combustion|Sector|Industry,Emissions,emissions_total_cumul_net,Industry,,,CO2,Combustion,2035,,OntarioEmissions|CO2|Combustion|Sector|Industry2035
Ontario,Emissions|CO2|Combustion|Sector|Industry,Emissions,emissions_total_cumul_net,Industry,,,CO2,Combustion,2040,,OntarioEmissions|CO2|Combustion|Sector|Industry2040
Ontario,Emissions|CO2|Combustion|Sector|Industry,Emissions,emissions_total_cumul_net,Industry,,,CO2,Combustion,2045,,OntarioEmissions|CO2|Combustion|Sector|Industry2045
Ontario,Emissions|CO2|Combustion|Sector|Industry,Emissions,emissions_total_cumul_net,Industry,,,CO2,Combustion,2050,,OntarioEmissions|CO2|Combustion|Sector|Industry2050
Ontario,Emissions|CO2|Combustion|Sector|Industry|Non Mfg|Petroleum Refining,Emissions,emissions_total_cumul_net,Petroleum Refining,,,CO2,Combustion,2015,,OntarioEmissions|CO2|Combustion|Sector|Industry|Non Mfg|Petroleum Refining2015
Ontario,Emissions|CO2|Combustion|Sector|Industry|Non Mfg|Petroleum Refining,Emissions,emissions_total_cumul_net,Petroleum Refining,,,CO2,Combustion,2020,,OntarioEmissions|CO2|Combustion|Sector|Industry|Non Mfg|Petroleum Refining2020
Ontario,Emissions|CO2|Combustion|Sector|Industry|Non Mfg|Petroleum Refining,Emissions,emissions_total_cumul_net,Petroleum Refining,,,CO2,Combustion,2025,,OntarioEmissions|CO2|Combustion|Sector|Industry|Non Mfg|Petroleum Refining2025
Ontario,Emissions|CO2|Combustion|Sector|Industry|Non Mfg|Petroleum Refining,Emissions,emissions_total_cumul_net,Petroleum Refining,,,CO2,Combustion,2030,,OntarioEmissions|CO2|Combustion|Sector|Industry|Non Mfg|Petroleum Refining2030
Ontario,Emissions|CO2|Combustion|Sector|Industry|Non Mfg|Petroleum Refining,Emissions,emissions_total_cumul_net,Petroleum Refining,,,CO2,Combustion,2035,,OntarioEmissions|CO2|Combustion|Sector|Industry|Non Mfg|Petroleum Refining2035
Ontario,Emissions|CO2|Combustion|Sector|Industry|Non Mfg|Petroleum Refining,Emissions,emissions_total_cumul_net,Petroleum Refining,,,CO2,Combustion,2040,,OntarioEmissions|CO2|Combustion|Sector|Industry|Non Mfg|Petroleum Refining2040
Ontario,Emissions|CO2|Combustion|Sector|Industry|Non Mfg|Petroleum Refining,Emissions,emissions_total_cumul_net,Petroleum Refining,,,CO2,Combustion,2045,,OntarioEmissions|CO2|Combustion|Sector|Industry|Non Mfg|Petroleum Refining2045
Ontario,Emissions|CO2|Combustion|Sector|Industry|Non Mfg|Petroleum Refining,Emissions,emissions_total_cumul_net,Petroleum Refining,,,CO2,Combustion,2050,,OntarioEmissions|CO2|Combustion|Sector|Industry|Non Mfg|Petroleum Refining2050
Ontario,Emissions|CO2|Combustion|Sector|Transportation,Emissions,emissions_total_cumul_net,Transport,,,CO2,Combustion,2015,,OntarioEmissions|CO2|Combustion|Sector|Transportation2015
Ontario,Emissions|CO2|Combustion|Sector|Transportation,Emissions,emissions_total_cumul_net,Transport,,,CO2,Combustion,2020,,OntarioEmissions|CO2|Combustion|Sector|Transportation2020
Ontario,Emissions|CO2|Combustion|Sector|Transportation,Emissions,emissions_total_cumul_net,Transport,,,CO2,Combustion,2025,,OntarioEmissions|CO2|Combustion|Sector|Transportation2025
Ontario,Emissions|CO2|Combustion|Sector|Transportation,Emissions,emissions_total_cumul_net,Transport,,,CO2,Combustion,2030,,OntarioEmissions|CO2|Combustion|Sector|Transportation2030
Ontario,Emissions|CO2|Combustion|Sector|Transportation,Emissions,emissions_total_cumul_net,Transport,,,CO2,Combustion,2035,,OntarioEmissions|CO2|Combustion|Sector|Transportation2035
Ontario,Emissions|CO2|Combustion|Sector|Transportation,Emissions,emissions_total_cumul_net,Transport,,,CO2,Combustion,2040,,OntarioEmissions|CO2|Combustion|Sector|Transportation2040
Ontario,Emissions|CO2|Combustion|Sector|Transportation,Emissions,emissions_total_cumul_net,Transport,,,CO2,Combustion,2045,,OntarioEmissions|CO2|Combustion|Sector|Transportation2045
Ontario,Emissions|CO2|Combustion|Sector|Transportation,Emissions,emissions_total_cumul_net,Transport,,,CO2,Combustion,2050,,OntarioEmissions|CO2|Combustion|Sector|Transportation2050
Ontario,Emissions|CO2|Industrial Process,Emissions,emissions_total_cumul_net,Economy,,,CO2,Process,2015,,OntarioEmissions|CO2|Industrial Process2015
Ontario,Emissions|CO2|Industrial Process,Emissions,emissions_total_cumul_net,Economy,,,CO2,Process,2020,,OntarioEmissions|CO2|Industrial Process2020
Ontario,Emissions|CO2|Industrial Process,Emissions,emissions_total_cumul_net,Economy,,,CO2,Process,2025,,OntarioEmissions|CO2|Industrial Process2025
Ontario,Emissions|CO2|Industrial Process,Emissions,emissions_total_cumul_net,Economy,,,CO2,Process,2030,,OntarioEmissions|CO2|Industrial Process2030
Ontario,Emissions|CO2|Industrial Process,Emissions,emissions_total_cumul_net,Economy,,,CO2,Process,2035,,OntarioEmissions|CO2|Industrial Process2035
Ontario,Emissions|CO2|Industrial Process,Emissions,emissions_total_cumul_net,Economy,,,CO2,Process,2040,,OntarioEmissions|CO2|Industrial Process2040
Ontario,Emissions|CO2|Industrial Process,Emissions,emissions_total_cumul_net,Economy,,,CO2,Process,2045,,OntarioEmissions|CO2|Industrial Process2045
Ontario,Emissions|CO2|Industrial Process,Emissions,emissions_total_cumul_net,Economy,,,CO2,Process,2050,,OntarioEmissions|CO2|Industrial Process2050
Ontario,Emissions|GHG Total,Emissions,emissions_total_cumul_net,Economy,,,GHG,ALL,2015,,OntarioEmissions|GHG Total2015
Ontario,Emissions|GHG Total,Emissions,emissions_total_cumul_net,Economy,,,GHG,ALL,2020,,OntarioEmissions|GHG Total2020
Ontario,Emissions|GHG Total,Emissions,emissions_total_cumul_net,Economy,,,GHG,ALL,2025,,OntarioEmissions|GHG Total2025
Ontario,Emissions|GHG Total,Emissions,emissions_total_cumul_net,Economy,,,GHG,ALL,2030,,OntarioEmissions|GHG Total2030
Ontario,Emissions|GHG Total,Emissions,emissions_total_cumul_net,Economy,,,GHG,ALL,2035,,OntarioEmissions|GHG Total2035
Ontario,Emissions|GHG Total,Emissions,emissions_total_cumul_net,Economy,,,GHG,ALL,2040,,OntarioEmissions|GHG Total2040
Ontario,Emissions|GHG Total,Emissions,emissions_total_cumul_net,Economy,,,GHG,ALL,2045,,OntarioEmissions|GHG Total2045
Ontario,Emissions|GHG Total,Emissions,emissions_total_cumul_net,Economy,,,GHG,ALL,2050,,OntarioEmissions|GHG Total2050
Ontario,Emissions|GHG Total|Combustion,Emissions,emissions_total_cumul_net,Economy,,,GHG,Combustion,2015,,OntarioEmissions|GHG Total|Combustion2015
Ontario,Emissions|GHG Total|Combustion,Emissions,emissions_total_cumul_net,Economy,,,GHG,Combustion,2020,,OntarioEmissions|GHG Total|Combustion2020
Ontario,Emissions|GHG Total|Combustion,Emissions,emissions_total_cumul_net,Economy,,,GHG,Combustion,2025,,OntarioEmissions|GHG Total|Combustion2025
Ontario,Emissions|GHG Total|Combustion,Emissions,emissions_total_cumul_net,Economy,,,GHG,Combustion,2030,,OntarioEmissions|GHG Total|Combustion2030
Ontario,Emissions|GHG Total|Combustion,Emissions,emissions_total_cumul_net,Economy,,,GHG,Combustion,2035,,OntarioEmissions|GHG Total|Combustion2035
Ontario,Emissions|GHG Total|Combustion,Emissions,emissions_total_cumul_net,Economy,,,GHG,Combustion,2040,,OntarioEmissions|GHG Total|Combustion2040
Ontario,Emissions|GHG Total|Combustion,Emissions,emissions_total_cumul_net,Economy,,,GHG,Combustion,2045,,OntarioEmissions|GHG Total|Combustion2045
Ontario,Emissions|GHG Total|Combustion,Emissions,emissions_total_cumul_net,Economy,,,GHG,Combustion,2050,,OntarioEmissions|GHG Total|Combustion2050
Ontario,Emissions|GHG Total|Combustion|Energy|Coal,Emissions,emissions_total_cumul_net,Economy,Coal,,GHG,Combustion,2015,,OntarioEmissions|GHG Total|Combustion|Energy|Coal2015
Ontario,Emissions|GHG Total|Combustion|Energy|Coal,Emissions,emissions_total_cumul_net,Economy,Coal,,GHG,Combustion,2020,,OntarioEmissions|GHG Total|Combustion|Energy|Coal2020
Ontario,Emissions|GHG Total|Combustion|Energy|Coal,Emissions,emissions_total_cumul_net,Economy,Coal,,GHG,Combustion,2025,,OntarioEmissions|GHG Total|Combustion|Energy|Coal2025
Ontario,Emissions|GHG Total|Combustion|Energy|Coal,Emissions,emissions_total_cumul_net,Economy,Coal,,GHG,Combustion,2030,,OntarioEmissions|GHG Total|Combustion|Energy|Coal2030
Ontario,Emissions|GHG Total|Combustion|Energy|Coal,Emissions,emissions_total_cumul_net,Economy,Coal,,GHG,Combustion,2035,,OntarioEmissions|GHG Total|Combustion|Energy|Coal2035
Ontario,Emissions|GHG Total|Combustion|Energy|Coal,Emissions,emissions_total_cumul_net,Economy,Coal,,GHG,Combustion,2040,,OntarioEmissions|GHG Total|Combustion|Energy|Coal2040
Ontario,Emissions|GHG Total|Combustion|Energy|Coal,Emissions,emissions_total_cumul_net,Economy,Coal,,GHG,Combustion,2045,,OntarioEmissions|GHG Total|Combustion|Energy|Coal2045
Ontario,Emissions|GHG Total|Combustion|Energy|Coal,Emissions,emissions_total_cumul_net,Economy,Coal,,GHG,Combustion,2050,,OntarioEmissions|GHG Total|Combustion|Energy|Coal2050
Ontario,Emissions|GHG Total|Combustion|Energy|Gas,Emissions,emissions_total_cumul_net,Economy,Gas,,GHG,Combustion,2015,,OntarioEmissions|GHG Total|Combustion|Energy|Gas2015
Ontario,Emissions|GHG Total|Combustion|Energy|Gas,Emissions,emissions_total_cumul_net,Economy,Gas,,GHG,Combustion,2020,,OntarioEmissions|GHG Total|Combustion|Energy|Gas2020
Ontario,Emissions|GHG Total|Combustion|Energy|Gas,Emissions,emissions_total_cumul_net,Economy,Gas,,GHG,Combustion,2025,,OntarioEmissions|GHG Total|Combustion|Energy|Gas2025
Ontario,Emissions|GHG Total|Combustion|Energy|Gas,Emissions,emissions_total_cumul_net,Economy,Gas,,GHG,Combustion,2030,,OntarioEmissions|GHG Total|Combustion|Energy|Gas2030
Ontario,Emissions|GHG Total|Combustion|Energy|Gas,Emissions,emissions_total_cumul_net,Economy,Gas,,GHG,Combustion,2035,,OntarioEmissions|GHG Total|Combustion|Energy|Gas2035
Ontario,Emissions|GHG Total|Combustion|Energy|Gas,Emissions,emissions_total_cumul_net,Economy,Gas,,GHG,Combustion,2040,,OntarioEmissions|GHG Total|Combustion|Energy|Gas2040
Ontario,Emissions|GHG Total|Combustion|Energy|Gas,Emissions,emissions_total_cumul_net,Economy,Gas,,GHG,Combustion,2045,,OntarioEmissions|GHG Total|Combustion|Energy|Gas2045
Ontario,Emissions|GHG Total|Combustion|Energy|Gas,Emissions,emissions_total_cumul_net,Economy,Gas,,GHG,Combustion,2050,,OntarioEmissions|GHG Total|Combustion|Energy|Gas2050
Ontario,Emissions|GHG Total|Combustion|Energy|Oil,Emissions,emissions_total_cumul_net,Economy,Oil,,GHG,Combustion,2015,,OntarioEmissions|GHG Total|Combustion|Energy|Oil2015
Ontario,Emissions|GHG Total|Combustion|Energy|Oil,Emissions,emissions_total_cumul_net,Economy,Oil,,GHG,Combustion,2020,,OntarioEmissions|GHG Total|Combustion|Energy|Oil2020
Ontario,Emissions|GHG Total|Combustion|Energy|Oil,Emissions,emissions_total_cumul_net,Economy,Oil,,GHG,Combustion,2025,,OntarioEmissions|GHG Total|Combustion|Energy|Oil2025
Ontario,Emissions|GHG Total|Combustion|Energy|Oil,Emissions,emissions_total_cumul_net,Economy,Oil,,GHG,Combustion,2030,,OntarioEmissions|GHG Total|Combustion|Energy|Oil2030
Ontario,Emissions|GHG Total|Combustion|Energy|Oil,Emissions,emissions_total_cumul_net,Economy,Oil,,GHG,Combustion,2035,,OntarioEmissions|GHG Total|Combustion|Energy|Oil2035
Ontario,Emissions|GHG Total|Combustion|Energy|Oil,Emissions,emissions_total_cumul_net,Economy,Oil,,GHG,Combustion,2040,,OntarioEmissions|GHG Total|Combustion|Energy|Oil2040
Ontario,Emissions|GHG Total|Combustion|Energy|Oil,Emissions,emissions_total_cumul_net,Economy,Oil,,GHG,Combustion,2045,,OntarioEmissions|GHG Total|Combustion|Energy|Oil2045
Ontario,Emissions|GHG Total|Combustion|Energy|Oil,Emissions,emissions_total_cumul_net,Economy,Oil,,GHG,Combustion,2050,,OntarioEmissions|GHG Total|Combustion|Energy|Oil2050
Ontario,Emissions|GHG Total|Combustion|Sector|Biomass Liquids,Emissions,emissions_total_cumul_net,Biofuels,,,GHG,Combustion,2015,,OntarioEmissions|GHG Total|Combustion|Sector|Biomass Liquids2015
Ontario,Emissions|GHG Total|Combustion|Sector|Biomass Liquids,Emissions,emissions_total_cumul_net,Biofuels,,,GHG,Combustion,2020,,OntarioEmissions|GHG Total|Combustion|Sector|Biomass Liquids2020
Ontario,Emissions|GHG Total|Combustion|Sector|Biomass Liquids,Emissions,emissions_total_cumul_net,Biofuels,,,GHG,Combustion,2025,,OntarioEmissions|GHG Total|Combustion|Sector|Biomass Liquids2025
Ontario,Emissions|GHG Total|Combustion|Sector|Biomass Liquids,Emissions,emissions_total_cumul_net,Biofuels,,,GHG,Combustion,2030,,OntarioEmissions|GHG Total|Combustion|Sector|Biomass Liquids2030
Ontario,Emissions|GHG Total|Combustion|Sector|Biomass Liquids,Emissions,emissions_total_cumul_net,Biofuels,,,GHG,Combustion,2035,,OntarioEmissions|GHG Total|Combustion|Sector|Biomass Liquids2035
Ontario,Emissions|GHG Total|Combustion|Sector|Biomass Liquids,Emissions,emissions_total_cumul_net,Biofuels,,,GHG,Combustion,2040,,OntarioEmissions|GHG Total|Combustion|Sector|Biomass Liquids2040
Ontario,Emissions|GHG Total|Combustion|Sector|Biomass Liquids,Emissions,emissions_total_cumul_net,Biofuels,,,GHG,Combustion,2045,,OntarioEmissions|GHG Total|Combustion|Sector|Biomass Liquids2045
Ontario,Emissions|GHG Total|Combustion|Sector|Biomass Liquids,Emissions,emissions_total_cumul_net,Biofuels,,,GHG,Combustion,2050,,OntarioEmissions|GHG Total|Combustion|Sector|Biomass Liquids2050
Ontario,Emissions|GHG Total|Combustion|Sector|Buildings,Emissions,emissions_total_cumul_net,Buildings,,,GHG,Combustion,2015,,OntarioEmissions|GHG Total|Combustion|Sector|Buildings2015
Ontario,Emissions|GHG Total|Combustion|Sector|Buildings,Emissions,emissions_total_cumul_net,Buildings,,,GHG,Combustion,2020,,OntarioEmissions|GHG Total|Combustion|Sector|Buildings2020
Ontario,Emissions|GHG Total|Combustion|Sector|Buildings,Emissions,emissions_total_cumul_net,Buildings,,,GHG,Combustion,2025,,OntarioEmissions|GHG Total|Combustion|Sector|Buildings2025
Ontario,Emissions|GHG Total|Combustion|Sector|Buildings,Emissions,emissions_total_cumul_net,Buildings,,,GHG,Combustion,2030,,OntarioEmissions|GHG Total|Combustion|Sector|Buildings2030
Ontario,Emissions|GHG Total|Combustion|Sector|Buildings,Emissions,emissions_total_cumul_net,Buildings,,,GHG,Combustion,2035,,OntarioEmissions|GHG Total|Combustion|Sector|Buildings2035
Ontario,Emissions|GHG Total|Combustion|Sector|Buildings,Emissions,emissions_total_cumul_net,Buildings,,,GHG,Combustion,2040,,OntarioEmissions|GHG Total|Combustion|Sector|Buildings2040
Ontario,Emissions|GHG Total|Combustion|Sector|Buildings,Emissions,emissions_total_cumul_net,Buildings,,,GHG,Combustion,2045,,OntarioEmissions|GHG Total|Combustion|Sector|Buildings2045
Ontario,Emissions|GHG Total|Combustion|Sector|Buildings,Emissions,emissions_total_cumul_net,Buildings,,,GHG,Combustion,2050,,OntarioEmissions|GHG Total|Combustion|Sector|Buildings2050
Ontario,Emissions|GHG Total|Combustion|Sector|Electricity,Emissions,emissions_total_cumul_net,Electricity,,,GHG,Combustion,2015,,OntarioEmissions|GHG Total|Combustion|Sector|Electricity2015
Ontario,Emissions|GHG Total|Combustion|Sector|Electricity,Emissions,emissions_total_cumul_net,Electricity,,,GHG,Combustion,2020,,OntarioEmissions|GHG Total|Combustion|Sector|Electricity2020
Ontario,Emissions|GHG Total|Combustion|Sector|Electricity,Emissions,emissions_total_cumul_net,Electricity,,,GHG,Combustion,2025,,OntarioEmissions|GHG Total|Combustion|Sector|Electricity2025
Ontario,Emissions|GHG Total|Combustion|Sector|Electricity,Emissions,emissions_total_cumul_net,Electricity,,,GHG,Combustion,2030,,OntarioEmissions|GHG Total|Combustion|Sector|Electricity2030
Ontario,Emissions|GHG Total|Combustion|Sector|Electricity,Emissions,emissions_total_cumul_net,Electricity,,,GHG,Combustion,2035,,OntarioEmissions|GHG Total|Combustion|Sector|Electricity2035
Ontario,Emissions|GHG Total|Combustion|Sector|Electricity,Emissions,emissions_total_cumul_net,Electricity,,,GHG,Combustion,2040,,OntarioEmissions|GHG Total|Combustion|Sector|Electricity2040
Ontario,Emissions|GHG Total|Combustion|Sector|Electricity,Emissions,emissions_total_cumul_net,Electricity,,,GHG,Combustion,2045,,OntarioEmissions|GHG Total|Combustion|Sector|Electricity2045
Ontario,Emissions|GHG Total|Combustion|Sector|Electricity,Emissions,emissions_total_cumul_net,Electricity,,,GHG,Combustion,2050,,OntarioEmissions|GHG Total|Combustion|Sector|Electricity2050
Ontario,Emissions|GHG Total|Combustion|Sector|Hydrogen,Emissions,emissions_total_cumul_net,Hydrogen,,,GHG,Combustion,2015,,OntarioEmissions|GHG Total|Combustion|Sector|Hydrogen2015
Ontario,Emissions|GHG Total|Combustion|Sector|Hydrogen,Emissions,emissions_total_cumul_net,Hydrogen,,,GHG,Combustion,2020,,OntarioEmissions|GHG Total|Combustion|Sector|Hydrogen2020
Ontario,Emissions|GHG Total|Combustion|Sector|Hydrogen,Emissions,emissions_total_cumul_net,Hydrogen,,,GHG,Combustion,2025,,OntarioEmissions|GHG Total|Combustion|Sector|Hydrogen2025
Ontario,Emissions|GHG Total|Combustion|Sector|Hydrogen,Emissions,emissions_total_cumul_net,Hydrogen,,,GHG,Combustion,2030,,OntarioEmissions|GHG Total|Combustion|Sector|Hydrogen2030
Ontario,Emissions|GHG Total|Combustion|Sector|Hydrogen,Emissions,emissions_total_cumul_net,Hydrogen,,,GHG,Combustion,2035,,OntarioEmissions|GHG Total|Combustion|Sector|Hydrogen2035
Ontario,Emissions|GHG Total|Combustion|Sector|Hydrogen,Emissions,emissions_total_cumul_net,Hydrogen,,,GHG,Combustion,2040,,OntarioEmissions|GHG Total|Combustion|Sector|Hydrogen2040
Ontario,Emissions|GHG Total|Combustion|Sector|Hydrogen,Emissions,emissions_total_cumul_net,Hydrogen,,,GHG,Combustion,2045,,OntarioEmissions|GHG Total|Combustion|Sector|Hydrogen2045
Ontario,Emissions|GHG Total|Combustion|Sector|Hydrogen,Emissions,emissions_total_cumul_net,Hydrogen,,,GHG,Combustion,2050,,OntarioEmissions|GHG Total|Combustion|Sector|Hydrogen2050
Ontario,Emissions|GHG Total|Combustion|Sector|Industry,Emissions,emissions_total_cumul_net,Industry,,,GHG,Combustion,2015,,OntarioEmissions|GHG Total|Combustion|Sector|Industry2015
Ontario,Emissions|GHG Total|Combustion|Sector|Industry,Emissions,emissions_total_cumul_net,Industry,,,GHG,Combustion,2020,,OntarioEmissions|GHG Total|Combustion|Sector|Industry2020
Ontario,Emissions|GHG Total|Combustion|Sector|Industry,Emissions,emissions_total_cumul_net,Industry,,,GHG,Combustion,2025,,OntarioEmissions|GHG Total|Combustion|Sector|Industry2025
Ontario,Emissions|GHG Total|Combustion|Sector|Industry,Emissions,emissions_total_cumul_net,Industry,,,GHG,Combustion,2030,,OntarioEmissions|GHG Total|Combustion|Sector|Industry2030
Ontario,Emissions|GHG Total|Combustion|Sector|Industry,Emissions,emissions_total_cumul_net,Industry,,,GHG,Combustion,2035,,OntarioEmissions|GHG Total|Combustion|Sector|Industry2035
Ontario,Emissions|GHG Total|Combustion|Sector|Industry,Emissions,emissions_total_cumul_net,Industry,,,GHG,Combustion,2040,,OntarioEmissions|GHG Total|Combustion|Sector|Industry2040
Ontario,Emissions|GHG Total|Combustion|Sector|Industry,Emissions,emissions_total_cumul_net,Industry,,,GHG,Combustion,2045,,OntarioEmissions|GHG Total|Combustion|Sector|Industry2045
Ontario,Emissions|GHG Total|Combustion|Sector|Industry,Emissions,emissions_total_cumul_net,Industry,,,GHG,Combustion,2050,,OntarioEmissions|GHG Total|Combustion|Sector|Industry2050
Ontario,Emissions|GHG Total|Combustion|Sector|Industry|Non Mfg|Petroleum Refining,Emissions,emissions_total_cumul_net,Petroleum Refining,,,GHG,Combustion,2015,,OntarioEmissions|GHG Total|Combustion|Sector|Industry|Non Mfg|Petroleum Refining2015
Ontario,Emissions|GHG Total|Combustion|Sector|Industry|Non Mfg|Petroleum Refining,Emissions,emissions_total_cumul_net,Petroleum Refining,,,GHG,Combustion,2020,,OntarioEmissions|GHG Total|Combustion|Sector|Industry|Non Mfg|Petroleum Refining2020
Ontario,Emissions|GHG Total|Combustion|Sector|Industry|Non Mfg|Petroleum Refining,Emissions,emissions_total_cumul_net,Petroleum Refining,,,GHG,Combustion,2025,,OntarioEmissions|GHG Total|Combustion|Sector|Industry|Non Mfg|Petroleum Refining2025
Ontario,Emissions|GHG Total|Combustion|Sector|Industry|Non Mfg|Petroleum Refining,Emissions,emissions_total_cumul_net,Petroleum Refining,,,GHG,Combustion,2030,,OntarioEmissions|GHG Total|Combustion|Sector|Industry|Non Mfg|Petroleum Refining2030
Ontario,Emissions|GHG Total|Combustion|Sector|Industry|Non Mfg|Petroleum Refining,Emissions,emissions_total_cumul_net,Petroleum Refining,,,GHG,Combustion,2035,,OntarioEmissions|GHG Total|Combustion|Sector|Industry|Non Mfg|Petroleum Refining2035
Ontario,Emissions|GHG Total|Combustion|Sector|Industry|Non Mfg|Petroleum Refining,Emissions,emissions_total_cumul_net,Petroleum Refining,,,GHG,Combustion,2040,,OntarioEmissions|GHG Total|Combustion|Sector|Industry|Non Mfg|Petroleum Refining2040
Ontario,Emissions|GHG Total|Combustion|Sector|Industry|Non Mfg|Petroleum Refining,Emissions,emissions_total_cumul_net,Petroleum Refining,,,GHG,Combustion,2045,,OntarioEmissions|GHG Total|Combustion|Sector|Industry|Non Mfg|Petroleum Refining2045
Ontario,Emissions|GHG Total|Combustion|Sector|Industry|Non Mfg|Petroleum Refining,Emissions,emissions_total_cumul_net,Petroleum Refining,,,GHG,Combustion,2050,,OntarioEmissions|GHG Total|Combustion|Sector|Industry|Non Mfg|Petroleum Refining2050
Ontario,Emissions|GHG Total|Combustion|Sector|Transportation,Emissions,emissions_total_cumul_net,Transport,,,GHG,Combustion,2015,,OntarioEmissions|GHG Total|Combustion|Sector|Transportation2015
Ontario,Emissions|GHG Total|Combustion|Sector|Transportation,Emissions,emissions_total_cumul_net,Transport,,,GHG,Combustion,2020,,OntarioEmissions|GHG Total|Combustion|Sector|Transportation2020
Ontario,Emissions|GHG Total|Combustion|Sector|Transportation,Emissions,emissions_total_cumul_net,Transport,,,GHG,Combustion,2025,,OntarioEmissions|GHG Total|Combustion|Sector|Transportation2025
Ontario,Emissions|GHG Total|Combustion|Sector|Transportation,Emissions,emissions_total_cumul_net,Transport,,,GHG,Combustion,2030,,OntarioEmissions|GHG Total|Combustion|Sector|Transportation2030
Ontario,Emissions|GHG Total|Combustion|Sector|Transportation,Emissions,emissions_total_cumul_net,Transport,,,GHG,Combustion,2035,,OntarioEmissions|GHG Total|Combustion|Sector|Transportation2035
Ontario,Emissions|GHG Total|Combustion|Sector|Transportation,Emissions,emissions_total_cumul_net,Transport,,,GHG,Combustion,2040,,OntarioEmissions|GHG Total|Combustion|Sector|Transportation2040
Ontario,Emissions|GHG Total|Combustion|Sector|Transportation,Emissions,emissions_total_cumul_net,Transport,,,GHG,Combustion,2045,,OntarioEmissions|GHG Total|Combustion|Sector|Transportation2045
Ontario,Emissions|GHG Total|Combustion|Sector|Transportation,Emissions,emissions_total_cumul_net,Transport,,,GHG,Combustion,2050,,OntarioEmissions|GHG Total|Combustion|Sector|Transportation2050
Ontario,Emissions|GHG Total|Fugitive,Emissions,emissions_total_cumul_net,Economy,,,GHG,Fugitive,2015,,OntarioEmissions|GHG Total|Fugitive2015
Ontario,Emissions|GHG Total|Fugitive,Emissions,emissions_total_cumul_net,Economy,,,GHG,Fugitive,2020,,OntarioEmissions|GHG Total|Fugitive2020
Ontario,Emissions|GHG Total|Fugitive,Emissions,emissions_total_cumul_net,Economy,,,GHG,Fugitive,2025,,OntarioEmissions|GHG Total|Fugitive2025
Ontario,Emissions|GHG Total|Fugitive,Emissions,emissions_total_cumul_net,Economy,,,GHG,Fugitive,2030,,OntarioEmissions|GHG Total|Fugitive2030
Ontario,Emissions|GHG Total|Fugitive,Emissions,emissions_total_cumul_net,Economy,,,GHG,Fugitive,2035,,OntarioEmissions|GHG Total|Fugitive2035
Ontario,Emissions|GHG Total|Fugitive,Emissions,emissions_total_cumul_net,Economy,,,GHG,Fugitive,2040,,OntarioEmissions|GHG Total|Fugitive2040
Ontario,Emissions|GHG Total|Fugitive,Emissions,emissions_total_cumul_net,Economy,,,GHG,Fugitive,2045,,OntarioEmissions|GHG Total|Fugitive2045
Ontario,Emissions|GHG Total|Fugitive,Emissions,emissions_total_cumul_net,Economy,,,GHG,Fugitive,2050,,OntarioEmissions|GHG Total|Fugitive2050
Ontario,Emissions|GHG Total|Fugitive|Buildings,Emissions,emissions_total_cumul_net,Buildings,,,GHG,Fugitive,2015,,OntarioEmissions|GHG Total|Fugitive|Buildings2015
Ontario,Emissions|GHG Total|Fugitive|Buildings,Emissions,emissions_total_cumul_net,Buildings,,,GHG,Fugitive,2020,,OntarioEmissions|GHG Total|Fugitive|Buildings2020
Ontario,Emissions|GHG Total|Fugitive|Buildings,Emissions,emissions_total_cumul_net,Buildings,,,GHG,Fugitive,2025,,OntarioEmissions|GHG Total|Fugitive|Buildings2025
Ontario,Emissions|GHG Total|Fugitive|Buildings,Emissions,emissions_total_cumul_net,Buildings,,,GHG,Fugitive,2030,,OntarioEmissions|GHG Total|Fugitive|Buildings2030
Ontario,Emissions|GHG Total|Fugitive|Buildings,Emissions,emissions_total_cumul_net,Buildings,,,GHG,Fugitive,2035,,OntarioEmissions|GHG Total|Fugitive|Buildings2035
Ontario,Emissions|GHG Total|Fugitive|Buildings,Emissions,emissions_total_cumul_net,Buildings,,,GHG,Fugitive,2040,,OntarioEmissions|GHG Total|Fugitive|Buildings2040
Ontario,Emissions|GHG Total|Fugitive|Buildings,Emissions,emissions_total_cumul_net,Buildings,,,GHG,Fugitive,2045,,OntarioEmissions|GHG Total|Fugitive|Buildings2045
Ontario,Emissions|GHG Total|Fugitive|Buildings,Emissions,emissions_total_cumul_net,Buildings,,,GHG,Fugitive,2050,,OntarioEmissions|GHG Total|Fugitive|Buildings2050
Ontario,Emissions|GHG Total|Fugitive|Industry|Non Mfg|Petroleum Refining,Emissions,emissions_total_cumul_net,Petroleum Refining,,,GHG,Fugitive,2015,,OntarioEmissions|GHG Total|Fugitive|Industry|Non Mfg|Petroleum Refining2015
Ontario,Emissions|GHG Total|Fugitive|Industry|Non Mfg|Petroleum Refining,Emissions,emissions_total_cumul_net,Petroleum Refining,,,GHG,Fugitive,2020,,OntarioEmissions|GHG Total|Fugitive|Industry|Non Mfg|Petroleum Refining2020
Ontario,Emissions|GHG Total|Fugitive|Industry|Non Mfg|Petroleum Refining,Emissions,emissions_total_cumul_net,Petroleum Refining,,,GHG,Fugitive,2025,,OntarioEmissions|GHG Total|Fugitive|Industry|Non Mfg|Petroleum Refining2025
Ontario,Emissions|GHG Total|Fugitive|Industry|Non Mfg|Petroleum Refining,Emissions,emissions_total_cumul_net,Petroleum Refining,,,GHG,Fugitive,2030,,OntarioEmissions|GHG Total|Fugitive|Industry|Non Mfg|Petroleum Refining2030
Ontario,Emissions|GHG Total|Fugitive|Industry|Non Mfg|Petroleum Refining,Emissions,emissions_total_cumul_net,Petroleum Refining,,,GHG,Fugitive,2035,,OntarioEmissions|GHG Total|Fugitive|Industry|Non Mfg|Petroleum Refining2035
Ontario,Emissions|GHG Total|Fugitive|Industry|Non Mfg|Petroleum Refining,Emissions,emissions_total_cumul_net,Petroleum Refining,,,GHG,Fugitive,2040,,OntarioEmissions|GHG Total|Fugitive|Industry|Non Mfg|Petroleum Refining2040
Ontario,Emissions|GHG Total|Fugitive|Industry|Non Mfg|Petroleum Refining,Emissions,emissions_total_cumul_net,Petroleum Refining,,,GHG,Fugitive,2045,,OntarioEmissions|GHG Total|Fugitive|Industry|Non Mfg|Petroleum Refining2045
Ontario,Emissions|GHG Total|Fugitive|Industry|Non Mfg|Petroleum Refining,Emissions,emissions_total_cumul_net,Petroleum Refining,,,GHG,Fugitive,2050,,OntarioEmissions|GHG Total|Fugitive|Industry|Non Mfg|Petroleum Refining2050
Ontario,Emissions|GHG Total|Industrial Process,Emissions,emissions_total_cumul_net,Economy,,,GHG,Process,2015,,OntarioEmissions|GHG Total|Industrial Process2015
Ontario,Emissions|GHG Total|Industrial Process,Emissions,emissions_total_cumul_net,Economy,,,GHG,Process,2020,,OntarioEmissions|GHG Total|Industrial Process2020
Ontario,Emissions|GHG Total|Industrial Process,Emissions,emissions_total_cumul_net,Economy,,,GHG,Process,2025,,OntarioEmissions|GHG Total|Industrial Process2025
Ontario,Emissions|GHG Total|Industrial Process,Emissions,emissions_total_cumul_net,Economy,,,GHG,Process,2030,,OntarioEmissions|GHG Total|Industrial Process2030
Ontario,Emissions|GHG Total|Industrial Process,Emissions,emissions_total_cumul_net,Economy,,,GHG,Process,2035,,OntarioEmissions|GHG Total|Industrial Process2035
Ontario,Emissions|GHG Total|Industrial Process,Emissions,emissions_total_cumul_net,Economy,,,GHG,Process,2040,,OntarioEmissions|GHG Total|Industrial Process2040
Ontario,Emissions|GHG Total|Industrial Process,Emissions,emissions_total_cumul_net,Economy,,,GHG,Process,2045,,OntarioEmissions|GHG Total|Industrial Process2045
Ontario,Emissions|GHG Total|Industrial Process,Emissions,emissions_total_cumul_net,Economy,,,GHG,Process,2050,,OntarioEmissions|GHG Total|Industrial Process2050
Ontario,Price|Carbon,Price,tax,Economy,,,CO2,Combustion,2015,,OntarioPrice|Carbon2015
Ontario,Price|Carbon,Price,tax,Economy,,,CO2,Combustion,2020,,OntarioPrice|Carbon2020
Ontario,Price|Carbon,Price,tax,Economy,,,CO2,Combustion,2025,,OntarioPrice|Carbon2025
Ontario,Price|Carbon,Price,tax,Economy,,,CO2,Combustion,2030,,OntarioPrice|Carbon2030
Ontario,Price|Carbon,Price,tax,Economy,,,CO2,Combustion,2035,,OntarioPrice|Carbon2035
Ontario,Price|Carbon,Price,tax,Economy,,,CO2,Combustion,2040,,OntarioPrice|Carbon2040
Ontario,Price|Carbon,Price,tax,Economy,,,CO2,Combustion,2045,,OntarioPrice|Carbon2045
Ontario,Price|Carbon,Price,tax,Economy,,,CO2,Combustion,2050,,OntarioPrice|Carbon2050
Ontario,Price|Use Final|Biogas,Price,lcc_financial,CIMS,Biogas,,,,2015,,OntarioPrice|Use Final|Biogas2015
Ontario,Price|Use Final|Biogas,Price,lcc_financial,CIMS,Biogas,,,,2020,,OntarioPrice|Use Final|Biogas2020
Ontario,Price|Use Final|Biogas,Price,lcc_financial,CIMS,Biogas,,,,2025,,OntarioPrice|Use Final|Biogas2025
Ontario,Price|Use Final|Biogas,Price,lcc_financial,CIMS,Biogas,,,,2030,,OntarioPrice|Use Final|Biogas2030
Ontario,Price|Use Final|Biogas,Price,lcc_financial,CIMS,Biogas,,,,2035,,OntarioPrice|Use Final|Biogas2035
Ontario,Price|Use Final|Biogas,Price,lcc_financial,CIMS,Biogas,,,,2040,,OntarioPrice|Use Final|Biogas2040
Ontario,Price|Use Final|Biogas,Price,lcc_financial,CIMS,Biogas,,,,2045,,OntarioPrice|Use Final|Biogas2045
Ontario,Price|Use Final|Biogas,Price,lcc_financial,CIMS,Biogas,,,,2050,,OntarioPrice|Use Final|Biogas2050
Ontario,Price|Use Final|Biomass Liquids,Price,lcc_financial,Biodiesel,,,,,2015,,OntarioPrice|Use Final|Biomass Liquids2015
Ontario,Price|Use Final|Biomass Liquids,Price,lcc_financial,Biodiesel,,,,,2020,,OntarioPrice|Use Final|Biomass Liquids2020
Ontario,Price|Use Final|Biomass Liquids,Price,lcc_financial,Biodiesel,,,,,2025,,OntarioPrice|Use Final|Biomass Liquids2025
Ontario,Price|Use Final|Biomass Liquids,Price,lcc_financial,Biodiesel,,,,,2030,,OntarioPrice|Use Final|Biomass Liquids2030
Ontario,Price|Use Final|Biomass Liquids,Price,lcc_financial,Biodiesel,,,,,2035,,OntarioPrice|Use Final|Biomass Liquids2035
Ontario,Price|Use Final|Biomass Liquids,Price,lcc_financial,Biodiesel,,,,,2040,,OntarioPrice|Use Final|Biomass Liquids2040
Ontario,Price|Use Final|Biomass Liquids,Price,lcc_financial,Biodiesel,,,,,2045,,OntarioPrice|Use Final|Biomass Liquids2045
Ontario,Price|Use Final|Biomass Liquids,Price,lcc_financial,Biodiesel,,,,,2050,,OntarioPrice|Use Final|Biomass Liquids2050
Ontario,Price|Use Final|Biomass Solids,Price,lcc_financial,CIMS,Solid Biomass,,,,2015,,OntarioPrice|Use Final|Biomass Solids2015
Ontario,Price|Use Final|Biomass Solids,Price,lcc_financial,CIMS,Solid Biomass,,,,2020,,OntarioPrice|Use Final|Biomass Solids2020
Ontario,Price|Use Final|Biomass Solids,Price,lcc_financial,CIMS,Solid Biomass,,,,2025,,OntarioPrice|Use Final|Biomass Solids2025
Ontario,Price|Use Final|Biomass Solids,Price,lcc_financial,CIMS,Solid Biomass,,,,2030,,OntarioPrice|Use Final|Biomass Solids2030
Ontario,Price|Use Final|Biomass Solids,Price,lcc_financial,CIMS,Solid Biomass,,,,2035,,OntarioPrice|Use Final|Biomass Solids2035
Ontario,Price|Use Final|Biomass Solids,Price,lcc_financial,CIMS,Solid Biomass,,,,2040,,OntarioPrice|Use Final|Biomass Solids2040
Ontario,Price|Use Final|Biomass Solids,Price,lcc_financial,CIMS,Solid Biomass,,,,2045,,OntarioPrice|Use Final|Biomass Solids2045
Ontario,Price|Use Final|Biomass Solids,Price,lcc_financial,CIMS,Solid Biomass,,,,2050,,OntarioPrice|Use Final|Biomass Solids2050
Ontario,Price|Use Final|Electricity,Price,lcc_financial,Electricity,,,,,2015,,OntarioPrice|Use Final|Electricity2015
Ontario,Price|Use Final|Electricity,Price,lcc_financial,Electricity,,,,,2020,,OntarioPrice|Use Final|Electricity2020
Ontario,Price|Use Final|Electricity,Price,lcc_financial,Electricity,,,,,2025,,OntarioPrice|Use Final|Electricity2025
Ontario,Price|Use Final|Electricity,Price,lcc_financial,Electricity,,,,,2030,,OntarioPrice|Use Final|Electricity2030
Ontario,Price|Use Final|Electricity,Price,lcc_financial,Electricity,,,,,2035,,OntarioPrice|Use Final|Electricity2035
Ontario,Price|Use Final|Electricity,Price,lcc_financial,Electricity,,,,,2040,,OntarioPrice|Use Final|Electricity2040
Ontario,Price|Use Final|Electricity,Price,lcc_financial,Electricity,,,,,2045,,OntarioPrice|Use Final|Electricity2045
Ontario,Price|Use Final|Electricity,Price,lcc_financial,Electricity,,,,,2050,,OntarioPrice|Use Final|Electricity2050
Ontario,Price|Use Final|Gas,Price,lcc_financial,CIMS,Natural Gas,,,,2015,,OntarioPrice|Use Final|Gas2015
Ontario,Price|Use Final|Gas,Price,lcc_financial,CIMS,Natural Gas,,,,2020,,OntarioPrice|Use Final|Gas2020
Ontario,Price|Use Final|Gas,Price,lcc_financial,CIMS,Natural Gas,,,,2025,,OntarioPrice|Use Final|Gas2025
Ontario,Price|Use Final|Gas,Price,lcc_financial,CIMS,Natural Gas,,,,2030,,OntarioPrice|Use Final|Gas2030
Ontario,Price|Use Final|Gas,Price,lcc_financial,CIMS,Natural Gas,,,,2035,,OntarioPrice|Use Final|Gas2035
Ontario,Price|Use Final|Gas,Price,lcc_financial,CIMS,Natural Gas,,,,2040,,OntarioPrice|Use Final|Gas2040
Ontario,Price|Use Final|Gas,Price,lcc_financial,CIMS,Natural Gas,,,,2045,,OntarioPrice|Use Final|Gas2045
Ontario,Price|Use Final|Gas,Price,lcc_financial,CIMS,Natural Gas,,,,2050,,OntarioPrice|Use Final|Gas2050
Ontario,Price|Use Final|Hydrogen,Price,lcc_financial,Hydrogen,,,,,2015,,OntarioPrice|Use Final|Hydrogen2015
Ontario,Price|Use Final|Hydrogen,Price,lcc_financial,Hydrogen,,,,,2020,,OntarioPrice|Use Final|Hydrogen2020
Ontario,Price|Use Final|Hydrogen,Price,lcc_financial,Hydrogen,,,,,2025,,OntarioPrice|Use Final|Hydrogen2025
Ontario,Price|Use Final|Hydrogen,Price,lcc_financial,Hydrogen,,,,,2030,,OntarioPrice|Use Final|Hydrogen2030
Ontario,Price|Use Final|Hydrogen,Price,lcc_financial,Hydrogen,,,,,2035,,OntarioPrice|Use Final|Hydrogen2035
Ontario,Price|Use Final|Hydrogen,Price,lcc_financial,Hydrogen,,,,,2040,,OntarioPrice|Use Final|Hydrogen2040
Ontario,Price|Use Final|Hydrogen,Price,lcc_financial,Hydrogen,,,,,2045,,OntarioPrice|Use Final|Hydrogen2045
Ontario,Price|Use Final|Hydrogen,Price,lcc_financial,Hydrogen,,,,,2050,,OntarioPrice|Use Final|Hydrogen2050
Ontario,Price|Use Final|Oil,Price,lcc_financial,CIMS,Diesel,,,,2015,,OntarioPrice|Use Final|Oil2015
Ontario,Price|Use Final|Oil,Price,lcc_financial,CIMS,Diesel,,,,2020,,OntarioPrice|Use Final|Oil2020
Ontario,Price|Use Final|Oil,Price,lcc_financial,CIMS,Diesel,,,,2025,,OntarioPrice|Use Final|Oil2025
Ontario,Price|Use Final|Oil,Price,lcc_financial,CIMS,Diesel,,,,2030,,OntarioPrice|Use Final|Oil2030
Ontario,Price|Use Final|Oil,Price,lcc_financial,CIMS,Diesel,,,,2035,,OntarioPrice|Use Final|Oil2035
Ontario,Price|Use Final|Oil,Price,lcc_financial,CIMS,Diesel,,,,2040,,OntarioPrice|Use Final|Oil2040
Ontario,Price|Use Final|Oil,Price,lcc_financial,CIMS,Diesel,,,,2045,,OntarioPrice|Use Final|Oil2045
Ontario,Price|Use Final|Oil,Price,lcc_financial,CIMS,Diesel,,,,2050,,OntarioPrice|Use Final|Oil2050
Ontario,Price no ctax|Use Final|Biogas,Price,lcc_financial,CIMS,Biogas,,,,2015,,OntarioPrice no ctax|Use Final|Biogas2015
Ontario,Price no ctax|Use Final|Biogas,Price,lcc_financial,CIMS,Biogas,,,,2020,,OntarioPrice no ctax|Use Final|Biogas2020
Ontario,Price no ctax|Use Final|Biogas,Price,lcc_financial,CIMS,Biogas,,,,2025,,OntarioPrice no ctax|Use Final|Biogas2025
Ontario,Price no ctax|Use Final|Biogas,Price,lcc_financial,CIMS,Biogas,,,,2030,,OntarioPrice no ctax|Use Final|Biogas2030
Ontario,Price no ctax|Use Final|Biogas,Price,lcc_financial,CIMS,Biogas,,,,2035,,OntarioPrice no ctax|Use Final|Biogas2035
Ontario,Price no ctax|Use Final|Biogas,Price,lcc_financial,CIMS,Biogas,,,,2040,,OntarioPrice no ctax|Use Final|Biogas2040
Ontario,Price no ctax|Use Final|Biogas,Price,lcc_financial,CIMS,Biogas,,,,2045,,OntarioPrice no ctax|Use Final|Biogas2045
Ontario,Price no ctax|Use Final|Biogas,Price,lcc_financial,CIMS,Biogas,,,,2050,,OntarioPrice no ctax|Use Final|Biogas2050
Ontario,Price no ctax|Use Final|Biomass Liquids,Price,lcc_financial,Biodiesel,,,,,2015,,OntarioPrice no ctax|Use Final|Biomass Liquids2015
Ontario,Price no ctax|Use Final|Biomass Liquids,Price,lcc_financial,Biodiesel,,,,,2020,,OntarioPrice no ctax|Use Final|Biomass Liquids2020
Ontario,Price no ctax|Use Final|Biomass Liquids,Price,lcc_financial,Biodiesel,,,,,2025,,OntarioPrice no ctax|Use Final|Biomass Liquids2025
Ontario,Price no ctax|Use Final|Biomass Liquids,Price,lcc_financial,Biodiesel,,,,,2030,,OntarioPrice no ctax|Use Final|Biomass Liquids2030
Ontario,Price no ctax|Use Final|Biomass Liquids,Price,lcc_financial,Biodiesel,,,,,2035,,OntarioPrice no ctax|Use Final|Biomass Liquids2035
Ontario,Price no ctax|Use Final|Biomass Liquids,Price,lcc_financial,Biodiesel,,,,,2040,,OntarioPrice no ctax|Use Final|Biomass Liquids2040
Ontario,Price no ctax|Use Final|Biomass Liquids,Price,lcc_financial,Biodiesel,,,,,2045,,OntarioPrice no ctax|Use Final|Biomass Liquids2045
Ontario,Price no ctax|Use Final|Biomass Liquids,Price,lcc_financial,Biodiesel,,,,,2050,,OntarioPrice no ctax|Use Final|Biomass Liquids2050
Ontario,Price no ctax|Use Final|Biomass Solids,Price,lcc_financial,CIMS,Solid Biomass,,,,2015,,OntarioPrice no ctax|Use Final|Biomass Solids2015
Ontario,Price no ctax|Use Final|Biomass Solids,Price,lcc_financial,CIMS,Solid Biomass,,,,2020,,OntarioPrice no ctax|Use Final|Biomass Solids2020
Ontario,Price no ctax|Use Final|Biomass Solids,Price,lcc_financial,CIMS,Solid Biomass,,,,2025,,OntarioPrice no ctax|Use Final|Biomass Solids2025
Ontario,Price no ctax|Use Final|Biomass Solids,Price,lcc_financial,CIMS,Solid Biomass,,,,2030,,OntarioPrice no ctax|Use Final|Biomass Solids2030
Ontario,Price no ctax|Use Final|Biomass Solids,Price,lcc_financial,CIMS,Solid Biomass,,,,2035,,OntarioPrice no ctax|Use Final|Biomass Solids2035
Ontario,Price no ctax|Use Final|Biomass Solids,Price,lcc_financial,CIMS,Solid Biomass,,,,2040,,OntarioPrice no ctax|Use Final|Biomass Solids2040
Ontario,Price no ctax|Use Final|Biomass Solids,Price,lcc_financial,CIMS,Solid Biomass,,,,2045,,OntarioPrice no ctax|Use Final|Biomass Solids2045
Ontario,Price no ctax|Use Final|Biomass Solids,Price,lcc_financial,CIMS,Solid Biomass,,,,2050,,OntarioPrice no ctax|Use Final|Biomass Solids2050
Ontario,Price no ctax|Use Final|Electricity,Price,lcc_financial,Electricity,,,,,2015,,OntarioPrice no ctax|Use Final|Electricity2015
Ontario,Price no ctax|Use Final|Electricity,Price,lcc_financial,Electricity,,,,,2020,,OntarioPrice no ctax|Use Final|Electricity2020
Ontario,Price no ctax|Use Final|Electricity,Price,lcc_financial,Electricity,,,,,2025,,OntarioPrice no ctax|Use Final|Electricity2025
Ontario,Price no ctax|Use Final|Electricity,Price,lcc_financial,Electricity,,,,,2030,,OntarioPrice no ctax|Use Final|Electricity2030
Ontario,Price no ctax|Use Final|Electricity,Price,lcc_financial,Electricity,,,,,2035,,OntarioPrice no ctax|Use Final|Electricity2035
Ontario,Price no ctax|Use Final|Electricity,Price,lcc_financial,Electricity,,,,,2040,,OntarioPrice no ctax|Use Final|Electricity2040
Ontario,Price no ctax|Use Final|Electricity,Price,lcc_financial,Electricity,,,,,2045,,OntarioPrice no ctax|Use Final|Electricity2045
Ontario,Price no ctax|Use Final|Electricity,Price,lcc_financial,Electricity,,,,,2050,,OntarioPrice no ctax|Use Final|Electricity2050
Ontario,Price no ctax|Use Final|Gas,Price,lcc_financial,CIMS,Natural Gas,,,,2015,,OntarioPrice no ctax|Use Final|Gas2015
Ontario,Price no ctax|Use Final|Gas,Price,lcc_financial,CIMS,Natural Gas,,,,2020,,OntarioPrice no ctax|Use Final|Gas2020
Ontario,Price no ctax|Use Final|Gas,Price,lcc_financial,CIMS,Natural Gas,,,,2025,,OntarioPrice no ctax|Use Final|Gas2025
Ontario,Price no ctax|Use Final|Gas,Price,lcc_financial,CIMS,Natural Gas,,,,2030,,OntarioPrice no ctax|Use Final|Gas2030
Ontario,Price no ctax|Use Final|Gas,Price,lcc_financial,CIMS,Natural Gas,,,,2035,,OntarioPrice no ctax|Use Final|Gas2035
Ontario,Price no ctax|Use Final|Gas,Price,lcc_financial,CIMS,Natural Gas,,,,2040,,OntarioPrice no ctax|Use Final|Gas2040
Ontario,Price no ctax|Use Final|Gas,Price,lcc_financial,CIMS,Natural Gas,,,,2045,,OntarioPrice no ctax|Use Final|Gas2045
Ontario,Price no ctax|Use Final|Gas,Price,lcc_financial,CIMS,Natural Gas,,,,2050,,OntarioPrice no ctax|Use Final|Gas2050
Ontario,Price no ctax|Use Final|Hydrogen,Price,lcc_financial,Hydrogen,,,,,2015,,OntarioPrice no ctax|Use Final|Hydrogen2015
Ontario,Price no ctax|Use Final|Hydrogen,Price,lcc_financial,Hydrogen,,,,,2020,,OntarioPrice no ctax|Use Final|Hydrogen2020
Ontario,Price no ctax|Use Final|Hydrogen,Price,lcc_financial,Hydrogen,,,,,2025,,OntarioPrice no ctax|Use Final|Hydrogen2025
Ontario,Price no ctax|Use Final|Hydrogen,Price,lcc_financial,Hydrogen,,,,,2030,,OntarioPrice no ctax|Use Final|Hydrogen2030
Ontario,Price no ctax|Use Final|Hydrogen,Price,lcc_financial,Hydrogen,,,,,2035,,OntarioPrice no ctax|Use Final|Hydrogen2035
Ontario,Price no ctax|Use Final|Hydrogen,Price,lcc_financial,Hydrogen,,,,,2040,,OntarioPrice no ctax|Use Final|Hydrogen2040
Ontario,Price no ctax|Use Final|Hydrogen,Price,lcc_financial,Hydrogen,,,,,2045,,OntarioPrice no ctax|Use Final|Hydrogen2045
Ontario,Price no ctax|Use Final|Hydrogen,Price,lcc_financial,Hydrogen,,,,,2050,,OntarioPrice no ctax|Use Final|Hydrogen2050
Ontario,Price no ctax|Use Final|Oil,Price,lcc_financial,CIMS,Diesel,,,,2015,,OntarioPrice no ctax|Use Final|Oil2015
Ontario,Price no ctax|Use Final|Oil,Price,lcc_financial,CIMS,Diesel,,,,2020,,OntarioPrice no ctax|Use Final|Oil2020
Ontario,Price no ctax|Use Final|Oil,Price,lcc_financial,CIMS,Diesel,,,,2025,,OntarioPrice no ctax|Use Final|Oil2025
Ontario,Price no ctax|Use Final|Oil,Price,lcc_financial,CIMS,Diesel,,,,2030,,OntarioPrice no ctax|Use Final|Oil2030
Ontario,Price no ctax|Use Final|Oil,Price,lcc_financial,CIMS,Diesel,,,,2035,,OntarioPrice no ctax|Use Final|Oil2035
Ontario,Price no ctax|Use Final|Oil,Price,lcc_financial,CIMS,Diesel,,,,2040,,OntarioPrice no ctax|Use Final|Oil2040
Ontario,Price no ctax|Use Final|Oil,Price,lcc_financial,CIMS,Diesel,,,,2045,,OntarioPrice no ctax|Use Final|Oil2045
Ontario,Price no ctax|Use Final|Oil,Price,lcc_financial,CIMS,Diesel,,,,2050,,OntarioPrice no ctax|Use Final|Oil2050
Ontario,Price|Use Primary|Biomass,Price,lcc_financial,CIMS,Solid Biomass,,,,2015,,OntarioPrice|Use Primary|Biomass2015
Ontario,Price|Use Primary|Biomass,Price,lcc_financial,CIMS,Solid Biomass,,,,2020,,OntarioPrice|Use Primary|Biomass2020
Ontario,Price|Use Primary|Biomass,Price,lcc_financial,CIMS,Solid Biomass,,,,2025,,OntarioPrice|Use Primary|Biomass2025
Ontario,Price|Use Primary|Biomass,Price,lcc_financial,CIMS,Solid Biomass,,,,2030,,OntarioPrice|Use Primary|Biomass2030
Ontario,Price|Use Primary|Biomass,Price,lcc_financial,CIMS,Solid Biomass,,,,2035,,OntarioPrice|Use Primary|Biomass2035
Ontario,Price|Use Primary|Biomass,Price,lcc_financial,CIMS,Solid Biomass,,,,2040,,OntarioPrice|Use Primary|Biomass2040
Ontario,Price|Use Primary|Biomass,Price,lcc_financial,CIMS,Solid Biomass,,,,2045,,OntarioPrice|Use Primary|Biomass2045
Ontario,Price|Use Primary|Biomass,Price,lcc_financial,CIMS,Solid Biomass,,,,2050,,OntarioPrice|Use Primary|Biomass2050
Ontario,Price|Use Primary|Coal,Price,lcc_financial,CIMS,Thermal Coal,,,,2015,,OntarioPrice|Use Primary|Coal2015
Ontario,Price|Use Primary|Coal,Price,lcc_financial,CIMS,Thermal Coal,,,,2020,,OntarioPrice|Use Primary|Coal2020
Ontario,Price|Use Primary|Coal,Price,lcc_financial,CIMS,Thermal Coal,,,,2025,,OntarioPrice|Use Primary|Coal2025
Ontario,Price|Use Primary|Coal,Price,lcc_financial,CIMS,Thermal Coal,,,,2030,,OntarioPrice|Use Primary|Coal2030
Ontario,Price|Use Primary|Coal,Price,lcc_financial,CIMS,Thermal Coal,,,,2035,,OntarioPrice|Use Primary|Coal2035
Ontario,Price|Use Primary|Coal,Price,lcc_financial,CIMS,Thermal Coal,,,,2040,,OntarioPrice|Use Primary|Coal2040
Ontario,Price|Use Primary|Coal,Price,lcc_financial,CIMS,Thermal Coal,,,,2045,,OntarioPrice|Use Primary|Coal2045
Ontario,Price|Use Primary|Coal,Price,lcc_financial,CIMS,Thermal Coal,,,,2050,,OntarioPrice|Use Primary|Coal2050
Ontario,Price|Use Primary|Gas,Price,lcc_financial,CIMS,Natural Gas,,,,2015,,OntarioPrice|Use Primary|Gas2015
Ontario,Price|Use Primary|Gas,Price,lcc_financial,CIMS,Natural Gas,,,,2020,,OntarioPrice|Use Primary|Gas2020
Ontario,Price|Use Primary|Gas,Price,lcc_financial,CIMS,Natural Gas,,,,2025,,OntarioPrice|Use Primary|Gas2025
Ontario,Price|Use Primary|Gas,Price,lcc_financial,CIMS,Natural Gas,,,,2030,,OntarioPrice|Use Primary|Gas2030
Ontario,Price|Use Primary|Gas,Price,lcc_financial,CIMS,Natural Gas,,,,2035,,OntarioPrice|Use Primary|Gas2035
Ontario,Price|Use Primary|Gas,Price,lcc_financial,CIMS,Natural Gas,,,,2040,,OntarioPrice|Use Primary|Gas2040
Ontario,Price|Use Primary|Gas,Price,lcc_financial,CIMS,Natural Gas,,,,2045,,OntarioPrice|Use Primary|Gas2045
Ontario,Price|Use Primary|Gas,Price,lcc_financial,CIMS,Natural Gas,,,,2050,,OntarioPrice|Use Primary|Gas2050
Ontario,Production Primary|Coal,Production,quantity_provided,Coal Production,,,,,2015,,OntarioProduction Primary|Coal2015
Ontario,Production Primary|Coal,Production,quantity_provided,Coal Production,,,,,2020,,OntarioProduction Primary|Coal2020
Ontario,Production Primary|Coal,Production,quantity_provided,Coal Production,,,,,2025,,OntarioProduction Primary|Coal2025
Ontario,Production Primary|Coal,Production,quantity_provided,Coal Production,,,,,2030,,OntarioProduction Primary|Coal2030
Ontario,Production Primary|Coal,Production,quantity_provided,Coal Production,,,,,2035,,OntarioProduction Primary|Coal2035
Ontario,Production Primary|Coal,Production,quantity_provided,Coal Production,,,,,2040,,OntarioProduction Primary|Coal2040
Ontario,Production Primary|Coal,Production,quantity_provided,Coal Production,,,,,2045,,OntarioProduction Primary|Coal2045
Ontario,Production Primary|Coal,Production,quantity_provided,Coal Production,,,,,2050,,OntarioProduction Primary|Coal2050
Ontario,Production Primary|Gas,Production,quantity_provided,Natural Gas Production,,,,,2015,,OntarioProduction Primary|Gas2015
Ontario,Production Primary|Gas,Production,quantity_provided,Natural Gas Production,,,,,2020,,OntarioProduction Primary|Gas2020
Ontario,Production Primary|Gas,Production,quantity_provided,Natural Gas Production,,,,,2025,,OntarioProduction Primary|Gas2025
Ontario,Production Primary|Gas,Production,quantity_provided,Natural Gas Production,,,,,2030,,OntarioProduction Primary|Gas2030
Ontario,Production Primary|Gas,Production,quantity_provided,Natural Gas Production,,,,,2035,,OntarioProduction Primary|Gas2035
Ontario,Production Primary|Gas,Production,quantity_provided,Natural Gas Production,,,,,2040,,OntarioProduction Primary|Gas2040
Ontario,Production Primary|Gas,Production,quantity_provided,Natural Gas Production,,,,,2045,,OntarioProduction Primary|Gas2045
Ontario,Production Primary|Gas,Production,quantity_provided,Natural Gas Production,,,,,2050,,OntarioProduction Primary|Gas2050
Ontario,Production Primary|Oil,Production,quantity_provided,Crude Oil Production,,,,,2015,,OntarioProduction Primary|Oil2015
Ontario,Production Primary|Oil,Production,quantity_provided,Crude Oil Production,,,,,2020,,OntarioProduction Primary|Oil2020
Ontario,Production Primary|Oil,Production,quantity_provided,Crude Oil Production,,,,,2025,,OntarioProduction Primary|Oil2025
Ontario,Production Primary|Oil,Production,quantity_provided,Crude Oil Production,,,,,2030,,OntarioProduction Primary|Oil2030
Ontario,Production Primary|Oil,Production,quantity_provided,Crude Oil Production,,,,,2035,,OntarioProduction Primary|Oil2035
Ontario,Production Primary|Oil,Production,quantity_provided,Crude Oil Production,,,,,2040,,OntarioProduction Primary|Oil2040
Ontario,Production Primary|Oil,Production,quantity_provided,Crude Oil Production,,,,,2045,,OntarioProduction Primary|Oil2045
Ontario,Production Primary|Oil,Production,quantity_provided,Crude Oil Production,,,,,2050,,OntarioProduction Primary|Oil2050
Ontario,Production Secondary|Biogas,Production,quantity_provided,CIMS,Biogas,,,,2015,,OntarioProduction Secondary|Biogas2015
Ontario,Production Secondary|Biogas,Production,quantity_provided,CIMS,Biogas,,,,2020,,OntarioProduction Secondary|Biogas2020
Ontario,Production Secondary|Biogas,Production,quantity_provided,CIMS,Biogas,,,,2025,,OntarioProduction Secondary|Biogas2025
Ontario,Production Secondary|Biogas,Production,quantity_provided,CIMS,Biogas,,,,2030,,OntarioProduction Secondary|Biogas2030
Ontario,Production Secondary|Biogas,Production,quantity_provided,CIMS,Biogas,,,,2035,,OntarioProduction Secondary|Biogas2035
Ontario,Production Secondary|Biogas,Production,quantity_provided,CIMS,Biogas,,,,2040,,OntarioProduction Secondary|Biogas2040
Ontario,Production Secondary|Biogas,Production,quantity_provided,CIMS,Biogas,,,,2045,,OntarioProduction Secondary|Biogas2045
Ontario,Production Secondary|Biogas,Production,quantity_provided,CIMS,Biogas,,,,2050,,OntarioProduction Secondary|Biogas2050
Ontario,Production Secondary|Biomass Liquids,Production,quantity_provided,Biofuels,,,,,2015,,OntarioProduction Secondary|Biomass Liquids2015
Ontario,Production Secondary|Biomass Liquids,Production,quantity_provided,Biofuels,,,,,2020,,OntarioProduction Secondary|Biomass Liquids2020
Ontario,Production Secondary|Biomass Liquids,Production,quantity_provided,Biofuels,,,,,2025,,OntarioProduction Secondary|Biomass Liquids2025
Ontario,Production Secondary|Biomass Liquids,Production,quantity_provided,Biofuels,,,,,2030,,OntarioProduction Secondary|Biomass Liquids2030
Ontario,Production Secondary|Biomass Liquids,Production,quantity_provided,Biofuels,,,,,2035,,OntarioProduction Secondary|Biomass Liquids2035
Ontario,Production Secondary|Biomass Liquids,Production,quantity_provided,Biofuels,,,,,2040,,OntarioProduction Secondary|Biomass Liquids2040
Ontario,Production Secondary|Biomass Liquids,Production,quantity_provided,Biofuels,,,,,2045,,OntarioProduction Secondary|Biomass Liquids2045
Ontario,Production Secondary|Biomass Liquids,Production,quantity_provided,Biofuels,,,,,2050,,OntarioProduction Secondary|Biomass Liquids2050
Ontario,Production Secondary|Electricity,Production,quantity_requested,Economy,Electricity,,,,2015,,OntarioProduction Secondary|Electricity2015
Ontario,Production Secondary|Electricity,Production,quantity_requested,Economy,Electricity,,,,2020,,OntarioProduction Secondary|Electricity2020
Ontario,Production Secondary|Electricity,Production,quantity_requested,Economy,Electricity,,,,2025,,OntarioProduction Secondary|Electricity2025
Ontario,Production Secondary|Electricity,Production,quantity_requested,Economy,Electricity,,,,2030,,OntarioProduction Secondary|Electricity2030
Ontario,Production Secondary|Electricity,Production,quantity_requested,Economy,Electricity,,,,2035,,OntarioProduction Secondary|Electricity2035
Ontario,Production Secondary|Electricity,Production,quantity_requested,Economy,Electricity,,,,2040,,OntarioProduction Secondary|Electricity2040
Ontario,Production Secondary|Electricity,Production,quantity_requested,Economy,Electricity,,,,2045,,OntarioProduction Secondary|Electricity2045
Ontario,Production Secondary|Electricity,Production,quantity_requested,Economy,Electricity,,,,2050,,OntarioProduction Secondary|Electricity2050
Ontario,Production Secondary|Electricity|DER,Production,quantity_distributed,Economy,Electricity,,,,2015,,OntarioProduction Secondary|Electricity|DER2015
Ontario,Production Secondary|Electricity|DER,Production,quantity_distributed,Economy,Electricity,,,,2020,,OntarioProduction Secondary|Electricity|DER2020
Ontario,Production Secondary|Electricity|DER,Production,quantity_distributed,Economy,Electricity,,,,2025,,OntarioProduction Secondary|Electricity|DER2025
Ontario,Production Secondary|Electricity|DER,Production,quantity_distributed,Economy,Electricity,,,,2030,,OntarioProduction Secondary|Electricity|DER2030
Ontario,Production Secondary|Electricity|DER,Production,quantity_distributed,Economy,Electricity,,,,2035,,OntarioProduction Secondary|Electricity|DER2035
Ontario,Production Secondary|Electricity|DER,Production,quantity_distributed,Economy,Electricity,,,,2040,,OntarioProduction Secondary|Electricity|DER2040
Ontario,Production Secondary|Electricity|DER,Production,quantity_distributed,Economy,Electricity,,,,2045,,OntarioProduction Secondary|Electricity|DER2045
Ontario,Production Secondary|Electricity|DER,Production,quantity_distributed,Economy,Electricity,,,,2050,,OntarioProduction Secondary|Electricity|DER2050
Ontario,Production Secondary|Electricity|DER|CHP,Production,quantity_distributed,Economy,Electricity,,,,2015,,OntarioProduction Secondary|Electricity|DER|CHP2015
Ontario,Production Secondary|Electricity|DER|CHP,Production,quantity_distributed,Economy,Electricity,,,,2020,,OntarioProduction Secondary|Electricity|DER|CHP2020
Ontario,Production Secondary|Electricity|DER|CHP,Production,quantity_distributed,Economy,Electricity,,,,2025,,OntarioProduction Secondary|Electricity|DER|CHP2025
Ontario,Production Secondary|Electricity|DER|CHP,Production,quantity_distributed,Economy,Electricity,,,,2030,,OntarioProduction Secondary|Electricity|DER|CHP2030
Ontario,Production Secondary|Electricity|DER|CHP,Production,quantity_distributed,Economy,Electricity,,,,2035,,OntarioProduction Secondary|Electricity|DER|CHP2035
Ontario,Production Secondary|Electricity|DER|CHP,Production,quantity_distributed,Economy,Electricity,,,,2040,,OntarioProduction Secondary|Electricity|DER|CHP2040
Ontario,Production Secondary|Electricity|DER|CHP,Production,quantity_distributed,Economy,Electricity,,,,2045,,OntarioProduction Secondary|Electricity|DER|CHP2045
Ontario,Production Secondary|Electricity|DER|CHP,Production,quantity_distributed,Economy,Electricity,,,,2050,,OntarioProduction Secondary|Electricity|DER|CHP2050
Ontario,Production Secondary|Electricity|Geothermal,Production,stock_total,Electricity,,Geoexchange,,,2015,,OntarioProduction Secondary|Electricity|Geothermal2015
Ontario,Production Secondary|Electricity|Geothermal,Production,stock_total,Electricity,,Geoexchange,,,2020,,OntarioProduction Secondary|Electricity|Geothermal2020
Ontario,Production Secondary|Electricity|Geothermal,Production,stock_total,Electricity,,Geoexchange,,,2025,,OntarioProduction Secondary|Electricity|Geothermal2025
Ontario,Production Secondary|Electricity|Geothermal,Production,stock_total,Electricity,,Geoexchange,,,2030,,OntarioProduction Secondary|Electricity|Geothermal2030
Ontario,Production Secondary|Electricity|Geothermal,Production,stock_total,Electricity,,Geoexchange,,,2035,,OntarioProduction Secondary|Electricity|Geothermal2035
Ontario,Production Secondary|Electricity|Geothermal,Production,stock_total,Electricity,,Geoexchange,,,2040,,OntarioProduction Secondary|Electricity|Geothermal2040
Ontario,Production Secondary|Electricity|Geothermal,Production,stock_total,Electricity,,Geoexchange,,,2045,,OntarioProduction Secondary|Electricity|Geothermal2045
Ontario,Production Secondary|Electricity|Geothermal,Production,stock_total,Electricity,,Geoexchange,,,2050,,OntarioProduction Secondary|Electricity|Geothermal2050
Ontario,Production Secondary|Electricity|Hydro,Production,stock_total,Electricity,,Hydro,,,2015,,OntarioProduction Secondary|Electricity|Hydro2015
Ontario,Production Secondary|Electricity|Hydro,Production,stock_total,Electricity,,Hydro,,,2020,,OntarioProduction Secondary|Electricity|Hydro2020
Ontario,Production Secondary|Electricity|Hydro,Production,stock_total,Electricity,,Hydro,,,2025,,OntarioProduction Secondary|Electricity|Hydro2025
Ontario,Production Secondary|Electricity|Hydro,Production,stock_total,Electricity,,Hydro,,,2030,,OntarioProduction Secondary|Electricity|Hydro2030
Ontario,Production Secondary|Electricity|Hydro,Production,stock_total,Electricity,,Hydro,,,2035,,OntarioProduction Secondary|Electricity|Hydro2035
Ontario,Production Secondary|Electricity|Hydro,Production,stock_total,Electricity,,Hydro,,,2040,,OntarioProduction Secondary|Electricity|Hydro2040
Ontario,Production Secondary|Electricity|Hydro,Production,stock_total,Electricity,,Hydro,,,2045,,OntarioProduction Secondary|Electricity|Hydro2045
Ontario,Production Secondary|Electricity|Hydro,Production,stock_total,Electricity,,Hydro,,,2050,,OntarioProduction Secondary|Electricity|Hydro2050
Ontario,Production Secondary|Electricity|Nuclear,Production,stock_total,Electricity,,Nuclear,,,2015,,OntarioProduction Secondary|Electricity|Nuclear2015
Ontario,Production Secondary|Electricity|Nuclear,Production,stock_total,Electricity,,Nuclear,,,2020,,OntarioProduction Secondary|Electricity|Nuclear2020
Ontario,Production Secondary|Electricity|Nuclear,Production,stock_total,Electricity,,Nuclear,,,2025,,OntarioProduction Secondary|Electricity|Nuclear2025
Ontario,Production Secondary|Electricity|Nuclear,Production,stock_total,Electricity,,Nuclear,,,2030,,OntarioProduction Secondary|Electricity|Nuclear2030
Ontario,Production Secondary|Electricity|Nuclear,Production,stock_total,Electricity,,Nuclear,,,2035,,OntarioProduction Secondary|Electricity|Nuclear2035
Ontario,Production Secondary|Electricity|Nuclear,Production,stock_total,Electricity,,Nuclear,,,2040,,OntarioProduction Secondary|Electricity|Nuclear2040
Ontario,Production Secondary|Electricity|Nuclear,Production,stock_total,Electricity,,Nuclear,,,2045,,OntarioProduction Secondary|Electricity|Nuclear2045
Ontario,Production Secondary|Electricity|Nuclear,Production,stock_total,Electricity,,Nuclear,,,2050,,OntarioProduction Secondary|Electricity|Nuclear2050
Ontario,Production Secondary|Electricity|Oil,Production,stock_total,Electricity,,Fuel Oil,,,2015,,OntarioProduction Secondary|Electricity|Oil2015
Ontario,Production Secondary|Electricity|Oil,Production,stock_total,Electricity,,Fuel Oil,,,2020,,OntarioProduction Secondary|Electricity|Oil2020
Ontario,Production Secondary|Electricity|Oil,Production,stock_total,Electricity,,Fuel Oil,,,2025,,OntarioProduction Secondary|Electricity|Oil2025
Ontario,Production Secondary|Electricity|Oil,Production,stock_total,Electricity,,Fuel Oil,,,2030,,OntarioProduction Secondary|Electricity|Oil2030
Ontario,Production Secondary|Electricity|Oil,Production,stock_total,Electricity,,Fuel Oil,,,2035,,OntarioProduction Secondary|Electricity|Oil2035
Ontario,Production Secondary|Electricity|Oil,Production,stock_total,Electricity,,Fuel Oil,,,2040,,OntarioProduction Secondary|Electricity|Oil2040
Ontario,Production Secondary|Electricity|Oil,Production,stock_total,Electricity,,Fuel Oil,,,2045,,OntarioProduction Secondary|Electricity|Oil2045
Ontario,Production Secondary|Electricity|Oil,Production,stock_total,Electricity,,Fuel Oil,,,2050,,OntarioProduction Secondary|Electricity|Oil2050
Ontario,Production Secondary|Electricity|Solar,Production,stock_total,Electricity,,Solar,,,2015,,OntarioProduction Secondary|Electricity|Solar2015
Ontario,Production Secondary|Electricity|Solar,Production,stock_total,Electricity,,Solar,,,2020,,OntarioProduction Secondary|Electricity|Solar2020
Ontario,Production Secondary|Electricity|Solar,Production,stock_total,Electricity,,Solar,,,2025,,OntarioProduction Secondary|Electricity|Solar2025
Ontario,Production Secondary|Electricity|Solar,Production,stock_total,Electricity,,Solar,,,2030,,OntarioProduction Secondary|Electricity|Solar2030
Ontario,Production Secondary|Electricity|Solar,Production,stock_total,Electricity,,Solar,,,2035,,OntarioProduction Secondary|Electricity|Solar2035
Ontario,Production Secondary|Electricity|Solar,Production,stock_total,Electricity,,Solar,,,2040,,OntarioProduction Secondary|Electricity|Solar2040
Ontario,Production Secondary|Electricity|Solar,Production,stock_total,Electricity,,Solar,,,2045,,OntarioProduction Secondary|Electricity|Solar2045
Ontario,Production Secondary|Electricity|Solar,Production,stock_total,Electricity,,Solar,,,2050,,OntarioProduction Secondary|Electricity|Solar2050
Ontario,Production Secondary|Electricity|Wind,Production,stock_total,Electricity,,Wind,,,2015,,OntarioProduction Secondary|Electricity|Wind2015
Ontario,Production Secondary|Electricity|Wind,Production,stock_total,Electricity,,Wind,,,2020,,OntarioProduction Secondary|Electricity|Wind2020
Ontario,Production Secondary|Electricity|Wind,Production,stock_total,Electricity,,Wind,,,2025,,OntarioProduction Secondary|Electricity|Wind2025
Ontario,Production Secondary|Electricity|Wind,Production,stock_total,Electricity,,Wind,,,2030,,OntarioProduction Secondary|Electricity|Wind2030
Ontario,Production Secondary|Electricity|Wind,Production,stock_total,Electricity,,Wind,,,2035,,OntarioProduction Secondary|Electricity|Wind2035
Ontario,Production Secondary|Electricity|Wind,Production,stock_total,Electricity,,Wind,,,2040,,OntarioProduction Secondary|Electricity|Wind2040
Ontario,Production Secondary|Electricity|Wind,Production,stock_total,Electricity,,Wind,,,2045,,OntarioProduction Secondary|Electricity|Wind2045
Ontario,Production Secondary|Electricity|Wind,Production,stock_total,Electricity,,Wind,,,2050,,OntarioProduction Secondary|Electricity|Wind2050
Ontario,Production Secondary|Hydrogen,Production,quantity_provided,Hydrogen,,,,,2015,,OntarioProduction Secondary|Hydrogen2015
Ontario,Production Secondary|Hydrogen,Production,quantity_provided,Hydrogen,,,,,2020,,OntarioProduction Secondary|Hydrogen2020
Ontario,Production Secondary|Hydrogen,Production,quantity_provided,Hydrogen,,,,,2025,,OntarioProduction Secondary|Hydrogen2025
Ontario,Production Secondary|Hydrogen,Production,quantity_provided,Hydrogen,,,,,2030,,OntarioProduction Secondary|Hydrogen2030
Ontario,Production Secondary|Hydrogen,Production,quantity_provided,Hydrogen,,,,,2035,,OntarioProduction Secondary|Hydrogen2035
Ontario,Production Secondary|Hydrogen,Production,quantity_provided,Hydrogen,,,,,2040,,OntarioProduction Secondary|Hydrogen2040
Ontario,Production Secondary|Hydrogen,Production,quantity_provided,Hydrogen,,,,,2045,,OntarioProduction Secondary|Hydrogen2045
Ontario,Production Secondary|Hydrogen,Production,quantity_provided,Hydrogen,,,,,2050,,OntarioProduction Secondary|Hydrogen2050
Ontario,Production Secondary|Refined Petroleum Products,Production,quantity_provided,Petroleum Refining,,,,,2015,,OntarioProduction Secondary|Refined Petroleum Products2015
Ontario,Production Secondary|Refined Petroleum Products,Production,quantity_provided,Petroleum Refining,,,,,2020,,OntarioProduction Secondary|Refined Petroleum Products2020
Ontario,Production Secondary|Refined Petroleum Products,Production,quantity_provided,Petroleum Refining,,,,,2025,,OntarioProduction Secondary|Refined Petroleum Products2025
Ontario,Production Secondary|Refined Petroleum Products,Production,quantity_provided,Petroleum Refining,,,,,2030,,OntarioProduction Secondary|Refined Petroleum Products2030
Ontario,Production Secondary|Refined Petroleum Products,Production,quantity_provided,Petroleum Refining,,,,,2035,,OntarioProduction Secondary|Refined Petroleum Products2035
Ontario,Production Secondary|Refined Petroleum Products,Production,quantity_provided,Petroleum Refining,,,,,2040,,OntarioProduction Secondary|Refined Petroleum Products2040
Ontario,Production Secondary|Refined Petroleum Products,Production,quantity_provided,Petroleum Refining,,,,,2045,,OntarioProduction Secondary|Refined Petroleum Products2045
Ontario,Production Secondary|Refined Petroleum Products,Production,quantity_provided,Petroleum Refining,,,,,2050,,OntarioProduction Secondary|Refined Petroleum Products2050
Ontario,Use Final,Use Final,quantity_requested,Economy,Total,,,,2015,,OntarioUse Final2015
Ontario,Use Final,Use Final,quantity_requested,Economy,Total,,,,2020,,OntarioUse Final2020
Ontario,Use Final,Use Final,quantity_requested,Economy,Total,,,,2025,,OntarioUse Final2025
Ontario,Use Final,Use Final,quantity_requested,Economy,Total,,,,2030,,OntarioUse Final2030
Ontario,Use Final,Use Final,quantity_requested,Economy,Total,,,,2035,,OntarioUse Final2035
Ontario,Use Final,Use Final,quantity_requested,Economy,Total,,,,2040,,OntarioUse Final2040
Ontario,Use Final,Use Final,quantity_requested,Economy,Total,,,,2045,,OntarioUse Final2045
Ontario,Use Final,Use Final,quantity_requested,Economy,Total,,,,2050,,OntarioUse Final2050
Ontario,Use Final|Energy|Biogas,Use Final,quantity_requested,Economy,Biogas,,,,2015,,OntarioUse Final|Energy|Biogas2015
Ontario,Use Final|Energy|Biogas,Use Final,quantity_requested,Economy,Biogas,,,,2020,,OntarioUse Final|Energy|Biogas2020
Ontario,Use Final|Energy|Biogas,Use Final,quantity_requested,Economy,Biogas,,,,2025,,OntarioUse Final|Energy|Biogas2025
Ontario,Use Final|Energy|Biogas,Use Final,quantity_requested,Economy,Biogas,,,,2030,,OntarioUse Final|Energy|Biogas2030
Ontario,Use Final|Energy|Biogas,Use Final,quantity_requested,Economy,Biogas,,,,2035,,OntarioUse Final|Energy|Biogas2035
Ontario,Use Final|Energy|Biogas,Use Final,quantity_requested,Economy,Biogas,,,,2040,,OntarioUse Final|Energy|Biogas2040
Ontario,Use Final|Energy|Biogas,Use Final,quantity_requested,Economy,Biogas,,,,2045,,OntarioUse Final|Energy|Biogas2045
Ontario,Use Final|Energy|Biogas,Use Final,quantity_requested,Economy,Biogas,,,,2050,,OntarioUse Final|Energy|Biogas2050
Ontario,Use Final|Energy|Biomass Liquids,Use Final,quantity_requested,Economy,Biomass Liquids,,,,2015,,OntarioUse Final|Energy|Biomass Liquids2015
Ontario,Use Final|Energy|Biomass Liquids,Use Final,quantity_requested,Economy,Biomass Liquids,,,,2020,,OntarioUse Final|Energy|Biomass Liquids2020
Ontario,Use Final|Energy|Biomass Liquids,Use Final,quantity_requested,Economy,Biomass Liquids,,,,2025,,OntarioUse Final|Energy|Biomass Liquids2025
Ontario,Use Final|Energy|Biomass Liquids,Use Final,quantity_requested,Economy,Biomass Liquids,,,,2030,,OntarioUse Final|Energy|Biomass Liquids2030
Ontario,Use Final|Energy|Biomass Liquids,Use Final,quantity_requested,Economy,Biomass Liquids,,,,2035,,OntarioUse Final|Energy|Biomass Liquids2035
Ontario,Use Final|Energy|Biomass Liquids,Use Final,quantity_requested,Economy,Biomass Liquids,,,,2040,,OntarioUse Final|Energy|Biomass Liquids2040
Ontario,Use Final|Energy|Biomass Liquids,Use Final,quantity_requested,Economy,Biomass Liquids,,,,2045,,OntarioUse Final|Energy|Biomass Liquids2045
Ontario,Use Final|Energy|Biomass Liquids,Use Final,quantity_requested,Economy,Biomass Liquids,,,,2050,,OntarioUse Final|Energy|Biomass Liquids2050
Ontario,Use Final|Energy|Biomass Solids,Use Final,quantity_requested,Economy,Biomass Solids,,,,2015,,OntarioUse Final|Energy|Biomass Solids2015
Ontario,Use Final|Energy|Biomass Solids,Use Final,quantity_requested,Economy,Biomass Solids,,,,2020,,OntarioUse Final|Energy|Biomass Solids2020
Ontario,Use Final|Energy|Biomass Solids,Use Final,quantity_requested,Economy,Biomass Solids,,,,2025,,OntarioUse Final|Energy|Biomass Solids2025
Ontario,Use Final|Energy|Biomass Solids,Use Final,quantity_requested,Economy,Biomass Solids,,,,2030,,OntarioUse Final|Energy|Biomass Solids2030
Ontario,Use Final|Energy|Biomass Solids,Use Final,quantity_requested,Economy,Biomass Solids,,,,2035,,OntarioUse Final|Energy|Biomass Solids2035
Ontario,Use Final|Energy|Biomass Solids,Use Final,quantity_requested,Economy,Biomass Solids,,,,2040,,OntarioUse Final|Energy|Biomass Solids2040
Ontario,Use Final|Energy|Biomass Solids,Use Final,quantity_requested,Economy,Biomass Solids,,,,2045,,OntarioUse Final|Energy|Biomass Solids2045
Ontario,Use Final|Energy|Biomass Solids,Use Final,quantity_requested,Economy,Biomass Solids,,,,2050,,OntarioUse Final|Energy|Biomass Solids2050
Ontario,Use Final|Energy|Coal,Use Final,quantity_requested,Economy,Coal,,,,2015,,OntarioUse Final|Energy|Coal2015
Ontario,Use Final|Energy|Coal,Use Final,quantity_requested,Economy,Coal,,,,2020,,OntarioUse Final|Energy|Coal2020
Ontario,Use Final|Energy|Coal,Use Final,quantity_requested,Economy,Coal,,,,2025,,OntarioUse Final|Energy|Coal2025
Ontario,Use Final|Energy|Coal,Use Final,quantity_requested,Economy,Coal,,,,2030,,OntarioUse Final|Energy|Coal2030
Ontario,Use Final|Energy|Coal,Use Final,quantity_requested,Economy,Coal,,,,2035,,OntarioUse Final|Energy|Coal2035
Ontario,Use Final|Energy|Coal,Use Final,quantity_requested,Economy,Coal,,,,2040,,OntarioUse Final|Energy|Coal2040
Ontario,Use Final|Energy|Coal,Use Final,quantity_requested,Economy,Coal,,,,2045,,OntarioUse Final|Energy|Coal2045
Ontario,Use Final|Energy|Coal,Use Final,quantity_requested,Economy,Coal,,,,2050,,OntarioUse Final|Energy|Coal2050
Ontario,Use Final|Energy|Electricity,Use Final,quantity_requested,Economy,Electricity,,,,2015,,OntarioUse Final|Energy|Electricity2015
Ontario,Use Final|Energy|Electricity,Use Final,quantity_requested,Economy,Electricity,,,,2020,,OntarioUse Final|Energy|Electricity2020
Ontario,Use Final|Energy|Electricity,Use Final,quantity_requested,Economy,Electricity,,,,2025,,OntarioUse Final|Energy|Electricity2025
Ontario,Use Final|Energy|Electricity,Use Final,quantity_requested,Economy,Electricity,,,,2030,,OntarioUse Final|Energy|Electricity2030
Ontario,Use Final|Energy|Electricity,Use Final,quantity_requested,Economy,Electricity,,,,2035,,OntarioUse Final|Energy|Electricity2035
Ontario,Use Final|Energy|Electricity,Use Final,quantity_requested,Economy,Electricity,,,,2040,,OntarioUse Final|Energy|Electricity2040
Ontario,Use Final|Energy|Electricity,Use Final,quantity_requested,Economy,Electricity,,,,2045,,OntarioUse Final|Energy|Electricity2045
Ontario,Use Final|Energy|Electricity,Use Final,quantity_requested,Economy,Electricity,,,,2050,,OntarioUse Final|Energy|Electricity2050
Ontario,Use Final|Energy|Gas,Use Final,quantity_requested,Economy,Gas,,,,2015,,OntarioUse Final|Energy|Gas2015
Ontario,Use Final|Energy|Gas,Use Final,quantity_requested,Economy,Gas,,,,2020,,OntarioUse Final|Energy|Gas2020
Ontario,Use Final|Energy|Gas,Use Final,quantity_requested,Economy,Gas,,,,2025,,OntarioUse Final|Energy|Gas2025
Ontario,Use Final|Energy|Gas,Use Final,quantity_requested,Economy,Gas,,,,2030,,OntarioUse Final|Energy|Gas2030
Ontario,Use Final|Energy|Gas,Use Final,quantity_requested,Economy,Gas,,,,2035,,OntarioUse Final|Energy|Gas2035
Ontario,Use Final|Energy|Gas,Use Final,quantity_requested,Economy,Gas,,,,2040,,OntarioUse Final|Energy|Gas2040
Ontario,Use Final|Energy|Gas,Use Final,quantity_requested,Economy,Gas,,,,2045,,OntarioUse Final|Energy|Gas2045
Ontario,Use Final|Energy|Gas,Use Final,quantity_requested,Economy,Gas,,,,2050,,OntarioUse Final|Energy|Gas2050
Ontario,Use Final|Energy|Hydrogen,Use Final,quantity_requested,Economy,Hydrogen,,,,2015,,OntarioUse Final|Energy|Hydrogen2015
Ontario,Use Final|Energy|Hydrogen,Use Final,quantity_requested,Economy,Hydrogen,,,,2020,,OntarioUse Final|Energy|Hydrogen2020
Ontario,Use Final|Energy|Hydrogen,Use Final,quantity_requested,Economy,Hydrogen,,,,2025,,OntarioUse Final|Energy|Hydrogen2025
Ontario,Use Final|Energy|Hydrogen,Use Final,quantity_requested,Economy,Hydrogen,,,,2030,,OntarioUse Final|Energy|Hydrogen2030
Ontario,Use Final|Energy|Hydrogen,Use Final,quantity_requested,Economy,Hydrogen,,,,2035,,OntarioUse Final|Energy|Hydrogen2035
Ontario,Use Final|Energy|Hydrogen,Use Final,quantity_requested,Economy,Hydrogen,,,,2040,,OntarioUse Final|Energy|Hydrogen2040
Ontario,Use Final|Energy|Hydrogen,Use Final,quantity_requested,Economy,Hydrogen,,,,2045,,OntarioUse Final|Energy|Hydrogen2045
Ontario,Use Final|Energy|Hydrogen,Use Final,quantity_requested,Economy,Hydrogen,,,,2050,,OntarioUse Final|Energy|Hydrogen2050
Ontario,Use Final|Energy|Oil,Use Final,quantity_requested,Economy,Oil,,,,2015,,OntarioUse Final|Energy|Oil2015
Ontario,Use Final|Energy|Oil,Use Final,quantity_requested,Economy,Oil,,,,2020,,OntarioUse Final|Energy|Oil2020
Ontario,Use Final|Energy|Oil,Use Final,quantity_requested,Economy,Oil,,,,2025,,OntarioUse Final|Energy|Oil2025
Ontario,Use Final|Energy|Oil,Use Final,quantity_requested,Economy,Oil,,,,2030,,OntarioUse Final|Energy|Oil2030
Ontario,Use Final|Energy|Oil,Use Final,quantity_requested,Economy,Oil,,,,2035,,OntarioUse Final|Energy|Oil2035
Ontario,Use Final|Energy|Oil,Use Final,quantity_requested,Economy,Oil,,,,2040,,OntarioUse Final|Energy|Oil2040
Ontario,Use Final|Energy|Oil,Use Final,quantity_requested,Economy,Oil,,,,2045,,OntarioUse Final|Energy|Oil2045
Ontario,Use Final|Energy|Oil,Use Final,quantity_requested,Economy,Oil,,,,2050,,OntarioUse Final|Energy|Oil2050
Ontario,Use Final|Sector|Buildings,Use Final,quantity_requested,Buildings,Total,,,,2015,,OntarioUse Final|Sector|Buildings2015
Ontario,Use Final|Sector|Buildings,Use Final,quantity_requested,Buildings,Total,,,,2020,,OntarioUse Final|Sector|Buildings2020
Ontario,Use Final|Sector|Buildings,Use Final,quantity_requested,Buildings,Total,,,,2025,,OntarioUse Final|Sector|Buildings2025
Ontario,Use Final|Sector|Buildings,Use Final,quantity_requested,Buildings,Total,,,,2030,,OntarioUse Final|Sector|Buildings2030
Ontario,Use Final|Sector|Buildings,Use Final,quantity_requested,Buildings,Total,,,,2035,,OntarioUse Final|Sector|Buildings2035
Ontario,Use Final|Sector|Buildings,Use Final,quantity_requested,Buildings,Total,,,,2040,,OntarioUse Final|Sector|Buildings2040
Ontario,Use Final|Sector|Buildings,Use Final,quantity_requested,Buildings,Total,,,,2045,,OntarioUse Final|Sector|Buildings2045
Ontario,Use Final|Sector|Buildings,Use Final,quantity_requested,Buildings,Total,,,,2050,,OntarioUse Final|Sector|Buildings2050
Ontario,Use Final|Sector|Industry,Use Final,quantity_requested,Industry,Total,,,,2015,,OntarioUse Final|Sector|Industry2015
Ontario,Use Final|Sector|Industry,Use Final,quantity_requested,Industry,Total,,,,2020,,OntarioUse Final|Sector|Industry2020
Ontario,Use Final|Sector|Industry,Use Final,quantity_requested,Industry,Total,,,,2025,,OntarioUse Final|Sector|Industry2025
Ontario,Use Final|Sector|Industry,Use Final,quantity_requested,Industry,Total,,,,2030,,OntarioUse Final|Sector|Industry2030
Ontario,Use Final|Sector|Industry,Use Final,quantity_requested,Industry,Total,,,,2035,,OntarioUse Final|Sector|Industry2035
Ontario,Use Final|Sector|Industry,Use Final,quantity_requested,Industry,Total,,,,2040,,OntarioUse Final|Sector|Industry2040
Ontario,Use Final|Sector|Industry,Use Final,quantity_requested,Industry,Total,,,,2045,,OntarioUse Final|Sector|Industry2045
Ontario,Use Final|Sector|Industry,Use Final,quantity_requested,Industry,Total,,,,2050,,OntarioUse Final|Sector|Industry2050
Ontario,Use Final|Sector|Transportation,Use Final,quantity_requested,Transport,Total,,,,2015,,OntarioUse Final|Sector|Transportation2015
Ontario,Use Final|Sector|Transportation,Use Final,quantity_requested,Transport,Total,,,,2020,,OntarioUse Final|Sector|Transportation2020
Ontario,Use Final|Sector|Transportation,Use Final,quantity_requested,Transport,Total,,,,2025,,OntarioUse Final|Sector|Transportation2025
Ontario,Use Final|Sector|Transportation,Use Final,quantity_requested,Transport,Total,,,,2030,,OntarioUse Final|Sector|Transportation2030
Ontario,Use Final|Sector|Transportation,Use Final,quantity_requested,Transport,Total,,,,2035,,OntarioUse Final|Sector|Transportation2035
Ontario,Use Final|Sector|Transportation,Use Final,quantity_requested,Transport,Total,,,,2040,,OntarioUse Final|Sector|Transportation2040
Ontario,Use Final|Sector|Transportation,Use Final,quantity_requested,Transport,Total,,,,2045,,OntarioUse Final|Sector|Transportation2045
Ontario,Use Final|Sector|Transportation,Use Final,quantity_requested,Transport,Total,,,,2050,,OntarioUse Final|Sector|Transportation2050
Ontario,Use Primary,Use Primary,quantity_requested,Economy,Total,,,,2015,,OntarioUse Primary2015
Ontario,Use Primary,Use Primary,quantity_requested,Economy,Total,,,,2020,,OntarioUse Primary2020
Ontario,Use Primary,Use Primary,quantity_requested,Economy,Total,,,,2025,,OntarioUse Primary2025
Ontario,Use Primary,Use Primary,quantity_requested,Economy,Total,,,,2030,,OntarioUse Primary2030
Ontario,Use Primary,Use Primary,quantity_requested,Economy,Total,,,,2035,,OntarioUse Primary2035
Ontario,Use Primary,Use Primary,quantity_requested,Economy,Total,,,,2040,,OntarioUse Primary2040
Ontario,Use Primary,Use Primary,quantity_requested,Economy,Total,,,,2045,,OntarioUse Primary2045
Ontario,Use Primary,Use Primary,quantity_requested,Economy,Total,,,,2050,,OntarioUse Primary2050
Ontario,Use Primary|Energy|Biomass,Use Primary,quantity_requested,Economy,Biomass Liquids,,,,2015,,OntarioUse Primary|Energy|Biomass2015
Ontario,Use Primary|Energy|Biomass,Use Primary,quantity_requested,Economy,Biomass Liquids,,,,2020,,OntarioUse Primary|Energy|Biomass2020
Ontario,Use Primary|Energy|Biomass,Use Primary,quantity_requested,Economy,Biomass Liquids,,,,2025,,OntarioUse Primary|Energy|Biomass2025
Ontario,Use Primary|Energy|Biomass,Use Primary,quantity_requested,Economy,Biomass Liquids,,,,2030,,OntarioUse Primary|Energy|Biomass2030
Ontario,Use Primary|Energy|Biomass,Use Primary,quantity_requested,Economy,Biomass Liquids,,,,2035,,OntarioUse Primary|Energy|Biomass2035
Ontario,Use Primary|Energy|Biomass,Use Primary,quantity_requested,Economy,Biomass Liquids,,,,2040,,OntarioUse Primary|Energy|Biomass2040
Ontario,Use Primary|Energy|Biomass,Use Primary,quantity_requested,Economy,Biomass Liquids,,,,2045,,OntarioUse Primary|Energy|Biomass2045
Ontario,Use Primary|Energy|Biomass,Use Primary,quantity_requested,Economy,Biomass Liquids,,,,2050,,OntarioUse Primary|Energy|Biomass2050
Ontario,Use Primary|Energy|Coal,Use Primary,quantity_requested,Economy,Coal,,,,2015,,OntarioUse Primary|Energy|Coal2015
Ontario,Use Primary|Energy|Coal,Use Primary,quantity_requested,Economy,Coal,,,,2020,,OntarioUse Primary|Energy|Coal2020
Ontario,Use Primary|Energy|Coal,Use Primary,quantity_requested,Economy,Coal,,,,2025,,OntarioUse Primary|Energy|Coal2025
Ontario,Use Primary|Energy|Coal,Use Primary,quantity_requested,Economy,Coal,,,,2030,,OntarioUse Primary|Energy|Coal2030
Ontario,Use Primary|Energy|Coal,Use Primary,quantity_requested,Economy,Coal,,,,2035,,OntarioUse Primary|Energy|Coal2035
Ontario,Use Primary|Energy|Coal,Use Primary,quantity_requested,Economy,Coal,,,,2040,,OntarioUse Primary|Energy|Coal2040
Ontario,Use Primary|Energy|Coal,Use Primary,quantity_requested,Economy,Coal,,,,2045,,OntarioUse Primary|Energy|Coal2045
Ontario,Use Primary|Energy|Coal,Use Primary,quantity_requested,Economy,Coal,,,,2050,,OntarioUse Primary|Energy|Coal2050
Ontario,Use Primary|Energy|Gas,Use Primary,quantity_requested,Economy,Gas,,,,2015,,OntarioUse Primary|Energy|Gas2015
Ontario,Use Primary|Energy|Gas,Use Primary,quantity_requested,Economy,Gas,,,,2020,,OntarioUse Primary|Energy|Gas2020
Ontario,Use Primary|Energy|Gas,Use Primary,quantity_requested,Economy,Gas,,,,2025,,OntarioUse Primary|Energy|Gas2025
Ontario,Use Primary|Energy|Gas,Use Primary,quantity_requested,Economy,Gas,,,,2030,,OntarioUse Primary|Energy|Gas2030
Ontario,Use Primary|Energy|Gas,Use Primary,quantity_requested,Economy,Gas,,,,2035,,OntarioUse Primary|Energy|Gas2035
Ontario,Use Primary|Energy|Gas,Use Primary,quantity_requested,Economy,Gas,,,,2040,,OntarioUse Primary|Energy|Gas2040
Ontario,Use Primary|Energy|Gas,Use Primary,quantity_requested,Economy,Gas,,,,2045,,OntarioUse Primary|Energy|Gas2045
Ontario,Use Primary|Energy|Gas,Use Primary,quantity_requested,Economy,Gas,,,,2050,,OntarioUse Primary|Energy|Gas2050
Ontario,Use Primary|Energy|Geothermal,Use Primary,stock_total,Economy,,Geoexchange,,,2015,,OntarioUse Primary|Energy|Geothermal2015
Ontario,Use Primary|Energy|Geothermal,Use Primary,stock_total,Economy,,Geoexchange,,,2020,,OntarioUse Primary|Energy|Geothermal2020
Ontario,Use Primary|Energy|Geothermal,Use Primary,stock_total,Economy,,Geoexchange,,,2025,,OntarioUse Primary|Energy|Geothermal2025
Ontario,Use Primary|Energy|Geothermal,Use Primary,stock_total,Economy,,Geoexchange,,,2030,,OntarioUse Primary|Energy|Geothermal2030
Ontario,Use Primary|Energy|Geothermal,Use Primary,stock_total,Economy,,Geoexchange,,,2035,,OntarioUse Primary|Energy|Geothermal2035
Ontario,Use Primary|Energy|Geothermal,Use Primary,stock_total,Economy,,Geoexchange,,,2040,,OntarioUse Primary|Energy|Geothermal2040
Ontario,Use Primary|Energy|Geothermal,Use Primary,stock_total,Economy,,Geoexchange,,,2045,,OntarioUse Primary|Energy|Geothermal2045
Ontario,Use Primary|Energy|Geothermal,Use Primary,stock_total,Economy,,Geoexchange,,,2050,,OntarioUse Primary|Energy|Geothermal2050
Ontario,Use Primary|Energy|Hydro,Use Primary,stock_total,Economy,,Hydro,,,2015,,OntarioUse Primary|Energy|Hydro2015
Ontario,Use Primary|Energy|Hydro,Use Primary,stock_total,Economy,,Hydro,,,2020,,OntarioUse Primary|Energy|Hydro2020
Ontario,Use Primary|Energy|Hydro,Use Primary,stock_total,Economy,,Hydro,,,2025,,OntarioUse Primary|Energy|Hydro2025
Ontario,Use Primary|Energy|Hydro,Use Primary,stock_total,Economy,,Hydro,,,2030,,OntarioUse Primary|Energy|Hydro2030
Ontario,Use Primary|Energy|Hydro,Use Primary,stock_total,Economy,,Hydro,,,2035,,OntarioUse Primary|Energy|Hydro2035
Ontario,Use Primary|Energy|Hydro,Use Primary,stock_total,Economy,,Hydro,,,2040,,OntarioUse Primary|Energy|Hydro2040
Ontario,Use Primary|Energy|Hydro,Use Primary,stock_total,Economy,,Hydro,,,2045,,OntarioUse Primary|Energy|Hydro2045
Ontario,Use Primary|Energy|Hydro,Use Primary,stock_total,Economy,,Hydro,,,2050,,OntarioUse Primary|Energy|Hydro2050
Ontario,Use Primary|Energy|Nuclear,Use Primary,stock_total,Economy,,Nuclear,,,2015,,OntarioUse Primary|Energy|Nuclear2015
Ontario,Use Primary|Energy|Nuclear,Use Primary,stock_total,Economy,,Nuclear,,,2020,,OntarioUse Primary|Energy|Nuclear2020
Ontario,Use Primary|Energy|Nuclear,Use Primary,stock_total,Economy,,Nuclear,,,2025,,OntarioUse Primary|Energy|Nuclear2025
Ontario,Use Primary|Energy|Nuclear,Use Primary,stock_total,Economy,,Nuclear,,,2030,,OntarioUse Primary|Energy|Nuclear2030
Ontario,Use Primary|Energy|Nuclear,Use Primary,stock_total,Economy,,Nuclear,,,2035,,OntarioUse Primary|Energy|Nuclear2035
Ontario,Use Primary|Energy|Nuclear,Use Primary,stock_total,Economy,,Nuclear,,,2040,,OntarioUse Primary|Energy|Nuclear2040
Ontario,Use Primary|Energy|Nuclear,Use Primary,stock_total,Economy,,Nuclear,,,2045,,OntarioUse Primary|Energy|Nuclear2045
Ontario,Use Primary|Energy|Nuclear,Use Primary,stock_total,Economy,,Nuclear,,,2050,,OntarioUse Primary|Energy|Nuclear2050
Ontario,Use Primary|Energy|Oil,Use Primary,quantity_requested,Economy,Oil,,,,2015,,OntarioUse Primary|Energy|Oil2015
Ontario,Use Primary|Energy|Oil,Use Primary,quantity_requested,Economy,Oil,,,,2020,,OntarioUse Primary|Energy|Oil2020
Ontario,Use Primary|Energy|Oil,Use Primary,quantity_requested,Economy,Oil,,,,2025,,OntarioUse Primary|Energy|Oil2025
Ontario,Use Primary|Energy|Oil,Use Primary,quantity_requested,Economy,Oil,,,,2030,,OntarioUse Primary|Energy|Oil2030
Ontario,Use Primary|Energy|Oil,Use Primary,quantity_requested,Economy,Oil,,,,2035,,OntarioUse Primary|Energy|Oil2035
Ontario,Use Primary|Energy|Oil,Use Primary,quantity_requested,Economy,Oil,,,,2040,,OntarioUse Primary|Energy|Oil2040
Ontario,Use Primary|Energy|Oil,Use Primary,quantity_requested,Economy,Oil,,,,2045,,OntarioUse Primary|Energy|Oil2045
Ontario,Use Primary|Energy|Oil,Use Primary,quantity_requested,Economy,Oil,,,,2050,,OntarioUse Primary|Energy|Oil2050
Ontario,Use Primary|Energy|Solar,Use Primary,stock_total,Economy,,Solar,,,2015,,OntarioUse Primary|Energy|Solar2015
Ontario,Use Primary|Energy|Solar,Use Primary,stock_total,Economy,,Solar,,,2020,,OntarioUse Primary|Energy|Solar2020
Ontario,Use Primary|Energy|Solar,Use Primary,stock_total,Economy,,Solar,,,2025,,OntarioUse Primary|Energy|Solar2025
Ontario,Use Primary|Energy|Solar,Use Primary,stock_total,Economy,,Solar,,,2030,,OntarioUse Primary|Energy|Solar2030
Ontario,Use Primary|Energy|Solar,Use Primary,stock_total,Economy,,Solar,,,2035,,OntarioUse Primary|Energy|Solar2035
Ontario,Use Primary|Energy|Solar,Use Primary,stock_total,Economy,,Solar,,,2040,,OntarioUse Primary|Energy|Solar2040
Ontario,Use Primary|Energy|Solar,Use Primary,stock_total,Economy,,Solar,,,2045,,OntarioUse Primary|Energy|Solar2045
Ontario,Use Primary|Energy|Solar,Use Primary,stock_total,Economy,,Solar,,,2050,,OntarioUse Primary|Energy|Solar2050
Ontario,Use Primary|Energy|Wind,Use Primary,stock_total,Economy,,Wind,,,2015,,OntarioUse Primary|Energy|Wind2015
Ontario,Use Primary|Energy|Wind,Use Primary,stock_total,Economy,,Wind,,,2020,,OntarioUse Primary|Energy|Wind2020
Ontario,Use Primary|Energy|Wind,Use Primary,stock_total,Economy,,Wind,,,2025,,OntarioUse Primary|Energy|Wind2025
Ontario,Use Primary|Energy|Wind,Use Primary,stock_total,Economy,,Wind,,,2030,,OntarioUse Primary|Energy|Wind2030
Ontario,Use Primary|Energy|Wind,Use Primary,stock_total,Economy,,Wind,,,2035,,OntarioUse Primary|Energy|Wind2035
Ontario,Use Primary|Energy|Wind,Use Primary,stock_total,Economy,,Wind,,,2040,,OntarioUse Primary|Energy|Wind2040
Ontario,Use Primary|Energy|Wind,Use Primary,stock_total,Economy,,Wind,,,2045,,OntarioUse Primary|Energy|Wind2045
Ontario,Use Primary|Energy|Wind,Use Primary,stock_total,Economy,,Wind,,,2050,,OntarioUse Primary|Energy|Wind2050
Quebec,Carbon Sequestration|CCS,Carbon Sequestration,emissions_total_cumul_avoided,Economy,,,CO2,ALL,2015,,QuebecCarbon Sequestration|CCS2015
Quebec,Carbon Sequestration|CCS,Carbon Sequestration,emissions_total_cumul_avoided,Economy,,,CO2,ALL,2020,,QuebecCarbon Sequestration|CCS2020
Quebec,Carbon Sequestration|CCS,Carbon Sequestration,emissions_total_cumul_avoided,Economy,,,CO2,ALL,2025,,QuebecCarbon Sequestration|CCS2025
Quebec,Carbon Sequestration|CCS,Carbon Sequestration,emissions_total_cumul_avoided,Economy,,,CO2,ALL,2030,,QuebecCarbon Sequestration|CCS2030
Quebec,Carbon Sequestration|CCS,Carbon Sequestration,emissions_total_cumul_avoided,Economy,,,CO2,ALL,2035,,QuebecCarbon Sequestration|CCS2035
Quebec,Carbon Sequestration|CCS,Carbon Sequestration,emissions_total_cumul_avoided,Economy,,,CO2,ALL,2040,,QuebecCarbon Sequestration|CCS2040
Quebec,Carbon Sequestration|CCS,Carbon Sequestration,emissions_total_cumul_avoided,Economy,,,CO2,ALL,2045,,QuebecCarbon Sequestration|CCS2045
Quebec,Carbon Sequestration|CCS,Carbon Sequestration,emissions_total_cumul_avoided,Economy,,,CO2,ALL,2050,,QuebecCarbon Sequestration|CCS2050
Quebec,Emissions|CO2,Emissions,emissions_total_cumul_net,Economy,,,CO2,ALL,2015,,QuebecEmissions|CO22015
Quebec,Emissions|CO2,Emissions,emissions_total_cumul_net,Economy,,,CO2,ALL,2020,,QuebecEmissions|CO22020
Quebec,Emissions|CO2,Emissions,emissions_total_cumul_net,Economy,,,CO2,ALL,2025,,QuebecEmissions|CO22025
Quebec,Emissions|CO2,Emissions,emissions_total_cumul_net,Economy,,,CO2,ALL,2030,,QuebecEmissions|CO22030
Quebec,Emissions|CO2,Emissions,emissions_total_cumul_net,Economy,,,CO2,ALL,2035,,QuebecEmissions|CO22035
Quebec,Emissions|CO2,Emissions,emissions_total_cumul_net,Economy,,,CO2,ALL,2040,,QuebecEmissions|CO22040
Quebec,Emissions|CO2,Emissions,emissions_total_cumul_net,Economy,,,CO2,ALL,2045,,QuebecEmissions|CO22045
Quebec,Emissions|CO2,Emissions,emissions_total_cumul_net,Economy,,,CO2,ALL,2050,,QuebecEmissions|CO22050
Quebec,Emissions|CO2|Combustion,Emissions,emissions_total_cumul_net,Economy,,,CO2,Combustion,2015,,QuebecEmissions|CO2|Combustion2015
Quebec,Emissions|CO2|Combustion,Emissions,emissions_total_cumul_net,Economy,,,CO2,Combustion,2020,,QuebecEmissions|CO2|Combustion2020
Quebec,Emissions|CO2|Combustion,Emissions,emissions_total_cumul_net,Economy,,,CO2,Combustion,2025,,QuebecEmissions|CO2|Combustion2025
Quebec,Emissions|CO2|Combustion,Emissions,emissions_total_cumul_net,Economy,,,CO2,Combustion,2030,,QuebecEmissions|CO2|Combustion2030
Quebec,Emissions|CO2|Combustion,Emissions,emissions_total_cumul_net,Economy,,,CO2,Combustion,2035,,QuebecEmissions|CO2|Combustion2035
Quebec,Emissions|CO2|Combustion,Emissions,emissions_total_cumul_net,Economy,,,CO2,Combustion,2040,,QuebecEmissions|CO2|Combustion2040
Quebec,Emissions|CO2|Combustion,Emissions,emissions_total_cumul_net,Economy,,,CO2,Combustion,2045,,QuebecEmissions|CO2|Combustion2045
Quebec,Emissions|CO2|Combustion,Emissions,emissions_total_cumul_net,Economy,,,CO2,Combustion,2050,,QuebecEmissions|CO2|Combustion2050
Quebec,Emissions|CO2|Combustion|Energy|Coal,Emissions,emissions_total_cumul_net,Economy,Coal,,CO2,Combustion,2015,,QuebecEmissions|CO2|Combustion|Energy|Coal2015
Quebec,Emissions|CO2|Combustion|Energy|Coal,Emissions,emissions_total_cumul_net,Economy,Coal,,CO2,Combustion,2020,,QuebecEmissions|CO2|Combustion|Energy|Coal2020
Quebec,Emissions|CO2|Combustion|Energy|Coal,Emissions,emissions_total_cumul_net,Economy,Coal,,CO2,Combustion,2025,,QuebecEmissions|CO2|Combustion|Energy|Coal2025
Quebec,Emissions|CO2|Combustion|Energy|Coal,Emissions,emissions_total_cumul_net,Economy,Coal,,CO2,Combustion,2030,,QuebecEmissions|CO2|Combustion|Energy|Coal2030
Quebec,Emissions|CO2|Combustion|Energy|Coal,Emissions,emissions_total_cumul_net,Economy,Coal,,CO2,Combustion,2035,,QuebecEmissions|CO2|Combustion|Energy|Coal2035
Quebec,Emissions|CO2|Combustion|Energy|Coal,Emissions,emissions_total_cumul_net,Economy,Coal,,CO2,Combustion,2040,,QuebecEmissions|CO2|Combustion|Energy|Coal2040
Quebec,Emissions|CO2|Combustion|Energy|Coal,Emissions,emissions_total_cumul_net,Economy,Coal,,CO2,Combustion,2045,,QuebecEmissions|CO2|Combustion|Energy|Coal2045
Quebec,Emissions|CO2|Combustion|Energy|Coal,Emissions,emissions_total_cumul_net,Economy,Coal,,CO2,Combustion,2050,,QuebecEmissions|CO2|Combustion|Energy|Coal2050
Quebec,Emissions|CO2|Combustion|Energy|Gas,Emissions,emissions_total_cumul_net,Economy,Gas,,CO2,Combustion,2015,,QuebecEmissions|CO2|Combustion|Energy|Gas2015
Quebec,Emissions|CO2|Combustion|Energy|Gas,Emissions,emissions_total_cumul_net,Economy,Gas,,CO2,Combustion,2020,,QuebecEmissions|CO2|Combustion|Energy|Gas2020
Quebec,Emissions|CO2|Combustion|Energy|Gas,Emissions,emissions_total_cumul_net,Economy,Gas,,CO2,Combustion,2025,,QuebecEmissions|CO2|Combustion|Energy|Gas2025
Quebec,Emissions|CO2|Combustion|Energy|Gas,Emissions,emissions_total_cumul_net,Economy,Gas,,CO2,Combustion,2030,,QuebecEmissions|CO2|Combustion|Energy|Gas2030
Quebec,Emissions|CO2|Combustion|Energy|Gas,Emissions,emissions_total_cumul_net,Economy,Gas,,CO2,Combustion,2035,,QuebecEmissions|CO2|Combustion|Energy|Gas2035
Quebec,Emissions|CO2|Combustion|Energy|Gas,Emissions,emissions_total_cumul_net,Economy,Gas,,CO2,Combustion,2040,,QuebecEmissions|CO2|Combustion|Energy|Gas2040
Quebec,Emissions|CO2|Combustion|Energy|Gas,Emissions,emissions_total_cumul_net,Economy,Gas,,CO2,Combustion,2045,,QuebecEmissions|CO2|Combustion|Energy|Gas2045
Quebec,Emissions|CO2|Combustion|Energy|Gas,Emissions,emissions_total_cumul_net,Economy,Gas,,CO2,Combustion,2050,,QuebecEmissions|CO2|Combustion|Energy|Gas2050
Quebec,Emissions|CO2|Combustion|Energy|Oil,Emissions,emissions_total_cumul_net,Economy,Oil,,CO2,Combustion,2015,,QuebecEmissions|CO2|Combustion|Energy|Oil2015
Quebec,Emissions|CO2|Combustion|Energy|Oil,Emissions,emissions_total_cumul_net,Economy,Oil,,CO2,Combustion,2020,,QuebecEmissions|CO2|Combustion|Energy|Oil2020
Quebec,Emissions|CO2|Combustion|Energy|Oil,Emissions,emissions_total_cumul_net,Economy,Oil,,CO2,Combustion,2025,,QuebecEmissions|CO2|Combustion|Energy|Oil2025
Quebec,Emissions|CO2|Combustion|Energy|Oil,Emissions,emissions_total_cumul_net,Economy,Oil,,CO2,Combustion,2030,,QuebecEmissions|CO2|Combustion|Energy|Oil2030
Quebec,Emissions|CO2|Combustion|Energy|Oil,Emissions,emissions_total_cumul_net,Economy,Oil,,CO2,Combustion,2035,,QuebecEmissions|CO2|Combustion|Energy|Oil2035
Quebec,Emissions|CO2|Combustion|Energy|Oil,Emissions,emissions_total_cumul_net,Economy,Oil,,CO2,Combustion,2040,,QuebecEmissions|CO2|Combustion|Energy|Oil2040
Quebec,Emissions|CO2|Combustion|Energy|Oil,Emissions,emissions_total_cumul_net,Economy,Oil,,CO2,Combustion,2045,,QuebecEmissions|CO2|Combustion|Energy|Oil2045
Quebec,Emissions|CO2|Combustion|Energy|Oil,Emissions,emissions_total_cumul_net,Economy,Oil,,CO2,Combustion,2050,,QuebecEmissions|CO2|Combustion|Energy|Oil2050
Quebec,Emissions|CO2|Combustion|Sector|Biomass Liquids,Emissions,emissions_total_cumul_net,Biofuels,,,CO2,Combustion,2015,,QuebecEmissions|CO2|Combustion|Sector|Biomass Liquids2015
Quebec,Emissions|CO2|Combustion|Sector|Biomass Liquids,Emissions,emissions_total_cumul_net,Biofuels,,,CO2,Combustion,2020,,QuebecEmissions|CO2|Combustion|Sector|Biomass Liquids2020
Quebec,Emissions|CO2|Combustion|Sector|Biomass Liquids,Emissions,emissions_total_cumul_net,Biofuels,,,CO2,Combustion,2025,,QuebecEmissions|CO2|Combustion|Sector|Biomass Liquids2025
Quebec,Emissions|CO2|Combustion|Sector|Biomass Liquids,Emissions,emissions_total_cumul_net,Biofuels,,,CO2,Combustion,2030,,QuebecEmissions|CO2|Combustion|Sector|Biomass Liquids2030
Quebec,Emissions|CO2|Combustion|Sector|Biomass Liquids,Emissions,emissions_total_cumul_net,Biofuels,,,CO2,Combustion,2035,,QuebecEmissions|CO2|Combustion|Sector|Biomass Liquids2035
Quebec,Emissions|CO2|Combustion|Sector|Biomass Liquids,Emissions,emissions_total_cumul_net,Biofuels,,,CO2,Combustion,2040,,QuebecEmissions|CO2|Combustion|Sector|Biomass Liquids2040
Quebec,Emissions|CO2|Combustion|Sector|Biomass Liquids,Emissions,emissions_total_cumul_net,Biofuels,,,CO2,Combustion,2045,,QuebecEmissions|CO2|Combustion|Sector|Biomass Liquids2045
Quebec,Emissions|CO2|Combustion|Sector|Biomass Liquids,Emissions,emissions_total_cumul_net,Biofuels,,,CO2,Combustion,2050,,QuebecEmissions|CO2|Combustion|Sector|Biomass Liquids2050
Quebec,Emissions|CO2|Combustion|Sector|Buildings,Emissions,emissions_total_cumul_net,Buildings,,,CO2,Combustion,2015,,QuebecEmissions|CO2|Combustion|Sector|Buildings2015
Quebec,Emissions|CO2|Combustion|Sector|Buildings,Emissions,emissions_total_cumul_net,Buildings,,,CO2,Combustion,2020,,QuebecEmissions|CO2|Combustion|Sector|Buildings2020
Quebec,Emissions|CO2|Combustion|Sector|Buildings,Emissions,emissions_total_cumul_net,Buildings,,,CO2,Combustion,2025,,QuebecEmissions|CO2|Combustion|Sector|Buildings2025
Quebec,Emissions|CO2|Combustion|Sector|Buildings,Emissions,emissions_total_cumul_net,Buildings,,,CO2,Combustion,2030,,QuebecEmissions|CO2|Combustion|Sector|Buildings2030
Quebec,Emissions|CO2|Combustion|Sector|Buildings,Emissions,emissions_total_cumul_net,Buildings,,,CO2,Combustion,2035,,QuebecEmissions|CO2|Combustion|Sector|Buildings2035
Quebec,Emissions|CO2|Combustion|Sector|Buildings,Emissions,emissions_total_cumul_net,Buildings,,,CO2,Combustion,2040,,QuebecEmissions|CO2|Combustion|Sector|Buildings2040
Quebec,Emissions|CO2|Combustion|Sector|Buildings,Emissions,emissions_total_cumul_net,Buildings,,,CO2,Combustion,2045,,QuebecEmissions|CO2|Combustion|Sector|Buildings2045
Quebec,Emissions|CO2|Combustion|Sector|Buildings,Emissions,emissions_total_cumul_net,Buildings,,,CO2,Combustion,2050,,QuebecEmissions|CO2|Combustion|Sector|Buildings2050
Quebec,Emissions|CO2|Combustion|Sector|Electricity,Emissions,emissions_total_cumul_net,Electricity,,,CO2,Combustion,2015,,QuebecEmissions|CO2|Combustion|Sector|Electricity2015
Quebec,Emissions|CO2|Combustion|Sector|Electricity,Emissions,emissions_total_cumul_net,Electricity,,,CO2,Combustion,2020,,QuebecEmissions|CO2|Combustion|Sector|Electricity2020
Quebec,Emissions|CO2|Combustion|Sector|Electricity,Emissions,emissions_total_cumul_net,Electricity,,,CO2,Combustion,2025,,QuebecEmissions|CO2|Combustion|Sector|Electricity2025
Quebec,Emissions|CO2|Combustion|Sector|Electricity,Emissions,emissions_total_cumul_net,Electricity,,,CO2,Combustion,2030,,QuebecEmissions|CO2|Combustion|Sector|Electricity2030
Quebec,Emissions|CO2|Combustion|Sector|Electricity,Emissions,emissions_total_cumul_net,Electricity,,,CO2,Combustion,2035,,QuebecEmissions|CO2|Combustion|Sector|Electricity2035
Quebec,Emissions|CO2|Combustion|Sector|Electricity,Emissions,emissions_total_cumul_net,Electricity,,,CO2,Combustion,2040,,QuebecEmissions|CO2|Combustion|Sector|Electricity2040
Quebec,Emissions|CO2|Combustion|Sector|Electricity,Emissions,emissions_total_cumul_net,Electricity,,,CO2,Combustion,2045,,QuebecEmissions|CO2|Combustion|Sector|Electricity2045
Quebec,Emissions|CO2|Combustion|Sector|Electricity,Emissions,emissions_total_cumul_net,Electricity,,,CO2,Combustion,2050,,QuebecEmissions|CO2|Combustion|Sector|Electricity2050
Quebec,Emissions|CO2|Combustion|Sector|Hydrogen,Emissions,emissions_total_cumul_net,Hydrogen,,,CO2,Combustion,2015,,QuebecEmissions|CO2|Combustion|Sector|Hydrogen2015
Quebec,Emissions|CO2|Combustion|Sector|Hydrogen,Emissions,emissions_total_cumul_net,Hydrogen,,,CO2,Combustion,2020,,QuebecEmissions|CO2|Combustion|Sector|Hydrogen2020
Quebec,Emissions|CO2|Combustion|Sector|Hydrogen,Emissions,emissions_total_cumul_net,Hydrogen,,,CO2,Combustion,2025,,QuebecEmissions|CO2|Combustion|Sector|Hydrogen2025
Quebec,Emissions|CO2|Combustion|Sector|Hydrogen,Emissions,emissions_total_cumul_net,Hydrogen,,,CO2,Combustion,2030,,QuebecEmissions|CO2|Combustion|Sector|Hydrogen2030
Quebec,Emissions|CO2|Combustion|Sector|Hydrogen,Emissions,emissions_total_cumul_net,Hydrogen,,,CO2,Combustion,2035,,QuebecEmissions|CO2|Combustion|Sector|Hydrogen2035
Quebec,Emissions|CO2|Combustion|Sector|Hydrogen,Emissions,emissions_total_cumul_net,Hydrogen,,,CO2,Combustion,2040,,QuebecEmissions|CO2|Combustion|Sector|Hydrogen2040
Quebec,Emissions|CO2|Combustion|Sector|Hydrogen,Emissions,emissions_total_cumul_net,Hydrogen,,,CO2,Combustion,2045,,QuebecEmissions|CO2|Combustion|Sector|Hydrogen2045
Quebec,Emissions|CO2|Combustion|Sector|Hydrogen,Emissions,emissions_total_cumul_net,Hydrogen,,,CO2,Combustion,2050,,QuebecEmissions|CO2|Combustion|Sector|Hydrogen2050
Quebec,Emissions|CO2|Combustion|Sector|Industry,Emissions,emissions_total_cumul_net,Industry,,,CO2,Combustion,2015,,QuebecEmissions|CO2|Combustion|Sector|Industry2015
Quebec,Emissions|CO2|Combustion|Sector|Industry,Emissions,emissions_total_cumul_net,Industry,,,CO2,Combustion,2020,,QuebecEmissions|CO2|Combustion|Sector|Industry2020
Quebec,Emissions|CO2|Combustion|Sector|Industry,Emissions,emissions_total_cumul_net,Industry,,,CO2,Combustion,2025,,QuebecEmissions|CO2|Combustion|Sector|Industry2025
Quebec,Emissions|CO2|Combustion|Sector|Industry,Emissions,emissions_total_cumul_net,Industry,,,CO2,Combustion,2030,,QuebecEmissions|CO2|Combustion|Sector|Industry2030
Quebec,Emissions|CO2|Combustion|Sector|Industry,Emissions,emissions_total_cumul_net,Industry,,,CO2,Combustion,2035,,QuebecEmissions|CO2|Combustion|Sector|Industry2035
Quebec,Emissions|CO2|Combustion|Sector|Industry,Emissions,emissions_total_cumul_net,Industry,,,CO2,Combustion,2040,,QuebecEmissions|CO2|Combustion|Sector|Industry2040
Quebec,Emissions|CO2|Combustion|Sector|Industry,Emissions,emissions_total_cumul_net,Industry,,,CO2,Combustion,2045,,QuebecEmissions|CO2|Combustion|Sector|Industry2045
Quebec,Emissions|CO2|Combustion|Sector|Industry,Emissions,emissions_total_cumul_net,Industry,,,CO2,Combustion,2050,,QuebecEmissions|CO2|Combustion|Sector|Industry2050
Quebec,Emissions|CO2|Combustion|Sector|Industry|Non Mfg|Petroleum Refining,Emissions,emissions_total_cumul_net,Petroleum Refining,,,CO2,Combustion,2015,,QuebecEmissions|CO2|Combustion|Sector|Industry|Non Mfg|Petroleum Refining2015
Quebec,Emissions|CO2|Combustion|Sector|Industry|Non Mfg|Petroleum Refining,Emissions,emissions_total_cumul_net,Petroleum Refining,,,CO2,Combustion,2020,,QuebecEmissions|CO2|Combustion|Sector|Industry|Non Mfg|Petroleum Refining2020
Quebec,Emissions|CO2|Combustion|Sector|Industry|Non Mfg|Petroleum Refining,Emissions,emissions_total_cumul_net,Petroleum Refining,,,CO2,Combustion,2025,,QuebecEmissions|CO2|Combustion|Sector|Industry|Non Mfg|Petroleum Refining2025
Quebec,Emissions|CO2|Combustion|Sector|Industry|Non Mfg|Petroleum Refining,Emissions,emissions_total_cumul_net,Petroleum Refining,,,CO2,Combustion,2030,,QuebecEmissions|CO2|Combustion|Sector|Industry|Non Mfg|Petroleum Refining2030
Quebec,Emissions|CO2|Combustion|Sector|Industry|Non Mfg|Petroleum Refining,Emissions,emissions_total_cumul_net,Petroleum Refining,,,CO2,Combustion,2035,,QuebecEmissions|CO2|Combustion|Sector|Industry|Non Mfg|Petroleum Refining2035
Quebec,Emissions|CO2|Combustion|Sector|Industry|Non Mfg|Petroleum Refining,Emissions,emissions_total_cumul_net,Petroleum Refining,,,CO2,Combustion,2040,,QuebecEmissions|CO2|Combustion|Sector|Industry|Non Mfg|Petroleum Refining2040
Quebec,Emissions|CO2|Combustion|Sector|Industry|Non Mfg|Petroleum Refining,Emissions,emissions_total_cumul_net,Petroleum Refining,,,CO2,Combustion,2045,,QuebecEmissions|CO2|Combustion|Sector|Industry|Non Mfg|Petroleum Refining2045
Quebec,Emissions|CO2|Combustion|Sector|Industry|Non Mfg|Petroleum Refining,Emissions,emissions_total_cumul_net,Petroleum Refining,,,CO2,Combustion,2050,,QuebecEmissions|CO2|Combustion|Sector|Industry|Non Mfg|Petroleum Refining2050
Quebec,Emissions|CO2|Combustion|Sector|Transportation,Emissions,emissions_total_cumul_net,Transport,,,CO2,Combustion,2015,,QuebecEmissions|CO2|Combustion|Sector|Transportation2015
Quebec,Emissions|CO2|Combustion|Sector|Transportation,Emissions,emissions_total_cumul_net,Transport,,,CO2,Combustion,2020,,QuebecEmissions|CO2|Combustion|Sector|Transportation2020
Quebec,Emissions|CO2|Combustion|Sector|Transportation,Emissions,emissions_total_cumul_net,Transport,,,CO2,Combustion,2025,,QuebecEmissions|CO2|Combustion|Sector|Transportation2025
Quebec,Emissions|CO2|Combustion|Sector|Transportation,Emissions,emissions_total_cumul_net,Transport,,,CO2,Combustion,2030,,QuebecEmissions|CO2|Combustion|Sector|Transportation2030
Quebec,Emissions|CO2|Combustion|Sector|Transportation,Emissions,emissions_total_cumul_net,Transport,,,CO2,Combustion,2035,,QuebecEmissions|CO2|Combustion|Sector|Transportation2035
Quebec,Emissions|CO2|Combustion|Sector|Transportation,Emissions,emissions_total_cumul_net,Transport,,,CO2,Combustion,2040,,QuebecEmissions|CO2|Combustion|Sector|Transportation2040
Quebec,Emissions|CO2|Combustion|Sector|Transportation,Emissions,emissions_total_cumul_net,Transport,,,CO2,Combustion,2045,,QuebecEmissions|CO2|Combustion|Sector|Transportation2045
Quebec,Emissions|CO2|Combustion|Sector|Transportation,Emissions,emissions_total_cumul_net,Transport,,,CO2,Combustion,2050,,QuebecEmissions|CO2|Combustion|Sector|Transportation2050
Quebec,Emissions|CO2|Industrial Process,Emissions,emissions_total_cumul_net,Economy,,,CO2,Process,2015,,QuebecEmissions|CO2|Industrial Process2015
Quebec,Emissions|CO2|Industrial Process,Emissions,emissions_total_cumul_net,Economy,,,CO2,Process,2020,,QuebecEmissions|CO2|Industrial Process2020
Quebec,Emissions|CO2|Industrial Process,Emissions,emissions_total_cumul_net,Economy,,,CO2,Process,2025,,QuebecEmissions|CO2|Industrial Process2025
Quebec,Emissions|CO2|Industrial Process,Emissions,emissions_total_cumul_net,Economy,,,CO2,Process,2030,,QuebecEmissions|CO2|Industrial Process2030
Quebec,Emissions|CO2|Industrial Process,Emissions,emissions_total_cumul_net,Economy,,,CO2,Process,2035,,QuebecEmissions|CO2|Industrial Process2035
Quebec,Emissions|CO2|Industrial Process,Emissions,emissions_total_cumul_net,Economy,,,CO2,Process,2040,,QuebecEmissions|CO2|Industrial Process2040
Quebec,Emissions|CO2|Industrial Process,Emissions,emissions_total_cumul_net,Economy,,,CO2,Process,2045,,QuebecEmissions|CO2|Industrial Process2045
Quebec,Emissions|CO2|Industrial Process,Emissions,emissions_total_cumul_net,Economy,,,CO2,Process,2050,,QuebecEmissions|CO2|Industrial Process2050
Quebec,Emissions|GHG Total,Emissions,emissions_total_cumul_net,Economy,,,GHG,ALL,2015,,QuebecEmissions|GHG Total2015
Quebec,Emissions|GHG Total,Emissions,emissions_total_cumul_net,Economy,,,GHG,ALL,2020,,QuebecEmissions|GHG Total2020
Quebec,Emissions|GHG Total,Emissions,emissions_total_cumul_net,Economy,,,GHG,ALL,2025,,QuebecEmissions|GHG Total2025
Quebec,Emissions|GHG Total,Emissions,emissions_total_cumul_net,Economy,,,GHG,ALL,2030,,QuebecEmissions|GHG Total2030
Quebec,Emissions|GHG Total,Emissions,emissions_total_cumul_net,Economy,,,GHG,ALL,2035,,QuebecEmissions|GHG Total2035
Quebec,Emissions|GHG Total,Emissions,emissions_total_cumul_net,Economy,,,GHG,ALL,2040,,QuebecEmissions|GHG Total2040
Quebec,Emissions|GHG Total,Emissions,emissions_total_cumul_net,Economy,,,GHG,ALL,2045,,QuebecEmissions|GHG Total2045
Quebec,Emissions|GHG Total,Emissions,emissions_total_cumul_net,Economy,,,GHG,ALL,2050,,QuebecEmissions|GHG Total2050
Quebec,Emissions|GHG Total|Combustion,Emissions,emissions_total_cumul_net,Economy,,,GHG,Combustion,2015,,QuebecEmissions|GHG Total|Combustion2015
Quebec,Emissions|GHG Total|Combustion,Emissions,emissions_total_cumul_net,Economy,,,GHG,Combustion,2020,,QuebecEmissions|GHG Total|Combustion2020
Quebec,Emissions|GHG Total|Combustion,Emissions,emissions_total_cumul_net,Economy,,,GHG,Combustion,2025,,QuebecEmissions|GHG Total|Combustion2025
Quebec,Emissions|GHG Total|Combustion,Emissions,emissions_total_cumul_net,Economy,,,GHG,Combustion,2030,,QuebecEmissions|GHG Total|Combustion2030
Quebec,Emissions|GHG Total|Combustion,Emissions,emissions_total_cumul_net,Economy,,,GHG,Combustion,2035,,QuebecEmissions|GHG Total|Combustion2035
Quebec,Emissions|GHG Total|Combustion,Emissions,emissions_total_cumul_net,Economy,,,GHG,Combustion,2040,,QuebecEmissions|GHG Total|Combustion2040
Quebec,Emissions|GHG Total|Combustion,Emissions,emissions_total_cumul_net,Economy,,,GHG,Combustion,2045,,QuebecEmissions|GHG Total|Combustion2045
Quebec,Emissions|GHG Total|Combustion,Emissions,emissions_total_cumul_net,Economy,,,GHG,Combustion,2050,,QuebecEmissions|GHG Total|Combustion2050
Quebec,Emissions|GHG Total|Combustion|Energy|Coal,Emissions,emissions_total_cumul_net,Economy,Coal,,GHG,Combustion,2015,,QuebecEmissions|GHG Total|Combustion|Energy|Coal2015
Quebec,Emissions|GHG Total|Combustion|Energy|Coal,Emissions,emissions_total_cumul_net,Economy,Coal,,GHG,Combustion,2020,,QuebecEmissions|GHG Total|Combustion|Energy|Coal2020
Quebec,Emissions|GHG Total|Combustion|Energy|Coal,Emissions,emissions_total_cumul_net,Economy,Coal,,GHG,Combustion,2025,,QuebecEmissions|GHG Total|Combustion|Energy|Coal2025
Quebec,Emissions|GHG Total|Combustion|Energy|Coal,Emissions,emissions_total_cumul_net,Economy,Coal,,GHG,Combustion,2030,,QuebecEmissions|GHG Total|Combustion|Energy|Coal2030
Quebec,Emissions|GHG Total|Combustion|Energy|Coal,Emissions,emissions_total_cumul_net,Economy,Coal,,GHG,Combustion,2035,,QuebecEmissions|GHG Total|Combustion|Energy|Coal2035
Quebec,Emissions|GHG Total|Combustion|Energy|Coal,Emissions,emissions_total_cumul_net,Economy,Coal,,GHG,Combustion,2040,,QuebecEmissions|GHG Total|Combustion|Energy|Coal2040
Quebec,Emissions|GHG Total|Combustion|Energy|Coal,Emissions,emissions_total_cumul_net,Economy,Coal,,GHG,Combustion,2045,,QuebecEmissions|GHG Total|Combustion|Energy|Coal2045
Quebec,Emissions|GHG Total|Combustion|Energy|Coal,Emissions,emissions_total_cumul_net,Economy,Coal,,GHG,Combustion,2050,,QuebecEmissions|GHG Total|Combustion|Energy|Coal2050
Quebec,Emissions|GHG Total|Combustion|Energy|Gas,Emissions,emissions_total_cumul_net,Economy,Gas,,GHG,Combustion,2015,,QuebecEmissions|GHG Total|Combustion|Energy|Gas2015
Quebec,Emissions|GHG Total|Combustion|Energy|Gas,Emissions,emissions_total_cumul_net,Economy,Gas,,GHG,Combustion,2020,,QuebecEmissions|GHG Total|Combustion|Energy|Gas2020
Quebec,Emissions|GHG Total|Combustion|Energy|Gas,Emissions,emissions_total_cumul_net,Economy,Gas,,GHG,Combustion,2025,,QuebecEmissions|GHG Total|Combustion|Energy|Gas2025
Quebec,Emissions|GHG Total|Combustion|Energy|Gas,Emissions,emissions_total_cumul_net,Economy,Gas,,GHG,Combustion,2030,,QuebecEmissions|GHG Total|Combustion|Energy|Gas2030
Quebec,Emissions|GHG Total|Combustion|Energy|Gas,Emissions,emissions_total_cumul_net,Economy,Gas,,GHG,Combustion,2035,,QuebecEmissions|GHG Total|Combustion|Energy|Gas2035
Quebec,Emissions|GHG Total|Combustion|Energy|Gas,Emissions,emissions_total_cumul_net,Economy,Gas,,GHG,Combustion,2040,,QuebecEmissions|GHG Total|Combustion|Energy|Gas2040
Quebec,Emissions|GHG Total|Combustion|Energy|Gas,Emissions,emissions_total_cumul_net,Economy,Gas,,GHG,Combustion,2045,,QuebecEmissions|GHG Total|Combustion|Energy|Gas2045
Quebec,Emissions|GHG Total|Combustion|Energy|Gas,Emissions,emissions_total_cumul_net,Economy,Gas,,GHG,Combustion,2050,,QuebecEmissions|GHG Total|Combustion|Energy|Gas2050
Quebec,Emissions|GHG Total|Combustion|Energy|Oil,Emissions,emissions_total_cumul_net,Economy,Oil,,GHG,Combustion,2015,,QuebecEmissions|GHG Total|Combustion|Energy|Oil2015
Quebec,Emissions|GHG Total|Combustion|Energy|Oil,Emissions,emissions_total_cumul_net,Economy,Oil,,GHG,Combustion,2020,,QuebecEmissions|GHG Total|Combustion|Energy|Oil2020
Quebec,Emissions|GHG Total|Combustion|Energy|Oil,Emissions,emissions_total_cumul_net,Economy,Oil,,GHG,Combustion,2025,,QuebecEmissions|GHG Total|Combustion|Energy|Oil2025
Quebec,Emissions|GHG Total|Combustion|Energy|Oil,Emissions,emissions_total_cumul_net,Economy,Oil,,GHG,Combustion,2030,,QuebecEmissions|GHG Total|Combustion|Energy|Oil2030
Quebec,Emissions|GHG Total|Combustion|Energy|Oil,Emissions,emissions_total_cumul_net,Economy,Oil,,GHG,Combustion,2035,,QuebecEmissions|GHG Total|Combustion|Energy|Oil2035
Quebec,Emissions|GHG Total|Combustion|Energy|Oil,Emissions,emissions_total_cumul_net,Economy,Oil,,GHG,Combustion,2040,,QuebecEmissions|GHG Total|Combustion|Energy|Oil2040
Quebec,Emissions|GHG Total|Combustion|Energy|Oil,Emissions,emissions_total_cumul_net,Economy,Oil,,GHG,Combustion,2045,,QuebecEmissions|GHG Total|Combustion|Energy|Oil2045
Quebec,Emissions|GHG Total|Combustion|Energy|Oil,Emissions,emissions_total_cumul_net,Economy,Oil,,GHG,Combustion,2050,,QuebecEmissions|GHG Total|Combustion|Energy|Oil2050
Quebec,Emissions|GHG Total|Combustion|Sector|Biomass Liquids,Emissions,emissions_total_cumul_net,Biofuels,,,GHG,Combustion,2015,,QuebecEmissions|GHG Total|Combustion|Sector|Biomass Liquids2015
Quebec,Emissions|GHG Total|Combustion|Sector|Biomass Liquids,Emissions,emissions_total_cumul_net,Biofuels,,,GHG,Combustion,2020,,QuebecEmissions|GHG Total|Combustion|Sector|Biomass Liquids2020
Quebec,Emissions|GHG Total|Combustion|Sector|Biomass Liquids,Emissions,emissions_total_cumul_net,Biofuels,,,GHG,Combustion,2025,,QuebecEmissions|GHG Total|Combustion|Sector|Biomass Liquids2025
Quebec,Emissions|GHG Total|Combustion|Sector|Biomass Liquids,Emissions,emissions_total_cumul_net,Biofuels,,,GHG,Combustion,2030,,QuebecEmissions|GHG Total|Combustion|Sector|Biomass Liquids2030
Quebec,Emissions|GHG Total|Combustion|Sector|Biomass Liquids,Emissions,emissions_total_cumul_net,Biofuels,,,GHG,Combustion,2035,,QuebecEmissions|GHG Total|Combustion|Sector|Biomass Liquids2035
Quebec,Emissions|GHG Total|Combustion|Sector|Biomass Liquids,Emissions,emissions_total_cumul_net,Biofuels,,,GHG,Combustion,2040,,QuebecEmissions|GHG Total|Combustion|Sector|Biomass Liquids2040
Quebec,Emissions|GHG Total|Combustion|Sector|Biomass Liquids,Emissions,emissions_total_cumul_net,Biofuels,,,GHG,Combustion,2045,,QuebecEmissions|GHG Total|Combustion|Sector|Biomass Liquids2045
Quebec,Emissions|GHG Total|Combustion|Sector|Biomass Liquids,Emissions,emissions_total_cumul_net,Biofuels,,,GHG,Combustion,2050,,QuebecEmissions|GHG Total|Combustion|Sector|Biomass Liquids2050
Quebec,Emissions|GHG Total|Combustion|Sector|Buildings,Emissions,emissions_total_cumul_net,Buildings,,,GHG,Combustion,2015,,QuebecEmissions|GHG Total|Combustion|Sector|Buildings2015
Quebec,Emissions|GHG Total|Combustion|Sector|Buildings,Emissions,emissions_total_cumul_net,Buildings,,,GHG,Combustion,2020,,QuebecEmissions|GHG Total|Combustion|Sector|Buildings2020
Quebec,Emissions|GHG Total|Combustion|Sector|Buildings,Emissions,emissions_total_cumul_net,Buildings,,,GHG,Combustion,2025,,QuebecEmissions|GHG Total|Combustion|Sector|Buildings2025
Quebec,Emissions|GHG Total|Combustion|Sector|Buildings,Emissions,emissions_total_cumul_net,Buildings,,,GHG,Combustion,2030,,QuebecEmissions|GHG Total|Combustion|Sector|Buildings2030
Quebec,Emissions|GHG Total|Combustion|Sector|Buildings,Emissions,emissions_total_cumul_net,Buildings,,,GHG,Combustion,2035,,QuebecEmissions|GHG Total|Combustion|Sector|Buildings2035
Quebec,Emissions|GHG Total|Combustion|Sector|Buildings,Emissions,emissions_total_cumul_net,Buildings,,,GHG,Combustion,2040,,QuebecEmissions|GHG Total|Combustion|Sector|Buildings2040
Quebec,Emissions|GHG Total|Combustion|Sector|Buildings,Emissions,emissions_total_cumul_net,Buildings,,,GHG,Combustion,2045,,QuebecEmissions|GHG Total|Combustion|Sector|Buildings2045
Quebec,Emissions|GHG Total|Combustion|Sector|Buildings,Emissions,emissions_total_cumul_net,Buildings,,,GHG,Combustion,2050,,QuebecEmissions|GHG Total|Combustion|Sector|Buildings2050
Quebec,Emissions|GHG Total|Combustion|Sector|Electricity,Emissions,emissions_total_cumul_net,Electricity,,,GHG,Combustion,2015,,QuebecEmissions|GHG Total|Combustion|Sector|Electricity2015
Quebec,Emissions|GHG Total|Combustion|Sector|Electricity,Emissions,emissions_total_cumul_net,Electricity,,,GHG,Combustion,2020,,QuebecEmissions|GHG Total|Combustion|Sector|Electricity2020
Quebec,Emissions|GHG Total|Combustion|Sector|Electricity,Emissions,emissions_total_cumul_net,Electricity,,,GHG,Combustion,2025,,QuebecEmissions|GHG Total|Combustion|Sector|Electricity2025
Quebec,Emissions|GHG Total|Combustion|Sector|Electricity,Emissions,emissions_total_cumul_net,Electricity,,,GHG,Combustion,2030,,QuebecEmissions|GHG Total|Combustion|Sector|Electricity2030
Quebec,Emissions|GHG Total|Combustion|Sector|Electricity,Emissions,emissions_total_cumul_net,Electricity,,,GHG,Combustion,2035,,QuebecEmissions|GHG Total|Combustion|Sector|Electricity2035
Quebec,Emissions|GHG Total|Combustion|Sector|Electricity,Emissions,emissions_total_cumul_net,Electricity,,,GHG,Combustion,2040,,QuebecEmissions|GHG Total|Combustion|Sector|Electricity2040
Quebec,Emissions|GHG Total|Combustion|Sector|Electricity,Emissions,emissions_total_cumul_net,Electricity,,,GHG,Combustion,2045,,QuebecEmissions|GHG Total|Combustion|Sector|Electricity2045
Quebec,Emissions|GHG Total|Combustion|Sector|Electricity,Emissions,emissions_total_cumul_net,Electricity,,,GHG,Combustion,2050,,QuebecEmissions|GHG Total|Combustion|Sector|Electricity2050
Quebec,Emissions|GHG Total|Combustion|Sector|Hydrogen,Emissions,emissions_total_cumul_net,Hydrogen,,,GHG,Combustion,2015,,QuebecEmissions|GHG Total|Combustion|Sector|Hydrogen2015
Quebec,Emissions|GHG Total|Combustion|Sector|Hydrogen,Emissions,emissions_total_cumul_net,Hydrogen,,,GHG,Combustion,2020,,QuebecEmissions|GHG Total|Combustion|Sector|Hydrogen2020
Quebec,Emissions|GHG Total|Combustion|Sector|Hydrogen,Emissions,emissions_total_cumul_net,Hydrogen,,,GHG,Combustion,2025,,QuebecEmissions|GHG Total|Combustion|Sector|Hydrogen2025
Quebec,Emissions|GHG Total|Combustion|Sector|Hydrogen,Emissions,emissions_total_cumul_net,Hydrogen,,,GHG,Combustion,2030,,QuebecEmissions|GHG Total|Combustion|Sector|Hydrogen2030
Quebec,Emissions|GHG Total|Combustion|Sector|Hydrogen,Emissions,emissions_total_cumul_net,Hydrogen,,,GHG,Combustion,2035,,QuebecEmissions|GHG Total|Combustion|Sector|Hydrogen2035
Quebec,Emissions|GHG Total|Combustion|Sector|Hydrogen,Emissions,emissions_total_cumul_net,Hydrogen,,,GHG,Combustion,2040,,QuebecEmissions|GHG Total|Combustion|Sector|Hydrogen2040
Quebec,Emissions|GHG Total|Combustion|Sector|Hydrogen,Emissions,emissions_total_cumul_net,Hydrogen,,,GHG,Combustion,2045,,QuebecEmissions|GHG Total|Combustion|Sector|Hydrogen2045
Quebec,Emissions|GHG Total|Combustion|Sector|Hydrogen,Emissions,emissions_total_cumul_net,Hydrogen,,,GHG,Combustion,2050,,QuebecEmissions|GHG Total|Combustion|Sector|Hydrogen2050
Quebec,Emissions|GHG Total|Combustion|Sector|Industry,Emissions,emissions_total_cumul_net,Industry,,,GHG,Combustion,2015,,QuebecEmissions|GHG Total|Combustion|Sector|Industry2015
Quebec,Emissions|GHG Total|Combustion|Sector|Industry,Emissions,emissions_total_cumul_net,Industry,,,GHG,Combustion,2020,,QuebecEmissions|GHG Total|Combustion|Sector|Industry2020
Quebec,Emissions|GHG Total|Combustion|Sector|Industry,Emissions,emissions_total_cumul_net,Industry,,,GHG,Combustion,2025,,QuebecEmissions|GHG Total|Combustion|Sector|Industry2025
Quebec,Emissions|GHG Total|Combustion|Sector|Industry,Emissions,emissions_total_cumul_net,Industry,,,GHG,Combustion,2030,,QuebecEmissions|GHG Total|Combustion|Sector|Industry2030
Quebec,Emissions|GHG Total|Combustion|Sector|Industry,Emissions,emissions_total_cumul_net,Industry,,,GHG,Combustion,2035,,QuebecEmissions|GHG Total|Combustion|Sector|Industry2035
Quebec,Emissions|GHG Total|Combustion|Sector|Industry,Emissions,emissions_total_cumul_net,Industry,,,GHG,Combustion,2040,,QuebecEmissions|GHG Total|Combustion|Sector|Industry2040
Quebec,Emissions|GHG Total|Combustion|Sector|Industry,Emissions,emissions_total_cumul_net,Industry,,,GHG,Combustion,2045,,QuebecEmissions|GHG Total|Combustion|Sector|Industry2045
Quebec,Emissions|GHG Total|Combustion|Sector|Industry,Emissions,emissions_total_cumul_net,Industry,,,GHG,Combustion,2050,,QuebecEmissions|GHG Total|Combustion|Sector|Industry2050
Quebec,Emissions|GHG Total|Combustion|Sector|Industry|Non Mfg|Petroleum Refining,Emissions,emissions_total_cumul_net,Petroleum Refining,,,GHG,Combustion,2015,,QuebecEmissions|GHG Total|Combustion|Sector|Industry|Non Mfg|Petroleum Refining2015
Quebec,Emissions|GHG Total|Combustion|Sector|Industry|Non Mfg|Petroleum Refining,Emissions,emissions_total_cumul_net,Petroleum Refining,,,GHG,Combustion,2020,,QuebecEmissions|GHG Total|Combustion|Sector|Industry|Non Mfg|Petroleum Refining2020
Quebec,Emissions|GHG Total|Combustion|Sector|Industry|Non Mfg|Petroleum Refining,Emissions,emissions_total_cumul_net,Petroleum Refining,,,GHG,Combustion,2025,,QuebecEmissions|GHG Total|Combustion|Sector|Industry|Non Mfg|Petroleum Refining2025
Quebec,Emissions|GHG Total|Combustion|Sector|Industry|Non Mfg|Petroleum Refining,Emissions,emissions_total_cumul_net,Petroleum Refining,,,GHG,Combustion,2030,,QuebecEmissions|GHG Total|Combustion|Sector|Industry|Non Mfg|Petroleum Refining2030
Quebec,Emissions|GHG Total|Combustion|Sector|Industry|Non Mfg|Petroleum Refining,Emissions,emissions_total_cumul_net,Petroleum Refining,,,GHG,Combustion,2035,,QuebecEmissions|GHG Total|Combustion|Sector|Industry|Non Mfg|Petroleum Refining2035
Quebec,Emissions|GHG Total|Combustion|Sector|Industry|Non Mfg|Petroleum Refining,Emissions,emissions_total_cumul_net,Petroleum Refining,,,GHG,Combustion,2040,,QuebecEmissions|GHG Total|Combustion|Sector|Industry|Non Mfg|Petroleum Refining2040
Quebec,Emissions|GHG Total|Combustion|Sector|Industry|Non Mfg|Petroleum Refining,Emissions,emissions_total_cumul_net,Petroleum Refining,,,GHG,Combustion,2045,,QuebecEmissions|GHG Total|Combustion|Sector|Industry|Non Mfg|Petroleum Refining2045
Quebec,Emissions|GHG Total|Combustion|Sector|Industry|Non Mfg|Petroleum Refining,Emissions,emissions_total_cumul_net,Petroleum Refining,,,GHG,Combustion,2050,,QuebecEmissions|GHG Total|Combustion|Sector|Industry|Non Mfg|Petroleum Refining2050
Quebec,Emissions|GHG Total|Combustion|Sector|Transportation,Emissions,emissions_total_cumul_net,Transport,,,GHG,Combustion,2015,,QuebecEmissions|GHG Total|Combustion|Sector|Transportation2015
Quebec,Emissions|GHG Total|Combustion|Sector|Transportation,Emissions,emissions_total_cumul_net,Transport,,,GHG,Combustion,2020,,QuebecEmissions|GHG Total|Combustion|Sector|Transportation2020
Quebec,Emissions|GHG Total|Combustion|Sector|Transportation,Emissions,emissions_total_cumul_net,Transport,,,GHG,Combustion,2025,,QuebecEmissions|GHG Total|Combustion|Sector|Transportation2025
Quebec,Emissions|GHG Total|Combustion|Sector|Transportation,Emissions,emissions_total_cumul_net,Transport,,,GHG,Combustion,2030,,QuebecEmissions|GHG Total|Combustion|Sector|Transportation2030
Quebec,Emissions|GHG Total|Combustion|Sector|Transportation,Emissions,emissions_total_cumul_net,Transport,,,GHG,Combustion,2035,,QuebecEmissions|GHG Total|Combustion|Sector|Transportation2035
Quebec,Emissions|GHG Total|Combustion|Sector|Transportation,Emissions,emissions_total_cumul_net,Transport,,,GHG,Combustion,2040,,QuebecEmissions|GHG Total|Combustion|Sector|Transportation2040
Quebec,Emissions|GHG Total|Combustion|Sector|Transportation,Emissions,emissions_total_cumul_net,Transport,,,GHG,Combustion,2045,,QuebecEmissions|GHG Total|Combustion|Sector|Transportation2045
Quebec,Emissions|GHG Total|Combustion|Sector|Transportation,Emissions,emissions_total_cumul_net,Transport,,,GHG,Combustion,2050,,QuebecEmissions|GHG Total|Combustion|Sector|Transportation2050
Quebec,Emissions|GHG Total|Fugitive,Emissions,emissions_total_cumul_net,Economy,,,GHG,Fugitive,2015,,QuebecEmissions|GHG Total|Fugitive2015
Quebec,Emissions|GHG Total|Fugitive,Emissions,emissions_total_cumul_net,Economy,,,GHG,Fugitive,2020,,QuebecEmissions|GHG Total|Fugitive2020
Quebec,Emissions|GHG Total|Fugitive,Emissions,emissions_total_cumul_net,Economy,,,GHG,Fugitive,2025,,QuebecEmissions|GHG Total|Fugitive2025
Quebec,Emissions|GHG Total|Fugitive,Emissions,emissions_total_cumul_net,Economy,,,GHG,Fugitive,2030,,QuebecEmissions|GHG Total|Fugitive2030
Quebec,Emissions|GHG Total|Fugitive,Emissions,emissions_total_cumul_net,Economy,,,GHG,Fugitive,2035,,QuebecEmissions|GHG Total|Fugitive2035
Quebec,Emissions|GHG Total|Fugitive,Emissions,emissions_total_cumul_net,Economy,,,GHG,Fugitive,2040,,QuebecEmissions|GHG Total|Fugitive2040
Quebec,Emissions|GHG Total|Fugitive,Emissions,emissions_total_cumul_net,Economy,,,GHG,Fugitive,2045,,QuebecEmissions|GHG Total|Fugitive2045
Quebec,Emissions|GHG Total|Fugitive,Emissions,emissions_total_cumul_net,Economy,,,GHG,Fugitive,2050,,QuebecEmissions|GHG Total|Fugitive2050
Quebec,Emissions|GHG Total|Fugitive|Buildings,Emissions,emissions_total_cumul_net,Buildings,,,GHG,Fugitive,2015,,QuebecEmissions|GHG Total|Fugitive|Buildings2015
Quebec,Emissions|GHG Total|Fugitive|Buildings,Emissions,emissions_total_cumul_net,Buildings,,,GHG,Fugitive,2020,,QuebecEmissions|GHG Total|Fugitive|Buildings2020
Quebec,Emissions|GHG Total|Fugitive|Buildings,Emissions,emissions_total_cumul_net,Buildings,,,GHG,Fugitive,2025,,QuebecEmissions|GHG Total|Fugitive|Buildings2025
Quebec,Emissions|GHG Total|Fugitive|Buildings,Emissions,emissions_total_cumul_net,Buildings,,,GHG,Fugitive,2030,,QuebecEmissions|GHG Total|Fugitive|Buildings2030
Quebec,Emissions|GHG Total|Fugitive|Buildings,Emissions,emissions_total_cumul_net,Buildings,,,GHG,Fugitive,2035,,QuebecEmissions|GHG Total|Fugitive|Buildings2035
Quebec,Emissions|GHG Total|Fugitive|Buildings,Emissions,emissions_total_cumul_net,Buildings,,,GHG,Fugitive,2040,,QuebecEmissions|GHG Total|Fugitive|Buildings2040
Quebec,Emissions|GHG Total|Fugitive|Buildings,Emissions,emissions_total_cumul_net,Buildings,,,GHG,Fugitive,2045,,QuebecEmissions|GHG Total|Fugitive|Buildings2045
Quebec,Emissions|GHG Total|Fugitive|Buildings,Emissions,emissions_total_cumul_net,Buildings,,,GHG,Fugitive,2050,,QuebecEmissions|GHG Total|Fugitive|Buildings2050
Quebec,Emissions|GHG Total|Fugitive|Industry|Non Mfg|Petroleum Refining,Emissions,emissions_total_cumul_net,Petroleum Refining,,,GHG,Fugitive,2015,,QuebecEmissions|GHG Total|Fugitive|Industry|Non Mfg|Petroleum Refining2015
Quebec,Emissions|GHG Total|Fugitive|Industry|Non Mfg|Petroleum Refining,Emissions,emissions_total_cumul_net,Petroleum Refining,,,GHG,Fugitive,2020,,QuebecEmissions|GHG Total|Fugitive|Industry|Non Mfg|Petroleum Refining2020
Quebec,Emissions|GHG Total|Fugitive|Industry|Non Mfg|Petroleum Refining,Emissions,emissions_total_cumul_net,Petroleum Refining,,,GHG,Fugitive,2025,,QuebecEmissions|GHG Total|Fugitive|Industry|Non Mfg|Petroleum Refining2025
Quebec,Emissions|GHG Total|Fugitive|Industry|Non Mfg|Petroleum Refining,Emissions,emissions_total_cumul_net,Petroleum Refining,,,GHG,Fugitive,2030,,QuebecEmissions|GHG Total|Fugitive|Industry|Non Mfg|Petroleum Refining2030
Quebec,Emissions|GHG Total|Fugitive|Industry|Non Mfg|Petroleum Refining,Emissions,emissions_total_cumul_net,Petroleum Refining,,,GHG,Fugitive,2035,,QuebecEmissions|GHG Total|Fugitive|Industry|Non Mfg|Petroleum Refining2035
Quebec,Emissions|GHG Total|Fugitive|Industry|Non Mfg|Petroleum Refining,Emissions,emissions_total_cumul_net,Petroleum Refining,,,GHG,Fugitive,2040,,QuebecEmissions|GHG Total|Fugitive|Industry|Non Mfg|Petroleum Refining2040
Quebec,Emissions|GHG Total|Fugitive|Industry|Non Mfg|Petroleum Refining,Emissions,emissions_total_cumul_net,Petroleum Refining,,,GHG,Fugitive,2045,,QuebecEmissions|GHG Total|Fugitive|Industry|Non Mfg|Petroleum Refining2045
Quebec,Emissions|GHG Total|Fugitive|Industry|Non Mfg|Petroleum Refining,Emissions,emissions_total_cumul_net,Petroleum Refining,,,GHG,Fugitive,2050,,QuebecEmissions|GHG Total|Fugitive|Industry|Non Mfg|Petroleum Refining2050
Quebec,Emissions|GHG Total|Industrial Process,Emissions,emissions_total_cumul_net,Economy,,,GHG,Process,2015,,QuebecEmissions|GHG Total|Industrial Process2015
Quebec,Emissions|GHG Total|Industrial Process,Emissions,emissions_total_cumul_net,Economy,,,GHG,Process,2020,,QuebecEmissions|GHG Total|Industrial Process2020
Quebec,Emissions|GHG Total|Industrial Process,Emissions,emissions_total_cumul_net,Economy,,,GHG,Process,2025,,QuebecEmissions|GHG Total|Industrial Process2025
Quebec,Emissions|GHG Total|Industrial Process,Emissions,emissions_total_cumul_net,Economy,,,GHG,Process,2030,,QuebecEmissions|GHG Total|Industrial Process2030
Quebec,Emissions|GHG Total|Industrial Process,Emissions,emissions_total_cumul_net,Economy,,,GHG,Process,2035,,QuebecEmissions|GHG Total|Industrial Process2035
Quebec,Emissions|GHG Total|Industrial Process,Emissions,emissions_total_cumul_net,Economy,,,GHG,Process,2040,,QuebecEmissions|GHG Total|Industrial Process2040
Quebec,Emissions|GHG Total|Industrial Process,Emissions,emissions_total_cumul_net,Economy,,,GHG,Process,2045,,QuebecEmissions|GHG Total|Industrial Process2045
Quebec,Emissions|GHG Total|Industrial Process,Emissions,emissions_total_cumul_net,Economy,,,GHG,Process,2050,,QuebecEmissions|GHG Total|Industrial Process2050
Quebec,Price|Carbon,Price,tax,Economy,,,CO2,Combustion,2015,,QuebecPrice|Carbon2015
Quebec,Price|Carbon,Price,tax,Economy,,,CO2,Combustion,2020,,QuebecPrice|Carbon2020
Quebec,Price|Carbon,Price,tax,Economy,,,CO2,Combustion,2025,,QuebecPrice|Carbon2025
Quebec,Price|Carbon,Price,tax,Economy,,,CO2,Combustion,2030,,QuebecPrice|Carbon2030
Quebec,Price|Carbon,Price,tax,Economy,,,CO2,Combustion,2035,,QuebecPrice|Carbon2035
Quebec,Price|Carbon,Price,tax,Economy,,,CO2,Combustion,2040,,QuebecPrice|Carbon2040
Quebec,Price|Carbon,Price,tax,Economy,,,CO2,Combustion,2045,,QuebecPrice|Carbon2045
Quebec,Price|Carbon,Price,tax,Economy,,,CO2,Combustion,2050,,QuebecPrice|Carbon2050
Quebec,Price|Use Final|Biogas,Price,lcc_financial,CIMS,Biogas,,,,2015,,QuebecPrice|Use Final|Biogas2015
Quebec,Price|Use Final|Biogas,Price,lcc_financial,CIMS,Biogas,,,,2020,,QuebecPrice|Use Final|Biogas2020
Quebec,Price|Use Final|Biogas,Price,lcc_financial,CIMS,Biogas,,,,2025,,QuebecPrice|Use Final|Biogas2025
Quebec,Price|Use Final|Biogas,Price,lcc_financial,CIMS,Biogas,,,,2030,,QuebecPrice|Use Final|Biogas2030
Quebec,Price|Use Final|Biogas,Price,lcc_financial,CIMS,Biogas,,,,2035,,QuebecPrice|Use Final|Biogas2035
Quebec,Price|Use Final|Biogas,Price,lcc_financial,CIMS,Biogas,,,,2040,,QuebecPrice|Use Final|Biogas2040
Quebec,Price|Use Final|Biogas,Price,lcc_financial,CIMS,Biogas,,,,2045,,QuebecPrice|Use Final|Biogas2045
Quebec,Price|Use Final|Biogas,Price,lcc_financial,CIMS,Biogas,,,,2050,,QuebecPrice|Use Final|Biogas2050
Quebec,Price|Use Final|Biomass Liquids,Price,lcc_financial,Biodiesel,,,,,2015,,QuebecPrice|Use Final|Biomass Liquids2015
Quebec,Price|Use Final|Biomass Liquids,Price,lcc_financial,Biodiesel,,,,,2020,,QuebecPrice|Use Final|Biomass Liquids2020
Quebec,Price|Use Final|Biomass Liquids,Price,lcc_financial,Biodiesel,,,,,2025,,QuebecPrice|Use Final|Biomass Liquids2025
Quebec,Price|Use Final|Biomass Liquids,Price,lcc_financial,Biodiesel,,,,,2030,,QuebecPrice|Use Final|Biomass Liquids2030
Quebec,Price|Use Final|Biomass Liquids,Price,lcc_financial,Biodiesel,,,,,2035,,QuebecPrice|Use Final|Biomass Liquids2035
Quebec,Price|Use Final|Biomass Liquids,Price,lcc_financial,Biodiesel,,,,,2040,,QuebecPrice|Use Final|Biomass Liquids2040
Quebec,Price|Use Final|Biomass Liquids,Price,lcc_financial,Biodiesel,,,,,2045,,QuebecPrice|Use Final|Biomass Liquids2045
Quebec,Price|Use Final|Biomass Liquids,Price,lcc_financial,Biodiesel,,,,,2050,,QuebecPrice|Use Final|Biomass Liquids2050
Quebec,Price|Use Final|Biomass Solids,Price,lcc_financial,CIMS,Solid Biomass,,,,2015,,QuebecPrice|Use Final|Biomass Solids2015
Quebec,Price|Use Final|Biomass Solids,Price,lcc_financial,CIMS,Solid Biomass,,,,2020,,QuebecPrice|Use Final|Biomass Solids2020
Quebec,Price|Use Final|Biomass Solids,Price,lcc_financial,CIMS,Solid Biomass,,,,2025,,QuebecPrice|Use Final|Biomass Solids2025
Quebec,Price|Use Final|Biomass Solids,Price,lcc_financial,CIMS,Solid Biomass,,,,2030,,QuebecPrice|Use Final|Biomass Solids2030
Quebec,Price|Use Final|Biomass Solids,Price,lcc_financial,CIMS,Solid Biomass,,,,2035,,QuebecPrice|Use Final|Biomass Solids2035
Quebec,Price|Use Final|Biomass Solids,Price,lcc_financial,CIMS,Solid Biomass,,,,2040,,QuebecPrice|Use Final|Biomass Solids2040
Quebec,Price|Use Final|Biomass Solids,Price,lcc_financial,CIMS,Solid Biomass,,,,2045,,QuebecPrice|Use Final|Biomass Solids2045
Quebec,Price|Use Final|Biomass Solids,Price,lcc_financial,CIMS,Solid Biomass,,,,2050,,QuebecPrice|Use Final|Biomass Solids2050
Quebec,Price|Use Final|Electricity,Price,lcc_financial,Electricity,,,,,2015,,QuebecPrice|Use Final|Electricity2015
Quebec,Price|Use Final|Electricity,Price,lcc_financial,Electricity,,,,,2020,,QuebecPrice|Use Final|Electricity2020
Quebec,Price|Use Final|Electricity,Price,lcc_financial,Electricity,,,,,2025,,QuebecPrice|Use Final|Electricity2025
Quebec,Price|Use Final|Electricity,Price,lcc_financial,Electricity,,,,,2030,,QuebecPrice|Use Final|Electricity2030
Quebec,Price|Use Final|Electricity,Price,lcc_financial,Electricity,,,,,2035,,QuebecPrice|Use Final|Electricity2035
Quebec,Price|Use Final|Electricity,Price,lcc_financial,Electricity,,,,,2040,,QuebecPrice|Use Final|Electricity2040
Quebec,Price|Use Final|Electricity,Price,lcc_financial,Electricity,,,,,2045,,QuebecPrice|Use Final|Electricity2045
Quebec,Price|Use Final|Electricity,Price,lcc_financial,Electricity,,,,,2050,,QuebecPrice|Use Final|Electricity2050
Quebec,Price|Use Final|Gas,Price,lcc_financial,CIMS,Natural Gas,,,,2015,,QuebecPrice|Use Final|Gas2015
Quebec,Price|Use Final|Gas,Price,lcc_financial,CIMS,Natural Gas,,,,2020,,QuebecPrice|Use Final|Gas2020
Quebec,Price|Use Final|Gas,Price,lcc_financial,CIMS,Natural Gas,,,,2025,,QuebecPrice|Use Final|Gas2025
Quebec,Price|Use Final|Gas,Price,lcc_financial,CIMS,Natural Gas,,,,2030,,QuebecPrice|Use Final|Gas2030
Quebec,Price|Use Final|Gas,Price,lcc_financial,CIMS,Natural Gas,,,,2035,,QuebecPrice|Use Final|Gas2035
Quebec,Price|Use Final|Gas,Price,lcc_financial,CIMS,Natural Gas,,,,2040,,QuebecPrice|Use Final|Gas2040
Quebec,Price|Use Final|Gas,Price,lcc_financial,CIMS,Natural Gas,,,,2045,,QuebecPrice|Use Final|Gas2045
Quebec,Price|Use Final|Gas,Price,lcc_financial,CIMS,Natural Gas,,,,2050,,QuebecPrice|Use Final|Gas2050
Quebec,Price|Use Final|Hydrogen,Price,lcc_financial,Hydrogen,,,,,2015,,QuebecPrice|Use Final|Hydrogen2015
Quebec,Price|Use Final|Hydrogen,Price,lcc_financial,Hydrogen,,,,,2020,,QuebecPrice|Use Final|Hydrogen2020
Quebec,Price|Use Final|Hydrogen,Price,lcc_financial,Hydrogen,,,,,2025,,QuebecPrice|Use Final|Hydrogen2025
Quebec,Price|Use Final|Hydrogen,Price,lcc_financial,Hydrogen,,,,,2030,,QuebecPrice|Use Final|Hydrogen2030
Quebec,Price|Use Final|Hydrogen,Price,lcc_financial,Hydrogen,,,,,2035,,QuebecPrice|Use Final|Hydrogen2035
Quebec,Price|Use Final|Hydrogen,Price,lcc_financial,Hydrogen,,,,,2040,,QuebecPrice|Use Final|Hydrogen2040
Quebec,Price|Use Final|Hydrogen,Price,lcc_financial,Hydrogen,,,,,2045,,QuebecPrice|Use Final|Hydrogen2045
Quebec,Price|Use Final|Hydrogen,Price,lcc_financial,Hydrogen,,,,,2050,,QuebecPrice|Use Final|Hydrogen2050
Quebec,Price|Use Final|Oil,Price,lcc_financial,CIMS,Diesel,,,,2015,,QuebecPrice|Use Final|Oil2015
Quebec,Price|Use Final|Oil,Price,lcc_financial,CIMS,Diesel,,,,2020,,QuebecPrice|Use Final|Oil2020
Quebec,Price|Use Final|Oil,Price,lcc_financial,CIMS,Diesel,,,,2025,,QuebecPrice|Use Final|Oil2025
Quebec,Price|Use Final|Oil,Price,lcc_financial,CIMS,Diesel,,,,2030,,QuebecPrice|Use Final|Oil2030
Quebec,Price|Use Final|Oil,Price,lcc_financial,CIMS,Diesel,,,,2035,,QuebecPrice|Use Final|Oil2035
Quebec,Price|Use Final|Oil,Price,lcc_financial,CIMS,Diesel,,,,2040,,QuebecPrice|Use Final|Oil2040
Quebec,Price|Use Final|Oil,Price,lcc_financial,CIMS,Diesel,,,,2045,,QuebecPrice|Use Final|Oil2045
Quebec,Price|Use Final|Oil,Price,lcc_financial,CIMS,Diesel,,,,2050,,QuebecPrice|Use Final|Oil2050
Quebec,Price no ctax|Use Final|Biogas,Price,lcc_financial,CIMS,Biogas,,,,2015,,QuebecPrice no ctax|Use Final|Biogas2015
Quebec,Price no ctax|Use Final|Biogas,Price,lcc_financial,CIMS,Biogas,,,,2020,,QuebecPrice no ctax|Use Final|Biogas2020
Quebec,Price no ctax|Use Final|Biogas,Price,lcc_financial,CIMS,Biogas,,,,2025,,QuebecPrice no ctax|Use Final|Biogas2025
Quebec,Price no ctax|Use Final|Biogas,Price,lcc_financial,CIMS,Biogas,,,,2030,,QuebecPrice no ctax|Use Final|Biogas2030
Quebec,Price no ctax|Use Final|Biogas,Price,lcc_financial,CIMS,Biogas,,,,2035,,QuebecPrice no ctax|Use Final|Biogas2035
Quebec,Price no ctax|Use Final|Biogas,Price,lcc_financial,CIMS,Biogas,,,,2040,,QuebecPrice no ctax|Use Final|Biogas2040
Quebec,Price no ctax|Use Final|Biogas,Price,lcc_financial,CIMS,Biogas,,,,2045,,QuebecPrice no ctax|Use Final|Biogas2045
Quebec,Price no ctax|Use Final|Biogas,Price,lcc_financial,CIMS,Biogas,,,,2050,,QuebecPrice no ctax|Use Final|Biogas2050
Quebec,Price no ctax|Use Final|Biomass Liquids,Price,lcc_financial,Biodiesel,,,,,2015,,QuebecPrice no ctax|Use Final|Biomass Liquids2015
Quebec,Price no ctax|Use Final|Biomass Liquids,Price,lcc_financial,Biodiesel,,,,,2020,,QuebecPrice no ctax|Use Final|Biomass Liquids2020
Quebec,Price no ctax|Use Final|Biomass Liquids,Price,lcc_financial,Biodiesel,,,,,2025,,QuebecPrice no ctax|Use Final|Biomass Liquids2025
Quebec,Price no ctax|Use Final|Biomass Liquids,Price,lcc_financial,Biodiesel,,,,,2030,,QuebecPrice no ctax|Use Final|Biomass Liquids2030
Quebec,Price no ctax|Use Final|Biomass Liquids,Price,lcc_financial,Biodiesel,,,,,2035,,QuebecPrice no ctax|Use Final|Biomass Liquids2035
Quebec,Price no ctax|Use Final|Biomass Liquids,Price,lcc_financial,Biodiesel,,,,,2040,,QuebecPrice no ctax|Use Final|Biomass Liquids2040
Quebec,Price no ctax|Use Final|Biomass Liquids,Price,lcc_financial,Biodiesel,,,,,2045,,QuebecPrice no ctax|Use Final|Biomass Liquids2045
Quebec,Price no ctax|Use Final|Biomass Liquids,Price,lcc_financial,Biodiesel,,,,,2050,,QuebecPrice no ctax|Use Final|Biomass Liquids2050
Quebec,Price no ctax|Use Final|Biomass Solids,Price,lcc_financial,CIMS,Solid Biomass,,,,2015,,QuebecPrice no ctax|Use Final|Biomass Solids2015
Quebec,Price no ctax|Use Final|Biomass Solids,Price,lcc_financial,CIMS,Solid Biomass,,,,2020,,QuebecPrice no ctax|Use Final|Biomass Solids2020
Quebec,Price no ctax|Use Final|Biomass Solids,Price,lcc_financial,CIMS,Solid Biomass,,,,2025,,QuebecPrice no ctax|Use Final|Biomass Solids2025
Quebec,Price no ctax|Use Final|Biomass Solids,Price,lcc_financial,CIMS,Solid Biomass,,,,2030,,QuebecPrice no ctax|Use Final|Biomass Solids2030
Quebec,Price no ctax|Use Final|Biomass Solids,Price,lcc_financial,CIMS,Solid Biomass,,,,2035,,QuebecPrice no ctax|Use Final|Biomass Solids2035
Quebec,Price no ctax|Use Final|Biomass Solids,Price,lcc_financial,CIMS,Solid Biomass,,,,2040,,QuebecPrice no ctax|Use Final|Biomass Solids2040
Quebec,Price no ctax|Use Final|Biomass Solids,Price,lcc_financial,CIMS,Solid Biomass,,,,2045,,QuebecPrice no ctax|Use Final|Biomass Solids2045
Quebec,Price no ctax|Use Final|Biomass Solids,Price,lcc_financial,CIMS,Solid Biomass,,,,2050,,QuebecPrice no ctax|Use Final|Biomass Solids2050
Quebec,Price no ctax|Use Final|Electricity,Price,lcc_financial,Electricity,,,,,2015,,QuebecPrice no ctax|Use Final|Electricity2015
Quebec,Price no ctax|Use Final|Electricity,Price,lcc_financial,Electricity,,,,,2020,,QuebecPrice no ctax|Use Final|Electricity2020
Quebec,Price no ctax|Use Final|Electricity,Price,lcc_financial,Electricity,,,,,2025,,QuebecPrice no ctax|Use Final|Electricity2025
Quebec,Price no ctax|Use Final|Electricity,Price,lcc_financial,Electricity,,,,,2030,,QuebecPrice no ctax|Use Final|Electricity2030
Quebec,Price no ctax|Use Final|Electricity,Price,lcc_financial,Electricity,,,,,2035,,QuebecPrice no ctax|Use Final|Electricity2035
Quebec,Price no ctax|Use Final|Electricity,Price,lcc_financial,Electricity,,,,,2040,,QuebecPrice no ctax|Use Final|Electricity2040
Quebec,Price no ctax|Use Final|Electricity,Price,lcc_financial,Electricity,,,,,2045,,QuebecPrice no ctax|Use Final|Electricity2045
Quebec,Price no ctax|Use Final|Electricity,Price,lcc_financial,Electricity,,,,,2050,,QuebecPrice no ctax|Use Final|Electricity2050
Quebec,Price no ctax|Use Final|Gas,Price,lcc_financial,CIMS,Natural Gas,,,,2015,,QuebecPrice no ctax|Use Final|Gas2015
Quebec,Price no ctax|Use Final|Gas,Price,lcc_financial,CIMS,Natural Gas,,,,2020,,QuebecPrice no ctax|Use Final|Gas2020
Quebec,Price no ctax|Use Final|Gas,Price,lcc_financial,CIMS,Natural Gas,,,,2025,,QuebecPrice no ctax|Use Final|Gas2025
Quebec,Price no ctax|Use Final|Gas,Price,lcc_financial,CIMS,Natural Gas,,,,2030,,QuebecPrice no ctax|Use Final|Gas2030
Quebec,Price no ctax|Use Final|Gas,Price,lcc_financial,CIMS,Natural Gas,,,,2035,,QuebecPrice no ctax|Use Final|Gas2035
Quebec,Price no ctax|Use Final|Gas,Price,lcc_financial,CIMS,Natural Gas,,,,2040,,QuebecPrice no ctax|Use Final|Gas2040
Quebec,Price no ctax|Use Final|Gas,Price,lcc_financial,CIMS,Natural Gas,,,,2045,,QuebecPrice no ctax|Use Final|Gas2045
Quebec,Price no ctax|Use Final|Gas,Price,lcc_financial,CIMS,Natural Gas,,,,2050,,QuebecPrice no ctax|Use Final|Gas2050
Quebec,Price no ctax|Use Final|Hydrogen,Price,lcc_financial,Hydrogen,,,,,2015,,QuebecPrice no ctax|Use Final|Hydrogen2015
Quebec,Price no ctax|Use Final|Hydrogen,Price,lcc_financial,Hydrogen,,,,,2020,,QuebecPrice no ctax|Use Final|Hydrogen2020
Quebec,Price no ctax|Use Final|Hydrogen,Price,lcc_financial,Hydrogen,,,,,2025,,QuebecPrice no ctax|Use Final|Hydrogen2025
Quebec,Price no ctax|Use Final|Hydrogen,Price,lcc_financial,Hydrogen,,,,,2030,,QuebecPrice no ctax|Use Final|Hydrogen2030
Quebec,Price no ctax|Use Final|Hydrogen,Price,lcc_financial,Hydrogen,,,,,2035,,QuebecPrice no ctax|Use Final|Hydrogen2035
Quebec,Price no ctax|Use Final|Hydrogen,Price,lcc_financial,Hydrogen,,,,,2040,,QuebecPrice no ctax|Use Final|Hydrogen2040
Quebec,Price no ctax|Use Final|Hydrogen,Price,lcc_financial,Hydrogen,,,,,2045,,QuebecPrice no ctax|Use Final|Hydrogen2045
Quebec,Price no ctax|Use Final|Hydrogen,Price,lcc_financial,Hydrogen,,,,,2050,,QuebecPrice no ctax|Use Final|Hydrogen2050
Quebec,Price no ctax|Use Final|Oil,Price,lcc_financial,CIMS,Diesel,,,,2015,,QuebecPrice no ctax|Use Final|Oil2015
Quebec,Price no ctax|Use Final|Oil,Price,lcc_financial,CIMS,Diesel,,,,2020,,QuebecPrice no ctax|Use Final|Oil2020
Quebec,Price no ctax|Use Final|Oil,Price,lcc_financial,CIMS,Diesel,,,,2025,,QuebecPrice no ctax|Use Final|Oil2025
Quebec,Price no ctax|Use Final|Oil,Price,lcc_financial,CIMS,Diesel,,,,2030,,QuebecPrice no ctax|Use Final|Oil2030
Quebec,Price no ctax|Use Final|Oil,Price,lcc_financial,CIMS,Diesel,,,,2035,,QuebecPrice no ctax|Use Final|Oil2035
Quebec,Price no ctax|Use Final|Oil,Price,lcc_financial,CIMS,Diesel,,,,2040,,QuebecPrice no ctax|Use Final|Oil2040
Quebec,Price no ctax|Use Final|Oil,Price,lcc_financial,CIMS,Diesel,,,,2045,,QuebecPrice no ctax|Use Final|Oil2045
Quebec,Price no ctax|Use Final|Oil,Price,lcc_financial,CIMS,Diesel,,,,2050,,QuebecPrice no ctax|Use Final|Oil2050
Quebec,Price|Use Primary|Biomass,Price,lcc_financial,CIMS,Solid Biomass,,,,2015,,QuebecPrice|Use Primary|Biomass2015
Quebec,Price|Use Primary|Biomass,Price,lcc_financial,CIMS,Solid Biomass,,,,2020,,QuebecPrice|Use Primary|Biomass2020
Quebec,Price|Use Primary|Biomass,Price,lcc_financial,CIMS,Solid Biomass,,,,2025,,QuebecPrice|Use Primary|Biomass2025
Quebec,Price|Use Primary|Biomass,Price,lcc_financial,CIMS,Solid Biomass,,,,2030,,QuebecPrice|Use Primary|Biomass2030
Quebec,Price|Use Primary|Biomass,Price,lcc_financial,CIMS,Solid Biomass,,,,2035,,QuebecPrice|Use Primary|Biomass2035
Quebec,Price|Use Primary|Biomass,Price,lcc_financial,CIMS,Solid Biomass,,,,2040,,QuebecPrice|Use Primary|Biomass2040
Quebec,Price|Use Primary|Biomass,Price,lcc_financial,CIMS,Solid Biomass,,,,2045,,QuebecPrice|Use Primary|Biomass2045
Quebec,Price|Use Primary|Biomass,Price,lcc_financial,CIMS,Solid Biomass,,,,2050,,QuebecPrice|Use Primary|Biomass2050
Quebec,Price|Use Primary|Coal,Price,lcc_financial,CIMS,Thermal Coal,,,,2015,,QuebecPrice|Use Primary|Coal2015
Quebec,Price|Use Primary|Coal,Price,lcc_financial,CIMS,Thermal Coal,,,,2020,,QuebecPrice|Use Primary|Coal2020
Quebec,Price|Use Primary|Coal,Price,lcc_financial,CIMS,Thermal Coal,,,,2025,,QuebecPrice|Use Primary|Coal2025
Quebec,Price|Use Primary|Coal,Price,lcc_financial,CIMS,Thermal Coal,,,,2030,,QuebecPrice|Use Primary|Coal2030
Quebec,Price|Use Primary|Coal,Price,lcc_financial,CIMS,Thermal Coal,,,,2035,,QuebecPrice|Use Primary|Coal2035
Quebec,Price|Use Primary|Coal,Price,lcc_financial,CIMS,Thermal Coal,,,,2040,,QuebecPrice|Use Primary|Coal2040
Quebec,Price|Use Primary|Coal,Price,lcc_financial,CIMS,Thermal Coal,,,,2045,,QuebecPrice|Use Primary|Coal2045
Quebec,Price|Use Primary|Coal,Price,lcc_financial,CIMS,Thermal Coal,,,,2050,,QuebecPrice|Use Primary|Coal2050
Quebec,Price|Use Primary|Gas,Price,lcc_financial,CIMS,Natural Gas,,,,2015,,QuebecPrice|Use Primary|Gas2015
Quebec,Price|Use Primary|Gas,Price,lcc_financial,CIMS,Natural Gas,,,,2020,,QuebecPrice|Use Primary|Gas2020
Quebec,Price|Use Primary|Gas,Price,lcc_financial,CIMS,Natural Gas,,,,2025,,QuebecPrice|Use Primary|Gas2025
Quebec,Price|Use Primary|Gas,Price,lcc_financial,CIMS,Natural Gas,,,,2030,,QuebecPrice|Use Primary|Gas2030
Quebec,Price|Use Primary|Gas,Price,lcc_financial,CIMS,Natural Gas,,,,2035,,QuebecPrice|Use Primary|Gas2035
Quebec,Price|Use Primary|Gas,Price,lcc_financial,CIMS,Natural Gas,,,,2040,,QuebecPrice|Use Primary|Gas2040
Quebec,Price|Use Primary|Gas,Price,lcc_financial,CIMS,Natural Gas,,,,2045,,QuebecPrice|Use Primary|Gas2045
Quebec,Price|Use Primary|Gas,Price,lcc_financial,CIMS,Natural Gas,,,,2050,,QuebecPrice|Use Primary|Gas2050
Quebec,Production Primary|Coal,Production,quantity_provided,Coal Production,,,,,2015,,QuebecProduction Primary|Coal2015
Quebec,Production Primary|Coal,Production,quantity_provided,Coal Production,,,,,2020,,QuebecProduction Primary|Coal2020
Quebec,Production Primary|Coal,Production,quantity_provided,Coal Production,,,,,2025,,QuebecProduction Primary|Coal2025
Quebec,Production Primary|Coal,Production,quantity_provided,Coal Production,,,,,2030,,QuebecProduction Primary|Coal2030
Quebec,Production Primary|Coal,Production,quantity_provided,Coal Production,,,,,2035,,QuebecProduction Primary|Coal2035
Quebec,Production Primary|Coal,Production,quantity_provided,Coal Production,,,,,2040,,QuebecProduction Primary|Coal2040
Quebec,Production Primary|Coal,Production,quantity_provided,Coal Production,,,,,2045,,QuebecProduction Primary|Coal2045
Quebec,Production Primary|Coal,Production,quantity_provided,Coal Production,,,,,2050,,QuebecProduction Primary|Coal2050
Quebec,Production Primary|Gas,Production,quantity_provided,Natural Gas Production,,,,,2015,,QuebecProduction Primary|Gas2015
Quebec,Production Primary|Gas,Production,quantity_provided,Natural Gas Production,,,,,2020,,QuebecProduction Primary|Gas2020
Quebec,Production Primary|Gas,Production,quantity_provided,Natural Gas Production,,,,,2025,,QuebecProduction Primary|Gas2025
Quebec,Production Primary|Gas,Production,quantity_provided,Natural Gas Production,,,,,2030,,QuebecProduction Primary|Gas2030
Quebec,Production Primary|Gas,Production,quantity_provided,Natural Gas Production,,,,,2035,,QuebecProduction Primary|Gas2035
Quebec,Production Primary|Gas,Production,quantity_provided,Natural Gas Production,,,,,2040,,QuebecProduction Primary|Gas2040
Quebec,Production Primary|Gas,Production,quantity_provided,Natural Gas Production,,,,,2045,,QuebecProduction Primary|Gas2045
Quebec,Production Primary|Gas,Production,quantity_provided,Natural Gas Production,,,,,2050,,QuebecProduction Primary|Gas2050
Quebec,Production Primary|Oil,Production,quantity_provided,Crude Oil Production,,,,,2015,,QuebecProduction Primary|Oil2015
Quebec,Production Primary|Oil,Production,quantity_provided,Crude Oil Production,,,,,2020,,QuebecProduction Primary|Oil2020
Quebec,Production Primary|Oil,Production,quantity_provided,Crude Oil Production,,,,,2025,,QuebecProduction Primary|Oil2025
Quebec,Production Primary|Oil,Production,quantity_provided,Crude Oil Production,,,,,2030,,QuebecProduction Primary|Oil2030
Quebec,Production Primary|Oil,Production,quantity_provided,Crude Oil Production,,,,,2035,,QuebecProduction Primary|Oil2035
Quebec,Production Primary|Oil,Production,quantity_provided,Crude Oil Production,,,,,2040,,QuebecProduction Primary|Oil2040
Quebec,Production Primary|Oil,Production,quantity_provided,Crude Oil Production,,,,,2045,,QuebecProduction Primary|Oil2045
Quebec,Production Primary|Oil,Production,quantity_provided,Crude Oil Production,,,,,2050,,QuebecProduction Primary|Oil2050
Quebec,Production Secondary|Biogas,Production,quantity_provided,CIMS,Biogas,,,,2015,,QuebecProduction Secondary|Biogas2015
Quebec,Production Secondary|Biogas,Production,quantity_provided,CIMS,Biogas,,,,2020,,QuebecProduction Secondary|Biogas2020
Quebec,Production Secondary|Biogas,Production,quantity_provided,CIMS,Biogas,,,,2025,,QuebecProduction Secondary|Biogas2025
Quebec,Production Secondary|Biogas,Production,quantity_provided,CIMS,Biogas,,,,2030,,QuebecProduction Secondary|Biogas2030
Quebec,Production Secondary|Biogas,Production,quantity_provided,CIMS,Biogas,,,,2035,,QuebecProduction Secondary|Biogas2035
Quebec,Production Secondary|Biogas,Production,quantity_provided,CIMS,Biogas,,,,2040,,QuebecProduction Secondary|Biogas2040
Quebec,Production Secondary|Biogas,Production,quantity_provided,CIMS,Biogas,,,,2045,,QuebecProduction Secondary|Biogas2045
Quebec,Production Secondary|Biogas,Production,quantity_provided,CIMS,Biogas,,,,2050,,QuebecProduction Secondary|Biogas2050
Quebec,Production Secondary|Biomass Liquids,Production,quantity_provided,Biofuels,,,,,2015,,QuebecProduction Secondary|Biomass Liquids2015
Quebec,Production Secondary|Biomass Liquids,Production,quantity_provided,Biofuels,,,,,2020,,QuebecProduction Secondary|Biomass Liquids2020
Quebec,Production Secondary|Biomass Liquids,Production,quantity_provided,Biofuels,,,,,2025,,QuebecProduction Secondary|Biomass Liquids2025
Quebec,Production Secondary|Biomass Liquids,Production,quantity_provided,Biofuels,,,,,2030,,QuebecProduction Secondary|Biomass Liquids2030
Quebec,Production Secondary|Biomass Liquids,Production,quantity_provided,Biofuels,,,,,2035,,QuebecProduction Secondary|Biomass Liquids2035
Quebec,Production Secondary|Biomass Liquids,Production,quantity_provided,Biofuels,,,,,2040,,QuebecProduction Secondary|Biomass Liquids2040
Quebec,Production Secondary|Biomass Liquids,Production,quantity_provided,Biofuels,,,,,2045,,QuebecProduction Secondary|Biomass Liquids2045
Quebec,Production Secondary|Biomass Liquids,Production,quantity_provided,Biofuels,,,,,2050,,QuebecProduction Secondary|Biomass Liquids2050
Quebec,Production Secondary|Electricity,Production,quantity_requested,Economy,Electricity,,,,2015,,QuebecProduction Secondary|Electricity2015
Quebec,Production Secondary|Electricity,Production,quantity_requested,Economy,Electricity,,,,2020,,QuebecProduction Secondary|Electricity2020
Quebec,Production Secondary|Electricity,Production,quantity_requested,Economy,Electricity,,,,2025,,QuebecProduction Secondary|Electricity2025
Quebec,Production Secondary|Electricity,Production,quantity_requested,Economy,Electricity,,,,2030,,QuebecProduction Secondary|Electricity2030
Quebec,Production Secondary|Electricity,Production,quantity_requested,Economy,Electricity,,,,2035,,QuebecProduction Secondary|Electricity2035
Quebec,Production Secondary|Electricity,Production,quantity_requested,Economy,Electricity,,,,2040,,QuebecProduction Secondary|Electricity2040
Quebec,Production Secondary|Electricity,Production,quantity_requested,Economy,Electricity,,,,2045,,QuebecProduction Secondary|Electricity2045
Quebec,Production Secondary|Electricity,Production,quantity_requested,Economy,Electricity,,,,2050,,QuebecProduction Secondary|Electricity2050
Quebec,Production Secondary|Electricity|DER,Production,quantity_distributed,Economy,Electricity,,,,2015,,QuebecProduction Secondary|Electricity|DER2015
Quebec,Production Secondary|Electricity|DER,Production,quantity_distributed,Economy,Electricity,,,,2020,,QuebecProduction Secondary|Electricity|DER2020
Quebec,Production Secondary|Electricity|DER,Production,quantity_distributed,Economy,Electricity,,,,2025,,QuebecProduction Secondary|Electricity|DER2025
Quebec,Production Secondary|Electricity|DER,Production,quantity_distributed,Economy,Electricity,,,,2030,,QuebecProduction Secondary|Electricity|DER2030
Quebec,Production Secondary|Electricity|DER,Production,quantity_distributed,Economy,Electricity,,,,2035,,QuebecProduction Secondary|Electricity|DER2035
Quebec,Production Secondary|Electricity|DER,Production,quantity_distributed,Economy,Electricity,,,,2040,,QuebecProduction Secondary|Electricity|DER2040
Quebec,Production Secondary|Electricity|DER,Production,quantity_distributed,Economy,Electricity,,,,2045,,QuebecProduction Secondary|Electricity|DER2045
Quebec,Production Secondary|Electricity|DER,Production,quantity_distributed,Economy,Electricity,,,,2050,,QuebecProduction Secondary|Electricity|DER2050
Quebec,Production Secondary|Electricity|DER|CHP,Production,quantity_distributed,Economy,Electricity,,,,2015,,QuebecProduction Secondary|Electricity|DER|CHP2015
Quebec,Production Secondary|Electricity|DER|CHP,Production,quantity_distributed,Economy,Electricity,,,,2020,,QuebecProduction Secondary|Electricity|DER|CHP2020
Quebec,Production Secondary|Electricity|DER|CHP,Production,quantity_distributed,Economy,Electricity,,,,2025,,QuebecProduction Secondary|Electricity|DER|CHP2025
Quebec,Production Secondary|Electricity|DER|CHP,Production,quantity_distributed,Economy,Electricity,,,,2030,,QuebecProduction Secondary|Electricity|DER|CHP2030
Quebec,Production Secondary|Electricity|DER|CHP,Production,quantity_distributed,Economy,Electricity,,,,2035,,QuebecProduction Secondary|Electricity|DER|CHP2035
Quebec,Production Secondary|Electricity|DER|CHP,Production,quantity_distributed,Economy,Electricity,,,,2040,,QuebecProduction Secondary|Electricity|DER|CHP2040
Quebec,Production Secondary|Electricity|DER|CHP,Production,quantity_distributed,Economy,Electricity,,,,2045,,QuebecProduction Secondary|Electricity|DER|CHP2045
Quebec,Production Secondary|Electricity|DER|CHP,Production,quantity_distributed,Economy,Electricity,,,,2050,,QuebecProduction Secondary|Electricity|DER|CHP2050
Quebec,Production Secondary|Electricity|Geothermal,Production,stock_total,Electricity,,Geoexchange,,,2015,,QuebecProduction Secondary|Electricity|Geothermal2015
Quebec,Production Secondary|Electricity|Geothermal,Production,stock_total,Electricity,,Geoexchange,,,2020,,QuebecProduction Secondary|Electricity|Geothermal2020
Quebec,Production Secondary|Electricity|Geothermal,Production,stock_total,Electricity,,Geoexchange,,,2025,,QuebecProduction Secondary|Electricity|Geothermal2025
Quebec,Production Secondary|Electricity|Geothermal,Production,stock_total,Electricity,,Geoexchange,,,2030,,QuebecProduction Secondary|Electricity|Geothermal2030
Quebec,Production Secondary|Electricity|Geothermal,Production,stock_total,Electricity,,Geoexchange,,,2035,,QuebecProduction Secondary|Electricity|Geothermal2035
Quebec,Production Secondary|Electricity|Geothermal,Production,stock_total,Electricity,,Geoexchange,,,2040,,QuebecProduction Secondary|Electricity|Geothermal2040
Quebec,Production Secondary|Electricity|Geothermal,Production,stock_total,Electricity,,Geoexchange,,,2045,,QuebecProduction Secondary|Electricity|Geothermal2045
Quebec,Production Secondary|Electricity|Geothermal,Production,stock_total,Electricity,,Geoexchange,,,2050,,QuebecProduction Secondary|Electricity|Geothermal2050
Quebec,Production Secondary|Electricity|Hydro,Production,stock_total,Electricity,,Hydro,,,2015,,QuebecProduction Secondary|Electricity|Hydro2015
Quebec,Production Secondary|Electricity|Hydro,Production,stock_total,Electricity,,Hydro,,,2020,,QuebecProduction Secondary|Electricity|Hydro2020
Quebec,Production Secondary|Electricity|Hydro,Production,stock_total,Electricity,,Hydro,,,2025,,QuebecProduction Secondary|Electricity|Hydro2025
Quebec,Production Secondary|Electricity|Hydro,Production,stock_total,Electricity,,Hydro,,,2030,,QuebecProduction Secondary|Electricity|Hydro2030
Quebec,Production Secondary|Electricity|Hydro,Production,stock_total,Electricity,,Hydro,,,2035,,QuebecProduction Secondary|Electricity|Hydro2035
Quebec,Production Secondary|Electricity|Hydro,Production,stock_total,Electricity,,Hydro,,,2040,,QuebecProduction Secondary|Electricity|Hydro2040
Quebec,Production Secondary|Electricity|Hydro,Production,stock_total,Electricity,,Hydro,,,2045,,QuebecProduction Secondary|Electricity|Hydro2045
Quebec,Production Secondary|Electricity|Hydro,Production,stock_total,Electricity,,Hydro,,,2050,,QuebecProduction Secondary|Electricity|Hydro2050
Quebec,Production Secondary|Electricity|Nuclear,Production,stock_total,Electricity,,Nuclear,,,2015,,QuebecProduction Secondary|Electricity|Nuclear2015
Quebec,Production Secondary|Electricity|Nuclear,Production,stock_total,Electricity,,Nuclear,,,2020,,QuebecProduction Secondary|Electricity|Nuclear2020
Quebec,Production Secondary|Electricity|Nuclear,Production,stock_total,Electricity,,Nuclear,,,2025,,QuebecProduction Secondary|Electricity|Nuclear2025
Quebec,Production Secondary|Electricity|Nuclear,Production,stock_total,Electricity,,Nuclear,,,2030,,QuebecProduction Secondary|Electricity|Nuclear2030
Quebec,Production Secondary|Electricity|Nuclear,Production,stock_total,Electricity,,Nuclear,,,2035,,QuebecProduction Secondary|Electricity|Nuclear2035
Quebec,Production Secondary|Electricity|Nuclear,Production,stock_total,Electricity,,Nuclear,,,2040,,QuebecProduction Secondary|Electricity|Nuclear2040
Quebec,Production Secondary|Electricity|Nuclear,Production,stock_total,Electricity,,Nuclear,,,2045,,QuebecProduction Secondary|Electricity|Nuclear2045
Quebec,Production Secondary|Electricity|Nuclear,Production,stock_total,Electricity,,Nuclear,,,2050,,QuebecProduction Secondary|Electricity|Nuclear2050
Quebec,Production Secondary|Electricity|Oil,Production,stock_total,Electricity,,Fuel Oil,,,2015,,QuebecProduction Secondary|Electricity|Oil2015
Quebec,Production Secondary|Electricity|Oil,Production,stock_total,Electricity,,Fuel Oil,,,2020,,QuebecProduction Secondary|Electricity|Oil2020
Quebec,Production Secondary|Electricity|Oil,Production,stock_total,Electricity,,Fuel Oil,,,2025,,QuebecProduction Secondary|Electricity|Oil2025
Quebec,Production Secondary|Electricity|Oil,Production,stock_total,Electricity,,Fuel Oil,,,2030,,QuebecProduction Secondary|Electricity|Oil2030
Quebec,Production Secondary|Electricity|Oil,Production,stock_total,Electricity,,Fuel Oil,,,2035,,QuebecProduction Secondary|Electricity|Oil2035
Quebec,Production Secondary|Electricity|Oil,Production,stock_total,Electricity,,Fuel Oil,,,2040,,QuebecProduction Secondary|Electricity|Oil2040
Quebec,Production Secondary|Electricity|Oil,Production,stock_total,Electricity,,Fuel Oil,,,2045,,QuebecProduction Secondary|Electricity|Oil2045
Quebec,Production Secondary|Electricity|Oil,Production,stock_total,Electricity,,Fuel Oil,,,2050,,QuebecProduction Secondary|Electricity|Oil2050
Quebec,Production Secondary|Electricity|Solar,Production,stock_total,Electricity,,Solar,,,2015,,QuebecProduction Secondary|Electricity|Solar2015
Quebec,Production Secondary|Electricity|Solar,Production,stock_total,Electricity,,Solar,,,2020,,QuebecProduction Secondary|Electricity|Solar2020
Quebec,Production Secondary|Electricity|Solar,Production,stock_total,Electricity,,Solar,,,2025,,QuebecProduction Secondary|Electricity|Solar2025
Quebec,Production Secondary|Electricity|Solar,Production,stock_total,Electricity,,Solar,,,2030,,QuebecProduction Secondary|Electricity|Solar2030
Quebec,Production Secondary|Electricity|Solar,Production,stock_total,Electricity,,Solar,,,2035,,QuebecProduction Secondary|Electricity|Solar2035
Quebec,Production Secondary|Electricity|Solar,Production,stock_total,Electricity,,Solar,,,2040,,QuebecProduction Secondary|Electricity|Solar2040
Quebec,Production Secondary|Electricity|Solar,Production,stock_total,Electricity,,Solar,,,2045,,QuebecProduction Secondary|Electricity|Solar2045
Quebec,Production Secondary|Electricity|Solar,Production,stock_total,Electricity,,Solar,,,2050,,QuebecProduction Secondary|Electricity|Solar2050
Quebec,Production Secondary|Electricity|Wind,Production,stock_total,Electricity,,Wind,,,2015,,QuebecProduction Secondary|Electricity|Wind2015
Quebec,Production Secondary|Electricity|Wind,Production,stock_total,Electricity,,Wind,,,2020,,QuebecProduction Secondary|Electricity|Wind2020
Quebec,Production Secondary|Electricity|Wind,Production,stock_total,Electricity,,Wind,,,2025,,QuebecProduction Secondary|Electricity|Wind2025
Quebec,Production Secondary|Electricity|Wind,Production,stock_total,Electricity,,Wind,,,2030,,QuebecProduction Secondary|Electricity|Wind2030
Quebec,Production Secondary|Electricity|Wind,Production,stock_total,Electricity,,Wind,,,2035,,QuebecProduction Secondary|Electricity|Wind2035
Quebec,Production Secondary|Electricity|Wind,Production,stock_total,Electricity,,Wind,,,2040,,QuebecProduction Secondary|Electricity|Wind2040
Quebec,Production Secondary|Electricity|Wind,Production,stock_total,Electricity,,Wind,,,2045,,QuebecProduction Secondary|Electricity|Wind2045
Quebec,Production Secondary|Electricity|Wind,Production,stock_total,Electricity,,Wind,,,2050,,QuebecProduction Secondary|Electricity|Wind2050
Quebec,Production Secondary|Hydrogen,Production,quantity_provided,Hydrogen,,,,,2015,,QuebecProduction Secondary|Hydrogen2015
Quebec,Production Secondary|Hydrogen,Production,quantity_provided,Hydrogen,,,,,2020,,QuebecProduction Secondary|Hydrogen2020
Quebec,Production Secondary|Hydrogen,Production,quantity_provided,Hydrogen,,,,,2025,,QuebecProduction Secondary|Hydrogen2025
Quebec,Production Secondary|Hydrogen,Production,quantity_provided,Hydrogen,,,,,2030,,QuebecProduction Secondary|Hydrogen2030
Quebec,Production Secondary|Hydrogen,Production,quantity_provided,Hydrogen,,,,,2035,,QuebecProduction Secondary|Hydrogen2035
Quebec,Production Secondary|Hydrogen,Production,quantity_provided,Hydrogen,,,,,2040,,QuebecProduction Secondary|Hydrogen2040
Quebec,Production Secondary|Hydrogen,Production,quantity_provided,Hydrogen,,,,,2045,,QuebecProduction Secondary|Hydrogen2045
Quebec,Production Secondary|Hydrogen,Production,quantity_provided,Hydrogen,,,,,2050,,QuebecProduction Secondary|Hydrogen2050
Quebec,Production Secondary|Refined Petroleum Products,Production,quantity_provided,Petroleum Refining,,,,,2015,,QuebecProduction Secondary|Refined Petroleum Products2015
Quebec,Production Secondary|Refined Petroleum Products,Production,quantity_provided,Petroleum Refining,,,,,2020,,QuebecProduction Secondary|Refined Petroleum Products2020
Quebec,Production Secondary|Refined Petroleum Products,Production,quantity_provided,Petroleum Refining,,,,,2025,,QuebecProduction Secondary|Refined Petroleum Products2025
Quebec,Production Secondary|Refined Petroleum Products,Production,quantity_provided,Petroleum Refining,,,,,2030,,QuebecProduction Secondary|Refined Petroleum Products2030
Quebec,Production Secondary|Refined Petroleum Products,Production,quantity_provided,Petroleum Refining,,,,,2035,,QuebecProduction Secondary|Refined Petroleum Products2035
Quebec,Production Secondary|Refined Petroleum Products,Production,quantity_provided,Petroleum Refining,,,,,2040,,QuebecProduction Secondary|Refined Petroleum Products2040
Quebec,Production Secondary|Refined Petroleum Products,Production,quantity_provided,Petroleum Refining,,,,,2045,,QuebecProduction Secondary|Refined Petroleum Products2045
Quebec,Production Secondary|Refined Petroleum Products,Production,quantity_provided,Petroleum Refining,,,,,2050,,QuebecProduction Secondary|Refined Petroleum Products2050
Quebec,Use Final,Use Final,quantity_requested,Economy,Total,,,,2015,,QuebecUse Final2015
Quebec,Use Final,Use Final,quantity_requested,Economy,Total,,,,2020,,QuebecUse Final2020
Quebec,Use Final,Use Final,quantity_requested,Economy,Total,,,,2025,,QuebecUse Final2025
Quebec,Use Final,Use Final,quantity_requested,Economy,Total,,,,2030,,QuebecUse Final2030
Quebec,Use Final,Use Final,quantity_requested,Economy,Total,,,,2035,,QuebecUse Final2035
Quebec,Use Final,Use Final,quantity_requested,Economy,Total,,,,2040,,QuebecUse Final2040
Quebec,Use Final,Use Final,quantity_requested,Economy,Total,,,,2045,,QuebecUse Final2045
Quebec,Use Final,Use Final,quantity_requested,Economy,Total,,,,2050,,QuebecUse Final2050
Quebec,Use Final|Energy|Biogas,Use Final,quantity_requested,Economy,Biogas,,,,2015,,QuebecUse Final|Energy|Biogas2015
Quebec,Use Final|Energy|Biogas,Use Final,quantity_requested,Economy,Biogas,,,,2020,,QuebecUse Final|Energy|Biogas2020
Quebec,Use Final|Energy|Biogas,Use Final,quantity_requested,Economy,Biogas,,,,2025,,QuebecUse Final|Energy|Biogas2025
Quebec,Use Final|Energy|Biogas,Use Final,quantity_requested,Economy,Biogas,,,,2030,,QuebecUse Final|Energy|Biogas2030
Quebec,Use Final|Energy|Biogas,Use Final,quantity_requested,Economy,Biogas,,,,2035,,QuebecUse Final|Energy|Biogas2035
Quebec,Use Final|Energy|Biogas,Use Final,quantity_requested,Economy,Biogas,,,,2040,,QuebecUse Final|Energy|Biogas2040
Quebec,Use Final|Energy|Biogas,Use Final,quantity_requested,Economy,Biogas,,,,2045,,QuebecUse Final|Energy|Biogas2045
Quebec,Use Final|Energy|Biogas,Use Final,quantity_requested,Economy,Biogas,,,,2050,,QuebecUse Final|Energy|Biogas2050
Quebec,Use Final|Energy|Biomass Liquids,Use Final,quantity_requested,Economy,Biomass Liquids,,,,2015,,QuebecUse Final|Energy|Biomass Liquids2015
Quebec,Use Final|Energy|Biomass Liquids,Use Final,quantity_requested,Economy,Biomass Liquids,,,,2020,,QuebecUse Final|Energy|Biomass Liquids2020
Quebec,Use Final|Energy|Biomass Liquids,Use Final,quantity_requested,Economy,Biomass Liquids,,,,2025,,QuebecUse Final|Energy|Biomass Liquids2025
Quebec,Use Final|Energy|Biomass Liquids,Use Final,quantity_requested,Economy,Biomass Liquids,,,,2030,,QuebecUse Final|Energy|Biomass Liquids2030
Quebec,Use Final|Energy|Biomass Liquids,Use Final,quantity_requested,Economy,Biomass Liquids,,,,2035,,QuebecUse Final|Energy|Biomass Liquids2035
Quebec,Use Final|Energy|Biomass Liquids,Use Final,quantity_requested,Economy,Biomass Liquids,,,,2040,,QuebecUse Final|Energy|Biomass Liquids2040
Quebec,Use Final|Energy|Biomass Liquids,Use Final,quantity_requested,Economy,Biomass Liquids,,,,2045,,QuebecUse Final|Energy|Biomass Liquids2045
Quebec,Use Final|Energy|Biomass Liquids,Use Final,quantity_requested,Economy,Biomass Liquids,,,,2050,,QuebecUse Final|Energy|Biomass Liquids2050
Quebec,Use Final|Energy|Biomass Solids,Use Final,quantity_requested,Economy,Biomass Solids,,,,2015,,QuebecUse Final|Energy|Biomass Solids2015
Quebec,Use Final|Energy|Biomass Solids,Use Final,quantity_requested,Economy,Biomass Solids,,,,2020,,QuebecUse Final|Energy|Biomass Solids2020
Quebec,Use Final|Energy|Biomass Solids,Use Final,quantity_requested,Economy,Biomass Solids,,,,2025,,QuebecUse Final|Energy|Biomass Solids2025
Quebec,Use Final|Energy|Biomass Solids,Use Final,quantity_requested,Economy,Biomass Solids,,,,2030,,QuebecUse Final|Energy|Biomass Solids2030
Quebec,Use Final|Energy|Biomass Solids,Use Final,quantity_requested,Economy,Biomass Solids,,,,2035,,QuebecUse Final|Energy|Biomass Solids2035
Quebec,Use Final|Energy|Biomass Solids,Use Final,quantity_requested,Economy,Biomass Solids,,,,2040,,QuebecUse Final|Energy|Biomass Solids2040
Quebec,Use Final|Energy|Biomass Solids,Use Final,quantity_requested,Economy,Biomass Solids,,,,2045,,QuebecUse Final|Energy|Biomass Solids2045
Quebec,Use Final|Energy|Biomass Solids,Use Final,quantity_requested,Economy,Biomass Solids,,,,2050,,QuebecUse Final|Energy|Biomass Solids2050
Quebec,Use Final|Energy|Coal,Use Final,quantity_requested,Economy,Coal,,,,2015,,QuebecUse Final|Energy|Coal2015
Quebec,Use Final|Energy|Coal,Use Final,quantity_requested,Economy,Coal,,,,2020,,QuebecUse Final|Energy|Coal2020
Quebec,Use Final|Energy|Coal,Use Final,quantity_requested,Economy,Coal,,,,2025,,QuebecUse Final|Energy|Coal2025
Quebec,Use Final|Energy|Coal,Use Final,quantity_requested,Economy,Coal,,,,2030,,QuebecUse Final|Energy|Coal2030
Quebec,Use Final|Energy|Coal,Use Final,quantity_requested,Economy,Coal,,,,2035,,QuebecUse Final|Energy|Coal2035
Quebec,Use Final|Energy|Coal,Use Final,quantity_requested,Economy,Coal,,,,2040,,QuebecUse Final|Energy|Coal2040
Quebec,Use Final|Energy|Coal,Use Final,quantity_requested,Economy,Coal,,,,2045,,QuebecUse Final|Energy|Coal2045
Quebec,Use Final|Energy|Coal,Use Final,quantity_requested,Economy,Coal,,,,2050,,QuebecUse Final|Energy|Coal2050
Quebec,Use Final|Energy|Electricity,Use Final,quantity_requested,Economy,Electricity,,,,2015,,QuebecUse Final|Energy|Electricity2015
Quebec,Use Final|Energy|Electricity,Use Final,quantity_requested,Economy,Electricity,,,,2020,,QuebecUse Final|Energy|Electricity2020
Quebec,Use Final|Energy|Electricity,Use Final,quantity_requested,Economy,Electricity,,,,2025,,QuebecUse Final|Energy|Electricity2025
Quebec,Use Final|Energy|Electricity,Use Final,quantity_requested,Economy,Electricity,,,,2030,,QuebecUse Final|Energy|Electricity2030
Quebec,Use Final|Energy|Electricity,Use Final,quantity_requested,Economy,Electricity,,,,2035,,QuebecUse Final|Energy|Electricity2035
Quebec,Use Final|Energy|Electricity,Use Final,quantity_requested,Economy,Electricity,,,,2040,,QuebecUse Final|Energy|Electricity2040
Quebec,Use Final|Energy|Electricity,Use Final,quantity_requested,Economy,Electricity,,,,2045,,QuebecUse Final|Energy|Electricity2045
Quebec,Use Final|Energy|Electricity,Use Final,quantity_requested,Economy,Electricity,,,,2050,,QuebecUse Final|Energy|Electricity2050
Quebec,Use Final|Energy|Gas,Use Final,quantity_requested,Economy,Gas,,,,2015,,QuebecUse Final|Energy|Gas2015
Quebec,Use Final|Energy|Gas,Use Final,quantity_requested,Economy,Gas,,,,2020,,QuebecUse Final|Energy|Gas2020
Quebec,Use Final|Energy|Gas,Use Final,quantity_requested,Economy,Gas,,,,2025,,QuebecUse Final|Energy|Gas2025
Quebec,Use Final|Energy|Gas,Use Final,quantity_requested,Economy,Gas,,,,2030,,QuebecUse Final|Energy|Gas2030
Quebec,Use Final|Energy|Gas,Use Final,quantity_requested,Economy,Gas,,,,2035,,QuebecUse Final|Energy|Gas2035
Quebec,Use Final|Energy|Gas,Use Final,quantity_requested,Economy,Gas,,,,2040,,QuebecUse Final|Energy|Gas2040
Quebec,Use Final|Energy|Gas,Use Final,quantity_requested,Economy,Gas,,,,2045,,QuebecUse Final|Energy|Gas2045
Quebec,Use Final|Energy|Gas,Use Final,quantity_requested,Economy,Gas,,,,2050,,QuebecUse Final|Energy|Gas2050
Quebec,Use Final|Energy|Hydrogen,Use Final,quantity_requested,Economy,Hydrogen,,,,2015,,QuebecUse Final|Energy|Hydrogen2015
Quebec,Use Final|Energy|Hydrogen,Use Final,quantity_requested,Economy,Hydrogen,,,,2020,,QuebecUse Final|Energy|Hydrogen2020
Quebec,Use Final|Energy|Hydrogen,Use Final,quantity_requested,Economy,Hydrogen,,,,2025,,QuebecUse Final|Energy|Hydrogen2025
Quebec,Use Final|Energy|Hydrogen,Use Final,quantity_requested,Economy,Hydrogen,,,,2030,,QuebecUse Final|Energy|Hydrogen2030
Quebec,Use Final|Energy|Hydrogen,Use Final,quantity_requested,Economy,Hydrogen,,,,2035,,QuebecUse Final|Energy|Hydrogen2035
Quebec,Use Final|Energy|Hydrogen,Use Final,quantity_requested,Economy,Hydrogen,,,,2040,,QuebecUse Final|Energy|Hydrogen2040
Quebec,Use Final|Energy|Hydrogen,Use Final,quantity_requested,Economy,Hydrogen,,,,2045,,QuebecUse Final|Energy|Hydrogen2045
Quebec,Use Final|Energy|Hydrogen,Use Final,quantity_requested,Economy,Hydrogen,,,,2050,,QuebecUse Final|Energy|Hydrogen2050
Quebec,Use Final|Energy|Oil,Use Final,quantity_requested,Economy,Oil,,,,2015,,QuebecUse Final|Energy|Oil2015
Quebec,Use Final|Energy|Oil,Use Final,quantity_requested,Economy,Oil,,,,2020,,QuebecUse Final|Energy|Oil2020
Quebec,Use Final|Energy|Oil,Use Final,quantity_requested,Economy,Oil,,,,2025,,QuebecUse Final|Energy|Oil2025
Quebec,Use Final|Energy|Oil,Use Final,quantity_requested,Economy,Oil,,,,2030,,QuebecUse Final|Energy|Oil2030
Quebec,Use Final|Energy|Oil,Use Final,quantity_requested,Economy,Oil,,,,2035,,QuebecUse Final|Energy|Oil2035
Quebec,Use Final|Energy|Oil,Use Final,quantity_requested,Economy,Oil,,,,2040,,QuebecUse Final|Energy|Oil2040
Quebec,Use Final|Energy|Oil,Use Final,quantity_requested,Economy,Oil,,,,2045,,QuebecUse Final|Energy|Oil2045
Quebec,Use Final|Energy|Oil,Use Final,quantity_requested,Economy,Oil,,,,2050,,QuebecUse Final|Energy|Oil2050
Quebec,Use Final|Sector|Buildings,Use Final,quantity_requested,Buildings,Total,,,,2015,,QuebecUse Final|Sector|Buildings2015
Quebec,Use Final|Sector|Buildings,Use Final,quantity_requested,Buildings,Total,,,,2020,,QuebecUse Final|Sector|Buildings2020
Quebec,Use Final|Sector|Buildings,Use Final,quantity_requested,Buildings,Total,,,,2025,,QuebecUse Final|Sector|Buildings2025
Quebec,Use Final|Sector|Buildings,Use Final,quantity_requested,Buildings,Total,,,,2030,,QuebecUse Final|Sector|Buildings2030
Quebec,Use Final|Sector|Buildings,Use Final,quantity_requested,Buildings,Total,,,,2035,,QuebecUse Final|Sector|Buildings2035
Quebec,Use Final|Sector|Buildings,Use Final,quantity_requested,Buildings,Total,,,,2040,,QuebecUse Final|Sector|Buildings2040
Quebec,Use Final|Sector|Buildings,Use Final,quantity_requested,Buildings,Total,,,,2045,,QuebecUse Final|Sector|Buildings2045
Quebec,Use Final|Sector|Buildings,Use Final,quantity_requested,Buildings,Total,,,,2050,,QuebecUse Final|Sector|Buildings2050
Quebec,Use Final|Sector|Industry,Use Final,quantity_requested,Industry,Total,,,,2015,,QuebecUse Final|Sector|Industry2015
Quebec,Use Final|Sector|Industry,Use Final,quantity_requested,Industry,Total,,,,2020,,QuebecUse Final|Sector|Industry2020
Quebec,Use Final|Sector|Industry,Use Final,quantity_requested,Industry,Total,,,,2025,,QuebecUse Final|Sector|Industry2025
Quebec,Use Final|Sector|Industry,Use Final,quantity_requested,Industry,Total,,,,2030,,QuebecUse Final|Sector|Industry2030
Quebec,Use Final|Sector|Industry,Use Final,quantity_requested,Industry,Total,,,,2035,,QuebecUse Final|Sector|Industry2035
Quebec,Use Final|Sector|Industry,Use Final,quantity_requested,Industry,Total,,,,2040,,QuebecUse Final|Sector|Industry2040
Quebec,Use Final|Sector|Industry,Use Final,quantity_requested,Industry,Total,,,,2045,,QuebecUse Final|Sector|Industry2045
Quebec,Use Final|Sector|Industry,Use Final,quantity_requested,Industry,Total,,,,2050,,QuebecUse Final|Sector|Industry2050
Quebec,Use Final|Sector|Transportation,Use Final,quantity_requested,Transport,Total,,,,2015,,QuebecUse Final|Sector|Transportation2015
Quebec,Use Final|Sector|Transportation,Use Final,quantity_requested,Transport,Total,,,,2020,,QuebecUse Final|Sector|Transportation2020
Quebec,Use Final|Sector|Transportation,Use Final,quantity_requested,Transport,Total,,,,2025,,QuebecUse Final|Sector|Transportation2025
Quebec,Use Final|Sector|Transportation,Use Final,quantity_requested,Transport,Total,,,,2030,,QuebecUse Final|Sector|Transportation2030
Quebec,Use Final|Sector|Transportation,Use Final,quantity_requested,Transport,Total,,,,2035,,QuebecUse Final|Sector|Transportation2035
Quebec,Use Final|Sector|Transportation,Use Final,quantity_requested,Transport,Total,,,,2040,,QuebecUse Final|Sector|Transportation2040
Quebec,Use Final|Sector|Transportation,Use Final,quantity_requested,Transport,Total,,,,2045,,QuebecUse Final|Sector|Transportation2045
Quebec,Use Final|Sector|Transportation,Use Final,quantity_requested,Transport,Total,,,,2050,,QuebecUse Final|Sector|Transportation2050
Quebec,Use Primary,Use Primary,quantity_requested,Economy,Total,,,,2015,,QuebecUse Primary2015
Quebec,Use Primary,Use Primary,quantity_requested,Economy,Total,,,,2020,,QuebecUse Primary2020
Quebec,Use Primary,Use Primary,quantity_requested,Economy,Total,,,,2025,,QuebecUse Primary2025
Quebec,Use Primary,Use Primary,quantity_requested,Economy,Total,,,,2030,,QuebecUse Primary2030
Quebec,Use Primary,Use Primary,quantity_requested,Economy,Total,,,,2035,,QuebecUse Primary2035
Quebec,Use Primary,Use Primary,quantity_requested,Economy,Total,,,,2040,,QuebecUse Primary2040
Quebec,Use Primary,Use Primary,quantity_requested,Economy,Total,,,,2045,,QuebecUse Primary2045
Quebec,Use Primary,Use Primary,quantity_requested,Economy,Total,,,,2050,,QuebecUse Primary2050
Quebec,Use Primary|Energy|Biomass,Use Primary,quantity_requested,Economy,Biomass Liquids,,,,2015,,QuebecUse Primary|Energy|Biomass2015
Quebec,Use Primary|Energy|Biomass,Use Primary,quantity_requested,Economy,Biomass Liquids,,,,2020,,QuebecUse Primary|Energy|Biomass2020
Quebec,Use Primary|Energy|Biomass,Use Primary,quantity_requested,Economy,Biomass Liquids,,,,2025,,QuebecUse Primary|Energy|Biomass2025
Quebec,Use Primary|Energy|Biomass,Use Primary,quantity_requested,Economy,Biomass Liquids,,,,2030,,QuebecUse Primary|Energy|Biomass2030
Quebec,Use Primary|Energy|Biomass,Use Primary,quantity_requested,Economy,Biomass Liquids,,,,2035,,QuebecUse Primary|Energy|Biomass2035
Quebec,Use Primary|Energy|Biomass,Use Primary,quantity_requested,Economy,Biomass Liquids,,,,2040,,QuebecUse Primary|Energy|Biomass2040
Quebec,Use Primary|Energy|Biomass,Use Primary,quantity_requested,Economy,Biomass Liquids,,,,2045,,QuebecUse Primary|Energy|Biomass2045
Quebec,Use Primary|Energy|Biomass,Use Primary,quantity_requested,Economy,Biomass Liquids,,,,2050,,QuebecUse Primary|Energy|Biomass2050
Quebec,Use Primary|Energy|Coal,Use Primary,quantity_requested,Economy,Coal,,,,2015,,QuebecUse Primary|Energy|Coal2015
Quebec,Use Primary|Energy|Coal,Use Primary,quantity_requested,Economy,Coal,,,,2020,,QuebecUse Primary|Energy|Coal2020
Quebec,Use Primary|Energy|Coal,Use Primary,quantity_requested,Economy,Coal,,,,2025,,QuebecUse Primary|Energy|Coal2025
Quebec,Use Primary|Energy|Coal,Use Primary,quantity_requested,Economy,Coal,,,,2030,,QuebecUse Primary|Energy|Coal2030
Quebec,Use Primary|Energy|Coal,Use Primary,quantity_requested,Economy,Coal,,,,2035,,QuebecUse Primary|Energy|Coal2035
Quebec,Use Primary|Energy|Coal,Use Primary,quantity_requested,Economy,Coal,,,,2040,,QuebecUse Primary|Energy|Coal2040
Quebec,Use Primary|Energy|Coal,Use Primary,quantity_requested,Economy,Coal,,,,2045,,QuebecUse Primary|Energy|Coal2045
Quebec,Use Primary|Energy|Coal,Use Primary,quantity_requested,Economy,Coal,,,,2050,,QuebecUse Primary|Energy|Coal2050
Quebec,Use Primary|Energy|Gas,Use Primary,quantity_requested,Economy,Gas,,,,2015,,QuebecUse Primary|Energy|Gas2015
Quebec,Use Primary|Energy|Gas,Use Primary,quantity_requested,Economy,Gas,,,,2020,,QuebecUse Primary|Energy|Gas2020
Quebec,Use Primary|Energy|Gas,Use Primary,quantity_requested,Economy,Gas,,,,2025,,QuebecUse Primary|Energy|Gas2025
Quebec,Use Primary|Energy|Gas,Use Primary,quantity_requested,Economy,Gas,,,,2030,,QuebecUse Primary|Energy|Gas2030
Quebec,Use Primary|Energy|Gas,Use Primary,quantity_requested,Economy,Gas,,,,2035,,QuebecUse Primary|Energy|Gas2035
Quebec,Use Primary|Energy|Gas,Use Primary,quantity_requested,Economy,Gas,,,,2040,,QuebecUse Primary|Energy|Gas2040
Quebec,Use Primary|Energy|Gas,Use Primary,quantity_requested,Economy,Gas,,,,2045,,QuebecUse Primary|Energy|Gas2045
Quebec,Use Primary|Energy|Gas,Use Primary,quantity_requested,Economy,Gas,,,,2050,,QuebecUse Primary|Energy|Gas2050
Quebec,Use Primary|Energy|Geothermal,Use Primary,stock_total,Economy,,Geoexchange,,,2015,,QuebecUse Primary|Energy|Geothermal2015
Quebec,Use Primary|Energy|Geothermal,Use Primary,stock_total,Economy,,Geoexchange,,,2020,,QuebecUse Primary|Energy|Geothermal2020
Quebec,Use Primary|Energy|Geothermal,Use Primary,stock_total,Economy,,Geoexchange,,,2025,,QuebecUse Primary|Energy|Geothermal2025
Quebec,Use Primary|Energy|Geothermal,Use Primary,stock_total,Economy,,Geoexchange,,,2030,,QuebecUse Primary|Energy|Geothermal2030
Quebec,Use Primary|Energy|Geothermal,Use Primary,stock_total,Economy,,Geoexchange,,,2035,,QuebecUse Primary|Energy|Geothermal2035
Quebec,Use Primary|Energy|Geothermal,Use Primary,stock_total,Economy,,Geoexchange,,,2040,,QuebecUse Primary|Energy|Geothermal2040
Quebec,Use Primary|Energy|Geothermal,Use Primary,stock_total,Economy,,Geoexchange,,,2045,,QuebecUse Primary|Energy|Geothermal2045
Quebec,Use Primary|Energy|Geothermal,Use Primary,stock_total,Economy,,Geoexchange,,,2050,,QuebecUse Primary|Energy|Geothermal2050
Quebec,Use Primary|Energy|Hydro,Use Primary,stock_total,Economy,,Hydro,,,2015,,QuebecUse Primary|Energy|Hydro2015
Quebec,Use Primary|Energy|Hydro,Use Primary,stock_total,Economy,,Hydro,,,2020,,QuebecUse Primary|Energy|Hydro2020
Quebec,Use Primary|Energy|Hydro,Use Primary,stock_total,Economy,,Hydro,,,2025,,QuebecUse Primary|Energy|Hydro2025
Quebec,Use Primary|Energy|Hydro,Use Primary,stock_total,Economy,,Hydro,,,2030,,QuebecUse Primary|Energy|Hydro2030
Quebec,Use Primary|Energy|Hydro,Use Primary,stock_total,Economy,,Hydro,,,2035,,QuebecUse Primary|Energy|Hydro2035
Quebec,Use Primary|Energy|Hydro,Use Primary,stock_total,Economy,,Hydro,,,2040,,QuebecUse Primary|Energy|Hydro2040
Quebec,Use Primary|Energy|Hydro,Use Primary,stock_total,Economy,,Hydro,,,2045,,QuebecUse Primary|Energy|Hydro2045
Quebec,Use Primary|Energy|Hydro,Use Primary,stock_total,Economy,,Hydro,,,2050,,QuebecUse Primary|Energy|Hydro2050
Quebec,Use Primary|Energy|Nuclear,Use Primary,stock_total,Economy,,Nuclear,,,2015,,QuebecUse Primary|Energy|Nuclear2015
Quebec,Use Primary|Energy|Nuclear,Use Primary,stock_total,Economy,,Nuclear,,,2020,,QuebecUse Primary|Energy|Nuclear2020
Quebec,Use Primary|Energy|Nuclear,Use Primary,stock_total,Economy,,Nuclear,,,2025,,QuebecUse Primary|Energy|Nuclear2025
Quebec,Use Primary|Energy|Nuclear,Use Primary,stock_total,Economy,,Nuclear,,,2030,,QuebecUse Primary|Energy|Nuclear2030
Quebec,Use Primary|Energy|Nuclear,Use Primary,stock_total,Economy,,Nuclear,,,2035,,QuebecUse Primary|Energy|Nuclear2035
Quebec,Use Primary|Energy|Nuclear,Use Primary,stock_total,Economy,,Nuclear,,,2040,,QuebecUse Primary|Energy|Nuclear2040
Quebec,Use Primary|Energy|Nuclear,Use Primary,stock_total,Economy,,Nuclear,,,2045,,QuebecUse Primary|Energy|Nuclear2045
Quebec,Use Primary|Energy|Nuclear,Use Primary,stock_total,Economy,,Nuclear,,,2050,,QuebecUse Primary|Energy|Nuclear2050
Quebec,Use Primary|Energy|Oil,Use Primary,quantity_requested,Economy,Oil,,,,2015,,QuebecUse Primary|Energy|Oil2015
Quebec,Use Primary|Energy|Oil,Use Primary,quantity_requested,Economy,Oil,,,,2020,,QuebecUse Primary|Energy|Oil2020
Quebec,Use Primary|Energy|Oil,Use Primary,quantity_requested,Economy,Oil,,,,2025,,QuebecUse Primary|Energy|Oil2025
Quebec,Use Primary|Energy|Oil,Use Primary,quantity_requested,Economy,Oil,,,,2030,,QuebecUse Primary|Energy|Oil2030
Quebec,Use Primary|Energy|Oil,Use Primary,quantity_requested,Economy,Oil,,,,2035,,QuebecUse Primary|Energy|Oil2035
Quebec,Use Primary|Energy|Oil,Use Primary,quantity_requested,Economy,Oil,,,,2040,,QuebecUse Primary|Energy|Oil2040
Quebec,Use Primary|Energy|Oil,Use Primary,quantity_requested,Economy,Oil,,,,2045,,QuebecUse Primary|Energy|Oil2045
Quebec,Use Primary|Energy|Oil,Use Primary,quantity_requested,Economy,Oil,,,,2050,,QuebecUse Primary|Energy|Oil2050
Quebec,Use Primary|Energy|Solar,Use Primary,stock_total,Economy,,Solar,,,2015,,QuebecUse Primary|Energy|Solar2015
Quebec,Use Primary|Energy|Solar,Use Primary,stock_total,Economy,,Solar,,,2020,,QuebecUse Primary|Energy|Solar2020
Quebec,Use Primary|Energy|Solar,Use Primary,stock_total,Economy,,Solar,,,2025,,QuebecUse Primary|Energy|Solar2025
Quebec,Use Primary|Energy|Solar,Use Primary,stock_total,Economy,,Solar,,,2030,,QuebecUse Primary|Energy|Solar2030
Quebec,Use Primary|Energy|Solar,Use Primary,stock_total,Economy,,Solar,,,2035,,QuebecUse Primary|Energy|Solar2035
Quebec,Use Primary|Energy|Solar,Use Primary,stock_total,Economy,,Solar,,,2040,,QuebecUse Primary|Energy|Solar2040
Quebec,Use Primary|Energy|Solar,Use Primary,stock_total,Economy,,Solar,,,2045,,QuebecUse Primary|Energy|Solar2045
Quebec,Use Primary|Energy|Solar,Use Primary,stock_total,Economy,,Solar,,,2050,,QuebecUse Primary|Energy|Solar2050
Quebec,Use Primary|Energy|Wind,Use Primary,stock_total,Economy,,Wind,,,2015,,QuebecUse Primary|Energy|Wind2015
Quebec,Use Primary|Energy|Wind,Use Primary,stock_total,Economy,,Wind,,,2020,,QuebecUse Primary|Energy|Wind2020
Quebec,Use Primary|Energy|Wind,Use Primary,stock_total,Economy,,Wind,,,2025,,QuebecUse Primary|Energy|Wind2025
Quebec,Use Primary|Energy|Wind,Use Primary,stock_total,Economy,,Wind,,,2030,,QuebecUse Primary|Energy|Wind2030
Quebec,Use Primary|Energy|Wind,Use Primary,stock_total,Economy,,Wind,,,2035,,QuebecUse Primary|Energy|Wind2035
Quebec,Use Primary|Energy|Wind,Use Primary,stock_total,Economy,,Wind,,,2040,,QuebecUse Primary|Energy|Wind2040
Quebec,Use Primary|Energy|Wind,Use Primary,stock_total,Economy,,Wind,,,2045,,QuebecUse Primary|Energy|Wind2045
Quebec,Use Primary|Energy|Wind,Use Primary,stock_total,Economy,,Wind,,,2050,,QuebecUse Primary|Energy|Wind2050
Atlantic,Carbon Sequestration|CCS,Carbon Sequestration,emissions_total_cumul_avoided,Economy,,,CO2,ALL,2015,,AtlanticCarbon Sequestration|CCS2015
Atlantic,Carbon Sequestration|CCS,Carbon Sequestration,emissions_total_cumul_avoided,Economy,,,CO2,ALL,2020,,AtlanticCarbon Sequestration|CCS2020
Atlantic,Carbon Sequestration|CCS,Carbon Sequestration,emissions_total_cumul_avoided,Economy,,,CO2,ALL,2025,,AtlanticCarbon Sequestration|CCS2025
Atlantic,Carbon Sequestration|CCS,Carbon Sequestration,emissions_total_cumul_avoided,Economy,,,CO2,ALL,2030,,AtlanticCarbon Sequestration|CCS2030
Atlantic,Carbon Sequestration|CCS,Carbon Sequestration,emissions_total_cumul_avoided,Economy,,,CO2,ALL,2035,,AtlanticCarbon Sequestration|CCS2035
Atlantic,Carbon Sequestration|CCS,Carbon Sequestration,emissions_total_cumul_avoided,Economy,,,CO2,ALL,2040,,AtlanticCarbon Sequestration|CCS2040
Atlantic,Carbon Sequestration|CCS,Carbon Sequestration,emissions_total_cumul_avoided,Economy,,,CO2,ALL,2045,,AtlanticCarbon Sequestration|CCS2045
Atlantic,Carbon Sequestration|CCS,Carbon Sequestration,emissions_total_cumul_avoided,Economy,,,CO2,ALL,2050,,AtlanticCarbon Sequestration|CCS2050
Atlantic,Emissions|CO2,Emissions,emissions_total_cumul_net,Economy,,,CO2,ALL,2015,,AtlanticEmissions|CO22015
Atlantic,Emissions|CO2,Emissions,emissions_total_cumul_net,Economy,,,CO2,ALL,2020,,AtlanticEmissions|CO22020
Atlantic,Emissions|CO2,Emissions,emissions_total_cumul_net,Economy,,,CO2,ALL,2025,,AtlanticEmissions|CO22025
Atlantic,Emissions|CO2,Emissions,emissions_total_cumul_net,Economy,,,CO2,ALL,2030,,AtlanticEmissions|CO22030
Atlantic,Emissions|CO2,Emissions,emissions_total_cumul_net,Economy,,,CO2,ALL,2035,,AtlanticEmissions|CO22035
Atlantic,Emissions|CO2,Emissions,emissions_total_cumul_net,Economy,,,CO2,ALL,2040,,AtlanticEmissions|CO22040
Atlantic,Emissions|CO2,Emissions,emissions_total_cumul_net,Economy,,,CO2,ALL,2045,,AtlanticEmissions|CO22045
Atlantic,Emissions|CO2,Emissions,emissions_total_cumul_net,Economy,,,CO2,ALL,2050,,AtlanticEmissions|CO22050
Atlantic,Emissions|CO2|Combustion,Emissions,emissions_total_cumul_net,Economy,,,CO2,Combustion,2015,,AtlanticEmissions|CO2|Combustion2015
Atlantic,Emissions|CO2|Combustion,Emissions,emissions_total_cumul_net,Economy,,,CO2,Combustion,2020,,AtlanticEmissions|CO2|Combustion2020
Atlantic,Emissions|CO2|Combustion,Emissions,emissions_total_cumul_net,Economy,,,CO2,Combustion,2025,,AtlanticEmissions|CO2|Combustion2025
Atlantic,Emissions|CO2|Combustion,Emissions,emissions_total_cumul_net,Economy,,,CO2,Combustion,2030,,AtlanticEmissions|CO2|Combustion2030
Atlantic,Emissions|CO2|Combustion,Emissions,emissions_total_cumul_net,Economy,,,CO2,Combustion,2035,,AtlanticEmissions|CO2|Combustion2035
Atlantic,Emissions|CO2|Combustion,Emissions,emissions_total_cumul_net,Economy,,,CO2,Combustion,2040,,AtlanticEmissions|CO2|Combustion2040
Atlantic,Emissions|CO2|Combustion,Emissions,emissions_total_cumul_net,Economy,,,CO2,Combustion,2045,,AtlanticEmissions|CO2|Combustion2045
Atlantic,Emissions|CO2|Combustion,Emissions,emissions_total_cumul_net,Economy,,,CO2,Combustion,2050,,AtlanticEmissions|CO2|Combustion2050
Atlantic,Emissions|CO2|Combustion|Energy|Coal,Emissions,emissions_total_cumul_net,Economy,Coal,,CO2,Combustion,2015,,AtlanticEmissions|CO2|Combustion|Energy|Coal2015
Atlantic,Emissions|CO2|Combustion|Energy|Coal,Emissions,emissions_total_cumul_net,Economy,Coal,,CO2,Combustion,2020,,AtlanticEmissions|CO2|Combustion|Energy|Coal2020
Atlantic,Emissions|CO2|Combustion|Energy|Coal,Emissions,emissions_total_cumul_net,Economy,Coal,,CO2,Combustion,2025,,AtlanticEmissions|CO2|Combustion|Energy|Coal2025
Atlantic,Emissions|CO2|Combustion|Energy|Coal,Emissions,emissions_total_cumul_net,Economy,Coal,,CO2,Combustion,2030,,AtlanticEmissions|CO2|Combustion|Energy|Coal2030
Atlantic,Emissions|CO2|Combustion|Energy|Coal,Emissions,emissions_total_cumul_net,Economy,Coal,,CO2,Combustion,2035,,AtlanticEmissions|CO2|Combustion|Energy|Coal2035
Atlantic,Emissions|CO2|Combustion|Energy|Coal,Emissions,emissions_total_cumul_net,Economy,Coal,,CO2,Combustion,2040,,AtlanticEmissions|CO2|Combustion|Energy|Coal2040
Atlantic,Emissions|CO2|Combustion|Energy|Coal,Emissions,emissions_total_cumul_net,Economy,Coal,,CO2,Combustion,2045,,AtlanticEmissions|CO2|Combustion|Energy|Coal2045
Atlantic,Emissions|CO2|Combustion|Energy|Coal,Emissions,emissions_total_cumul_net,Economy,Coal,,CO2,Combustion,2050,,AtlanticEmissions|CO2|Combustion|Energy|Coal2050
Atlantic,Emissions|CO2|Combustion|Energy|Gas,Emissions,emissions_total_cumul_net,Economy,Gas,,CO2,Combustion,2015,,AtlanticEmissions|CO2|Combustion|Energy|Gas2015
Atlantic,Emissions|CO2|Combustion|Energy|Gas,Emissions,emissions_total_cumul_net,Economy,Gas,,CO2,Combustion,2020,,AtlanticEmissions|CO2|Combustion|Energy|Gas2020
Atlantic,Emissions|CO2|Combustion|Energy|Gas,Emissions,emissions_total_cumul_net,Economy,Gas,,CO2,Combustion,2025,,AtlanticEmissions|CO2|Combustion|Energy|Gas2025
Atlantic,Emissions|CO2|Combustion|Energy|Gas,Emissions,emissions_total_cumul_net,Economy,Gas,,CO2,Combustion,2030,,AtlanticEmissions|CO2|Combustion|Energy|Gas2030
Atlantic,Emissions|CO2|Combustion|Energy|Gas,Emissions,emissions_total_cumul_net,Economy,Gas,,CO2,Combustion,2035,,AtlanticEmissions|CO2|Combustion|Energy|Gas2035
Atlantic,Emissions|CO2|Combustion|Energy|Gas,Emissions,emissions_total_cumul_net,Economy,Gas,,CO2,Combustion,2040,,AtlanticEmissions|CO2|Combustion|Energy|Gas2040
Atlantic,Emissions|CO2|Combustion|Energy|Gas,Emissions,emissions_total_cumul_net,Economy,Gas,,CO2,Combustion,2045,,AtlanticEmissions|CO2|Combustion|Energy|Gas2045
Atlantic,Emissions|CO2|Combustion|Energy|Gas,Emissions,emissions_total_cumul_net,Economy,Gas,,CO2,Combustion,2050,,AtlanticEmissions|CO2|Combustion|Energy|Gas2050
Atlantic,Emissions|CO2|Combustion|Energy|Oil,Emissions,emissions_total_cumul_net,Economy,Oil,,CO2,Combustion,2015,,AtlanticEmissions|CO2|Combustion|Energy|Oil2015
Atlantic,Emissions|CO2|Combustion|Energy|Oil,Emissions,emissions_total_cumul_net,Economy,Oil,,CO2,Combustion,2020,,AtlanticEmissions|CO2|Combustion|Energy|Oil2020
Atlantic,Emissions|CO2|Combustion|Energy|Oil,Emissions,emissions_total_cumul_net,Economy,Oil,,CO2,Combustion,2025,,AtlanticEmissions|CO2|Combustion|Energy|Oil2025
Atlantic,Emissions|CO2|Combustion|Energy|Oil,Emissions,emissions_total_cumul_net,Economy,Oil,,CO2,Combustion,2030,,AtlanticEmissions|CO2|Combustion|Energy|Oil2030
Atlantic,Emissions|CO2|Combustion|Energy|Oil,Emissions,emissions_total_cumul_net,Economy,Oil,,CO2,Combustion,2035,,AtlanticEmissions|CO2|Combustion|Energy|Oil2035
Atlantic,Emissions|CO2|Combustion|Energy|Oil,Emissions,emissions_total_cumul_net,Economy,Oil,,CO2,Combustion,2040,,AtlanticEmissions|CO2|Combustion|Energy|Oil2040
Atlantic,Emissions|CO2|Combustion|Energy|Oil,Emissions,emissions_total_cumul_net,Economy,Oil,,CO2,Combustion,2045,,AtlanticEmissions|CO2|Combustion|Energy|Oil2045
Atlantic,Emissions|CO2|Combustion|Energy|Oil,Emissions,emissions_total_cumul_net,Economy,Oil,,CO2,Combustion,2050,,AtlanticEmissions|CO2|Combustion|Energy|Oil2050
Atlantic,Emissions|CO2|Combustion|Sector|Biomass Liquids,Emissions,emissions_total_cumul_net,Biofuels,,,CO2,Combustion,2015,,AtlanticEmissions|CO2|Combustion|Sector|Biomass Liquids2015
Atlantic,Emissions|CO2|Combustion|Sector|Biomass Liquids,Emissions,emissions_total_cumul_net,Biofuels,,,CO2,Combustion,2020,,AtlanticEmissions|CO2|Combustion|Sector|Biomass Liquids2020
Atlantic,Emissions|CO2|Combustion|Sector|Biomass Liquids,Emissions,emissions_total_cumul_net,Biofuels,,,CO2,Combustion,2025,,AtlanticEmissions|CO2|Combustion|Sector|Biomass Liquids2025
Atlantic,Emissions|CO2|Combustion|Sector|Biomass Liquids,Emissions,emissions_total_cumul_net,Biofuels,,,CO2,Combustion,2030,,AtlanticEmissions|CO2|Combustion|Sector|Biomass Liquids2030
Atlantic,Emissions|CO2|Combustion|Sector|Biomass Liquids,Emissions,emissions_total_cumul_net,Biofuels,,,CO2,Combustion,2035,,AtlanticEmissions|CO2|Combustion|Sector|Biomass Liquids2035
Atlantic,Emissions|CO2|Combustion|Sector|Biomass Liquids,Emissions,emissions_total_cumul_net,Biofuels,,,CO2,Combustion,2040,,AtlanticEmissions|CO2|Combustion|Sector|Biomass Liquids2040
Atlantic,Emissions|CO2|Combustion|Sector|Biomass Liquids,Emissions,emissions_total_cumul_net,Biofuels,,,CO2,Combustion,2045,,AtlanticEmissions|CO2|Combustion|Sector|Biomass Liquids2045
Atlantic,Emissions|CO2|Combustion|Sector|Biomass Liquids,Emissions,emissions_total_cumul_net,Biofuels,,,CO2,Combustion,2050,,AtlanticEmissions|CO2|Combustion|Sector|Biomass Liquids2050
Atlantic,Emissions|CO2|Combustion|Sector|Buildings,Emissions,emissions_total_cumul_net,Buildings,,,CO2,Combustion,2015,,AtlanticEmissions|CO2|Combustion|Sector|Buildings2015
Atlantic,Emissions|CO2|Combustion|Sector|Buildings,Emissions,emissions_total_cumul_net,Buildings,,,CO2,Combustion,2020,,AtlanticEmissions|CO2|Combustion|Sector|Buildings2020
Atlantic,Emissions|CO2|Combustion|Sector|Buildings,Emissions,emissions_total_cumul_net,Buildings,,,CO2,Combustion,2025,,AtlanticEmissions|CO2|Combustion|Sector|Buildings2025
Atlantic,Emissions|CO2|Combustion|Sector|Buildings,Emissions,emissions_total_cumul_net,Buildings,,,CO2,Combustion,2030,,AtlanticEmissions|CO2|Combustion|Sector|Buildings2030
Atlantic,Emissions|CO2|Combustion|Sector|Buildings,Emissions,emissions_total_cumul_net,Buildings,,,CO2,Combustion,2035,,AtlanticEmissions|CO2|Combustion|Sector|Buildings2035
Atlantic,Emissions|CO2|Combustion|Sector|Buildings,Emissions,emissions_total_cumul_net,Buildings,,,CO2,Combustion,2040,,AtlanticEmissions|CO2|Combustion|Sector|Buildings2040
Atlantic,Emissions|CO2|Combustion|Sector|Buildings,Emissions,emissions_total_cumul_net,Buildings,,,CO2,Combustion,2045,,AtlanticEmissions|CO2|Combustion|Sector|Buildings2045
Atlantic,Emissions|CO2|Combustion|Sector|Buildings,Emissions,emissions_total_cumul_net,Buildings,,,CO2,Combustion,2050,,AtlanticEmissions|CO2|Combustion|Sector|Buildings2050
Atlantic,Emissions|CO2|Combustion|Sector|Electricity,Emissions,emissions_total_cumul_net,Electricity,,,CO2,Combustion,2015,,AtlanticEmissions|CO2|Combustion|Sector|Electricity2015
Atlantic,Emissions|CO2|Combustion|Sector|Electricity,Emissions,emissions_total_cumul_net,Electricity,,,CO2,Combustion,2020,,AtlanticEmissions|CO2|Combustion|Sector|Electricity2020
Atlantic,Emissions|CO2|Combustion|Sector|Electricity,Emissions,emissions_total_cumul_net,Electricity,,,CO2,Combustion,2025,,AtlanticEmissions|CO2|Combustion|Sector|Electricity2025
Atlantic,Emissions|CO2|Combustion|Sector|Electricity,Emissions,emissions_total_cumul_net,Electricity,,,CO2,Combustion,2030,,AtlanticEmissions|CO2|Combustion|Sector|Electricity2030
Atlantic,Emissions|CO2|Combustion|Sector|Electricity,Emissions,emissions_total_cumul_net,Electricity,,,CO2,Combustion,2035,,AtlanticEmissions|CO2|Combustion|Sector|Electricity2035
Atlantic,Emissions|CO2|Combustion|Sector|Electricity,Emissions,emissions_total_cumul_net,Electricity,,,CO2,Combustion,2040,,AtlanticEmissions|CO2|Combustion|Sector|Electricity2040
Atlantic,Emissions|CO2|Combustion|Sector|Electricity,Emissions,emissions_total_cumul_net,Electricity,,,CO2,Combustion,2045,,AtlanticEmissions|CO2|Combustion|Sector|Electricity2045
Atlantic,Emissions|CO2|Combustion|Sector|Electricity,Emissions,emissions_total_cumul_net,Electricity,,,CO2,Combustion,2050,,AtlanticEmissions|CO2|Combustion|Sector|Electricity2050
Atlantic,Emissions|CO2|Combustion|Sector|Hydrogen,Emissions,emissions_total_cumul_net,Hydrogen,,,CO2,Combustion,2015,,AtlanticEmissions|CO2|Combustion|Sector|Hydrogen2015
Atlantic,Emissions|CO2|Combustion|Sector|Hydrogen,Emissions,emissions_total_cumul_net,Hydrogen,,,CO2,Combustion,2020,,AtlanticEmissions|CO2|Combustion|Sector|Hydrogen2020
Atlantic,Emissions|CO2|Combustion|Sector|Hydrogen,Emissions,emissions_total_cumul_net,Hydrogen,,,CO2,Combustion,2025,,AtlanticEmissions|CO2|Combustion|Sector|Hydrogen2025
Atlantic,Emissions|CO2|Combustion|Sector|Hydrogen,Emissions,emissions_total_cumul_net,Hydrogen,,,CO2,Combustion,2030,,AtlanticEmissions|CO2|Combustion|Sector|Hydrogen2030
Atlantic,Emissions|CO2|Combustion|Sector|Hydrogen,Emissions,emissions_total_cumul_net,Hydrogen,,,CO2,Combustion,2035,,AtlanticEmissions|CO2|Combustion|Sector|Hydrogen2035
Atlantic,Emissions|CO2|Combustion|Sector|Hydrogen,Emissions,emissions_total_cumul_net,Hydrogen,,,CO2,Combustion,2040,,AtlanticEmissions|CO2|Combustion|Sector|Hydrogen2040
Atlantic,Emissions|CO2|Combustion|Sector|Hydrogen,Emissions,emissions_total_cumul_net,Hydrogen,,,CO2,Combustion,2045,,AtlanticEmissions|CO2|Combustion|Sector|Hydrogen2045
Atlantic,Emissions|CO2|Combustion|Sector|Hydrogen,Emissions,emissions_total_cumul_net,Hydrogen,,,CO2,Combustion,2050,,AtlanticEmissions|CO2|Combustion|Sector|Hydrogen2050
Atlantic,Emissions|CO2|Combustion|Sector|Industry,Emissions,emissions_total_cumul_net,Industry,,,CO2,Combustion,2015,,AtlanticEmissions|CO2|Combustion|Sector|Industry2015
Atlantic,Emissions|CO2|Combustion|Sector|Industry,Emissions,emissions_total_cumul_net,Industry,,,CO2,Combustion,2020,,AtlanticEmissions|CO2|Combustion|Sector|Industry2020
Atlantic,Emissions|CO2|Combustion|Sector|Industry,Emissions,emissions_total_cumul_net,Industry,,,CO2,Combustion,2025,,AtlanticEmissions|CO2|Combustion|Sector|Industry2025
Atlantic,Emissions|CO2|Combustion|Sector|Industry,Emissions,emissions_total_cumul_net,Industry,,,CO2,Combustion,2030,,AtlanticEmissions|CO2|Combustion|Sector|Industry2030
Atlantic,Emissions|CO2|Combustion|Sector|Industry,Emissions,emissions_total_cumul_net,Industry,,,CO2,Combustion,2035,,AtlanticEmissions|CO2|Combustion|Sector|Industry2035
Atlantic,Emissions|CO2|Combustion|Sector|Industry,Emissions,emissions_total_cumul_net,Industry,,,CO2,Combustion,2040,,AtlanticEmissions|CO2|Combustion|Sector|Industry2040
Atlantic,Emissions|CO2|Combustion|Sector|Industry,Emissions,emissions_total_cumul_net,Industry,,,CO2,Combustion,2045,,AtlanticEmissions|CO2|Combustion|Sector|Industry2045
Atlantic,Emissions|CO2|Combustion|Sector|Industry,Emissions,emissions_total_cumul_net,Industry,,,CO2,Combustion,2050,,AtlanticEmissions|CO2|Combustion|Sector|Industry2050
Atlantic,Emissions|CO2|Combustion|Sector|Industry|Non Mfg|Petroleum Refining,Emissions,emissions_total_cumul_net,Petroleum Refining,,,CO2,Combustion,2015,,AtlanticEmissions|CO2|Combustion|Sector|Industry|Non Mfg|Petroleum Refining2015
Atlantic,Emissions|CO2|Combustion|Sector|Industry|Non Mfg|Petroleum Refining,Emissions,emissions_total_cumul_net,Petroleum Refining,,,CO2,Combustion,2020,,AtlanticEmissions|CO2|Combustion|Sector|Industry|Non Mfg|Petroleum Refining2020
Atlantic,Emissions|CO2|Combustion|Sector|Industry|Non Mfg|Petroleum Refining,Emissions,emissions_total_cumul_net,Petroleum Refining,,,CO2,Combustion,2025,,AtlanticEmissions|CO2|Combustion|Sector|Industry|Non Mfg|Petroleum Refining2025
Atlantic,Emissions|CO2|Combustion|Sector|Industry|Non Mfg|Petroleum Refining,Emissions,emissions_total_cumul_net,Petroleum Refining,,,CO2,Combustion,2030,,AtlanticEmissions|CO2|Combustion|Sector|Industry|Non Mfg|Petroleum Refining2030
Atlantic,Emissions|CO2|Combustion|Sector|Industry|Non Mfg|Petroleum Refining,Emissions,emissions_total_cumul_net,Petroleum Refining,,,CO2,Combustion,2035,,AtlanticEmissions|CO2|Combustion|Sector|Industry|Non Mfg|Petroleum Refining2035
Atlantic,Emissions|CO2|Combustion|Sector|Industry|Non Mfg|Petroleum Refining,Emissions,emissions_total_cumul_net,Petroleum Refining,,,CO2,Combustion,2040,,AtlanticEmissions|CO2|Combustion|Sector|Industry|Non Mfg|Petroleum Refining2040
Atlantic,Emissions|CO2|Combustion|Sector|Industry|Non Mfg|Petroleum Refining,Emissions,emissions_total_cumul_net,Petroleum Refining,,,CO2,Combustion,2045,,AtlanticEmissions|CO2|Combustion|Sector|Industry|Non Mfg|Petroleum Refining2045
Atlantic,Emissions|CO2|Combustion|Sector|Industry|Non Mfg|Petroleum Refining,Emissions,emissions_total_cumul_net,Petroleum Refining,,,CO2,Combustion,2050,,AtlanticEmissions|CO2|Combustion|Sector|Industry|Non Mfg|Petroleum Refining2050
Atlantic,Emissions|CO2|Combustion|Sector|Transportation,Emissions,emissions_total_cumul_net,Transport,,,CO2,Combustion,2015,,AtlanticEmissions|CO2|Combustion|Sector|Transportation2015
Atlantic,Emissions|CO2|Combustion|Sector|Transportation,Emissions,emissions_total_cumul_net,Transport,,,CO2,Combustion,2020,,AtlanticEmissions|CO2|Combustion|Sector|Transportation2020
Atlantic,Emissions|CO2|Combustion|Sector|Transportation,Emissions,emissions_total_cumul_net,Transport,,,CO2,Combustion,2025,,AtlanticEmissions|CO2|Combustion|Sector|Transportation2025
Atlantic,Emissions|CO2|Combustion|Sector|Transportation,Emissions,emissions_total_cumul_net,Transport,,,CO2,Combustion,2030,,AtlanticEmissions|CO2|Combustion|Sector|Transportation2030
Atlantic,Emissions|CO2|Combustion|Sector|Transportation,Emissions,emissions_total_cumul_net,Transport,,,CO2,Combustion,2035,,AtlanticEmissions|CO2|Combustion|Sector|Transportation2035
Atlantic,Emissions|CO2|Combustion|Sector|Transportation,Emissions,emissions_total_cumul_net,Transport,,,CO2,Combustion,2040,,AtlanticEmissions|CO2|Combustion|Sector|Transportation2040
Atlantic,Emissions|CO2|Combustion|Sector|Transportation,Emissions,emissions_total_cumul_net,Transport,,,CO2,Combustion,2045,,AtlanticEmissions|CO2|Combustion|Sector|Transportation2045
Atlantic,Emissions|CO2|Combustion|Sector|Transportation,Emissions,emissions_total_cumul_net,Transport,,,CO2,Combustion,2050,,AtlanticEmissions|CO2|Combustion|Sector|Transportation2050
Atlantic,Emissions|CO2|Industrial Process,Emissions,emissions_total_cumul_net,Economy,,,CO2,Process,2015,,AtlanticEmissions|CO2|Industrial Process2015
Atlantic,Emissions|CO2|Industrial Process,Emissions,emissions_total_cumul_net,Economy,,,CO2,Process,2020,,AtlanticEmissions|CO2|Industrial Process2020
Atlantic,Emissions|CO2|Industrial Process,Emissions,emissions_total_cumul_net,Economy,,,CO2,Process,2025,,AtlanticEmissions|CO2|Industrial Process2025
Atlantic,Emissions|CO2|Industrial Process,Emissions,emissions_total_cumul_net,Economy,,,CO2,Process,2030,,AtlanticEmissions|CO2|Industrial Process2030
Atlantic,Emissions|CO2|Industrial Process,Emissions,emissions_total_cumul_net,Economy,,,CO2,Process,2035,,AtlanticEmissions|CO2|Industrial Process2035
Atlantic,Emissions|CO2|Industrial Process,Emissions,emissions_total_cumul_net,Economy,,,CO2,Process,2040,,AtlanticEmissions|CO2|Industrial Process2040
Atlantic,Emissions|CO2|Industrial Process,Emissions,emissions_total_cumul_net,Economy,,,CO2,Process,2045,,AtlanticEmissions|CO2|Industrial Process2045
Atlantic,Emissions|CO2|Industrial Process,Emissions,emissions_total_cumul_net,Economy,,,CO2,Process,2050,,AtlanticEmissions|CO2|Industrial Process2050
Atlantic,Emissions|GHG Total,Emissions,emissions_total_cumul_net,Economy,,,GHG,ALL,2015,,AtlanticEmissions|GHG Total2015
Atlantic,Emissions|GHG Total,Emissions,emissions_total_cumul_net,Economy,,,GHG,ALL,2020,,AtlanticEmissions|GHG Total2020
Atlantic,Emissions|GHG Total,Emissions,emissions_total_cumul_net,Economy,,,GHG,ALL,2025,,AtlanticEmissions|GHG Total2025
Atlantic,Emissions|GHG Total,Emissions,emissions_total_cumul_net,Economy,,,GHG,ALL,2030,,AtlanticEmissions|GHG Total2030
Atlantic,Emissions|GHG Total,Emissions,emissions_total_cumul_net,Economy,,,GHG,ALL,2035,,AtlanticEmissions|GHG Total2035
Atlantic,Emissions|GHG Total,Emissions,emissions_total_cumul_net,Economy,,,GHG,ALL,2040,,AtlanticEmissions|GHG Total2040
Atlantic,Emissions|GHG Total,Emissions,emissions_total_cumul_net,Economy,,,GHG,ALL,2045,,AtlanticEmissions|GHG Total2045
Atlantic,Emissions|GHG Total,Emissions,emissions_total_cumul_net,Economy,,,GHG,ALL,2050,,AtlanticEmissions|GHG Total2050
Atlantic,Emissions|GHG Total|Combustion,Emissions,emissions_total_cumul_net,Economy,,,GHG,Combustion,2015,,AtlanticEmissions|GHG Total|Combustion2015
Atlantic,Emissions|GHG Total|Combustion,Emissions,emissions_total_cumul_net,Economy,,,GHG,Combustion,2020,,AtlanticEmissions|GHG Total|Combustion2020
Atlantic,Emissions|GHG Total|Combustion,Emissions,emissions_total_cumul_net,Economy,,,GHG,Combustion,2025,,AtlanticEmissions|GHG Total|Combustion2025
Atlantic,Emissions|GHG Total|Combustion,Emissions,emissions_total_cumul_net,Economy,,,GHG,Combustion,2030,,AtlanticEmissions|GHG Total|Combustion2030
Atlantic,Emissions|GHG Total|Combustion,Emissions,emissions_total_cumul_net,Economy,,,GHG,Combustion,2035,,AtlanticEmissions|GHG Total|Combustion2035
Atlantic,Emissions|GHG Total|Combustion,Emissions,emissions_total_cumul_net,Economy,,,GHG,Combustion,2040,,AtlanticEmissions|GHG Total|Combustion2040
Atlantic,Emissions|GHG Total|Combustion,Emissions,emissions_total_cumul_net,Economy,,,GHG,Combustion,2045,,AtlanticEmissions|GHG Total|Combustion2045
Atlantic,Emissions|GHG Total|Combustion,Emissions,emissions_total_cumul_net,Economy,,,GHG,Combustion,2050,,AtlanticEmissions|GHG Total|Combustion2050
Atlantic,Emissions|GHG Total|Combustion|Energy|Coal,Emissions,emissions_total_cumul_net,Economy,Coal,,GHG,Combustion,2015,,AtlanticEmissions|GHG Total|Combustion|Energy|Coal2015
Atlantic,Emissions|GHG Total|Combustion|Energy|Coal,Emissions,emissions_total_cumul_net,Economy,Coal,,GHG,Combustion,2020,,AtlanticEmissions|GHG Total|Combustion|Energy|Coal2020
Atlantic,Emissions|GHG Total|Combustion|Energy|Coal,Emissions,emissions_total_cumul_net,Economy,Coal,,GHG,Combustion,2025,,AtlanticEmissions|GHG Total|Combustion|Energy|Coal2025
Atlantic,Emissions|GHG Total|Combustion|Energy|Coal,Emissions,emissions_total_cumul_net,Economy,Coal,,GHG,Combustion,2030,,AtlanticEmissions|GHG Total|Combustion|Energy|Coal2030
Atlantic,Emissions|GHG Total|Combustion|Energy|Coal,Emissions,emissions_total_cumul_net,Economy,Coal,,GHG,Combustion,2035,,AtlanticEmissions|GHG Total|Combustion|Energy|Coal2035
Atlantic,Emissions|GHG Total|Combustion|Energy|Coal,Emissions,emissions_total_cumul_net,Economy,Coal,,GHG,Combustion,2040,,AtlanticEmissions|GHG Total|Combustion|Energy|Coal2040
Atlantic,Emissions|GHG Total|Combustion|Energy|Coal,Emissions,emissions_total_cumul_net,Economy,Coal,,GHG,Combustion,2045,,AtlanticEmissions|GHG Total|Combustion|Energy|Coal2045
Atlantic,Emissions|GHG Total|Combustion|Energy|Coal,Emissions,emissions_total_cumul_net,Economy,Coal,,GHG,Combustion,2050,,AtlanticEmissions|GHG Total|Combustion|Energy|Coal2050
Atlantic,Emissions|GHG Total|Combustion|Energy|Gas,Emissions,emissions_total_cumul_net,Economy,Gas,,GHG,Combustion,2015,,AtlanticEmissions|GHG Total|Combustion|Energy|Gas2015
Atlantic,Emissions|GHG Total|Combustion|Energy|Gas,Emissions,emissions_total_cumul_net,Economy,Gas,,GHG,Combustion,2020,,AtlanticEmissions|GHG Total|Combustion|Energy|Gas2020
Atlantic,Emissions|GHG Total|Combustion|Energy|Gas,Emissions,emissions_total_cumul_net,Economy,Gas,,GHG,Combustion,2025,,AtlanticEmissions|GHG Total|Combustion|Energy|Gas2025
Atlantic,Emissions|GHG Total|Combustion|Energy|Gas,Emissions,emissions_total_cumul_net,Economy,Gas,,GHG,Combustion,2030,,AtlanticEmissions|GHG Total|Combustion|Energy|Gas2030
Atlantic,Emissions|GHG Total|Combustion|Energy|Gas,Emissions,emissions_total_cumul_net,Economy,Gas,,GHG,Combustion,2035,,AtlanticEmissions|GHG Total|Combustion|Energy|Gas2035
Atlantic,Emissions|GHG Total|Combustion|Energy|Gas,Emissions,emissions_total_cumul_net,Economy,Gas,,GHG,Combustion,2040,,AtlanticEmissions|GHG Total|Combustion|Energy|Gas2040
Atlantic,Emissions|GHG Total|Combustion|Energy|Gas,Emissions,emissions_total_cumul_net,Economy,Gas,,GHG,Combustion,2045,,AtlanticEmissions|GHG Total|Combustion|Energy|Gas2045
Atlantic,Emissions|GHG Total|Combustion|Energy|Gas,Emissions,emissions_total_cumul_net,Economy,Gas,,GHG,Combustion,2050,,AtlanticEmissions|GHG Total|Combustion|Energy|Gas2050
Atlantic,Emissions|GHG Total|Combustion|Energy|Oil,Emissions,emissions_total_cumul_net,Economy,Oil,,GHG,Combustion,2015,,AtlanticEmissions|GHG Total|Combustion|Energy|Oil2015
Atlantic,Emissions|GHG Total|Combustion|Energy|Oil,Emissions,emissions_total_cumul_net,Economy,Oil,,GHG,Combustion,2020,,AtlanticEmissions|GHG Total|Combustion|Energy|Oil2020
Atlantic,Emissions|GHG Total|Combustion|Energy|Oil,Emissions,emissions_total_cumul_net,Economy,Oil,,GHG,Combustion,2025,,AtlanticEmissions|GHG Total|Combustion|Energy|Oil2025
Atlantic,Emissions|GHG Total|Combustion|Energy|Oil,Emissions,emissions_total_cumul_net,Economy,Oil,,GHG,Combustion,2030,,AtlanticEmissions|GHG Total|Combustion|Energy|Oil2030
Atlantic,Emissions|GHG Total|Combustion|Energy|Oil,Emissions,emissions_total_cumul_net,Economy,Oil,,GHG,Combustion,2035,,AtlanticEmissions|GHG Total|Combustion|Energy|Oil2035
Atlantic,Emissions|GHG Total|Combustion|Energy|Oil,Emissions,emissions_total_cumul_net,Economy,Oil,,GHG,Combustion,2040,,AtlanticEmissions|GHG Total|Combustion|Energy|Oil2040
Atlantic,Emissions|GHG Total|Combustion|Energy|Oil,Emissions,emissions_total_cumul_net,Economy,Oil,,GHG,Combustion,2045,,AtlanticEmissions|GHG Total|Combustion|Energy|Oil2045
Atlantic,Emissions|GHG Total|Combustion|Energy|Oil,Emissions,emissions_total_cumul_net,Economy,Oil,,GHG,Combustion,2050,,AtlanticEmissions|GHG Total|Combustion|Energy|Oil2050
Atlantic,Emissions|GHG Total|Combustion|Sector|Biomass Liquids,Emissions,emissions_total_cumul_net,Biofuels,,,GHG,Combustion,2015,,AtlanticEmissions|GHG Total|Combustion|Sector|Biomass Liquids2015
Atlantic,Emissions|GHG Total|Combustion|Sector|Biomass Liquids,Emissions,emissions_total_cumul_net,Biofuels,,,GHG,Combustion,2020,,AtlanticEmissions|GHG Total|Combustion|Sector|Biomass Liquids2020
Atlantic,Emissions|GHG Total|Combustion|Sector|Biomass Liquids,Emissions,emissions_total_cumul_net,Biofuels,,,GHG,Combustion,2025,,AtlanticEmissions|GHG Total|Combustion|Sector|Biomass Liquids2025
Atlantic,Emissions|GHG Total|Combustion|Sector|Biomass Liquids,Emissions,emissions_total_cumul_net,Biofuels,,,GHG,Combustion,2030,,AtlanticEmissions|GHG Total|Combustion|Sector|Biomass Liquids2030
Atlantic,Emissions|GHG Total|Combustion|Sector|Biomass Liquids,Emissions,emissions_total_cumul_net,Biofuels,,,GHG,Combustion,2035,,AtlanticEmissions|GHG Total|Combustion|Sector|Biomass Liquids2035
Atlantic,Emissions|GHG Total|Combustion|Sector|Biomass Liquids,Emissions,emissions_total_cumul_net,Biofuels,,,GHG,Combustion,2040,,AtlanticEmissions|GHG Total|Combustion|Sector|Biomass Liquids2040
Atlantic,Emissions|GHG Total|Combustion|Sector|Biomass Liquids,Emissions,emissions_total_cumul_net,Biofuels,,,GHG,Combustion,2045,,AtlanticEmissions|GHG Total|Combustion|Sector|Biomass Liquids2045
Atlantic,Emissions|GHG Total|Combustion|Sector|Biomass Liquids,Emissions,emissions_total_cumul_net,Biofuels,,,GHG,Combustion,2050,,AtlanticEmissions|GHG Total|Combustion|Sector|Biomass Liquids2050
Atlantic,Emissions|GHG Total|Combustion|Sector|Buildings,Emissions,emissions_total_cumul_net,Buildings,,,GHG,Combustion,2015,,AtlanticEmissions|GHG Total|Combustion|Sector|Buildings2015
Atlantic,Emissions|GHG Total|Combustion|Sector|Buildings,Emissions,emissions_total_cumul_net,Buildings,,,GHG,Combustion,2020,,AtlanticEmissions|GHG Total|Combustion|Sector|Buildings2020
Atlantic,Emissions|GHG Total|Combustion|Sector|Buildings,Emissions,emissions_total_cumul_net,Buildings,,,GHG,Combustion,2025,,AtlanticEmissions|GHG Total|Combustion|Sector|Buildings2025
Atlantic,Emissions|GHG Total|Combustion|Sector|Buildings,Emissions,emissions_total_cumul_net,Buildings,,,GHG,Combustion,2030,,AtlanticEmissions|GHG Total|Combustion|Sector|Buildings2030
Atlantic,Emissions|GHG Total|Combustion|Sector|Buildings,Emissions,emissions_total_cumul_net,Buildings,,,GHG,Combustion,2035,,AtlanticEmissions|GHG Total|Combustion|Sector|Buildings2035
Atlantic,Emissions|GHG Total|Combustion|Sector|Buildings,Emissions,emissions_total_cumul_net,Buildings,,,GHG,Combustion,2040,,AtlanticEmissions|GHG Total|Combustion|Sector|Buildings2040
Atlantic,Emissions|GHG Total|Combustion|Sector|Buildings,Emissions,emissions_total_cumul_net,Buildings,,,GHG,Combustion,2045,,AtlanticEmissions|GHG Total|Combustion|Sector|Buildings2045
Atlantic,Emissions|GHG Total|Combustion|Sector|Buildings,Emissions,emissions_total_cumul_net,Buildings,,,GHG,Combustion,2050,,AtlanticEmissions|GHG Total|Combustion|Sector|Buildings2050
Atlantic,Emissions|GHG Total|Combustion|Sector|Electricity,Emissions,emissions_total_cumul_net,Electricity,,,GHG,Combustion,2015,,AtlanticEmissions|GHG Total|Combustion|Sector|Electricity2015
Atlantic,Emissions|GHG Total|Combustion|Sector|Electricity,Emissions,emissions_total_cumul_net,Electricity,,,GHG,Combustion,2020,,AtlanticEmissions|GHG Total|Combustion|Sector|Electricity2020
Atlantic,Emissions|GHG Total|Combustion|Sector|Electricity,Emissions,emissions_total_cumul_net,Electricity,,,GHG,Combustion,2025,,AtlanticEmissions|GHG Total|Combustion|Sector|Electricity2025
Atlantic,Emissions|GHG Total|Combustion|Sector|Electricity,Emissions,emissions_total_cumul_net,Electricity,,,GHG,Combustion,2030,,AtlanticEmissions|GHG Total|Combustion|Sector|Electricity2030
Atlantic,Emissions|GHG Total|Combustion|Sector|Electricity,Emissions,emissions_total_cumul_net,Electricity,,,GHG,Combustion,2035,,AtlanticEmissions|GHG Total|Combustion|Sector|Electricity2035
Atlantic,Emissions|GHG Total|Combustion|Sector|Electricity,Emissions,emissions_total_cumul_net,Electricity,,,GHG,Combustion,2040,,AtlanticEmissions|GHG Total|Combustion|Sector|Electricity2040
Atlantic,Emissions|GHG Total|Combustion|Sector|Electricity,Emissions,emissions_total_cumul_net,Electricity,,,GHG,Combustion,2045,,AtlanticEmissions|GHG Total|Combustion|Sector|Electricity2045
Atlantic,Emissions|GHG Total|Combustion|Sector|Electricity,Emissions,emissions_total_cumul_net,Electricity,,,GHG,Combustion,2050,,AtlanticEmissions|GHG Total|Combustion|Sector|Electricity2050
Atlantic,Emissions|GHG Total|Combustion|Sector|Hydrogen,Emissions,emissions_total_cumul_net,Hydrogen,,,GHG,Combustion,2015,,AtlanticEmissions|GHG Total|Combustion|Sector|Hydrogen2015
Atlantic,Emissions|GHG Total|Combustion|Sector|Hydrogen,Emissions,emissions_total_cumul_net,Hydrogen,,,GHG,Combustion,2020,,AtlanticEmissions|GHG Total|Combustion|Sector|Hydrogen2020
Atlantic,Emissions|GHG Total|Combustion|Sector|Hydrogen,Emissions,emissions_total_cumul_net,Hydrogen,,,GHG,Combustion,2025,,AtlanticEmissions|GHG Total|Combustion|Sector|Hydrogen2025
Atlantic,Emissions|GHG Total|Combustion|Sector|Hydrogen,Emissions,emissions_total_cumul_net,Hydrogen,,,GHG,Combustion,2030,,AtlanticEmissions|GHG Total|Combustion|Sector|Hydrogen2030
Atlantic,Emissions|GHG Total|Combustion|Sector|Hydrogen,Emissions,emissions_total_cumul_net,Hydrogen,,,GHG,Combustion,2035,,AtlanticEmissions|GHG Total|Combustion|Sector|Hydrogen2035
Atlantic,Emissions|GHG Total|Combustion|Sector|Hydrogen,Emissions,emissions_total_cumul_net,Hydrogen,,,GHG,Combustion,2040,,AtlanticEmissions|GHG Total|Combustion|Sector|Hydrogen2040
Atlantic,Emissions|GHG Total|Combustion|Sector|Hydrogen,Emissions,emissions_total_cumul_net,Hydrogen,,,GHG,Combustion,2045,,AtlanticEmissions|GHG Total|Combustion|Sector|Hydrogen2045
Atlantic,Emissions|GHG Total|Combustion|Sector|Hydrogen,Emissions,emissions_total_cumul_net,Hydrogen,,,GHG,Combustion,2050,,AtlanticEmissions|GHG Total|Combustion|Sector|Hydrogen2050
Atlantic,Emissions|GHG Total|Combustion|Sector|Industry,Emissions,emissions_total_cumul_net,Industry,,,GHG,Combustion,2015,,AtlanticEmissions|GHG Total|Combustion|Sector|Industry2015
Atlantic,Emissions|GHG Total|Combustion|Sector|Industry,Emissions,emissions_total_cumul_net,Industry,,,GHG,Combustion,2020,,AtlanticEmissions|GHG Total|Combustion|Sector|Industry2020
Atlantic,Emissions|GHG Total|Combustion|Sector|Industry,Emissions,emissions_total_cumul_net,Industry,,,GHG,Combustion,2025,,AtlanticEmissions|GHG Total|Combustion|Sector|Industry2025
Atlantic,Emissions|GHG Total|Combustion|Sector|Industry,Emissions,emissions_total_cumul_net,Industry,,,GHG,Combustion,2030,,AtlanticEmissions|GHG Total|Combustion|Sector|Industry2030
Atlantic,Emissions|GHG Total|Combustion|Sector|Industry,Emissions,emissions_total_cumul_net,Industry,,,GHG,Combustion,2035,,AtlanticEmissions|GHG Total|Combustion|Sector|Industry2035
Atlantic,Emissions|GHG Total|Combustion|Sector|Industry,Emissions,emissions_total_cumul_net,Industry,,,GHG,Combustion,2040,,AtlanticEmissions|GHG Total|Combustion|Sector|Industry2040
Atlantic,Emissions|GHG Total|Combustion|Sector|Industry,Emissions,emissions_total_cumul_net,Industry,,,GHG,Combustion,2045,,AtlanticEmissions|GHG Total|Combustion|Sector|Industry2045
Atlantic,Emissions|GHG Total|Combustion|Sector|Industry,Emissions,emissions_total_cumul_net,Industry,,,GHG,Combustion,2050,,AtlanticEmissions|GHG Total|Combustion|Sector|Industry2050
Atlantic,Emissions|GHG Total|Combustion|Sector|Industry|Non Mfg|Petroleum Refining,Emissions,emissions_total_cumul_net,Petroleum Refining,,,GHG,Combustion,2015,,AtlanticEmissions|GHG Total|Combustion|Sector|Industry|Non Mfg|Petroleum Refining2015
Atlantic,Emissions|GHG Total|Combustion|Sector|Industry|Non Mfg|Petroleum Refining,Emissions,emissions_total_cumul_net,Petroleum Refining,,,GHG,Combustion,2020,,AtlanticEmissions|GHG Total|Combustion|Sector|Industry|Non Mfg|Petroleum Refining2020
Atlantic,Emissions|GHG Total|Combustion|Sector|Industry|Non Mfg|Petroleum Refining,Emissions,emissions_total_cumul_net,Petroleum Refining,,,GHG,Combustion,2025,,AtlanticEmissions|GHG Total|Combustion|Sector|Industry|Non Mfg|Petroleum Refining2025
Atlantic,Emissions|GHG Total|Combustion|Sector|Industry|Non Mfg|Petroleum Refining,Emissions,emissions_total_cumul_net,Petroleum Refining,,,GHG,Combustion,2030,,AtlanticEmissions|GHG Total|Combustion|Sector|Industry|Non Mfg|Petroleum Refining2030
Atlantic,Emissions|GHG Total|Combustion|Sector|Industry|Non Mfg|Petroleum Refining,Emissions,emissions_total_cumul_net,Petroleum Refining,,,GHG,Combustion,2035,,AtlanticEmissions|GHG Total|Combustion|Sector|Industry|Non Mfg|Petroleum Refining2035
Atlantic,Emissions|GHG Total|Combustion|Sector|Industry|Non Mfg|Petroleum Refining,Emissions,emissions_total_cumul_net,Petroleum Refining,,,GHG,Combustion,2040,,AtlanticEmissions|GHG Total|Combustion|Sector|Industry|Non Mfg|Petroleum Refining2040
Atlantic,Emissions|GHG Total|Combustion|Sector|Industry|Non Mfg|Petroleum Refining,Emissions,emissions_total_cumul_net,Petroleum Refining,,,GHG,Combustion,2045,,AtlanticEmissions|GHG Total|Combustion|Sector|Industry|Non Mfg|Petroleum Refining2045
Atlantic,Emissions|GHG Total|Combustion|Sector|Industry|Non Mfg|Petroleum Refining,Emissions,emissions_total_cumul_net,Petroleum Refining,,,GHG,Combustion,2050,,AtlanticEmissions|GHG Total|Combustion|Sector|Industry|Non Mfg|Petroleum Refining2050
Atlantic,Emissions|GHG Total|Combustion|Sector|Transportation,Emissions,emissions_total_cumul_net,Transport,,,GHG,Combustion,2015,,AtlanticEmissions|GHG Total|Combustion|Sector|Transportation2015
Atlantic,Emissions|GHG Total|Combustion|Sector|Transportation,Emissions,emissions_total_cumul_net,Transport,,,GHG,Combustion,2020,,AtlanticEmissions|GHG Total|Combustion|Sector|Transportation2020
Atlantic,Emissions|GHG Total|Combustion|Sector|Transportation,Emissions,emissions_total_cumul_net,Transport,,,GHG,Combustion,2025,,AtlanticEmissions|GHG Total|Combustion|Sector|Transportation2025
Atlantic,Emissions|GHG Total|Combustion|Sector|Transportation,Emissions,emissions_total_cumul_net,Transport,,,GHG,Combustion,2030,,AtlanticEmissions|GHG Total|Combustion|Sector|Transportation2030
Atlantic,Emissions|GHG Total|Combustion|Sector|Transportation,Emissions,emissions_total_cumul_net,Transport,,,GHG,Combustion,2035,,AtlanticEmissions|GHG Total|Combustion|Sector|Transportation2035
Atlantic,Emissions|GHG Total|Combustion|Sector|Transportation,Emissions,emissions_total_cumul_net,Transport,,,GHG,Combustion,2040,,AtlanticEmissions|GHG Total|Combustion|Sector|Transportation2040
Atlantic,Emissions|GHG Total|Combustion|Sector|Transportation,Emissions,emissions_total_cumul_net,Transport,,,GHG,Combustion,2045,,AtlanticEmissions|GHG Total|Combustion|Sector|Transportation2045
Atlantic,Emissions|GHG Total|Combustion|Sector|Transportation,Emissions,emissions_total_cumul_net,Transport,,,GHG,Combustion,2050,,AtlanticEmissions|GHG Total|Combustion|Sector|Transportation2050
Atlantic,Emissions|GHG Total|Fugitive,Emissions,emissions_total_cumul_net,Economy,,,GHG,Fugitive,2015,,AtlanticEmissions|GHG Total|Fugitive2015
Atlantic,Emissions|GHG Total|Fugitive,Emissions,emissions_total_cumul_net,Economy,,,GHG,Fugitive,2020,,AtlanticEmissions|GHG Total|Fugitive2020
Atlantic,Emissions|GHG Total|Fugitive,Emissions,emissions_total_cumul_net,Economy,,,GHG,Fugitive,2025,,AtlanticEmissions|GHG Total|Fugitive2025
Atlantic,Emissions|GHG Total|Fugitive,Emissions,emissions_total_cumul_net,Economy,,,GHG,Fugitive,2030,,AtlanticEmissions|GHG Total|Fugitive2030
Atlantic,Emissions|GHG Total|Fugitive,Emissions,emissions_total_cumul_net,Economy,,,GHG,Fugitive,2035,,AtlanticEmissions|GHG Total|Fugitive2035
Atlantic,Emissions|GHG Total|Fugitive,Emissions,emissions_total_cumul_net,Economy,,,GHG,Fugitive,2040,,AtlanticEmissions|GHG Total|Fugitive2040
Atlantic,Emissions|GHG Total|Fugitive,Emissions,emissions_total_cumul_net,Economy,,,GHG,Fugitive,2045,,AtlanticEmissions|GHG Total|Fugitive2045
Atlantic,Emissions|GHG Total|Fugitive,Emissions,emissions_total_cumul_net,Economy,,,GHG,Fugitive,2050,,AtlanticEmissions|GHG Total|Fugitive2050
Atlantic,Emissions|GHG Total|Fugitive|Buildings,Emissions,emissions_total_cumul_net,Buildings,,,GHG,Fugitive,2015,,AtlanticEmissions|GHG Total|Fugitive|Buildings2015
Atlantic,Emissions|GHG Total|Fugitive|Buildings,Emissions,emissions_total_cumul_net,Buildings,,,GHG,Fugitive,2020,,AtlanticEmissions|GHG Total|Fugitive|Buildings2020
Atlantic,Emissions|GHG Total|Fugitive|Buildings,Emissions,emissions_total_cumul_net,Buildings,,,GHG,Fugitive,2025,,AtlanticEmissions|GHG Total|Fugitive|Buildings2025
Atlantic,Emissions|GHG Total|Fugitive|Buildings,Emissions,emissions_total_cumul_net,Buildings,,,GHG,Fugitive,2030,,AtlanticEmissions|GHG Total|Fugitive|Buildings2030
Atlantic,Emissions|GHG Total|Fugitive|Buildings,Emissions,emissions_total_cumul_net,Buildings,,,GHG,Fugitive,2035,,AtlanticEmissions|GHG Total|Fugitive|Buildings2035
Atlantic,Emissions|GHG Total|Fugitive|Buildings,Emissions,emissions_total_cumul_net,Buildings,,,GHG,Fugitive,2040,,AtlanticEmissions|GHG Total|Fugitive|Buildings2040
Atlantic,Emissions|GHG Total|Fugitive|Buildings,Emissions,emissions_total_cumul_net,Buildings,,,GHG,Fugitive,2045,,AtlanticEmissions|GHG Total|Fugitive|Buildings2045
Atlantic,Emissions|GHG Total|Fugitive|Buildings,Emissions,emissions_total_cumul_net,Buildings,,,GHG,Fugitive,2050,,AtlanticEmissions|GHG Total|Fugitive|Buildings2050
Atlantic,Emissions|GHG Total|Fugitive|Industry|Non Mfg|Petroleum Refining,Emissions,emissions_total_cumul_net,Petroleum Refining,,,GHG,Fugitive,2015,,AtlanticEmissions|GHG Total|Fugitive|Industry|Non Mfg|Petroleum Refining2015
Atlantic,Emissions|GHG Total|Fugitive|Industry|Non Mfg|Petroleum Refining,Emissions,emissions_total_cumul_net,Petroleum Refining,,,GHG,Fugitive,2020,,AtlanticEmissions|GHG Total|Fugitive|Industry|Non Mfg|Petroleum Refining2020
Atlantic,Emissions|GHG Total|Fugitive|Industry|Non Mfg|Petroleum Refining,Emissions,emissions_total_cumul_net,Petroleum Refining,,,GHG,Fugitive,2025,,AtlanticEmissions|GHG Total|Fugitive|Industry|Non Mfg|Petroleum Refining2025
Atlantic,Emissions|GHG Total|Fugitive|Industry|Non Mfg|Petroleum Refining,Emissions,emissions_total_cumul_net,Petroleum Refining,,,GHG,Fugitive,2030,,AtlanticEmissions|GHG Total|Fugitive|Industry|Non Mfg|Petroleum Refining2030
Atlantic,Emissions|GHG Total|Fugitive|Industry|Non Mfg|Petroleum Refining,Emissions,emissions_total_cumul_net,Petroleum Refining,,,GHG,Fugitive,2035,,AtlanticEmissions|GHG Total|Fugitive|Industry|Non Mfg|Petroleum Refining2035
Atlantic,Emissions|GHG Total|Fugitive|Industry|Non Mfg|Petroleum Refining,Emissions,emissions_total_cumul_net,Petroleum Refining,,,GHG,Fugitive,2040,,AtlanticEmissions|GHG Total|Fugitive|Industry|Non Mfg|Petroleum Refining2040
Atlantic,Emissions|GHG Total|Fugitive|Industry|Non Mfg|Petroleum Refining,Emissions,emissions_total_cumul_net,Petroleum Refining,,,GHG,Fugitive,2045,,AtlanticEmissions|GHG Total|Fugitive|Industry|Non Mfg|Petroleum Refining2045
Atlantic,Emissions|GHG Total|Fugitive|Industry|Non Mfg|Petroleum Refining,Emissions,emissions_total_cumul_net,Petroleum Refining,,,GHG,Fugitive,2050,,AtlanticEmissions|GHG Total|Fugitive|Industry|Non Mfg|Petroleum Refining2050
Atlantic,Emissions|GHG Total|Industrial Process,Emissions,emissions_total_cumul_net,Economy,,,GHG,Process,2015,,AtlanticEmissions|GHG Total|Industrial Process2015
Atlantic,Emissions|GHG Total|Industrial Process,Emissions,emissions_total_cumul_net,Economy,,,GHG,Process,2020,,AtlanticEmissions|GHG Total|Industrial Process2020
Atlantic,Emissions|GHG Total|Industrial Process,Emissions,emissions_total_cumul_net,Economy,,,GHG,Process,2025,,AtlanticEmissions|GHG Total|Industrial Process2025
Atlantic,Emissions|GHG Total|Industrial Process,Emissions,emissions_total_cumul_net,Economy,,,GHG,Process,2030,,AtlanticEmissions|GHG Total|Industrial Process2030
Atlantic,Emissions|GHG Total|Industrial Process,Emissions,emissions_total_cumul_net,Economy,,,GHG,Process,2035,,AtlanticEmissions|GHG Total|Industrial Process2035
Atlantic,Emissions|GHG Total|Industrial Process,Emissions,emissions_total_cumul_net,Economy,,,GHG,Process,2040,,AtlanticEmissions|GHG Total|Industrial Process2040
Atlantic,Emissions|GHG Total|Industrial Process,Emissions,emissions_total_cumul_net,Economy,,,GHG,Process,2045,,AtlanticEmissions|GHG Total|Industrial Process2045
Atlantic,Emissions|GHG Total|Industrial Process,Emissions,emissions_total_cumul_net,Economy,,,GHG,Process,2050,,AtlanticEmissions|GHG Total|Industrial Process2050
Atlantic,Price|Carbon,Price,tax,Economy,,,CO2,Combustion,2015,,AtlanticPrice|Carbon2015
Atlantic,Price|Carbon,Price,tax,Economy,,,CO2,Combustion,2020,,AtlanticPrice|Carbon2020
Atlantic,Price|Carbon,Price,tax,Economy,,,CO2,Combustion,2025,,AtlanticPrice|Carbon2025
Atlantic,Price|Carbon,Price,tax,Economy,,,CO2,Combustion,2030,,AtlanticPrice|Carbon2030
Atlantic,Price|Carbon,Price,tax,Economy,,,CO2,Combustion,2035,,AtlanticPrice|Carbon2035
Atlantic,Price|Carbon,Price,tax,Economy,,,CO2,Combustion,2040,,AtlanticPrice|Carbon2040
Atlantic,Price|Carbon,Price,tax,Economy,,,CO2,Combustion,2045,,AtlanticPrice|Carbon2045
Atlantic,Price|Carbon,Price,tax,Economy,,,CO2,Combustion,2050,,AtlanticPrice|Carbon2050
Atlantic,Price|Use Final|Biogas,Price,lcc_financial,CIMS,Biogas,,,,2015,,AtlanticPrice|Use Final|Biogas2015
Atlantic,Price|Use Final|Biogas,Price,lcc_financial,CIMS,Biogas,,,,2020,,AtlanticPrice|Use Final|Biogas2020
Atlantic,Price|Use Final|Biogas,Price,lcc_financial,CIMS,Biogas,,,,2025,,AtlanticPrice|Use Final|Biogas2025
Atlantic,Price|Use Final|Biogas,Price,lcc_financial,CIMS,Biogas,,,,2030,,AtlanticPrice|Use Final|Biogas2030
Atlantic,Price|Use Final|Biogas,Price,lcc_financial,CIMS,Biogas,,,,2035,,AtlanticPrice|Use Final|Biogas2035
Atlantic,Price|Use Final|Biogas,Price,lcc_financial,CIMS,Biogas,,,,2040,,AtlanticPrice|Use Final|Biogas2040
Atlantic,Price|Use Final|Biogas,Price,lcc_financial,CIMS,Biogas,,,,2045,,AtlanticPrice|Use Final|Biogas2045
Atlantic,Price|Use Final|Biogas,Price,lcc_financial,CIMS,Biogas,,,,2050,,AtlanticPrice|Use Final|Biogas2050
Atlantic,Price|Use Final|Biomass Liquids,Price,lcc_financial,Biodiesel,,,,,2015,,AtlanticPrice|Use Final|Biomass Liquids2015
Atlantic,Price|Use Final|Biomass Liquids,Price,lcc_financial,Biodiesel,,,,,2020,,AtlanticPrice|Use Final|Biomass Liquids2020
Atlantic,Price|Use Final|Biomass Liquids,Price,lcc_financial,Biodiesel,,,,,2025,,AtlanticPrice|Use Final|Biomass Liquids2025
Atlantic,Price|Use Final|Biomass Liquids,Price,lcc_financial,Biodiesel,,,,,2030,,AtlanticPrice|Use Final|Biomass Liquids2030
Atlantic,Price|Use Final|Biomass Liquids,Price,lcc_financial,Biodiesel,,,,,2035,,AtlanticPrice|Use Final|Biomass Liquids2035
Atlantic,Price|Use Final|Biomass Liquids,Price,lcc_financial,Biodiesel,,,,,2040,,AtlanticPrice|Use Final|Biomass Liquids2040
Atlantic,Price|Use Final|Biomass Liquids,Price,lcc_financial,Biodiesel,,,,,2045,,AtlanticPrice|Use Final|Biomass Liquids2045
Atlantic,Price|Use Final|Biomass Liquids,Price,lcc_financial,Biodiesel,,,,,2050,,AtlanticPrice|Use Final|Biomass Liquids2050
Atlantic,Price|Use Final|Biomass Solids,Price,lcc_financial,CIMS,Solid Biomass,,,,2015,,AtlanticPrice|Use Final|Biomass Solids2015
Atlantic,Price|Use Final|Biomass Solids,Price,lcc_financial,CIMS,Solid Biomass,,,,2020,,AtlanticPrice|Use Final|Biomass Solids2020
Atlantic,Price|Use Final|Biomass Solids,Price,lcc_financial,CIMS,Solid Biomass,,,,2025,,AtlanticPrice|Use Final|Biomass Solids2025
Atlantic,Price|Use Final|Biomass Solids,Price,lcc_financial,CIMS,Solid Biomass,,,,2030,,AtlanticPrice|Use Final|Biomass Solids2030
Atlantic,Price|Use Final|Biomass Solids,Price,lcc_financial,CIMS,Solid Biomass,,,,2035,,AtlanticPrice|Use Final|Biomass Solids2035
Atlantic,Price|Use Final|Biomass Solids,Price,lcc_financial,CIMS,Solid Biomass,,,,2040,,AtlanticPrice|Use Final|Biomass Solids2040
Atlantic,Price|Use Final|Biomass Solids,Price,lcc_financial,CIMS,Solid Biomass,,,,2045,,AtlanticPrice|Use Final|Biomass Solids2045
Atlantic,Price|Use Final|Biomass Solids,Price,lcc_financial,CIMS,Solid Biomass,,,,2050,,AtlanticPrice|Use Final|Biomass Solids2050
Atlantic,Price|Use Final|Electricity,Price,lcc_financial,Electricity,,,,,2015,,AtlanticPrice|Use Final|Electricity2015
Atlantic,Price|Use Final|Electricity,Price,lcc_financial,Electricity,,,,,2020,,AtlanticPrice|Use Final|Electricity2020
Atlantic,Price|Use Final|Electricity,Price,lcc_financial,Electricity,,,,,2025,,AtlanticPrice|Use Final|Electricity2025
Atlantic,Price|Use Final|Electricity,Price,lcc_financial,Electricity,,,,,2030,,AtlanticPrice|Use Final|Electricity2030
Atlantic,Price|Use Final|Electricity,Price,lcc_financial,Electricity,,,,,2035,,AtlanticPrice|Use Final|Electricity2035
Atlantic,Price|Use Final|Electricity,Price,lcc_financial,Electricity,,,,,2040,,AtlanticPrice|Use Final|Electricity2040
Atlantic,Price|Use Final|Electricity,Price,lcc_financial,Electricity,,,,,2045,,AtlanticPrice|Use Final|Electricity2045
Atlantic,Price|Use Final|Electricity,Price,lcc_financial,Electricity,,,,,2050,,AtlanticPrice|Use Final|Electricity2050
Atlantic,Price|Use Final|Gas,Price,lcc_financial,CIMS,Natural Gas,,,,2015,,AtlanticPrice|Use Final|Gas2015
Atlantic,Price|Use Final|Gas,Price,lcc_financial,CIMS,Natural Gas,,,,2020,,AtlanticPrice|Use Final|Gas2020
Atlantic,Price|Use Final|Gas,Price,lcc_financial,CIMS,Natural Gas,,,,2025,,AtlanticPrice|Use Final|Gas2025
Atlantic,Price|Use Final|Gas,Price,lcc_financial,CIMS,Natural Gas,,,,2030,,AtlanticPrice|Use Final|Gas2030
Atlantic,Price|Use Final|Gas,Price,lcc_financial,CIMS,Natural Gas,,,,2035,,AtlanticPrice|Use Final|Gas2035
Atlantic,Price|Use Final|Gas,Price,lcc_financial,CIMS,Natural Gas,,,,2040,,AtlanticPrice|Use Final|Gas2040
Atlantic,Price|Use Final|Gas,Price,lcc_financial,CIMS,Natural Gas,,,,2045,,AtlanticPrice|Use Final|Gas2045
Atlantic,Price|Use Final|Gas,Price,lcc_financial,CIMS,Natural Gas,,,,2050,,AtlanticPrice|Use Final|Gas2050
Atlantic,Price|Use Final|Hydrogen,Price,lcc_financial,Hydrogen,,,,,2015,,AtlanticPrice|Use Final|Hydrogen2015
Atlantic,Price|Use Final|Hydrogen,Price,lcc_financial,Hydrogen,,,,,2020,,AtlanticPrice|Use Final|Hydrogen2020
Atlantic,Price|Use Final|Hydrogen,Price,lcc_financial,Hydrogen,,,,,2025,,AtlanticPrice|Use Final|Hydrogen2025
Atlantic,Price|Use Final|Hydrogen,Price,lcc_financial,Hydrogen,,,,,2030,,AtlanticPrice|Use Final|Hydrogen2030
Atlantic,Price|Use Final|Hydrogen,Price,lcc_financial,Hydrogen,,,,,2035,,AtlanticPrice|Use Final|Hydrogen2035
Atlantic,Price|Use Final|Hydrogen,Price,lcc_financial,Hydrogen,,,,,2040,,AtlanticPrice|Use Final|Hydrogen2040
Atlantic,Price|Use Final|Hydrogen,Price,lcc_financial,Hydrogen,,,,,2045,,AtlanticPrice|Use Final|Hydrogen2045
Atlantic,Price|Use Final|Hydrogen,Price,lcc_financial,Hydrogen,,,,,2050,,AtlanticPrice|Use Final|Hydrogen2050
Atlantic,Price|Use Final|Oil,Price,lcc_financial,CIMS,Diesel,,,,2015,,AtlanticPrice|Use Final|Oil2015
Atlantic,Price|Use Final|Oil,Price,lcc_financial,CIMS,Diesel,,,,2020,,AtlanticPrice|Use Final|Oil2020
Atlantic,Price|Use Final|Oil,Price,lcc_financial,CIMS,Diesel,,,,2025,,AtlanticPrice|Use Final|Oil2025
Atlantic,Price|Use Final|Oil,Price,lcc_financial,CIMS,Diesel,,,,2030,,AtlanticPrice|Use Final|Oil2030
Atlantic,Price|Use Final|Oil,Price,lcc_financial,CIMS,Diesel,,,,2035,,AtlanticPrice|Use Final|Oil2035
Atlantic,Price|Use Final|Oil,Price,lcc_financial,CIMS,Diesel,,,,2040,,AtlanticPrice|Use Final|Oil2040
Atlantic,Price|Use Final|Oil,Price,lcc_financial,CIMS,Diesel,,,,2045,,AtlanticPrice|Use Final|Oil2045
Atlantic,Price|Use Final|Oil,Price,lcc_financial,CIMS,Diesel,,,,2050,,AtlanticPrice|Use Final|Oil2050
Atlantic,Price no ctax|Use Final|Biogas,Price,lcc_financial,CIMS,Biogas,,,,2015,,AtlanticPrice no ctax|Use Final|Biogas2015
Atlantic,Price no ctax|Use Final|Biogas,Price,lcc_financial,CIMS,Biogas,,,,2020,,AtlanticPrice no ctax|Use Final|Biogas2020
Atlantic,Price no ctax|Use Final|Biogas,Price,lcc_financial,CIMS,Biogas,,,,2025,,AtlanticPrice no ctax|Use Final|Biogas2025
Atlantic,Price no ctax|Use Final|Biogas,Price,lcc_financial,CIMS,Biogas,,,,2030,,AtlanticPrice no ctax|Use Final|Biogas2030
Atlantic,Price no ctax|Use Final|Biogas,Price,lcc_financial,CIMS,Biogas,,,,2035,,AtlanticPrice no ctax|Use Final|Biogas2035
Atlantic,Price no ctax|Use Final|Biogas,Price,lcc_financial,CIMS,Biogas,,,,2040,,AtlanticPrice no ctax|Use Final|Biogas2040
Atlantic,Price no ctax|Use Final|Biogas,Price,lcc_financial,CIMS,Biogas,,,,2045,,AtlanticPrice no ctax|Use Final|Biogas2045
Atlantic,Price no ctax|Use Final|Biogas,Price,lcc_financial,CIMS,Biogas,,,,2050,,AtlanticPrice no ctax|Use Final|Biogas2050
Atlantic,Price no ctax|Use Final|Biomass Liquids,Price,lcc_financial,Biodiesel,,,,,2015,,AtlanticPrice no ctax|Use Final|Biomass Liquids2015
Atlantic,Price no ctax|Use Final|Biomass Liquids,Price,lcc_financial,Biodiesel,,,,,2020,,AtlanticPrice no ctax|Use Final|Biomass Liquids2020
Atlantic,Price no ctax|Use Final|Biomass Liquids,Price,lcc_financial,Biodiesel,,,,,2025,,AtlanticPrice no ctax|Use Final|Biomass Liquids2025
Atlantic,Price no ctax|Use Final|Biomass Liquids,Price,lcc_financial,Biodiesel,,,,,2030,,AtlanticPrice no ctax|Use Final|Biomass Liquids2030
Atlantic,Price no ctax|Use Final|Biomass Liquids,Price,lcc_financial,Biodiesel,,,,,2035,,AtlanticPrice no ctax|Use Final|Biomass Liquids2035
Atlantic,Price no ctax|Use Final|Biomass Liquids,Price,lcc_financial,Biodiesel,,,,,2040,,AtlanticPrice no ctax|Use Final|Biomass Liquids2040
Atlantic,Price no ctax|Use Final|Biomass Liquids,Price,lcc_financial,Biodiesel,,,,,2045,,AtlanticPrice no ctax|Use Final|Biomass Liquids2045
Atlantic,Price no ctax|Use Final|Biomass Liquids,Price,lcc_financial,Biodiesel,,,,,2050,,AtlanticPrice no ctax|Use Final|Biomass Liquids2050
Atlantic,Price no ctax|Use Final|Biomass Solids,Price,lcc_financial,CIMS,Solid Biomass,,,,2015,,AtlanticPrice no ctax|Use Final|Biomass Solids2015
Atlantic,Price no ctax|Use Final|Biomass Solids,Price,lcc_financial,CIMS,Solid Biomass,,,,2020,,AtlanticPrice no ctax|Use Final|Biomass Solids2020
Atlantic,Price no ctax|Use Final|Biomass Solids,Price,lcc_financial,CIMS,Solid Biomass,,,,2025,,AtlanticPrice no ctax|Use Final|Biomass Solids2025
Atlantic,Price no ctax|Use Final|Biomass Solids,Price,lcc_financial,CIMS,Solid Biomass,,,,2030,,AtlanticPrice no ctax|Use Final|Biomass Solids2030
Atlantic,Price no ctax|Use Final|Biomass Solids,Price,lcc_financial,CIMS,Solid Biomass,,,,2035,,AtlanticPrice no ctax|Use Final|Biomass Solids2035
Atlantic,Price no ctax|Use Final|Biomass Solids,Price,lcc_financial,CIMS,Solid Biomass,,,,2040,,AtlanticPrice no ctax|Use Final|Biomass Solids2040
Atlantic,Price no ctax|Use Final|Biomass Solids,Price,lcc_financial,CIMS,Solid Biomass,,,,2045,,AtlanticPrice no ctax|Use Final|Biomass Solids2045
Atlantic,Price no ctax|Use Final|Biomass Solids,Price,lcc_financial,CIMS,Solid Biomass,,,,2050,,AtlanticPrice no ctax|Use Final|Biomass Solids2050
Atlantic,Price no ctax|Use Final|Electricity,Price,lcc_financial,Electricity,,,,,2015,,AtlanticPrice no ctax|Use Final|Electricity2015
Atlantic,Price no ctax|Use Final|Electricity,Price,lcc_financial,Electricity,,,,,2020,,AtlanticPrice no ctax|Use Final|Electricity2020
Atlantic,Price no ctax|Use Final|Electricity,Price,lcc_financial,Electricity,,,,,2025,,AtlanticPrice no ctax|Use Final|Electricity2025
Atlantic,Price no ctax|Use Final|Electricity,Price,lcc_financial,Electricity,,,,,2030,,AtlanticPrice no ctax|Use Final|Electricity2030
Atlantic,Price no ctax|Use Final|Electricity,Price,lcc_financial,Electricity,,,,,2035,,AtlanticPrice no ctax|Use Final|Electricity2035
Atlantic,Price no ctax|Use Final|Electricity,Price,lcc_financial,Electricity,,,,,2040,,AtlanticPrice no ctax|Use Final|Electricity2040
Atlantic,Price no ctax|Use Final|Electricity,Price,lcc_financial,Electricity,,,,,2045,,AtlanticPrice no ctax|Use Final|Electricity2045
Atlantic,Price no ctax|Use Final|Electricity,Price,lcc_financial,Electricity,,,,,2050,,AtlanticPrice no ctax|Use Final|Electricity2050
Atlantic,Price no ctax|Use Final|Gas,Price,lcc_financial,CIMS,Natural Gas,,,,2015,,AtlanticPrice no ctax|Use Final|Gas2015
Atlantic,Price no ctax|Use Final|Gas,Price,lcc_financial,CIMS,Natural Gas,,,,2020,,AtlanticPrice no ctax|Use Final|Gas2020
Atlantic,Price no ctax|Use Final|Gas,Price,lcc_financial,CIMS,Natural Gas,,,,2025,,AtlanticPrice no ctax|Use Final|Gas2025
Atlantic,Price no ctax|Use Final|Gas,Price,lcc_financial,CIMS,Natural Gas,,,,2030,,AtlanticPrice no ctax|Use Final|Gas2030
Atlantic,Price no ctax|Use Final|Gas,Price,lcc_financial,CIMS,Natural Gas,,,,2035,,AtlanticPrice no ctax|Use Final|Gas2035
Atlantic,Price no ctax|Use Final|Gas,Price,lcc_financial,CIMS,Natural Gas,,,,2040,,AtlanticPrice no ctax|Use Final|Gas2040
Atlantic,Price no ctax|Use Final|Gas,Price,lcc_financial,CIMS,Natural Gas,,,,2045,,AtlanticPrice no ctax|Use Final|Gas2045
Atlantic,Price no ctax|Use Final|Gas,Price,lcc_financial,CIMS,Natural Gas,,,,2050,,AtlanticPrice no ctax|Use Final|Gas2050
Atlantic,Price no ctax|Use Final|Hydrogen,Price,lcc_financial,Hydrogen,,,,,2015,,AtlanticPrice no ctax|Use Final|Hydrogen2015
Atlantic,Price no ctax|Use Final|Hydrogen,Price,lcc_financial,Hydrogen,,,,,2020,,AtlanticPrice no ctax|Use Final|Hydrogen2020
Atlantic,Price no ctax|Use Final|Hydrogen,Price,lcc_financial,Hydrogen,,,,,2025,,AtlanticPrice no ctax|Use Final|Hydrogen2025
Atlantic,Price no ctax|Use Final|Hydrogen,Price,lcc_financial,Hydrogen,,,,,2030,,AtlanticPrice no ctax|Use Final|Hydrogen2030
Atlantic,Price no ctax|Use Final|Hydrogen,Price,lcc_financial,Hydrogen,,,,,2035,,AtlanticPrice no ctax|Use Final|Hydrogen2035
Atlantic,Price no ctax|Use Final|Hydrogen,Price,lcc_financial,Hydrogen,,,,,2040,,AtlanticPrice no ctax|Use Final|Hydrogen2040
Atlantic,Price no ctax|Use Final|Hydrogen,Price,lcc_financial,Hydrogen,,,,,2045,,AtlanticPrice no ctax|Use Final|Hydrogen2045
Atlantic,Price no ctax|Use Final|Hydrogen,Price,lcc_financial,Hydrogen,,,,,2050,,AtlanticPrice no ctax|Use Final|Hydrogen2050
Atlantic,Price no ctax|Use Final|Oil,Price,lcc_financial,CIMS,Diesel,,,,2015,,AtlanticPrice no ctax|Use Final|Oil2015
Atlantic,Price no ctax|Use Final|Oil,Price,lcc_financial,CIMS,Diesel,,,,2020,,AtlanticPrice no ctax|Use Final|Oil2020
Atlantic,Price no ctax|Use Final|Oil,Price,lcc_financial,CIMS,Diesel,,,,2025,,AtlanticPrice no ctax|Use Final|Oil2025
Atlantic,Price no ctax|Use Final|Oil,Price,lcc_financial,CIMS,Diesel,,,,2030,,AtlanticPrice no ctax|Use Final|Oil2030
Atlantic,Price no ctax|Use Final|Oil,Price,lcc_financial,CIMS,Diesel,,,,2035,,AtlanticPrice no ctax|Use Final|Oil2035
Atlantic,Price no ctax|Use Final|Oil,Price,lcc_financial,CIMS,Diesel,,,,2040,,AtlanticPrice no ctax|Use Final|Oil2040
Atlantic,Price no ctax|Use Final|Oil,Price,lcc_financial,CIMS,Diesel,,,,2045,,AtlanticPrice no ctax|Use Final|Oil2045
Atlantic,Price no ctax|Use Final|Oil,Price,lcc_financial,CIMS,Diesel,,,,2050,,AtlanticPrice no ctax|Use Final|Oil2050
Atlantic,Price|Use Primary|Biomass,Price,lcc_financial,CIMS,Solid Biomass,,,,2015,,AtlanticPrice|Use Primary|Biomass2015
Atlantic,Price|Use Primary|Biomass,Price,lcc_financial,CIMS,Solid Biomass,,,,2020,,AtlanticPrice|Use Primary|Biomass2020
Atlantic,Price|Use Primary|Biomass,Price,lcc_financial,CIMS,Solid Biomass,,,,2025,,AtlanticPrice|Use Primary|Biomass2025
Atlantic,Price|Use Primary|Biomass,Price,lcc_financial,CIMS,Solid Biomass,,,,2030,,AtlanticPrice|Use Primary|Biomass2030
Atlantic,Price|Use Primary|Biomass,Price,lcc_financial,CIMS,Solid Biomass,,,,2035,,AtlanticPrice|Use Primary|Biomass2035
Atlantic,Price|Use Primary|Biomass,Price,lcc_financial,CIMS,Solid Biomass,,,,2040,,AtlanticPrice|Use Primary|Biomass2040
Atlantic,Price|Use Primary|Biomass,Price,lcc_financial,CIMS,Solid Biomass,,,,2045,,AtlanticPrice|Use Primary|Biomass2045
Atlantic,Price|Use Primary|Biomass,Price,lcc_financial,CIMS,Solid Biomass,,,,2050,,AtlanticPrice|Use Primary|Biomass2050
Atlantic,Price|Use Primary|Coal,Price,lcc_financial,CIMS,Thermal Coal,,,,2015,,AtlanticPrice|Use Primary|Coal2015
Atlantic,Price|Use Primary|Coal,Price,lcc_financial,CIMS,Thermal Coal,,,,2020,,AtlanticPrice|Use Primary|Coal2020
Atlantic,Price|Use Primary|Coal,Price,lcc_financial,CIMS,Thermal Coal,,,,2025,,AtlanticPrice|Use Primary|Coal2025
Atlantic,Price|Use Primary|Coal,Price,lcc_financial,CIMS,Thermal Coal,,,,2030,,AtlanticPrice|Use Primary|Coal2030
Atlantic,Price|Use Primary|Coal,Price,lcc_financial,CIMS,Thermal Coal,,,,2035,,AtlanticPrice|Use Primary|Coal2035
Atlantic,Price|Use Primary|Coal,Price,lcc_financial,CIMS,Thermal Coal,,,,2040,,AtlanticPrice|Use Primary|Coal2040
Atlantic,Price|Use Primary|Coal,Price,lcc_financial,CIMS,Thermal Coal,,,,2045,,AtlanticPrice|Use Primary|Coal2045
Atlantic,Price|Use Primary|Coal,Price,lcc_financial,CIMS,Thermal Coal,,,,2050,,AtlanticPrice|Use Primary|Coal2050
Atlantic,Price|Use Primary|Gas,Price,lcc_financial,CIMS,Natural Gas,,,,2015,,AtlanticPrice|Use Primary|Gas2015
Atlantic,Price|Use Primary|Gas,Price,lcc_financial,CIMS,Natural Gas,,,,2020,,AtlanticPrice|Use Primary|Gas2020
Atlantic,Price|Use Primary|Gas,Price,lcc_financial,CIMS,Natural Gas,,,,2025,,AtlanticPrice|Use Primary|Gas2025
Atlantic,Price|Use Primary|Gas,Price,lcc_financial,CIMS,Natural Gas,,,,2030,,AtlanticPrice|Use Primary|Gas2030
Atlantic,Price|Use Primary|Gas,Price,lcc_financial,CIMS,Natural Gas,,,,2035,,AtlanticPrice|Use Primary|Gas2035
Atlantic,Price|Use Primary|Gas,Price,lcc_financial,CIMS,Natural Gas,,,,2040,,AtlanticPrice|Use Primary|Gas2040
Atlantic,Price|Use Primary|Gas,Price,lcc_financial,CIMS,Natural Gas,,,,2045,,AtlanticPrice|Use Primary|Gas2045
Atlantic,Price|Use Primary|Gas,Price,lcc_financial,CIMS,Natural Gas,,,,2050,,AtlanticPrice|Use Primary|Gas2050
Atlantic,Production Primary|Coal,Production,quantity_provided,Coal Production,,,,,2015,,AtlanticProduction Primary|Coal2015
Atlantic,Production Primary|Coal,Production,quantity_provided,Coal Production,,,,,2020,,AtlanticProduction Primary|Coal2020
Atlantic,Production Primary|Coal,Production,quantity_provided,Coal Production,,,,,2025,,AtlanticProduction Primary|Coal2025
Atlantic,Production Primary|Coal,Production,quantity_provided,Coal Production,,,,,2030,,AtlanticProduction Primary|Coal2030
Atlantic,Production Primary|Coal,Production,quantity_provided,Coal Production,,,,,2035,,AtlanticProduction Primary|Coal2035
Atlantic,Production Primary|Coal,Production,quantity_provided,Coal Production,,,,,2040,,AtlanticProduction Primary|Coal2040
Atlantic,Production Primary|Coal,Production,quantity_provided,Coal Production,,,,,2045,,AtlanticProduction Primary|Coal2045
Atlantic,Production Primary|Coal,Production,quantity_provided,Coal Production,,,,,2050,,AtlanticProduction Primary|Coal2050
Atlantic,Production Primary|Gas,Production,quantity_provided,Natural Gas Production,,,,,2015,,AtlanticProduction Primary|Gas2015
Atlantic,Production Primary|Gas,Production,quantity_provided,Natural Gas Production,,,,,2020,,AtlanticProduction Primary|Gas2020
Atlantic,Production Primary|Gas,Production,quantity_provided,Natural Gas Production,,,,,2025,,AtlanticProduction Primary|Gas2025
Atlantic,Production Primary|Gas,Production,quantity_provided,Natural Gas Production,,,,,2030,,AtlanticProduction Primary|Gas2030
Atlantic,Production Primary|Gas,Production,quantity_provided,Natural Gas Production,,,,,2035,,AtlanticProduction Primary|Gas2035
Atlantic,Production Primary|Gas,Production,quantity_provided,Natural Gas Production,,,,,2040,,AtlanticProduction Primary|Gas2040
Atlantic,Production Primary|Gas,Production,quantity_provided,Natural Gas Production,,,,,2045,,AtlanticProduction Primary|Gas2045
Atlantic,Production Primary|Gas,Production,quantity_provided,Natural Gas Production,,,,,2050,,AtlanticProduction Primary|Gas2050
Atlantic,Production Primary|Oil,Production,quantity_provided,Crude Oil Production,,,,,2015,,AtlanticProduction Primary|Oil2015
Atlantic,Production Primary|Oil,Production,quantity_provided,Crude Oil Production,,,,,2020,,AtlanticProduction Primary|Oil2020
Atlantic,Production Primary|Oil,Production,quantity_provided,Crude Oil Production,,,,,2025,,AtlanticProduction Primary|Oil2025
Atlantic,Production Primary|Oil,Production,quantity_provided,Crude Oil Production,,,,,2030,,AtlanticProduction Primary|Oil2030
Atlantic,Production Primary|Oil,Production,quantity_provided,Crude Oil Production,,,,,2035,,AtlanticProduction Primary|Oil2035
Atlantic,Production Primary|Oil,Production,quantity_provided,Crude Oil Production,,,,,2040,,AtlanticProduction Primary|Oil2040
Atlantic,Production Primary|Oil,Production,quantity_provided,Crude Oil Production,,,,,2045,,AtlanticProduction Primary|Oil2045
Atlantic,Production Primary|Oil,Production,quantity_provided,Crude Oil Production,,,,,2050,,AtlanticProduction Primary|Oil2050
Atlantic,Production Secondary|Biogas,Production,quantity_provided,CIMS,Biogas,,,,2015,,AtlanticProduction Secondary|Biogas2015
Atlantic,Production Secondary|Biogas,Production,quantity_provided,CIMS,Biogas,,,,2020,,AtlanticProduction Secondary|Biogas2020
Atlantic,Production Secondary|Biogas,Production,quantity_provided,CIMS,Biogas,,,,2025,,AtlanticProduction Secondary|Biogas2025
Atlantic,Production Secondary|Biogas,Production,quantity_provided,CIMS,Biogas,,,,2030,,AtlanticProduction Secondary|Biogas2030
Atlantic,Production Secondary|Biogas,Production,quantity_provided,CIMS,Biogas,,,,2035,,AtlanticProduction Secondary|Biogas2035
Atlantic,Production Secondary|Biogas,Production,quantity_provided,CIMS,Biogas,,,,2040,,AtlanticProduction Secondary|Biogas2040
Atlantic,Production Secondary|Biogas,Production,quantity_provided,CIMS,Biogas,,,,2045,,AtlanticProduction Secondary|Biogas2045
Atlantic,Production Secondary|Biogas,Production,quantity_provided,CIMS,Biogas,,,,2050,,AtlanticProduction Secondary|Biogas2050
Atlantic,Production Secondary|Biomass Liquids,Production,quantity_provided,Biofuels,,,,,2015,,AtlanticProduction Secondary|Biomass Liquids2015
Atlantic,Production Secondary|Biomass Liquids,Production,quantity_provided,Biofuels,,,,,2020,,AtlanticProduction Secondary|Biomass Liquids2020
Atlantic,Production Secondary|Biomass Liquids,Production,quantity_provided,Biofuels,,,,,2025,,AtlanticProduction Secondary|Biomass Liquids2025
Atlantic,Production Secondary|Biomass Liquids,Production,quantity_provided,Biofuels,,,,,2030,,AtlanticProduction Secondary|Biomass Liquids2030
Atlantic,Production Secondary|Biomass Liquids,Production,quantity_provided,Biofuels,,,,,2035,,AtlanticProduction Secondary|Biomass Liquids2035
Atlantic,Production Secondary|Biomass Liquids,Production,quantity_provided,Biofuels,,,,,2040,,AtlanticProduction Secondary|Biomass Liquids2040
Atlantic,Production Secondary|Biomass Liquids,Production,quantity_provided,Biofuels,,,,,2045,,AtlanticProduction Secondary|Biomass Liquids2045
Atlantic,Production Secondary|Biomass Liquids,Production,quantity_provided,Biofuels,,,,,2050,,AtlanticProduction Secondary|Biomass Liquids2050
Atlantic,Production Secondary|Electricity,Production,quantity_requested,Economy,Electricity,,,,2015,,AtlanticProduction Secondary|Electricity2015
Atlantic,Production Secondary|Electricity,Production,quantity_requested,Economy,Electricity,,,,2020,,AtlanticProduction Secondary|Electricity2020
Atlantic,Production Secondary|Electricity,Production,quantity_requested,Economy,Electricity,,,,2025,,AtlanticProduction Secondary|Electricity2025
Atlantic,Production Secondary|Electricity,Production,quantity_requested,Economy,Electricity,,,,2030,,AtlanticProduction Secondary|Electricity2030
Atlantic,Production Secondary|Electricity,Production,quantity_requested,Economy,Electricity,,,,2035,,AtlanticProduction Secondary|Electricity2035
Atlantic,Production Secondary|Electricity,Production,quantity_requested,Economy,Electricity,,,,2040,,AtlanticProduction Secondary|Electricity2040
Atlantic,Production Secondary|Electricity,Production,quantity_requested,Economy,Electricity,,,,2045,,AtlanticProduction Secondary|Electricity2045
Atlantic,Production Secondary|Electricity,Production,quantity_requested,Economy,Electricity,,,,2050,,AtlanticProduction Secondary|Electricity2050
Atlantic,Production Secondary|Electricity|DER,Production,quantity_distributed,Economy,Electricity,,,,2015,,AtlanticProduction Secondary|Electricity|DER2015
Atlantic,Production Secondary|Electricity|DER,Production,quantity_distributed,Economy,Electricity,,,,2020,,AtlanticProduction Secondary|Electricity|DER2020
Atlantic,Production Secondary|Electricity|DER,Production,quantity_distributed,Economy,Electricity,,,,2025,,AtlanticProduction Secondary|Electricity|DER2025
Atlantic,Production Secondary|Electricity|DER,Production,quantity_distributed,Economy,Electricity,,,,2030,,AtlanticProduction Secondary|Electricity|DER2030
Atlantic,Production Secondary|Electricity|DER,Production,quantity_distributed,Economy,Electricity,,,,2035,,AtlanticProduction Secondary|Electricity|DER2035
Atlantic,Production Secondary|Electricity|DER,Production,quantity_distributed,Economy,Electricity,,,,2040,,AtlanticProduction Secondary|Electricity|DER2040
Atlantic,Production Secondary|Electricity|DER,Production,quantity_distributed,Economy,Electricity,,,,2045,,AtlanticProduction Secondary|Electricity|DER2045
Atlantic,Production Secondary|Electricity|DER,Production,quantity_distributed,Economy,Electricity,,,,2050,,AtlanticProduction Secondary|Electricity|DER2050
Atlantic,Production Secondary|Electricity|DER|CHP,Production,quantity_distributed,Economy,Electricity,,,,2015,,AtlanticProduction Secondary|Electricity|DER|CHP2015
Atlantic,Production Secondary|Electricity|DER|CHP,Production,quantity_distributed,Economy,Electricity,,,,2020,,AtlanticProduction Secondary|Electricity|DER|CHP2020
Atlantic,Production Secondary|Electricity|DER|CHP,Production,quantity_distributed,Economy,Electricity,,,,2025,,AtlanticProduction Secondary|Electricity|DER|CHP2025
Atlantic,Production Secondary|Electricity|DER|CHP,Production,quantity_distributed,Economy,Electricity,,,,2030,,AtlanticProduction Secondary|Electricity|DER|CHP2030
Atlantic,Production Secondary|Electricity|DER|CHP,Production,quantity_distributed,Economy,Electricity,,,,2035,,AtlanticProduction Secondary|Electricity|DER|CHP2035
Atlantic,Production Secondary|Electricity|DER|CHP,Production,quantity_distributed,Economy,Electricity,,,,2040,,AtlanticProduction Secondary|Electricity|DER|CHP2040
Atlantic,Production Secondary|Electricity|DER|CHP,Production,quantity_distributed,Economy,Electricity,,,,2045,,AtlanticProduction Secondary|Electricity|DER|CHP2045
Atlantic,Production Secondary|Electricity|DER|CHP,Production,quantity_distributed,Economy,Electricity,,,,2050,,AtlanticProduction Secondary|Electricity|DER|CHP2050
Atlantic,Production Secondary|Electricity|Geothermal,Production,stock_total,Electricity,,Geoexchange,,,2015,,AtlanticProduction Secondary|Electricity|Geothermal2015
Atlantic,Production Secondary|Electricity|Geothermal,Production,stock_total,Electricity,,Geoexchange,,,2020,,AtlanticProduction Secondary|Electricity|Geothermal2020
Atlantic,Production Secondary|Electricity|Geothermal,Production,stock_total,Electricity,,Geoexchange,,,2025,,AtlanticProduction Secondary|Electricity|Geothermal2025
Atlantic,Production Secondary|Electricity|Geothermal,Production,stock_total,Electricity,,Geoexchange,,,2030,,AtlanticProduction Secondary|Electricity|Geothermal2030
Atlantic,Production Secondary|Electricity|Geothermal,Production,stock_total,Electricity,,Geoexchange,,,2035,,AtlanticProduction Secondary|Electricity|Geothermal2035
Atlantic,Production Secondary|Electricity|Geothermal,Production,stock_total,Electricity,,Geoexchange,,,2040,,AtlanticProduction Secondary|Electricity|Geothermal2040
Atlantic,Production Secondary|Electricity|Geothermal,Production,stock_total,Electricity,,Geoexchange,,,2045,,AtlanticProduction Secondary|Electricity|Geothermal2045
Atlantic,Production Secondary|Electricity|Geothermal,Production,stock_total,Electricity,,Geoexchange,,,2050,,AtlanticProduction Secondary|Electricity|Geothermal2050
Atlantic,Production Secondary|Electricity|Hydro,Production,stock_total,Electricity,,Hydro,,,2015,,AtlanticProduction Secondary|Electricity|Hydro2015
Atlantic,Production Secondary|Electricity|Hydro,Production,stock_total,Electricity,,Hydro,,,2020,,AtlanticProduction Secondary|Electricity|Hydro2020
Atlantic,Production Secondary|Electricity|Hydro,Production,stock_total,Electricity,,Hydro,,,2025,,AtlanticProduction Secondary|Electricity|Hydro2025
Atlantic,Production Secondary|Electricity|Hydro,Production,stock_total,Electricity,,Hydro,,,2030,,AtlanticProduction Secondary|Electricity|Hydro2030
Atlantic,Production Secondary|Electricity|Hydro,Production,stock_total,Electricity,,Hydro,,,2035,,AtlanticProduction Secondary|Electricity|Hydro2035
Atlantic,Production Secondary|Electricity|Hydro,Production,stock_total,Electricity,,Hydro,,,2040,,AtlanticProduction Secondary|Electricity|Hydro2040
Atlantic,Production Secondary|Electricity|Hydro,Production,stock_total,Electricity,,Hydro,,,2045,,AtlanticProduction Secondary|Electricity|Hydro2045
Atlantic,Production Secondary|Electricity|Hydro,Production,stock_total,Electricity,,Hydro,,,2050,,AtlanticProduction Secondary|Electricity|Hydro2050
Atlantic,Production Secondary|Electricity|Nuclear,Production,stock_total,Electricity,,Nuclear,,,2015,,AtlanticProduction Secondary|Electricity|Nuclear2015
Atlantic,Production Secondary|Electricity|Nuclear,Production,stock_total,Electricity,,Nuclear,,,2020,,AtlanticProduction Secondary|Electricity|Nuclear2020
Atlantic,Production Secondary|Electricity|Nuclear,Production,stock_total,Electricity,,Nuclear,,,2025,,AtlanticProduction Secondary|Electricity|Nuclear2025
Atlantic,Production Secondary|Electricity|Nuclear,Production,stock_total,Electricity,,Nuclear,,,2030,,AtlanticProduction Secondary|Electricity|Nuclear2030
Atlantic,Production Secondary|Electricity|Nuclear,Production,stock_total,Electricity,,Nuclear,,,2035,,AtlanticProduction Secondary|Electricity|Nuclear2035
Atlantic,Production Secondary|Electricity|Nuclear,Production,stock_total,Electricity,,Nuclear,,,2040,,AtlanticProduction Secondary|Electricity|Nuclear2040
Atlantic,Production Secondary|Electricity|Nuclear,Production,stock_total,Electricity,,Nuclear,,,2045,,AtlanticProduction Secondary|Electricity|Nuclear2045
Atlantic,Production Secondary|Electricity|Nuclear,Production,stock_total,Electricity,,Nuclear,,,2050,,AtlanticProduction Secondary|Electricity|Nuclear2050
Atlantic,Production Secondary|Electricity|Oil,Production,stock_total,Electricity,,Fuel Oil,,,2015,,AtlanticProduction Secondary|Electricity|Oil2015
Atlantic,Production Secondary|Electricity|Oil,Production,stock_total,Electricity,,Fuel Oil,,,2020,,AtlanticProduction Secondary|Electricity|Oil2020
Atlantic,Production Secondary|Electricity|Oil,Production,stock_total,Electricity,,Fuel Oil,,,2025,,AtlanticProduction Secondary|Electricity|Oil2025
Atlantic,Production Secondary|Electricity|Oil,Production,stock_total,Electricity,,Fuel Oil,,,2030,,AtlanticProduction Secondary|Electricity|Oil2030
Atlantic,Production Secondary|Electricity|Oil,Production,stock_total,Electricity,,Fuel Oil,,,2035,,AtlanticProduction Secondary|Electricity|Oil2035
Atlantic,Production Secondary|Electricity|Oil,Production,stock_total,Electricity,,Fuel Oil,,,2040,,AtlanticProduction Secondary|Electricity|Oil2040
Atlantic,Production Secondary|Electricity|Oil,Production,stock_total,Electricity,,Fuel Oil,,,2045,,AtlanticProduction Secondary|Electricity|Oil2045
Atlantic,Production Secondary|Electricity|Oil,Production,stock_total,Electricity,,Fuel Oil,,,2050,,AtlanticProduction Secondary|Electricity|Oil2050
Atlantic,Production Secondary|Electricity|Solar,Production,stock_total,Electricity,,Solar,,,2015,,AtlanticProduction Secondary|Electricity|Solar2015
Atlantic,Production Secondary|Electricity|Solar,Production,stock_total,Electricity,,Solar,,,2020,,AtlanticProduction Secondary|Electricity|Solar2020
Atlantic,Production Secondary|Electricity|Solar,Production,stock_total,Electricity,,Solar,,,2025,,AtlanticProduction Secondary|Electricity|Solar2025
Atlantic,Production Secondary|Electricity|Solar,Production,stock_total,Electricity,,Solar,,,2030,,AtlanticProduction Secondary|Electricity|Solar2030
Atlantic,Production Secondary|Electricity|Solar,Production,stock_total,Electricity,,Solar,,,2035,,AtlanticProduction Secondary|Electricity|Solar2035
Atlantic,Production Secondary|Electricity|Solar,Production,stock_total,Electricity,,Solar,,,2040,,AtlanticProduction Secondary|Electricity|Solar2040
Atlantic,Production Secondary|Electricity|Solar,Production,stock_total,Electricity,,Solar,,,2045,,AtlanticProduction Secondary|Electricity|Solar2045
Atlantic,Production Secondary|Electricity|Solar,Production,stock_total,Electricity,,Solar,,,2050,,AtlanticProduction Secondary|Electricity|Solar2050
Atlantic,Production Secondary|Electricity|Wind,Production,stock_total,Electricity,,Wind,,,2015,,AtlanticProduction Secondary|Electricity|Wind2015
Atlantic,Production Secondary|Electricity|Wind,Production,stock_total,Electricity,,Wind,,,2020,,AtlanticProduction Secondary|Electricity|Wind2020
Atlantic,Production Secondary|Electricity|Wind,Production,stock_total,Electricity,,Wind,,,2025,,AtlanticProduction Secondary|Electricity|Wind2025
Atlantic,Production Secondary|Electricity|Wind,Production,stock_total,Electricity,,Wind,,,2030,,AtlanticProduction Secondary|Electricity|Wind2030
Atlantic,Production Secondary|Electricity|Wind,Production,stock_total,Electricity,,Wind,,,2035,,AtlanticProduction Secondary|Electricity|Wind2035
Atlantic,Production Secondary|Electricity|Wind,Production,stock_total,Electricity,,Wind,,,2040,,AtlanticProduction Secondary|Electricity|Wind2040
Atlantic,Production Secondary|Electricity|Wind,Production,stock_total,Electricity,,Wind,,,2045,,AtlanticProduction Secondary|Electricity|Wind2045
Atlantic,Production Secondary|Electricity|Wind,Production,stock_total,Electricity,,Wind,,,2050,,AtlanticProduction Secondary|Electricity|Wind2050
Atlantic,Production Secondary|Hydrogen,Production,quantity_provided,Hydrogen,,,,,2015,,AtlanticProduction Secondary|Hydrogen2015
Atlantic,Production Secondary|Hydrogen,Production,quantity_provided,Hydrogen,,,,,2020,,AtlanticProduction Secondary|Hydrogen2020
Atlantic,Production Secondary|Hydrogen,Production,quantity_provided,Hydrogen,,,,,2025,,AtlanticProduction Secondary|Hydrogen2025
Atlantic,Production Secondary|Hydrogen,Production,quantity_provided,Hydrogen,,,,,2030,,AtlanticProduction Secondary|Hydrogen2030
Atlantic,Production Secondary|Hydrogen,Production,quantity_provided,Hydrogen,,,,,2035,,AtlanticProduction Secondary|Hydrogen2035
Atlantic,Production Secondary|Hydrogen,Production,quantity_provided,Hydrogen,,,,,2040,,AtlanticProduction Secondary|Hydrogen2040
Atlantic,Production Secondary|Hydrogen,Production,quantity_provided,Hydrogen,,,,,2045,,AtlanticProduction Secondary|Hydrogen2045
Atlantic,Production Secondary|Hydrogen,Production,quantity_provided,Hydrogen,,,,,2050,,AtlanticProduction Secondary|Hydrogen2050
Atlantic,Production Secondary|Refined Petroleum Products,Production,quantity_provided,Petroleum Refining,,,,,2015,,AtlanticProduction Secondary|Refined Petroleum Products2015
Atlantic,Production Secondary|Refined Petroleum Products,Production,quantity_provided,Petroleum Refining,,,,,2020,,AtlanticProduction Secondary|Refined Petroleum Products2020
Atlantic,Production Secondary|Refined Petroleum Products,Production,quantity_provided,Petroleum Refining,,,,,2025,,AtlanticProduction Secondary|Refined Petroleum Products2025
Atlantic,Production Secondary|Refined Petroleum Products,Production,quantity_provided,Petroleum Refining,,,,,2030,,AtlanticProduction Secondary|Refined Petroleum Products2030
Atlantic,Production Secondary|Refined Petroleum Products,Production,quantity_provided,Petroleum Refining,,,,,2035,,AtlanticProduction Secondary|Refined Petroleum Products2035
Atlantic,Production Secondary|Refined Petroleum Products,Production,quantity_provided,Petroleum Refining,,,,,2040,,AtlanticProduction Secondary|Refined Petroleum Products2040
Atlantic,Production Secondary|Refined Petroleum Products,Production,quantity_provided,Petroleum Refining,,,,,2045,,AtlanticProduction Secondary|Refined Petroleum Products2045
Atlantic,Production Secondary|Refined Petroleum Products,Production,quantity_provided,Petroleum Refining,,,,,2050,,AtlanticProduction Secondary|Refined Petroleum Products2050
Atlantic,Use Final,Use Final,quantity_requested,Economy,Total,,,,2015,,AtlanticUse Final2015
Atlantic,Use Final,Use Final,quantity_requested,Economy,Total,,,,2020,,AtlanticUse Final2020
Atlantic,Use Final,Use Final,quantity_requested,Economy,Total,,,,2025,,AtlanticUse Final2025
Atlantic,Use Final,Use Final,quantity_requested,Economy,Total,,,,2030,,AtlanticUse Final2030
Atlantic,Use Final,Use Final,quantity_requested,Economy,Total,,,,2035,,AtlanticUse Final2035
Atlantic,Use Final,Use Final,quantity_requested,Economy,Total,,,,2040,,AtlanticUse Final2040
Atlantic,Use Final,Use Final,quantity_requested,Economy,Total,,,,2045,,AtlanticUse Final2045
Atlantic,Use Final,Use Final,quantity_requested,Economy,Total,,,,2050,,AtlanticUse Final2050
Atlantic,Use Final|Energy|Biogas,Use Final,quantity_requested,Economy,Biogas,,,,2015,,AtlanticUse Final|Energy|Biogas2015
Atlantic,Use Final|Energy|Biogas,Use Final,quantity_requested,Economy,Biogas,,,,2020,,AtlanticUse Final|Energy|Biogas2020
Atlantic,Use Final|Energy|Biogas,Use Final,quantity_requested,Economy,Biogas,,,,2025,,AtlanticUse Final|Energy|Biogas2025
Atlantic,Use Final|Energy|Biogas,Use Final,quantity_requested,Economy,Biogas,,,,2030,,AtlanticUse Final|Energy|Biogas2030
Atlantic,Use Final|Energy|Biogas,Use Final,quantity_requested,Economy,Biogas,,,,2035,,AtlanticUse Final|Energy|Biogas2035
Atlantic,Use Final|Energy|Biogas,Use Final,quantity_requested,Economy,Biogas,,,,2040,,AtlanticUse Final|Energy|Biogas2040
Atlantic,Use Final|Energy|Biogas,Use Final,quantity_requested,Economy,Biogas,,,,2045,,AtlanticUse Final|Energy|Biogas2045
Atlantic,Use Final|Energy|Biogas,Use Final,quantity_requested,Economy,Biogas,,,,2050,,AtlanticUse Final|Energy|Biogas2050
Atlantic,Use Final|Energy|Biomass Liquids,Use Final,quantity_requested,Economy,Biomass Liquids,,,,2015,,AtlanticUse Final|Energy|Biomass Liquids2015
Atlantic,Use Final|Energy|Biomass Liquids,Use Final,quantity_requested,Economy,Biomass Liquids,,,,2020,,AtlanticUse Final|Energy|Biomass Liquids2020
Atlantic,Use Final|Energy|Biomass Liquids,Use Final,quantity_requested,Economy,Biomass Liquids,,,,2025,,AtlanticUse Final|Energy|Biomass Liquids2025
Atlantic,Use Final|Energy|Biomass Liquids,Use Final,quantity_requested,Economy,Biomass Liquids,,,,2030,,AtlanticUse Final|Energy|Biomass Liquids2030
Atlantic,Use Final|Energy|Biomass Liquids,Use Final,quantity_requested,Economy,Biomass Liquids,,,,2035,,AtlanticUse Final|Energy|Biomass Liquids2035
Atlantic,Use Final|Energy|Biomass Liquids,Use Final,quantity_requested,Economy,Biomass Liquids,,,,2040,,AtlanticUse Final|Energy|Biomass Liquids2040
Atlantic,Use Final|Energy|Biomass Liquids,Use Final,quantity_requested,Economy,Biomass Liquids,,,,2045,,AtlanticUse Final|Energy|Biomass Liquids2045
Atlantic,Use Final|Energy|Biomass Liquids,Use Final,quantity_requested,Economy,Biomass Liquids,,,,2050,,AtlanticUse Final|Energy|Biomass Liquids2050
Atlantic,Use Final|Energy|Biomass Solids,Use Final,quantity_requested,Economy,Biomass Solids,,,,2015,,AtlanticUse Final|Energy|Biomass Solids2015
Atlantic,Use Final|Energy|Biomass Solids,Use Final,quantity_requested,Economy,Biomass Solids,,,,2020,,AtlanticUse Final|Energy|Biomass Solids2020
Atlantic,Use Final|Energy|Biomass Solids,Use Final,quantity_requested,Economy,Biomass Solids,,,,2025,,AtlanticUse Final|Energy|Biomass Solids2025
Atlantic,Use Final|Energy|Biomass Solids,Use Final,quantity_requested,Economy,Biomass Solids,,,,2030,,AtlanticUse Final|Energy|Biomass Solids2030
Atlantic,Use Final|Energy|Biomass Solids,Use Final,quantity_requested,Economy,Biomass Solids,,,,2035,,AtlanticUse Final|Energy|Biomass Solids2035
Atlantic,Use Final|Energy|Biomass Solids,Use Final,quantity_requested,Economy,Biomass Solids,,,,2040,,AtlanticUse Final|Energy|Biomass Solids2040
Atlantic,Use Final|Energy|Biomass Solids,Use Final,quantity_requested,Economy,Biomass Solids,,,,2045,,AtlanticUse Final|Energy|Biomass Solids2045
Atlantic,Use Final|Energy|Biomass Solids,Use Final,quantity_requested,Economy,Biomass Solids,,,,2050,,AtlanticUse Final|Energy|Biomass Solids2050
Atlantic,Use Final|Energy|Coal,Use Final,quantity_requested,Economy,Coal,,,,2015,,AtlanticUse Final|Energy|Coal2015
Atlantic,Use Final|Energy|Coal,Use Final,quantity_requested,Economy,Coal,,,,2020,,AtlanticUse Final|Energy|Coal2020
Atlantic,Use Final|Energy|Coal,Use Final,quantity_requested,Economy,Coal,,,,2025,,AtlanticUse Final|Energy|Coal2025
Atlantic,Use Final|Energy|Coal,Use Final,quantity_requested,Economy,Coal,,,,2030,,AtlanticUse Final|Energy|Coal2030
Atlantic,Use Final|Energy|Coal,Use Final,quantity_requested,Economy,Coal,,,,2035,,AtlanticUse Final|Energy|Coal2035
Atlantic,Use Final|Energy|Coal,Use Final,quantity_requested,Economy,Coal,,,,2040,,AtlanticUse Final|Energy|Coal2040
Atlantic,Use Final|Energy|Coal,Use Final,quantity_requested,Economy,Coal,,,,2045,,AtlanticUse Final|Energy|Coal2045
Atlantic,Use Final|Energy|Coal,Use Final,quantity_requested,Economy,Coal,,,,2050,,AtlanticUse Final|Energy|Coal2050
Atlantic,Use Final|Energy|Electricity,Use Final,quantity_requested,Economy,Electricity,,,,2015,,AtlanticUse Final|Energy|Electricity2015
Atlantic,Use Final|Energy|Electricity,Use Final,quantity_requested,Economy,Electricity,,,,2020,,AtlanticUse Final|Energy|Electricity2020
Atlantic,Use Final|Energy|Electricity,Use Final,quantity_requested,Economy,Electricity,,,,2025,,AtlanticUse Final|Energy|Electricity2025
Atlantic,Use Final|Energy|Electricity,Use Final,quantity_requested,Economy,Electricity,,,,2030,,AtlanticUse Final|Energy|Electricity2030
Atlantic,Use Final|Energy|Electricity,Use Final,quantity_requested,Economy,Electricity,,,,2035,,AtlanticUse Final|Energy|Electricity2035
Atlantic,Use Final|Energy|Electricity,Use Final,quantity_requested,Economy,Electricity,,,,2040,,AtlanticUse Final|Energy|Electricity2040
Atlantic,Use Final|Energy|Electricity,Use Final,quantity_requested,Economy,Electricity,,,,2045,,AtlanticUse Final|Energy|Electricity2045
Atlantic,Use Final|Energy|Electricity,Use Final,quantity_requested,Economy,Electricity,,,,2050,,AtlanticUse Final|Energy|Electricity2050
Atlantic,Use Final|Energy|Gas,Use Final,quantity_requested,Economy,Gas,,,,2015,,AtlanticUse Final|Energy|Gas2015
Atlantic,Use Final|Energy|Gas,Use Final,quantity_requested,Economy,Gas,,,,2020,,AtlanticUse Final|Energy|Gas2020
Atlantic,Use Final|Energy|Gas,Use Final,quantity_requested,Economy,Gas,,,,2025,,AtlanticUse Final|Energy|Gas2025
Atlantic,Use Final|Energy|Gas,Use Final,quantity_requested,Economy,Gas,,,,2030,,AtlanticUse Final|Energy|Gas2030
Atlantic,Use Final|Energy|Gas,Use Final,quantity_requested,Economy,Gas,,,,2035,,AtlanticUse Final|Energy|Gas2035
Atlantic,Use Final|Energy|Gas,Use Final,quantity_requested,Economy,Gas,,,,2040,,AtlanticUse Final|Energy|Gas2040
Atlantic,Use Final|Energy|Gas,Use Final,quantity_requested,Economy,Gas,,,,2045,,AtlanticUse Final|Energy|Gas2045
Atlantic,Use Final|Energy|Gas,Use Final,quantity_requested,Economy,Gas,,,,2050,,AtlanticUse Final|Energy|Gas2050
Atlantic,Use Final|Energy|Hydrogen,Use Final,quantity_requested,Economy,Hydrogen,,,,2015,,AtlanticUse Final|Energy|Hydrogen2015
Atlantic,Use Final|Energy|Hydrogen,Use Final,quantity_requested,Economy,Hydrogen,,,,2020,,AtlanticUse Final|Energy|Hydrogen2020
Atlantic,Use Final|Energy|Hydrogen,Use Final,quantity_requested,Economy,Hydrogen,,,,2025,,AtlanticUse Final|Energy|Hydrogen2025
Atlantic,Use Final|Energy|Hydrogen,Use Final,quantity_requested,Economy,Hydrogen,,,,2030,,AtlanticUse Final|Energy|Hydrogen2030
Atlantic,Use Final|Energy|Hydrogen,Use Final,quantity_requested,Economy,Hydrogen,,,,2035,,AtlanticUse Final|Energy|Hydrogen2035
Atlantic,Use Final|Energy|Hydrogen,Use Final,quantity_requested,Economy,Hydrogen,,,,2040,,AtlanticUse Final|Energy|Hydrogen2040
Atlantic,Use Final|Energy|Hydrogen,Use Final,quantity_requested,Economy,Hydrogen,,,,2045,,AtlanticUse Final|Energy|Hydrogen2045
Atlantic,Use Final|Energy|Hydrogen,Use Final,quantity_requested,Economy,Hydrogen,,,,2050,,AtlanticUse Final|Energy|Hydrogen2050
Atlantic,Use Final|Energy|Oil,Use Final,quantity_requested,Economy,Oil,,,,2015,,AtlanticUse Final|Energy|Oil2015
Atlantic,Use Final|Energy|Oil,Use Final,quantity_requested,Economy,Oil,,,,2020,,AtlanticUse Final|Energy|Oil2020
Atlantic,Use Final|Energy|Oil,Use Final,quantity_requested,Economy,Oil,,,,2025,,AtlanticUse Final|Energy|Oil2025
Atlantic,Use Final|Energy|Oil,Use Final,quantity_requested,Economy,Oil,,,,2030,,AtlanticUse Final|Energy|Oil2030
Atlantic,Use Final|Energy|Oil,Use Final,quantity_requested,Economy,Oil,,,,2035,,AtlanticUse Final|Energy|Oil2035
Atlantic,Use Final|Energy|Oil,Use Final,quantity_requested,Economy,Oil,,,,2040,,AtlanticUse Final|Energy|Oil2040
Atlantic,Use Final|Energy|Oil,Use Final,quantity_requested,Economy,Oil,,,,2045,,AtlanticUse Final|Energy|Oil2045
Atlantic,Use Final|Energy|Oil,Use Final,quantity_requested,Economy,Oil,,,,2050,,AtlanticUse Final|Energy|Oil2050
Atlantic,Use Final|Sector|Buildings,Use Final,quantity_requested,Buildings,Total,,,,2015,,AtlanticUse Final|Sector|Buildings2015
Atlantic,Use Final|Sector|Buildings,Use Final,quantity_requested,Buildings,Total,,,,2020,,AtlanticUse Final|Sector|Buildings2020
Atlantic,Use Final|Sector|Buildings,Use Final,quantity_requested,Buildings,Total,,,,2025,,AtlanticUse Final|Sector|Buildings2025
Atlantic,Use Final|Sector|Buildings,Use Final,quantity_requested,Buildings,Total,,,,2030,,AtlanticUse Final|Sector|Buildings2030
Atlantic,Use Final|Sector|Buildings,Use Final,quantity_requested,Buildings,Total,,,,2035,,AtlanticUse Final|Sector|Buildings2035
Atlantic,Use Final|Sector|Buildings,Use Final,quantity_requested,Buildings,Total,,,,2040,,AtlanticUse Final|Sector|Buildings2040
Atlantic,Use Final|Sector|Buildings,Use Final,quantity_requested,Buildings,Total,,,,2045,,AtlanticUse Final|Sector|Buildings2045
Atlantic,Use Final|Sector|Buildings,Use Final,quantity_requested,Buildings,Total,,,,2050,,AtlanticUse Final|Sector|Buildings2050
Atlantic,Use Final|Sector|Industry,Use Final,quantity_requested,Industry,Total,,,,2015,,AtlanticUse Final|Sector|Industry2015
Atlantic,Use Final|Sector|Industry,Use Final,quantity_requested,Industry,Total,,,,2020,,AtlanticUse Final|Sector|Industry2020
Atlantic,Use Final|Sector|Industry,Use Final,quantity_requested,Industry,Total,,,,2025,,AtlanticUse Final|Sector|Industry2025
Atlantic,Use Final|Sector|Industry,Use Final,quantity_requested,Industry,Total,,,,2030,,AtlanticUse Final|Sector|Industry2030
Atlantic,Use Final|Sector|Industry,Use Final,quantity_requested,Industry,Total,,,,2035,,AtlanticUse Final|Sector|Industry2035
Atlantic,Use Final|Sector|Industry,Use Final,quantity_requested,Industry,Total,,,,2040,,AtlanticUse Final|Sector|Industry2040
Atlantic,Use Final|Sector|Industry,Use Final,quantity_requested,Industry,Total,,,,2045,,AtlanticUse Final|Sector|Industry2045
Atlantic,Use Final|Sector|Industry,Use Final,quantity_requested,Industry,Total,,,,2050,,AtlanticUse Final|Sector|Industry2050
Atlantic,Use Final|Sector|Transportation,Use Final,quantity_requested,Transport,Total,,,,2015,,AtlanticUse Final|Sector|Transportation2015
Atlantic,Use Final|Sector|Transportation,Use Final,quantity_requested,Transport,Total,,,,2020,,AtlanticUse Final|Sector|Transportation2020
Atlantic,Use Final|Sector|Transportation,Use Final,quantity_requested,Transport,Total,,,,2025,,AtlanticUse Final|Sector|Transportation2025
Atlantic,Use Final|Sector|Transportation,Use Final,quantity_requested,Transport,Total,,,,2030,,AtlanticUse Final|Sector|Transportation2030
Atlantic,Use Final|Sector|Transportation,Use Final,quantity_requested,Transport,Total,,,,2035,,AtlanticUse Final|Sector|Transportation2035
Atlantic,Use Final|Sector|Transportation,Use Final,quantity_requested,Transport,Total,,,,2040,,AtlanticUse Final|Sector|Transportation2040
Atlantic,Use Final|Sector|Transportation,Use Final,quantity_requested,Transport,Total,,,,2045,,AtlanticUse Final|Sector|Transportation2045
Atlantic,Use Final|Sector|Transportation,Use Final,quantity_requested,Transport,Total,,,,2050,,AtlanticUse Final|Sector|Transportation2050
Atlantic,Use Primary,Use Primary,quantity_requested,Economy,Total,,,,2015,,AtlanticUse Primary2015
Atlantic,Use Primary,Use Primary,quantity_requested,Economy,Total,,,,2020,,AtlanticUse Primary2020
Atlantic,Use Primary,Use Primary,quantity_requested,Economy,Total,,,,2025,,AtlanticUse Primary2025
Atlantic,Use Primary,Use Primary,quantity_requested,Economy,Total,,,,2030,,AtlanticUse Primary2030
Atlantic,Use Primary,Use Primary,quantity_requested,Economy,Total,,,,2035,,AtlanticUse Primary2035
Atlantic,Use Primary,Use Primary,quantity_requested,Economy,Total,,,,2040,,AtlanticUse Primary2040
Atlantic,Use Primary,Use Primary,quantity_requested,Economy,Total,,,,2045,,AtlanticUse Primary2045
Atlantic,Use Primary,Use Primary,quantity_requested,Economy,Total,,,,2050,,AtlanticUse Primary2050
Atlantic,Use Primary|Energy|Biomass,Use Primary,quantity_requested,Economy,Biomass Liquids,,,,2015,,AtlanticUse Primary|Energy|Biomass2015
Atlantic,Use Primary|Energy|Biomass,Use Primary,quantity_requested,Economy,Biomass Liquids,,,,2020,,AtlanticUse Primary|Energy|Biomass2020
Atlantic,Use Primary|Energy|Biomass,Use Primary,quantity_requested,Economy,Biomass Liquids,,,,2025,,AtlanticUse Primary|Energy|Biomass2025
Atlantic,Use Primary|Energy|Biomass,Use Primary,quantity_requested,Economy,Biomass Liquids,,,,2030,,AtlanticUse Primary|Energy|Biomass2030
Atlantic,Use Primary|Energy|Biomass,Use Primary,quantity_requested,Economy,Biomass Liquids,,,,2035,,AtlanticUse Primary|Energy|Biomass2035
Atlantic,Use Primary|Energy|Biomass,Use Primary,quantity_requested,Economy,Biomass Liquids,,,,2040,,AtlanticUse Primary|Energy|Biomass2040
Atlantic,Use Primary|Energy|Biomass,Use Primary,quantity_requested,Economy,Biomass Liquids,,,,2045,,AtlanticUse Primary|Energy|Biomass2045
Atlantic,Use Primary|Energy|Biomass,Use Primary,quantity_requested,Economy,Biomass Liquids,,,,2050,,AtlanticUse Primary|Energy|Biomass2050
Atlantic,Use Primary|Energy|Coal,Use Primary,quantity_requested,Economy,Coal,,,,2015,,AtlanticUse Primary|Energy|Coal2015
Atlantic,Use Primary|Energy|Coal,Use Primary,quantity_requested,Economy,Coal,,,,2020,,AtlanticUse Primary|Energy|Coal2020
Atlantic,Use Primary|Energy|Coal,Use Primary,quantity_requested,Economy,Coal,,,,2025,,AtlanticUse Primary|Energy|Coal2025
Atlantic,Use Primary|Energy|Coal,Use Primary,quantity_requested,Economy,Coal,,,,2030,,AtlanticUse Primary|Energy|Coal2030
Atlantic,Use Primary|Energy|Coal,Use Primary,quantity_requested,Economy,Coal,,,,2035,,AtlanticUse Primary|Energy|Coal2035
Atlantic,Use Primary|Energy|Coal,Use Primary,quantity_requested,Economy,Coal,,,,2040,,AtlanticUse Primary|Energy|Coal2040
Atlantic,Use Primary|Energy|Coal,Use Primary,quantity_requested,Economy,Coal,,,,2045,,AtlanticUse Primary|Energy|Coal2045
Atlantic,Use Primary|Energy|Coal,Use Primary,quantity_requested,Economy,Coal,,,,2050,,AtlanticUse Primary|Energy|Coal2050
Atlantic,Use Primary|Energy|Gas,Use Primary,quantity_requested,Economy,Gas,,,,2015,,AtlanticUse Primary|Energy|Gas2015
Atlantic,Use Primary|Energy|Gas,Use Primary,quantity_requested,Economy,Gas,,,,2020,,AtlanticUse Primary|Energy|Gas2020
Atlantic,Use Primary|Energy|Gas,Use Primary,quantity_requested,Economy,Gas,,,,2025,,AtlanticUse Primary|Energy|Gas2025
Atlantic,Use Primary|Energy|Gas,Use Primary,quantity_requested,Economy,Gas,,,,2030,,AtlanticUse Primary|Energy|Gas2030
Atlantic,Use Primary|Energy|Gas,Use Primary,quantity_requested,Economy,Gas,,,,2035,,AtlanticUse Primary|Energy|Gas2035
Atlantic,Use Primary|Energy|Gas,Use Primary,quantity_requested,Economy,Gas,,,,2040,,AtlanticUse Primary|Energy|Gas2040
Atlantic,Use Primary|Energy|Gas,Use Primary,quantity_requested,Economy,Gas,,,,2045,,AtlanticUse Primary|Energy|Gas2045
Atlantic,Use Primary|Energy|Gas,Use Primary,quantity_requested,Economy,Gas,,,,2050,,AtlanticUse Primary|Energy|Gas2050
Atlantic,Use Primary|Energy|Geothermal,Use Primary,stock_total,Economy,,Geoexchange,,,2015,,AtlanticUse Primary|Energy|Geothermal2015
Atlantic,Use Primary|Energy|Geothermal,Use Primary,stock_total,Economy,,Geoexchange,,,2020,,AtlanticUse Primary|Energy|Geothermal2020
Atlantic,Use Primary|Energy|Geothermal,Use Primary,stock_total,Economy,,Geoexchange,,,2025,,AtlanticUse Primary|Energy|Geothermal2025
Atlantic,Use Primary|Energy|Geothermal,Use Primary,stock_total,Economy,,Geoexchange,,,2030,,AtlanticUse Primary|Energy|Geothermal2030
Atlantic,Use Primary|Energy|Geothermal,Use Primary,stock_total,Economy,,Geoexchange,,,2035,,AtlanticUse Primary|Energy|Geothermal2035
Atlantic,Use Primary|Energy|Geothermal,Use Primary,stock_total,Economy,,Geoexchange,,,2040,,AtlanticUse Primary|Energy|Geothermal2040
Atlantic,Use Primary|Energy|Geothermal,Use Primary,stock_total,Economy,,Geoexchange,,,2045,,AtlanticUse Primary|Energy|Geothermal2045
Atlantic,Use Primary|Energy|Geothermal,Use Primary,stock_total,Economy,,Geoexchange,,,2050,,AtlanticUse Primary|Energy|Geothermal2050
Atlantic,Use Primary|Energy|Hydro,Use Primary,stock_total,Economy,,Hydro,,,2015,,AtlanticUse Primary|Energy|Hydro2015
Atlantic,Use Primary|Energy|Hydro,Use Primary,stock_total,Economy,,Hydro,,,2020,,AtlanticUse Primary|Energy|Hydro2020
Atlantic,Use Primary|Energy|Hydro,Use Primary,stock_total,Economy,,Hydro,,,2025,,AtlanticUse Primary|Energy|Hydro2025
Atlantic,Use Primary|Energy|Hydro,Use Primary,stock_total,Economy,,Hydro,,,2030,,AtlanticUse Primary|Energy|Hydro2030
Atlantic,Use Primary|Energy|Hydro,Use Primary,stock_total,Economy,,Hydro,,,2035,,AtlanticUse Primary|Energy|Hydro2035
Atlantic,Use Primary|Energy|Hydro,Use Primary,stock_total,Economy,,Hydro,,,2040,,AtlanticUse Primary|Energy|Hydro2040
Atlantic,Use Primary|Energy|Hydro,Use Primary,stock_total,Economy,,Hydro,,,2045,,AtlanticUse Primary|Energy|Hydro2045
Atlantic,Use Primary|Energy|Hydro,Use Primary,stock_total,Economy,,Hydro,,,2050,,AtlanticUse Primary|Energy|Hydro2050
Atlantic,Use Primary|Energy|Nuclear,Use Primary,stock_total,Economy,,Nuclear,,,2015,,AtlanticUse Primary|Energy|Nuclear2015
Atlantic,Use Primary|Energy|Nuclear,Use Primary,stock_total,Economy,,Nuclear,,,2020,,AtlanticUse Primary|Energy|Nuclear2020
Atlantic,Use Primary|Energy|Nuclear,Use Primary,stock_total,Economy,,Nuclear,,,2025,,AtlanticUse Primary|Energy|Nuclear2025
Atlantic,Use Primary|Energy|Nuclear,Use Primary,stock_total,Economy,,Nuclear,,,2030,,AtlanticUse Primary|Energy|Nuclear2030
Atlantic,Use Primary|Energy|Nuclear,Use Primary,stock_total,Economy,,Nuclear,,,2035,,AtlanticUse Primary|Energy|Nuclear2035
Atlantic,Use Primary|Energy|Nuclear,Use Primary,stock_total,Economy,,Nuclear,,,2040,,AtlanticUse Primary|Energy|Nuclear2040
Atlantic,Use Primary|Energy|Nuclear,Use Primary,stock_total,Economy,,Nuclear,,,2045,,AtlanticUse Primary|Energy|Nuclear2045
Atlantic,Use Primary|Energy|Nuclear,Use Primary,stock_total,Economy,,Nuclear,,,2050,,AtlanticUse Primary|Energy|Nuclear2050
Atlantic,Use Primary|Energy|Oil,Use Primary,quantity_requested,Economy,Oil,,,,2015,,AtlanticUse Primary|Energy|Oil2015
Atlantic,Use Primary|Energy|Oil,Use Primary,quantity_requested,Economy,Oil,,,,2020,,AtlanticUse Primary|Energy|Oil2020
Atlantic,Use Primary|Energy|Oil,Use Primary,quantity_requested,Economy,Oil,,,,2025,,AtlanticUse Primary|Energy|Oil2025
Atlantic,Use Primary|Energy|Oil,Use Primary,quantity_requested,Economy,Oil,,,,2030,,AtlanticUse Primary|Energy|Oil2030
Atlantic,Use Primary|Energy|Oil,Use Primary,quantity_requested,Economy,Oil,,,,2035,,AtlanticUse Primary|Energy|Oil2035
Atlantic,Use Primary|Energy|Oil,Use Primary,quantity_requested,Economy,Oil,,,,2040,,AtlanticUse Primary|Energy|Oil2040
Atlantic,Use Primary|Energy|Oil,Use Primary,quantity_requested,Economy,Oil,,,,2045,,AtlanticUse Primary|Energy|Oil2045
Atlantic,Use Primary|Energy|Oil,Use Primary,quantity_requested,Economy,Oil,,,,2050,,AtlanticUse Primary|Energy|Oil2050
Atlantic,Use Primary|Energy|Solar,Use Primary,stock_total,Economy,,Solar,,,2015,,AtlanticUse Primary|Energy|Solar2015
Atlantic,Use Primary|Energy|Solar,Use Primary,stock_total,Economy,,Solar,,,2020,,AtlanticUse Primary|Energy|Solar2020
Atlantic,Use Primary|Energy|Solar,Use Primary,stock_total,Economy,,Solar,,,2025,,AtlanticUse Primary|Energy|Solar2025
Atlantic,Use Primary|Energy|Solar,Use Primary,stock_total,Economy,,Solar,,,2030,,AtlanticUse Primary|Energy|Solar2030
Atlantic,Use Primary|Energy|Solar,Use Primary,stock_total,Economy,,Solar,,,2035,,AtlanticUse Primary|Energy|Solar2035
Atlantic,Use Primary|Energy|Solar,Use Primary,stock_total,Economy,,Solar,,,2040,,AtlanticUse Primary|Energy|Solar2040
Atlantic,Use Primary|Energy|Solar,Use Primary,stock_total,Economy,,Solar,,,2045,,AtlanticUse Primary|Energy|Solar2045
Atlantic,Use Primary|Energy|Solar,Use Primary,stock_total,Economy,,Solar,,,2050,,AtlanticUse Primary|Energy|Solar2050
Atlantic,Use Primary|Energy|Wind,Use Primary,stock_total,Economy,,Wind,,,2015,,AtlanticUse Primary|Energy|Wind2015
Atlantic,Use Primary|Energy|Wind,Use Primary,stock_total,Economy,,Wind,,,2020,,AtlanticUse Primary|Energy|Wind2020
Atlantic,Use Primary|Energy|Wind,Use Primary,stock_total,Economy,,Wind,,,2025,,AtlanticUse Primary|Energy|Wind2025
Atlantic,Use Primary|Energy|Wind,Use Primary,stock_total,Economy,,Wind,,,2030,,AtlanticUse Primary|Energy|Wind2030
Atlantic,Use Primary|Energy|Wind,Use Primary,stock_total,Economy,,Wind,,,2035,,AtlanticUse Primary|Energy|Wind2035
Atlantic,Use Primary|Energy|Wind,Use Primary,stock_total,Economy,,Wind,,,2040,,AtlanticUse Primary|Energy|Wind2040
Atlantic,Use Primary|Energy|Wind,Use Primary,stock_total,Economy,,Wind,,,2045,,AtlanticUse Primary|Energy|Wind2045
Atlantic,Use Primary|Energy|Wind,Use Primary,stock_total,Economy,,Wind,,,2050,,AtlanticUse Primary|Energy|Wind2050
Canada,Multiplier|Use Final|Biogas,Price,multiplier_price,Residential,Biogas,,,,2015,,CanadaMultiplier|Use Final|Biogas2015
Canada,Multiplier|Use Final|Biogas,Price,multiplier_price,Residential,Biogas,,,,2020,,CanadaMultiplier|Use Final|Biogas2020
Canada,Multiplier|Use Final|Biogas,Price,multiplier_price,Residential,Biogas,,,,2025,,CanadaMultiplier|Use Final|Biogas2025
Canada,Multiplier|Use Final|Biogas,Price,multiplier_price,Residential,Biogas,,,,2030,,CanadaMultiplier|Use Final|Biogas2030
Canada,Multiplier|Use Final|Biogas,Price,multiplier_price,Residential,Biogas,,,,2035,,CanadaMultiplier|Use Final|Biogas2035
Canada,Multiplier|Use Final|Biogas,Price,multiplier_price,Residential,Biogas,,,,2040,,CanadaMultiplier|Use Final|Biogas2040
Canada,Multiplier|Use Final|Biogas,Price,multiplier_price,Residential,Biogas,,,,2045,,CanadaMultiplier|Use Final|Biogas2045
Canada,Multiplier|Use Final|Biogas,Price,multiplier_price,Residential,Biogas,,,,2050,,CanadaMultiplier|Use Final|Biogas2050
Canada,Multiplier|Use Final|Biomass Liquids,Price,multiplier_price,Freight Transport,Biodiesel,,,,2015,,CanadaMultiplier|Use Final|Biomass Liquids2015
Canada,Multiplier|Use Final|Biomass Liquids,Price,multiplier_price,Freight Transport,Biodiesel,,,,2020,,CanadaMultiplier|Use Final|Biomass Liquids2020
Canada,Multiplier|Use Final|Biomass Liquids,Price,multiplier_price,Freight Transport,Biodiesel,,,,2025,,CanadaMultiplier|Use Final|Biomass Liquids2025
Canada,Multiplier|Use Final|Biomass Liquids,Price,multiplier_price,Freight Transport,Biodiesel,,,,2030,,CanadaMultiplier|Use Final|Biomass Liquids2030
Canada,Multiplier|Use Final|Biomass Liquids,Price,multiplier_price,Freight Transport,Biodiesel,,,,2035,,CanadaMultiplier|Use Final|Biomass Liquids2035
Canada,Multiplier|Use Final|Biomass Liquids,Price,multiplier_price,Freight Transport,Biodiesel,,,,2040,,CanadaMultiplier|Use Final|Biomass Liquids2040
Canada,Multiplier|Use Final|Biomass Liquids,Price,multiplier_price,Freight Transport,Biodiesel,,,,2045,,CanadaMultiplier|Use Final|Biomass Liquids2045
Canada,Multiplier|Use Final|Biomass Liquids,Price,multiplier_price,Freight Transport,Biodiesel,,,,2050,,CanadaMultiplier|Use Final|Biomass Liquids2050
Canada,Multiplier|Use Final|Biomass Solids,Price,multiplier_price,Residential,Solid Biomass,,,,2015,,CanadaMultiplier|Use Final|Biomass Solids2015
Canada,Multiplier|Use Final|Biomass Solids,Price,multiplier_price,Residential,Solid Biomass,,,,2020,,CanadaMultiplier|Use Final|Biomass Solids2020
Canada,Multiplier|Use Final|Biomass Solids,Price,multiplier_price,Residential,Solid Biomass,,,,2025,,CanadaMultiplier|Use Final|Biomass Solids2025
Canada,Multiplier|Use Final|Biomass Solids,Price,multiplier_price,Residential,Solid Biomass,,,,2030,,CanadaMultiplier|Use Final|Biomass Solids2030
Canada,Multiplier|Use Final|Biomass Solids,Price,multiplier_price,Residential,Solid Biomass,,,,2035,,CanadaMultiplier|Use Final|Biomass Solids2035
Canada,Multiplier|Use Final|Biomass Solids,Price,multiplier_price,Residential,Solid Biomass,,,,2040,,CanadaMultiplier|Use Final|Biomass Solids2040
Canada,Multiplier|Use Final|Biomass Solids,Price,multiplier_price,Residential,Solid Biomass,,,,2045,,CanadaMultiplier|Use Final|Biomass Solids2045
Canada,Multiplier|Use Final|Biomass Solids,Price,multiplier_price,Residential,Solid Biomass,,,,2050,,CanadaMultiplier|Use Final|Biomass Solids2050
Canada,Multiplier|Use Final|Electricity,Price,multiplier_price,Commercial,Electricity,,,,2015,,CanadaMultiplier|Use Final|Electricity2015
Canada,Multiplier|Use Final|Electricity,Price,multiplier_price,Commercial,Electricity,,,,2020,,CanadaMultiplier|Use Final|Electricity2020
Canada,Multiplier|Use Final|Electricity,Price,multiplier_price,Commercial,Electricity,,,,2025,,CanadaMultiplier|Use Final|Electricity2025
Canada,Multiplier|Use Final|Electricity,Price,multiplier_price,Commercial,Electricity,,,,2030,,CanadaMultiplier|Use Final|Electricity2030
Canada,Multiplier|Use Final|Electricity,Price,multiplier_price,Commercial,Electricity,,,,2035,,CanadaMultiplier|Use Final|Electricity2035
Canada,Multiplier|Use Final|Electricity,Price,multiplier_price,Commercial,Electricity,,,,2040,,CanadaMultiplier|Use Final|Electricity2040
Canada,Multiplier|Use Final|Electricity,Price,multiplier_price,Commercial,Electricity,,,,2045,,CanadaMultiplier|Use Final|Electricity2045
Canada,Multiplier|Use Final|Electricity,Price,multiplier_price,Commercial,Electricity,,,,2050,,CanadaMultiplier|Use Final|Electricity2050
Canada,Multiplier|Use Final|Gas,Price,multiplier_price,Commercial,Natural Gas,,,,2015,,CanadaMultiplier|Use Final|Gas2015
Canada,Multiplier|Use Final|Gas,Price,multiplier_price,Commercial,Natural Gas,,,,2020,,CanadaMultiplier|Use Final|Gas2020
Canada,Multiplier|Use Final|Gas,Price,multiplier_price,Commercial,Natural Gas,,,,2025,,CanadaMultiplier|Use Final|Gas2025
Canada,Multiplier|Use Final|Gas,Price,multiplier_price,Commercial,Natural Gas,,,,2030,,CanadaMultiplier|Use Final|Gas2030
Canada,Multiplier|Use Final|Gas,Price,multiplier_price,Commercial,Natural Gas,,,,2035,,CanadaMultiplier|Use Final|Gas2035
Canada,Multiplier|Use Final|Gas,Price,multiplier_price,Commercial,Natural Gas,,,,2040,,CanadaMultiplier|Use Final|Gas2040
Canada,Multiplier|Use Final|Gas,Price,multiplier_price,Commercial,Natural Gas,,,,2045,,CanadaMultiplier|Use Final|Gas2045
Canada,Multiplier|Use Final|Gas,Price,multiplier_price,Commercial,Natural Gas,,,,2050,,CanadaMultiplier|Use Final|Gas2050
Canada,Multiplier|Use Final|Hydrogen,Price,multiplier_price,Light Industry,Hydrogen,,,,2015,,CanadaMultiplier|Use Final|Hydrogen2015
Canada,Multiplier|Use Final|Hydrogen,Price,multiplier_price,Light Industry,Hydrogen,,,,2020,,CanadaMultiplier|Use Final|Hydrogen2020
Canada,Multiplier|Use Final|Hydrogen,Price,multiplier_price,Light Industry,Hydrogen,,,,2025,,CanadaMultiplier|Use Final|Hydrogen2025
Canada,Multiplier|Use Final|Hydrogen,Price,multiplier_price,Light Industry,Hydrogen,,,,2030,,CanadaMultiplier|Use Final|Hydrogen2030
Canada,Multiplier|Use Final|Hydrogen,Price,multiplier_price,Light Industry,Hydrogen,,,,2035,,CanadaMultiplier|Use Final|Hydrogen2035
Canada,Multiplier|Use Final|Hydrogen,Price,multiplier_price,Light Industry,Hydrogen,,,,2040,,CanadaMultiplier|Use Final|Hydrogen2040
Canada,Multiplier|Use Final|Hydrogen,Price,multiplier_price,Light Industry,Hydrogen,,,,2045,,CanadaMultiplier|Use Final|Hydrogen2045
Canada,Multiplier|Use Final|Hydrogen,Price,multiplier_price,Light Industry,Hydrogen,,,,2050,,CanadaMultiplier|Use Final|Hydrogen2050
Canada,Multiplier|Use Final|Oil,Price,multiplier_price,Freight Transport,Diesel,,,,2015,,CanadaMultiplier|Use Final|Oil2015
Canada,Multiplier|Use Final|Oil,Price,multiplier_price,Freight Transport,Diesel,,,,2020,,CanadaMultiplier|Use Final|Oil2020
Canada,Multiplier|Use Final|Oil,Price,multiplier_price,Freight Transport,Diesel,,,,2025,,CanadaMultiplier|Use Final|Oil2025
Canada,Multiplier|Use Final|Oil,Price,multiplier_price,Freight Transport,Diesel,,,,2030,,CanadaMultiplier|Use Final|Oil2030
Canada,Multiplier|Use Final|Oil,Price,multiplier_price,Freight Transport,Diesel,,,,2035,,CanadaMultiplier|Use Final|Oil2035
Canada,Multiplier|Use Final|Oil,Price,multiplier_price,Freight Transport,Diesel,,,,2040,,CanadaMultiplier|Use Final|Oil2040
Canada,Multiplier|Use Final|Oil,Price,multiplier_price,Freight Transport,Diesel,,,,2045,,CanadaMultiplier|Use Final|Oil2045
Canada,Multiplier|Use Final|Oil,Price,multiplier_price,Freight Transport,Diesel,,,,2050,,CanadaMultiplier|Use Final|Oil2050
British Columbia,Multiplier|Use Final|Biogas,Price,multiplier_price,Residential,Biogas,,,,2015,,British ColumbiaMultiplier|Use Final|Biogas2015
British Columbia,Multiplier|Use Final|Biogas,Price,multiplier_price,Residential,Biogas,,,,2020,,British ColumbiaMultiplier|Use Final|Biogas2020
British Columbia,Multiplier|Use Final|Biogas,Price,multiplier_price,Residential,Biogas,,,,2025,,British ColumbiaMultiplier|Use Final|Biogas2025
British Columbia,Multiplier|Use Final|Biogas,Price,multiplier_price,Residential,Biogas,,,,2030,,British ColumbiaMultiplier|Use Final|Biogas2030
British Columbia,Multiplier|Use Final|Biogas,Price,multiplier_price,Residential,Biogas,,,,2035,,British ColumbiaMultiplier|Use Final|Biogas2035
British Columbia,Multiplier|Use Final|Biogas,Price,multiplier_price,Residential,Biogas,,,,2040,,British ColumbiaMultiplier|Use Final|Biogas2040
British Columbia,Multiplier|Use Final|Biogas,Price,multiplier_price,Residential,Biogas,,,,2045,,British ColumbiaMultiplier|Use Final|Biogas2045
British Columbia,Multiplier|Use Final|Biogas,Price,multiplier_price,Residential,Biogas,,,,2050,,British ColumbiaMultiplier|Use Final|Biogas2050
British Columbia,Multiplier|Use Final|Biomass Liquids,Price,multiplier_price,Freight Transport,Biodiesel,,,,2015,,British ColumbiaMultiplier|Use Final|Biomass Liquids2015
British Columbia,Multiplier|Use Final|Biomass Liquids,Price,multiplier_price,Freight Transport,Biodiesel,,,,2020,,British ColumbiaMultiplier|Use Final|Biomass Liquids2020
British Columbia,Multiplier|Use Final|Biomass Liquids,Price,multiplier_price,Freight Transport,Biodiesel,,,,2025,,British ColumbiaMultiplier|Use Final|Biomass Liquids2025
British Columbia,Multiplier|Use Final|Biomass Liquids,Price,multiplier_price,Freight Transport,Biodiesel,,,,2030,,British ColumbiaMultiplier|Use Final|Biomass Liquids2030
British Columbia,Multiplier|Use Final|Biomass Liquids,Price,multiplier_price,Freight Transport,Biodiesel,,,,2035,,British ColumbiaMultiplier|Use Final|Biomass Liquids2035
British Columbia,Multiplier|Use Final|Biomass Liquids,Price,multiplier_price,Freight Transport,Biodiesel,,,,2040,,British ColumbiaMultiplier|Use Final|Biomass Liquids2040
British Columbia,Multiplier|Use Final|Biomass Liquids,Price,multiplier_price,Freight Transport,Biodiesel,,,,2045,,British ColumbiaMultiplier|Use Final|Biomass Liquids2045
British Columbia,Multiplier|Use Final|Biomass Liquids,Price,multiplier_price,Freight Transport,Biodiesel,,,,2050,,British ColumbiaMultiplier|Use Final|Biomass Liquids2050
British Columbia,Multiplier|Use Final|Biomass Solids,Price,multiplier_price,Residential,Solid Biomass,,,,2015,,British ColumbiaMultiplier|Use Final|Biomass Solids2015
British Columbia,Multiplier|Use Final|Biomass Solids,Price,multiplier_price,Residential,Solid Biomass,,,,2020,,British ColumbiaMultiplier|Use Final|Biomass Solids2020
British Columbia,Multiplier|Use Final|Biomass Solids,Price,multiplier_price,Residential,Solid Biomass,,,,2025,,British ColumbiaMultiplier|Use Final|Biomass Solids2025
British Columbia,Multiplier|Use Final|Biomass Solids,Price,multiplier_price,Residential,Solid Biomass,,,,2030,,British ColumbiaMultiplier|Use Final|Biomass Solids2030
British Columbia,Multiplier|Use Final|Biomass Solids,Price,multiplier_price,Residential,Solid Biomass,,,,2035,,British ColumbiaMultiplier|Use Final|Biomass Solids2035
British Columbia,Multiplier|Use Final|Biomass Solids,Price,multiplier_price,Residential,Solid Biomass,,,,2040,,British ColumbiaMultiplier|Use Final|Biomass Solids2040
British Columbia,Multiplier|Use Final|Biomass Solids,Price,multiplier_price,Residential,Solid Biomass,,,,2045,,British ColumbiaMultiplier|Use Final|Biomass Solids2045
British Columbia,Multiplier|Use Final|Biomass Solids,Price,multiplier_price,Residential,Solid Biomass,,,,2050,,British ColumbiaMultiplier|Use Final|Biomass Solids2050
British Columbia,Multiplier|Use Final|Electricity,Price,multiplier_price,Commercial,Electricity,,,,2015,,British ColumbiaMultiplier|Use Final|Electricity2015
British Columbia,Multiplier|Use Final|Electricity,Price,multiplier_price,Commercial,Electricity,,,,2020,,British ColumbiaMultiplier|Use Final|Electricity2020
British Columbia,Multiplier|Use Final|Electricity,Price,multiplier_price,Commercial,Electricity,,,,2025,,British ColumbiaMultiplier|Use Final|Electricity2025
British Columbia,Multiplier|Use Final|Electricity,Price,multiplier_price,Commercial,Electricity,,,,2030,,British ColumbiaMultiplier|Use Final|Electricity2030
British Columbia,Multiplier|Use Final|Electricity,Price,multiplier_price,Commercial,Electricity,,,,2035,,British ColumbiaMultiplier|Use Final|Electricity2035
British Columbia,Multiplier|Use Final|Electricity,Price,multiplier_price,Commercial,Electricity,,,,2040,,British ColumbiaMultiplier|Use Final|Electricity2040
British Columbia,Multiplier|Use Final|Electricity,Price,multiplier_price,Commercial,Electricity,,,,2045,,British ColumbiaMultiplier|Use Final|Electricity2045
British Columbia,Multiplier|Use Final|Electricity,Price,multiplier_price,Commercial,Electricity,,,,2050,,British ColumbiaMultiplier|Use Final|Electricity2050
British Columbia,Multiplier|Use Final|Gas,Price,multiplier_price,Commercial,Natural Gas,,,,2015,,British ColumbiaMultiplier|Use Final|Gas2015
British Columbia,Multiplier|Use Final|Gas,Price,multiplier_price,Commercial,Natural Gas,,,,2020,,British ColumbiaMultiplier|Use Final|Gas2020
British Columbia,Multiplier|Use Final|Gas,Price,multiplier_price,Commercial,Natural Gas,,,,2025,,British ColumbiaMultiplier|Use Final|Gas2025
British Columbia,Multiplier|Use Final|Gas,Price,multiplier_price,Commercial,Natural Gas,,,,2030,,British ColumbiaMultiplier|Use Final|Gas2030
British Columbia,Multiplier|Use Final|Gas,Price,multiplier_price,Commercial,Natural Gas,,,,2035,,British ColumbiaMultiplier|Use Final|Gas2035
British Columbia,Multiplier|Use Final|Gas,Price,multiplier_price,Commercial,Natural Gas,,,,2040,,British ColumbiaMultiplier|Use Final|Gas2040
British Columbia,Multiplier|Use Final|Gas,Price,multiplier_price,Commercial,Natural Gas,,,,2045,,British ColumbiaMultiplier|Use Final|Gas2045
British Columbia,Multiplier|Use Final|Gas,Price,multiplier_price,Commercial,Natural Gas,,,,2050,,British ColumbiaMultiplier|Use Final|Gas2050
British Columbia,Multiplier|Use Final|Hydrogen,Price,multiplier_price,Light Industry,Hydrogen,,,,2015,,British ColumbiaMultiplier|Use Final|Hydrogen2015
British Columbia,Multiplier|Use Final|Hydrogen,Price,multiplier_price,Light Industry,Hydrogen,,,,2020,,British ColumbiaMultiplier|Use Final|Hydrogen2020
British Columbia,Multiplier|Use Final|Hydrogen,Price,multiplier_price,Light Industry,Hydrogen,,,,2025,,British ColumbiaMultiplier|Use Final|Hydrogen2025
British Columbia,Multiplier|Use Final|Hydrogen,Price,multiplier_price,Light Industry,Hydrogen,,,,2030,,British ColumbiaMultiplier|Use Final|Hydrogen2030
British Columbia,Multiplier|Use Final|Hydrogen,Price,multiplier_price,Light Industry,Hydrogen,,,,2035,,British ColumbiaMultiplier|Use Final|Hydrogen2035
British Columbia,Multiplier|Use Final|Hydrogen,Price,multiplier_price,Light Industry,Hydrogen,,,,2040,,British ColumbiaMultiplier|Use Final|Hydrogen2040
British Columbia,Multiplier|Use Final|Hydrogen,Price,multiplier_price,Light Industry,Hydrogen,,,,2045,,British ColumbiaMultiplier|Use Final|Hydrogen2045
British Columbia,Multiplier|Use Final|Hydrogen,Price,multiplier_price,Light Industry,Hydrogen,,,,2050,,British ColumbiaMultiplier|Use Final|Hydrogen2050
British Columbia,Multiplier|Use Final|Oil,Price,multiplier_price,Freight Transport,Diesel,,,,2015,,British ColumbiaMultiplier|Use Final|Oil2015
British Columbia,Multiplier|Use Final|Oil,Price,multiplier_price,Freight Transport,Diesel,,,,2020,,British ColumbiaMultiplier|Use Final|Oil2020
British Columbia,Multiplier|Use Final|Oil,Price,multiplier_price,Freight Transport,Diesel,,,,2025,,British ColumbiaMultiplier|Use Final|Oil2025
British Columbia,Multiplier|Use Final|Oil,Price,multiplier_price,Freight Transport,Diesel,,,,2030,,British ColumbiaMultiplier|Use Final|Oil2030
British Columbia,Multiplier|Use Final|Oil,Price,multiplier_price,Freight Transport,Diesel,,,,2035,,British ColumbiaMultiplier|Use Final|Oil2035
British Columbia,Multiplier|Use Final|Oil,Price,multiplier_price,Freight Transport,Diesel,,,,2040,,British ColumbiaMultiplier|Use Final|Oil2040
British Columbia,Multiplier|Use Final|Oil,Price,multiplier_price,Freight Transport,Diesel,,,,2045,,British ColumbiaMultiplier|Use Final|Oil2045
British Columbia,Multiplier|Use Final|Oil,Price,multiplier_price,Freight Transport,Diesel,,,,2050,,British ColumbiaMultiplier|Use Final|Oil2050
Alberta,Multiplier|Use Final|Biogas,Price,multiplier_price,Residential,Biogas,,,,2015,,AlbertaMultiplier|Use Final|Biogas2015
Alberta,Multiplier|Use Final|Biogas,Price,multiplier_price,Residential,Biogas,,,,2020,,AlbertaMultiplier|Use Final|Biogas2020
Alberta,Multiplier|Use Final|Biogas,Price,multiplier_price,Residential,Biogas,,,,2025,,AlbertaMultiplier|Use Final|Biogas2025
Alberta,Multiplier|Use Final|Biogas,Price,multiplier_price,Residential,Biogas,,,,2030,,AlbertaMultiplier|Use Final|Biogas2030
Alberta,Multiplier|Use Final|Biogas,Price,multiplier_price,Residential,Biogas,,,,2035,,AlbertaMultiplier|Use Final|Biogas2035
Alberta,Multiplier|Use Final|Biogas,Price,multiplier_price,Residential,Biogas,,,,2040,,AlbertaMultiplier|Use Final|Biogas2040
Alberta,Multiplier|Use Final|Biogas,Price,multiplier_price,Residential,Biogas,,,,2045,,AlbertaMultiplier|Use Final|Biogas2045
Alberta,Multiplier|Use Final|Biogas,Price,multiplier_price,Residential,Biogas,,,,2050,,AlbertaMultiplier|Use Final|Biogas2050
Alberta,Multiplier|Use Final|Biomass Liquids,Price,multiplier_price,Freight Transport,Biodiesel,,,,2015,,AlbertaMultiplier|Use Final|Biomass Liquids2015
Alberta,Multiplier|Use Final|Biomass Liquids,Price,multiplier_price,Freight Transport,Biodiesel,,,,2020,,AlbertaMultiplier|Use Final|Biomass Liquids2020
Alberta,Multiplier|Use Final|Biomass Liquids,Price,multiplier_price,Freight Transport,Biodiesel,,,,2025,,AlbertaMultiplier|Use Final|Biomass Liquids2025
Alberta,Multiplier|Use Final|Biomass Liquids,Price,multiplier_price,Freight Transport,Biodiesel,,,,2030,,AlbertaMultiplier|Use Final|Biomass Liquids2030
Alberta,Multiplier|Use Final|Biomass Liquids,Price,multiplier_price,Freight Transport,Biodiesel,,,,2035,,AlbertaMultiplier|Use Final|Biomass Liquids2035
Alberta,Multiplier|Use Final|Biomass Liquids,Price,multiplier_price,Freight Transport,Biodiesel,,,,2040,,AlbertaMultiplier|Use Final|Biomass Liquids2040
Alberta,Multiplier|Use Final|Biomass Liquids,Price,multiplier_price,Freight Transport,Biodiesel,,,,2045,,AlbertaMultiplier|Use Final|Biomass Liquids2045
Alberta,Multiplier|Use Final|Biomass Liquids,Price,multiplier_price,Freight Transport,Biodiesel,,,,2050,,AlbertaMultiplier|Use Final|Biomass Liquids2050
Alberta,Multiplier|Use Final|Biomass Solids,Price,multiplier_price,Residential,Solid Biomass,,,,2015,,AlbertaMultiplier|Use Final|Biomass Solids2015
Alberta,Multiplier|Use Final|Biomass Solids,Price,multiplier_price,Residential,Solid Biomass,,,,2020,,AlbertaMultiplier|Use Final|Biomass Solids2020
Alberta,Multiplier|Use Final|Biomass Solids,Price,multiplier_price,Residential,Solid Biomass,,,,2025,,AlbertaMultiplier|Use Final|Biomass Solids2025
Alberta,Multiplier|Use Final|Biomass Solids,Price,multiplier_price,Residential,Solid Biomass,,,,2030,,AlbertaMultiplier|Use Final|Biomass Solids2030
Alberta,Multiplier|Use Final|Biomass Solids,Price,multiplier_price,Residential,Solid Biomass,,,,2035,,AlbertaMultiplier|Use Final|Biomass Solids2035
Alberta,Multiplier|Use Final|Biomass Solids,Price,multiplier_price,Residential,Solid Biomass,,,,2040,,AlbertaMultiplier|Use Final|Biomass Solids2040
Alberta,Multiplier|Use Final|Biomass Solids,Price,multiplier_price,Residential,Solid Biomass,,,,2045,,AlbertaMultiplier|Use Final|Biomass Solids2045
Alberta,Multiplier|Use Final|Biomass Solids,Price,multiplier_price,Residential,Solid Biomass,,,,2050,,AlbertaMultiplier|Use Final|Biomass Solids2050
Alberta,Multiplier|Use Final|Electricity,Price,multiplier_price,Commercial,Electricity,,,,2015,,AlbertaMultiplier|Use Final|Electricity2015
Alberta,Multiplier|Use Final|Electricity,Price,multiplier_price,Commercial,Electricity,,,,2020,,AlbertaMultiplier|Use Final|Electricity2020
Alberta,Multiplier|Use Final|Electricity,Price,multiplier_price,Commercial,Electricity,,,,2025,,AlbertaMultiplier|Use Final|Electricity2025
Alberta,Multiplier|Use Final|Electricity,Price,multiplier_price,Commercial,Electricity,,,,2030,,AlbertaMultiplier|Use Final|Electricity2030
Alberta,Multiplier|Use Final|Electricity,Price,multiplier_price,Commercial,Electricity,,,,2035,,AlbertaMultiplier|Use Final|Electricity2035
Alberta,Multiplier|Use Final|Electricity,Price,multiplier_price,Commercial,Electricity,,,,2040,,AlbertaMultiplier|Use Final|Electricity2040
Alberta,Multiplier|Use Final|Electricity,Price,multiplier_price,Commercial,Electricity,,,,2045,,AlbertaMultiplier|Use Final|Electricity2045
Alberta,Multiplier|Use Final|Electricity,Price,multiplier_price,Commercial,Electricity,,,,2050,,AlbertaMultiplier|Use Final|Electricity2050
Alberta,Multiplier|Use Final|Gas,Price,multiplier_price,Commercial,Natural Gas,,,,2015,,AlbertaMultiplier|Use Final|Gas2015
Alberta,Multiplier|Use Final|Gas,Price,multiplier_price,Commercial,Natural Gas,,,,2020,,AlbertaMultiplier|Use Final|Gas2020
Alberta,Multiplier|Use Final|Gas,Price,multiplier_price,Commercial,Natural Gas,,,,2025,,AlbertaMultiplier|Use Final|Gas2025
Alberta,Multiplier|Use Final|Gas,Price,multiplier_price,Commercial,Natural Gas,,,,2030,,AlbertaMultiplier|Use Final|Gas2030
Alberta,Multiplier|Use Final|Gas,Price,multiplier_price,Commercial,Natural Gas,,,,2035,,AlbertaMultiplier|Use Final|Gas2035
Alberta,Multiplier|Use Final|Gas,Price,multiplier_price,Commercial,Natural Gas,,,,2040,,AlbertaMultiplier|Use Final|Gas2040
Alberta,Multiplier|Use Final|Gas,Price,multiplier_price,Commercial,Natural Gas,,,,2045,,AlbertaMultiplier|Use Final|Gas2045
Alberta,Multiplier|Use Final|Gas,Price,multiplier_price,Commercial,Natural Gas,,,,2050,,AlbertaMultiplier|Use Final|Gas2050
Alberta,Multiplier|Use Final|Hydrogen,Price,multiplier_price,Light Industry,Hydrogen,,,,2015,,AlbertaMultiplier|Use Final|Hydrogen2015
Alberta,Multiplier|Use Final|Hydrogen,Price,multiplier_price,Light Industry,Hydrogen,,,,2020,,AlbertaMultiplier|Use Final|Hydrogen2020
Alberta,Multiplier|Use Final|Hydrogen,Price,multiplier_price,Light Industry,Hydrogen,,,,2025,,AlbertaMultiplier|Use Final|Hydrogen2025
Alberta,Multiplier|Use Final|Hydrogen,Price,multiplier_price,Light Industry,Hydrogen,,,,2030,,AlbertaMultiplier|Use Final|Hydrogen2030
Alberta,Multiplier|Use Final|Hydrogen,Price,multiplier_price,Light Industry,Hydrogen,,,,2035,,AlbertaMultiplier|Use Final|Hydrogen2035
Alberta,Multiplier|Use Final|Hydrogen,Price,multiplier_price,Light Industry,Hydrogen,,,,2040,,AlbertaMultiplier|Use Final|Hydrogen2040
Alberta,Multiplier|Use Final|Hydrogen,Price,multiplier_price,Light Industry,Hydrogen,,,,2045,,AlbertaMultiplier|Use Final|Hydrogen2045
Alberta,Multiplier|Use Final|Hydrogen,Price,multiplier_price,Light Industry,Hydrogen,,,,2050,,AlbertaMultiplier|Use Final|Hydrogen2050
Alberta,Multiplier|Use Final|Oil,Price,multiplier_price,Freight Transport,Diesel,,,,2015,,AlbertaMultiplier|Use Final|Oil2015
Alberta,Multiplier|Use Final|Oil,Price,multiplier_price,Freight Transport,Diesel,,,,2020,,AlbertaMultiplier|Use Final|Oil2020
Alberta,Multiplier|Use Final|Oil,Price,multiplier_price,Freight Transport,Diesel,,,,2025,,AlbertaMultiplier|Use Final|Oil2025
Alberta,Multiplier|Use Final|Oil,Price,multiplier_price,Freight Transport,Diesel,,,,2030,,AlbertaMultiplier|Use Final|Oil2030
Alberta,Multiplier|Use Final|Oil,Price,multiplier_price,Freight Transport,Diesel,,,,2035,,AlbertaMultiplier|Use Final|Oil2035
Alberta,Multiplier|Use Final|Oil,Price,multiplier_price,Freight Transport,Diesel,,,,2040,,AlbertaMultiplier|Use Final|Oil2040
Alberta,Multiplier|Use Final|Oil,Price,multiplier_price,Freight Transport,Diesel,,,,2045,,AlbertaMultiplier|Use Final|Oil2045
Alberta,Multiplier|Use Final|Oil,Price,multiplier_price,Freight Transport,Diesel,,,,2050,,AlbertaMultiplier|Use Final|Oil2050
Saskatchewan,Multiplier|Use Final|Biogas,Price,multiplier_price,Residential,Biogas,,,,2015,,SaskatchewanMultiplier|Use Final|Biogas2015
Saskatchewan,Multiplier|Use Final|Biogas,Price,multiplier_price,Residential,Biogas,,,,2020,,SaskatchewanMultiplier|Use Final|Biogas2020
Saskatchewan,Multiplier|Use Final|Biogas,Price,multiplier_price,Residential,Biogas,,,,2025,,SaskatchewanMultiplier|Use Final|Biogas2025
Saskatchewan,Multiplier|Use Final|Biogas,Price,multiplier_price,Residential,Biogas,,,,2030,,SaskatchewanMultiplier|Use Final|Biogas2030
Saskatchewan,Multiplier|Use Final|Biogas,Price,multiplier_price,Residential,Biogas,,,,2035,,SaskatchewanMultiplier|Use Final|Biogas2035
Saskatchewan,Multiplier|Use Final|Biogas,Price,multiplier_price,Residential,Biogas,,,,2040,,SaskatchewanMultiplier|Use Final|Biogas2040
Saskatchewan,Multiplier|Use Final|Biogas,Price,multiplier_price,Residential,Biogas,,,,2045,,SaskatchewanMultiplier|Use Final|Biogas2045
Saskatchewan,Multiplier|Use Final|Biogas,Price,multiplier_price,Residential,Biogas,,,,2050,,SaskatchewanMultiplier|Use Final|Biogas2050
Saskatchewan,Multiplier|Use Final|Biomass Liquids,Price,multiplier_price,Freight Transport,Biodiesel,,,,2015,,SaskatchewanMultiplier|Use Final|Biomass Liquids2015
Saskatchewan,Multiplier|Use Final|Biomass Liquids,Price,multiplier_price,Freight Transport,Biodiesel,,,,2020,,SaskatchewanMultiplier|Use Final|Biomass Liquids2020
Saskatchewan,Multiplier|Use Final|Biomass Liquids,Price,multiplier_price,Freight Transport,Biodiesel,,,,2025,,SaskatchewanMultiplier|Use Final|Biomass Liquids2025
Saskatchewan,Multiplier|Use Final|Biomass Liquids,Price,multiplier_price,Freight Transport,Biodiesel,,,,2030,,SaskatchewanMultiplier|Use Final|Biomass Liquids2030
Saskatchewan,Multiplier|Use Final|Biomass Liquids,Price,multiplier_price,Freight Transport,Biodiesel,,,,2035,,SaskatchewanMultiplier|Use Final|Biomass Liquids2035
Saskatchewan,Multiplier|Use Final|Biomass Liquids,Price,multiplier_price,Freight Transport,Biodiesel,,,,2040,,SaskatchewanMultiplier|Use Final|Biomass Liquids2040
Saskatchewan,Multiplier|Use Final|Biomass Liquids,Price,multiplier_price,Freight Transport,Biodiesel,,,,2045,,SaskatchewanMultiplier|Use Final|Biomass Liquids2045
Saskatchewan,Multiplier|Use Final|Biomass Liquids,Price,multiplier_price,Freight Transport,Biodiesel,,,,2050,,SaskatchewanMultiplier|Use Final|Biomass Liquids2050
Saskatchewan,Multiplier|Use Final|Biomass Solids,Price,multiplier_price,Residential,Solid Biomass,,,,2015,,SaskatchewanMultiplier|Use Final|Biomass Solids2015
Saskatchewan,Multiplier|Use Final|Biomass Solids,Price,multiplier_price,Residential,Solid Biomass,,,,2020,,SaskatchewanMultiplier|Use Final|Biomass Solids2020
Saskatchewan,Multiplier|Use Final|Biomass Solids,Price,multiplier_price,Residential,Solid Biomass,,,,2025,,SaskatchewanMultiplier|Use Final|Biomass Solids2025
Saskatchewan,Multiplier|Use Final|Biomass Solids,Price,multiplier_price,Residential,Solid Biomass,,,,2030,,SaskatchewanMultiplier|Use Final|Biomass Solids2030
Saskatchewan,Multiplier|Use Final|Biomass Solids,Price,multiplier_price,Residential,Solid Biomass,,,,2035,,SaskatchewanMultiplier|Use Final|Biomass Solids2035
Saskatchewan,Multiplier|Use Final|Biomass Solids,Price,multiplier_price,Residential,Solid Biomass,,,,2040,,SaskatchewanMultiplier|Use Final|Biomass Solids2040
Saskatchewan,Multiplier|Use Final|Biomass Solids,Price,multiplier_price,Residential,Solid Biomass,,,,2045,,SaskatchewanMultiplier|Use Final|Biomass Solids2045
Saskatchewan,Multiplier|Use Final|Biomass Solids,Price,multiplier_price,Residential,Solid Biomass,,,,2050,,SaskatchewanMultiplier|Use Final|Biomass Solids2050
Saskatchewan,Multiplier|Use Final|Electricity,Price,multiplier_price,Commercial,Electricity,,,,2015,,SaskatchewanMultiplier|Use Final|Electricity2015
Saskatchewan,Multiplier|Use Final|Electricity,Price,multiplier_price,Commercial,Electricity,,,,2020,,SaskatchewanMultiplier|Use Final|Electricity2020
Saskatchewan,Multiplier|Use Final|Electricity,Price,multiplier_price,Commercial,Electricity,,,,2025,,SaskatchewanMultiplier|Use Final|Electricity2025
Saskatchewan,Multiplier|Use Final|Electricity,Price,multiplier_price,Commercial,Electricity,,,,2030,,SaskatchewanMultiplier|Use Final|Electricity2030
Saskatchewan,Multiplier|Use Final|Electricity,Price,multiplier_price,Commercial,Electricity,,,,2035,,SaskatchewanMultiplier|Use Final|Electricity2035
Saskatchewan,Multiplier|Use Final|Electricity,Price,multiplier_price,Commercial,Electricity,,,,2040,,SaskatchewanMultiplier|Use Final|Electricity2040
Saskatchewan,Multiplier|Use Final|Electricity,Price,multiplier_price,Commercial,Electricity,,,,2045,,SaskatchewanMultiplier|Use Final|Electricity2045
Saskatchewan,Multiplier|Use Final|Electricity,Price,multiplier_price,Commercial,Electricity,,,,2050,,SaskatchewanMultiplier|Use Final|Electricity2050
Saskatchewan,Multiplier|Use Final|Gas,Price,multiplier_price,Commercial,Natural Gas,,,,2015,,SaskatchewanMultiplier|Use Final|Gas2015
Saskatchewan,Multiplier|Use Final|Gas,Price,multiplier_price,Commercial,Natural Gas,,,,2020,,SaskatchewanMultiplier|Use Final|Gas2020
Saskatchewan,Multiplier|Use Final|Gas,Price,multiplier_price,Commercial,Natural Gas,,,,2025,,SaskatchewanMultiplier|Use Final|Gas2025
Saskatchewan,Multiplier|Use Final|Gas,Price,multiplier_price,Commercial,Natural Gas,,,,2030,,SaskatchewanMultiplier|Use Final|Gas2030
Saskatchewan,Multiplier|Use Final|Gas,Price,multiplier_price,Commercial,Natural Gas,,,,2035,,SaskatchewanMultiplier|Use Final|Gas2035
Saskatchewan,Multiplier|Use Final|Gas,Price,multiplier_price,Commercial,Natural Gas,,,,2040,,SaskatchewanMultiplier|Use Final|Gas2040
Saskatchewan,Multiplier|Use Final|Gas,Price,multiplier_price,Commercial,Natural Gas,,,,2045,,SaskatchewanMultiplier|Use Final|Gas2045
Saskatchewan,Multiplier|Use Final|Gas,Price,multiplier_price,Commercial,Natural Gas,,,,2050,,SaskatchewanMultiplier|Use Final|Gas2050
Saskatchewan,Multiplier|Use Final|Hydrogen,Price,multiplier_price,Light Industry,Hydrogen,,,,2015,,SaskatchewanMultiplier|Use Final|Hydrogen2015
Saskatchewan,Multiplier|Use Final|Hydrogen,Price,multiplier_price,Light Industry,Hydrogen,,,,2020,,SaskatchewanMultiplier|Use Final|Hydrogen2020
Saskatchewan,Multiplier|Use Final|Hydrogen,Price,multiplier_price,Light Industry,Hydrogen,,,,2025,,SaskatchewanMultiplier|Use Final|Hydrogen2025
Saskatchewan,Multiplier|Use Final|Hydrogen,Price,multiplier_price,Light Industry,Hydrogen,,,,2030,,SaskatchewanMultiplier|Use Final|Hydrogen2030
Saskatchewan,Multiplier|Use Final|Hydrogen,Price,multiplier_price,Light Industry,Hydrogen,,,,2035,,SaskatchewanMultiplier|Use Final|Hydrogen2035
Saskatchewan,Multiplier|Use Final|Hydrogen,Price,multiplier_price,Light Industry,Hydrogen,,,,2040,,SaskatchewanMultiplier|Use Final|Hydrogen2040
Saskatchewan,Multiplier|Use Final|Hydrogen,Price,multiplier_price,Light Industry,Hydrogen,,,,2045,,SaskatchewanMultiplier|Use Final|Hydrogen2045
Saskatchewan,Multiplier|Use Final|Hydrogen,Price,multiplier_price,Light Industry,Hydrogen,,,,2050,,SaskatchewanMultiplier|Use Final|Hydrogen2050
Saskatchewan,Multiplier|Use Final|Oil,Price,multiplier_price,Freight Transport,Diesel,,,,2015,,SaskatchewanMultiplier|Use Final|Oil2015
Saskatchewan,Multiplier|Use Final|Oil,Price,multiplier_price,Freight Transport,Diesel,,,,2020,,SaskatchewanMultiplier|Use Final|Oil2020
Saskatchewan,Multiplier|Use Final|Oil,Price,multiplier_price,Freight Transport,Diesel,,,,2025,,SaskatchewanMultiplier|Use Final|Oil2025
Saskatchewan,Multiplier|Use Final|Oil,Price,multiplier_price,Freight Transport,Diesel,,,,2030,,SaskatchewanMultiplier|Use Final|Oil2030
Saskatchewan,Multiplier|Use Final|Oil,Price,multiplier_price,Freight Transport,Diesel,,,,2035,,SaskatchewanMultiplier|Use Final|Oil2035
Saskatchewan,Multiplier|Use Final|Oil,Price,multiplier_price,Freight Transport,Diesel,,,,2040,,SaskatchewanMultiplier|Use Final|Oil2040
Saskatchewan,Multiplier|Use Final|Oil,Price,multiplier_price,Freight Transport,Diesel,,,,2045,,SaskatchewanMultiplier|Use Final|Oil2045
Saskatchewan,Multiplier|Use Final|Oil,Price,multiplier_price,Freight Transport,Diesel,,,,2050,,SaskatchewanMultiplier|Use Final|Oil2050
Manitoba,Multiplier|Use Final|Biogas,Price,multiplier_price,Residential,Biogas,,,,2015,,ManitobaMultiplier|Use Final|Biogas2015
Manitoba,Multiplier|Use Final|Biogas,Price,multiplier_price,Residential,Biogas,,,,2020,,ManitobaMultiplier|Use Final|Biogas2020
Manitoba,Multiplier|Use Final|Biogas,Price,multiplier_price,Residential,Biogas,,,,2025,,ManitobaMultiplier|Use Final|Biogas2025
Manitoba,Multiplier|Use Final|Biogas,Price,multiplier_price,Residential,Biogas,,,,2030,,ManitobaMultiplier|Use Final|Biogas2030
Manitoba,Multiplier|Use Final|Biogas,Price,multiplier_price,Residential,Biogas,,,,2035,,ManitobaMultiplier|Use Final|Biogas2035
Manitoba,Multiplier|Use Final|Biogas,Price,multiplier_price,Residential,Biogas,,,,2040,,ManitobaMultiplier|Use Final|Biogas2040
Manitoba,Multiplier|Use Final|Biogas,Price,multiplier_price,Residential,Biogas,,,,2045,,ManitobaMultiplier|Use Final|Biogas2045
Manitoba,Multiplier|Use Final|Biogas,Price,multiplier_price,Residential,Biogas,,,,2050,,ManitobaMultiplier|Use Final|Biogas2050
Manitoba,Multiplier|Use Final|Biomass Liquids,Price,multiplier_price,Freight Transport,Biodiesel,,,,2015,,ManitobaMultiplier|Use Final|Biomass Liquids2015
Manitoba,Multiplier|Use Final|Biomass Liquids,Price,multiplier_price,Freight Transport,Biodiesel,,,,2020,,ManitobaMultiplier|Use Final|Biomass Liquids2020
Manitoba,Multiplier|Use Final|Biomass Liquids,Price,multiplier_price,Freight Transport,Biodiesel,,,,2025,,ManitobaMultiplier|Use Final|Biomass Liquids2025
Manitoba,Multiplier|Use Final|Biomass Liquids,Price,multiplier_price,Freight Transport,Biodiesel,,,,2030,,ManitobaMultiplier|Use Final|Biomass Liquids2030
Manitoba,Multiplier|Use Final|Biomass Liquids,Price,multiplier_price,Freight Transport,Biodiesel,,,,2035,,ManitobaMultiplier|Use Final|Biomass Liquids2035
Manitoba,Multiplier|Use Final|Biomass Liquids,Price,multiplier_price,Freight Transport,Biodiesel,,,,2040,,ManitobaMultiplier|Use Final|Biomass Liquids2040
Manitoba,Multiplier|Use Final|Biomass Liquids,Price,multiplier_price,Freight Transport,Biodiesel,,,,2045,,ManitobaMultiplier|Use Final|Biomass Liquids2045
Manitoba,Multiplier|Use Final|Biomass Liquids,Price,multiplier_price,Freight Transport,Biodiesel,,,,2050,,ManitobaMultiplier|Use Final|Biomass Liquids2050
Manitoba,Multiplier|Use Final|Biomass Solids,Price,multiplier_price,Residential,Solid Biomass,,,,2015,,ManitobaMultiplier|Use Final|Biomass Solids2015
Manitoba,Multiplier|Use Final|Biomass Solids,Price,multiplier_price,Residential,Solid Biomass,,,,2020,,ManitobaMultiplier|Use Final|Biomass Solids2020
Manitoba,Multiplier|Use Final|Biomass Solids,Price,multiplier_price,Residential,Solid Biomass,,,,2025,,ManitobaMultiplier|Use Final|Biomass Solids2025
Manitoba,Multiplier|Use Final|Biomass Solids,Price,multiplier_price,Residential,Solid Biomass,,,,2030,,ManitobaMultiplier|Use Final|Biomass Solids2030
Manitoba,Multiplier|Use Final|Biomass Solids,Price,multiplier_price,Residential,Solid Biomass,,,,2035,,ManitobaMultiplier|Use Final|Biomass Solids2035
Manitoba,Multiplier|Use Final|Biomass Solids,Price,multiplier_price,Residential,Solid Biomass,,,,2040,,ManitobaMultiplier|Use Final|Biomass Solids2040
Manitoba,Multiplier|Use Final|Biomass Solids,Price,multiplier_price,Residential,Solid Biomass,,,,2045,,ManitobaMultiplier|Use Final|Biomass Solids2045
Manitoba,Multiplier|Use Final|Biomass Solids,Price,multiplier_price,Residential,Solid Biomass,,,,2050,,ManitobaMultiplier|Use Final|Biomass Solids2050
Manitoba,Multiplier|Use Final|Electricity,Price,multiplier_price,Commercial,Electricity,,,,2015,,ManitobaMultiplier|Use Final|Electricity2015
Manitoba,Multiplier|Use Final|Electricity,Price,multiplier_price,Commercial,Electricity,,,,2020,,ManitobaMultiplier|Use Final|Electricity2020
Manitoba,Multiplier|Use Final|Electricity,Price,multiplier_price,Commercial,Electricity,,,,2025,,ManitobaMultiplier|Use Final|Electricity2025
Manitoba,Multiplier|Use Final|Electricity,Price,multiplier_price,Commercial,Electricity,,,,2030,,ManitobaMultiplier|Use Final|Electricity2030
Manitoba,Multiplier|Use Final|Electricity,Price,multiplier_price,Commercial,Electricity,,,,2035,,ManitobaMultiplier|Use Final|Electricity2035
Manitoba,Multiplier|Use Final|Electricity,Price,multiplier_price,Commercial,Electricity,,,,2040,,ManitobaMultiplier|Use Final|Electricity2040
Manitoba,Multiplier|Use Final|Electricity,Price,multiplier_price,Commercial,Electricity,,,,2045,,ManitobaMultiplier|Use Final|Electricity2045
Manitoba,Multiplier|Use Final|Electricity,Price,multiplier_price,Commercial,Electricity,,,,2050,,ManitobaMultiplier|Use Final|Electricity2050
Manitoba,Multiplier|Use Final|Gas,Price,multiplier_price,Commercial,Natural Gas,,,,2015,,ManitobaMultiplier|Use Final|Gas2015
Manitoba,Multiplier|Use Final|Gas,Price,multiplier_price,Commercial,Natural Gas,,,,2020,,ManitobaMultiplier|Use Final|Gas2020
Manitoba,Multiplier|Use Final|Gas,Price,multiplier_price,Commercial,Natural Gas,,,,2025,,ManitobaMultiplier|Use Final|Gas2025
Manitoba,Multiplier|Use Final|Gas,Price,multiplier_price,Commercial,Natural Gas,,,,2030,,ManitobaMultiplier|Use Final|Gas2030
Manitoba,Multiplier|Use Final|Gas,Price,multiplier_price,Commercial,Natural Gas,,,,2035,,ManitobaMultiplier|Use Final|Gas2035
Manitoba,Multiplier|Use Final|Gas,Price,multiplier_price,Commercial,Natural Gas,,,,2040,,ManitobaMultiplier|Use Final|Gas2040
Manitoba,Multiplier|Use Final|Gas,Price,multiplier_price,Commercial,Natural Gas,,,,2045,,ManitobaMultiplier|Use Final|Gas2045
Manitoba,Multiplier|Use Final|Gas,Price,multiplier_price,Commercial,Natural Gas,,,,2050,,ManitobaMultiplier|Use Final|Gas2050
Manitoba,Multiplier|Use Final|Hydrogen,Price,multiplier_price,Light Industry,Hydrogen,,,,2015,,ManitobaMultiplier|Use Final|Hydrogen2015
Manitoba,Multiplier|Use Final|Hydrogen,Price,multiplier_price,Light Industry,Hydrogen,,,,2020,,ManitobaMultiplier|Use Final|Hydrogen2020
Manitoba,Multiplier|Use Final|Hydrogen,Price,multiplier_price,Light Industry,Hydrogen,,,,2025,,ManitobaMultiplier|Use Final|Hydrogen2025
Manitoba,Multiplier|Use Final|Hydrogen,Price,multiplier_price,Light Industry,Hydrogen,,,,2030,,ManitobaMultiplier|Use Final|Hydrogen2030
Manitoba,Multiplier|Use Final|Hydrogen,Price,multiplier_price,Light Industry,Hydrogen,,,,2035,,ManitobaMultiplier|Use Final|Hydrogen2035
Manitoba,Multiplier|Use Final|Hydrogen,Price,multiplier_price,Light Industry,Hydrogen,,,,2040,,ManitobaMultiplier|Use Final|Hydrogen2040
Manitoba,Multiplier|Use Final|Hydrogen,Price,multiplier_price,Light Industry,Hydrogen,,,,2045,,ManitobaMultiplier|Use Final|Hydrogen2045
Manitoba,Multiplier|Use Final|Hydrogen,Price,multiplier_price,Light Industry,Hydrogen,,,,2050,,ManitobaMultiplier|Use Final|Hydrogen2050
Manitoba,Multiplier|Use Final|Oil,Price,multiplier_price,Freight Transport,Diesel,,,,2015,,ManitobaMultiplier|Use Final|Oil2015
Manitoba,Multiplier|Use Final|Oil,Price,multiplier_price,Freight Transport,Diesel,,,,2020,,ManitobaMultiplier|Use Final|Oil2020
Manitoba,Multiplier|Use Final|Oil,Price,multiplier_price,Freight Transport,Diesel,,,,2025,,ManitobaMultiplier|Use Final|Oil2025
Manitoba,Multiplier|Use Final|Oil,Price,multiplier_price,Freight Transport,Diesel,,,,2030,,ManitobaMultiplier|Use Final|Oil2030
Manitoba,Multiplier|Use Final|Oil,Price,multiplier_price,Freight Transport,Diesel,,,,2035,,ManitobaMultiplier|Use Final|Oil2035
Manitoba,Multiplier|Use Final|Oil,Price,multiplier_price,Freight Transport,Diesel,,,,2040,,ManitobaMultiplier|Use Final|Oil2040
Manitoba,Multiplier|Use Final|Oil,Price,multiplier_price,Freight Transport,Diesel,,,,2045,,ManitobaMultiplier|Use Final|Oil2045
Manitoba,Multiplier|Use Final|Oil,Price,multiplier_price,Freight Transport,Diesel,,,,2050,,ManitobaMultiplier|Use Final|Oil2050
Ontario,Multiplier|Use Final|Biogas,Price,multiplier_price,Residential,Biogas,,,,2015,,OntarioMultiplier|Use Final|Biogas2015
Ontario,Multiplier|Use Final|Biogas,Price,multiplier_price,Residential,Biogas,,,,2020,,OntarioMultiplier|Use Final|Biogas2020
Ontario,Multiplier|Use Final|Biogas,Price,multiplier_price,Residential,Biogas,,,,2025,,OntarioMultiplier|Use Final|Biogas2025
Ontario,Multiplier|Use Final|Biogas,Price,multiplier_price,Residential,Biogas,,,,2030,,OntarioMultiplier|Use Final|Biogas2030
Ontario,Multiplier|Use Final|Biogas,Price,multiplier_price,Residential,Biogas,,,,2035,,OntarioMultiplier|Use Final|Biogas2035
Ontario,Multiplier|Use Final|Biogas,Price,multiplier_price,Residential,Biogas,,,,2040,,OntarioMultiplier|Use Final|Biogas2040
Ontario,Multiplier|Use Final|Biogas,Price,multiplier_price,Residential,Biogas,,,,2045,,OntarioMultiplier|Use Final|Biogas2045
Ontario,Multiplier|Use Final|Biogas,Price,multiplier_price,Residential,Biogas,,,,2050,,OntarioMultiplier|Use Final|Biogas2050
Ontario,Multiplier|Use Final|Biomass Liquids,Price,multiplier_price,Freight Transport,Biodiesel,,,,2015,,OntarioMultiplier|Use Final|Biomass Liquids2015
Ontario,Multiplier|Use Final|Biomass Liquids,Price,multiplier_price,Freight Transport,Biodiesel,,,,2020,,OntarioMultiplier|Use Final|Biomass Liquids2020
Ontario,Multiplier|Use Final|Biomass Liquids,Price,multiplier_price,Freight Transport,Biodiesel,,,,2025,,OntarioMultiplier|Use Final|Biomass Liquids2025
Ontario,Multiplier|Use Final|Biomass Liquids,Price,multiplier_price,Freight Transport,Biodiesel,,,,2030,,OntarioMultiplier|Use Final|Biomass Liquids2030
Ontario,Multiplier|Use Final|Biomass Liquids,Price,multiplier_price,Freight Transport,Biodiesel,,,,2035,,OntarioMultiplier|Use Final|Biomass Liquids2035
Ontario,Multiplier|Use Final|Biomass Liquids,Price,multiplier_price,Freight Transport,Biodiesel,,,,2040,,OntarioMultiplier|Use Final|Biomass Liquids2040
Ontario,Multiplier|Use Final|Biomass Liquids,Price,multiplier_price,Freight Transport,Biodiesel,,,,2045,,OntarioMultiplier|Use Final|Biomass Liquids2045
Ontario,Multiplier|Use Final|Biomass Liquids,Price,multiplier_price,Freight Transport,Biodiesel,,,,2050,,OntarioMultiplier|Use Final|Biomass Liquids2050
Ontario,Multiplier|Use Final|Biomass Solids,Price,multiplier_price,Residential,Solid Biomass,,,,2015,,OntarioMultiplier|Use Final|Biomass Solids2015
Ontario,Multiplier|Use Final|Biomass Solids,Price,multiplier_price,Residential,Solid Biomass,,,,2020,,OntarioMultiplier|Use Final|Biomass Solids2020
Ontario,Multiplier|Use Final|Biomass Solids,Price,multiplier_price,Residential,Solid Biomass,,,,2025,,OntarioMultiplier|Use Final|Biomass Solids2025
Ontario,Multiplier|Use Final|Biomass Solids,Price,multiplier_price,Residential,Solid Biomass,,,,2030,,OntarioMultiplier|Use Final|Biomass Solids2030
Ontario,Multiplier|Use Final|Biomass Solids,Price,multiplier_price,Residential,Solid Biomass,,,,2035,,OntarioMultiplier|Use Final|Biomass Solids2035
Ontario,Multiplier|Use Final|Biomass Solids,Price,multiplier_price,Residential,Solid Biomass,,,,2040,,OntarioMultiplier|Use Final|Biomass Solids2040
Ontario,Multiplier|Use Final|Biomass Solids,Price,multiplier_price,Residential,Solid Biomass,,,,2045,,OntarioMultiplier|Use Final|Biomass Solids2045
Ontario,Multiplier|Use Final|Biomass Solids,Price,multiplier_price,Residential,Solid Biomass,,,,2050,,OntarioMultiplier|Use Final|Biomass Solids2050
Ontario,Multiplier|Use Final|Electricity,Price,multiplier_price,Commercial,Electricity,,,,2015,,OntarioMultiplier|Use Final|Electricity2015
Ontario,Multiplier|Use Final|Electricity,Price,multiplier_price,Commercial,Electricity,,,,2020,,OntarioMultiplier|Use Final|Electricity2020
Ontario,Multiplier|Use Final|Electricity,Price,multiplier_price,Commercial,Electricity,,,,2025,,OntarioMultiplier|Use Final|Electricity2025
Ontario,Multiplier|Use Final|Electricity,Price,multiplier_price,Commercial,Electricity,,,,2030,,OntarioMultiplier|Use Final|Electricity2030
Ontario,Multiplier|Use Final|Electricity,Price,multiplier_price,Commercial,Electricity,,,,2035,,OntarioMultiplier|Use Final|Electricity2035
Ontario,Multiplier|Use Final|Electricity,Price,multiplier_price,Commercial,Electricity,,,,2040,,OntarioMultiplier|Use Final|Electricity2040
Ontario,Multiplier|Use Final|Electricity,Price,multiplier_price,Commercial,Electricity,,,,2045,,OntarioMultiplier|Use Final|Electricity2045
Ontario,Multiplier|Use Final|Electricity,Price,multiplier_price,Commercial,Electricity,,,,2050,,OntarioMultiplier|Use Final|Electricity2050
Ontario,Multiplier|Use Final|Gas,Price,multiplier_price,Commercial,Natural Gas,,,,2015,,OntarioMultiplier|Use Final|Gas2015
Ontario,Multiplier|Use Final|Gas,Price,multiplier_price,Commercial,Natural Gas,,,,2020,,OntarioMultiplier|Use Final|Gas2020
Ontario,Multiplier|Use Final|Gas,Price,multiplier_price,Commercial,Natural Gas,,,,2025,,OntarioMultiplier|Use Final|Gas2025
Ontario,Multiplier|Use Final|Gas,Price,multiplier_price,Commercial,Natural Gas,,,,2030,,OntarioMultiplier|Use Final|Gas2030
Ontario,Multiplier|Use Final|Gas,Price,multiplier_price,Commercial,Natural Gas,,,,2035,,OntarioMultiplier|Use Final|Gas2035
Ontario,Multiplier|Use Final|Gas,Price,multiplier_price,Commercial,Natural Gas,,,,2040,,OntarioMultiplier|Use Final|Gas2040
Ontario,Multiplier|Use Final|Gas,Price,multiplier_price,Commercial,Natural Gas,,,,2045,,OntarioMultiplier|Use Final|Gas2045
Ontario,Multiplier|Use Final|Gas,Price,multiplier_price,Commercial,Natural Gas,,,,2050,,OntarioMultiplier|Use Final|Gas2050
Ontario,Multiplier|Use Final|Hydrogen,Price,multiplier_price,Light Industry,Hydrogen,,,,2015,,OntarioMultiplier|Use Final|Hydrogen2015
Ontario,Multiplier|Use Final|Hydrogen,Price,multiplier_price,Light Industry,Hydrogen,,,,2020,,OntarioMultiplier|Use Final|Hydrogen2020
Ontario,Multiplier|Use Final|Hydrogen,Price,multiplier_price,Light Industry,Hydrogen,,,,2025,,OntarioMultiplier|Use Final|Hydrogen2025
Ontario,Multiplier|Use Final|Hydrogen,Price,multiplier_price,Light Industry,Hydrogen,,,,2030,,OntarioMultiplier|Use Final|Hydrogen2030
Ontario,Multiplier|Use Final|Hydrogen,Price,multiplier_price,Light Industry,Hydrogen,,,,2035,,OntarioMultiplier|Use Final|Hydrogen2035
Ontario,Multiplier|Use Final|Hydrogen,Price,multiplier_price,Light Industry,Hydrogen,,,,2040,,OntarioMultiplier|Use Final|Hydrogen2040
Ontario,Multiplier|Use Final|Hydrogen,Price,multiplier_price,Light Industry,Hydrogen,,,,2045,,OntarioMultiplier|Use Final|Hydrogen2045
Ontario,Multiplier|Use Final|Hydrogen,Price,multiplier_price,Light Industry,Hydrogen,,,,2050,,OntarioMultiplier|Use Final|Hydrogen2050
Ontario,Multiplier|Use Final|Oil,Price,multiplier_price,Freight Transport,Diesel,,,,2015,,OntarioMultiplier|Use Final|Oil2015
Ontario,Multiplier|Use Final|Oil,Price,multiplier_price,Freight Transport,Diesel,,,,2020,,OntarioMultiplier|Use Final|Oil2020
Ontario,Multiplier|Use Final|Oil,Price,multiplier_price,Freight Transport,Diesel,,,,2025,,OntarioMultiplier|Use Final|Oil2025
Ontario,Multiplier|Use Final|Oil,Price,multiplier_price,Freight Transport,Diesel,,,,2030,,OntarioMultiplier|Use Final|Oil2030
Ontario,Multiplier|Use Final|Oil,Price,multiplier_price,Freight Transport,Diesel,,,,2035,,OntarioMultiplier|Use Final|Oil2035
Ontario,Multiplier|Use Final|Oil,Price,multiplier_price,Freight Transport,Diesel,,,,2040,,OntarioMultiplier|Use Final|Oil2040
Ontario,Multiplier|Use Final|Oil,Price,multiplier_price,Freight Transport,Diesel,,,,2045,,OntarioMultiplier|Use Final|Oil2045
Ontario,Multiplier|Use Final|Oil,Price,multiplier_price,Freight Transport,Diesel,,,,2050,,OntarioMultiplier|Use Final|Oil2050
Quebec,Multiplier|Use Final|Biogas,Price,multiplier_price,Residential,Biogas,,,,2015,,QuebecMultiplier|Use Final|Biogas2015
Quebec,Multiplier|Use Final|Biogas,Price,multiplier_price,Residential,Biogas,,,,2020,,QuebecMultiplier|Use Final|Biogas2020
Quebec,Multiplier|Use Final|Biogas,Price,multiplier_price,Residential,Biogas,,,,2025,,QuebecMultiplier|Use Final|Biogas2025
Quebec,Multiplier|Use Final|Biogas,Price,multiplier_price,Residential,Biogas,,,,2030,,QuebecMultiplier|Use Final|Biogas2030
Quebec,Multiplier|Use Final|Biogas,Price,multiplier_price,Residential,Biogas,,,,2035,,QuebecMultiplier|Use Final|Biogas2035
Quebec,Multiplier|Use Final|Biogas,Price,multiplier_price,Residential,Biogas,,,,2040,,QuebecMultiplier|Use Final|Biogas2040
Quebec,Multiplier|Use Final|Biogas,Price,multiplier_price,Residential,Biogas,,,,2045,,QuebecMultiplier|Use Final|Biogas2045
Quebec,Multiplier|Use Final|Biogas,Price,multiplier_price,Residential,Biogas,,,,2050,,QuebecMultiplier|Use Final|Biogas2050
Quebec,Multiplier|Use Final|Biomass Liquids,Price,multiplier_price,Freight Transport,Biodiesel,,,,2015,,QuebecMultiplier|Use Final|Biomass Liquids2015
Quebec,Multiplier|Use Final|Biomass Liquids,Price,multiplier_price,Freight Transport,Biodiesel,,,,2020,,QuebecMultiplier|Use Final|Biomass Liquids2020
Quebec,Multiplier|Use Final|Biomass Liquids,Price,multiplier_price,Freight Transport,Biodiesel,,,,2025,,QuebecMultiplier|Use Final|Biomass Liquids2025
Quebec,Multiplier|Use Final|Biomass Liquids,Price,multiplier_price,Freight Transport,Biodiesel,,,,2030,,QuebecMultiplier|Use Final|Biomass Liquids2030
Quebec,Multiplier|Use Final|Biomass Liquids,Price,multiplier_price,Freight Transport,Biodiesel,,,,2035,,QuebecMultiplier|Use Final|Biomass Liquids2035
Quebec,Multiplier|Use Final|Biomass Liquids,Price,multiplier_price,Freight Transport,Biodiesel,,,,2040,,QuebecMultiplier|Use Final|Biomass Liquids2040
Quebec,Multiplier|Use Final|Biomass Liquids,Price,multiplier_price,Freight Transport,Biodiesel,,,,2045,,QuebecMultiplier|Use Final|Biomass Liquids2045
Quebec,Multiplier|Use Final|Biomass Liquids,Price,multiplier_price,Freight Transport,Biodiesel,,,,2050,,QuebecMultiplier|Use Final|Biomass Liquids2050
Quebec,Multiplier|Use Final|Biomass Solids,Price,multiplier_price,Residential,Solid Biomass,,,,2015,,QuebecMultiplier|Use Final|Biomass Solids2015
Quebec,Multiplier|Use Final|Biomass Solids,Price,multiplier_price,Residential,Solid Biomass,,,,2020,,QuebecMultiplier|Use Final|Biomass Solids2020
Quebec,Multiplier|Use Final|Biomass Solids,Price,multiplier_price,Residential,Solid Biomass,,,,2025,,QuebecMultiplier|Use Final|Biomass Solids2025
Quebec,Multiplier|Use Final|Biomass Solids,Price,multiplier_price,Residential,Solid Biomass,,,,2030,,QuebecMultiplier|Use Final|Biomass Solids2030
Quebec,Multiplier|Use Final|Biomass Solids,Price,multiplier_price,Residential,Solid Biomass,,,,2035,,QuebecMultiplier|Use Final|Biomass Solids2035
Quebec,Multiplier|Use Final|Biomass Solids,Price,multiplier_price,Residential,Solid Biomass,,,,2040,,QuebecMultiplier|Use Final|Biomass Solids2040
Quebec,Multiplier|Use Final|Biomass Solids,Price,multiplier_price,Residential,Solid Biomass,,,,2045,,QuebecMultiplier|Use Final|Biomass Solids2045
Quebec,Multiplier|Use Final|Biomass Solids,Price,multiplier_price,Residential,Solid Biomass,,,,2050,,QuebecMultiplier|Use Final|Biomass Solids2050
Quebec,Multiplier|Use Final|Electricity,Price,multiplier_price,Commercial,Electricity,,,,2015,,QuebecMultiplier|Use Final|Electricity2015
Quebec,Multiplier|Use Final|Electricity,Price,multiplier_price,Commercial,Electricity,,,,2020,,QuebecMultiplier|Use Final|Electricity2020
Quebec,Multiplier|Use Final|Electricity,Price,multiplier_price,Commercial,Electricity,,,,2025,,QuebecMultiplier|Use Final|Electricity2025
Quebec,Multiplier|Use Final|Electricity,Price,multiplier_price,Commercial,Electricity,,,,2030,,QuebecMultiplier|Use Final|Electricity2030
Quebec,Multiplier|Use Final|Electricity,Price,multiplier_price,Commercial,Electricity,,,,2035,,QuebecMultiplier|Use Final|Electricity2035
Quebec,Multiplier|Use Final|Electricity,Price,multiplier_price,Commercial,Electricity,,,,2040,,QuebecMultiplier|Use Final|Electricity2040
Quebec,Multiplier|Use Final|Electricity,Price,multiplier_price,Commercial,Electricity,,,,2045,,QuebecMultiplier|Use Final|Electricity2045
Quebec,Multiplier|Use Final|Electricity,Price,multiplier_price,Commercial,Electricity,,,,2050,,QuebecMultiplier|Use Final|Electricity2050
Quebec,Multiplier|Use Final|Gas,Price,multiplier_price,Commercial,Natural Gas,,,,2015,,QuebecMultiplier|Use Final|Gas2015
Quebec,Multiplier|Use Final|Gas,Price,multiplier_price,Commercial,Natural Gas,,,,2020,,QuebecMultiplier|Use Final|Gas2020
Quebec,Multiplier|Use Final|Gas,Price,multiplier_price,Commercial,Natural Gas,,,,2025,,QuebecMultiplier|Use Final|Gas2025
Quebec,Multiplier|Use Final|Gas,Price,multiplier_price,Commercial,Natural Gas,,,,2030,,QuebecMultiplier|Use Final|Gas2030
Quebec,Multiplier|Use Final|Gas,Price,multiplier_price,Commercial,Natural Gas,,,,2035,,QuebecMultiplier|Use Final|Gas2035
Quebec,Multiplier|Use Final|Gas,Price,multiplier_price,Commercial,Natural Gas,,,,2040,,QuebecMultiplier|Use Final|Gas2040
Quebec,Multiplier|Use Final|Gas,Price,multiplier_price,Commercial,Natural Gas,,,,2045,,QuebecMultiplier|Use Final|Gas2045
Quebec,Multiplier|Use Final|Gas,Price,multiplier_price,Commercial,Natural Gas,,,,2050,,QuebecMultiplier|Use Final|Gas2050
Quebec,Multiplier|Use Final|Hydrogen,Price,multiplier_price,Light Industry,Hydrogen,,,,2015,,QuebecMultiplier|Use Final|Hydrogen2015
Quebec,Multiplier|Use Final|Hydrogen,Price,multiplier_price,Light Industry,Hydrogen,,,,2020,,QuebecMultiplier|Use Final|Hydrogen2020
Quebec,Multiplier|Use Final|Hydrogen,Price,multiplier_price,Light Industry,Hydrogen,,,,2025,,QuebecMultiplier|Use Final|Hydrogen2025
Quebec,Multiplier|Use Final|Hydrogen,Price,multiplier_price,Light Industry,Hydrogen,,,,2030,,QuebecMultiplier|Use Final|Hydrogen2030
Quebec,Multiplier|Use Final|Hydrogen,Price,multiplier_price,Light Industry,Hydrogen,,,,2035,,QuebecMultiplier|Use Final|Hydrogen2035
Quebec,Multiplier|Use Final|Hydrogen,Price,multiplier_price,Light Industry,Hydrogen,,,,2040,,QuebecMultiplier|Use Final|Hydrogen2040
Quebec,Multiplier|Use Final|Hydrogen,Price,multiplier_price,Light Industry,Hydrogen,,,,2045,,QuebecMultiplier|Use Final|Hydrogen2045
Quebec,Multiplier|Use Final|Hydrogen,Price,multiplier_price,Light Industry,Hydrogen,,,,2050,,QuebecMultiplier|Use Final|Hydrogen2050
Quebec,Multiplier|Use Final|Oil,Price,multiplier_price,Freight Transport,Diesel,,,,2015,,QuebecMultiplier|Use Final|Oil2015
Quebec,Multiplier|Use Final|Oil,Price,multiplier_price,Freight Transport,Diesel,,,,2020,,QuebecMultiplier|Use Final|Oil2020
Quebec,Multiplier|Use Final|Oil,Price,multiplier_price,Freight Transport,Diesel,,,,2025,,QuebecMultiplier|Use Final|Oil2025
Quebec,Multiplier|Use Final|Oil,Price,multiplier_price,Freight Transport,Diesel,,,,2030,,QuebecMultiplier|Use Final|Oil2030
Quebec,Multiplier|Use Final|Oil,Price,multiplier_price,Freight Transport,Diesel,,,,2035,,QuebecMultiplier|Use Final|Oil2035
Quebec,Multiplier|Use Final|Oil,Price,multiplier_price,Freight Transport,Diesel,,,,2040,,QuebecMultiplier|Use Final|Oil2040
Quebec,Multiplier|Use Final|Oil,Price,multiplier_price,Freight Transport,Diesel,,,,2045,,QuebecMultiplier|Use Final|Oil2045
Quebec,Multiplier|Use Final|Oil,Price,multiplier_price,Freight Transport,Diesel,,,,2050,,QuebecMultiplier|Use Final|Oil2050
Atlantic,Multiplier|Use Final|Biogas,Price,multiplier_price,Residential,Biogas,,,,2015,,AtlanticMultiplier|Use Final|Biogas2015
Atlantic,Multiplier|Use Final|Biogas,Price,multiplier_price,Residential,Biogas,,,,2020,,AtlanticMultiplier|Use Final|Biogas2020
Atlantic,Multiplier|Use Final|Biogas,Price,multiplier_price,Residential,Biogas,,,,2025,,AtlanticMultiplier|Use Final|Biogas2025
Atlantic,Multiplier|Use Final|Biogas,Price,multiplier_price,Residential,Biogas,,,,2030,,AtlanticMultiplier|Use Final|Biogas2030
Atlantic,Multiplier|Use Final|Biogas,Price,multiplier_price,Residential,Biogas,,,,2035,,AtlanticMultiplier|Use Final|Biogas2035
Atlantic,Multiplier|Use Final|Biogas,Price,multiplier_price,Residential,Biogas,,,,2040,,AtlanticMultiplier|Use Final|Biogas2040
Atlantic,Multiplier|Use Final|Biogas,Price,multiplier_price,Residential,Biogas,,,,2045,,AtlanticMultiplier|Use Final|Biogas2045
Atlantic,Multiplier|Use Final|Biogas,Price,multiplier_price,Residential,Biogas,,,,2050,,AtlanticMultiplier|Use Final|Biogas2050
Atlantic,Multiplier|Use Final|Biomass Liquids,Price,multiplier_price,Freight Transport,Biodiesel,,,,2015,,AtlanticMultiplier|Use Final|Biomass Liquids2015
Atlantic,Multiplier|Use Final|Biomass Liquids,Price,multiplier_price,Freight Transport,Biodiesel,,,,2020,,AtlanticMultiplier|Use Final|Biomass Liquids2020
Atlantic,Multiplier|Use Final|Biomass Liquids,Price,multiplier_price,Freight Transport,Biodiesel,,,,2025,,AtlanticMultiplier|Use Final|Biomass Liquids2025
Atlantic,Multiplier|Use Final|Biomass Liquids,Price,multiplier_price,Freight Transport,Biodiesel,,,,2030,,AtlanticMultiplier|Use Final|Biomass Liquids2030
Atlantic,Multiplier|Use Final|Biomass Liquids,Price,multiplier_price,Freight Transport,Biodiesel,,,,2035,,AtlanticMultiplier|Use Final|Biomass Liquids2035
Atlantic,Multiplier|Use Final|Biomass Liquids,Price,multiplier_price,Freight Transport,Biodiesel,,,,2040,,AtlanticMultiplier|Use Final|Biomass Liquids2040
Atlantic,Multiplier|Use Final|Biomass Liquids,Price,multiplier_price,Freight Transport,Biodiesel,,,,2045,,AtlanticMultiplier|Use Final|Biomass Liquids2045
Atlantic,Multiplier|Use Final|Biomass Liquids,Price,multiplier_price,Freight Transport,Biodiesel,,,,2050,,AtlanticMultiplier|Use Final|Biomass Liquids2050
Atlantic,Multiplier|Use Final|Biomass Solids,Price,multiplier_price,Residential,Solid Biomass,,,,2015,,AtlanticMultiplier|Use Final|Biomass Solids2015
Atlantic,Multiplier|Use Final|Biomass Solids,Price,multiplier_price,Residential,Solid Biomass,,,,2020,,AtlanticMultiplier|Use Final|Biomass Solids2020
Atlantic,Multiplier|Use Final|Biomass Solids,Price,multiplier_price,Residential,Solid Biomass,,,,2025,,AtlanticMultiplier|Use Final|Biomass Solids2025
Atlantic,Multiplier|Use Final|Biomass Solids,Price,multiplier_price,Residential,Solid Biomass,,,,2030,,AtlanticMultiplier|Use Final|Biomass Solids2030
Atlantic,Multiplier|Use Final|Biomass Solids,Price,multiplier_price,Residential,Solid Biomass,,,,2035,,AtlanticMultiplier|Use Final|Biomass Solids2035
Atlantic,Multiplier|Use Final|Biomass Solids,Price,multiplier_price,Residential,Solid Biomass,,,,2040,,AtlanticMultiplier|Use Final|Biomass Solids2040
Atlantic,Multiplier|Use Final|Biomass Solids,Price,multiplier_price,Residential,Solid Biomass,,,,2045,,AtlanticMultiplier|Use Final|Biomass Solids2045
Atlantic,Multiplier|Use Final|Biomass Solids,Price,multiplier_price,Residential,Solid Biomass,,,,2050,,AtlanticMultiplier|Use Final|Biomass Solids2050
Atlantic,Multiplier|Use Final|Electricity,Price,multiplier_price,Commercial,Electricity,,,,2015,,AtlanticMultiplier|Use Final|Electricity2015
Atlantic,Multiplier|Use Final|Electricity,Price,multiplier_price,Commercial,Electricity,,,,2020,,AtlanticMultiplier|Use Final|Electricity2020
Atlantic,Multiplier|Use Final|Electricity,Price,multiplier_price,Commercial,Electricity,,,,2025,,AtlanticMultiplier|Use Final|Electricity2025
Atlantic,Multiplier|Use Final|Electricity,Price,multiplier_price,Commercial,Electricity,,,,2030,,AtlanticMultiplier|Use Final|Electricity2030
Atlantic,Multiplier|Use Final|Electricity,Price,multiplier_price,Commercial,Electricity,,,,2035,,AtlanticMultiplier|Use Final|Electricity2035
Atlantic,Multiplier|Use Final|Electricity,Price,multiplier_price,Commercial,Electricity,,,,2040,,AtlanticMultiplier|Use Final|Electricity2040
Atlantic,Multiplier|Use Final|Electricity,Price,multiplier_price,Commercial,Electricity,,,,2045,,AtlanticMultiplier|Use Final|Electricity2045
Atlantic,Multiplier|Use Final|Electricity,Price,multiplier_price,Commercial,Electricity,,,,2050,,AtlanticMultiplier|Use Final|Electricity2050
Atlantic,Multiplier|Use Final|Gas,Price,multiplier_price,Commercial,Natural Gas,,,,2015,,AtlanticMultiplier|Use Final|Gas2015
Atlantic,Multiplier|Use Final|Gas,Price,multiplier_price,Commercial,Natural Gas,,,,2020,,AtlanticMultiplier|Use Final|Gas2020
Atlantic,Multiplier|Use Final|Gas,Price,multiplier_price,Commercial,Natural Gas,,,,2025,,AtlanticMultiplier|Use Final|Gas2025
Atlantic,Multiplier|Use Final|Gas,Price,multiplier_price,Commercial,Natural Gas,,,,2030,,AtlanticMultiplier|Use Final|Gas2030
Atlantic,Multiplier|Use Final|Gas,Price,multiplier_price,Commercial,Natural Gas,,,,2035,,AtlanticMultiplier|Use Final|Gas2035
Atlantic,Multiplier|Use Final|Gas,Price,multiplier_price,Commercial,Natural Gas,,,,2040,,AtlanticMultiplier|Use Final|Gas2040
Atlantic,Multiplier|Use Final|Gas,Price,multiplier_price,Commercial,Natural Gas,,,,2045,,AtlanticMultiplier|Use Final|Gas2045
Atlantic,Multiplier|Use Final|Gas,Price,multiplier_price,Commercial,Natural Gas,,,,2050,,AtlanticMultiplier|Use Final|Gas2050
Atlantic,Multiplier|Use Final|Hydrogen,Price,multiplier_price,Light Industry,Hydrogen,,,,2015,,AtlanticMultiplier|Use Final|Hydrogen2015
Atlantic,Multiplier|Use Final|Hydrogen,Price,multiplier_price,Light Industry,Hydrogen,,,,2020,,AtlanticMultiplier|Use Final|Hydrogen2020
Atlantic,Multiplier|Use Final|Hydrogen,Price,multiplier_price,Light Industry,Hydrogen,,,,2025,,AtlanticMultiplier|Use Final|Hydrogen2025
Atlantic,Multiplier|Use Final|Hydrogen,Price,multiplier_price,Light Industry,Hydrogen,,,,2030,,AtlanticMultiplier|Use Final|Hydrogen2030
Atlantic,Multiplier|Use Final|Hydrogen,Price,multiplier_price,Light Industry,Hydrogen,,,,2035,,AtlanticMultiplier|Use Final|Hydrogen2035
Atlantic,Multiplier|Use Final|Hydrogen,Price,multiplier_price,Light Industry,Hydrogen,,,,2040,,AtlanticMultiplier|Use Final|Hydrogen2040
Atlantic,Multiplier|Use Final|Hydrogen,Price,multiplier_price,Light Industry,Hydrogen,,,,2045,,AtlanticMultiplier|Use Final|Hydrogen2045
Atlantic,Multiplier|Use Final|Hydrogen,Price,multiplier_price,Light Industry,Hydrogen,,,,2050,,AtlanticMultiplier|Use Final|Hydrogen2050
Atlantic,Multiplier|Use Final|Oil,Price,multiplier_price,Freight Transport,Diesel,,,,2015,,AtlanticMultiplier|Use Final|Oil2015
Atlantic,Multiplier|Use Final|Oil,Price,multiplier_price,Freight Transport,Diesel,,,,2020,,AtlanticMultiplier|Use Final|Oil2020
Atlantic,Multiplier|Use Final|Oil,Price,multiplier_price,Freight Transport,Diesel,,,,2025,,AtlanticMultiplier|Use Final|Oil2025
Atlantic,Multiplier|Use Final|Oil,Price,multiplier_price,Freight Transport,Diesel,,,,2030,,AtlanticMultiplier|Use Final|Oil2030
Atlantic,Multiplier|Use Final|Oil,Price,multiplier_price,Freight Transport,Diesel,,,,2035,,AtlanticMultiplier|Use Final|Oil2035
Atlantic,Multiplier|Use Final|Oil,Price,multiplier_price,Freight Transport,Diesel,,,,2040,,AtlanticMultiplier|Use Final|Oil2040
Atlantic,Multiplier|Use Final|Oil,Price,multiplier_price,Freight Transport,Diesel,,,,2045,,AtlanticMultiplier|Use Final|Oil2045
Atlantic,Multiplier|Use Final|Oil,Price,multiplier_price,Freight Transport,Diesel,,,,2050,,AtlanticMultiplier|Use Final|Oil2050
