,<-- Navigate by typing to search,,,,,,,,,,,,,,,,,,,,,,
Branch,Type,Region,Sector,Service,Technology,Parameter,Context,Sub_Context,Target,Source,Unit,2000,2005,2010,2015,2020,2025,2030,2035,2040,2045,2050,Comments
CIMS.CAN.ON,Region,ON,Natural Gas Production,,,Service requested,,,CIMS.CAN.ON.Natural Gas Production,ES,1000 m3,580000,284830.935643867,190019.194041861,124840.152001986,77917.0497626557,23980.1777323361,2938.90728582406,141.086561435635,2.84723040141503,0.02698013156175,0,
