,<-- Navigate by typing to search,,,,,,,,,,,,,,,,,,,,,,
Branch,Type,Region,Sector,Service,Technology,Parameter,Context,Sub_Context,Target,Source,Unit,2000,2005,2010,2015,2020,2025,2030,2035,2040,2045,2050,Comments
CIMS.CAN.BC,Region,BC,Industrial Minerals,,,service_request,,,CIMS.CAN.BC.Industrial Minerals,activity_data_region,tonne,2296025.44111648,2387747.34150286,1672645.71664063,2015725.52073741,1780029.52814757,1908139.97172393,2045470.64760196,2192685.14480158,2350494.81148513,2519662.1922289,2701004.71267853,
CIMS.CAN.BC.Industrial Minerals,Sector,BC,Industrial Minerals,,,service_provide,,,,activity_data_generic,tonne,,,,,,,,,,,,
CIMS.CAN.BC.Industrial Minerals,Sector,BC,Industrial Minerals,,,competition,Sector,,,,,,,,,,,,,,,,
CIMS.CAN.BC.Industrial Minerals,Sector,BC,Industrial Minerals,,,multiplier_price,,,CIMS.CAN.BC.Biodiesel,JCIMS,,1,1,1,1,1,1,1,1,1,1,1,
CIMS.CAN.BC.Industrial Minerals,Sector,BC,Industrial Minerals,,,multiplier_price,,,CIMS.Generic Fuels.Biogas,JCIMS,,1,1,1,1,1,1,1,1,1,1,1,
CIMS.CAN.BC.Industrial Minerals,Sector,BC,Industrial Minerals,,,multiplier_price,,,CIMS.Generic Fuels.Black Liquor,JCIMS,,1,1,1,1,1,1,1,1,1,1,1,
CIMS.CAN.BC.Industrial Minerals,Sector,BC,Industrial Minerals,,,multiplier_price,,,CIMS.Generic Fuels.Coal,JCIMS,,1.02504943978272,1.11911353386197,1.43884353681404,1.43884353681404,1.43884353681404,1.43884353681404,1.43884353681404,1.43884353681404,1.43884353681404,1.43884353681404,1.43884353681404,
CIMS.CAN.BC.Industrial Minerals,Sector,BC,Industrial Minerals,,,multiplier_price,,,CIMS.Generic Fuels.Coke,JCIMS,,1,1,1,1,1,1,1,1,1,1,1,
CIMS.CAN.BC.Industrial Minerals,Sector,BC,Industrial Minerals,,,multiplier_price,,,CIMS.Generic Fuels.Diesel,JCIMS,,1,1,1,1,1,1,1,1,1,1,1,
CIMS.CAN.BC.Industrial Minerals,Sector,BC,Industrial Minerals,,,multiplier_price,,,CIMS.CAN.BC.Electricity,CER,,1.3,1.3,1.3,1.3,1.3,1.3,1.3,1.3,1.3,1.3,1.3,
CIMS.CAN.BC.Industrial Minerals,Sector,BC,Industrial Minerals,,,multiplier_price,,,CIMS.CAN.BC.Ethanol,JCIMS,,1,1,1,1,1,1,1,1,1,1,1,
CIMS.CAN.BC.Industrial Minerals,Sector,BC,Industrial Minerals,,,multiplier_price,,,CIMS.Generic Fuels.Fuel Oil,CER,,1.01600537757731,1.03317649831559,1.09856517506478,1.14101941085181,1.12388540664271,1.14964163811373,1.21041992022893,1.17780522825203,1.1062466691364,1.02686919551468,0.98463639385729,
CIMS.CAN.BC.Industrial Minerals,Sector,BC,Industrial Minerals,,,multiplier_price,,,CIMS.Generic Fuels.Gasoline,JCIMS,,1,1,1,1,1,1,1,1,1,1,1,
CIMS.CAN.BC.Industrial Minerals,Sector,BC,Industrial Minerals,,,multiplier_price,,,CIMS.CAN.BC.Hydrogen,JCIMS,,1,1,1,1,1,1,1,1,1,1,1,
CIMS.CAN.BC.Industrial Minerals,Sector,BC,Industrial Minerals,,,multiplier_price,,,CIMS.Generic Fuels.Jet Fuel,JCIMS,,1,1,1,1,1,1,1,1,1,1,1,
CIMS.CAN.BC.Industrial Minerals,Sector,BC,Industrial Minerals,,,multiplier_price,,,CIMS.Generic Fuels.LPG,JCIMS,,1,1,1,1,1,1,1,1,1,1,1,
CIMS.CAN.BC.Industrial Minerals,Sector,BC,Industrial Minerals,,,multiplier_price,,,CIMS.Generic Fuels.Natural Gas,CER,,1.05573921415618,1.03443833419078,1.11300918070919,1.42691428015674,1.0697818882423,0.88454667140555,0.8598797791916,0.83982908745364,0.84061335027723,0.84224416868784,0.84462139494312,
CIMS.CAN.BC.Industrial Minerals,Sector,BC,Industrial Minerals,,,multiplier_price,,,CIMS.Generic Fuels.Petroleum Coke,JCIMS,,1,1,1,1,1,1,1,1,1,1,1,
CIMS.CAN.BC.Industrial Minerals,Sector,BC,Industrial Minerals,,,multiplier_price,,,CIMS.Generic Fuels.Propane,JCIMS,,1,1,1,1,1,1,1,1,1,1,1,
CIMS.CAN.BC.Industrial Minerals,Sector,BC,Industrial Minerals,,,multiplier_price,,,CIMS.Generic Fuels.Refinery Fuel Gas,JCIMS,,1,1,1,1,1,1,1,1,1,1,1,
CIMS.CAN.BC.Industrial Minerals,Sector,BC,Industrial Minerals,,,multiplier_price,,,CIMS.Generic Fuels.Solid Biomass,JCIMS,,1,1,1,1,1,1,1,1,1,1,1,
CIMS.CAN.BC.Industrial Minerals,Sector,BC,Industrial Minerals,,,multiplier_price,,,CIMS.Generic Fuels.Uranium,JCIMS,,1,1,1,1,1,1,1,1,1,1,1,
CIMS.CAN.BC.Industrial Minerals,Sector,BC,Industrial Minerals,,,multiplier_price,,,CIMS.Generic Fuels.Waste Fuel,JCIMS,,1,1,1,1,1,1,1,1,1,1,1,
CIMS.CAN.BC.Industrial Minerals,Sector,BC,Industrial Minerals,,,service_request,,,CIMS.CAN.BC.Industrial Minerals.Products,activity_data_generic,tonne,1,1,1,1,1,1,1,1,1,1,1,
CIMS.CAN.BC.Industrial Minerals.Products,Service,BC,Industrial Minerals,Products,,service_provide,,,,activity_data_generic,tonne,,,,,,,,,,,,
CIMS.CAN.BC.Industrial Minerals.Products,Service,BC,Industrial Minerals,Products,,competition,Fixed Ratio,,,,,,,,,,,,,,,,
CIMS.CAN.BC.Industrial Minerals.Products,Service,BC,Industrial Minerals,Products,,service_request,,,CIMS.CAN.BC.Industrial Minerals.Products.Cement,activity_data_region,tonne,0.86939682459381,0.88832663080403,0.88966919085905,0.89247657874146,0.89399974552923,0.89590277788839,0.89728623511792,0.89883404562796,0.90036017109569,0.90036017109569,0.90036017109569,
CIMS.CAN.BC.Industrial Minerals.Products,Service,BC,Industrial Minerals,Products,,service_request,,,CIMS.CAN.BC.Industrial Minerals.Products.Lime,activity_data_region,tonne,0.13060317540619,0.11167336919597,0.11033080914095,0.10752342125854,0.10600025447077,0.10409722211161,0.10271376488208,0.10116595437204,0.09963982890431,0.09963982890431,0.09963982890431,
CIMS.CAN.BC.Industrial Minerals.Products,Service,BC,Industrial Minerals,Products,,service_request,,,CIMS.CAN.BC.Industrial Minerals.Products.Glass,activity_data_region,tonne,0,0,0,0,0,0,0,0,0,0,0,
CIMS.CAN.BC.Industrial Minerals.Products,Service,BC,Industrial Minerals,Products,,service_request,,,CIMS.CAN.BC.Industrial Minerals.Products.Bricks,activity_data_region,tonne,0,0,0,0,0,0,0,0,0,0,0,
CIMS.CAN.BC.Industrial Minerals.Products.Cement,Service,BC,Industrial Minerals,Cement,,service_provide,,,,activity_data_generic,tonne,,,,,,,,,,,,
CIMS.CAN.BC.Industrial Minerals.Products.Cement,Service,BC,Industrial Minerals,Cement,,competition,Tech Compete,,,,,,,,,,,,,,,,
CIMS.CAN.BC.Industrial Minerals.Products.Cement,Service,BC,Industrial Minerals,Cement,,discount_rate_financial,,,,tech_data_generic,%,0.35,0.35,0.35,0.35,0.35,0.35,0.35,0.35,0.35,0.35,0.35,
CIMS.CAN.BC.Industrial Minerals.Products.Cement,Service,BC,Industrial Minerals,Cement,,heterogeneity,,,,tech_data_generic,,10,10,10,10,10,10,10,10,10,10,10,
CIMS.CAN.BC.Industrial Minerals.Products.Cement,Service,BC,Industrial Minerals,Cement,Std process,technology,,,,,,,,,,,,,,,,,
CIMS.CAN.BC.Industrial Minerals.Products.Cement,Service,BC,Industrial Minerals,Cement,Std process,available,,,,tech_data_generic,Year,1950,1950,1950,1950,1950,1950,1950,1950,1950,1950,1950,
CIMS.CAN.BC.Industrial Minerals.Products.Cement,Service,BC,Industrial Minerals,Cement,Std process,unavailable,,,,tech_data_generic,Year,2101,2101,2101,2101,2101,2101,2101,2101,2101,2101,2101,
CIMS.CAN.BC.Industrial Minerals.Products.Cement,Service,BC,Industrial Minerals,Cement,Std process,lifetime,,,,tech_data_generic,Years,1,1,1,1,1,1,1,1,1,1,1,
CIMS.CAN.BC.Industrial Minerals.Products.Cement,Service,BC,Industrial Minerals,Cement,Std process,market_share_total,,,,tech_data_region,%,1,,,,,,,,,,,
CIMS.CAN.BC.Industrial Minerals.Products.Cement,Service,BC,Industrial Minerals,Cement,Std process,output,,,,tech_data_generic,node unit,620000,620000,620000,620000,620000,620000,620000,620000,620000,620000,620000,
CIMS.CAN.BC.Industrial Minerals.Products.Cement,Service,BC,Industrial Minerals,Cement,Std process,fcc,,,,tech_data_generic,$,0,0,0,0,0,0,0,0,0,0,0,
CIMS.CAN.BC.Industrial Minerals.Products.Cement,Service,BC,Industrial Minerals,Cement,Std process,fom,,,,tech_data_generic,$,0,0,0,0,0,0,0,0,0,0,0,
CIMS.CAN.BC.Industrial Minerals.Products.Cement,Service,BC,Industrial Minerals,Cement,Std process,service_request,,,CIMS.CAN.BC.Industrial Minerals.Products.Cement.Portland cement,tech_multi_generic,tonne,1,1,1,1,1,1,1,1,1,1,1,
CIMS.CAN.BC.Industrial Minerals.Products.Cement,Service,BC,Industrial Minerals,Cement,Std process,service_request,,,CIMS.CAN.BC.Industrial Minerals.HVAC,tech_multi_generic,GJ,0.005,0.005,0.005,0.005,0.005,0.005,0.005,0.005,0.005,0.005,0.005,
CIMS.CAN.BC.Industrial Minerals.Products.Cement,Service,BC,Industrial Minerals,Cement,Std process,service_request,,,CIMS.CAN.BC.Industrial Minerals.Lighting,tech_multi_generic,GJ,0.005,0.005,0.005,0.005,0.005,0.005,0.005,0.005,0.005,0.005,0.005,
CIMS.CAN.BC.Industrial Minerals.Products.Cement,Service,BC,Industrial Minerals,Cement,Carbon curing,technology,,,,,,,,,,,,,,,,,
CIMS.CAN.BC.Industrial Minerals.Products.Cement,Service,BC,Industrial Minerals,Cement,Carbon curing,available,,,,tech_data_generic,Year,2020,2020,2020,2020,2020,2020,2020,2020,2020,2020,2020,
CIMS.CAN.BC.Industrial Minerals.Products.Cement,Service,BC,Industrial Minerals,Cement,Carbon curing,unavailable,,,,tech_data_generic,Year,2101,2101,2101,2101,2101,2101,2101,2101,2101,2101,2101,
CIMS.CAN.BC.Industrial Minerals.Products.Cement,Service,BC,Industrial Minerals,Cement,Carbon curing,lifetime,,,,tech_data_generic,Years,30,30,30,30,30,30,30,30,30,30,30,
CIMS.CAN.BC.Industrial Minerals.Products.Cement,Service,BC,Industrial Minerals,Cement,Carbon curing,market_share_total,,,,tech_data_region,%,0,,,,,,,,,,,
CIMS.CAN.BC.Industrial Minerals.Products.Cement,Service,BC,Industrial Minerals,Cement,Carbon curing,output,,,,tech_data_generic,node unit,1,1,1,1,1,1,1,1,1,1,1,
CIMS.CAN.BC.Industrial Minerals.Products.Cement,Service,BC,Industrial Minerals,Cement,Carbon curing,fcc,,,,tech_data_generic,$,0,0,0,0,0,0,0,0,0,0,0,
CIMS.CAN.BC.Industrial Minerals.Products.Cement,Service,BC,Industrial Minerals,Cement,Carbon curing,fom,,,,tech_data_generic,$,23.7,23.7,23.7,23.7,23.7,23.7,23.7,23.7,23.7,23.7,23.7,
CIMS.CAN.BC.Industrial Minerals.Products.Cement,Service,BC,Industrial Minerals,Cement,Carbon curing,service_request,,,CIMS.CAN.BC.Industrial Minerals.Products.Cement.Portland cement,tech_multi_generic,tonne,0.92,0.92,0.92,0.92,0.92,0.92,0.92,0.92,0.92,0.92,0.92,
CIMS.CAN.BC.Industrial Minerals.Products.Cement,Service,BC,Industrial Minerals,Cement,Carbon curing,service_request,,,CIMS.CAN.BC.Industrial Minerals.HVAC,tech_multi_generic,GJ,0.005,0.005,0.005,0.005,0.005,0.005,0.005,0.005,0.005,0.005,0.005,
CIMS.CAN.BC.Industrial Minerals.Products.Cement,Service,BC,Industrial Minerals,Cement,Carbon curing,service_request,,,CIMS.CAN.BC.Industrial Minerals.Lighting,tech_multi_generic,GJ,0.005,0.005,0.005,0.005,0.005,0.005,0.005,0.005,0.005,0.005,0.005,
CIMS.CAN.BC.Industrial Minerals.Products.Cement,Service,BC,Industrial Minerals,Cement,Carbon curing,emissions,CO2,Process,,tech_multi_generic,tCO2,-0.10416,-0.10416,-0.10416,-0.10416,-0.10416,-0.10416,-0.10416,-0.10416,-0.10416,-0.10416,-0.10416,
CIMS.CAN.BC.Industrial Minerals.Products.Cement,Service,BC,Industrial Minerals,Cement,Increased clinker substitution,technology,,,,,,,,,,,,,,,,,
CIMS.CAN.BC.Industrial Minerals.Products.Cement,Service,BC,Industrial Minerals,Cement,Increased clinker substitution,available,,,,tech_data_generic,Year,2020,2020,2020,2020,2020,2020,2020,2020,2020,2020,2020,
CIMS.CAN.BC.Industrial Minerals.Products.Cement,Service,BC,Industrial Minerals,Cement,Increased clinker substitution,unavailable,,,,tech_data_generic,Year,2101,2101,2101,2101,2101,2101,2101,2101,2101,2101,2101,
CIMS.CAN.BC.Industrial Minerals.Products.Cement,Service,BC,Industrial Minerals,Cement,Increased clinker substitution,lifetime,,,,tech_data_generic,Years,1,1,1,1,1,1,1,1,1,1,1,
CIMS.CAN.BC.Industrial Minerals.Products.Cement,Service,BC,Industrial Minerals,Cement,Increased clinker substitution,market_share_total,,,,tech_data_region,%,0,,,,,,,,,,,
CIMS.CAN.BC.Industrial Minerals.Products.Cement,Service,BC,Industrial Minerals,Cement,Increased clinker substitution,market_share_new_max,,,,tech_multi_generic,%,0,0,0,0,0.3,0.3,0.33,0.33,0.37,0.37,0.4,
CIMS.CAN.BC.Industrial Minerals.Products.Cement,Service,BC,Industrial Minerals,Cement,Increased clinker substitution,output,,,,tech_data_generic,node unit,620000,620000,620000,620000,620000,620000,620000,620000,620000,620000,620000,
CIMS.CAN.BC.Industrial Minerals.Products.Cement,Service,BC,Industrial Minerals,Cement,Increased clinker substitution,fcc,,,,tech_data_generic,$,6204097.37,6204097.37,6204097.37,6204097.37,6204097.37,6204097.37,6204097.37,6204097.37,6204097.37,6204097.37,6204097.37,
CIMS.CAN.BC.Industrial Minerals.Products.Cement,Service,BC,Industrial Minerals,Cement,Increased clinker substitution,fom,,,,tech_data_generic,$,311937.8566,311937.8566,311937.8566,311937.8566,311937.8566,311937.8566,311937.8566,311937.8566,311937.8566,311937.8566,311937.8566,
CIMS.CAN.BC.Industrial Minerals.Products.Cement,Service,BC,Industrial Minerals,Cement,Increased clinker substitution,service_request,,,CIMS.CAN.BC.Industrial Minerals.Products.Cement.Portland cement,tech_multi_generic,tonne,0.88,0.88,0.88,0.88,0.88,0.88,0.88,0.88,0.88,0.88,0.88,
CIMS.CAN.BC.Industrial Minerals.Products.Cement,Service,BC,Industrial Minerals,Cement,Increased clinker substitution,service_request,,,CIMS.CAN.BC.Industrial Minerals.HVAC,tech_multi_generic,GJ,0.005,0.005,0.005,0.005,0.005,0.005,0.005,0.005,0.005,0.005,0.005,
CIMS.CAN.BC.Industrial Minerals.Products.Cement,Service,BC,Industrial Minerals,Cement,Increased clinker substitution,service_request,,,CIMS.CAN.BC.Industrial Minerals.Lighting,tech_multi_generic,GJ,0.005,0.005,0.005,0.005,0.005,0.005,0.005,0.005,0.005,0.005,0.005,
CIMS.CAN.BC.Industrial Minerals.Products.Cement.Portland cement,Service,BC,Industrial Minerals,Portland cement,,service_provide,,,,activity_data_generic,tonne,,,,,,,,,,,,
CIMS.CAN.BC.Industrial Minerals.Products.Cement.Portland cement,Service,BC,Industrial Minerals,Portland cement,,competition,Fixed Ratio,,,,,,,,,,,,,,,,
CIMS.CAN.BC.Industrial Minerals.Products.Cement.Portland cement,Service,BC,Industrial Minerals,Portland cement,,service_request,,,CIMS.CAN.BC.Industrial Minerals.Products.Cement.Portland cement.Clinker,activity_data_region,tonne,1.15,1.15,1.15,1.15,1.15,1.15,1.15,1.15,1.15,1.15,1.15,
CIMS.CAN.BC.Industrial Minerals.Products.Cement.Portland cement,Service,BC,Industrial Minerals,Portland cement,,service_request,,,CIMS.CAN.BC.Industrial Minerals.Products.Cement.Portland cement.Finish Grinding,activity_data_region,tonne,0.98,0.9799999995688,0.9799999995688,0.9799999995688,0.9799999995688,0.9799999995688,0.9799999995688,0.9799999995688,0.9799999995688,0.9799999995688,0.9799999995688,
CIMS.CAN.BC.Industrial Minerals.Products.Cement.Portland cement.Clinker,Service,BC,Industrial Minerals,Clinker,,service_provide,,,,activity_data_generic,tonne,,,,,,,,,,,,
CIMS.CAN.BC.Industrial Minerals.Products.Cement.Portland cement.Clinker,Service,BC,Industrial Minerals,Clinker,,competition,Fixed Ratio,,,,,,,,,,,,,,,,
CIMS.CAN.BC.Industrial Minerals.Products.Cement.Portland cement.Clinker,Service,BC,Industrial Minerals,Clinker,,service_request,,,CIMS.CAN.BC.Industrial Minerals.Products.Cement.Portland cement.Clinker.Dry process rotary kiln,activity_data_region,tonne,1,1,1,1,1,1,1,1,1,1,1,
CIMS.CAN.BC.Industrial Minerals.Products.Cement.Portland cement.Clinker,Service,BC,Industrial Minerals,Clinker,,service_request,,,CIMS.CAN.BC.Industrial Minerals.Products.Cement.Portland cement.Clinker.Fluidized bed,activity_data_region,tonne,0,0,0,0,0,0,0,0,0,0,0,
CIMS.CAN.BC.Industrial Minerals.Products.Cement.Portland cement.Clinker.Dry process rotary kiln,Service,BC,Industrial Minerals,Dry process rotary kiln,,service_provide,,,,activity_data_generic,tonne,,,,,,,,,,,,
CIMS.CAN.BC.Industrial Minerals.Products.Cement.Portland cement.Clinker.Dry process rotary kiln,Service,BC,Industrial Minerals,Dry process rotary kiln,,competition,Tech Compete,,,,,,,,,,,,,,,,
CIMS.CAN.BC.Industrial Minerals.Products.Cement.Portland cement.Clinker.Dry process rotary kiln,Service,BC,Industrial Minerals,Dry process rotary kiln,,discount_rate_financial,,,,tech_data_generic,%,0.35,0.35,0.35,0.35,0.35,0.35,0.35,0.35,0.35,0.35,0.35,
CIMS.CAN.BC.Industrial Minerals.Products.Cement.Portland cement.Clinker.Dry process rotary kiln,Service,BC,Industrial Minerals,Dry process rotary kiln,,heterogeneity,,,,tech_data_generic,,10,10,10,10,10,10,10,10,10,10,10,
CIMS.CAN.BC.Industrial Minerals.Products.Cement.Portland cement.Clinker.Dry process rotary kiln,Service,BC,Industrial Minerals,Dry process rotary kiln,Std process,technology,,,,,,,,,,,,,,,,,
CIMS.CAN.BC.Industrial Minerals.Products.Cement.Portland cement.Clinker.Dry process rotary kiln,Service,BC,Industrial Minerals,Dry process rotary kiln,Std process,available,,,,tech_data_generic,Year,1950,1950,1950,1950,1950,1950,1950,1950,1950,1950,1950,
CIMS.CAN.BC.Industrial Minerals.Products.Cement.Portland cement.Clinker.Dry process rotary kiln,Service,BC,Industrial Minerals,Dry process rotary kiln,Std process,unavailable,,,,tech_data_generic,Year,2101,2101,2101,2101,2101,2101,2101,2101,2101,2101,2101,
CIMS.CAN.BC.Industrial Minerals.Products.Cement.Portland cement.Clinker.Dry process rotary kiln,Service,BC,Industrial Minerals,Dry process rotary kiln,Std process,lifetime,,,,tech_data_generic,Years,30,30,30,30,30,30,30,30,30,30,30,
CIMS.CAN.BC.Industrial Minerals.Products.Cement.Portland cement.Clinker.Dry process rotary kiln,Service,BC,Industrial Minerals,Dry process rotary kiln,Std process,market_share_total,,,,tech_data_region,%,0,,,,,,,,,,,
CIMS.CAN.BC.Industrial Minerals.Products.Cement.Portland cement.Clinker.Dry process rotary kiln,Service,BC,Industrial Minerals,Dry process rotary kiln,Std process,output,,,,tech_data_generic,node unit,620000,620000,620000,620000,620000,620000,620000,620000,620000,620000,620000,
CIMS.CAN.BC.Industrial Minerals.Products.Cement.Portland cement.Clinker.Dry process rotary kiln,Service,BC,Industrial Minerals,Dry process rotary kiln,Std process,fcc,,,,tech_data_generic,$,124541193.340756,124541193.340756,124541193.340756,124541193.340756,124541193.340756,124541193.340756,124541193.340756,124541193.340756,124541193.340756,124541193.340756,124541193.340756,
CIMS.CAN.BC.Industrial Minerals.Products.Cement.Portland cement.Clinker.Dry process rotary kiln,Service,BC,Industrial Minerals,Dry process rotary kiln,Std process,fom,,,,tech_data_generic,$,5142356.49525907,5142356.49525907,5142356.49525907,5142356.49525907,5142356.49525907,5142356.49525907,5142356.49525907,5142356.49525907,5142356.49525907,5142356.49525907,5142356.49525907,
CIMS.CAN.BC.Industrial Minerals.Products.Cement.Portland cement.Clinker.Dry process rotary kiln,Service,BC,Industrial Minerals,Dry process rotary kiln,Std process,service_request,,,CIMS.CAN.BC.Industrial Minerals.Products.Cement.Portland cement.Dry Ground Cement,tech_multi_generic,tonne,1.6,1.6,1.6,1.6,1.6,1.6,1.6,1.6,1.6,1.6,1.6,
CIMS.CAN.BC.Industrial Minerals.Products.Cement.Portland cement.Clinker.Dry process rotary kiln,Service,BC,Industrial Minerals,Dry process rotary kiln,Std process,service_request,,,CIMS.CAN.BC.Industrial Minerals.Heat,tech_multi_generic,GJ,3.636,3.636,3.636,3.636,3.636,3.636,3.636,3.636,3.636,3.636,3.636,
CIMS.CAN.BC.Industrial Minerals.Products.Cement.Portland cement.Clinker.Dry process rotary kiln,Service,BC,Industrial Minerals,Dry process rotary kiln,Std process,service_request,,,CIMS.CAN.BC.Industrial Minerals.Ventilation,tech_multi_generic,GJ,0.006,0.006,0.006,0.006,0.006,0.006,0.006,0.006,0.006,0.006,0.006,
CIMS.CAN.BC.Industrial Minerals.Products.Cement.Portland cement.Clinker.Dry process rotary kiln,Service,BC,Industrial Minerals,Dry process rotary kiln,Std process,service_request,,,CIMS.CAN.BC.Industrial Minerals.Direct Drive,tech_multi_generic,GJ,0.123,0.123,0.123,0.123,0.123,0.123,0.123,0.123,0.123,0.123,0.123,
CIMS.CAN.BC.Industrial Minerals.Products.Cement.Portland cement.Clinker.Dry process rotary kiln,Service,BC,Industrial Minerals,Dry process rotary kiln,Std process,emissions,CO2,Process,,tech_multi_generic,tCO2,0.440869565,0.440869565,0.440869565,0.440869565,0.440869565,0.440869565,0.440869565,0.440869565,0.440869565,0.440869565,0.440869565,
CIMS.CAN.BC.Industrial Minerals.Products.Cement.Portland cement.Clinker.Dry process rotary kiln,Service,BC,Industrial Minerals,Dry process rotary kiln,Std Eff retro,technology,,,,,,,,,,,,,,,,,
CIMS.CAN.BC.Industrial Minerals.Products.Cement.Portland cement.Clinker.Dry process rotary kiln,Service,BC,Industrial Minerals,Dry process rotary kiln,Std Eff retro,available,,,,tech_data_generic,Year,1989,1989,1989,1989,1989,1989,1989,1989,1989,1989,1989,
CIMS.CAN.BC.Industrial Minerals.Products.Cement.Portland cement.Clinker.Dry process rotary kiln,Service,BC,Industrial Minerals,Dry process rotary kiln,Std Eff retro,unavailable,,,,tech_data_generic,Year,2101,2101,2101,2101,2101,2101,2101,2101,2101,2101,2101,
CIMS.CAN.BC.Industrial Minerals.Products.Cement.Portland cement.Clinker.Dry process rotary kiln,Service,BC,Industrial Minerals,Dry process rotary kiln,Std Eff retro,lifetime,,,,tech_data_generic,Years,30,30,30,30,30,30,30,30,30,30,30,
CIMS.CAN.BC.Industrial Minerals.Products.Cement.Portland cement.Clinker.Dry process rotary kiln,Service,BC,Industrial Minerals,Dry process rotary kiln,Std Eff retro,market_share_total,,,,tech_data_region,%,0,,,,,,,,,,,
CIMS.CAN.BC.Industrial Minerals.Products.Cement.Portland cement.Clinker.Dry process rotary kiln,Service,BC,Industrial Minerals,Dry process rotary kiln,Std Eff retro,output,,,,tech_data_generic,node unit,620000,620000,620000,620000,620000,620000,620000,620000,620000,620000,620000,
CIMS.CAN.BC.Industrial Minerals.Products.Cement.Portland cement.Clinker.Dry process rotary kiln,Service,BC,Industrial Minerals,Dry process rotary kiln,Std Eff retro,fcc,,,,tech_data_generic,$,125236017.414407,125236017.414407,125236017.414407,125236017.414407,125236017.414407,125236017.414407,125236017.414407,125236017.414407,125236017.414407,125236017.414407,125236017.414407,
CIMS.CAN.BC.Industrial Minerals.Products.Cement.Portland cement.Clinker.Dry process rotary kiln,Service,BC,Industrial Minerals,Dry process rotary kiln,Std Eff retro,fom,,,,tech_data_generic,$,5258564.05458173,5258564.05458173,5258564.05458173,5258564.05458173,5258564.05458173,5258564.05458173,5258564.05458173,5258564.05458173,5258564.05458173,5258564.05458173,5258564.05458173,
CIMS.CAN.BC.Industrial Minerals.Products.Cement.Portland cement.Clinker.Dry process rotary kiln,Service,BC,Industrial Minerals,Dry process rotary kiln,Std Eff retro,service_request,,,CIMS.CAN.BC.Industrial Minerals.Products.Cement.Portland cement.Dry Ground Cement,tech_multi_generic,tonne,1.6,1.6,1.6,1.6,1.6,1.6,1.6,1.6,1.6,1.6,1.6,
CIMS.CAN.BC.Industrial Minerals.Products.Cement.Portland cement.Clinker.Dry process rotary kiln,Service,BC,Industrial Minerals,Dry process rotary kiln,Std Eff retro,service_request,,,CIMS.CAN.BC.Industrial Minerals.Heat,tech_multi_generic,GJ,3.456,3.456,3.456,3.456,3.456,3.456,3.456,3.456,3.456,3.456,3.456,
CIMS.CAN.BC.Industrial Minerals.Products.Cement.Portland cement.Clinker.Dry process rotary kiln,Service,BC,Industrial Minerals,Dry process rotary kiln,Std Eff retro,service_request,,,CIMS.CAN.BC.Industrial Minerals.Ventilation,tech_multi_generic,GJ,0.006,0.006,0.006,0.006,0.006,0.006,0.006,0.006,0.006,0.006,0.006,
CIMS.CAN.BC.Industrial Minerals.Products.Cement.Portland cement.Clinker.Dry process rotary kiln,Service,BC,Industrial Minerals,Dry process rotary kiln,Std Eff retro,service_request,,,CIMS.CAN.BC.Industrial Minerals.Direct Drive,tech_multi_generic,GJ,0.123,0.123,0.123,0.123,0.123,0.123,0.123,0.123,0.123,0.123,0.123,
CIMS.CAN.BC.Industrial Minerals.Products.Cement.Portland cement.Clinker.Dry process rotary kiln,Service,BC,Industrial Minerals,Dry process rotary kiln,Std Eff retro,emissions,CO2,Process,,tech_multi_generic,tCO2,0.440869565,0.440869565,0.440869565,0.440869565,0.440869565,0.440869565,0.440869565,0.440869565,0.440869565,0.440869565,0.440869565,
CIMS.CAN.BC.Industrial Minerals.Products.Cement.Portland cement.Clinker.Dry process rotary kiln,Service,BC,Industrial Minerals,Dry process rotary kiln,Std preheat retro,technology,,,,,,,,,,,,,,,,,
CIMS.CAN.BC.Industrial Minerals.Products.Cement.Portland cement.Clinker.Dry process rotary kiln,Service,BC,Industrial Minerals,Dry process rotary kiln,Std preheat retro,available,,,,tech_data_generic,Year,1989,1989,1989,1989,1989,1989,1989,1989,1989,1989,1989,
CIMS.CAN.BC.Industrial Minerals.Products.Cement.Portland cement.Clinker.Dry process rotary kiln,Service,BC,Industrial Minerals,Dry process rotary kiln,Std preheat retro,unavailable,,,,tech_data_generic,Year,2101,2101,2101,2101,2101,2101,2101,2101,2101,2101,2101,
CIMS.CAN.BC.Industrial Minerals.Products.Cement.Portland cement.Clinker.Dry process rotary kiln,Service,BC,Industrial Minerals,Dry process rotary kiln,Std preheat retro,lifetime,,,,tech_data_generic,Years,30,30,30,30,30,30,30,30,30,30,30,
CIMS.CAN.BC.Industrial Minerals.Products.Cement.Portland cement.Clinker.Dry process rotary kiln,Service,BC,Industrial Minerals,Dry process rotary kiln,Std preheat retro,market_share_total,,,,tech_data_region,%,0,,,,,,,,,,,
CIMS.CAN.BC.Industrial Minerals.Products.Cement.Portland cement.Clinker.Dry process rotary kiln,Service,BC,Industrial Minerals,Dry process rotary kiln,Std preheat retro,output,,,,tech_data_generic,node unit,620000,620000,620000,620000,620000,620000,620000,620000,620000,620000,620000,
CIMS.CAN.BC.Industrial Minerals.Products.Cement.Portland cement.Clinker.Dry process rotary kiln,Service,BC,Industrial Minerals,Dry process rotary kiln,Std preheat retro,fcc,,,,tech_data_generic,$,131489427.917369,131489427.917369,131489427.917369,131489427.917369,131489427.917369,131489427.917369,131489427.917369,131489427.917369,131489427.917369,131489427.917369,131489427.917369,
CIMS.CAN.BC.Industrial Minerals.Products.Cement.Portland cement.Clinker.Dry process rotary kiln,Service,BC,Industrial Minerals,Dry process rotary kiln,Std preheat retro,fom,,,,tech_data_generic,$,5142356.49525907,5142356.49525907,5142356.49525907,5142356.49525907,5142356.49525907,5142356.49525907,5142356.49525907,5142356.49525907,5142356.49525907,5142356.49525907,5142356.49525907,
CIMS.CAN.BC.Industrial Minerals.Products.Cement.Portland cement.Clinker.Dry process rotary kiln,Service,BC,Industrial Minerals,Dry process rotary kiln,Std preheat retro,service_request,,,CIMS.CAN.BC.Industrial Minerals.Products.Cement.Portland cement.Dry Ground Cement,tech_multi_generic,tonne,1.6,1.6,1.6,1.6,1.6,1.6,1.6,1.6,1.6,1.6,1.6,
CIMS.CAN.BC.Industrial Minerals.Products.Cement.Portland cement.Clinker.Dry process rotary kiln,Service,BC,Industrial Minerals,Dry process rotary kiln,Std preheat retro,service_request,,,CIMS.CAN.BC.Industrial Minerals.Heat,tech_multi_generic,GJ,3.39966,3.39966,3.39966,3.39966,3.39966,3.39966,3.39966,3.39966,3.39966,3.39966,3.39966,
CIMS.CAN.BC.Industrial Minerals.Products.Cement.Portland cement.Clinker.Dry process rotary kiln,Service,BC,Industrial Minerals,Dry process rotary kiln,Std preheat retro,service_request,,,CIMS.CAN.BC.Industrial Minerals.Ventilation,tech_multi_generic,GJ,0.006,0.006,0.006,0.006,0.006,0.006,0.006,0.006,0.006,0.006,0.006,
CIMS.CAN.BC.Industrial Minerals.Products.Cement.Portland cement.Clinker.Dry process rotary kiln,Service,BC,Industrial Minerals,Dry process rotary kiln,Std preheat retro,service_request,,,CIMS.CAN.BC.Industrial Minerals.Direct Drive,tech_multi_generic,GJ,0.123,0.123,0.123,0.123,0.123,0.123,0.123,0.123,0.123,0.123,0.123,
CIMS.CAN.BC.Industrial Minerals.Products.Cement.Portland cement.Clinker.Dry process rotary kiln,Service,BC,Industrial Minerals,Dry process rotary kiln,Std preheat retro,emissions,CO2,Process,,tech_multi_generic,tCO2,0.440869565,0.440869565,0.440869565,0.440869565,0.440869565,0.440869565,0.440869565,0.440869565,0.440869565,0.440869565,0.440869565,
CIMS.CAN.BC.Industrial Minerals.Products.Cement.Portland cement.Clinker.Dry process rotary kiln,Service,BC,Industrial Minerals,Dry process rotary kiln,Std preheat Eff retro,technology,,,,,,,,,,,,,,,,,
CIMS.CAN.BC.Industrial Minerals.Products.Cement.Portland cement.Clinker.Dry process rotary kiln,Service,BC,Industrial Minerals,Dry process rotary kiln,Std preheat Eff retro,available,,,,tech_data_generic,Year,1989,1989,1989,1989,1989,1989,1989,1989,1989,1989,1989,
CIMS.CAN.BC.Industrial Minerals.Products.Cement.Portland cement.Clinker.Dry process rotary kiln,Service,BC,Industrial Minerals,Dry process rotary kiln,Std preheat Eff retro,unavailable,,,,tech_data_generic,Year,2101,2101,2101,2101,2101,2101,2101,2101,2101,2101,2101,
CIMS.CAN.BC.Industrial Minerals.Products.Cement.Portland cement.Clinker.Dry process rotary kiln,Service,BC,Industrial Minerals,Dry process rotary kiln,Std preheat Eff retro,lifetime,,,,tech_data_generic,Years,30,30,30,30,30,30,30,30,30,30,30,
CIMS.CAN.BC.Industrial Minerals.Products.Cement.Portland cement.Clinker.Dry process rotary kiln,Service,BC,Industrial Minerals,Dry process rotary kiln,Std preheat Eff retro,market_share_total,,,,tech_data_region,%,0,,,,,,,,,,,
CIMS.CAN.BC.Industrial Minerals.Products.Cement.Portland cement.Clinker.Dry process rotary kiln,Service,BC,Industrial Minerals,Dry process rotary kiln,Std preheat Eff retro,output,,,,tech_data_generic,node unit,620000,620000,620000,620000,620000,620000,620000,620000,620000,620000,620000,
CIMS.CAN.BC.Industrial Minerals.Products.Cement.Portland cement.Clinker.Dry process rotary kiln,Service,BC,Industrial Minerals,Dry process rotary kiln,Std preheat Eff retro,fcc,,,,tech_data_generic,$,132184251.925323,132184251.925323,132184251.925323,132184251.925323,132184251.925323,132184251.925323,132184251.925323,132184251.925323,132184251.925323,132184251.925323,132184251.925323,
CIMS.CAN.BC.Industrial Minerals.Products.Cement.Portland cement.Clinker.Dry process rotary kiln,Service,BC,Industrial Minerals,Dry process rotary kiln,Std preheat Eff retro,fom,,,,tech_data_generic,$,5258564.05458173,5258564.05458173,5258564.05458173,5258564.05458173,5258564.05458173,5258564.05458173,5258564.05458173,5258564.05458173,5258564.05458173,5258564.05458173,5258564.05458173,
CIMS.CAN.BC.Industrial Minerals.Products.Cement.Portland cement.Clinker.Dry process rotary kiln,Service,BC,Industrial Minerals,Dry process rotary kiln,Std preheat Eff retro,service_request,,,CIMS.CAN.BC.Industrial Minerals.Products.Cement.Portland cement.Dry Ground Cement,tech_multi_generic,tonne,1.6,1.6,1.6,1.6,1.6,1.6,1.6,1.6,1.6,1.6,1.6,
CIMS.CAN.BC.Industrial Minerals.Products.Cement.Portland cement.Clinker.Dry process rotary kiln,Service,BC,Industrial Minerals,Dry process rotary kiln,Std preheat Eff retro,service_request,,,CIMS.CAN.BC.Industrial Minerals.Heat,tech_multi_generic,GJ,3.21966,3.21966,3.21966,3.21966,3.21966,3.21966,3.21966,3.21966,3.21966,3.21966,3.21966,
CIMS.CAN.BC.Industrial Minerals.Products.Cement.Portland cement.Clinker.Dry process rotary kiln,Service,BC,Industrial Minerals,Dry process rotary kiln,Std preheat Eff retro,service_request,,,CIMS.CAN.BC.Industrial Minerals.Ventilation,tech_multi_generic,GJ,0.006,0.006,0.006,0.006,0.006,0.006,0.006,0.006,0.006,0.006,0.006,
CIMS.CAN.BC.Industrial Minerals.Products.Cement.Portland cement.Clinker.Dry process rotary kiln,Service,BC,Industrial Minerals,Dry process rotary kiln,Std preheat Eff retro,service_request,,,CIMS.CAN.BC.Industrial Minerals.Direct Drive,tech_multi_generic,GJ,0.123,0.123,0.123,0.123,0.123,0.123,0.123,0.123,0.123,0.123,0.123,
CIMS.CAN.BC.Industrial Minerals.Products.Cement.Portland cement.Clinker.Dry process rotary kiln,Service,BC,Industrial Minerals,Dry process rotary kiln,Std preheat Eff retro,emissions,CO2,Process,,tech_multi_generic,tCO2,0.440869565,0.440869565,0.440869565,0.440869565,0.440869565,0.440869565,0.440869565,0.440869565,0.440869565,0.440869565,0.440869565,
CIMS.CAN.BC.Industrial Minerals.Products.Cement.Portland cement.Clinker.Dry process rotary kiln,Service,BC,Industrial Minerals,Dry process rotary kiln,Std preheat and precalcining retro,technology,,,,,,,,,,,,,,,,,
CIMS.CAN.BC.Industrial Minerals.Products.Cement.Portland cement.Clinker.Dry process rotary kiln,Service,BC,Industrial Minerals,Dry process rotary kiln,Std preheat and precalcining retro,available,,,,tech_data_generic,Year,1989,1989,1989,1989,1989,1989,1989,1989,1989,1989,1989,
CIMS.CAN.BC.Industrial Minerals.Products.Cement.Portland cement.Clinker.Dry process rotary kiln,Service,BC,Industrial Minerals,Dry process rotary kiln,Std preheat and precalcining retro,unavailable,,,,tech_data_generic,Year,2101,2101,2101,2101,2101,2101,2101,2101,2101,2101,2101,
CIMS.CAN.BC.Industrial Minerals.Products.Cement.Portland cement.Clinker.Dry process rotary kiln,Service,BC,Industrial Minerals,Dry process rotary kiln,Std preheat and precalcining retro,lifetime,,,,tech_data_generic,Years,30,30,30,30,30,30,30,30,30,30,30,
CIMS.CAN.BC.Industrial Minerals.Products.Cement.Portland cement.Clinker.Dry process rotary kiln,Service,BC,Industrial Minerals,Dry process rotary kiln,Std preheat and precalcining retro,market_share_total,,,,tech_data_region,%,0,,,,,,,,,,,
CIMS.CAN.BC.Industrial Minerals.Products.Cement.Portland cement.Clinker.Dry process rotary kiln,Service,BC,Industrial Minerals,Dry process rotary kiln,Std preheat and precalcining retro,output,,,,tech_data_generic,node unit,620000,620000,620000,620000,620000,620000,620000,620000,620000,620000,620000,
CIMS.CAN.BC.Industrial Minerals.Products.Cement.Portland cement.Clinker.Dry process rotary kiln,Service,BC,Industrial Minerals,Dry process rotary kiln,Std preheat and precalcining retro,fcc,,,,tech_data_generic,$,138437662.052873,138437662.052873,138437662.052873,138437662.052873,138437662.052873,138437662.052873,138437662.052873,138437662.052873,138437662.052873,138437662.052873,138437662.052873,
CIMS.CAN.BC.Industrial Minerals.Products.Cement.Portland cement.Clinker.Dry process rotary kiln,Service,BC,Industrial Minerals,Dry process rotary kiln,Std preheat and precalcining retro,fom,,,,tech_data_generic,$,3805964.55754871,3805964.55754871,3805964.55754871,3805964.55754871,3805964.55754871,3805964.55754871,3805964.55754871,3805964.55754871,3805964.55754871,3805964.55754871,3805964.55754871,
CIMS.CAN.BC.Industrial Minerals.Products.Cement.Portland cement.Clinker.Dry process rotary kiln,Service,BC,Industrial Minerals,Dry process rotary kiln,Std preheat and precalcining retro,service_request,,,CIMS.CAN.BC.Industrial Minerals.Products.Cement.Portland cement.Dry Ground Cement,tech_multi_generic,tonne,1.6,1.6,1.6,1.6,1.6,1.6,1.6,1.6,1.6,1.6,1.6,
CIMS.CAN.BC.Industrial Minerals.Products.Cement.Portland cement.Clinker.Dry process rotary kiln,Service,BC,Industrial Minerals,Dry process rotary kiln,Std preheat and precalcining retro,service_request,,,CIMS.CAN.BC.Industrial Minerals.Heat,tech_multi_generic,GJ,3.148776,3.148776,3.148776,3.148776,3.148776,3.148776,3.148776,3.148776,3.148776,3.148776,3.148776,
CIMS.CAN.BC.Industrial Minerals.Products.Cement.Portland cement.Clinker.Dry process rotary kiln,Service,BC,Industrial Minerals,Dry process rotary kiln,Std preheat and precalcining retro,service_request,,,CIMS.CAN.BC.Industrial Minerals.Ventilation,tech_multi_generic,GJ,0.006,0.006,0.006,0.006,0.006,0.006,0.006,0.006,0.006,0.006,0.006,
CIMS.CAN.BC.Industrial Minerals.Products.Cement.Portland cement.Clinker.Dry process rotary kiln,Service,BC,Industrial Minerals,Dry process rotary kiln,Std preheat and precalcining retro,service_request,,,CIMS.CAN.BC.Industrial Minerals.Direct Drive,tech_multi_generic,GJ,0.123,0.123,0.123,0.123,0.123,0.123,0.123,0.123,0.123,0.123,0.123,
CIMS.CAN.BC.Industrial Minerals.Products.Cement.Portland cement.Clinker.Dry process rotary kiln,Service,BC,Industrial Minerals,Dry process rotary kiln,Std preheat and precalcining retro,emissions,CO2,Process,,tech_multi_generic,tCO2,0.440869565,0.440869565,0.440869565,0.440869565,0.440869565,0.440869565,0.440869565,0.440869565,0.440869565,0.440869565,0.440869565,
CIMS.CAN.BC.Industrial Minerals.Products.Cement.Portland cement.Clinker.Dry process rotary kiln,Service,BC,Industrial Minerals,Dry process rotary kiln,Std preheat and precalcining Eff retro,technology,,,,,,,,,,,,,,,,,
CIMS.CAN.BC.Industrial Minerals.Products.Cement.Portland cement.Clinker.Dry process rotary kiln,Service,BC,Industrial Minerals,Dry process rotary kiln,Std preheat and precalcining Eff retro,available,,,,tech_data_generic,Year,1989,1989,1989,1989,1989,1989,1989,1989,1989,1989,1989,
CIMS.CAN.BC.Industrial Minerals.Products.Cement.Portland cement.Clinker.Dry process rotary kiln,Service,BC,Industrial Minerals,Dry process rotary kiln,Std preheat and precalcining Eff retro,unavailable,,,,tech_data_generic,Year,2101,2101,2101,2101,2101,2101,2101,2101,2101,2101,2101,
CIMS.CAN.BC.Industrial Minerals.Products.Cement.Portland cement.Clinker.Dry process rotary kiln,Service,BC,Industrial Minerals,Dry process rotary kiln,Std preheat and precalcining Eff retro,lifetime,,,,tech_data_generic,Years,30,30,30,30,30,30,30,30,30,30,30,
CIMS.CAN.BC.Industrial Minerals.Products.Cement.Portland cement.Clinker.Dry process rotary kiln,Service,BC,Industrial Minerals,Dry process rotary kiln,Std preheat and precalcining Eff retro,market_share_total,,,,tech_data_region,%,0,,,,,,,,,,,
CIMS.CAN.BC.Industrial Minerals.Products.Cement.Portland cement.Clinker.Dry process rotary kiln,Service,BC,Industrial Minerals,Dry process rotary kiln,Std preheat and precalcining Eff retro,output,,,,tech_data_generic,node unit,620000,620000,620000,620000,620000,620000,620000,620000,620000,620000,620000,
CIMS.CAN.BC.Industrial Minerals.Products.Cement.Portland cement.Clinker.Dry process rotary kiln,Service,BC,Industrial Minerals,Dry process rotary kiln,Std preheat and precalcining Eff retro,fcc,,,,tech_data_generic,$,139132486.060826,139132486.060826,139132486.060826,139132486.060826,139132486.060826,139132486.060826,139132486.060826,139132486.060826,139132486.060826,139132486.060826,139132486.060826,
CIMS.CAN.BC.Industrial Minerals.Products.Cement.Portland cement.Clinker.Dry process rotary kiln,Service,BC,Industrial Minerals,Dry process rotary kiln,Std preheat and precalcining Eff retro,fom,,,,tech_data_generic,$,3922172.93026508,3922172.93026508,3922172.93026508,3922172.93026508,3922172.93026508,3922172.93026508,3922172.93026508,3922172.93026508,3922172.93026508,3922172.93026508,3922172.93026508,
CIMS.CAN.BC.Industrial Minerals.Products.Cement.Portland cement.Clinker.Dry process rotary kiln,Service,BC,Industrial Minerals,Dry process rotary kiln,Std preheat and precalcining Eff retro,service_request,,,CIMS.CAN.BC.Industrial Minerals.Products.Cement.Portland cement.Dry Ground Cement,tech_multi_generic,tonne,1.6,1.6,1.6,1.6,1.6,1.6,1.6,1.6,1.6,1.6,1.6,
CIMS.CAN.BC.Industrial Minerals.Products.Cement.Portland cement.Clinker.Dry process rotary kiln,Service,BC,Industrial Minerals,Dry process rotary kiln,Std preheat and precalcining Eff retro,service_request,,,CIMS.CAN.BC.Industrial Minerals.Heat,tech_multi_generic,GJ,2.968776,2.968776,2.968776,2.968776,2.968776,2.968776,2.968776,2.968776,2.968776,2.968776,2.968776,
CIMS.CAN.BC.Industrial Minerals.Products.Cement.Portland cement.Clinker.Dry process rotary kiln,Service,BC,Industrial Minerals,Dry process rotary kiln,Std preheat and precalcining Eff retro,service_request,,,CIMS.CAN.BC.Industrial Minerals.Ventilation,tech_multi_generic,GJ,0.006,0.006,0.006,0.006,0.006,0.006,0.006,0.006,0.006,0.006,0.006,
CIMS.CAN.BC.Industrial Minerals.Products.Cement.Portland cement.Clinker.Dry process rotary kiln,Service,BC,Industrial Minerals,Dry process rotary kiln,Std preheat and precalcining Eff retro,service_request,,,CIMS.CAN.BC.Industrial Minerals.Direct Drive,tech_multi_generic,GJ,0.123,0.123,0.123,0.123,0.123,0.123,0.123,0.123,0.123,0.123,0.123,
CIMS.CAN.BC.Industrial Minerals.Products.Cement.Portland cement.Clinker.Dry process rotary kiln,Service,BC,Industrial Minerals,Dry process rotary kiln,Std preheat and precalcining Eff retro,emissions,CO2,Process,,tech_multi_generic,tCO2,0.440869565,0.440869565,0.440869565,0.440869565,0.440869565,0.440869565,0.440869565,0.440869565,0.440869565,0.440869565,0.440869565,
CIMS.CAN.BC.Industrial Minerals.Products.Cement.Portland cement.Clinker.Dry process rotary kiln,Service,BC,Industrial Minerals,Dry process rotary kiln,Std waste HR Cogen retro,technology,,,,,,,,,,,,,,,,,
CIMS.CAN.BC.Industrial Minerals.Products.Cement.Portland cement.Clinker.Dry process rotary kiln,Service,BC,Industrial Minerals,Dry process rotary kiln,Std waste HR Cogen retro,available,,,,tech_data_generic,Year,1989,1989,1989,1989,1989,1989,1989,1989,1989,1989,1989,
CIMS.CAN.BC.Industrial Minerals.Products.Cement.Portland cement.Clinker.Dry process rotary kiln,Service,BC,Industrial Minerals,Dry process rotary kiln,Std waste HR Cogen retro,unavailable,,,,tech_data_generic,Year,2101,2101,2101,2101,2101,2101,2101,2101,2101,2101,2101,
CIMS.CAN.BC.Industrial Minerals.Products.Cement.Portland cement.Clinker.Dry process rotary kiln,Service,BC,Industrial Minerals,Dry process rotary kiln,Std waste HR Cogen retro,lifetime,,,,tech_data_generic,Years,30,30,30,30,30,30,30,30,30,30,30,
CIMS.CAN.BC.Industrial Minerals.Products.Cement.Portland cement.Clinker.Dry process rotary kiln,Service,BC,Industrial Minerals,Dry process rotary kiln,Std waste HR Cogen retro,market_share_total,,,,tech_data_region,%,0,,,,,,,,,,,
CIMS.CAN.BC.Industrial Minerals.Products.Cement.Portland cement.Clinker.Dry process rotary kiln,Service,BC,Industrial Minerals,Dry process rotary kiln,Std waste HR Cogen retro,output,,,,tech_data_generic,node unit,620000,620000,620000,620000,620000,620000,620000,620000,620000,620000,620000,
CIMS.CAN.BC.Industrial Minerals.Products.Cement.Portland cement.Clinker.Dry process rotary kiln,Service,BC,Industrial Minerals,Dry process rotary kiln,Std waste HR Cogen retro,fcc,,,,tech_data_generic,$,139873390.262395,139873390.262395,139873390.262395,139873390.262395,139873390.262395,139873390.262395,139873390.262395,139873390.262395,139873390.262395,139873390.262395,139873390.262395,
CIMS.CAN.BC.Industrial Minerals.Products.Cement.Portland cement.Clinker.Dry process rotary kiln,Service,BC,Industrial Minerals,Dry process rotary kiln,Std waste HR Cogen retro,fom,,,,tech_data_generic,$,5514561.33438369,5514561.33438369,5514561.33438369,5514561.33438369,5514561.33438369,5514561.33438369,5514561.33438369,5514561.33438369,5514561.33438369,5514561.33438369,5514561.33438369,
CIMS.CAN.BC.Industrial Minerals.Products.Cement.Portland cement.Clinker.Dry process rotary kiln,Service,BC,Industrial Minerals,Dry process rotary kiln,Std waste HR Cogen retro,service_request,,,CIMS.CAN.BC.Electricity,tech_multi_generic,GJ,-0.172912,-0.172912,-0.172912,-0.172912,-0.172912,-0.172912,-0.172912,-0.172912,-0.172912,-0.172912,-0.172912,
CIMS.CAN.BC.Industrial Minerals.Products.Cement.Portland cement.Clinker.Dry process rotary kiln,Service,BC,Industrial Minerals,Dry process rotary kiln,Std waste HR Cogen retro,service_request,,,CIMS.CAN.BC.Industrial Minerals.Products.Cement.Portland cement.Dry Ground Cement,tech_multi_generic,tonne,1.6,1.6,1.6,1.6,1.6,1.6,1.6,1.6,1.6,1.6,1.6,
CIMS.CAN.BC.Industrial Minerals.Products.Cement.Portland cement.Clinker.Dry process rotary kiln,Service,BC,Industrial Minerals,Dry process rotary kiln,Std waste HR Cogen retro,service_request,,,CIMS.CAN.BC.Industrial Minerals.Heat,tech_multi_generic,GJ,3.636,3.636,3.636,3.636,3.636,3.636,3.636,3.636,3.636,3.636,3.636,
CIMS.CAN.BC.Industrial Minerals.Products.Cement.Portland cement.Clinker.Dry process rotary kiln,Service,BC,Industrial Minerals,Dry process rotary kiln,Std waste HR Cogen retro,service_request,,,CIMS.CAN.BC.Industrial Minerals.Ventilation,tech_multi_generic,GJ,0.006,0.006,0.006,0.006,0.006,0.006,0.006,0.006,0.006,0.006,0.006,
CIMS.CAN.BC.Industrial Minerals.Products.Cement.Portland cement.Clinker.Dry process rotary kiln,Service,BC,Industrial Minerals,Dry process rotary kiln,Std waste HR Cogen retro,service_request,,,CIMS.CAN.BC.Industrial Minerals.Direct Drive,tech_multi_generic,GJ,0.123,0.123,0.123,0.123,0.123,0.123,0.123,0.123,0.123,0.123,0.123,
CIMS.CAN.BC.Industrial Minerals.Products.Cement.Portland cement.Clinker.Dry process rotary kiln,Service,BC,Industrial Minerals,Dry process rotary kiln,Std waste HR Cogen retro,emissions,CO2,Process,,tech_multi_generic,tCO2,0.440869565,0.440869565,0.440869565,0.440869565,0.440869565,0.440869565,0.440869565,0.440869565,0.440869565,0.440869565,0.440869565,
CIMS.CAN.BC.Industrial Minerals.Products.Cement.Portland cement.Clinker.Dry process rotary kiln,Service,BC,Industrial Minerals,Dry process rotary kiln,New preheat and precalcining,technology,,,,,,,,,,,,,,,,,
CIMS.CAN.BC.Industrial Minerals.Products.Cement.Portland cement.Clinker.Dry process rotary kiln,Service,BC,Industrial Minerals,Dry process rotary kiln,New preheat and precalcining,available,,,,tech_data_generic,Year,1989,1989,1989,1989,1989,1989,1989,1989,1989,1989,1989,
CIMS.CAN.BC.Industrial Minerals.Products.Cement.Portland cement.Clinker.Dry process rotary kiln,Service,BC,Industrial Minerals,Dry process rotary kiln,New preheat and precalcining,unavailable,,,,tech_data_generic,Year,2101,2101,2101,2101,2101,2101,2101,2101,2101,2101,2101,
CIMS.CAN.BC.Industrial Minerals.Products.Cement.Portland cement.Clinker.Dry process rotary kiln,Service,BC,Industrial Minerals,Dry process rotary kiln,New preheat and precalcining,lifetime,,,,tech_data_generic,Years,30,30,30,30,30,30,30,30,30,30,30,
CIMS.CAN.BC.Industrial Minerals.Products.Cement.Portland cement.Clinker.Dry process rotary kiln,Service,BC,Industrial Minerals,Dry process rotary kiln,New preheat and precalcining,market_share_total,,,,tech_data_region,%,1,,,,,,,,,,,
CIMS.CAN.BC.Industrial Minerals.Products.Cement.Portland cement.Clinker.Dry process rotary kiln,Service,BC,Industrial Minerals,Dry process rotary kiln,New preheat and precalcining,output,,,,tech_data_generic,node unit,620000,620000,620000,620000,620000,620000,620000,620000,620000,620000,620000,
CIMS.CAN.BC.Industrial Minerals.Products.Cement.Portland cement.Clinker.Dry process rotary kiln,Service,BC,Industrial Minerals,Dry process rotary kiln,New preheat and precalcining,fcc,,,,tech_data_generic,$,158147246.67384,158147246.67384,158147246.67384,158147246.67384,158147246.67384,158147246.67384,158147246.67384,158147246.67384,158147246.67384,158147246.67384,158147246.67384,
CIMS.CAN.BC.Industrial Minerals.Products.Cement.Portland cement.Clinker.Dry process rotary kiln,Service,BC,Industrial Minerals,Dry process rotary kiln,New preheat and precalcining,fom,,,,tech_data_generic,$,4189629.55114298,4189629.55114298,4189629.55114298,4189629.55114298,4189629.55114298,4189629.55114298,4189629.55114298,4189629.55114298,4189629.55114298,4189629.55114298,4189629.55114298,
CIMS.CAN.BC.Industrial Minerals.Products.Cement.Portland cement.Clinker.Dry process rotary kiln,Service,BC,Industrial Minerals,Dry process rotary kiln,New preheat and precalcining,service_request,,,CIMS.CAN.BC.Industrial Minerals.Products.Cement.Portland cement.Dry Ground Cement,tech_multi_generic,tonne,1.6,1.6,1.6,1.6,1.6,1.6,1.6,1.6,1.6,1.6,1.6,
CIMS.CAN.BC.Industrial Minerals.Products.Cement.Portland cement.Clinker.Dry process rotary kiln,Service,BC,Industrial Minerals,Dry process rotary kiln,New preheat and precalcining,service_request,,,CIMS.CAN.BC.Industrial Minerals.Heat,tech_multi_generic,GJ,2.58426,2.58426,2.58426,2.58426,2.58426,2.58426,2.58426,2.58426,2.58426,2.58426,2.58426,
CIMS.CAN.BC.Industrial Minerals.Products.Cement.Portland cement.Clinker.Dry process rotary kiln,Service,BC,Industrial Minerals,Dry process rotary kiln,New preheat and precalcining,service_request,,,CIMS.CAN.BC.Industrial Minerals.Ventilation,tech_multi_generic,GJ,0.0049,0.0049,0.0049,0.0049,0.0049,0.0049,0.0049,0.0049,0.0049,0.0049,0.0049,
CIMS.CAN.BC.Industrial Minerals.Products.Cement.Portland cement.Clinker.Dry process rotary kiln,Service,BC,Industrial Minerals,Dry process rotary kiln,New preheat and precalcining,service_request,,,CIMS.CAN.BC.Industrial Minerals.Direct Drive,tech_multi_generic,GJ,0.12054,0.12054,0.12054,0.12054,0.12054,0.12054,0.12054,0.12054,0.12054,0.12054,0.12054,
CIMS.CAN.BC.Industrial Minerals.Products.Cement.Portland cement.Clinker.Dry process rotary kiln,Service,BC,Industrial Minerals,Dry process rotary kiln,New preheat and precalcining,emissions,CO2,Process,,tech_multi_generic,tCO2,0.440869565,0.440869565,0.440869565,0.440869565,0.440869565,0.440869565,0.440869565,0.440869565,0.440869565,0.440869565,0.440869565,
CIMS.CAN.BC.Industrial Minerals.Products.Cement.Portland cement.Clinker.Dry process rotary kiln,Service,BC,Industrial Minerals,Dry process rotary kiln,New preheat Eff,technology,,,,,,,,,,,,,,,,,
CIMS.CAN.BC.Industrial Minerals.Products.Cement.Portland cement.Clinker.Dry process rotary kiln,Service,BC,Industrial Minerals,Dry process rotary kiln,New preheat Eff,available,,,,tech_data_generic,Year,1971,1971,1971,1971,1971,1971,1971,1971,1971,1971,1971,
CIMS.CAN.BC.Industrial Minerals.Products.Cement.Portland cement.Clinker.Dry process rotary kiln,Service,BC,Industrial Minerals,Dry process rotary kiln,New preheat Eff,unavailable,,,,tech_data_generic,Year,2101,2101,2101,2101,2101,2101,2101,2101,2101,2101,2101,
CIMS.CAN.BC.Industrial Minerals.Products.Cement.Portland cement.Clinker.Dry process rotary kiln,Service,BC,Industrial Minerals,Dry process rotary kiln,New preheat Eff,lifetime,,,,tech_data_generic,Years,30,30,30,30,30,30,30,30,30,30,30,
CIMS.CAN.BC.Industrial Minerals.Products.Cement.Portland cement.Clinker.Dry process rotary kiln,Service,BC,Industrial Minerals,Dry process rotary kiln,New preheat Eff,market_share_total,,,,tech_data_region,%,0,,,,,,,,,,,
CIMS.CAN.BC.Industrial Minerals.Products.Cement.Portland cement.Clinker.Dry process rotary kiln,Service,BC,Industrial Minerals,Dry process rotary kiln,New preheat Eff,output,,,,tech_data_generic,node unit,620000,620000,620000,620000,620000,620000,620000,620000,620000,620000,620000,
CIMS.CAN.BC.Industrial Minerals.Products.Cement.Portland cement.Clinker.Dry process rotary kiln,Service,BC,Industrial Minerals,Dry process rotary kiln,New preheat Eff,fcc,,,,tech_data_generic,$,131489427.917369,131489427.917369,131489427.917369,131489427.917369,131489427.917369,131489427.917369,131489427.917369,131489427.917369,131489427.917369,131489427.917369,131489427.917369,
CIMS.CAN.BC.Industrial Minerals.Products.Cement.Portland cement.Clinker.Dry process rotary kiln,Service,BC,Industrial Minerals,Dry process rotary kiln,New preheat Eff,fom,,,,tech_data_generic,$,4208041.59407587,4208041.59407587,4208041.59407587,4208041.59407587,4208041.59407587,4208041.59407587,4208041.59407587,4208041.59407587,4208041.59407587,4208041.59407587,4208041.59407587,
CIMS.CAN.BC.Industrial Minerals.Products.Cement.Portland cement.Clinker.Dry process rotary kiln,Service,BC,Industrial Minerals,Dry process rotary kiln,New preheat Eff,service_request,,,CIMS.CAN.BC.Industrial Minerals.Products.Cement.Portland cement.Dry Ground Cement,tech_multi_generic,tonne,1.6,1.6,1.6,1.6,1.6,1.6,1.6,1.6,1.6,1.6,1.6,
CIMS.CAN.BC.Industrial Minerals.Products.Cement.Portland cement.Clinker.Dry process rotary kiln,Service,BC,Industrial Minerals,Dry process rotary kiln,New preheat Eff,service_request,,,CIMS.CAN.BC.Industrial Minerals.Heat,tech_multi_generic,GJ,2.820320856,2.820320856,2.820320856,2.820320856,2.820320856,2.820320856,2.820320856,2.820320856,2.820320856,2.820320856,2.820320856,
CIMS.CAN.BC.Industrial Minerals.Products.Cement.Portland cement.Clinker.Dry process rotary kiln,Service,BC,Industrial Minerals,Dry process rotary kiln,New preheat Eff,service_request,,,CIMS.CAN.BC.Industrial Minerals.Ventilation,tech_multi_generic,GJ,0.006,0.006,0.006,0.006,0.006,0.006,0.006,0.006,0.006,0.006,0.006,
CIMS.CAN.BC.Industrial Minerals.Products.Cement.Portland cement.Clinker.Dry process rotary kiln,Service,BC,Industrial Minerals,Dry process rotary kiln,New preheat Eff,service_request,,,CIMS.CAN.BC.Industrial Minerals.Direct Drive,tech_multi_generic,GJ,0.123,0.123,0.123,0.123,0.123,0.123,0.123,0.123,0.123,0.123,0.123,
CIMS.CAN.BC.Industrial Minerals.Products.Cement.Portland cement.Clinker.Dry process rotary kiln,Service,BC,Industrial Minerals,Dry process rotary kiln,New preheat Eff,emissions,CO2,Process,,tech_multi_generic,tCO2,0.440869565,0.440869565,0.440869565,0.440869565,0.440869565,0.440869565,0.440869565,0.440869565,0.440869565,0.440869565,0.440869565,
CIMS.CAN.BC.Industrial Minerals.Products.Cement.Portland cement.Clinker.Dry process rotary kiln,Service,BC,Industrial Minerals,Dry process rotary kiln,New preheat and precalcining Eff,technology,,,,,,,,,,,,,,,,,
CIMS.CAN.BC.Industrial Minerals.Products.Cement.Portland cement.Clinker.Dry process rotary kiln,Service,BC,Industrial Minerals,Dry process rotary kiln,New preheat and precalcining Eff,available,,,,tech_data_generic,Year,1971,1971,1971,1971,1971,1971,1971,1971,1971,1971,1971,
CIMS.CAN.BC.Industrial Minerals.Products.Cement.Portland cement.Clinker.Dry process rotary kiln,Service,BC,Industrial Minerals,Dry process rotary kiln,New preheat and precalcining Eff,unavailable,,,,tech_data_generic,Year,2101,2101,2101,2101,2101,2101,2101,2101,2101,2101,2101,
CIMS.CAN.BC.Industrial Minerals.Products.Cement.Portland cement.Clinker.Dry process rotary kiln,Service,BC,Industrial Minerals,Dry process rotary kiln,New preheat and precalcining Eff,lifetime,,,,tech_data_generic,Years,30,30,30,30,30,30,30,30,30,30,30,
CIMS.CAN.BC.Industrial Minerals.Products.Cement.Portland cement.Clinker.Dry process rotary kiln,Service,BC,Industrial Minerals,Dry process rotary kiln,New preheat and precalcining Eff,market_share_total,,,,tech_data_region,%,0,,,,,,,,,,,
CIMS.CAN.BC.Industrial Minerals.Products.Cement.Portland cement.Clinker.Dry process rotary kiln,Service,BC,Industrial Minerals,Dry process rotary kiln,New preheat and precalcining Eff,output,,,,tech_data_generic,node unit,620000,620000,620000,620000,620000,620000,620000,620000,620000,620000,620000,
CIMS.CAN.BC.Industrial Minerals.Products.Cement.Portland cement.Clinker.Dry process rotary kiln,Service,BC,Industrial Minerals,Dry process rotary kiln,New preheat and precalcining Eff,fcc,,,,tech_data_generic,$,138437662.052873,138437662.052873,138437662.052873,138437662.052873,138437662.052873,138437662.052873,138437662.052873,138437662.052873,138437662.052873,138437662.052873,138437662.052873,
CIMS.CAN.BC.Industrial Minerals.Products.Cement.Portland cement.Clinker.Dry process rotary kiln,Service,BC,Industrial Minerals,Dry process rotary kiln,New preheat and precalcining Eff,fom,,,,tech_data_generic,$,3805964.55754871,3805964.55754871,3805964.55754871,3805964.55754871,3805964.55754871,3805964.55754871,3805964.55754871,3805964.55754871,3805964.55754871,3805964.55754871,3805964.55754871,
CIMS.CAN.BC.Industrial Minerals.Products.Cement.Portland cement.Clinker.Dry process rotary kiln,Service,BC,Industrial Minerals,Dry process rotary kiln,New preheat and precalcining Eff,service_request,,,CIMS.CAN.BC.Industrial Minerals.Products.Cement.Portland cement.Dry Ground Cement,tech_multi_generic,tonne,1.6,1.6,1.6,1.6,1.6,1.6,1.6,1.6,1.6,1.6,1.6,
CIMS.CAN.BC.Industrial Minerals.Products.Cement.Portland cement.Clinker.Dry process rotary kiln,Service,BC,Industrial Minerals,Dry process rotary kiln,New preheat and precalcining Eff,service_request,,,CIMS.CAN.BC.Industrial Minerals.Heat,tech_multi_generic,GJ,2.637,2.637,2.637,2.637,2.637,2.637,2.637,2.637,2.637,2.637,2.637,
CIMS.CAN.BC.Industrial Minerals.Products.Cement.Portland cement.Clinker.Dry process rotary kiln,Service,BC,Industrial Minerals,Dry process rotary kiln,New preheat and precalcining Eff,service_request,,,CIMS.CAN.BC.Industrial Minerals.Ventilation,tech_multi_generic,GJ,0.005,0.005,0.005,0.005,0.005,0.005,0.005,0.005,0.005,0.005,0.005,
CIMS.CAN.BC.Industrial Minerals.Products.Cement.Portland cement.Clinker.Dry process rotary kiln,Service,BC,Industrial Minerals,Dry process rotary kiln,New preheat and precalcining Eff,service_request,,,CIMS.CAN.BC.Industrial Minerals.Direct Drive,tech_multi_generic,GJ,0.123,0.123,0.123,0.123,0.123,0.123,0.123,0.123,0.123,0.123,0.123,
CIMS.CAN.BC.Industrial Minerals.Products.Cement.Portland cement.Clinker.Dry process rotary kiln,Service,BC,Industrial Minerals,Dry process rotary kiln,New preheat and precalcining Eff,emissions,CO2,Process,,tech_multi_generic,tCO2,0.440869565,0.440869565,0.440869565,0.440869565,0.440869565,0.440869565,0.440869565,0.440869565,0.440869565,0.440869565,0.440869565,
CIMS.CAN.BC.Industrial Minerals.Products.Cement.Portland cement.Clinker.Dry process rotary kiln,Service,BC,Industrial Minerals,Dry process rotary kiln,New preheat Eff with CCS,technology,,,,,,,,,,,,,,,,,
CIMS.CAN.BC.Industrial Minerals.Products.Cement.Portland cement.Clinker.Dry process rotary kiln,Service,BC,Industrial Minerals,Dry process rotary kiln,New preheat Eff with CCS,available,,,,tech_data_generic,Year,2025,2025,2025,2025,2025,2025,2025,2025,2025,2025,2025,
CIMS.CAN.BC.Industrial Minerals.Products.Cement.Portland cement.Clinker.Dry process rotary kiln,Service,BC,Industrial Minerals,Dry process rotary kiln,New preheat Eff with CCS,unavailable,,,,tech_data_generic,Year,2101,2101,2101,2101,2101,2101,2101,2101,2101,2101,2101,
CIMS.CAN.BC.Industrial Minerals.Products.Cement.Portland cement.Clinker.Dry process rotary kiln,Service,BC,Industrial Minerals,Dry process rotary kiln,New preheat Eff with CCS,lifetime,,,,tech_data_generic,Years,30,30,30,30,30,30,30,30,30,30,30,
CIMS.CAN.BC.Industrial Minerals.Products.Cement.Portland cement.Clinker.Dry process rotary kiln,Service,BC,Industrial Minerals,Dry process rotary kiln,New preheat Eff with CCS,market_share_total,,,,tech_data_region,%,0,,,,,,,,,,,
CIMS.CAN.BC.Industrial Minerals.Products.Cement.Portland cement.Clinker.Dry process rotary kiln,Service,BC,Industrial Minerals,Dry process rotary kiln,New preheat Eff with CCS,output,,,,tech_data_generic,node unit,620000,620000,620000,620000,620000,620000,620000,620000,620000,620000,620000,
CIMS.CAN.BC.Industrial Minerals.Products.Cement.Portland cement.Clinker.Dry process rotary kiln,Service,BC,Industrial Minerals,Dry process rotary kiln,New preheat Eff with CCS,fcc,,,,tech_data_generic,$,131489427.917369,131489427.917369,131489427.917369,131489427.917369,131489427.917369,131489427.917369,131489427.917369,131489427.917369,131489427.917369,131489427.917369,131489427.917369,
CIMS.CAN.BC.Industrial Minerals.Products.Cement.Portland cement.Clinker.Dry process rotary kiln,Service,BC,Industrial Minerals,Dry process rotary kiln,New preheat Eff with CCS,fom,,,,tech_data_generic,$,4208041.59407587,4208041.59407587,4208041.59407587,4208041.59407587,4208041.59407587,4208041.59407587,4208041.59407587,4208041.59407587,4208041.59407587,4208041.59407587,4208041.59407587,
CIMS.CAN.BC.Industrial Minerals.Products.Cement.Portland cement.Clinker.Dry process rotary kiln,Service,BC,Industrial Minerals,Dry process rotary kiln,New preheat Eff with CCS,service_request,,,CIMS.CAN.BC.Industrial Minerals.Products.Cement.Portland cement.Dry Ground Cement,tech_multi_generic,tonne,1.6,1.6,1.6,1.6,1.6,1.6,1.6,1.6,1.6,1.6,1.6,
CIMS.CAN.BC.Industrial Minerals.Products.Cement.Portland cement.Clinker.Dry process rotary kiln,Service,BC,Industrial Minerals,Dry process rotary kiln,New preheat Eff with CCS,service_request,,,CIMS.CAN.BC.Industrial Minerals.Heat,tech_multi_generic,GJ,2.820320856,2.820320856,2.820320856,2.820320856,2.820320856,2.820320856,2.820320856,2.820320856,2.820320856,2.820320856,2.820320856,
CIMS.CAN.BC.Industrial Minerals.Products.Cement.Portland cement.Clinker.Dry process rotary kiln,Service,BC,Industrial Minerals,Dry process rotary kiln,New preheat Eff with CCS,service_request,,,CIMS.CAN.BC.Industrial Minerals.Ventilation,tech_multi_generic,GJ,0.006,0.006,0.006,0.006,0.006,0.006,0.006,0.006,0.006,0.006,0.006,
CIMS.CAN.BC.Industrial Minerals.Products.Cement.Portland cement.Clinker.Dry process rotary kiln,Service,BC,Industrial Minerals,Dry process rotary kiln,New preheat Eff with CCS,service_request,,,CIMS.CAN.BC.Industrial Minerals.Direct Drive,tech_multi_generic,GJ,0.10114569,0.10114569,0.10114569,0.10114569,0.10114569,0.10114569,0.10114569,0.10114569,0.10114569,0.10114569,0.10114569,
CIMS.CAN.BC.Industrial Minerals.Products.Cement.Portland cement.Clinker.Dry process rotary kiln,Service,BC,Industrial Minerals,Dry process rotary kiln,New preheat Eff with CCS,service_request,,,CIMS.CAN.BC.Industrial Minerals.CCS,tech_multi_generic,tCO2,0.440869565,0.440869565,0.440869565,0.440869565,0.440869565,0.440869565,0.440869565,0.440869565,0.440869565,0.440869565,0.440869565,
CIMS.CAN.BC.Industrial Minerals.Products.Cement.Portland cement.Clinker.Dry process rotary kiln,Service,BC,Industrial Minerals,Dry process rotary kiln,New preheat Eff with CCS,emissions,CO2,Process,,tech_multi_generic,tCO2,0.440869565,0.440869565,0.440869565,0.440869565,0.440869565,0.440869565,0.440869565,0.440869565,0.440869565,0.440869565,0.440869565,
CIMS.CAN.BC.Industrial Minerals.Products.Cement.Portland cement.Clinker.Dry process rotary kiln,Service,BC,Industrial Minerals,Dry process rotary kiln,Std process with calcium minerals,technology,,,,,,,,,,,,,,,,,
CIMS.CAN.BC.Industrial Minerals.Products.Cement.Portland cement.Clinker.Dry process rotary kiln,Service,BC,Industrial Minerals,Dry process rotary kiln,Std process with calcium minerals,available,,,,tech_data_generic,Year,2025,2025,2025,2025,2025,2025,2025,2025,2025,2025,2025,
CIMS.CAN.BC.Industrial Minerals.Products.Cement.Portland cement.Clinker.Dry process rotary kiln,Service,BC,Industrial Minerals,Dry process rotary kiln,Std process with calcium minerals,unavailable,,,,tech_data_generic,Year,2101,2101,2101,2101,2101,2101,2101,2101,2101,2101,2101,
CIMS.CAN.BC.Industrial Minerals.Products.Cement.Portland cement.Clinker.Dry process rotary kiln,Service,BC,Industrial Minerals,Dry process rotary kiln,Std process with calcium minerals,lifetime,,,,tech_data_generic,Years,30,30,30,30,30,30,30,30,30,30,30,
CIMS.CAN.BC.Industrial Minerals.Products.Cement.Portland cement.Clinker.Dry process rotary kiln,Service,BC,Industrial Minerals,Dry process rotary kiln,Std process with calcium minerals,market_share_total,,,,tech_data_region,%,0,,,,,,,,,,,
CIMS.CAN.BC.Industrial Minerals.Products.Cement.Portland cement.Clinker.Dry process rotary kiln,Service,BC,Industrial Minerals,Dry process rotary kiln,Std process with calcium minerals,output,,,,tech_data_generic,node unit,620000,620000,620000,620000,620000,620000,620000,620000,620000,620000,620000,
CIMS.CAN.BC.Industrial Minerals.Products.Cement.Portland cement.Clinker.Dry process rotary kiln,Service,BC,Industrial Minerals,Dry process rotary kiln,Std process with calcium minerals,fcc,,,,tech_data_generic,$,450000000,450000000,450000000,450000000,450000000,450000000,450000000,450000000,450000000,450000000,450000000,
CIMS.CAN.BC.Industrial Minerals.Products.Cement.Portland cement.Clinker.Dry process rotary kiln,Service,BC,Industrial Minerals,Dry process rotary kiln,Std process with calcium minerals,fom,,,,tech_data_generic,$,3805964.55754871,3805964.55754871,3805964.55754871,3805964.55754871,3805964.55754871,3805964.55754871,3805964.55754871,3805964.55754871,3805964.55754871,3805964.55754871,3805964.55754871,
CIMS.CAN.BC.Industrial Minerals.Products.Cement.Portland cement.Clinker.Dry process rotary kiln,Service,BC,Industrial Minerals,Dry process rotary kiln,Std process with calcium minerals,service_request,,,CIMS.CAN.BC.Industrial Minerals.Products.Cement.Portland cement.Dry Ground Cement,tech_multi_generic,tonne,1.6,1.6,1.6,1.6,1.6,1.6,1.6,1.6,1.6,1.6,1.6,
CIMS.CAN.BC.Industrial Minerals.Products.Cement.Portland cement.Clinker.Dry process rotary kiln,Service,BC,Industrial Minerals,Dry process rotary kiln,Std process with calcium minerals,service_request,,,CIMS.CAN.BC.Industrial Minerals.Heat,tech_multi_generic,GJ,2.637,2.637,2.637,2.637,2.637,2.637,2.637,2.637,2.637,2.637,2.637,
CIMS.CAN.BC.Industrial Minerals.Products.Cement.Portland cement.Clinker.Dry process rotary kiln,Service,BC,Industrial Minerals,Dry process rotary kiln,Std process with calcium minerals,service_request,,,CIMS.CAN.BC.Industrial Minerals.Ventilation,tech_multi_generic,GJ,0.005,0.005,0.005,0.005,0.005,0.005,0.005,0.005,0.005,0.005,0.005,
CIMS.CAN.BC.Industrial Minerals.Products.Cement.Portland cement.Clinker.Dry process rotary kiln,Service,BC,Industrial Minerals,Dry process rotary kiln,Std process with calcium minerals,service_request,,,CIMS.CAN.BC.Industrial Minerals.Direct Drive,tech_multi_generic,GJ,0.10114569,0.10114569,0.10114569,0.10114569,0.10114569,0.10114569,0.10114569,0.10114569,0.10114569,0.10114569,0.10114569,
CIMS.CAN.BC.Industrial Minerals.Products.Cement.Portland cement.Clinker.Dry process rotary kiln,Service,BC,Industrial Minerals,Dry process rotary kiln,Std process with calcium minerals,emissions,CO2,Process,,tech_multi_generic,tCO2,0,0,0,0,0,0,0,0,0,0,0,
CIMS.CAN.BC.Industrial Minerals.Products.Cement.Portland cement.Clinker.Dry process rotary kiln,Service,BC,Industrial Minerals,Dry process rotary kiln,Electrochemical synthesis,technology,,,,,,,,,,,,,,,,,
CIMS.CAN.BC.Industrial Minerals.Products.Cement.Portland cement.Clinker.Dry process rotary kiln,Service,BC,Industrial Minerals,Dry process rotary kiln,Electrochemical synthesis,available,,,,tech_data_generic,Year,2025,2025,2025,2025,2025,2025,2025,2025,2025,2025,2025,
CIMS.CAN.BC.Industrial Minerals.Products.Cement.Portland cement.Clinker.Dry process rotary kiln,Service,BC,Industrial Minerals,Dry process rotary kiln,Electrochemical synthesis,unavailable,,,,tech_data_generic,Year,2101,2101,2101,2101,2101,2101,2101,2101,2101,2101,2101,
CIMS.CAN.BC.Industrial Minerals.Products.Cement.Portland cement.Clinker.Dry process rotary kiln,Service,BC,Industrial Minerals,Dry process rotary kiln,Electrochemical synthesis,lifetime,,,,tech_data_generic,Years,30,30,30,30,30,30,30,30,30,30,30,
CIMS.CAN.BC.Industrial Minerals.Products.Cement.Portland cement.Clinker.Dry process rotary kiln,Service,BC,Industrial Minerals,Dry process rotary kiln,Electrochemical synthesis,market_share_total,,,,tech_data_region,%,0,,,,,,,,,,,
CIMS.CAN.BC.Industrial Minerals.Products.Cement.Portland cement.Clinker.Dry process rotary kiln,Service,BC,Industrial Minerals,Dry process rotary kiln,Electrochemical synthesis,output,,,,tech_data_generic,node unit,620000,620000,620000,620000,620000,620000,620000,620000,620000,620000,620000,
CIMS.CAN.BC.Industrial Minerals.Products.Cement.Portland cement.Clinker.Dry process rotary kiln,Service,BC,Industrial Minerals,Dry process rotary kiln,Electrochemical synthesis,fcc,,,,tech_data_generic,$,50000000,50000000,50000000,50000000,50000000,50000000,50000000,50000000,50000000,50000000,50000000,
CIMS.CAN.BC.Industrial Minerals.Products.Cement.Portland cement.Clinker.Dry process rotary kiln,Service,BC,Industrial Minerals,Dry process rotary kiln,Electrochemical synthesis,fom,,,,tech_data_generic,$,3805964.55754871,3805964.55754871,3805964.55754871,3805964.55754871,3805964.55754871,3805964.55754871,3805964.55754871,3805964.55754871,3805964.55754871,3805964.55754871,3805964.55754871,
CIMS.CAN.BC.Industrial Minerals.Products.Cement.Portland cement.Clinker.Dry process rotary kiln,Service,BC,Industrial Minerals,Dry process rotary kiln,Electrochemical synthesis,service_request,,,CIMS.CAN.BC.Electricity,tech_multi_generic,GJ,6.15,6.15,6.15,6.15,6.15,6.15,6.15,6.15,6.15,6.15,6.15,
CIMS.CAN.BC.Industrial Minerals.Products.Cement.Portland cement.Clinker.Fluidized bed,Service,BC,Industrial Minerals,Fluidized bed,,service_provide,,,,activity_data_generic,tonne,,,,,,,,,,,,
CIMS.CAN.BC.Industrial Minerals.Products.Cement.Portland cement.Clinker.Fluidized bed,Service,BC,Industrial Minerals,Fluidized bed,,competition,Tech Compete,,,,,,,,,,,,,,,,
CIMS.CAN.BC.Industrial Minerals.Products.Cement.Portland cement.Clinker.Fluidized bed,Service,BC,Industrial Minerals,Fluidized bed,,discount_rate_financial,,,,tech_data_generic,%,0.35,0.35,0.35,0.35,0.35,0.35,0.35,0.35,0.35,0.35,0.35,
CIMS.CAN.BC.Industrial Minerals.Products.Cement.Portland cement.Clinker.Fluidized bed,Service,BC,Industrial Minerals,Fluidized bed,,heterogeneity,,,,tech_data_generic,,10,10,10,10,10,10,10,10,10,10,10,
CIMS.CAN.BC.Industrial Minerals.Products.Cement.Portland cement.Clinker.Fluidized bed,Service,BC,Industrial Minerals,Fluidized bed,Fluidized bed NG,technology,,,,,,,,,,,,,,,,,
CIMS.CAN.BC.Industrial Minerals.Products.Cement.Portland cement.Clinker.Fluidized bed,Service,BC,Industrial Minerals,Fluidized bed,Fluidized bed NG,available,,,,tech_data_generic,Year,1990,1990,1990,1990,1990,1990,1990,1990,1990,1990,1990,
CIMS.CAN.BC.Industrial Minerals.Products.Cement.Portland cement.Clinker.Fluidized bed,Service,BC,Industrial Minerals,Fluidized bed,Fluidized bed NG,unavailable,,,,tech_data_generic,Year,2101,2101,2101,2101,2101,2101,2101,2101,2101,2101,2101,
CIMS.CAN.BC.Industrial Minerals.Products.Cement.Portland cement.Clinker.Fluidized bed,Service,BC,Industrial Minerals,Fluidized bed,Fluidized bed NG,lifetime,,,,tech_data_generic,Years,35,35,35,35,35,35,35,35,35,35,35,
CIMS.CAN.BC.Industrial Minerals.Products.Cement.Portland cement.Clinker.Fluidized bed,Service,BC,Industrial Minerals,Fluidized bed,Fluidized bed NG,market_share_total,,,,tech_data_region,%,0,,,,,,,,,,,
CIMS.CAN.BC.Industrial Minerals.Products.Cement.Portland cement.Clinker.Fluidized bed,Service,BC,Industrial Minerals,Fluidized bed,Fluidized bed NG,output,,,,tech_data_generic,node unit,620000,620000,620000,620000,620000,620000,620000,620000,620000,620000,620000,
CIMS.CAN.BC.Industrial Minerals.Products.Cement.Portland cement.Clinker.Fluidized bed,Service,BC,Industrial Minerals,Fluidized bed,Fluidized bed NG,fcc,,,,tech_data_generic,$,250136434.947286,250136434.947286,250136434.947286,250136434.947286,250136434.947286,250136434.947286,250136434.947286,250136434.947286,250136434.947286,250136434.947286,250136434.947286,
CIMS.CAN.BC.Industrial Minerals.Products.Cement.Portland cement.Clinker.Fluidized bed,Service,BC,Industrial Minerals,Fluidized bed,Fluidized bed NG,fom,,,,tech_data_generic,$,11039758.1170822,11039758.1170822,11039758.1170822,11039758.1170822,11039758.1170822,11039758.1170822,11039758.1170822,11039758.1170822,11039758.1170822,11039758.1170822,11039758.1170822,
CIMS.CAN.BC.Industrial Minerals.Products.Cement.Portland cement.Clinker.Fluidized bed,Service,BC,Industrial Minerals,Fluidized bed,Fluidized bed NG,service_request,,,CIMS.CAN.BC.Electricity,tech_multi_generic,GJ,-0.0076,-0.0076,-0.0076,-0.0076,-0.0076,-0.0076,-0.0076,-0.0076,-0.0076,-0.0076,-0.0076,
CIMS.CAN.BC.Industrial Minerals.Products.Cement.Portland cement.Clinker.Fluidized bed,Service,BC,Industrial Minerals,Fluidized bed,Fluidized bed NG,service_request,,,CIMS.CAN.BC.Industrial Minerals.Methane Blend,tech_multi_generic,GJ,4.76,4.76,4.76,4.76,4.76,4.76,4.76,4.76,4.76,4.76,4.76,
CIMS.CAN.BC.Industrial Minerals.Products.Cement.Portland cement.Clinker.Fluidized bed,Service,BC,Industrial Minerals,Fluidized bed,Fluidized bed NG,service_request,,,CIMS.CAN.BC.Industrial Minerals.Products.Cement.Portland cement.Dry Ground Cement,tech_multi_generic,tonne,1.6,1.6,1.6,1.6,1.6,1.6,1.6,1.6,1.6,1.6,1.6,
CIMS.CAN.BC.Industrial Minerals.Products.Cement.Portland cement.Clinker.Fluidized bed,Service,BC,Industrial Minerals,Fluidized bed,Fluidized bed NG,service_request,,,CIMS.CAN.BC.Industrial Minerals.Ventilation,tech_multi_generic,GJ,0.005,0.005,0.005,0.005,0.005,0.005,0.005,0.005,0.005,0.005,0.005,
CIMS.CAN.BC.Industrial Minerals.Products.Cement.Portland cement.Clinker.Fluidized bed,Service,BC,Industrial Minerals,Fluidized bed,Fluidized bed NG,service_request,,,CIMS.CAN.BC.Industrial Minerals.Direct Drive,tech_multi_generic,GJ,0.092,0.092,0.092,0.092,0.092,0.092,0.092,0.092,0.092,0.092,0.092,
CIMS.CAN.BC.Industrial Minerals.Products.Cement.Portland cement.Clinker.Fluidized bed,Service,BC,Industrial Minerals,Fluidized bed,Fluidized bed NG,emissions,CO2,Process,,tech_multi_generic,tCO2,0.440869565,0.440869565,0.440869565,0.440869565,0.440869565,0.440869565,0.440869565,0.440869565,0.440869565,0.440869565,0.440869565,
CIMS.CAN.BC.Industrial Minerals.Products.Cement.Portland cement.Clinker.Fluidized bed,Service,BC,Industrial Minerals,Fluidized bed,Fluidized bed low sulphur coal,technology,,,,,,,,,,,,,,,,,
CIMS.CAN.BC.Industrial Minerals.Products.Cement.Portland cement.Clinker.Fluidized bed,Service,BC,Industrial Minerals,Fluidized bed,Fluidized bed low sulphur coal,available,,,,tech_data_generic,Year,2011,2011,2011,2011,2011,2011,2011,2011,2011,2011,2011,
CIMS.CAN.BC.Industrial Minerals.Products.Cement.Portland cement.Clinker.Fluidized bed,Service,BC,Industrial Minerals,Fluidized bed,Fluidized bed low sulphur coal,unavailable,,,,tech_data_generic,Year,2101,2101,2101,2101,2101,2101,2101,2101,2101,2101,2101,
CIMS.CAN.BC.Industrial Minerals.Products.Cement.Portland cement.Clinker.Fluidized bed,Service,BC,Industrial Minerals,Fluidized bed,Fluidized bed low sulphur coal,lifetime,,,,tech_data_generic,Years,35,35,35,35,35,35,35,35,35,35,35,
CIMS.CAN.BC.Industrial Minerals.Products.Cement.Portland cement.Clinker.Fluidized bed,Service,BC,Industrial Minerals,Fluidized bed,Fluidized bed low sulphur coal,market_share_total,,,,tech_data_region,%,0,,,,,,,,,,,
CIMS.CAN.BC.Industrial Minerals.Products.Cement.Portland cement.Clinker.Fluidized bed,Service,BC,Industrial Minerals,Fluidized bed,Fluidized bed low sulphur coal,output,,,,tech_data_generic,node unit,620000,620000,620000,620000,620000,620000,620000,620000,620000,620000,620000,
CIMS.CAN.BC.Industrial Minerals.Products.Cement.Portland cement.Clinker.Fluidized bed,Service,BC,Industrial Minerals,Fluidized bed,Fluidized bed low sulphur coal,fcc,,,,tech_data_generic,$,250136434.947286,250136434.947286,250136434.947286,250136434.947286,250136434.947286,250136434.947286,250136434.947286,250136434.947286,250136434.947286,250136434.947286,250136434.947286,
CIMS.CAN.BC.Industrial Minerals.Products.Cement.Portland cement.Clinker.Fluidized bed,Service,BC,Industrial Minerals,Fluidized bed,Fluidized bed low sulphur coal,fom,,,,tech_data_generic,$,11039758.1170822,11039758.1170822,11039758.1170822,11039758.1170822,11039758.1170822,11039758.1170822,11039758.1170822,11039758.1170822,11039758.1170822,11039758.1170822,11039758.1170822,
CIMS.CAN.BC.Industrial Minerals.Products.Cement.Portland cement.Clinker.Fluidized bed,Service,BC,Industrial Minerals,Fluidized bed,Fluidized bed low sulphur coal,service_request,,,CIMS.CAN.BC.Electricity,tech_multi_generic,GJ,-0.0076,-0.0076,-0.0076,-0.0076,-0.0076,-0.0076,-0.0076,-0.0076,-0.0076,-0.0076,-0.0076,
CIMS.CAN.BC.Industrial Minerals.Products.Cement.Portland cement.Clinker.Fluidized bed,Service,BC,Industrial Minerals,Fluidized bed,Fluidized bed low sulphur coal,service_request,,,CIMS.Generic Fuels.Coal,tech_multi_generic,GJ,4.76,4.76,4.76,4.76,4.76,4.76,4.76,4.76,4.76,4.76,4.76,
CIMS.CAN.BC.Industrial Minerals.Products.Cement.Portland cement.Clinker.Fluidized bed,Service,BC,Industrial Minerals,Fluidized bed,Fluidized bed low sulphur coal,service_request,,,CIMS.CAN.BC.Industrial Minerals.Products.Cement.Portland cement.Dry Ground Cement,tech_multi_generic,tonne,1.6,1.6,1.6,1.6,1.6,1.6,1.6,1.6,1.6,1.6,1.6,
CIMS.CAN.BC.Industrial Minerals.Products.Cement.Portland cement.Clinker.Fluidized bed,Service,BC,Industrial Minerals,Fluidized bed,Fluidized bed low sulphur coal,service_request,,,CIMS.CAN.BC.Industrial Minerals.Ventilation,tech_multi_generic,GJ,0.005,0.005,0.005,0.005,0.005,0.005,0.005,0.005,0.005,0.005,0.005,
CIMS.CAN.BC.Industrial Minerals.Products.Cement.Portland cement.Clinker.Fluidized bed,Service,BC,Industrial Minerals,Fluidized bed,Fluidized bed low sulphur coal,service_request,,,CIMS.CAN.BC.Industrial Minerals.Direct Drive,tech_multi_generic,GJ,0.092,0.092,0.092,0.092,0.092,0.092,0.092,0.092,0.092,0.092,0.092,
CIMS.CAN.BC.Industrial Minerals.Products.Cement.Portland cement.Clinker.Fluidized bed,Service,BC,Industrial Minerals,Fluidized bed,Fluidized bed low sulphur coal,emissions,CO2,Process,,tech_multi_generic,tCO2,0.440869565,0.440869565,0.440869565,0.440869565,0.440869565,0.440869565,0.440869565,0.440869565,0.440869565,0.440869565,0.440869565,
CIMS.CAN.BC.Industrial Minerals.Products.Cement.Portland cement.Clinker.Fluidized bed,Service,BC,Industrial Minerals,Fluidized bed,Fluidized bed distillate oil,technology,,,,,,,,,,,,,,,,,
CIMS.CAN.BC.Industrial Minerals.Products.Cement.Portland cement.Clinker.Fluidized bed,Service,BC,Industrial Minerals,Fluidized bed,Fluidized bed distillate oil,available,,,,tech_data_generic,Year,2011,2011,2011,2011,2011,2011,2011,2011,2011,2011,2011,
CIMS.CAN.BC.Industrial Minerals.Products.Cement.Portland cement.Clinker.Fluidized bed,Service,BC,Industrial Minerals,Fluidized bed,Fluidized bed distillate oil,unavailable,,,,tech_data_generic,Year,2101,2101,2101,2101,2101,2101,2101,2101,2101,2101,2101,
CIMS.CAN.BC.Industrial Minerals.Products.Cement.Portland cement.Clinker.Fluidized bed,Service,BC,Industrial Minerals,Fluidized bed,Fluidized bed distillate oil,lifetime,,,,tech_data_generic,Years,35,35,35,35,35,35,35,35,35,35,35,
CIMS.CAN.BC.Industrial Minerals.Products.Cement.Portland cement.Clinker.Fluidized bed,Service,BC,Industrial Minerals,Fluidized bed,Fluidized bed distillate oil,market_share_total,,,,tech_data_region,%,1,,,,,,,,,,,
CIMS.CAN.BC.Industrial Minerals.Products.Cement.Portland cement.Clinker.Fluidized bed,Service,BC,Industrial Minerals,Fluidized bed,Fluidized bed distillate oil,output,,,,tech_data_generic,node unit,620000,620000,620000,620000,620000,620000,620000,620000,620000,620000,620000,
CIMS.CAN.BC.Industrial Minerals.Products.Cement.Portland cement.Clinker.Fluidized bed,Service,BC,Industrial Minerals,Fluidized bed,Fluidized bed distillate oil,fcc,,,,tech_data_generic,$,250136434.947286,250136434.947286,250136434.947286,250136434.947286,250136434.947286,250136434.947286,250136434.947286,250136434.947286,250136434.947286,250136434.947286,250136434.947286,
CIMS.CAN.BC.Industrial Minerals.Products.Cement.Portland cement.Clinker.Fluidized bed,Service,BC,Industrial Minerals,Fluidized bed,Fluidized bed distillate oil,fom,,,,tech_data_generic,$,11039758.1170822,11039758.1170822,11039758.1170822,11039758.1170822,11039758.1170822,11039758.1170822,11039758.1170822,11039758.1170822,11039758.1170822,11039758.1170822,11039758.1170822,
CIMS.CAN.BC.Industrial Minerals.Products.Cement.Portland cement.Clinker.Fluidized bed,Service,BC,Industrial Minerals,Fluidized bed,Fluidized bed distillate oil,service_request,,,CIMS.CAN.BC.Electricity,tech_multi_generic,GJ,-0.0076,-0.0076,-0.0076,-0.0076,-0.0076,-0.0076,-0.0076,-0.0076,-0.0076,-0.0076,-0.0076,
CIMS.CAN.BC.Industrial Minerals.Products.Cement.Portland cement.Clinker.Fluidized bed,Service,BC,Industrial Minerals,Fluidized bed,Fluidized bed distillate oil,service_request,,,CIMS.Generic Fuels.Fuel Oil,tech_multi_generic,GJ,4.76,4.76,4.76,4.76,4.76,4.76,4.76,4.76,4.76,4.76,4.76,
CIMS.CAN.BC.Industrial Minerals.Products.Cement.Portland cement.Clinker.Fluidized bed,Service,BC,Industrial Minerals,Fluidized bed,Fluidized bed distillate oil,service_request,,,CIMS.CAN.BC.Industrial Minerals.Products.Cement.Portland cement.Dry Ground Cement,tech_multi_generic,tonne,1.6,1.6,1.6,1.6,1.6,1.6,1.6,1.6,1.6,1.6,1.6,
CIMS.CAN.BC.Industrial Minerals.Products.Cement.Portland cement.Clinker.Fluidized bed,Service,BC,Industrial Minerals,Fluidized bed,Fluidized bed distillate oil,service_request,,,CIMS.CAN.BC.Industrial Minerals.Ventilation,tech_multi_generic,GJ,0.005,0.005,0.005,0.005,0.005,0.005,0.005,0.005,0.005,0.005,0.005,
CIMS.CAN.BC.Industrial Minerals.Products.Cement.Portland cement.Clinker.Fluidized bed,Service,BC,Industrial Minerals,Fluidized bed,Fluidized bed distillate oil,service_request,,,CIMS.CAN.BC.Industrial Minerals.Direct Drive,tech_multi_generic,GJ,0.092,0.092,0.092,0.092,0.092,0.092,0.092,0.092,0.092,0.092,0.092,
CIMS.CAN.BC.Industrial Minerals.Products.Cement.Portland cement.Clinker.Fluidized bed,Service,BC,Industrial Minerals,Fluidized bed,Fluidized bed distillate oil,emissions,CO2,Process,,tech_multi_generic,tCO2,0.440869565,0.440869565,0.440869565,0.440869565,0.440869565,0.440869565,0.440869565,0.440869565,0.440869565,0.440869565,0.440869565,
CIMS.CAN.BC.Industrial Minerals.Products.Cement.Portland cement.Clinker.Fluidized bed,Service,BC,Industrial Minerals,Fluidized bed,Fluidized bed Petcoke,technology,,,,,,,,,,,,,,,,,
CIMS.CAN.BC.Industrial Minerals.Products.Cement.Portland cement.Clinker.Fluidized bed,Service,BC,Industrial Minerals,Fluidized bed,Fluidized bed Petcoke,available,,,,tech_data_generic,Year,2011,2011,2011,2011,2011,2011,2011,2011,2011,2011,2011,
CIMS.CAN.BC.Industrial Minerals.Products.Cement.Portland cement.Clinker.Fluidized bed,Service,BC,Industrial Minerals,Fluidized bed,Fluidized bed Petcoke,unavailable,,,,tech_data_generic,Year,2101,2101,2101,2101,2101,2101,2101,2101,2101,2101,2101,
CIMS.CAN.BC.Industrial Minerals.Products.Cement.Portland cement.Clinker.Fluidized bed,Service,BC,Industrial Minerals,Fluidized bed,Fluidized bed Petcoke,lifetime,,,,tech_data_generic,Years,35,35,35,35,35,35,35,35,35,35,35,
CIMS.CAN.BC.Industrial Minerals.Products.Cement.Portland cement.Clinker.Fluidized bed,Service,BC,Industrial Minerals,Fluidized bed,Fluidized bed Petcoke,market_share_total,,,,tech_data_region,%,0,,,,,,,,,,,
CIMS.CAN.BC.Industrial Minerals.Products.Cement.Portland cement.Clinker.Fluidized bed,Service,BC,Industrial Minerals,Fluidized bed,Fluidized bed Petcoke,output,,,,tech_data_generic,node unit,620000,620000,620000,620000,620000,620000,620000,620000,620000,620000,620000,
CIMS.CAN.BC.Industrial Minerals.Products.Cement.Portland cement.Clinker.Fluidized bed,Service,BC,Industrial Minerals,Fluidized bed,Fluidized bed Petcoke,fcc,,,,tech_data_generic,$,250136434.947286,250136434.947286,250136434.947286,250136434.947286,250136434.947286,250136434.947286,250136434.947286,250136434.947286,250136434.947286,250136434.947286,250136434.947286,
CIMS.CAN.BC.Industrial Minerals.Products.Cement.Portland cement.Clinker.Fluidized bed,Service,BC,Industrial Minerals,Fluidized bed,Fluidized bed Petcoke,fom,,,,tech_data_generic,$,11039758.1170822,11039758.1170822,11039758.1170822,11039758.1170822,11039758.1170822,11039758.1170822,11039758.1170822,11039758.1170822,11039758.1170822,11039758.1170822,11039758.1170822,
CIMS.CAN.BC.Industrial Minerals.Products.Cement.Portland cement.Clinker.Fluidized bed,Service,BC,Industrial Minerals,Fluidized bed,Fluidized bed Petcoke,service_request,,,CIMS.CAN.BC.Electricity,tech_multi_generic,GJ,-0.0076,-0.0076,-0.0076,-0.0076,-0.0076,-0.0076,-0.0076,-0.0076,-0.0076,-0.0076,-0.0076,
CIMS.CAN.BC.Industrial Minerals.Products.Cement.Portland cement.Clinker.Fluidized bed,Service,BC,Industrial Minerals,Fluidized bed,Fluidized bed Petcoke,service_request,,,CIMS.Generic Fuels.Petroleum Coke,tech_multi_generic,GJ,4.76,4.76,4.76,4.76,4.76,4.76,4.76,4.76,4.76,4.76,4.76,
CIMS.CAN.BC.Industrial Minerals.Products.Cement.Portland cement.Clinker.Fluidized bed,Service,BC,Industrial Minerals,Fluidized bed,Fluidized bed Petcoke,service_request,,,CIMS.CAN.BC.Industrial Minerals.Products.Cement.Portland cement.Dry Ground Cement,tech_multi_generic,tonne,1.6,1.6,1.6,1.6,1.6,1.6,1.6,1.6,1.6,1.6,1.6,
CIMS.CAN.BC.Industrial Minerals.Products.Cement.Portland cement.Clinker.Fluidized bed,Service,BC,Industrial Minerals,Fluidized bed,Fluidized bed Petcoke,service_request,,,CIMS.CAN.BC.Industrial Minerals.Ventilation,tech_multi_generic,GJ,0.005,0.005,0.005,0.005,0.005,0.005,0.005,0.005,0.005,0.005,0.005,
CIMS.CAN.BC.Industrial Minerals.Products.Cement.Portland cement.Clinker.Fluidized bed,Service,BC,Industrial Minerals,Fluidized bed,Fluidized bed Petcoke,service_request,,,CIMS.CAN.BC.Industrial Minerals.Direct Drive,tech_multi_generic,GJ,0.092,0.092,0.092,0.092,0.092,0.092,0.092,0.092,0.092,0.092,0.092,
CIMS.CAN.BC.Industrial Minerals.Products.Cement.Portland cement.Clinker.Fluidized bed,Service,BC,Industrial Minerals,Fluidized bed,Fluidized bed Petcoke,emissions,CO2,Process,,tech_multi_generic,tCO2,0.440869565,0.440869565,0.440869565,0.440869565,0.440869565,0.440869565,0.440869565,0.440869565,0.440869565,0.440869565,0.440869565,
CIMS.CAN.BC.Industrial Minerals.Products.Cement.Portland cement.Clinker.Fluidized bed,Service,BC,Industrial Minerals,Fluidized bed,Fluidized bed hazardous waste fuel,technology,,,,,,,,,,,,,,,,,
CIMS.CAN.BC.Industrial Minerals.Products.Cement.Portland cement.Clinker.Fluidized bed,Service,BC,Industrial Minerals,Fluidized bed,Fluidized bed hazardous waste fuel,available,,,,tech_data_generic,Year,2011,2011,2011,2011,2011,2011,2011,2011,2011,2011,2011,
CIMS.CAN.BC.Industrial Minerals.Products.Cement.Portland cement.Clinker.Fluidized bed,Service,BC,Industrial Minerals,Fluidized bed,Fluidized bed hazardous waste fuel,unavailable,,,,tech_data_generic,Year,2101,2101,2101,2101,2101,2101,2101,2101,2101,2101,2101,
CIMS.CAN.BC.Industrial Minerals.Products.Cement.Portland cement.Clinker.Fluidized bed,Service,BC,Industrial Minerals,Fluidized bed,Fluidized bed hazardous waste fuel,lifetime,,,,tech_data_generic,Years,35,35,35,35,35,35,35,35,35,35,35,
CIMS.CAN.BC.Industrial Minerals.Products.Cement.Portland cement.Clinker.Fluidized bed,Service,BC,Industrial Minerals,Fluidized bed,Fluidized bed hazardous waste fuel,market_share_total,,,,tech_data_region,%,0,,,,,,,,,,,
CIMS.CAN.BC.Industrial Minerals.Products.Cement.Portland cement.Clinker.Fluidized bed,Service,BC,Industrial Minerals,Fluidized bed,Fluidized bed hazardous waste fuel,output,,,,tech_data_generic,node unit,620000,620000,620000,620000,620000,620000,620000,620000,620000,620000,620000,
CIMS.CAN.BC.Industrial Minerals.Products.Cement.Portland cement.Clinker.Fluidized bed,Service,BC,Industrial Minerals,Fluidized bed,Fluidized bed hazardous waste fuel,fcc,,,,tech_data_generic,$,250136434.947286,250136434.947286,250136434.947286,250136434.947286,250136434.947286,250136434.947286,250136434.947286,250136434.947286,250136434.947286,250136434.947286,250136434.947286,
CIMS.CAN.BC.Industrial Minerals.Products.Cement.Portland cement.Clinker.Fluidized bed,Service,BC,Industrial Minerals,Fluidized bed,Fluidized bed hazardous waste fuel,fom,,,,tech_data_generic,$,11039758.1170822,11039758.1170822,11039758.1170822,11039758.1170822,11039758.1170822,11039758.1170822,11039758.1170822,11039758.1170822,11039758.1170822,11039758.1170822,11039758.1170822,
CIMS.CAN.BC.Industrial Minerals.Products.Cement.Portland cement.Clinker.Fluidized bed,Service,BC,Industrial Minerals,Fluidized bed,Fluidized bed hazardous waste fuel,service_request,,,CIMS.CAN.BC.Electricity,tech_multi_generic,GJ,-0.0076,-0.0076,-0.0076,-0.0076,-0.0076,-0.0076,-0.0076,-0.0076,-0.0076,-0.0076,-0.0076,
CIMS.CAN.BC.Industrial Minerals.Products.Cement.Portland cement.Clinker.Fluidized bed,Service,BC,Industrial Minerals,Fluidized bed,Fluidized bed hazardous waste fuel,service_request,,,CIMS.Generic Fuels.Waste Fuel,tech_multi_generic,GJ,4.76,4.76,4.76,4.76,4.76,4.76,4.76,4.76,4.76,4.76,4.76,
CIMS.CAN.BC.Industrial Minerals.Products.Cement.Portland cement.Clinker.Fluidized bed,Service,BC,Industrial Minerals,Fluidized bed,Fluidized bed hazardous waste fuel,service_request,,,CIMS.CAN.BC.Industrial Minerals.Products.Cement.Portland cement.Dry Ground Cement,tech_multi_generic,tonne,1.6,1.6,1.6,1.6,1.6,1.6,1.6,1.6,1.6,1.6,1.6,
CIMS.CAN.BC.Industrial Minerals.Products.Cement.Portland cement.Clinker.Fluidized bed,Service,BC,Industrial Minerals,Fluidized bed,Fluidized bed hazardous waste fuel,service_request,,,CIMS.CAN.BC.Industrial Minerals.Ventilation,tech_multi_generic,GJ,0.005,0.005,0.005,0.005,0.005,0.005,0.005,0.005,0.005,0.005,0.005,
CIMS.CAN.BC.Industrial Minerals.Products.Cement.Portland cement.Clinker.Fluidized bed,Service,BC,Industrial Minerals,Fluidized bed,Fluidized bed hazardous waste fuel,service_request,,,CIMS.CAN.BC.Industrial Minerals.Direct Drive,tech_multi_generic,GJ,0.092,0.092,0.092,0.092,0.092,0.092,0.092,0.092,0.092,0.092,0.092,
CIMS.CAN.BC.Industrial Minerals.Products.Cement.Portland cement.Clinker.Fluidized bed,Service,BC,Industrial Minerals,Fluidized bed,Fluidized bed hazardous waste fuel,emissions,CO2,Process,,tech_multi_generic,tCO2,0.440869565,0.440869565,0.440869565,0.440869565,0.440869565,0.440869565,0.440869565,0.440869565,0.440869565,0.440869565,0.440869565,
CIMS.CAN.BC.Industrial Minerals.Products.Cement.Portland cement.Clinker.Fluidized bed,Service,BC,Industrial Minerals,Fluidized bed,Fluidized bed waste derived fuel,technology,,,,,,,,,,,,,,,,,
CIMS.CAN.BC.Industrial Minerals.Products.Cement.Portland cement.Clinker.Fluidized bed,Service,BC,Industrial Minerals,Fluidized bed,Fluidized bed waste derived fuel,available,,,,tech_data_generic,Year,2011,2011,2011,2011,2011,2011,2011,2011,2011,2011,2011,
CIMS.CAN.BC.Industrial Minerals.Products.Cement.Portland cement.Clinker.Fluidized bed,Service,BC,Industrial Minerals,Fluidized bed,Fluidized bed waste derived fuel,unavailable,,,,tech_data_generic,Year,2101,2101,2101,2101,2101,2101,2101,2101,2101,2101,2101,
CIMS.CAN.BC.Industrial Minerals.Products.Cement.Portland cement.Clinker.Fluidized bed,Service,BC,Industrial Minerals,Fluidized bed,Fluidized bed waste derived fuel,lifetime,,,,tech_data_generic,Years,35,35,35,35,35,35,35,35,35,35,35,
CIMS.CAN.BC.Industrial Minerals.Products.Cement.Portland cement.Clinker.Fluidized bed,Service,BC,Industrial Minerals,Fluidized bed,Fluidized bed waste derived fuel,market_share_total,,,,tech_data_region,%,0,,,,,,,,,,,
CIMS.CAN.BC.Industrial Minerals.Products.Cement.Portland cement.Clinker.Fluidized bed,Service,BC,Industrial Minerals,Fluidized bed,Fluidized bed waste derived fuel,output,,,,tech_data_generic,node unit,620000,620000,620000,620000,620000,620000,620000,620000,620000,620000,620000,
CIMS.CAN.BC.Industrial Minerals.Products.Cement.Portland cement.Clinker.Fluidized bed,Service,BC,Industrial Minerals,Fluidized bed,Fluidized bed waste derived fuel,fcc,,,,tech_data_generic,$,250136434.947286,250136434.947286,250136434.947286,250136434.947286,250136434.947286,250136434.947286,250136434.947286,250136434.947286,250136434.947286,250136434.947286,250136434.947286,
CIMS.CAN.BC.Industrial Minerals.Products.Cement.Portland cement.Clinker.Fluidized bed,Service,BC,Industrial Minerals,Fluidized bed,Fluidized bed waste derived fuel,fom,,,,tech_data_generic,$,11039758.1170822,11039758.1170822,11039758.1170822,11039758.1170822,11039758.1170822,11039758.1170822,11039758.1170822,11039758.1170822,11039758.1170822,11039758.1170822,11039758.1170822,
CIMS.CAN.BC.Industrial Minerals.Products.Cement.Portland cement.Clinker.Fluidized bed,Service,BC,Industrial Minerals,Fluidized bed,Fluidized bed waste derived fuel,service_request,,,CIMS.CAN.BC.Electricity,tech_multi_generic,GJ,-0.0076,-0.0076,-0.0076,-0.0076,-0.0076,-0.0076,-0.0076,-0.0076,-0.0076,-0.0076,-0.0076,
CIMS.CAN.BC.Industrial Minerals.Products.Cement.Portland cement.Clinker.Fluidized bed,Service,BC,Industrial Minerals,Fluidized bed,Fluidized bed waste derived fuel,service_request,,,CIMS.Generic Fuels.Waste Fuel,tech_multi_generic,GJ,4.76,4.76,4.76,4.76,4.76,4.76,4.76,4.76,4.76,4.76,4.76,
CIMS.CAN.BC.Industrial Minerals.Products.Cement.Portland cement.Clinker.Fluidized bed,Service,BC,Industrial Minerals,Fluidized bed,Fluidized bed waste derived fuel,service_request,,,CIMS.CAN.BC.Industrial Minerals.Products.Cement.Portland cement.Dry Ground Cement,tech_multi_generic,tonne,1.6,1.6,1.6,1.6,1.6,1.6,1.6,1.6,1.6,1.6,1.6,
CIMS.CAN.BC.Industrial Minerals.Products.Cement.Portland cement.Clinker.Fluidized bed,Service,BC,Industrial Minerals,Fluidized bed,Fluidized bed waste derived fuel,service_request,,,CIMS.CAN.BC.Industrial Minerals.Ventilation,tech_multi_generic,GJ,0.005,0.005,0.005,0.005,0.005,0.005,0.005,0.005,0.005,0.005,0.005,
CIMS.CAN.BC.Industrial Minerals.Products.Cement.Portland cement.Clinker.Fluidized bed,Service,BC,Industrial Minerals,Fluidized bed,Fluidized bed waste derived fuel,service_request,,,CIMS.CAN.BC.Industrial Minerals.Direct Drive,tech_multi_generic,GJ,0.092,0.092,0.092,0.092,0.092,0.092,0.092,0.092,0.092,0.092,0.092,
CIMS.CAN.BC.Industrial Minerals.Products.Cement.Portland cement.Clinker.Fluidized bed,Service,BC,Industrial Minerals,Fluidized bed,Fluidized bed waste derived fuel,emissions,CO2,Process,,tech_multi_generic,tCO2,0.440869565,0.440869565,0.440869565,0.440869565,0.440869565,0.440869565,0.440869565,0.440869565,0.440869565,0.440869565,0.440869565,
CIMS.CAN.BC.Industrial Minerals.Products.Cement.Portland cement.Dry Ground Cement,Service,BC,Industrial Minerals,Dry Ground Cement,,service_provide,,,,activity_data_generic,tonne,,,,,,,,,,,,
CIMS.CAN.BC.Industrial Minerals.Products.Cement.Portland cement.Dry Ground Cement,Service,BC,Industrial Minerals,Dry Ground Cement,,competition,Tech Compete,,,,,,,,,,,,,,,,
CIMS.CAN.BC.Industrial Minerals.Products.Cement.Portland cement.Dry Ground Cement,Service,BC,Industrial Minerals,Dry Ground Cement,,discount_rate_financial,,,,tech_data_generic,%,0.35,0.35,0.35,0.35,0.35,0.35,0.35,0.35,0.35,0.35,0.35,
CIMS.CAN.BC.Industrial Minerals.Products.Cement.Portland cement.Dry Ground Cement,Service,BC,Industrial Minerals,Dry Ground Cement,,heterogeneity,,,,tech_data_generic,,10,10,10,10,10,10,10,10,10,10,10,
CIMS.CAN.BC.Industrial Minerals.Products.Cement.Portland cement.Dry Ground Cement,Service,BC,Industrial Minerals,Dry Ground Cement,Raw B Mild,technology,,,,,,,,,,,,,,,,,
CIMS.CAN.BC.Industrial Minerals.Products.Cement.Portland cement.Dry Ground Cement,Service,BC,Industrial Minerals,Dry Ground Cement,Raw B Mild,available,,,,tech_data_generic,Year,1940,1940,1940,1940,1940,1940,1940,1940,1940,1940,1940,
CIMS.CAN.BC.Industrial Minerals.Products.Cement.Portland cement.Dry Ground Cement,Service,BC,Industrial Minerals,Dry Ground Cement,Raw B Mild,unavailable,,,,tech_data_generic,Year,2101,2101,2101,2101,2101,2101,2101,2101,2101,2101,2101,
CIMS.CAN.BC.Industrial Minerals.Products.Cement.Portland cement.Dry Ground Cement,Service,BC,Industrial Minerals,Dry Ground Cement,Raw B Mild,lifetime,,,,tech_data_generic,Years,20,20,20,20,20,20,20,20,20,20,20,
CIMS.CAN.BC.Industrial Minerals.Products.Cement.Portland cement.Dry Ground Cement,Service,BC,Industrial Minerals,Dry Ground Cement,Raw B Mild,market_share_total,,,,tech_data_region,%,1,,,,,,,,,,,
CIMS.CAN.BC.Industrial Minerals.Products.Cement.Portland cement.Dry Ground Cement,Service,BC,Industrial Minerals,Dry Ground Cement,Raw B Mild,output,,,,tech_data_generic,node unit,750000,750000,750000,750000,750000,750000,750000,750000,750000,750000,750000,
CIMS.CAN.BC.Industrial Minerals.Products.Cement.Portland cement.Dry Ground Cement,Service,BC,Industrial Minerals,Dry Ground Cement,Raw B Mild,fcc,,,,tech_data_generic,$,20220939.0709948,20220939.0709948,20220939.0709948,20220939.0709948,20220939.0709948,20220939.0709948,20220939.0709948,20220939.0709948,20220939.0709948,20220939.0709948,20220939.0709948,
CIMS.CAN.BC.Industrial Minerals.Products.Cement.Portland cement.Dry Ground Cement,Service,BC,Industrial Minerals,Dry Ground Cement,Raw B Mild,fom,,,,tech_data_generic,$,730985.991326887,730985.991326887,730985.991326887,730985.991326887,730985.991326887,730985.991326887,730985.991326887,730985.991326887,730985.991326887,730985.991326887,730985.991326887,
CIMS.CAN.BC.Industrial Minerals.Products.Cement.Portland cement.Dry Ground Cement,Service,BC,Industrial Minerals,Dry Ground Cement,Raw B Mild,service_request,,,CIMS.CAN.BC.Industrial Minerals.Methane Blend,tech_multi_generic,GJ,0.12,0.12,0.12,0.12,0.12,0.12,0.12,0.12,0.12,0.12,0.12,
CIMS.CAN.BC.Industrial Minerals.Products.Cement.Portland cement.Dry Ground Cement,Service,BC,Industrial Minerals,Dry Ground Cement,Raw B Mild,service_request,,,CIMS.CAN.BC.Industrial Minerals.Conveyance,tech_multi_generic,GJ,0.003,0.003,0.003,0.003,0.003,0.003,0.003,0.003,0.003,0.003,0.003,
CIMS.CAN.BC.Industrial Minerals.Products.Cement.Portland cement.Dry Ground Cement,Service,BC,Industrial Minerals,Dry Ground Cement,Raw B Mild,service_request,,,CIMS.CAN.BC.Industrial Minerals.Pumping,tech_multi_generic,GJ,0.008,0.008,0.008,0.008,0.008,0.008,0.008,0.008,0.008,0.008,0.008,
CIMS.CAN.BC.Industrial Minerals.Products.Cement.Portland cement.Dry Ground Cement,Service,BC,Industrial Minerals,Dry Ground Cement,Raw B Mild,service_request,,,CIMS.CAN.BC.Industrial Minerals.Direct Drive,tech_multi_generic,GJ,0.161,0.161,0.161,0.161,0.161,0.161,0.161,0.161,0.161,0.161,0.161,
CIMS.CAN.BC.Industrial Minerals.Products.Cement.Portland cement.Dry Ground Cement,Service,BC,Industrial Minerals,Dry Ground Cement,Raw R Mild,technology,,,,,,,,,,,,,,,,,
CIMS.CAN.BC.Industrial Minerals.Products.Cement.Portland cement.Dry Ground Cement,Service,BC,Industrial Minerals,Dry Ground Cement,Raw R Mild,available,,,,tech_data_generic,Year,1989,1989,1989,1989,1989,1989,1989,1989,1989,1989,1989,
CIMS.CAN.BC.Industrial Minerals.Products.Cement.Portland cement.Dry Ground Cement,Service,BC,Industrial Minerals,Dry Ground Cement,Raw R Mild,unavailable,,,,tech_data_generic,Year,2101,2101,2101,2101,2101,2101,2101,2101,2101,2101,2101,
CIMS.CAN.BC.Industrial Minerals.Products.Cement.Portland cement.Dry Ground Cement,Service,BC,Industrial Minerals,Dry Ground Cement,Raw R Mild,lifetime,,,,tech_data_generic,Years,20,20,20,20,20,20,20,20,20,20,20,
CIMS.CAN.BC.Industrial Minerals.Products.Cement.Portland cement.Dry Ground Cement,Service,BC,Industrial Minerals,Dry Ground Cement,Raw R Mild,market_share_total,,,,tech_data_region,%,0,,,,,,,,,,,
CIMS.CAN.BC.Industrial Minerals.Products.Cement.Portland cement.Dry Ground Cement,Service,BC,Industrial Minerals,Dry Ground Cement,Raw R Mild,output,,,,tech_data_generic,node unit,750000,750000,750000,750000,750000,750000,750000,750000,750000,750000,750000,
CIMS.CAN.BC.Industrial Minerals.Products.Cement.Portland cement.Dry Ground Cement,Service,BC,Industrial Minerals,Dry Ground Cement,Raw R Mild,fcc,,,,tech_data_generic,$,22554124.5589852,22554124.5589852,22554124.5589852,22554124.5589852,22554124.5589852,22554124.5589852,22554124.5589852,22554124.5589852,22554124.5589852,22554124.5589852,22554124.5589852,
CIMS.CAN.BC.Industrial Minerals.Products.Cement.Portland cement.Dry Ground Cement,Service,BC,Industrial Minerals,Dry Ground Cement,Raw R Mild,fom,,,,tech_data_generic,$,632584.121199346,632584.121199346,632584.121199346,632584.121199346,632584.121199346,632584.121199346,632584.121199346,632584.121199346,632584.121199346,632584.121199346,632584.121199346,
CIMS.CAN.BC.Industrial Minerals.Products.Cement.Portland cement.Dry Ground Cement,Service,BC,Industrial Minerals,Dry Ground Cement,Raw R Mild,service_request,,,CIMS.CAN.BC.Industrial Minerals.Methane Blend,tech_multi_generic,GJ,0.06,0.06,0.06,0.06,0.06,0.06,0.06,0.06,0.06,0.06,0.06,
CIMS.CAN.BC.Industrial Minerals.Products.Cement.Portland cement.Dry Ground Cement,Service,BC,Industrial Minerals,Dry Ground Cement,Raw R Mild,service_request,,,CIMS.CAN.BC.Industrial Minerals.Conveyance,tech_multi_generic,GJ,0.003,0.003,0.003,0.003,0.003,0.003,0.003,0.003,0.003,0.003,0.003,
CIMS.CAN.BC.Industrial Minerals.Products.Cement.Portland cement.Dry Ground Cement,Service,BC,Industrial Minerals,Dry Ground Cement,Raw R Mild,service_request,,,CIMS.CAN.BC.Industrial Minerals.Pumping,tech_multi_generic,GJ,0.008,0.008,0.008,0.008,0.008,0.008,0.008,0.008,0.008,0.008,0.008,
CIMS.CAN.BC.Industrial Minerals.Products.Cement.Portland cement.Dry Ground Cement,Service,BC,Industrial Minerals,Dry Ground Cement,Raw R Mild,service_request,,,CIMS.CAN.BC.Industrial Minerals.Direct Drive,tech_multi_generic,GJ,0.146,0.146,0.146,0.146,0.146,0.146,0.146,0.146,0.146,0.146,0.146,
CIMS.CAN.BC.Industrial Minerals.Products.Cement.Portland cement.Finish Grinding,Service,BC,Industrial Minerals,Finish Grinding,,service_provide,,,,activity_data_generic,tonne,,,,,,,,,,,,
CIMS.CAN.BC.Industrial Minerals.Products.Cement.Portland cement.Finish Grinding,Service,BC,Industrial Minerals,Finish Grinding,,competition,Tech Compete,,,,,,,,,,,,,,,,
CIMS.CAN.BC.Industrial Minerals.Products.Cement.Portland cement.Finish Grinding,Service,BC,Industrial Minerals,Finish Grinding,,discount_rate_financial,,,,tech_data_generic,%,0.35,0.35,0.35,0.35,0.35,0.35,0.35,0.35,0.35,0.35,0.35,
CIMS.CAN.BC.Industrial Minerals.Products.Cement.Portland cement.Finish Grinding,Service,BC,Industrial Minerals,Finish Grinding,,heterogeneity,,,,tech_data_generic,,10,10,10,10,10,10,10,10,10,10,10,
CIMS.CAN.BC.Industrial Minerals.Products.Cement.Portland cement.Finish Grinding,Service,BC,Industrial Minerals,Finish Grinding,Finish roller high Eff separator,technology,,,,,,,,,,,,,,,,,
CIMS.CAN.BC.Industrial Minerals.Products.Cement.Portland cement.Finish Grinding,Service,BC,Industrial Minerals,Finish Grinding,Finish roller high Eff separator,available,,,,tech_data_generic,Year,1999,1999,1999,1999,1999,1999,1999,1999,1999,1999,1999,
CIMS.CAN.BC.Industrial Minerals.Products.Cement.Portland cement.Finish Grinding,Service,BC,Industrial Minerals,Finish Grinding,Finish roller high Eff separator,unavailable,,,,tech_data_generic,Year,2101,2101,2101,2101,2101,2101,2101,2101,2101,2101,2101,
CIMS.CAN.BC.Industrial Minerals.Products.Cement.Portland cement.Finish Grinding,Service,BC,Industrial Minerals,Finish Grinding,Finish roller high Eff separator,lifetime,,,,tech_data_generic,Years,20,20,20,20,20,20,20,20,20,20,20,
CIMS.CAN.BC.Industrial Minerals.Products.Cement.Portland cement.Finish Grinding,Service,BC,Industrial Minerals,Finish Grinding,Finish roller high Eff separator,market_share_total,,,,tech_data_region,%,0,,,,,,,,,,,
CIMS.CAN.BC.Industrial Minerals.Products.Cement.Portland cement.Finish Grinding,Service,BC,Industrial Minerals,Finish Grinding,Finish roller high Eff separator,output,,,,tech_data_generic,node unit,750000,750000,750000,750000,750000,750000,750000,750000,750000,750000,750000,
CIMS.CAN.BC.Industrial Minerals.Products.Cement.Portland cement.Finish Grinding,Service,BC,Industrial Minerals,Finish Grinding,Finish roller high Eff separator,fcc,,,,tech_data_generic,$,87105583.2091413,87105583.2091413,87105583.2091413,87105583.2091413,87105583.2091413,87105583.2091413,87105583.2091413,87105583.2091413,87105583.2091413,87105583.2091413,87105583.2091413,
CIMS.CAN.BC.Industrial Minerals.Products.Cement.Portland cement.Finish Grinding,Service,BC,Industrial Minerals,Finish Grinding,Finish roller high Eff separator,fom,,,,tech_data_generic,$,1405741.44874163,1405741.44874163,1405741.44874163,1405741.44874163,1405741.44874163,1405741.44874163,1405741.44874163,1405741.44874163,1405741.44874163,1405741.44874163,1405741.44874163,
CIMS.CAN.BC.Industrial Minerals.Products.Cement.Portland cement.Finish Grinding,Service,BC,Industrial Minerals,Finish Grinding,Finish roller high Eff separator,service_request,,,CIMS.CAN.BC.Industrial Minerals.Conveyance,tech_multi_generic,GJ,0.003,0.003,0.003,0.003,0.003,0.003,0.003,0.003,0.003,0.003,0.003,
CIMS.CAN.BC.Industrial Minerals.Products.Cement.Portland cement.Finish Grinding,Service,BC,Industrial Minerals,Finish Grinding,Finish roller high Eff separator,service_request,,,CIMS.CAN.BC.Industrial Minerals.Pumping,tech_multi_generic,GJ,0.006,0.006,0.006,0.006,0.006,0.006,0.006,0.006,0.006,0.006,0.006,
CIMS.CAN.BC.Industrial Minerals.Products.Cement.Portland cement.Finish Grinding,Service,BC,Industrial Minerals,Finish Grinding,Finish roller high Eff separator,service_request,,,CIMS.CAN.BC.Industrial Minerals.Direct Drive,tech_multi_generic,GJ,0.107,0.107,0.107,0.107,0.107,0.107,0.107,0.107,0.107,0.107,0.107,
CIMS.CAN.BC.Industrial Minerals.Products.Cement.Portland cement.Finish Grinding,Service,BC,Industrial Minerals,Finish Grinding,Finish roller mill,technology,,,,,,,,,,,,,,,,,
CIMS.CAN.BC.Industrial Minerals.Products.Cement.Portland cement.Finish Grinding,Service,BC,Industrial Minerals,Finish Grinding,Finish roller mill,available,,,,tech_data_generic,Year,1999,1999,1999,1999,1999,1999,1999,1999,1999,1999,1999,
CIMS.CAN.BC.Industrial Minerals.Products.Cement.Portland cement.Finish Grinding,Service,BC,Industrial Minerals,Finish Grinding,Finish roller mill,unavailable,,,,tech_data_generic,Year,2101,2101,2101,2101,2101,2101,2101,2101,2101,2101,2101,
CIMS.CAN.BC.Industrial Minerals.Products.Cement.Portland cement.Finish Grinding,Service,BC,Industrial Minerals,Finish Grinding,Finish roller mill,lifetime,,,,tech_data_generic,Years,20,20,20,20,20,20,20,20,20,20,20,
CIMS.CAN.BC.Industrial Minerals.Products.Cement.Portland cement.Finish Grinding,Service,BC,Industrial Minerals,Finish Grinding,Finish roller mill,market_share_total,,,,tech_data_region,%,0,,,,,,,,,,,
CIMS.CAN.BC.Industrial Minerals.Products.Cement.Portland cement.Finish Grinding,Service,BC,Industrial Minerals,Finish Grinding,Finish roller mill,output,,,,tech_data_generic,node unit,750000,750000,750000,750000,750000,750000,750000,750000,750000,750000,750000,
CIMS.CAN.BC.Industrial Minerals.Products.Cement.Portland cement.Finish Grinding,Service,BC,Industrial Minerals,Finish Grinding,Finish roller mill,fcc,,,,tech_data_generic,$,82439213.0152698,82439213.0152698,82439213.0152698,82439213.0152698,82439213.0152698,82439213.0152698,82439213.0152698,82439213.0152698,82439213.0152698,82439213.0152698,82439213.0152698,
CIMS.CAN.BC.Industrial Minerals.Products.Cement.Portland cement.Finish Grinding,Service,BC,Industrial Minerals,Finish Grinding,Finish roller mill,fom,,,,tech_data_generic,$,1405741.44874163,1405741.44874163,1405741.44874163,1405741.44874163,1405741.44874163,1405741.44874163,1405741.44874163,1405741.44874163,1405741.44874163,1405741.44874163,1405741.44874163,
CIMS.CAN.BC.Industrial Minerals.Products.Cement.Portland cement.Finish Grinding,Service,BC,Industrial Minerals,Finish Grinding,Finish roller mill,service_request,,,CIMS.CAN.BC.Industrial Minerals.Conveyance,tech_multi_generic,GJ,0.003,0.003,0.003,0.003,0.003,0.003,0.003,0.003,0.003,0.003,0.003,
CIMS.CAN.BC.Industrial Minerals.Products.Cement.Portland cement.Finish Grinding,Service,BC,Industrial Minerals,Finish Grinding,Finish roller mill,service_request,,,CIMS.CAN.BC.Industrial Minerals.Pumping,tech_multi_generic,GJ,0.006,0.006,0.006,0.006,0.006,0.006,0.006,0.006,0.006,0.006,0.006,
CIMS.CAN.BC.Industrial Minerals.Products.Cement.Portland cement.Finish Grinding,Service,BC,Industrial Minerals,Finish Grinding,Finish roller mill,service_request,,,CIMS.CAN.BC.Industrial Minerals.Direct Drive,tech_multi_generic,GJ,0.123,0.123,0.123,0.123,0.123,0.123,0.123,0.123,0.123,0.123,0.123,
CIMS.CAN.BC.Industrial Minerals.Products.Cement.Portland cement.Finish Grinding,Service,BC,Industrial Minerals,Finish Grinding,Finish ball mill high Eff separator,technology,,,,,,,,,,,,,,,,,
CIMS.CAN.BC.Industrial Minerals.Products.Cement.Portland cement.Finish Grinding,Service,BC,Industrial Minerals,Finish Grinding,Finish ball mill high Eff separator,available,,,,tech_data_generic,Year,1940,1940,1940,1940,1940,1940,1940,1940,1940,1940,1940,
CIMS.CAN.BC.Industrial Minerals.Products.Cement.Portland cement.Finish Grinding,Service,BC,Industrial Minerals,Finish Grinding,Finish ball mill high Eff separator,unavailable,,,,tech_data_generic,Year,2101,2101,2101,2101,2101,2101,2101,2101,2101,2101,2101,
CIMS.CAN.BC.Industrial Minerals.Products.Cement.Portland cement.Finish Grinding,Service,BC,Industrial Minerals,Finish Grinding,Finish ball mill high Eff separator,lifetime,,,,tech_data_generic,Years,20,20,20,20,20,20,20,20,20,20,20,
CIMS.CAN.BC.Industrial Minerals.Products.Cement.Portland cement.Finish Grinding,Service,BC,Industrial Minerals,Finish Grinding,Finish ball mill high Eff separator,market_share_total,,,,tech_data_region,%,0,,,,,,,,,,,
CIMS.CAN.BC.Industrial Minerals.Products.Cement.Portland cement.Finish Grinding,Service,BC,Industrial Minerals,Finish Grinding,Finish ball mill high Eff separator,output,,,,tech_data_generic,node unit,750000,750000,750000,750000,750000,750000,750000,750000,750000,750000,750000,
CIMS.CAN.BC.Industrial Minerals.Products.Cement.Portland cement.Finish Grinding,Service,BC,Industrial Minerals,Finish Grinding,Finish ball mill high Eff separator,fcc,,,,tech_data_generic,$,77772842.8213984,77772842.8213984,77772842.8213984,77772842.8213984,77772842.8213984,77772842.8213984,77772842.8213984,77772842.8213984,77772842.8213984,77772842.8213984,77772842.8213984,
CIMS.CAN.BC.Industrial Minerals.Products.Cement.Portland cement.Finish Grinding,Service,BC,Industrial Minerals,Finish Grinding,Finish ball mill high Eff separator,fom,,,,tech_data_generic,$,1532258.58582524,1532258.58582524,1532258.58582524,1532258.58582524,1532258.58582524,1532258.58582524,1532258.58582524,1532258.58582524,1532258.58582524,1532258.58582524,1532258.58582524,
CIMS.CAN.BC.Industrial Minerals.Products.Cement.Portland cement.Finish Grinding,Service,BC,Industrial Minerals,Finish Grinding,Finish ball mill high Eff separator,service_request,,,CIMS.CAN.BC.Industrial Minerals.Conveyance,tech_multi_generic,GJ,0.003,0.003,0.003,0.003,0.003,0.003,0.003,0.003,0.003,0.003,0.003,
CIMS.CAN.BC.Industrial Minerals.Products.Cement.Portland cement.Finish Grinding,Service,BC,Industrial Minerals,Finish Grinding,Finish ball mill high Eff separator,service_request,,,CIMS.CAN.BC.Industrial Minerals.Pumping,tech_multi_generic,GJ,0.008,0.008,0.008,0.008,0.008,0.008,0.008,0.008,0.008,0.008,0.008,
CIMS.CAN.BC.Industrial Minerals.Products.Cement.Portland cement.Finish Grinding,Service,BC,Industrial Minerals,Finish Grinding,Finish ball mill high Eff separator,service_request,,,CIMS.CAN.BC.Industrial Minerals.Direct Drive,tech_multi_generic,GJ,0.146,0.146,0.146,0.146,0.146,0.146,0.146,0.146,0.146,0.146,0.146,
CIMS.CAN.BC.Industrial Minerals.Products.Cement.Portland cement.Finish Grinding,Service,BC,Industrial Minerals,Finish Grinding,Finish ball mill,technology,,,,,,,,,,,,,,,,,
CIMS.CAN.BC.Industrial Minerals.Products.Cement.Portland cement.Finish Grinding,Service,BC,Industrial Minerals,Finish Grinding,Finish ball mill,available,,,,tech_data_generic,Year,1940,1940,1940,1940,1940,1940,1940,1940,1940,1940,1940,
CIMS.CAN.BC.Industrial Minerals.Products.Cement.Portland cement.Finish Grinding,Service,BC,Industrial Minerals,Finish Grinding,Finish ball mill,unavailable,,,,tech_data_generic,Year,2101,2101,2101,2101,2101,2101,2101,2101,2101,2101,2101,
CIMS.CAN.BC.Industrial Minerals.Products.Cement.Portland cement.Finish Grinding,Service,BC,Industrial Minerals,Finish Grinding,Finish ball mill,lifetime,,,,tech_data_generic,Years,20,20,20,20,20,20,20,20,20,20,20,
CIMS.CAN.BC.Industrial Minerals.Products.Cement.Portland cement.Finish Grinding,Service,BC,Industrial Minerals,Finish Grinding,Finish ball mill,market_share_total,,,,tech_data_region,%,1,,,,,,,,,,,
CIMS.CAN.BC.Industrial Minerals.Products.Cement.Portland cement.Finish Grinding,Service,BC,Industrial Minerals,Finish Grinding,Finish ball mill,output,,,,tech_data_generic,node unit,750000,750000,750000,750000,750000,750000,750000,750000,750000,750000,750000,
CIMS.CAN.BC.Industrial Minerals.Products.Cement.Portland cement.Finish Grinding,Service,BC,Industrial Minerals,Finish Grinding,Finish ball mill,fcc,,,,tech_data_generic,$,73106471.8454176,73106471.8454176,73106471.8454176,73106471.8454176,73106471.8454176,73106471.8454176,73106471.8454176,73106471.8454176,73106471.8454176,73106471.8454176,73106471.8454176,
CIMS.CAN.BC.Industrial Minerals.Products.Cement.Portland cement.Finish Grinding,Service,BC,Industrial Minerals,Finish Grinding,Finish ball mill,fom,,,,tech_data_generic,$,1532258.58582524,1532258.58582524,1532258.58582524,1532258.58582524,1532258.58582524,1532258.58582524,1532258.58582524,1532258.58582524,1532258.58582524,1532258.58582524,1532258.58582524,
CIMS.CAN.BC.Industrial Minerals.Products.Cement.Portland cement.Finish Grinding,Service,BC,Industrial Minerals,Finish Grinding,Finish ball mill,service_request,,,CIMS.CAN.BC.Industrial Minerals.Conveyance,tech_multi_generic,GJ,0.003,0.003,0.003,0.003,0.003,0.003,0.003,0.003,0.003,0.003,0.003,
CIMS.CAN.BC.Industrial Minerals.Products.Cement.Portland cement.Finish Grinding,Service,BC,Industrial Minerals,Finish Grinding,Finish ball mill,service_request,,,CIMS.CAN.BC.Industrial Minerals.Pumping,tech_multi_generic,GJ,0.008,0.008,0.008,0.008,0.008,0.008,0.008,0.008,0.008,0.008,0.008,
CIMS.CAN.BC.Industrial Minerals.Products.Cement.Portland cement.Finish Grinding,Service,BC,Industrial Minerals,Finish Grinding,Finish ball mill,service_request,,,CIMS.CAN.BC.Industrial Minerals.Direct Drive,tech_multi_generic,GJ,0.161,0.161,0.161,0.161,0.161,0.161,0.161,0.161,0.161,0.161,0.161,
CIMS.CAN.BC.Industrial Minerals.Products.Lime,Service,BC,Industrial Minerals,Lime,,service_provide,,,,activity_data_generic,tonne,,,,,,,,,,,,
CIMS.CAN.BC.Industrial Minerals.Products.Lime,Service,BC,Industrial Minerals,Lime,,competition,Fixed Ratio,,,,,,,,,,,,,,,,
CIMS.CAN.BC.Industrial Minerals.Products.Lime,Service,BC,Industrial Minerals,Lime,,service_request,,,CIMS.CAN.BC.Industrial Minerals.Products.Lime.Kilns,activity_data_region,tonne,1,1,1,1,1,1,1,1,1,1,1,
CIMS.CAN.BC.Industrial Minerals.Products.Lime,Service,BC,Industrial Minerals,Lime,,service_request,,,CIMS.CAN.BC.Industrial Minerals.HVAC,activity_data_region,GJ,0.005,0.005,0.005,0.005,0.005,0.005,0.005,0.005,0.005,0.005,0.005,
CIMS.CAN.BC.Industrial Minerals.Products.Lime,Service,BC,Industrial Minerals,Lime,,service_request,,,CIMS.CAN.BC.Industrial Minerals.Lighting,activity_data_region,GJ,0.005,0.005,0.005,0.005,0.005,0.005,0.005,0.005,0.005,0.005,0.005,
CIMS.CAN.BC.Industrial Minerals.Products.Lime.Kilns,Service,BC,Industrial Minerals,Kilns,,service_provide,,,,activity_data_generic,tonne,,,,,,,,,,,,
CIMS.CAN.BC.Industrial Minerals.Products.Lime.Kilns,Service,BC,Industrial Minerals,Kilns,,competition,Tech Compete,,,,,,,,,,,,,,,,
CIMS.CAN.BC.Industrial Minerals.Products.Lime.Kilns,Service,BC,Industrial Minerals,Kilns,,discount_rate_financial,,,,tech_data_generic,%,0.35,0.35,0.35,0.35,0.35,0.35,0.35,0.35,0.35,0.35,0.35,
CIMS.CAN.BC.Industrial Minerals.Products.Lime.Kilns,Service,BC,Industrial Minerals,Kilns,,heterogeneity,,,,tech_data_generic,,50,50,50,50,50,50,50,50,50,50,50,
CIMS.CAN.BC.Industrial Minerals.Products.Lime.Kilns,Service,BC,Industrial Minerals,Kilns,Rotary Preheat NG,technology,,,,,,,,,,,,,,,,,
CIMS.CAN.BC.Industrial Minerals.Products.Lime.Kilns,Service,BC,Industrial Minerals,Kilns,Rotary Preheat NG,available,,,,tech_data_generic,Year,1950,1950,1950,1950,1950,1950,1950,1950,1950,1950,1950,
CIMS.CAN.BC.Industrial Minerals.Products.Lime.Kilns,Service,BC,Industrial Minerals,Kilns,Rotary Preheat NG,unavailable,,,,tech_data_generic,Year,2101,2101,2101,2101,2101,2101,2101,2101,2101,2101,2101,
CIMS.CAN.BC.Industrial Minerals.Products.Lime.Kilns,Service,BC,Industrial Minerals,Kilns,Rotary Preheat NG,lifetime,,,,tech_data_generic,Years,30,30,30,30,30,30,30,30,30,30,30,
CIMS.CAN.BC.Industrial Minerals.Products.Lime.Kilns,Service,BC,Industrial Minerals,Kilns,Rotary Preheat NG,market_share_total,,,,tech_data_region,%,0.392,,,,,,,,,,,
CIMS.CAN.BC.Industrial Minerals.Products.Lime.Kilns,Service,BC,Industrial Minerals,Kilns,Rotary Preheat NG,output,,,,tech_data_generic,node unit,340000,340000,340000,340000,340000,340000,340000,340000,340000,340000,340000,
CIMS.CAN.BC.Industrial Minerals.Products.Lime.Kilns,Service,BC,Industrial Minerals,Kilns,Rotary Preheat NG,fcc,,,,tech_data_generic,$,46155663.978271,46155663.978271,46155663.978271,46155663.978271,46155663.978271,46155663.978271,46155663.978271,46155663.978271,46155663.978271,46155663.978271,46155663.978271,
CIMS.CAN.BC.Industrial Minerals.Products.Lime.Kilns,Service,BC,Industrial Minerals,Kilns,Rotary Preheat NG,fom,,,,tech_data_generic,$,2425164.67612607,2425164.67612607,2425164.67612607,2425164.67612607,2425164.67612607,2425164.67612607,2425164.67612607,2425164.67612607,2425164.67612607,2425164.67612607,2425164.67612607,
CIMS.CAN.BC.Industrial Minerals.Products.Lime.Kilns,Service,BC,Industrial Minerals,Kilns,Rotary Preheat NG,service_request,,,CIMS.CAN.BC.Industrial Minerals.Methane Blend,tech_multi_generic,GJ,6.228,6.228,6.228,6.228,6.228,6.228,6.228,6.228,6.228,6.228,6.228,
CIMS.CAN.BC.Industrial Minerals.Products.Lime.Kilns,Service,BC,Industrial Minerals,Kilns,Rotary Preheat NG,service_request,,,CIMS.CAN.BC.Industrial Minerals.Ventilation,tech_multi_generic,GJ,0.03359926223188,0.03359926223188,0.03359926223188,0.03359926223188,0.03359926223188,0.03359926223188,0.03359926223188,0.03359926223188,0.03359926223188,0.03359926223188,0.03359926223188,
CIMS.CAN.BC.Industrial Minerals.Products.Lime.Kilns,Service,BC,Industrial Minerals,Kilns,Rotary Preheat NG,service_request,,,CIMS.CAN.BC.Industrial Minerals.Conveyance,tech_multi_generic,GJ,0.03781760683167,0.03781760683167,0.03781760683167,0.03781760683167,0.03781760683167,0.03781760683167,0.03781760683167,0.03781760683167,0.03781760683167,0.03781760683167,0.03781760683167,
CIMS.CAN.BC.Industrial Minerals.Products.Lime.Kilns,Service,BC,Industrial Minerals,Kilns,Rotary Preheat NG,service_request,,,CIMS.CAN.BC.Industrial Minerals.Direct Drive,tech_multi_generic,GJ,0.15658023171802,0.15658023171802,0.15658023171802,0.15658023171802,0.15658023171802,0.15658023171802,0.15658023171802,0.15658023171802,0.15658023171802,0.15658023171802,0.15658023171802,
CIMS.CAN.BC.Industrial Minerals.Products.Lime.Kilns,Service,BC,Industrial Minerals,Kilns,Rotary Preheat NG,emissions,CO2,Process,,tech_multi_generic,tCO2,0.75,0.75,0.75,0.75,0.75,0.75,0.75,0.75,0.75,0.75,0.75,
CIMS.CAN.BC.Industrial Minerals.Products.Lime.Kilns,Service,BC,Industrial Minerals,Kilns,Rotary Preheat Internals NG,technology,,,,,,,,,,,,,,,,,
CIMS.CAN.BC.Industrial Minerals.Products.Lime.Kilns,Service,BC,Industrial Minerals,Kilns,Rotary Preheat Internals NG,available,,,,tech_data_generic,Year,1950,1950,1950,1950,1950,1950,1950,1950,1950,1950,1950,
CIMS.CAN.BC.Industrial Minerals.Products.Lime.Kilns,Service,BC,Industrial Minerals,Kilns,Rotary Preheat Internals NG,unavailable,,,,tech_data_generic,Year,2101,2101,2101,2101,2101,2101,2101,2101,2101,2101,2101,
CIMS.CAN.BC.Industrial Minerals.Products.Lime.Kilns,Service,BC,Industrial Minerals,Kilns,Rotary Preheat Internals NG,lifetime,,,,tech_data_generic,Years,30,30,30,30,30,30,30,30,30,30,30,
CIMS.CAN.BC.Industrial Minerals.Products.Lime.Kilns,Service,BC,Industrial Minerals,Kilns,Rotary Preheat Internals NG,market_share_total,,,,tech_data_region,%,0,,,,,,,,,,,
CIMS.CAN.BC.Industrial Minerals.Products.Lime.Kilns,Service,BC,Industrial Minerals,Kilns,Rotary Preheat Internals NG,output,,,,tech_data_generic,node unit,340000,340000,340000,340000,340000,340000,340000,340000,340000,340000,340000,
CIMS.CAN.BC.Industrial Minerals.Products.Lime.Kilns,Service,BC,Industrial Minerals,Kilns,Rotary Preheat Internals NG,fcc,,,,tech_data_generic,$,47034819.3091589,47034819.3091589,47034819.3091589,47034819.3091589,47034819.3091589,47034819.3091589,47034819.3091589,47034819.3091589,47034819.3091589,47034819.3091589,47034819.3091589,
CIMS.CAN.BC.Industrial Minerals.Products.Lime.Kilns,Service,BC,Industrial Minerals,Kilns,Rotary Preheat Internals NG,fom,,,,tech_data_generic,$,2425164.67612607,2425164.67612607,2425164.67612607,2425164.67612607,2425164.67612607,2425164.67612607,2425164.67612607,2425164.67612607,2425164.67612607,2425164.67612607,2425164.67612607,
CIMS.CAN.BC.Industrial Minerals.Products.Lime.Kilns,Service,BC,Industrial Minerals,Kilns,Rotary Preheat Internals NG,service_request,,,CIMS.CAN.BC.Industrial Minerals.Methane Blend,tech_multi_generic,GJ,5.461,5.461,5.461,5.461,5.461,5.461,5.461,5.461,5.461,5.461,5.461,
CIMS.CAN.BC.Industrial Minerals.Products.Lime.Kilns,Service,BC,Industrial Minerals,Kilns,Rotary Preheat Internals NG,service_request,,,CIMS.CAN.BC.Industrial Minerals.Ventilation,tech_multi_generic,GJ,0.03418924049759,0.03418924049759,0.03418924049759,0.03418924049759,0.03418924049759,0.03418924049759,0.03418924049759,0.03418924049759,0.03418924049759,0.03418924049759,0.03418924049759,
CIMS.CAN.BC.Industrial Minerals.Products.Lime.Kilns,Service,BC,Industrial Minerals,Kilns,Rotary Preheat Internals NG,service_request,,,CIMS.CAN.BC.Industrial Minerals.Conveyance,tech_multi_generic,GJ,0.03772911009181,0.03772911009181,0.03772911009181,0.03772911009181,0.03772911009181,0.03772911009181,0.03772911009181,0.03772911009181,0.03772911009181,0.03772911009181,0.03772911009181,
CIMS.CAN.BC.Industrial Minerals.Products.Lime.Kilns,Service,BC,Industrial Minerals,Kilns,Rotary Preheat Internals NG,service_request,,,CIMS.CAN.BC.Industrial Minerals.Direct Drive,tech_multi_generic,GJ,0.28501850016194,0.28501850016194,0.28501850016194,0.28501850016194,0.28501850016194,0.28501850016194,0.28501850016194,0.28501850016194,0.28501850016194,0.28501850016194,0.28501850016194,
CIMS.CAN.BC.Industrial Minerals.Products.Lime.Kilns,Service,BC,Industrial Minerals,Kilns,Rotary Preheat Internals NG,emissions,CO2,Process,,tech_multi_generic,tCO2,0.75,0.75,0.75,0.75,0.75,0.75,0.75,0.75,0.75,0.75,0.75,
CIMS.CAN.BC.Industrial Minerals.Products.Lime.Kilns,Service,BC,Industrial Minerals,Kilns,Rotary Coal,technology,,,,,,,,,,,,,,,,,
CIMS.CAN.BC.Industrial Minerals.Products.Lime.Kilns,Service,BC,Industrial Minerals,Kilns,Rotary Coal,available,,,,tech_data_generic,Year,1950,1950,1950,1950,1950,1950,1950,1950,1950,1950,1950,
CIMS.CAN.BC.Industrial Minerals.Products.Lime.Kilns,Service,BC,Industrial Minerals,Kilns,Rotary Coal,unavailable,,,,tech_data_generic,Year,2101,2101,2101,2101,2101,2101,2101,2101,2101,2101,2101,
CIMS.CAN.BC.Industrial Minerals.Products.Lime.Kilns,Service,BC,Industrial Minerals,Kilns,Rotary Coal,lifetime,,,,tech_data_generic,Years,30,30,30,30,30,30,30,30,30,30,30,
CIMS.CAN.BC.Industrial Minerals.Products.Lime.Kilns,Service,BC,Industrial Minerals,Kilns,Rotary Coal,market_share_total,,,,tech_data_region,%,0.021,,,,,,,,,,,
CIMS.CAN.BC.Industrial Minerals.Products.Lime.Kilns,Service,BC,Industrial Minerals,Kilns,Rotary Coal,output,,,,tech_data_generic,node unit,340000,340000,340000,340000,340000,340000,340000,340000,340000,340000,340000,
CIMS.CAN.BC.Industrial Minerals.Products.Lime.Kilns,Service,BC,Industrial Minerals,Kilns,Rotary Coal,fcc,,,,tech_data_generic,$,48353552.5455607,48353552.5455607,48353552.5455607,48353552.5455607,48353552.5455607,48353552.5455607,48353552.5455607,48353552.5455607,48353552.5455607,48353552.5455607,48353552.5455607,
CIMS.CAN.BC.Industrial Minerals.Products.Lime.Kilns,Service,BC,Industrial Minerals,Kilns,Rotary Coal,fom,,,,tech_data_generic,$,2667681.14373867,2667681.14373867,2667681.14373867,2667681.14373867,2667681.14373867,2667681.14373867,2667681.14373867,2667681.14373867,2667681.14373867,2667681.14373867,2667681.14373867,
CIMS.CAN.BC.Industrial Minerals.Products.Lime.Kilns,Service,BC,Industrial Minerals,Kilns,Rotary Coal,service_request,,,CIMS.Generic Fuels.Coal,tech_multi_generic,GJ,5.94,5.94,5.94,5.94,5.94,5.94,5.94,5.94,5.94,5.94,5.94,
CIMS.CAN.BC.Industrial Minerals.Products.Lime.Kilns,Service,BC,Industrial Minerals,Kilns,Rotary Coal,service_request,,,CIMS.CAN.BC.Industrial Minerals.Ventilation,tech_multi_generic,GJ,0.01693237622572,0.01693237622572,0.01693237622572,0.01693237622572,0.01693237622572,0.01693237622572,0.01693237622572,0.01693237622572,0.01693237622572,0.01693237622572,0.01693237622572,
CIMS.CAN.BC.Industrial Minerals.Products.Lime.Kilns,Service,BC,Industrial Minerals,Kilns,Rotary Coal,service_request,,,CIMS.CAN.BC.Industrial Minerals.Conveyance,tech_multi_generic,GJ,0.0317703296082,0.0317703296082,0.0317703296082,0.0317703296082,0.0317703296082,0.0317703296082,0.0317703296082,0.0317703296082,0.0317703296082,0.0317703296082,0.0317703296082,
CIMS.CAN.BC.Industrial Minerals.Products.Lime.Kilns,Service,BC,Industrial Minerals,Kilns,Rotary Coal,service_request,,,CIMS.CAN.BC.Industrial Minerals.Direct Drive,tech_multi_generic,GJ,0.15345334690979,0.15345334690979,0.15345334690979,0.15345334690979,0.15345334690979,0.15345334690979,0.15345334690979,0.15345334690979,0.15345334690979,0.15345334690979,0.15345334690979,
CIMS.CAN.BC.Industrial Minerals.Products.Lime.Kilns,Service,BC,Industrial Minerals,Kilns,Rotary Coal,emissions,CO2,Process,,tech_multi_generic,tCO2,0.75,0.75,0.75,0.75,0.75,0.75,0.75,0.75,0.75,0.75,0.75,
CIMS.CAN.BC.Industrial Minerals.Products.Lime.Kilns,Service,BC,Industrial Minerals,Kilns,Rotary Preheat Coal,technology,,,,,,,,,,,,,,,,,
CIMS.CAN.BC.Industrial Minerals.Products.Lime.Kilns,Service,BC,Industrial Minerals,Kilns,Rotary Preheat Coal,available,,,,tech_data_generic,Year,1950,1950,1950,1950,1950,1950,1950,1950,1950,1950,1950,
CIMS.CAN.BC.Industrial Minerals.Products.Lime.Kilns,Service,BC,Industrial Minerals,Kilns,Rotary Preheat Coal,unavailable,,,,tech_data_generic,Year,2101,2101,2101,2101,2101,2101,2101,2101,2101,2101,2101,
CIMS.CAN.BC.Industrial Minerals.Products.Lime.Kilns,Service,BC,Industrial Minerals,Kilns,Rotary Preheat Coal,lifetime,,,,tech_data_generic,Years,30,30,30,30,30,30,30,30,30,30,30,
CIMS.CAN.BC.Industrial Minerals.Products.Lime.Kilns,Service,BC,Industrial Minerals,Kilns,Rotary Preheat Coal,market_share_total,,,,tech_data_region,%,0.224,,,,,,,,,,,
CIMS.CAN.BC.Industrial Minerals.Products.Lime.Kilns,Service,BC,Industrial Minerals,Kilns,Rotary Preheat Coal,output,,,,tech_data_generic,node unit,340000,340000,340000,340000,340000,340000,340000,340000,340000,340000,340000,
CIMS.CAN.BC.Industrial Minerals.Products.Lime.Kilns,Service,BC,Industrial Minerals,Kilns,Rotary Preheat Coal,fcc,,,,tech_data_generic,$,50771230.0784112,50771230.0784112,50771230.0784112,50771230.0784112,50771230.0784112,50771230.0784112,50771230.0784112,50771230.0784112,50771230.0784112,50771230.0784112,50771230.0784112,
CIMS.CAN.BC.Industrial Minerals.Products.Lime.Kilns,Service,BC,Industrial Minerals,Kilns,Rotary Preheat Coal,fom,,,,tech_data_generic,$,2667681.14373867,2667681.14373867,2667681.14373867,2667681.14373867,2667681.14373867,2667681.14373867,2667681.14373867,2667681.14373867,2667681.14373867,2667681.14373867,2667681.14373867,
CIMS.CAN.BC.Industrial Minerals.Products.Lime.Kilns,Service,BC,Industrial Minerals,Kilns,Rotary Preheat Coal,service_request,,,CIMS.Generic Fuels.Coal,tech_multi_generic,GJ,5.74,5.74,5.74,5.74,5.74,5.74,5.74,5.74,5.74,5.74,5.74,
CIMS.CAN.BC.Industrial Minerals.Products.Lime.Kilns,Service,BC,Industrial Minerals,Kilns,Rotary Preheat Coal,service_request,,,CIMS.CAN.BC.Industrial Minerals.Ventilation,tech_multi_generic,GJ,0.03227181113405,0.03227181113405,0.03227181113405,0.03227181113405,0.03227181113405,0.03227181113405,0.03227181113405,0.03227181113405,0.03227181113405,0.03227181113405,0.03227181113405,
CIMS.CAN.BC.Industrial Minerals.Products.Lime.Kilns,Service,BC,Industrial Minerals,Kilns,Rotary Preheat Coal,service_request,,,CIMS.CAN.BC.Industrial Minerals.Conveyance,tech_multi_generic,GJ,0.03631316225412,0.03631316225412,0.03631316225412,0.03631316225412,0.03631316225412,0.03631316225412,0.03631316225412,0.03631316225412,0.03631316225412,0.03631316225412,0.03631316225412,
CIMS.CAN.BC.Industrial Minerals.Products.Lime.Kilns,Service,BC,Industrial Minerals,Kilns,Rotary Preheat Coal,service_request,,,CIMS.CAN.BC.Industrial Minerals.Direct Drive,tech_multi_generic,GJ,0.15032646210156,0.15032646210156,0.15032646210156,0.15032646210156,0.15032646210156,0.15032646210156,0.15032646210156,0.15032646210156,0.15032646210156,0.15032646210156,0.15032646210156,
CIMS.CAN.BC.Industrial Minerals.Products.Lime.Kilns,Service,BC,Industrial Minerals,Kilns,Rotary Preheat Coal,emissions,CO2,Process,,tech_multi_generic,tCO2,0.75,0.75,0.75,0.75,0.75,0.75,0.75,0.75,0.75,0.75,0.75,
CIMS.CAN.BC.Industrial Minerals.Products.Lime.Kilns,Service,BC,Industrial Minerals,Kilns,Vertical Shaft NG,technology,,,,,,,,,,,,,,,,,
CIMS.CAN.BC.Industrial Minerals.Products.Lime.Kilns,Service,BC,Industrial Minerals,Kilns,Vertical Shaft NG,available,,,,tech_data_generic,Year,1950,1950,1950,1950,1950,1950,1950,1950,1950,1950,1950,
CIMS.CAN.BC.Industrial Minerals.Products.Lime.Kilns,Service,BC,Industrial Minerals,Kilns,Vertical Shaft NG,unavailable,,,,tech_data_generic,Year,2101,2101,2101,2101,2101,2101,2101,2101,2101,2101,2101,
CIMS.CAN.BC.Industrial Minerals.Products.Lime.Kilns,Service,BC,Industrial Minerals,Kilns,Vertical Shaft NG,lifetime,,,,tech_data_generic,Years,30,30,30,30,30,30,30,30,30,30,30,
CIMS.CAN.BC.Industrial Minerals.Products.Lime.Kilns,Service,BC,Industrial Minerals,Kilns,Vertical Shaft NG,market_share_total,,,,tech_data_region,%,0,,,,,,,,,,,
CIMS.CAN.BC.Industrial Minerals.Products.Lime.Kilns,Service,BC,Industrial Minerals,Kilns,Vertical Shaft NG,output,,,,tech_data_generic,node unit,340000,340000,340000,340000,340000,340000,340000,340000,340000,340000,340000,
CIMS.CAN.BC.Industrial Minerals.Products.Lime.Kilns,Service,BC,Industrial Minerals,Kilns,Vertical Shaft NG,fcc,,,,tech_data_generic,$,43957774.9116355,43957774.9116355,43957774.9116355,43957774.9116355,43957774.9116355,43957774.9116355,43957774.9116355,43957774.9116355,43957774.9116355,43957774.9116355,43957774.9116355,
CIMS.CAN.BC.Industrial Minerals.Products.Lime.Kilns,Service,BC,Industrial Minerals,Kilns,Vertical Shaft NG,fom,,,,tech_data_generic,$,2425164.67612607,2425164.67612607,2425164.67612607,2425164.67612607,2425164.67612607,2425164.67612607,2425164.67612607,2425164.67612607,2425164.67612607,2425164.67612607,2425164.67612607,
CIMS.CAN.BC.Industrial Minerals.Products.Lime.Kilns,Service,BC,Industrial Minerals,Kilns,Vertical Shaft NG,service_request,,,CIMS.CAN.BC.Industrial Minerals.Methane Blend,tech_multi_generic,GJ,5.2,5.2,5.2,5.2,5.2,5.2,5.2,5.2,5.2,5.2,5.2,
CIMS.CAN.BC.Industrial Minerals.Products.Lime.Kilns,Service,BC,Industrial Minerals,Kilns,Vertical Shaft NG,service_request,,,CIMS.CAN.BC.Industrial Minerals.Ventilation,tech_multi_generic,GJ,0.03418924049759,0.03418924049759,0.03418924049759,0.03418924049759,0.03418924049759,0.03418924049759,0.03418924049759,0.03418924049759,0.03418924049759,0.03418924049759,0.03418924049759,
CIMS.CAN.BC.Industrial Minerals.Products.Lime.Kilns,Service,BC,Industrial Minerals,Kilns,Vertical Shaft NG,service_request,,,CIMS.CAN.BC.Industrial Minerals.Conveyance,tech_multi_generic,GJ,0.03772911009181,0.03772911009181,0.03772911009181,0.03772911009181,0.03772911009181,0.03772911009181,0.03772911009181,0.03772911009181,0.03772911009181,0.03772911009181,0.03772911009181,
CIMS.CAN.BC.Industrial Minerals.Products.Lime.Kilns,Service,BC,Industrial Minerals,Kilns,Vertical Shaft NG,service_request,,,CIMS.CAN.BC.Industrial Minerals.Direct Drive,tech_multi_generic,GJ,0.28501850016194,0.28501850016194,0.28501850016194,0.28501850016194,0.28501850016194,0.28501850016194,0.28501850016194,0.28501850016194,0.28501850016194,0.28501850016194,0.28501850016194,
CIMS.CAN.BC.Industrial Minerals.Products.Lime.Kilns,Service,BC,Industrial Minerals,Kilns,Vertical Shaft NG,emissions,CO2,Process,,tech_multi_generic,tCO2,0.75,0.75,0.75,0.75,0.75,0.75,0.75,0.75,0.75,0.75,0.75,
CIMS.CAN.BC.Industrial Minerals.Products.Lime.Kilns,Service,BC,Industrial Minerals,Kilns,Vertical Shaft Residual Oil,technology,,,,,,,,,,,,,,,,,
CIMS.CAN.BC.Industrial Minerals.Products.Lime.Kilns,Service,BC,Industrial Minerals,Kilns,Vertical Shaft Residual Oil,available,,,,tech_data_generic,Year,1950,1950,1950,1950,1950,1950,1950,1950,1950,1950,1950,
CIMS.CAN.BC.Industrial Minerals.Products.Lime.Kilns,Service,BC,Industrial Minerals,Kilns,Vertical Shaft Residual Oil,unavailable,,,,tech_data_generic,Year,2101,2101,2101,2101,2101,2101,2101,2101,2101,2101,2101,
CIMS.CAN.BC.Industrial Minerals.Products.Lime.Kilns,Service,BC,Industrial Minerals,Kilns,Vertical Shaft Residual Oil,lifetime,,,,tech_data_generic,Years,30,30,30,30,30,30,30,30,30,30,30,
CIMS.CAN.BC.Industrial Minerals.Products.Lime.Kilns,Service,BC,Industrial Minerals,Kilns,Vertical Shaft Residual Oil,market_share_total,,,,tech_data_region,%,0,,,,,,,,,,,
CIMS.CAN.BC.Industrial Minerals.Products.Lime.Kilns,Service,BC,Industrial Minerals,Kilns,Vertical Shaft Residual Oil,output,,,,tech_data_generic,node unit,340000,340000,340000,340000,340000,340000,340000,340000,340000,340000,340000,
CIMS.CAN.BC.Industrial Minerals.Products.Lime.Kilns,Service,BC,Industrial Minerals,Kilns,Vertical Shaft Residual Oil,fcc,,,,tech_data_generic,$,48353552.5455607,48353552.5455607,48353552.5455607,48353552.5455607,48353552.5455607,48353552.5455607,48353552.5455607,48353552.5455607,48353552.5455607,48353552.5455607,48353552.5455607,
CIMS.CAN.BC.Industrial Minerals.Products.Lime.Kilns,Service,BC,Industrial Minerals,Kilns,Vertical Shaft Residual Oil,fom,,,,tech_data_generic,$,2667681.14373867,2667681.14373867,2667681.14373867,2667681.14373867,2667681.14373867,2667681.14373867,2667681.14373867,2667681.14373867,2667681.14373867,2667681.14373867,2667681.14373867,
CIMS.CAN.BC.Industrial Minerals.Products.Lime.Kilns,Service,BC,Industrial Minerals,Kilns,Vertical Shaft Residual Oil,service_request,,,CIMS.Generic Fuels.Fuel Oil,tech_multi_generic,GJ,5.1,5.1,5.1,5.1,5.1,5.1,5.1,5.1,5.1,5.1,5.1,
CIMS.CAN.BC.Industrial Minerals.Products.Lime.Kilns,Service,BC,Industrial Minerals,Kilns,Vertical Shaft Residual Oil,service_request,,,CIMS.CAN.BC.Industrial Minerals.Ventilation,tech_multi_generic,GJ,0.03418924049759,0.03418924049759,0.03418924049759,0.03418924049759,0.03418924049759,0.03418924049759,0.03418924049759,0.03418924049759,0.03418924049759,0.03418924049759,0.03418924049759,
CIMS.CAN.BC.Industrial Minerals.Products.Lime.Kilns,Service,BC,Industrial Minerals,Kilns,Vertical Shaft Residual Oil,service_request,,,CIMS.CAN.BC.Industrial Minerals.Conveyance,tech_multi_generic,GJ,0.03772911009181,0.03772911009181,0.03772911009181,0.03772911009181,0.03772911009181,0.03772911009181,0.03772911009181,0.03772911009181,0.03772911009181,0.03772911009181,0.03772911009181,
CIMS.CAN.BC.Industrial Minerals.Products.Lime.Kilns,Service,BC,Industrial Minerals,Kilns,Vertical Shaft Residual Oil,service_request,,,CIMS.CAN.BC.Industrial Minerals.Direct Drive,tech_multi_generic,GJ,0.28501850016194,0.28501850016194,0.28501850016194,0.28501850016194,0.28501850016194,0.28501850016194,0.28501850016194,0.28501850016194,0.28501850016194,0.28501850016194,0.28501850016194,
CIMS.CAN.BC.Industrial Minerals.Products.Lime.Kilns,Service,BC,Industrial Minerals,Kilns,Vertical Shaft Residual Oil,emissions,CO2,Process,,tech_multi_generic,tCO2,0.75,0.75,0.75,0.75,0.75,0.75,0.75,0.75,0.75,0.75,0.75,
CIMS.CAN.BC.Industrial Minerals.Products.Lime.Kilns,Service,BC,Industrial Minerals,Kilns,Rotary NG,technology,,,,,,,,,,,,,,,,,
CIMS.CAN.BC.Industrial Minerals.Products.Lime.Kilns,Service,BC,Industrial Minerals,Kilns,Rotary NG,available,,,,tech_data_generic,Year,1950,1950,1950,1950,1950,1950,1950,1950,1950,1950,1950,
CIMS.CAN.BC.Industrial Minerals.Products.Lime.Kilns,Service,BC,Industrial Minerals,Kilns,Rotary NG,unavailable,,,,tech_data_generic,Year,2101,2101,2101,2101,2101,2101,2101,2101,2101,2101,2101,
CIMS.CAN.BC.Industrial Minerals.Products.Lime.Kilns,Service,BC,Industrial Minerals,Kilns,Rotary NG,lifetime,,,,tech_data_generic,Years,30,30,30,30,30,30,30,30,30,30,30,
CIMS.CAN.BC.Industrial Minerals.Products.Lime.Kilns,Service,BC,Industrial Minerals,Kilns,Rotary NG,market_share_total,,,,tech_data_region,%,0.037,,,,,,,,,,,
CIMS.CAN.BC.Industrial Minerals.Products.Lime.Kilns,Service,BC,Industrial Minerals,Kilns,Rotary NG,output,,,,tech_data_generic,node unit,340000,340000,340000,340000,340000,340000,340000,340000,340000,340000,340000,
CIMS.CAN.BC.Industrial Minerals.Products.Lime.Kilns,Service,BC,Industrial Minerals,Kilns,Rotary NG,fcc,,,,tech_data_generic,$,43957774.9116355,43957774.9116355,43957774.9116355,43957774.9116355,43957774.9116355,43957774.9116355,43957774.9116355,43957774.9116355,43957774.9116355,43957774.9116355,43957774.9116355,
CIMS.CAN.BC.Industrial Minerals.Products.Lime.Kilns,Service,BC,Industrial Minerals,Kilns,Rotary NG,fom,,,,tech_data_generic,$,2425164.67612607,2425164.67612607,2425164.67612607,2425164.67612607,2425164.67612607,2425164.67612607,2425164.67612607,2425164.67612607,2425164.67612607,2425164.67612607,2425164.67612607,
CIMS.CAN.BC.Industrial Minerals.Products.Lime.Kilns,Service,BC,Industrial Minerals,Kilns,Rotary NG,service_request,,,CIMS.CAN.BC.Industrial Minerals.Methane Blend,tech_multi_generic,GJ,8.32,8.32,8.32,8.32,8.32,8.32,8.32,8.32,8.32,8.32,8.32,
CIMS.CAN.BC.Industrial Minerals.Products.Lime.Kilns,Service,BC,Industrial Minerals,Kilns,Rotary NG,service_request,,,CIMS.CAN.BC.Industrial Minerals.Ventilation,tech_multi_generic,GJ,0.01855481645641,0.01855481645641,0.01855481645641,0.01855481645641,0.01855481645641,0.01855481645641,0.01855481645641,0.01855481645641,0.01855481645641,0.01855481645641,0.01855481645641,
CIMS.CAN.BC.Industrial Minerals.Products.Lime.Kilns,Service,BC,Industrial Minerals,Kilns,Rotary NG,service_request,,,CIMS.CAN.BC.Industrial Minerals.Conveyance,tech_multi_generic,GJ,0.03480871767658,0.03480871767658,0.03480871767658,0.03480871767658,0.03480871767658,0.03480871767658,0.03480871767658,0.03480871767658,0.03480871767658,0.03480871767658,0.03480871767658,
CIMS.CAN.BC.Industrial Minerals.Products.Lime.Kilns,Service,BC,Industrial Minerals,Kilns,Rotary NG,service_request,,,CIMS.CAN.BC.Industrial Minerals.Direct Drive,tech_multi_generic,GJ,0.16808480789927,0.16808480789927,0.16808480789927,0.16808480789927,0.16808480789927,0.16808480789927,0.16808480789927,0.16808480789927,0.16808480789927,0.16808480789927,0.16808480789927,
CIMS.CAN.BC.Industrial Minerals.Products.Lime.Kilns,Service,BC,Industrial Minerals,Kilns,Rotary NG,emissions,CO2,Process,,tech_multi_generic,tCO2,0.75,0.75,0.75,0.75,0.75,0.75,0.75,0.75,0.75,0.75,0.75,
CIMS.CAN.BC.Industrial Minerals.Products.Lime.Kilns,Service,BC,Industrial Minerals,Kilns,Rotary Petcoke,technology,,,,,,,,,,,,,,,,,
CIMS.CAN.BC.Industrial Minerals.Products.Lime.Kilns,Service,BC,Industrial Minerals,Kilns,Rotary Petcoke,available,,,,tech_data_generic,Year,1950,1950,1950,1950,1950,1950,1950,1950,1950,1950,1950,
CIMS.CAN.BC.Industrial Minerals.Products.Lime.Kilns,Service,BC,Industrial Minerals,Kilns,Rotary Petcoke,unavailable,,,,tech_data_generic,Year,2101,2101,2101,2101,2101,2101,2101,2101,2101,2101,2101,
CIMS.CAN.BC.Industrial Minerals.Products.Lime.Kilns,Service,BC,Industrial Minerals,Kilns,Rotary Petcoke,lifetime,,,,tech_data_generic,Years,30,30,30,30,30,30,30,30,30,30,30,
CIMS.CAN.BC.Industrial Minerals.Products.Lime.Kilns,Service,BC,Industrial Minerals,Kilns,Rotary Petcoke,market_share_total,,,,tech_data_region,%,0.024,,,,,,,,,,,
CIMS.CAN.BC.Industrial Minerals.Products.Lime.Kilns,Service,BC,Industrial Minerals,Kilns,Rotary Petcoke,output,,,,tech_data_generic,node unit,340000,340000,340000,340000,340000,340000,340000,340000,340000,340000,340000,
CIMS.CAN.BC.Industrial Minerals.Products.Lime.Kilns,Service,BC,Industrial Minerals,Kilns,Rotary Petcoke,fcc,,,,tech_data_generic,$,48353552.5455607,48353552.5455607,48353552.5455607,48353552.5455607,48353552.5455607,48353552.5455607,48353552.5455607,48353552.5455607,48353552.5455607,48353552.5455607,48353552.5455607,
CIMS.CAN.BC.Industrial Minerals.Products.Lime.Kilns,Service,BC,Industrial Minerals,Kilns,Rotary Petcoke,fom,,,,tech_data_generic,$,2667681.14373867,2667681.14373867,2667681.14373867,2667681.14373867,2667681.14373867,2667681.14373867,2667681.14373867,2667681.14373867,2667681.14373867,2667681.14373867,2667681.14373867,
CIMS.CAN.BC.Industrial Minerals.Products.Lime.Kilns,Service,BC,Industrial Minerals,Kilns,Rotary Petcoke,service_request,,,CIMS.Generic Fuels.Petroleum Coke,tech_multi_generic,GJ,6.507,6.507,6.507,6.507,6.507,6.507,6.507,6.507,6.507,6.507,6.507,
CIMS.CAN.BC.Industrial Minerals.Products.Lime.Kilns,Service,BC,Industrial Minerals,Kilns,Rotary Petcoke,service_request,,,CIMS.CAN.BC.Industrial Minerals.Ventilation,tech_multi_generic,GJ,0.01693237622572,0.01693237622572,0.01693237622572,0.01693237622572,0.01693237622572,0.01693237622572,0.01693237622572,0.01693237622572,0.01693237622572,0.01693237622572,0.01693237622572,
CIMS.CAN.BC.Industrial Minerals.Products.Lime.Kilns,Service,BC,Industrial Minerals,Kilns,Rotary Petcoke,service_request,,,CIMS.CAN.BC.Industrial Minerals.Conveyance,tech_multi_generic,GJ,0.0317703296082,0.0317703296082,0.0317703296082,0.0317703296082,0.0317703296082,0.0317703296082,0.0317703296082,0.0317703296082,0.0317703296082,0.0317703296082,0.0317703296082,
CIMS.CAN.BC.Industrial Minerals.Products.Lime.Kilns,Service,BC,Industrial Minerals,Kilns,Rotary Petcoke,service_request,,,CIMS.CAN.BC.Industrial Minerals.Direct Drive,tech_multi_generic,GJ,0.15345334690979,0.15345334690979,0.15345334690979,0.15345334690979,0.15345334690979,0.15345334690979,0.15345334690979,0.15345334690979,0.15345334690979,0.15345334690979,0.15345334690979,
CIMS.CAN.BC.Industrial Minerals.Products.Lime.Kilns,Service,BC,Industrial Minerals,Kilns,Rotary Petcoke,emissions,CO2,Process,,tech_multi_generic,tCO2,0.75,0.75,0.75,0.75,0.75,0.75,0.75,0.75,0.75,0.75,0.75,
CIMS.CAN.BC.Industrial Minerals.Products.Lime.Kilns,Service,BC,Industrial Minerals,Kilns,Rotary Preheat Petcoke,technology,,,,,,,,,,,,,,,,,
CIMS.CAN.BC.Industrial Minerals.Products.Lime.Kilns,Service,BC,Industrial Minerals,Kilns,Rotary Preheat Petcoke,available,,,,tech_data_generic,Year,1950,1950,1950,1950,1950,1950,1950,1950,1950,1950,1950,
CIMS.CAN.BC.Industrial Minerals.Products.Lime.Kilns,Service,BC,Industrial Minerals,Kilns,Rotary Preheat Petcoke,unavailable,,,,tech_data_generic,Year,2101,2101,2101,2101,2101,2101,2101,2101,2101,2101,2101,
CIMS.CAN.BC.Industrial Minerals.Products.Lime.Kilns,Service,BC,Industrial Minerals,Kilns,Rotary Preheat Petcoke,lifetime,,,,tech_data_generic,Years,30,30,30,30,30,30,30,30,30,30,30,
CIMS.CAN.BC.Industrial Minerals.Products.Lime.Kilns,Service,BC,Industrial Minerals,Kilns,Rotary Preheat Petcoke,market_share_total,,,,tech_data_region,%,0.255,,,,,,,,,,,
CIMS.CAN.BC.Industrial Minerals.Products.Lime.Kilns,Service,BC,Industrial Minerals,Kilns,Rotary Preheat Petcoke,output,,,,tech_data_generic,node unit,340000,340000,340000,340000,340000,340000,340000,340000,340000,340000,340000,
CIMS.CAN.BC.Industrial Minerals.Products.Lime.Kilns,Service,BC,Industrial Minerals,Kilns,Rotary Preheat Petcoke,fcc,,,,tech_data_generic,$,50771230.0784112,50771230.0784112,50771230.0784112,50771230.0784112,50771230.0784112,50771230.0784112,50771230.0784112,50771230.0784112,50771230.0784112,50771230.0784112,50771230.0784112,
CIMS.CAN.BC.Industrial Minerals.Products.Lime.Kilns,Service,BC,Industrial Minerals,Kilns,Rotary Preheat Petcoke,fom,,,,tech_data_generic,$,2667681.14373867,2667681.14373867,2667681.14373867,2667681.14373867,2667681.14373867,2667681.14373867,2667681.14373867,2667681.14373867,2667681.14373867,2667681.14373867,2667681.14373867,
CIMS.CAN.BC.Industrial Minerals.Products.Lime.Kilns,Service,BC,Industrial Minerals,Kilns,Rotary Preheat Petcoke,service_request,,,CIMS.Generic Fuels.Petroleum Coke,tech_multi_generic,GJ,6.042,6.042,6.042,6.042,6.042,6.042,6.042,6.042,6.042,6.042,6.042,
CIMS.CAN.BC.Industrial Minerals.Products.Lime.Kilns,Service,BC,Industrial Minerals,Kilns,Rotary Preheat Petcoke,service_request,,,CIMS.CAN.BC.Industrial Minerals.Ventilation,tech_multi_generic,GJ,0.03227181113405,0.03227181113405,0.03227181113405,0.03227181113405,0.03227181113405,0.03227181113405,0.03227181113405,0.03227181113405,0.03227181113405,0.03227181113405,0.03227181113405,
CIMS.CAN.BC.Industrial Minerals.Products.Lime.Kilns,Service,BC,Industrial Minerals,Kilns,Rotary Preheat Petcoke,service_request,,,CIMS.CAN.BC.Industrial Minerals.Conveyance,tech_multi_generic,GJ,0.03631316225412,0.03631316225412,0.03631316225412,0.03631316225412,0.03631316225412,0.03631316225412,0.03631316225412,0.03631316225412,0.03631316225412,0.03631316225412,0.03631316225412,
CIMS.CAN.BC.Industrial Minerals.Products.Lime.Kilns,Service,BC,Industrial Minerals,Kilns,Rotary Preheat Petcoke,service_request,,,CIMS.CAN.BC.Industrial Minerals.Direct Drive,tech_multi_generic,GJ,0.15032646210156,0.15032646210156,0.15032646210156,0.15032646210156,0.15032646210156,0.15032646210156,0.15032646210156,0.15032646210156,0.15032646210156,0.15032646210156,0.15032646210156,
CIMS.CAN.BC.Industrial Minerals.Products.Lime.Kilns,Service,BC,Industrial Minerals,Kilns,Rotary Preheat Petcoke,emissions,CO2,Process,,tech_multi_generic,tCO2,0.75,0.75,0.75,0.75,0.75,0.75,0.75,0.75,0.75,0.75,0.75,
CIMS.CAN.BC.Industrial Minerals.Products.Lime.Kilns,Service,BC,Industrial Minerals,Kilns,Rotary Preheat Internals Petcoke,technology,,,,,,,,,,,,,,,,,
CIMS.CAN.BC.Industrial Minerals.Products.Lime.Kilns,Service,BC,Industrial Minerals,Kilns,Rotary Preheat Internals Petcoke,available,,,,tech_data_generic,Year,1950,1950,1950,1950,1950,1950,1950,1950,1950,1950,1950,
CIMS.CAN.BC.Industrial Minerals.Products.Lime.Kilns,Service,BC,Industrial Minerals,Kilns,Rotary Preheat Internals Petcoke,unavailable,,,,tech_data_generic,Year,2101,2101,2101,2101,2101,2101,2101,2101,2101,2101,2101,
CIMS.CAN.BC.Industrial Minerals.Products.Lime.Kilns,Service,BC,Industrial Minerals,Kilns,Rotary Preheat Internals Petcoke,lifetime,,,,tech_data_generic,Years,30,30,30,30,30,30,30,30,30,30,30,
CIMS.CAN.BC.Industrial Minerals.Products.Lime.Kilns,Service,BC,Industrial Minerals,Kilns,Rotary Preheat Internals Petcoke,market_share_total,,,,tech_data_region,%,0,,,,,,,,,,,
CIMS.CAN.BC.Industrial Minerals.Products.Lime.Kilns,Service,BC,Industrial Minerals,Kilns,Rotary Preheat Internals Petcoke,output,,,,tech_data_generic,node unit,340000,340000,340000,340000,340000,340000,340000,340000,340000,340000,340000,
CIMS.CAN.BC.Industrial Minerals.Products.Lime.Kilns,Service,BC,Industrial Minerals,Kilns,Rotary Preheat Internals Petcoke,fcc,,,,tech_data_generic,$,51738301.1901402,51738301.1901402,51738301.1901402,51738301.1901402,51738301.1901402,51738301.1901402,51738301.1901402,51738301.1901402,51738301.1901402,51738301.1901402,51738301.1901402,
CIMS.CAN.BC.Industrial Minerals.Products.Lime.Kilns,Service,BC,Industrial Minerals,Kilns,Rotary Preheat Internals Petcoke,fom,,,,tech_data_generic,$,2667681.14373867,2667681.14373867,2667681.14373867,2667681.14373867,2667681.14373867,2667681.14373867,2667681.14373867,2667681.14373867,2667681.14373867,2667681.14373867,2667681.14373867,
CIMS.CAN.BC.Industrial Minerals.Products.Lime.Kilns,Service,BC,Industrial Minerals,Kilns,Rotary Preheat Internals Petcoke,service_request,,,CIMS.Generic Fuels.Petroleum Coke,tech_multi_generic,GJ,5.461,5.461,5.461,5.461,5.461,5.461,5.461,5.461,5.461,5.461,5.461,
CIMS.CAN.BC.Industrial Minerals.Products.Lime.Kilns,Service,BC,Industrial Minerals,Kilns,Rotary Preheat Internals Petcoke,service_request,,,CIMS.CAN.BC.Industrial Minerals.Ventilation,tech_multi_generic,GJ,0.03849608183723,0.03849608183723,0.03849608183723,0.03849608183723,0.03849608183723,0.03849608183723,0.03849608183723,0.03849608183723,0.03849608183723,0.03849608183723,0.03849608183723,
CIMS.CAN.BC.Industrial Minerals.Products.Lime.Kilns,Service,BC,Industrial Minerals,Kilns,Rotary Preheat Internals Petcoke,service_request,,,CIMS.CAN.BC.Industrial Minerals.Conveyance,tech_multi_generic,GJ,0.04247843513074,0.04247843513074,0.04247843513074,0.04247843513074,0.04247843513074,0.04247843513074,0.04247843513074,0.04247843513074,0.04247843513074,0.04247843513074,0.04247843513074,
CIMS.CAN.BC.Industrial Minerals.Products.Lime.Kilns,Service,BC,Industrial Minerals,Kilns,Rotary Preheat Internals Petcoke,service_request,,,CIMS.CAN.BC.Industrial Minerals.Direct Drive,tech_multi_generic,GJ,0.32083018089021,0.32083018089021,0.32083018089021,0.32083018089021,0.32083018089021,0.32083018089021,0.32083018089021,0.32083018089021,0.32083018089021,0.32083018089021,0.32083018089021,
CIMS.CAN.BC.Industrial Minerals.Products.Lime.Kilns,Service,BC,Industrial Minerals,Kilns,Rotary Preheat Internals Petcoke,emissions,CO2,Process,,tech_multi_generic,tCO2,0.75,0.75,0.75,0.75,0.75,0.75,0.75,0.75,0.75,0.75,0.75,
CIMS.CAN.BC.Industrial Minerals.Products.Lime.Kilns,Service,BC,Industrial Minerals,Kilns,Rotary Coal with CCS,technology,,,,,,,,,,,,,,,,,
CIMS.CAN.BC.Industrial Minerals.Products.Lime.Kilns,Service,BC,Industrial Minerals,Kilns,Rotary Coal with CCS,available,,,,tech_data_generic,Year,1915,1915,1915,1915,1915,1915,1915,1915,1915,1915,1915,
CIMS.CAN.BC.Industrial Minerals.Products.Lime.Kilns,Service,BC,Industrial Minerals,Kilns,Rotary Coal with CCS,unavailable,,,,tech_data_generic,Year,2101,2101,2101,2101,2101,2101,2101,2101,2101,2101,2101,
CIMS.CAN.BC.Industrial Minerals.Products.Lime.Kilns,Service,BC,Industrial Minerals,Kilns,Rotary Coal with CCS,lifetime,,,,tech_data_generic,Years,30,30,30,30,30,30,30,30,30,30,30,
CIMS.CAN.BC.Industrial Minerals.Products.Lime.Kilns,Service,BC,Industrial Minerals,Kilns,Rotary Coal with CCS,market_share_total,,,,tech_data_region,%,0,,,,,,,,,,,
CIMS.CAN.BC.Industrial Minerals.Products.Lime.Kilns,Service,BC,Industrial Minerals,Kilns,Rotary Coal with CCS,output,,,,tech_data_generic,node unit,340000,340000,340000,340000,340000,340000,340000,340000,340000,340000,340000,
CIMS.CAN.BC.Industrial Minerals.Products.Lime.Kilns,Service,BC,Industrial Minerals,Kilns,Rotary Coal with CCS,fcc,,,,tech_data_generic,$,48353552.5455607,48353552.5455607,48353552.5455607,48353552.5455607,48353552.5455607,48353552.5455607,48353552.5455607,48353552.5455607,48353552.5455607,48353552.5455607,48353552.5455607,
CIMS.CAN.BC.Industrial Minerals.Products.Lime.Kilns,Service,BC,Industrial Minerals,Kilns,Rotary Coal with CCS,fom,,,,tech_data_generic,$,2667681.14373867,2667681.14373867,2667681.14373867,2667681.14373867,2667681.14373867,2667681.14373867,2667681.14373867,2667681.14373867,2667681.14373867,2667681.14373867,2667681.14373867,
CIMS.CAN.BC.Industrial Minerals.Products.Lime.Kilns,Service,BC,Industrial Minerals,Kilns,Rotary Coal with CCS,service_request,,,CIMS.Generic Fuels.Coal,tech_multi_generic,GJ,5.94,5.94,5.94,5.94,5.94,5.94,5.94,5.94,5.94,5.94,5.94,
CIMS.CAN.BC.Industrial Minerals.Products.Lime.Kilns,Service,BC,Industrial Minerals,Kilns,Rotary Coal with CCS,service_request,,,CIMS.CAN.BC.Industrial Minerals.Ventilation,tech_multi_generic,GJ,0.01693237622572,0.01693237622572,0.01693237622572,0.01693237622572,0.01693237622572,0.01693237622572,0.01693237622572,0.01693237622572,0.01693237622572,0.01693237622572,0.01693237622572,
CIMS.CAN.BC.Industrial Minerals.Products.Lime.Kilns,Service,BC,Industrial Minerals,Kilns,Rotary Coal with CCS,service_request,,,CIMS.CAN.BC.Industrial Minerals.Conveyance,tech_multi_generic,GJ,0.0317703296082,0.0317703296082,0.0317703296082,0.0317703296082,0.0317703296082,0.0317703296082,0.0317703296082,0.0317703296082,0.0317703296082,0.0317703296082,0.0317703296082,
CIMS.CAN.BC.Industrial Minerals.Products.Lime.Kilns,Service,BC,Industrial Minerals,Kilns,Rotary Coal with CCS,service_request,,,CIMS.CAN.BC.Industrial Minerals.Direct Drive,tech_multi_generic,GJ,0.15345334690979,0.15345334690979,0.15345334690979,0.15345334690979,0.15345334690979,0.15345334690979,0.15345334690979,0.15345334690979,0.15345334690979,0.15345334690979,0.15345334690979,
CIMS.CAN.BC.Industrial Minerals.Products.Lime.Kilns,Service,BC,Industrial Minerals,Kilns,Rotary Coal with CCS,service_request,,,CIMS.CAN.BC.Industrial Minerals.CCS,tech_multi_generic,tCO2,1.23363217064881,1.23363217064881,1.23363217064881,1.23363217064881,1.23363217064881,1.23363217064881,1.23363217064881,1.23363217064881,1.23363217064881,1.23363217064881,1.23363217064881,
CIMS.CAN.BC.Industrial Minerals.Products.Lime.Kilns,Service,BC,Industrial Minerals,Kilns,Rotary Coal with CCS,emissions,CO2,Process,,tech_multi_generic,tCO2,0.75,0.75,0.75,0.75,0.75,0.75,0.75,0.75,0.75,0.75,0.75,
CIMS.CAN.BC.Industrial Minerals.Products.Lime.Kilns,Service,BC,Industrial Minerals,Kilns,Rotary NG with CCS,technology,,,,,,,,,,,,,,,,,
CIMS.CAN.BC.Industrial Minerals.Products.Lime.Kilns,Service,BC,Industrial Minerals,Kilns,Rotary NG with CCS,available,,,,tech_data_generic,Year,1915,1915,1915,1915,1915,1915,1915,1915,1915,1915,1915,
CIMS.CAN.BC.Industrial Minerals.Products.Lime.Kilns,Service,BC,Industrial Minerals,Kilns,Rotary NG with CCS,unavailable,,,,tech_data_generic,Year,2101,2101,2101,2101,2101,2101,2101,2101,2101,2101,2101,
CIMS.CAN.BC.Industrial Minerals.Products.Lime.Kilns,Service,BC,Industrial Minerals,Kilns,Rotary NG with CCS,lifetime,,,,tech_data_generic,Years,30,30,30,30,30,30,30,30,30,30,30,
CIMS.CAN.BC.Industrial Minerals.Products.Lime.Kilns,Service,BC,Industrial Minerals,Kilns,Rotary NG with CCS,market_share_total,,,,tech_data_region,%,0,,,,,,,,,,,
CIMS.CAN.BC.Industrial Minerals.Products.Lime.Kilns,Service,BC,Industrial Minerals,Kilns,Rotary NG with CCS,output,,,,tech_data_generic,node unit,340000,340000,340000,340000,340000,340000,340000,340000,340000,340000,340000,
CIMS.CAN.BC.Industrial Minerals.Products.Lime.Kilns,Service,BC,Industrial Minerals,Kilns,Rotary NG with CCS,fcc,,,,tech_data_generic,$,43957774.9116355,43957774.9116355,43957774.9116355,43957774.9116355,43957774.9116355,43957774.9116355,43957774.9116355,43957774.9116355,43957774.9116355,43957774.9116355,43957774.9116355,
CIMS.CAN.BC.Industrial Minerals.Products.Lime.Kilns,Service,BC,Industrial Minerals,Kilns,Rotary NG with CCS,fom,,,,tech_data_generic,$,2425164.67612607,2425164.67612607,2425164.67612607,2425164.67612607,2425164.67612607,2425164.67612607,2425164.67612607,2425164.67612607,2425164.67612607,2425164.67612607,2425164.67612607,
CIMS.CAN.BC.Industrial Minerals.Products.Lime.Kilns,Service,BC,Industrial Minerals,Kilns,Rotary NG with CCS,service_request,,,CIMS.Generic Fuels.Natural Gas,tech_multi_generic,GJ,8.32,8.32,8.32,8.32,8.32,8.32,8.32,8.32,8.32,8.32,8.32,
CIMS.CAN.BC.Industrial Minerals.Products.Lime.Kilns,Service,BC,Industrial Minerals,Kilns,Rotary NG with CCS,service_request,,,CIMS.CAN.BC.Industrial Minerals.Ventilation,tech_multi_generic,GJ,0.01855481645641,0.01855481645641,0.01855481645641,0.01855481645641,0.01855481645641,0.01855481645641,0.01855481645641,0.01855481645641,0.01855481645641,0.01855481645641,0.01855481645641,
CIMS.CAN.BC.Industrial Minerals.Products.Lime.Kilns,Service,BC,Industrial Minerals,Kilns,Rotary NG with CCS,service_request,,,CIMS.CAN.BC.Industrial Minerals.Conveyance,tech_multi_generic,GJ,0.03480871767658,0.03480871767658,0.03480871767658,0.03480871767658,0.03480871767658,0.03480871767658,0.03480871767658,0.03480871767658,0.03480871767658,0.03480871767658,0.03480871767658,
CIMS.CAN.BC.Industrial Minerals.Products.Lime.Kilns,Service,BC,Industrial Minerals,Kilns,Rotary NG with CCS,service_request,,,CIMS.CAN.BC.Industrial Minerals.Direct Drive,tech_multi_generic,GJ,0.16808480789927,0.16808480789927,0.16808480789927,0.16808480789927,0.16808480789927,0.16808480789927,0.16808480789927,0.16808480789927,0.16808480789927,0.16808480789927,0.16808480789927,
CIMS.CAN.BC.Industrial Minerals.Products.Lime.Kilns,Service,BC,Industrial Minerals,Kilns,Rotary NG with CCS,service_request,,,CIMS.CAN.BC.Industrial Minerals.CCS,tech_multi_generic,tCO2,1.15743471303391,1.15743471303391,1.15743471303391,1.15743471303391,1.15743471303391,1.15743471303391,1.15743471303391,1.15743471303391,1.15743471303391,1.15743471303391,1.15743471303391,
CIMS.CAN.BC.Industrial Minerals.Products.Lime.Kilns,Service,BC,Industrial Minerals,Kilns,Rotary NG with CCS,emissions,CO2,Process,,tech_multi_generic,tCO2,0.75,0.75,0.75,0.75,0.75,0.75,0.75,0.75,0.75,0.75,0.75,
CIMS.CAN.BC.Industrial Minerals.Products.Lime.Kilns,Service,BC,Industrial Minerals,Kilns,Rotary Preheat Internals Coal,technology,,,,,,,,,,,,,,,,,
CIMS.CAN.BC.Industrial Minerals.Products.Lime.Kilns,Service,BC,Industrial Minerals,Kilns,Rotary Preheat Internals Coal,available,,,,tech_data_generic,Year,1950,1950,1950,1950,1950,1950,1950,1950,1950,1950,1950,
CIMS.CAN.BC.Industrial Minerals.Products.Lime.Kilns,Service,BC,Industrial Minerals,Kilns,Rotary Preheat Internals Coal,unavailable,,,,tech_data_generic,Year,2101,2101,2101,2101,2101,2101,2101,2101,2101,2101,2101,
CIMS.CAN.BC.Industrial Minerals.Products.Lime.Kilns,Service,BC,Industrial Minerals,Kilns,Rotary Preheat Internals Coal,lifetime,,,,tech_data_generic,Years,30,30,30,30,30,30,30,30,30,30,30,
CIMS.CAN.BC.Industrial Minerals.Products.Lime.Kilns,Service,BC,Industrial Minerals,Kilns,Rotary Preheat Internals Coal,market_share_total,,,,tech_data_region,%,0,,,,,,,,,,,
CIMS.CAN.BC.Industrial Minerals.Products.Lime.Kilns,Service,BC,Industrial Minerals,Kilns,Rotary Preheat Internals Coal,output,,,,tech_data_generic,node unit,340000,340000,340000,340000,340000,340000,340000,340000,340000,340000,340000,
CIMS.CAN.BC.Industrial Minerals.Products.Lime.Kilns,Service,BC,Industrial Minerals,Kilns,Rotary Preheat Internals Coal,fcc,,,,tech_data_generic,$,51738301.1901402,51738301.1901402,51738301.1901402,51738301.1901402,51738301.1901402,51738301.1901402,51738301.1901402,51738301.1901402,51738301.1901402,51738301.1901402,51738301.1901402,
CIMS.CAN.BC.Industrial Minerals.Products.Lime.Kilns,Service,BC,Industrial Minerals,Kilns,Rotary Preheat Internals Coal,fom,,,,tech_data_generic,$,2667681.14373867,2667681.14373867,2667681.14373867,2667681.14373867,2667681.14373867,2667681.14373867,2667681.14373867,2667681.14373867,2667681.14373867,2667681.14373867,2667681.14373867,
CIMS.CAN.BC.Industrial Minerals.Products.Lime.Kilns,Service,BC,Industrial Minerals,Kilns,Rotary Preheat Internals Coal,service_request,,,CIMS.Generic Fuels.Coal,tech_multi_generic,GJ,5.16,5.16,5.16,5.16,5.16,5.16,5.16,5.16,5.16,5.16,5.16,
CIMS.CAN.BC.Industrial Minerals.Products.Lime.Kilns,Service,BC,Industrial Minerals,Kilns,Rotary Preheat Internals Coal,service_request,,,CIMS.CAN.BC.Industrial Minerals.Ventilation,tech_multi_generic,GJ,0.03849608183723,0.03849608183723,0.03849608183723,0.03849608183723,0.03849608183723,0.03849608183723,0.03849608183723,0.03849608183723,0.03849608183723,0.03849608183723,0.03849608183723,
CIMS.CAN.BC.Industrial Minerals.Products.Lime.Kilns,Service,BC,Industrial Minerals,Kilns,Rotary Preheat Internals Coal,service_request,,,CIMS.CAN.BC.Industrial Minerals.Conveyance,tech_multi_generic,GJ,0.04247843513074,0.04247843513074,0.04247843513074,0.04247843513074,0.04247843513074,0.04247843513074,0.04247843513074,0.04247843513074,0.04247843513074,0.04247843513074,0.04247843513074,
CIMS.CAN.BC.Industrial Minerals.Products.Lime.Kilns,Service,BC,Industrial Minerals,Kilns,Rotary Preheat Internals Coal,service_request,,,CIMS.CAN.BC.Industrial Minerals.Direct Drive,tech_multi_generic,GJ,0.32083018089021,0.32083018089021,0.32083018089021,0.32083018089021,0.32083018089021,0.32083018089021,0.32083018089021,0.32083018089021,0.32083018089021,0.32083018089021,0.32083018089021,
CIMS.CAN.BC.Industrial Minerals.Products.Lime.Kilns,Service,BC,Industrial Minerals,Kilns,Rotary Preheat Internals Coal,emissions,CO2,Process,,tech_multi_generic,tCO2,0.75,0.75,0.75,0.75,0.75,0.75,0.75,0.75,0.75,0.75,0.75,
CIMS.CAN.BC.Industrial Minerals.Products.Lime.Kilns,Service,BC,Industrial Minerals,Kilns,Rotary Residual Oil,technology,,,,,,,,,,,,,,,,,
CIMS.CAN.BC.Industrial Minerals.Products.Lime.Kilns,Service,BC,Industrial Minerals,Kilns,Rotary Residual Oil,available,,,,tech_data_generic,Year,1950,1950,1950,1950,1950,1950,1950,1950,1950,1950,1950,
CIMS.CAN.BC.Industrial Minerals.Products.Lime.Kilns,Service,BC,Industrial Minerals,Kilns,Rotary Residual Oil,unavailable,,,,tech_data_generic,Year,2101,2101,2101,2101,2101,2101,2101,2101,2101,2101,2101,
CIMS.CAN.BC.Industrial Minerals.Products.Lime.Kilns,Service,BC,Industrial Minerals,Kilns,Rotary Residual Oil,lifetime,,,,tech_data_generic,Years,30,30,30,30,30,30,30,30,30,30,30,
CIMS.CAN.BC.Industrial Minerals.Products.Lime.Kilns,Service,BC,Industrial Minerals,Kilns,Rotary Residual Oil,market_share_total,,,,tech_data_region,%,0.004,,,,,,,,,,,
CIMS.CAN.BC.Industrial Minerals.Products.Lime.Kilns,Service,BC,Industrial Minerals,Kilns,Rotary Residual Oil,output,,,,tech_data_generic,node unit,340000,340000,340000,340000,340000,340000,340000,340000,340000,340000,340000,
CIMS.CAN.BC.Industrial Minerals.Products.Lime.Kilns,Service,BC,Industrial Minerals,Kilns,Rotary Residual Oil,fcc,,,,tech_data_generic,$,48353552.5455607,48353552.5455607,48353552.5455607,48353552.5455607,48353552.5455607,48353552.5455607,48353552.5455607,48353552.5455607,48353552.5455607,48353552.5455607,48353552.5455607,
CIMS.CAN.BC.Industrial Minerals.Products.Lime.Kilns,Service,BC,Industrial Minerals,Kilns,Rotary Residual Oil,fom,,,,tech_data_generic,$,2667681.14373867,2667681.14373867,2667681.14373867,2667681.14373867,2667681.14373867,2667681.14373867,2667681.14373867,2667681.14373867,2667681.14373867,2667681.14373867,2667681.14373867,
CIMS.CAN.BC.Industrial Minerals.Products.Lime.Kilns,Service,BC,Industrial Minerals,Kilns,Rotary Residual Oil,service_request,,,CIMS.Generic Fuels.Fuel Oil,tech_multi_generic,GJ,5.94,5.94,5.94,5.94,5.94,5.94,5.94,5.94,5.94,5.94,5.94,
CIMS.CAN.BC.Industrial Minerals.Products.Lime.Kilns,Service,BC,Industrial Minerals,Kilns,Rotary Residual Oil,service_request,,,CIMS.CAN.BC.Industrial Minerals.Ventilation,tech_multi_generic,GJ,0.01775834579771,0.01775834579771,0.01775834579771,0.01775834579771,0.01775834579771,0.01775834579771,0.01775834579771,0.01775834579771,0.01775834579771,0.01775834579771,0.01775834579771,
CIMS.CAN.BC.Industrial Minerals.Products.Lime.Kilns,Service,BC,Industrial Minerals,Kilns,Rotary Residual Oil,service_request,,,CIMS.CAN.BC.Industrial Minerals.Conveyance,tech_multi_generic,GJ,0.03327477418574,0.03327477418574,0.03327477418574,0.03327477418574,0.03327477418574,0.03327477418574,0.03327477418574,0.03327477418574,0.03327477418574,0.03327477418574,0.03327477418574,
CIMS.CAN.BC.Industrial Minerals.Products.Lime.Kilns,Service,BC,Industrial Minerals,Kilns,Rotary Residual Oil,service_request,,,CIMS.CAN.BC.Industrial Minerals.Direct Drive,tech_multi_generic,GJ,0.16076907740453,0.16076907740453,0.16076907740453,0.16076907740453,0.16076907740453,0.16076907740453,0.16076907740453,0.16076907740453,0.16076907740453,0.16076907740453,0.16076907740453,
CIMS.CAN.BC.Industrial Minerals.Products.Lime.Kilns,Service,BC,Industrial Minerals,Kilns,Rotary Residual Oil,emissions,CO2,Process,,tech_multi_generic,tCO2,0.75,0.75,0.75,0.75,0.75,0.75,0.75,0.75,0.75,0.75,0.75,
CIMS.CAN.BC.Industrial Minerals.Products.Lime.Kilns,Service,BC,Industrial Minerals,Kilns,Rotary Preheat Residual Oil,technology,,,,,,,,,,,,,,,,,
CIMS.CAN.BC.Industrial Minerals.Products.Lime.Kilns,Service,BC,Industrial Minerals,Kilns,Rotary Preheat Residual Oil,available,,,,tech_data_generic,Year,1950,1950,1950,1950,1950,1950,1950,1950,1950,1950,1950,
CIMS.CAN.BC.Industrial Minerals.Products.Lime.Kilns,Service,BC,Industrial Minerals,Kilns,Rotary Preheat Residual Oil,unavailable,,,,tech_data_generic,Year,2101,2101,2101,2101,2101,2101,2101,2101,2101,2101,2101,
CIMS.CAN.BC.Industrial Minerals.Products.Lime.Kilns,Service,BC,Industrial Minerals,Kilns,Rotary Preheat Residual Oil,lifetime,,,,tech_data_generic,Years,30,30,30,30,30,30,30,30,30,30,30,
CIMS.CAN.BC.Industrial Minerals.Products.Lime.Kilns,Service,BC,Industrial Minerals,Kilns,Rotary Preheat Residual Oil,market_share_total,,,,tech_data_region,%,0.044,,,,,,,,,,,
CIMS.CAN.BC.Industrial Minerals.Products.Lime.Kilns,Service,BC,Industrial Minerals,Kilns,Rotary Preheat Residual Oil,output,,,,tech_data_generic,node unit,340000,340000,340000,340000,340000,340000,340000,340000,340000,340000,340000,
CIMS.CAN.BC.Industrial Minerals.Products.Lime.Kilns,Service,BC,Industrial Minerals,Kilns,Rotary Preheat Residual Oil,fcc,,,,tech_data_generic,$,50771230.0784112,50771230.0784112,50771230.0784112,50771230.0784112,50771230.0784112,50771230.0784112,50771230.0784112,50771230.0784112,50771230.0784112,50771230.0784112,50771230.0784112,
CIMS.CAN.BC.Industrial Minerals.Products.Lime.Kilns,Service,BC,Industrial Minerals,Kilns,Rotary Preheat Residual Oil,fom,,,,tech_data_generic,$,2667681.14373867,2667681.14373867,2667681.14373867,2667681.14373867,2667681.14373867,2667681.14373867,2667681.14373867,2667681.14373867,2667681.14373867,2667681.14373867,2667681.14373867,
CIMS.CAN.BC.Industrial Minerals.Products.Lime.Kilns,Service,BC,Industrial Minerals,Kilns,Rotary Preheat Residual Oil,service_request,,,CIMS.Generic Fuels.Fuel Oil,tech_multi_generic,GJ,5.64,5.64,5.64,5.64,5.64,5.64,5.64,5.64,5.64,5.64,5.64,
CIMS.CAN.BC.Industrial Minerals.Products.Lime.Kilns,Service,BC,Industrial Minerals,Kilns,Rotary Preheat Residual Oil,service_request,,,CIMS.CAN.BC.Industrial Minerals.Ventilation,tech_multi_generic,GJ,0.02958741002509,0.02958741002509,0.02958741002509,0.02958741002509,0.02958741002509,0.02958741002509,0.02958741002509,0.02958741002509,0.02958741002509,0.02958741002509,0.02958741002509,
CIMS.CAN.BC.Industrial Minerals.Products.Lime.Kilns,Service,BC,Industrial Minerals,Kilns,Rotary Preheat Residual Oil,service_request,,,CIMS.CAN.BC.Industrial Minerals.Conveyance,tech_multi_generic,GJ,0.03327477418574,0.03327477418574,0.03327477418574,0.03327477418574,0.03327477418574,0.03327477418574,0.03327477418574,0.03327477418574,0.03327477418574,0.03327477418574,0.03327477418574,
CIMS.CAN.BC.Industrial Minerals.Products.Lime.Kilns,Service,BC,Industrial Minerals,Kilns,Rotary Preheat Residual Oil,service_request,,,CIMS.CAN.BC.Industrial Minerals.Direct Drive,tech_multi_generic,GJ,0.13778942395533,0.13778942395533,0.13778942395533,0.13778942395533,0.13778942395533,0.13778942395533,0.13778942395533,0.13778942395533,0.13778942395533,0.13778942395533,0.13778942395533,
CIMS.CAN.BC.Industrial Minerals.Products.Lime.Kilns,Service,BC,Industrial Minerals,Kilns,Rotary Preheat Residual Oil,emissions,CO2,Process,,tech_multi_generic,tCO2,0.75,0.75,0.75,0.75,0.75,0.75,0.75,0.75,0.75,0.75,0.75,
CIMS.CAN.BC.Industrial Minerals.Products.Lime.Kilns,Service,BC,Industrial Minerals,Kilns,Rotary Preheat Internals Residual Oil,technology,,,,,,,,,,,,,,,,,
CIMS.CAN.BC.Industrial Minerals.Products.Lime.Kilns,Service,BC,Industrial Minerals,Kilns,Rotary Preheat Internals Residual Oil,available,,,,tech_data_generic,Year,1950,1950,1950,1950,1950,1950,1950,1950,1950,1950,1950,
CIMS.CAN.BC.Industrial Minerals.Products.Lime.Kilns,Service,BC,Industrial Minerals,Kilns,Rotary Preheat Internals Residual Oil,unavailable,,,,tech_data_generic,Year,2101,2101,2101,2101,2101,2101,2101,2101,2101,2101,2101,
CIMS.CAN.BC.Industrial Minerals.Products.Lime.Kilns,Service,BC,Industrial Minerals,Kilns,Rotary Preheat Internals Residual Oil,lifetime,,,,tech_data_generic,Years,30,30,30,30,30,30,30,30,30,30,30,
CIMS.CAN.BC.Industrial Minerals.Products.Lime.Kilns,Service,BC,Industrial Minerals,Kilns,Rotary Preheat Internals Residual Oil,market_share_total,,,,tech_data_region,%,0,,,,,,,,,,,
CIMS.CAN.BC.Industrial Minerals.Products.Lime.Kilns,Service,BC,Industrial Minerals,Kilns,Rotary Preheat Internals Residual Oil,output,,,,tech_data_generic,node unit,340000,340000,340000,340000,340000,340000,340000,340000,340000,340000,340000,
CIMS.CAN.BC.Industrial Minerals.Products.Lime.Kilns,Service,BC,Industrial Minerals,Kilns,Rotary Preheat Internals Residual Oil,fcc,,,,tech_data_generic,$,51738301.1901402,51738301.1901402,51738301.1901402,51738301.1901402,51738301.1901402,51738301.1901402,51738301.1901402,51738301.1901402,51738301.1901402,51738301.1901402,51738301.1901402,
CIMS.CAN.BC.Industrial Minerals.Products.Lime.Kilns,Service,BC,Industrial Minerals,Kilns,Rotary Preheat Internals Residual Oil,fom,,,,tech_data_generic,$,2667681.14373867,2667681.14373867,2667681.14373867,2667681.14373867,2667681.14373867,2667681.14373867,2667681.14373867,2667681.14373867,2667681.14373867,2667681.14373867,2667681.14373867,
CIMS.CAN.BC.Industrial Minerals.Products.Lime.Kilns,Service,BC,Industrial Minerals,Kilns,Rotary Preheat Internals Residual Oil,service_request,,,CIMS.Generic Fuels.Fuel Oil,tech_multi_generic,GJ,5.06,5.06,5.06,5.06,5.06,5.06,5.06,5.06,5.06,5.06,5.06,
CIMS.CAN.BC.Industrial Minerals.Products.Lime.Kilns,Service,BC,Industrial Minerals,Kilns,Rotary Preheat Internals Residual Oil,service_request,,,CIMS.CAN.BC.Industrial Minerals.Ventilation,tech_multi_generic,GJ,0.03418924049759,0.03418924049759,0.03418924049759,0.03418924049759,0.03418924049759,0.03418924049759,0.03418924049759,0.03418924049759,0.03418924049759,0.03418924049759,0.03418924049759,
CIMS.CAN.BC.Industrial Minerals.Products.Lime.Kilns,Service,BC,Industrial Minerals,Kilns,Rotary Preheat Internals Residual Oil,service_request,,,CIMS.CAN.BC.Industrial Minerals.Conveyance,tech_multi_generic,GJ,0.03772911009181,0.03772911009181,0.03772911009181,0.03772911009181,0.03772911009181,0.03772911009181,0.03772911009181,0.03772911009181,0.03772911009181,0.03772911009181,0.03772911009181,
CIMS.CAN.BC.Industrial Minerals.Products.Lime.Kilns,Service,BC,Industrial Minerals,Kilns,Rotary Preheat Internals Residual Oil,service_request,,,CIMS.CAN.BC.Industrial Minerals.Direct Drive,tech_multi_generic,GJ,0.28501850016194,0.28501850016194,0.28501850016194,0.28501850016194,0.28501850016194,0.28501850016194,0.28501850016194,0.28501850016194,0.28501850016194,0.28501850016194,0.28501850016194,
CIMS.CAN.BC.Industrial Minerals.Products.Lime.Kilns,Service,BC,Industrial Minerals,Kilns,Rotary Preheat Internals Residual Oil,emissions,CO2,Process,,tech_multi_generic,tCO2,0.75,0.75,0.75,0.75,0.75,0.75,0.75,0.75,0.75,0.75,0.75,
CIMS.CAN.BC.Industrial Minerals.Products.Lime.Kilns,Service,BC,Industrial Minerals,Kilns,Std process with calcium minerals,technology,,,,,,,,,,,,,,,,,
CIMS.CAN.BC.Industrial Minerals.Products.Lime.Kilns,Service,BC,Industrial Minerals,Kilns,Std process with calcium minerals,available,,,,tech_data_generic,Year,2025,2025,2025,2025,2025,2025,2025,2025,2025,2025,2025,
CIMS.CAN.BC.Industrial Minerals.Products.Lime.Kilns,Service,BC,Industrial Minerals,Kilns,Std process with calcium minerals,unavailable,,,,tech_data_generic,Year,2101,2101,2101,2101,2101,2101,2101,2101,2101,2101,2101,
CIMS.CAN.BC.Industrial Minerals.Products.Lime.Kilns,Service,BC,Industrial Minerals,Kilns,Std process with calcium minerals,lifetime,,,,tech_data_generic,Years,30,30,30,30,30,30,30,30,30,30,30,
CIMS.CAN.BC.Industrial Minerals.Products.Lime.Kilns,Service,BC,Industrial Minerals,Kilns,Std process with calcium minerals,market_share_total,,,,tech_data_region,%,0,,,,,,,,,,,
CIMS.CAN.BC.Industrial Minerals.Products.Lime.Kilns,Service,BC,Industrial Minerals,Kilns,Std process with calcium minerals,output,,,,tech_data_generic,node unit,620000,620000,620000,620000,620000,620000,620000,620000,620000,620000,620000,
CIMS.CAN.BC.Industrial Minerals.Products.Lime.Kilns,Service,BC,Industrial Minerals,Kilns,Std process with calcium minerals,fcc,,,,tech_data_generic,$,450000000,450000000,450000000,450000000,450000000,450000000,450000000,450000000,450000000,450000000,450000000,
CIMS.CAN.BC.Industrial Minerals.Products.Lime.Kilns,Service,BC,Industrial Minerals,Kilns,Std process with calcium minerals,fom,,,,tech_data_generic,$,3805964.55754871,3805964.55754871,3805964.55754871,3805964.55754871,3805964.55754871,3805964.55754871,3805964.55754871,3805964.55754871,3805964.55754871,3805964.55754871,3805964.55754871,
CIMS.CAN.BC.Industrial Minerals.Products.Lime.Kilns,Service,BC,Industrial Minerals,Kilns,Std process with calcium minerals,service_request,,,CIMS.CAN.BC.Industrial Minerals.Heat,tech_multi_generic,GJ,2.637,2.637,2.637,2.637,2.637,2.637,2.637,2.637,2.637,2.637,2.637,
CIMS.CAN.BC.Industrial Minerals.Products.Lime.Kilns,Service,BC,Industrial Minerals,Kilns,Std process with calcium minerals,service_request,,,CIMS.CAN.BC.Industrial Minerals.Ventilation,tech_multi_generic,GJ,0.005,0.005,0.005,0.005,0.005,0.005,0.005,0.005,0.005,0.005,0.005,
CIMS.CAN.BC.Industrial Minerals.Products.Lime.Kilns,Service,BC,Industrial Minerals,Kilns,Std process with calcium minerals,service_request,,,CIMS.CAN.BC.Industrial Minerals.Direct Drive,tech_multi_generic,GJ,0.10114569,0.10114569,0.10114569,0.10114569,0.10114569,0.10114569,0.10114569,0.10114569,0.10114569,0.10114569,0.10114569,
CIMS.CAN.BC.Industrial Minerals.Products.Lime.Kilns,Service,BC,Industrial Minerals,Kilns,Std process with calcium minerals,emissions,CO2,Process,,tech_multi_generic,tCO2,0,0,0,0,0,0,0,0,0,0,0,
CIMS.CAN.BC.Industrial Minerals.Products.Lime.Kilns,Service,BC,Industrial Minerals,Kilns,Electrochemical synthesis,technology,,,,,,,,,,,,,,,,,
CIMS.CAN.BC.Industrial Minerals.Products.Lime.Kilns,Service,BC,Industrial Minerals,Kilns,Electrochemical synthesis,available,,,,tech_data_generic,Year,2025,2025,2025,2025,2025,2025,2025,2025,2025,2025,2025,
CIMS.CAN.BC.Industrial Minerals.Products.Lime.Kilns,Service,BC,Industrial Minerals,Kilns,Electrochemical synthesis,unavailable,,,,tech_data_generic,Year,2101,2101,2101,2101,2101,2101,2101,2101,2101,2101,2101,
CIMS.CAN.BC.Industrial Minerals.Products.Lime.Kilns,Service,BC,Industrial Minerals,Kilns,Electrochemical synthesis,lifetime,,,,tech_data_generic,Years,30,30,30,30,30,30,30,30,30,30,30,
CIMS.CAN.BC.Industrial Minerals.Products.Lime.Kilns,Service,BC,Industrial Minerals,Kilns,Electrochemical synthesis,market_share_total,,,,tech_data_region,%,0,,,,,,,,,,,
CIMS.CAN.BC.Industrial Minerals.Products.Lime.Kilns,Service,BC,Industrial Minerals,Kilns,Electrochemical synthesis,output,,,,tech_data_generic,node unit,620000,620000,620000,620000,620000,620000,620000,620000,620000,620000,620000,
CIMS.CAN.BC.Industrial Minerals.Products.Lime.Kilns,Service,BC,Industrial Minerals,Kilns,Electrochemical synthesis,fcc,,,,tech_data_generic,$,50000000,50000000,50000000,50000000,50000000,50000000,50000000,50000000,50000000,50000000,50000000,
CIMS.CAN.BC.Industrial Minerals.Products.Lime.Kilns,Service,BC,Industrial Minerals,Kilns,Electrochemical synthesis,fom,,,,tech_data_generic,$,3805964.55754871,3805964.55754871,3805964.55754871,3805964.55754871,3805964.55754871,3805964.55754871,3805964.55754871,3805964.55754871,3805964.55754871,3805964.55754871,3805964.55754871,
CIMS.CAN.BC.Industrial Minerals.Products.Lime.Kilns,Service,BC,Industrial Minerals,Kilns,Electrochemical synthesis,service_request,,,CIMS.CAN.BC.Electricity,tech_multi_generic,GJ,6.15,6.15,6.15,6.15,6.15,6.15,6.15,6.15,6.15,6.15,6.15,
CIMS.CAN.BC.Industrial Minerals.Products.Glass,Service,BC,Industrial Minerals,Glass,,service_provide,,,,activity_data_generic,tonne,,,,,,,,,,,,
CIMS.CAN.BC.Industrial Minerals.Products.Glass,Service,BC,Industrial Minerals,Glass,,competition,Fixed Ratio,,,,,,,,,,,,,,,,
CIMS.CAN.BC.Industrial Minerals.Products.Glass,Service,BC,Industrial Minerals,Glass,,service_request,,,CIMS.CAN.BC.Industrial Minerals.Products.Glass.Fibreglass,activity_data_region,tonne,0,0,0,0,0,0,0,0,0,0,0,
CIMS.CAN.BC.Industrial Minerals.Products.Glass,Service,BC,Industrial Minerals,Glass,,service_request,,,CIMS.CAN.BC.Industrial Minerals.Products.Glass.Blown Pressed,activity_data_region,tonne,0,0,0,0,0,0,0,0,0,0,0,
CIMS.CAN.BC.Industrial Minerals.Products.Glass,Service,BC,Industrial Minerals,Glass,,service_request,,,CIMS.CAN.BC.Industrial Minerals.Products.Glass.Containers,activity_data_region,tonne,0,0,0,0,0,0,0,0,0,0,0,
CIMS.CAN.BC.Industrial Minerals.Products.Glass,Service,BC,Industrial Minerals,Glass,,service_request,,,CIMS.CAN.BC.Industrial Minerals.Products.Glass.Flat,activity_data_region,tonne,0,0,0,0,0,0,0,0,0,0,0,
CIMS.CAN.BC.Industrial Minerals.Products.Glass.Flat,Service,BC,Industrial Minerals,Flat,,service_provide,,,,activity_data_generic,tonne,,,,,,,,,,,,
CIMS.CAN.BC.Industrial Minerals.Products.Glass.Flat,Service,BC,Industrial Minerals,Flat,,competition,Fixed Ratio,,,,,,,,,,,,,,,,
CIMS.CAN.BC.Industrial Minerals.Products.Glass.Flat,Service,BC,Industrial Minerals,Flat,,service_request,,,CIMS.CAN.BC.Industrial Minerals.Products.Glass.Flat.Preparation,activity_data_region,tonne,1.32,1.32,1.32,1.32,1.32,1.32,1.32,1.32,1.32,1.32,1.32,
CIMS.CAN.BC.Industrial Minerals.Products.Glass.Flat,Service,BC,Industrial Minerals,Flat,,service_request,,,CIMS.CAN.BC.Industrial Minerals.Products.Glass.Flat.Furnaces,activity_data_region,tonne,1.26,1.26,1.26,1.26,1.26,1.26,1.26,1.26,1.26,1.26,1.26,
CIMS.CAN.BC.Industrial Minerals.Products.Glass.Flat,Service,BC,Industrial Minerals,Flat,,service_request,,,CIMS.CAN.BC.Industrial Minerals.Products.Glass.Flat.Form and Finish,activity_data_region,tonne,1.26,1.26,1.26,1.26,1.26,1.26,1.26,1.26,1.26,1.26,1.26,
CIMS.CAN.BC.Industrial Minerals.Products.Glass.Flat,Service,BC,Industrial Minerals,Flat,,service_request,,,CIMS.CAN.BC.Industrial Minerals.Products.Glass.Flat.Temper,activity_data_region,tonne,0.5,0.5,0.5,0.5,0.5,0.5,0.5,0.5,0.5,0.5,0.5,
CIMS.CAN.BC.Industrial Minerals.Products.Glass.Flat,Service,BC,Industrial Minerals,Flat,,service_request,,,CIMS.CAN.BC.Industrial Minerals.HVAC,activity_data_region,GJ,0.005,0.005,0.005,0.005,0.005,0.005,0.005,0.005,0.005,0.005,0.005,
CIMS.CAN.BC.Industrial Minerals.Products.Glass.Flat,Service,BC,Industrial Minerals,Flat,,service_request,,,CIMS.CAN.BC.Industrial Minerals.Lighting,activity_data_region,GJ,0.005,0.005,0.005,0.005,0.005,0.005,0.005,0.005,0.005,0.005,0.005,
CIMS.CAN.BC.Industrial Minerals.Products.Glass.Flat.Preparation,Service,BC,Industrial Minerals,Preparation,,service_provide,,,,activity_data_generic,tonne,,,,,,,,,,,,
CIMS.CAN.BC.Industrial Minerals.Products.Glass.Flat.Preparation,Service,BC,Industrial Minerals,Preparation,,competition,Tech Compete,,,,,,,,,,,,,,,,
CIMS.CAN.BC.Industrial Minerals.Products.Glass.Flat.Preparation,Service,BC,Industrial Minerals,Preparation,,discount_rate_financial,,,,tech_data_generic,%,0.35,0.35,0.35,0.35,0.35,0.35,0.35,0.35,0.35,0.35,0.35,
CIMS.CAN.BC.Industrial Minerals.Products.Glass.Flat.Preparation,Service,BC,Industrial Minerals,Preparation,,heterogeneity,,,,tech_data_generic,,10,10,10,10,10,10,10,10,10,10,10,
CIMS.CAN.BC.Industrial Minerals.Products.Glass.Flat.Preparation,Service,BC,Industrial Minerals,Preparation,Rotary kiln long dry Std process,technology,,,,,,,,,,,,,,,,,
CIMS.CAN.BC.Industrial Minerals.Products.Glass.Flat.Preparation,Service,BC,Industrial Minerals,Preparation,Rotary kiln long dry Std process,available,,,,tech_data_generic,Year,1950,1950,1950,1950,1950,1950,1950,1950,1950,1950,1950,
CIMS.CAN.BC.Industrial Minerals.Products.Glass.Flat.Preparation,Service,BC,Industrial Minerals,Preparation,Rotary kiln long dry Std process,unavailable,,,,tech_data_generic,Year,2101,2101,2101,2101,2101,2101,2101,2101,2101,2101,2101,
CIMS.CAN.BC.Industrial Minerals.Products.Glass.Flat.Preparation,Service,BC,Industrial Minerals,Preparation,Rotary kiln long dry Std process,lifetime,,,,tech_data_generic,Years,20,20,20,20,20,20,20,20,20,20,20,
CIMS.CAN.BC.Industrial Minerals.Products.Glass.Flat.Preparation,Service,BC,Industrial Minerals,Preparation,Rotary kiln long dry Std process,market_share_total,,,,tech_data_region,%,1,,,,,,,,,,,
CIMS.CAN.BC.Industrial Minerals.Products.Glass.Flat.Preparation,Service,BC,Industrial Minerals,Preparation,Rotary kiln long dry Std process,output,,,,tech_data_generic,node unit,135000,135000,135000,135000,135000,135000,135000,135000,135000,135000,135000,
CIMS.CAN.BC.Industrial Minerals.Products.Glass.Flat.Preparation,Service,BC,Industrial Minerals,Preparation,Rotary kiln long dry Std process,fcc,,,,tech_data_generic,$,4996581.84564864,4996581.84564864,4996581.84564864,4996581.84564864,4996581.84564864,4996581.84564864,4996581.84564864,4996581.84564864,4996581.84564864,4996581.84564864,4996581.84564864,
CIMS.CAN.BC.Industrial Minerals.Products.Glass.Flat.Preparation,Service,BC,Industrial Minerals,Preparation,Rotary kiln long dry Std process,fom,,,,tech_data_generic,$,192586.60663354,192586.60663354,192586.60663354,192586.60663354,192586.60663354,192586.60663354,192586.60663354,192586.60663354,192586.60663354,192586.60663354,192586.60663354,
CIMS.CAN.BC.Industrial Minerals.Products.Glass.Flat.Preparation,Service,BC,Industrial Minerals,Preparation,Rotary kiln long dry Std process,service_request,,,CIMS.CAN.BC.Industrial Minerals.Ventilation,tech_multi_generic,GJ,0.00042,0.00042,0.00042,0.00042,0.00042,0.00042,0.00042,0.00042,0.00042,0.00042,0.00042,
CIMS.CAN.BC.Industrial Minerals.Products.Glass.Flat.Preparation,Service,BC,Industrial Minerals,Preparation,Rotary kiln long dry Std process,service_request,,,CIMS.CAN.BC.Industrial Minerals.Conveyance,tech_multi_generic,GJ,0.03163,0.03163,0.03163,0.03163,0.03163,0.03163,0.03163,0.03163,0.03163,0.03163,0.03163,
CIMS.CAN.BC.Industrial Minerals.Products.Glass.Flat.Preparation,Service,BC,Industrial Minerals,Preparation,Rotary kiln long dry Std process,service_request,,,CIMS.CAN.BC.Industrial Minerals.Pumping,tech_multi_generic,GJ,0.00026,0.00026,0.00026,0.00026,0.00026,0.00026,0.00026,0.00026,0.00026,0.00026,0.00026,
CIMS.CAN.BC.Industrial Minerals.Products.Glass.Flat.Preparation,Service,BC,Industrial Minerals,Preparation,Rotary kiln long dry Std process,service_request,,,CIMS.CAN.BC.Industrial Minerals.Compression,tech_multi_generic,GJ,0.00069,0.00069,0.00069,0.00069,0.00069,0.00069,0.00069,0.00069,0.00069,0.00069,0.00069,
CIMS.CAN.BC.Industrial Minerals.Products.Glass.Flat.Preparation,Service,BC,Industrial Minerals,Preparation,Rotary kiln long dry Std process,service_request,,,CIMS.CAN.BC.Industrial Minerals.Direct Drive,tech_multi_generic,GJ,0.03682,0.03682,0.03682,0.03682,0.03682,0.03682,0.03682,0.03682,0.03682,0.03682,0.03682,
CIMS.CAN.BC.Industrial Minerals.Products.Glass.Flat.Preparation,Service,BC,Industrial Minerals,Preparation,Preparation CPC,technology,,,,,,,,,,,,,,,,,
CIMS.CAN.BC.Industrial Minerals.Products.Glass.Flat.Preparation,Service,BC,Industrial Minerals,Preparation,Preparation CPC,available,,,,tech_data_generic,Year,1950,1950,1950,1950,1950,1950,1950,1950,1950,1950,1950,
CIMS.CAN.BC.Industrial Minerals.Products.Glass.Flat.Preparation,Service,BC,Industrial Minerals,Preparation,Preparation CPC,unavailable,,,,tech_data_generic,Year,2101,2101,2101,2101,2101,2101,2101,2101,2101,2101,2101,
CIMS.CAN.BC.Industrial Minerals.Products.Glass.Flat.Preparation,Service,BC,Industrial Minerals,Preparation,Preparation CPC,lifetime,,,,tech_data_generic,Years,20,20,20,20,20,20,20,20,20,20,20,
CIMS.CAN.BC.Industrial Minerals.Products.Glass.Flat.Preparation,Service,BC,Industrial Minerals,Preparation,Preparation CPC,market_share_total,,,,tech_data_region,%,0,,,,,,,,,,,
CIMS.CAN.BC.Industrial Minerals.Products.Glass.Flat.Preparation,Service,BC,Industrial Minerals,Preparation,Preparation CPC,output,,,,tech_data_generic,node unit,135000,135000,135000,135000,135000,135000,135000,135000,135000,135000,135000,
CIMS.CAN.BC.Industrial Minerals.Products.Glass.Flat.Preparation,Service,BC,Industrial Minerals,Preparation,Preparation CPC,fcc,,,,tech_data_generic,$,5995898.21477837,5995898.21477837,5995898.21477837,5995898.21477837,5995898.21477837,5995898.21477837,5995898.21477837,5995898.21477837,5995898.21477837,5995898.21477837,5995898.21477837,
CIMS.CAN.BC.Industrial Minerals.Products.Glass.Flat.Preparation,Service,BC,Industrial Minerals,Preparation,Preparation CPC,fom,,,,tech_data_generic,$,231103.927960248,231103.927960248,231103.927960248,231103.927960248,231103.927960248,231103.927960248,231103.927960248,231103.927960248,231103.927960248,231103.927960248,231103.927960248,
CIMS.CAN.BC.Industrial Minerals.Products.Glass.Flat.Preparation,Service,BC,Industrial Minerals,Preparation,Preparation CPC,service_request,,,CIMS.CAN.BC.Industrial Minerals.Ventilation,tech_multi_generic,GJ,0.00038,0.00038,0.00038,0.00038,0.00038,0.00038,0.00038,0.00038,0.00038,0.00038,0.00038,
CIMS.CAN.BC.Industrial Minerals.Products.Glass.Flat.Preparation,Service,BC,Industrial Minerals,Preparation,Preparation CPC,service_request,,,CIMS.CAN.BC.Industrial Minerals.Conveyance,tech_multi_generic,GJ,0.02847,0.02847,0.02847,0.02847,0.02847,0.02847,0.02847,0.02847,0.02847,0.02847,0.02847,
CIMS.CAN.BC.Industrial Minerals.Products.Glass.Flat.Preparation,Service,BC,Industrial Minerals,Preparation,Preparation CPC,service_request,,,CIMS.CAN.BC.Industrial Minerals.Pumping,tech_multi_generic,GJ,0.00024,0.00024,0.00024,0.00024,0.00024,0.00024,0.00024,0.00024,0.00024,0.00024,0.00024,
CIMS.CAN.BC.Industrial Minerals.Products.Glass.Flat.Preparation,Service,BC,Industrial Minerals,Preparation,Preparation CPC,service_request,,,CIMS.CAN.BC.Industrial Minerals.Compression,tech_multi_generic,GJ,0.00062,0.00062,0.00062,0.00062,0.00062,0.00062,0.00062,0.00062,0.00062,0.00062,0.00062,
CIMS.CAN.BC.Industrial Minerals.Products.Glass.Flat.Preparation,Service,BC,Industrial Minerals,Preparation,Preparation CPC,service_request,,,CIMS.CAN.BC.Industrial Minerals.Direct Drive,tech_multi_generic,GJ,0.03314,0.03314,0.03314,0.03314,0.03314,0.03314,0.03314,0.03314,0.03314,0.03314,0.03314,
CIMS.CAN.BC.Industrial Minerals.Products.Glass.Flat.Furnaces,Service,BC,Industrial Minerals,Furnaces,,service_provide,,,,activity_data_generic,tonne,,,,,,,,,,,,
CIMS.CAN.BC.Industrial Minerals.Products.Glass.Flat.Furnaces,Service,BC,Industrial Minerals,Furnaces,,competition,Tech Compete,,,,,,,,,,,,,,,,
CIMS.CAN.BC.Industrial Minerals.Products.Glass.Flat.Furnaces,Service,BC,Industrial Minerals,Furnaces,,discount_rate_financial,,,,tech_data_generic,%,0.35,0.35,0.35,0.35,0.35,0.35,0.35,0.35,0.35,0.35,0.35,
CIMS.CAN.BC.Industrial Minerals.Products.Glass.Flat.Furnaces,Service,BC,Industrial Minerals,Furnaces,,heterogeneity,,,,tech_data_generic,,10,10,10,10,10,10,10,10,10,10,10,
CIMS.CAN.BC.Industrial Minerals.Products.Glass.Flat.Furnaces,Service,BC,Industrial Minerals,Furnaces,reg melters LRM,technology,,,,,,,,,,,,,,,,,
CIMS.CAN.BC.Industrial Minerals.Products.Glass.Flat.Furnaces,Service,BC,Industrial Minerals,Furnaces,reg melters LRM,available,,,,tech_data_generic,Year,1971,1971,1971,1971,1971,1971,1971,1971,1971,1971,1971,
CIMS.CAN.BC.Industrial Minerals.Products.Glass.Flat.Furnaces,Service,BC,Industrial Minerals,Furnaces,reg melters LRM,unavailable,,,,tech_data_generic,Year,2101,2101,2101,2101,2101,2101,2101,2101,2101,2101,2101,
CIMS.CAN.BC.Industrial Minerals.Products.Glass.Flat.Furnaces,Service,BC,Industrial Minerals,Furnaces,reg melters LRM,lifetime,,,,tech_data_generic,Years,20,20,20,20,20,20,20,20,20,20,20,
CIMS.CAN.BC.Industrial Minerals.Products.Glass.Flat.Furnaces,Service,BC,Industrial Minerals,Furnaces,reg melters LRM,market_share_total,,,,tech_data_region,%,1,,,,,,,,,,,
CIMS.CAN.BC.Industrial Minerals.Products.Glass.Flat.Furnaces,Service,BC,Industrial Minerals,Furnaces,reg melters LRM,output,,,,tech_data_generic,node unit,135000,135000,135000,135000,135000,135000,135000,135000,135000,135000,135000,
CIMS.CAN.BC.Industrial Minerals.Products.Glass.Flat.Furnaces,Service,BC,Industrial Minerals,Furnaces,reg melters LRM,fcc,,,,tech_data_generic,$,24982909.2282432,24982909.2282432,24982909.2282432,24982909.2282432,24982909.2282432,24982909.2282432,24982909.2282432,24982909.2282432,24982909.2282432,24982909.2282432,24982909.2282432,
CIMS.CAN.BC.Industrial Minerals.Products.Glass.Flat.Furnaces,Service,BC,Industrial Minerals,Furnaces,reg melters LRM,fom,,,,tech_data_generic,$,962933.033167704,962933.033167704,962933.033167704,962933.033167704,962933.033167704,962933.033167704,962933.033167704,962933.033167704,962933.033167704,962933.033167704,962933.033167704,
CIMS.CAN.BC.Industrial Minerals.Products.Glass.Flat.Furnaces,Service,BC,Industrial Minerals,Furnaces,reg melters LRM,service_request,,,CIMS.CAN.BC.Industrial Minerals.Methane Blend,tech_multi_generic,GJ,8.715,8.715,8.715,8.715,8.715,8.715,8.715,8.715,8.715,8.715,8.715,
CIMS.CAN.BC.Industrial Minerals.Products.Glass.Flat.Furnaces,Service,BC,Industrial Minerals,Furnaces,reg melters LRM,service_request,,,CIMS.CAN.BC.Industrial Minerals.Ventilation,tech_multi_generic,GJ,0.00078,0.00078,0.00078,0.00078,0.00078,0.00078,0.00078,0.00078,0.00078,0.00078,0.00078,
CIMS.CAN.BC.Industrial Minerals.Products.Glass.Flat.Furnaces,Service,BC,Industrial Minerals,Furnaces,reg melters LRM,service_request,,,CIMS.CAN.BC.Industrial Minerals.Conveyance,tech_multi_generic,GJ,0.05857,0.05857,0.05857,0.05857,0.05857,0.05857,0.05857,0.05857,0.05857,0.05857,0.05857,
CIMS.CAN.BC.Industrial Minerals.Products.Glass.Flat.Furnaces,Service,BC,Industrial Minerals,Furnaces,reg melters LRM,service_request,,,CIMS.CAN.BC.Industrial Minerals.Pumping,tech_multi_generic,GJ,0.00048,0.00048,0.00048,0.00048,0.00048,0.00048,0.00048,0.00048,0.00048,0.00048,0.00048,
CIMS.CAN.BC.Industrial Minerals.Products.Glass.Flat.Furnaces,Service,BC,Industrial Minerals,Furnaces,reg melters LRM,service_request,,,CIMS.CAN.BC.Industrial Minerals.Direct Drive,tech_multi_generic,GJ,0.06819,0.06819,0.06819,0.06819,0.06819,0.06819,0.06819,0.06819,0.06819,0.06819,0.06819,
CIMS.CAN.BC.Industrial Minerals.Products.Glass.Flat.Furnaces,Service,BC,Industrial Minerals,Furnaces,reg melters LRM,service_request,,,CIMS.CAN.BC.Industrial Minerals.Compression,tech_multi_generic,GJ,0.00127,0.00127,0.00127,0.00127,0.00127,0.00127,0.00127,0.00127,0.00127,0.00127,0.00127,
CIMS.CAN.BC.Industrial Minerals.Products.Glass.Flat.Furnaces,Service,BC,Industrial Minerals,Furnaces,boost reg melters LBRM,technology,,,,,,,,,,,,,,,,,
CIMS.CAN.BC.Industrial Minerals.Products.Glass.Flat.Furnaces,Service,BC,Industrial Minerals,Furnaces,boost reg melters LBRM,available,,,,tech_data_generic,Year,1971,1971,1971,1971,1971,1971,1971,1971,1971,1971,1971,
CIMS.CAN.BC.Industrial Minerals.Products.Glass.Flat.Furnaces,Service,BC,Industrial Minerals,Furnaces,boost reg melters LBRM,unavailable,,,,tech_data_generic,Year,2101,2101,2101,2101,2101,2101,2101,2101,2101,2101,2101,
CIMS.CAN.BC.Industrial Minerals.Products.Glass.Flat.Furnaces,Service,BC,Industrial Minerals,Furnaces,boost reg melters LBRM,lifetime,,,,tech_data_generic,Years,20,20,20,20,20,20,20,20,20,20,20,
CIMS.CAN.BC.Industrial Minerals.Products.Glass.Flat.Furnaces,Service,BC,Industrial Minerals,Furnaces,boost reg melters LBRM,market_share_total,,,,tech_data_region,%,0,,,,,,,,,,,
CIMS.CAN.BC.Industrial Minerals.Products.Glass.Flat.Furnaces,Service,BC,Industrial Minerals,Furnaces,boost reg melters LBRM,output,,,,tech_data_generic,node unit,122850,122850,122850,122850,122850,122850,122850,122850,122850,122850,122850,
CIMS.CAN.BC.Industrial Minerals.Products.Glass.Flat.Furnaces,Service,BC,Industrial Minerals,Furnaces,boost reg melters LBRM,fcc,,,,tech_data_generic,$,23189136.3476106,23189136.3476106,23189136.3476106,23189136.3476106,23189136.3476106,23189136.3476106,23189136.3476106,23189136.3476106,23189136.3476106,23189136.3476106,23189136.3476106,
CIMS.CAN.BC.Industrial Minerals.Products.Glass.Flat.Furnaces,Service,BC,Industrial Minerals,Furnaces,boost reg melters LBRM,fom,,,,tech_data_generic,$,893794.566523759,893794.566523759,893794.566523759,893794.566523759,893794.566523759,893794.566523759,893794.566523759,893794.566523759,893794.566523759,893794.566523759,893794.566523759,
CIMS.CAN.BC.Industrial Minerals.Products.Glass.Flat.Furnaces,Service,BC,Industrial Minerals,Furnaces,boost reg melters LBRM,service_request,,,CIMS.CAN.BC.Industrial Minerals.Methane Blend,tech_multi_generic,GJ,7.553,7.553,7.553,7.553,7.553,7.553,7.553,7.553,7.553,7.553,7.553,
CIMS.CAN.BC.Industrial Minerals.Products.Glass.Flat.Furnaces,Service,BC,Industrial Minerals,Furnaces,boost reg melters LBRM,service_request,,,CIMS.CAN.BC.Electricity,tech_multi_generic,GJ,0.79,0.79,0.79,0.79,0.79,0.79,0.79,0.79,0.79,0.79,0.79,
CIMS.CAN.BC.Industrial Minerals.Products.Glass.Flat.Furnaces,Service,BC,Industrial Minerals,Furnaces,boost reg melters LBRM,service_request,,,CIMS.CAN.BC.Industrial Minerals.Ventilation,tech_multi_generic,GJ,0.00078,0.00078,0.00078,0.00078,0.00078,0.00078,0.00078,0.00078,0.00078,0.00078,0.00078,
CIMS.CAN.BC.Industrial Minerals.Products.Glass.Flat.Furnaces,Service,BC,Industrial Minerals,Furnaces,boost reg melters LBRM,service_request,,,CIMS.CAN.BC.Industrial Minerals.Conveyance,tech_multi_generic,GJ,0.05857,0.05857,0.05857,0.05857,0.05857,0.05857,0.05857,0.05857,0.05857,0.05857,0.05857,
CIMS.CAN.BC.Industrial Minerals.Products.Glass.Flat.Furnaces,Service,BC,Industrial Minerals,Furnaces,boost reg melters LBRM,service_request,,,CIMS.CAN.BC.Industrial Minerals.Pumping,tech_multi_generic,GJ,0.00048,0.00048,0.00048,0.00048,0.00048,0.00048,0.00048,0.00048,0.00048,0.00048,0.00048,
CIMS.CAN.BC.Industrial Minerals.Products.Glass.Flat.Furnaces,Service,BC,Industrial Minerals,Furnaces,boost reg melters LBRM,service_request,,,CIMS.CAN.BC.Industrial Minerals.Direct Drive,tech_multi_generic,GJ,0.06819,0.06819,0.06819,0.06819,0.06819,0.06819,0.06819,0.06819,0.06819,0.06819,0.06819,
CIMS.CAN.BC.Industrial Minerals.Products.Glass.Flat.Furnaces,Service,BC,Industrial Minerals,Furnaces,boost reg melters LBRM,service_request,,,CIMS.CAN.BC.Industrial Minerals.Compression,tech_multi_generic,GJ,0.00127,0.00127,0.00127,0.00127,0.00127,0.00127,0.00127,0.00127,0.00127,0.00127,0.00127,
CIMS.CAN.BC.Industrial Minerals.Products.Glass.Flat.Furnaces,Service,BC,Industrial Minerals,Furnaces,reg melters fluidized bed preheater,technology,,,,,,,,,,,,,,,,,
CIMS.CAN.BC.Industrial Minerals.Products.Glass.Flat.Furnaces,Service,BC,Industrial Minerals,Furnaces,reg melters fluidized bed preheater,available,,,,tech_data_generic,Year,1985,1985,1985,1985,1985,1985,1985,1985,1985,1985,1985,
CIMS.CAN.BC.Industrial Minerals.Products.Glass.Flat.Furnaces,Service,BC,Industrial Minerals,Furnaces,reg melters fluidized bed preheater,unavailable,,,,tech_data_generic,Year,2101,2101,2101,2101,2101,2101,2101,2101,2101,2101,2101,
CIMS.CAN.BC.Industrial Minerals.Products.Glass.Flat.Furnaces,Service,BC,Industrial Minerals,Furnaces,reg melters fluidized bed preheater,lifetime,,,,tech_data_generic,Years,20,20,20,20,20,20,20,20,20,20,20,
CIMS.CAN.BC.Industrial Minerals.Products.Glass.Flat.Furnaces,Service,BC,Industrial Minerals,Furnaces,reg melters fluidized bed preheater,market_share_total,,,,tech_data_region,%,0,,,,,,,,,,,
CIMS.CAN.BC.Industrial Minerals.Products.Glass.Flat.Furnaces,Service,BC,Industrial Minerals,Furnaces,reg melters fluidized bed preheater,output,,,,tech_data_generic,node unit,135000,135000,135000,135000,135000,135000,135000,135000,135000,135000,135000,
CIMS.CAN.BC.Industrial Minerals.Products.Glass.Flat.Furnaces,Service,BC,Industrial Minerals,Furnaces,reg melters fluidized bed preheater,fcc,,,,tech_data_generic,$,29979491.0738918,29979491.0738918,29979491.0738918,29979491.0738918,29979491.0738918,29979491.0738918,29979491.0738918,29979491.0738918,29979491.0738918,29979491.0738918,29979491.0738918,
CIMS.CAN.BC.Industrial Minerals.Products.Glass.Flat.Furnaces,Service,BC,Industrial Minerals,Furnaces,reg melters fluidized bed preheater,fom,,,,tech_data_generic,$,1155519.63980124,1155519.63980124,1155519.63980124,1155519.63980124,1155519.63980124,1155519.63980124,1155519.63980124,1155519.63980124,1155519.63980124,1155519.63980124,1155519.63980124,
CIMS.CAN.BC.Industrial Minerals.Products.Glass.Flat.Furnaces,Service,BC,Industrial Minerals,Furnaces,reg melters fluidized bed preheater,service_request,,,CIMS.CAN.BC.Industrial Minerals.Methane Blend,tech_multi_generic,GJ,7.553,7.553,7.553,7.553,7.553,7.553,7.553,7.553,7.553,7.553,7.553,
CIMS.CAN.BC.Industrial Minerals.Products.Glass.Flat.Furnaces,Service,BC,Industrial Minerals,Furnaces,reg melters fluidized bed preheater,service_request,,,CIMS.CAN.BC.Industrial Minerals.Ventilation,tech_multi_generic,GJ,0.00078,0.00078,0.00078,0.00078,0.00078,0.00078,0.00078,0.00078,0.00078,0.00078,0.00078,
CIMS.CAN.BC.Industrial Minerals.Products.Glass.Flat.Furnaces,Service,BC,Industrial Minerals,Furnaces,reg melters fluidized bed preheater,service_request,,,CIMS.CAN.BC.Industrial Minerals.Conveyance,tech_multi_generic,GJ,0.05857,0.05857,0.05857,0.05857,0.05857,0.05857,0.05857,0.05857,0.05857,0.05857,0.05857,
CIMS.CAN.BC.Industrial Minerals.Products.Glass.Flat.Furnaces,Service,BC,Industrial Minerals,Furnaces,reg melters fluidized bed preheater,service_request,,,CIMS.CAN.BC.Industrial Minerals.Pumping,tech_multi_generic,GJ,0.00048,0.00048,0.00048,0.00048,0.00048,0.00048,0.00048,0.00048,0.00048,0.00048,0.00048,
CIMS.CAN.BC.Industrial Minerals.Products.Glass.Flat.Furnaces,Service,BC,Industrial Minerals,Furnaces,reg melters fluidized bed preheater,service_request,,,CIMS.CAN.BC.Industrial Minerals.Direct Drive,tech_multi_generic,GJ,0.06819,0.06819,0.06819,0.06819,0.06819,0.06819,0.06819,0.06819,0.06819,0.06819,0.06819,
CIMS.CAN.BC.Industrial Minerals.Products.Glass.Flat.Furnaces,Service,BC,Industrial Minerals,Furnaces,reg melters fluidized bed preheater,service_request,,,CIMS.CAN.BC.Industrial Minerals.Compression,tech_multi_generic,GJ,0.00127,0.00127,0.00127,0.00127,0.00127,0.00127,0.00127,0.00127,0.00127,0.00127,0.00127,
CIMS.CAN.BC.Industrial Minerals.Products.Glass.Flat.Furnaces,Service,BC,Industrial Minerals,Furnaces,boost reg melters fluidized bed preheater,technology,,,,,,,,,,,,,,,,,
CIMS.CAN.BC.Industrial Minerals.Products.Glass.Flat.Furnaces,Service,BC,Industrial Minerals,Furnaces,boost reg melters fluidized bed preheater,available,,,,tech_data_generic,Year,1985,1985,1985,1985,1985,1985,1985,1985,1985,1985,1985,
CIMS.CAN.BC.Industrial Minerals.Products.Glass.Flat.Furnaces,Service,BC,Industrial Minerals,Furnaces,boost reg melters fluidized bed preheater,unavailable,,,,tech_data_generic,Year,2101,2101,2101,2101,2101,2101,2101,2101,2101,2101,2101,
CIMS.CAN.BC.Industrial Minerals.Products.Glass.Flat.Furnaces,Service,BC,Industrial Minerals,Furnaces,boost reg melters fluidized bed preheater,lifetime,,,,tech_data_generic,Years,20,20,20,20,20,20,20,20,20,20,20,
CIMS.CAN.BC.Industrial Minerals.Products.Glass.Flat.Furnaces,Service,BC,Industrial Minerals,Furnaces,boost reg melters fluidized bed preheater,market_share_total,,,,tech_data_region,%,0,,,,,,,,,,,
CIMS.CAN.BC.Industrial Minerals.Products.Glass.Flat.Furnaces,Service,BC,Industrial Minerals,Furnaces,boost reg melters fluidized bed preheater,output,,,,tech_data_generic,node unit,122850,122850,122850,122850,122850,122850,122850,122850,122850,122850,122850,
CIMS.CAN.BC.Industrial Minerals.Products.Glass.Flat.Furnaces,Service,BC,Industrial Minerals,Furnaces,boost reg melters fluidized bed preheater,fcc,,,,tech_data_generic,$,27736025.6511763,27736025.6511763,27736025.6511763,27736025.6511763,27736025.6511763,27736025.6511763,27736025.6511763,27736025.6511763,27736025.6511763,27736025.6511763,27736025.6511763,
CIMS.CAN.BC.Industrial Minerals.Products.Glass.Flat.Furnaces,Service,BC,Industrial Minerals,Furnaces,boost reg melters fluidized bed preheater,fom,,,,tech_data_generic,$,1069048.45677122,1069048.45677122,1069048.45677122,1069048.45677122,1069048.45677122,1069048.45677122,1069048.45677122,1069048.45677122,1069048.45677122,1069048.45677122,1069048.45677122,
CIMS.CAN.BC.Industrial Minerals.Products.Glass.Flat.Furnaces,Service,BC,Industrial Minerals,Furnaces,boost reg melters fluidized bed preheater,service_request,,,CIMS.CAN.BC.Industrial Minerals.Methane Blend,tech_multi_generic,GJ,6.74,6.74,6.74,6.74,6.74,6.74,6.74,6.74,6.74,6.74,6.74,
CIMS.CAN.BC.Industrial Minerals.Products.Glass.Flat.Furnaces,Service,BC,Industrial Minerals,Furnaces,boost reg melters fluidized bed preheater,service_request,,,CIMS.CAN.BC.Electricity,tech_multi_generic,GJ,0.672,0.672,0.672,0.672,0.672,0.672,0.672,0.672,0.672,0.672,0.672,
CIMS.CAN.BC.Industrial Minerals.Products.Glass.Flat.Furnaces,Service,BC,Industrial Minerals,Furnaces,boost reg melters fluidized bed preheater,service_request,,,CIMS.CAN.BC.Industrial Minerals.Ventilation,tech_multi_generic,GJ,0.00078,0.00078,0.00078,0.00078,0.00078,0.00078,0.00078,0.00078,0.00078,0.00078,0.00078,
CIMS.CAN.BC.Industrial Minerals.Products.Glass.Flat.Furnaces,Service,BC,Industrial Minerals,Furnaces,boost reg melters fluidized bed preheater,service_request,,,CIMS.CAN.BC.Industrial Minerals.Conveyance,tech_multi_generic,GJ,0.05857,0.05857,0.05857,0.05857,0.05857,0.05857,0.05857,0.05857,0.05857,0.05857,0.05857,
CIMS.CAN.BC.Industrial Minerals.Products.Glass.Flat.Furnaces,Service,BC,Industrial Minerals,Furnaces,boost reg melters fluidized bed preheater,service_request,,,CIMS.CAN.BC.Industrial Minerals.Pumping,tech_multi_generic,GJ,0.00048,0.00048,0.00048,0.00048,0.00048,0.00048,0.00048,0.00048,0.00048,0.00048,0.00048,
CIMS.CAN.BC.Industrial Minerals.Products.Glass.Flat.Furnaces,Service,BC,Industrial Minerals,Furnaces,boost reg melters fluidized bed preheater,service_request,,,CIMS.CAN.BC.Industrial Minerals.Direct Drive,tech_multi_generic,GJ,0.06819,0.06819,0.06819,0.06819,0.06819,0.06819,0.06819,0.06819,0.06819,0.06819,0.06819,
CIMS.CAN.BC.Industrial Minerals.Products.Glass.Flat.Furnaces,Service,BC,Industrial Minerals,Furnaces,boost reg melters fluidized bed preheater,service_request,,,CIMS.CAN.BC.Industrial Minerals.Compression,tech_multi_generic,GJ,0.00127,0.00127,0.00127,0.00127,0.00127,0.00127,0.00127,0.00127,0.00127,0.00127,0.00127,
CIMS.CAN.BC.Industrial Minerals.Products.Glass.Flat.Furnaces,Service,BC,Industrial Minerals,Furnaces,Advanced glass melters AGM,technology,,,,,,,,,,,,,,,,,
CIMS.CAN.BC.Industrial Minerals.Products.Glass.Flat.Furnaces,Service,BC,Industrial Minerals,Furnaces,Advanced glass melters AGM,available,,,,tech_data_generic,Year,1990,1990,1990,1990,1990,1990,1990,1990,1990,1990,1990,
CIMS.CAN.BC.Industrial Minerals.Products.Glass.Flat.Furnaces,Service,BC,Industrial Minerals,Furnaces,Advanced glass melters AGM,unavailable,,,,tech_data_generic,Year,2101,2101,2101,2101,2101,2101,2101,2101,2101,2101,2101,
CIMS.CAN.BC.Industrial Minerals.Products.Glass.Flat.Furnaces,Service,BC,Industrial Minerals,Furnaces,Advanced glass melters AGM,lifetime,,,,tech_data_generic,Years,20,20,20,20,20,20,20,20,20,20,20,
CIMS.CAN.BC.Industrial Minerals.Products.Glass.Flat.Furnaces,Service,BC,Industrial Minerals,Furnaces,Advanced glass melters AGM,market_share_total,,,,tech_data_region,%,0,,,,,,,,,,,
CIMS.CAN.BC.Industrial Minerals.Products.Glass.Flat.Furnaces,Service,BC,Industrial Minerals,Furnaces,Advanced glass melters AGM,output,,,,tech_data_generic,node unit,86250,86250,86250,86250,86250,86250,86250,86250,86250,86250,86250,
CIMS.CAN.BC.Industrial Minerals.Products.Glass.Flat.Furnaces,Service,BC,Industrial Minerals,Furnaces,Advanced glass melters AGM,fcc,,,,tech_data_generic,$,21125290.1584861,21125290.1584861,21125290.1584861,21125290.1584861,21125290.1584861,21125290.1584861,21125290.1584861,21125290.1584861,21125290.1584861,21125290.1584861,21125290.1584861,
CIMS.CAN.BC.Industrial Minerals.Products.Glass.Flat.Furnaces,Service,BC,Industrial Minerals,Furnaces,Advanced glass melters AGM,fom,,,,tech_data_generic,$,799769.380325398,799769.380325398,799769.380325398,799769.380325398,799769.380325398,799769.380325398,799769.380325398,799769.380325398,799769.380325398,799769.380325398,799769.380325398,
CIMS.CAN.BC.Industrial Minerals.Products.Glass.Flat.Furnaces,Service,BC,Industrial Minerals,Furnaces,Advanced glass melters AGM,service_request,,,CIMS.CAN.BC.Industrial Minerals.Methane Blend,tech_multi_generic,GJ,3.486,3.486,3.486,3.486,3.486,3.486,3.486,3.486,3.486,3.486,3.486,
CIMS.CAN.BC.Industrial Minerals.Products.Glass.Flat.Furnaces,Service,BC,Industrial Minerals,Furnaces,Advanced glass melters AGM,service_request,,,CIMS.CAN.BC.Industrial Minerals.Ventilation,tech_multi_generic,GJ,0.00047,0.00047,0.00047,0.00047,0.00047,0.00047,0.00047,0.00047,0.00047,0.00047,0.00047,
CIMS.CAN.BC.Industrial Minerals.Products.Glass.Flat.Furnaces,Service,BC,Industrial Minerals,Furnaces,Advanced glass melters AGM,service_request,,,CIMS.CAN.BC.Industrial Minerals.Conveyance,tech_multi_generic,GJ,0.04832,0.04832,0.04832,0.04832,0.04832,0.04832,0.04832,0.04832,0.04832,0.04832,0.04832,
CIMS.CAN.BC.Industrial Minerals.Products.Glass.Flat.Furnaces,Service,BC,Industrial Minerals,Furnaces,Advanced glass melters AGM,service_request,,,CIMS.CAN.BC.Industrial Minerals.Pumping,tech_multi_generic,GJ,0.00029,0.00029,0.00029,0.00029,0.00029,0.00029,0.00029,0.00029,0.00029,0.00029,0.00029,
CIMS.CAN.BC.Industrial Minerals.Products.Glass.Flat.Furnaces,Service,BC,Industrial Minerals,Furnaces,Advanced glass melters AGM,service_request,,,CIMS.CAN.BC.Industrial Minerals.Direct Drive,tech_multi_generic,GJ,0.02728,0.02728,0.02728,0.02728,0.02728,0.02728,0.02728,0.02728,0.02728,0.02728,0.02728,
CIMS.CAN.BC.Industrial Minerals.Products.Glass.Flat.Furnaces,Service,BC,Industrial Minerals,Furnaces,Advanced glass melters AGM,service_request,,,CIMS.CAN.BC.Industrial Minerals.Compression,tech_multi_generic,GJ,0.00076,0.00076,0.00076,0.00076,0.00076,0.00076,0.00076,0.00076,0.00076,0.00076,0.00076,
CIMS.CAN.BC.Industrial Minerals.Products.Glass.Flat.Form and Finish,Service,BC,Industrial Minerals,Form and Finish,,service_provide,,,,activity_data_generic,tonne,,,,,,,,,,,,
CIMS.CAN.BC.Industrial Minerals.Products.Glass.Flat.Form and Finish,Service,BC,Industrial Minerals,Form and Finish,,competition,Tech Compete,,,,,,,,,,,,,,,,
CIMS.CAN.BC.Industrial Minerals.Products.Glass.Flat.Form and Finish,Service,BC,Industrial Minerals,Form and Finish,,discount_rate_financial,,,,tech_data_generic,%,0.35,0.35,0.35,0.35,0.35,0.35,0.35,0.35,0.35,0.35,0.35,
CIMS.CAN.BC.Industrial Minerals.Products.Glass.Flat.Form and Finish,Service,BC,Industrial Minerals,Form and Finish,,heterogeneity,,,,tech_data_generic,,10,10,10,10,10,10,10,10,10,10,10,
CIMS.CAN.BC.Industrial Minerals.Products.Glass.Flat.Form and Finish,Service,BC,Industrial Minerals,Form and Finish,Base tech form anneal FGL,technology,,,,,,,,,,,,,,,,,
CIMS.CAN.BC.Industrial Minerals.Products.Glass.Flat.Form and Finish,Service,BC,Industrial Minerals,Form and Finish,Base tech form anneal FGL,available,,,,tech_data_generic,Year,1950,1950,1950,1950,1950,1950,1950,1950,1950,1950,1950,
CIMS.CAN.BC.Industrial Minerals.Products.Glass.Flat.Form and Finish,Service,BC,Industrial Minerals,Form and Finish,Base tech form anneal FGL,unavailable,,,,tech_data_generic,Year,2101,2101,2101,2101,2101,2101,2101,2101,2101,2101,2101,
CIMS.CAN.BC.Industrial Minerals.Products.Glass.Flat.Form and Finish,Service,BC,Industrial Minerals,Form and Finish,Base tech form anneal FGL,lifetime,,,,tech_data_generic,Years,20,20,20,20,20,20,20,20,20,20,20,
CIMS.CAN.BC.Industrial Minerals.Products.Glass.Flat.Form and Finish,Service,BC,Industrial Minerals,Form and Finish,Base tech form anneal FGL,market_share_total,,,,tech_data_region,%,1,,,,,,,,,,,
CIMS.CAN.BC.Industrial Minerals.Products.Glass.Flat.Form and Finish,Service,BC,Industrial Minerals,Form and Finish,Base tech form anneal FGL,output,,,,tech_data_generic,node unit,135000,135000,135000,135000,135000,135000,135000,135000,135000,135000,135000,
CIMS.CAN.BC.Industrial Minerals.Products.Glass.Flat.Form and Finish,Service,BC,Industrial Minerals,Form and Finish,Base tech form anneal FGL,fcc,,,,tech_data_generic,$,7494872.57294562,7494872.57294562,7494872.57294562,7494872.57294562,7494872.57294562,7494872.57294562,7494872.57294562,7494872.57294562,7494872.57294562,7494872.57294562,7494872.57294562,
CIMS.CAN.BC.Industrial Minerals.Products.Glass.Flat.Form and Finish,Service,BC,Industrial Minerals,Form and Finish,Base tech form anneal FGL,fom,,,,tech_data_generic,$,288879.909950311,288879.909950311,288879.909950311,288879.909950311,288879.909950311,288879.909950311,288879.909950311,288879.909950311,288879.909950311,288879.909950311,288879.909950311,
CIMS.CAN.BC.Industrial Minerals.Products.Glass.Flat.Form and Finish,Service,BC,Industrial Minerals,Form and Finish,Base tech form anneal FGL,service_request,,,CIMS.CAN.BC.Industrial Minerals.Methane Blend,tech_multi_generic,GJ,1.013,1.013,1.013,1.013,1.013,1.013,1.013,1.013,1.013,1.013,1.013,
CIMS.CAN.BC.Industrial Minerals.Products.Glass.Flat.Form and Finish,Service,BC,Industrial Minerals,Form and Finish,Base tech form anneal FGL,service_request,,,CIMS.CAN.BC.Industrial Minerals.Ventilation,tech_multi_generic,GJ,0.03069,0.03069,0.03069,0.03069,0.03069,0.03069,0.03069,0.03069,0.03069,0.03069,0.03069,
CIMS.CAN.BC.Industrial Minerals.Products.Glass.Flat.Form and Finish,Service,BC,Industrial Minerals,Form and Finish,Base tech form anneal FGL,service_request,,,CIMS.CAN.BC.Industrial Minerals.Conveyance,tech_multi_generic,GJ,0.17741,0.17741,0.17741,0.17741,0.17741,0.17741,0.17741,0.17741,0.17741,0.17741,0.17741,
CIMS.CAN.BC.Industrial Minerals.Products.Glass.Flat.Form and Finish,Service,BC,Industrial Minerals,Form and Finish,Base tech form anneal FGL,service_request,,,CIMS.CAN.BC.Industrial Minerals.Compression,tech_multi_generic,GJ,0.01242,0.01242,0.01242,0.01242,0.01242,0.01242,0.01242,0.01242,0.01242,0.01242,0.01242,
CIMS.CAN.BC.Industrial Minerals.Products.Glass.Flat.Form and Finish,Service,BC,Industrial Minerals,Form and Finish,Base tech form anneal FGL,service_request,,,CIMS.CAN.BC.Industrial Minerals.Pumping,tech_multi_generic,GJ,0.00474,0.00474,0.00474,0.00474,0.00474,0.00474,0.00474,0.00474,0.00474,0.00474,0.00474,
CIMS.CAN.BC.Industrial Minerals.Products.Glass.Flat.Form and Finish,Service,BC,Industrial Minerals,Form and Finish,Emhart Type 540 forehearth EM,technology,,,,,,,,,,,,,,,,,
CIMS.CAN.BC.Industrial Minerals.Products.Glass.Flat.Form and Finish,Service,BC,Industrial Minerals,Form and Finish,Emhart Type 540 forehearth EM,available,,,,tech_data_generic,Year,1971,1971,1971,1971,1971,1971,1971,1971,1971,1971,1971,
CIMS.CAN.BC.Industrial Minerals.Products.Glass.Flat.Form and Finish,Service,BC,Industrial Minerals,Form and Finish,Emhart Type 540 forehearth EM,unavailable,,,,tech_data_generic,Year,2101,2101,2101,2101,2101,2101,2101,2101,2101,2101,2101,
CIMS.CAN.BC.Industrial Minerals.Products.Glass.Flat.Form and Finish,Service,BC,Industrial Minerals,Form and Finish,Emhart Type 540 forehearth EM,lifetime,,,,tech_data_generic,Years,20,20,20,20,20,20,20,20,20,20,20,
CIMS.CAN.BC.Industrial Minerals.Products.Glass.Flat.Form and Finish,Service,BC,Industrial Minerals,Form and Finish,Emhart Type 540 forehearth EM,market_share_total,,,,tech_data_region,%,0,,,,,,,,,,,
CIMS.CAN.BC.Industrial Minerals.Products.Glass.Flat.Form and Finish,Service,BC,Industrial Minerals,Form and Finish,Emhart Type 540 forehearth EM,output,,,,tech_data_generic,node unit,135000,135000,135000,135000,135000,135000,135000,135000,135000,135000,135000,
CIMS.CAN.BC.Industrial Minerals.Products.Glass.Flat.Form and Finish,Service,BC,Industrial Minerals,Form and Finish,Emhart Type 540 forehearth EM,fcc,,,,tech_data_generic,$,8993847.32216756,8993847.32216756,8993847.32216756,8993847.32216756,8993847.32216756,8993847.32216756,8993847.32216756,8993847.32216756,8993847.32216756,8993847.32216756,8993847.32216756,
CIMS.CAN.BC.Industrial Minerals.Products.Glass.Flat.Form and Finish,Service,BC,Industrial Minerals,Form and Finish,Emhart Type 540 forehearth EM,fom,,,,tech_data_generic,$,346655.891940373,346655.891940373,346655.891940373,346655.891940373,346655.891940373,346655.891940373,346655.891940373,346655.891940373,346655.891940373,346655.891940373,346655.891940373,
CIMS.CAN.BC.Industrial Minerals.Products.Glass.Flat.Form and Finish,Service,BC,Industrial Minerals,Form and Finish,Emhart Type 540 forehearth EM,service_request,,,CIMS.CAN.BC.Industrial Minerals.Methane Blend,tech_multi_generic,GJ,0.673,0.673,0.673,0.673,0.673,0.673,0.673,0.673,0.673,0.673,0.673,
CIMS.CAN.BC.Industrial Minerals.Products.Glass.Flat.Form and Finish,Service,BC,Industrial Minerals,Form and Finish,Emhart Type 540 forehearth EM,service_request,,,CIMS.CAN.BC.Industrial Minerals.Ventilation,tech_multi_generic,GJ,0.02762,0.02762,0.02762,0.02762,0.02762,0.02762,0.02762,0.02762,0.02762,0.02762,0.02762,
CIMS.CAN.BC.Industrial Minerals.Products.Glass.Flat.Form and Finish,Service,BC,Industrial Minerals,Form and Finish,Emhart Type 540 forehearth EM,service_request,,,CIMS.CAN.BC.Industrial Minerals.Conveyance,tech_multi_generic,GJ,0.15967,0.15967,0.15967,0.15967,0.15967,0.15967,0.15967,0.15967,0.15967,0.15967,0.15967,
CIMS.CAN.BC.Industrial Minerals.Products.Glass.Flat.Form and Finish,Service,BC,Industrial Minerals,Form and Finish,Emhart Type 540 forehearth EM,service_request,,,CIMS.CAN.BC.Industrial Minerals.Compression,tech_multi_generic,GJ,0.01118,0.01118,0.01118,0.01118,0.01118,0.01118,0.01118,0.01118,0.01118,0.01118,0.01118,
CIMS.CAN.BC.Industrial Minerals.Products.Glass.Flat.Form and Finish,Service,BC,Industrial Minerals,Form and Finish,Emhart Type 540 forehearth EM,service_request,,,CIMS.CAN.BC.Industrial Minerals.Pumping,tech_multi_generic,GJ,0.00427,0.00427,0.00427,0.00427,0.00427,0.00427,0.00427,0.00427,0.00427,0.00427,0.00427,
CIMS.CAN.BC.Industrial Minerals.Products.Glass.Flat.Form and Finish,Service,BC,Industrial Minerals,Form and Finish,Bh F high press gas fire BHF,technology,,,,,,,,,,,,,,,,,
CIMS.CAN.BC.Industrial Minerals.Products.Glass.Flat.Form and Finish,Service,BC,Industrial Minerals,Form and Finish,Bh F high press gas fire BHF,available,,,,tech_data_generic,Year,1971,1971,1971,1971,1971,1971,1971,1971,1971,1971,1971,
CIMS.CAN.BC.Industrial Minerals.Products.Glass.Flat.Form and Finish,Service,BC,Industrial Minerals,Form and Finish,Bh F high press gas fire BHF,unavailable,,,,tech_data_generic,Year,2101,2101,2101,2101,2101,2101,2101,2101,2101,2101,2101,
CIMS.CAN.BC.Industrial Minerals.Products.Glass.Flat.Form and Finish,Service,BC,Industrial Minerals,Form and Finish,Bh F high press gas fire BHF,lifetime,,,,tech_data_generic,Years,20,20,20,20,20,20,20,20,20,20,20,
CIMS.CAN.BC.Industrial Minerals.Products.Glass.Flat.Form and Finish,Service,BC,Industrial Minerals,Form and Finish,Bh F high press gas fire BHF,market_share_total,,,,tech_data_region,%,0,,,,,,,,,,,
CIMS.CAN.BC.Industrial Minerals.Products.Glass.Flat.Form and Finish,Service,BC,Industrial Minerals,Form and Finish,Bh F high press gas fire BHF,output,,,,tech_data_generic,node unit,135000,135000,135000,135000,135000,135000,135000,135000,135000,135000,135000,
CIMS.CAN.BC.Industrial Minerals.Products.Glass.Flat.Form and Finish,Service,BC,Industrial Minerals,Form and Finish,Bh F high press gas fire BHF,fcc,,,,tech_data_generic,$,8993847.32216756,8993847.32216756,8993847.32216756,8993847.32216756,8993847.32216756,8993847.32216756,8993847.32216756,8993847.32216756,8993847.32216756,8993847.32216756,8993847.32216756,
CIMS.CAN.BC.Industrial Minerals.Products.Glass.Flat.Form and Finish,Service,BC,Industrial Minerals,Form and Finish,Bh F high press gas fire BHF,fom,,,,tech_data_generic,$,346655.891940373,346655.891940373,346655.891940373,346655.891940373,346655.891940373,346655.891940373,346655.891940373,346655.891940373,346655.891940373,346655.891940373,346655.891940373,
CIMS.CAN.BC.Industrial Minerals.Products.Glass.Flat.Form and Finish,Service,BC,Industrial Minerals,Form and Finish,Bh F high press gas fire BHF,service_request,,,CIMS.CAN.BC.Industrial Minerals.Methane Blend,tech_multi_generic,GJ,0.838,0.838,0.838,0.838,0.838,0.838,0.838,0.838,0.838,0.838,0.838,
CIMS.CAN.BC.Industrial Minerals.Products.Glass.Flat.Form and Finish,Service,BC,Industrial Minerals,Form and Finish,Bh F high press gas fire BHF,service_request,,,CIMS.CAN.BC.Industrial Minerals.Ventilation,tech_multi_generic,GJ,0.02762,0.02762,0.02762,0.02762,0.02762,0.02762,0.02762,0.02762,0.02762,0.02762,0.02762,
CIMS.CAN.BC.Industrial Minerals.Products.Glass.Flat.Form and Finish,Service,BC,Industrial Minerals,Form and Finish,Bh F high press gas fire BHF,service_request,,,CIMS.CAN.BC.Industrial Minerals.Conveyance,tech_multi_generic,GJ,0.15967,0.15967,0.15967,0.15967,0.15967,0.15967,0.15967,0.15967,0.15967,0.15967,0.15967,
CIMS.CAN.BC.Industrial Minerals.Products.Glass.Flat.Form and Finish,Service,BC,Industrial Minerals,Form and Finish,Bh F high press gas fire BHF,service_request,,,CIMS.CAN.BC.Industrial Minerals.Compression,tech_multi_generic,GJ,0.01118,0.01118,0.01118,0.01118,0.01118,0.01118,0.01118,0.01118,0.01118,0.01118,0.01118,
CIMS.CAN.BC.Industrial Minerals.Products.Glass.Flat.Form and Finish,Service,BC,Industrial Minerals,Form and Finish,Bh F high press gas fire BHF,service_request,,,CIMS.CAN.BC.Industrial Minerals.Pumping,tech_multi_generic,GJ,0.00427,0.00427,0.00427,0.00427,0.00427,0.00427,0.00427,0.00427,0.00427,0.00427,0.00427,
CIMS.CAN.BC.Industrial Minerals.Products.Glass.Flat.Temper,Service,BC,Industrial Minerals,Temper,,service_provide,,,,activity_data_generic,tonne,,,,,,,,,,,,
CIMS.CAN.BC.Industrial Minerals.Products.Glass.Flat.Temper,Service,BC,Industrial Minerals,Temper,,competition,Tech Compete,,,,,,,,,,,,,,,,
CIMS.CAN.BC.Industrial Minerals.Products.Glass.Flat.Temper,Service,BC,Industrial Minerals,Temper,,discount_rate_financial,,,,tech_data_generic,%,0.35,0.35,0.35,0.35,0.35,0.35,0.35,0.35,0.35,0.35,0.35,
CIMS.CAN.BC.Industrial Minerals.Products.Glass.Flat.Temper,Service,BC,Industrial Minerals,Temper,,heterogeneity,,,,tech_data_generic,,10,10,10,10,10,10,10,10,10,10,10,
CIMS.CAN.BC.Industrial Minerals.Products.Glass.Flat.Temper,Service,BC,Industrial Minerals,Temper,Tempering of flat glass,technology,,,,,,,,,,,,,,,,,
CIMS.CAN.BC.Industrial Minerals.Products.Glass.Flat.Temper,Service,BC,Industrial Minerals,Temper,Tempering of flat glass,available,,,,tech_data_generic,Year,1971,1971,1971,1971,1971,1971,1971,1971,1971,1971,1971,
CIMS.CAN.BC.Industrial Minerals.Products.Glass.Flat.Temper,Service,BC,Industrial Minerals,Temper,Tempering of flat glass,unavailable,,,,tech_data_generic,Year,2101,2101,2101,2101,2101,2101,2101,2101,2101,2101,2101,
CIMS.CAN.BC.Industrial Minerals.Products.Glass.Flat.Temper,Service,BC,Industrial Minerals,Temper,Tempering of flat glass,lifetime,,,,tech_data_generic,Years,20,20,20,20,20,20,20,20,20,20,20,
CIMS.CAN.BC.Industrial Minerals.Products.Glass.Flat.Temper,Service,BC,Industrial Minerals,Temper,Tempering of flat glass,market_share_total,,,,tech_data_region,%,1,,,,,,,,,,,
CIMS.CAN.BC.Industrial Minerals.Products.Glass.Flat.Temper,Service,BC,Industrial Minerals,Temper,Tempering of flat glass,output,,,,tech_data_generic,node unit,135000,135000,135000,135000,135000,135000,135000,135000,135000,135000,135000,
CIMS.CAN.BC.Industrial Minerals.Products.Glass.Flat.Temper,Service,BC,Industrial Minerals,Temper,Tempering of flat glass,fcc,,,,tech_data_generic,$,12491454.4185943,12491454.4185943,12491454.4185943,12491454.4185943,12491454.4185943,12491454.4185943,12491454.4185943,12491454.4185943,12491454.4185943,12491454.4185943,12491454.4185943,
CIMS.CAN.BC.Industrial Minerals.Products.Glass.Flat.Temper,Service,BC,Industrial Minerals,Temper,Tempering of flat glass,fom,,,,tech_data_generic,$,481466.516583852,481466.516583852,481466.516583852,481466.516583852,481466.516583852,481466.516583852,481466.516583852,481466.516583852,481466.516583852,481466.516583852,481466.516583852,
CIMS.CAN.BC.Industrial Minerals.Products.Glass.Flat.Temper,Service,BC,Industrial Minerals,Temper,Tempering of flat glass,service_request,,,CIMS.CAN.BC.Industrial Minerals.Methane Blend,tech_multi_generic,GJ,4.648,4.648,4.648,4.648,4.648,4.648,4.648,4.648,4.648,4.648,4.648,
CIMS.CAN.BC.Industrial Minerals.Products.Glass.Flat.Temper,Service,BC,Industrial Minerals,Temper,Tempering of flat glass,service_request,,,CIMS.CAN.BC.Industrial Minerals.Ventilation,tech_multi_generic,GJ,0.00062,0.00062,0.00062,0.00062,0.00062,0.00062,0.00062,0.00062,0.00062,0.00062,0.00062,
CIMS.CAN.BC.Industrial Minerals.Products.Glass.Flat.Temper,Service,BC,Industrial Minerals,Temper,Tempering of flat glass,service_request,,,CIMS.CAN.BC.Industrial Minerals.Conveyance,tech_multi_generic,GJ,0.04979,0.04979,0.04979,0.04979,0.04979,0.04979,0.04979,0.04979,0.04979,0.04979,0.04979,
CIMS.CAN.BC.Industrial Minerals.Products.Glass.Flat.Temper,Service,BC,Industrial Minerals,Temper,Tempering of flat glass,service_request,,,CIMS.CAN.BC.Industrial Minerals.Compression,tech_multi_generic,GJ,0.00051,0.00051,0.00051,0.00051,0.00051,0.00051,0.00051,0.00051,0.00051,0.00051,0.00051,
CIMS.CAN.BC.Industrial Minerals.Products.Glass.Containers,Service,BC,Industrial Minerals,Containers,,service_provide,,,,activity_data_generic,tonne,,,,,,,,,,,,
CIMS.CAN.BC.Industrial Minerals.Products.Glass.Containers,Service,BC,Industrial Minerals,Containers,,competition,Fixed Ratio,,,,,,,,,,,,,,,,
CIMS.CAN.BC.Industrial Minerals.Products.Glass.Containers,Service,BC,Industrial Minerals,Containers,,service_request,,,CIMS.CAN.BC.Industrial Minerals.Products.Glass.Containers.Preparation,activity_data_region,tonne,1.32,1.32,1.32,1.32,1.32,1.32,1.32,1.32,1.32,1.32,1.32,
CIMS.CAN.BC.Industrial Minerals.Products.Glass.Containers,Service,BC,Industrial Minerals,Containers,,service_request,,,CIMS.CAN.BC.Industrial Minerals.Products.Glass.Containers.Furnaces,activity_data_region,tonne,1.26,1.26,1.26,1.26,1.26,1.26,1.26,1.26,1.26,1.26,1.26,
CIMS.CAN.BC.Industrial Minerals.Products.Glass.Containers,Service,BC,Industrial Minerals,Containers,,service_request,,,CIMS.CAN.BC.Industrial Minerals.Products.Glass.Containers.Form and Finish,activity_data_region,tonne,1.2,1.2,1.2,1.2,1.2,1.2,1.2,1.2,1.2,1.2,1.2,
CIMS.CAN.BC.Industrial Minerals.Products.Glass.Containers,Service,BC,Industrial Minerals,Containers,,service_request,,,CIMS.CAN.BC.Industrial Minerals.HVAC,activity_data_region,GJ,0.005,0.005,0.005,0.005,0.005,0.005,0.005,0.005,0.005,0.005,0.005,
CIMS.CAN.BC.Industrial Minerals.Products.Glass.Containers,Service,BC,Industrial Minerals,Containers,,service_request,,,CIMS.CAN.BC.Industrial Minerals.Lighting,activity_data_region,GJ,0.005,0.005,0.005,0.005,0.005,0.005,0.005,0.005,0.005,0.005,0.005,
CIMS.CAN.BC.Industrial Minerals.Products.Glass.Containers.Preparation,Service,BC,Industrial Minerals,Preparation,,service_provide,,,,activity_data_generic,tonne,,,,,,,,,,,,
CIMS.CAN.BC.Industrial Minerals.Products.Glass.Containers.Preparation,Service,BC,Industrial Minerals,Preparation,,competition,Tech Compete,,,,,,,,,,,,,,,,
CIMS.CAN.BC.Industrial Minerals.Products.Glass.Containers.Preparation,Service,BC,Industrial Minerals,Preparation,,discount_rate_financial,,,,tech_data_generic,%,0.35,0.35,0.35,0.35,0.35,0.35,0.35,0.35,0.35,0.35,0.35,
CIMS.CAN.BC.Industrial Minerals.Products.Glass.Containers.Preparation,Service,BC,Industrial Minerals,Preparation,,heterogeneity,,,,tech_data_generic,,10,10,10,10,10,10,10,10,10,10,10,
CIMS.CAN.BC.Industrial Minerals.Products.Glass.Containers.Preparation,Service,BC,Industrial Minerals,Preparation,Base tech preparation PGL,technology,,,,,,,,,,,,,,,,,
CIMS.CAN.BC.Industrial Minerals.Products.Glass.Containers.Preparation,Service,BC,Industrial Minerals,Preparation,Base tech preparation PGL,available,,,,tech_data_generic,Year,1950,1950,1950,1950,1950,1950,1950,1950,1950,1950,1950,
CIMS.CAN.BC.Industrial Minerals.Products.Glass.Containers.Preparation,Service,BC,Industrial Minerals,Preparation,Base tech preparation PGL,unavailable,,,,tech_data_generic,Year,2101,2101,2101,2101,2101,2101,2101,2101,2101,2101,2101,
CIMS.CAN.BC.Industrial Minerals.Products.Glass.Containers.Preparation,Service,BC,Industrial Minerals,Preparation,Base tech preparation PGL,lifetime,,,,tech_data_generic,Years,20,20,20,20,20,20,20,20,20,20,20,
CIMS.CAN.BC.Industrial Minerals.Products.Glass.Containers.Preparation,Service,BC,Industrial Minerals,Preparation,Base tech preparation PGL,market_share_total,,,,tech_data_region,%,1,,,,,,,,,,,
CIMS.CAN.BC.Industrial Minerals.Products.Glass.Containers.Preparation,Service,BC,Industrial Minerals,Preparation,Base tech preparation PGL,output,,,,tech_data_generic,node unit,44250,44250,44250,44250,44250,44250,44250,44250,44250,44250,44250,
CIMS.CAN.BC.Industrial Minerals.Products.Glass.Containers.Preparation,Service,BC,Industrial Minerals,Preparation,Base tech preparation PGL,fcc,,,,tech_data_generic,$,1667646.01611522,1667646.01611522,1667646.01611522,1667646.01611522,1667646.01611522,1667646.01611522,1667646.01611522,1667646.01611522,1667646.01611522,1667646.01611522,1667646.01611522,
CIMS.CAN.BC.Industrial Minerals.Products.Glass.Containers.Preparation,Service,BC,Industrial Minerals,Preparation,Base tech preparation PGL,fom,,,,tech_data_generic,$,63125.609952105,63125.609952105,63125.609952105,63125.609952105,63125.609952105,63125.609952105,63125.609952105,63125.609952105,63125.609952105,63125.609952105,63125.609952105,
CIMS.CAN.BC.Industrial Minerals.Products.Glass.Containers.Preparation,Service,BC,Industrial Minerals,Preparation,Base tech preparation PGL,service_request,,,CIMS.CAN.BC.Industrial Minerals.Ventilation,tech_multi_generic,GJ,0.00083,0.00083,0.00083,0.00083,0.00083,0.00083,0.00083,0.00083,0.00083,0.00083,0.00083,
CIMS.CAN.BC.Industrial Minerals.Products.Glass.Containers.Preparation,Service,BC,Industrial Minerals,Preparation,Base tech preparation PGL,service_request,,,CIMS.CAN.BC.Industrial Minerals.Conveyance,tech_multi_generic,GJ,0.06209,0.06209,0.06209,0.06209,0.06209,0.06209,0.06209,0.06209,0.06209,0.06209,0.06209,
CIMS.CAN.BC.Industrial Minerals.Products.Glass.Containers.Preparation,Service,BC,Industrial Minerals,Preparation,Base tech preparation PGL,service_request,,,CIMS.CAN.BC.Industrial Minerals.Compression,tech_multi_generic,GJ,0.00135,0.00135,0.00135,0.00135,0.00135,0.00135,0.00135,0.00135,0.00135,0.00135,0.00135,
CIMS.CAN.BC.Industrial Minerals.Products.Glass.Containers.Preparation,Service,BC,Industrial Minerals,Preparation,Base tech preparation PGL,service_request,,,CIMS.CAN.BC.Industrial Minerals.Pumping,tech_multi_generic,GJ,0.00051,0.00051,0.00051,0.00051,0.00051,0.00051,0.00051,0.00051,0.00051,0.00051,0.00051,
CIMS.CAN.BC.Industrial Minerals.Products.Glass.Containers.Preparation,Service,BC,Industrial Minerals,Preparation,Base tech preparation PGL,service_request,,,CIMS.CAN.BC.Industrial Minerals.Direct Drive,tech_multi_generic,GJ,0.07228,0.07228,0.07228,0.07228,0.07228,0.07228,0.07228,0.07228,0.07228,0.07228,0.07228,
CIMS.CAN.BC.Industrial Minerals.Products.Glass.Containers.Preparation,Service,BC,Industrial Minerals,Preparation,Preparation CPC,technology,,,,,,,,,,,,,,,,,
CIMS.CAN.BC.Industrial Minerals.Products.Glass.Containers.Preparation,Service,BC,Industrial Minerals,Preparation,Preparation CPC,available,,,,tech_data_generic,Year,1950,1950,1950,1950,1950,1950,1950,1950,1950,1950,1950,
CIMS.CAN.BC.Industrial Minerals.Products.Glass.Containers.Preparation,Service,BC,Industrial Minerals,Preparation,Preparation CPC,unavailable,,,,tech_data_generic,Year,2101,2101,2101,2101,2101,2101,2101,2101,2101,2101,2101,
CIMS.CAN.BC.Industrial Minerals.Products.Glass.Containers.Preparation,Service,BC,Industrial Minerals,Preparation,Preparation CPC,lifetime,,,,tech_data_generic,Years,20,20,20,20,20,20,20,20,20,20,20,
CIMS.CAN.BC.Industrial Minerals.Products.Glass.Containers.Preparation,Service,BC,Industrial Minerals,Preparation,Preparation CPC,market_share_total,,,,tech_data_region,%,0,,,,,,,,,,,
CIMS.CAN.BC.Industrial Minerals.Products.Glass.Containers.Preparation,Service,BC,Industrial Minerals,Preparation,Preparation CPC,output,,,,tech_data_generic,node unit,44250,44250,44250,44250,44250,44250,44250,44250,44250,44250,44250,
CIMS.CAN.BC.Industrial Minerals.Products.Glass.Containers.Preparation,Service,BC,Industrial Minerals,Preparation,Preparation CPC,fcc,,,,tech_data_generic,$,2001175.37576012,2001175.37576012,2001175.37576012,2001175.37576012,2001175.37576012,2001175.37576012,2001175.37576012,2001175.37576012,2001175.37576012,2001175.37576012,2001175.37576012,
CIMS.CAN.BC.Industrial Minerals.Products.Glass.Containers.Preparation,Service,BC,Industrial Minerals,Preparation,Preparation CPC,fom,,,,tech_data_generic,$,75751.2012081367,75751.2012081367,75751.2012081367,75751.2012081367,75751.2012081367,75751.2012081367,75751.2012081367,75751.2012081367,75751.2012081367,75751.2012081367,75751.2012081367,
CIMS.CAN.BC.Industrial Minerals.Products.Glass.Containers.Preparation,Service,BC,Industrial Minerals,Preparation,Preparation CPC,service_request,,,CIMS.CAN.BC.Industrial Minerals.Ventilation,tech_multi_generic,GJ,0.00074,0.00074,0.00074,0.00074,0.00074,0.00074,0.00074,0.00074,0.00074,0.00074,0.00074,
CIMS.CAN.BC.Industrial Minerals.Products.Glass.Containers.Preparation,Service,BC,Industrial Minerals,Preparation,Preparation CPC,service_request,,,CIMS.CAN.BC.Industrial Minerals.Conveyance,tech_multi_generic,GJ,0.05588,0.05588,0.05588,0.05588,0.05588,0.05588,0.05588,0.05588,0.05588,0.05588,0.05588,
CIMS.CAN.BC.Industrial Minerals.Products.Glass.Containers.Preparation,Service,BC,Industrial Minerals,Preparation,Preparation CPC,service_request,,,CIMS.CAN.BC.Industrial Minerals.Compression,tech_multi_generic,GJ,0.00121,0.00121,0.00121,0.00121,0.00121,0.00121,0.00121,0.00121,0.00121,0.00121,0.00121,
CIMS.CAN.BC.Industrial Minerals.Products.Glass.Containers.Preparation,Service,BC,Industrial Minerals,Preparation,Preparation CPC,service_request,,,CIMS.CAN.BC.Industrial Minerals.Pumping,tech_multi_generic,GJ,0.00046,0.00046,0.00046,0.00046,0.00046,0.00046,0.00046,0.00046,0.00046,0.00046,0.00046,
CIMS.CAN.BC.Industrial Minerals.Products.Glass.Containers.Preparation,Service,BC,Industrial Minerals,Preparation,Preparation CPC,service_request,,,CIMS.CAN.BC.Industrial Minerals.Direct Drive,tech_multi_generic,GJ,0.06505,0.06505,0.06505,0.06505,0.06505,0.06505,0.06505,0.06505,0.06505,0.06505,0.06505,
CIMS.CAN.BC.Industrial Minerals.Products.Glass.Containers.Furnaces,Service,BC,Industrial Minerals,Furnaces,,service_provide,,,,activity_data_generic,tonne,,,,,,,,,,,,
CIMS.CAN.BC.Industrial Minerals.Products.Glass.Containers.Furnaces,Service,BC,Industrial Minerals,Furnaces,,competition,Tech Compete,,,,,,,,,,,,,,,,
CIMS.CAN.BC.Industrial Minerals.Products.Glass.Containers.Furnaces,Service,BC,Industrial Minerals,Furnaces,,discount_rate_financial,,,,tech_data_generic,%,0.35,0.35,0.35,0.35,0.35,0.35,0.35,0.35,0.35,0.35,0.35,
CIMS.CAN.BC.Industrial Minerals.Products.Glass.Containers.Furnaces,Service,BC,Industrial Minerals,Furnaces,,heterogeneity,,,,tech_data_generic,,10,10,10,10,10,10,10,10,10,10,10,
CIMS.CAN.BC.Industrial Minerals.Products.Glass.Containers.Furnaces,Service,BC,Industrial Minerals,Furnaces,reg melters LRM,technology,,,,,,,,,,,,,,,,,
CIMS.CAN.BC.Industrial Minerals.Products.Glass.Containers.Furnaces,Service,BC,Industrial Minerals,Furnaces,reg melters LRM,available,,,,tech_data_generic,Year,1971,1971,1971,1971,1971,1971,1971,1971,1971,1971,1971,
CIMS.CAN.BC.Industrial Minerals.Products.Glass.Containers.Furnaces,Service,BC,Industrial Minerals,Furnaces,reg melters LRM,unavailable,,,,tech_data_generic,Year,2101,2101,2101,2101,2101,2101,2101,2101,2101,2101,2101,
CIMS.CAN.BC.Industrial Minerals.Products.Glass.Containers.Furnaces,Service,BC,Industrial Minerals,Furnaces,reg melters LRM,lifetime,,,,tech_data_generic,Years,20,20,20,20,20,20,20,20,20,20,20,
CIMS.CAN.BC.Industrial Minerals.Products.Glass.Containers.Furnaces,Service,BC,Industrial Minerals,Furnaces,reg melters LRM,market_share_total,,,,tech_data_region,%,1,,,,,,,,,,,
CIMS.CAN.BC.Industrial Minerals.Products.Glass.Containers.Furnaces,Service,BC,Industrial Minerals,Furnaces,reg melters LRM,output,,,,tech_data_generic,node unit,44250,44250,44250,44250,44250,44250,44250,44250,44250,44250,44250,
CIMS.CAN.BC.Industrial Minerals.Products.Glass.Containers.Furnaces,Service,BC,Industrial Minerals,Furnaces,reg melters LRM,fcc,,,,tech_data_generic,$,8338230.08057609,8338230.08057609,8338230.08057609,8338230.08057609,8338230.08057609,8338230.08057609,8338230.08057609,8338230.08057609,8338230.08057609,8338230.08057609,8338230.08057609,
CIMS.CAN.BC.Industrial Minerals.Products.Glass.Containers.Furnaces,Service,BC,Industrial Minerals,Furnaces,reg melters LRM,fom,,,,tech_data_generic,$,315628.049760525,315628.049760525,315628.049760525,315628.049760525,315628.049760525,315628.049760525,315628.049760525,315628.049760525,315628.049760525,315628.049760525,315628.049760525,
CIMS.CAN.BC.Industrial Minerals.Products.Glass.Containers.Furnaces,Service,BC,Industrial Minerals,Furnaces,reg melters LRM,service_request,,,CIMS.CAN.BC.Industrial Minerals.Methane Blend,tech_multi_generic,GJ,5.81,5.81,5.81,5.81,5.81,5.81,5.81,5.81,5.81,5.81,5.81,
CIMS.CAN.BC.Industrial Minerals.Products.Glass.Containers.Furnaces,Service,BC,Industrial Minerals,Furnaces,reg melters LRM,service_request,,,CIMS.CAN.BC.Industrial Minerals.Ventilation,tech_multi_generic,GJ,0.00078,0.00078,0.00078,0.00078,0.00078,0.00078,0.00078,0.00078,0.00078,0.00078,0.00078,
CIMS.CAN.BC.Industrial Minerals.Products.Glass.Containers.Furnaces,Service,BC,Industrial Minerals,Furnaces,reg melters LRM,service_request,,,CIMS.CAN.BC.Industrial Minerals.Conveyance,tech_multi_generic,GJ,0.05857,0.05857,0.05857,0.05857,0.05857,0.05857,0.05857,0.05857,0.05857,0.05857,0.05857,
CIMS.CAN.BC.Industrial Minerals.Products.Glass.Containers.Furnaces,Service,BC,Industrial Minerals,Furnaces,reg melters LRM,service_request,,,CIMS.CAN.BC.Industrial Minerals.Compression,tech_multi_generic,GJ,0.00127,0.00127,0.00127,0.00127,0.00127,0.00127,0.00127,0.00127,0.00127,0.00127,0.00127,
CIMS.CAN.BC.Industrial Minerals.Products.Glass.Containers.Furnaces,Service,BC,Industrial Minerals,Furnaces,reg melters LRM,service_request,,,CIMS.CAN.BC.Industrial Minerals.Pumping,tech_multi_generic,GJ,0.00048,0.00048,0.00048,0.00048,0.00048,0.00048,0.00048,0.00048,0.00048,0.00048,0.00048,
CIMS.CAN.BC.Industrial Minerals.Products.Glass.Containers.Furnaces,Service,BC,Industrial Minerals,Furnaces,reg melters LRM,service_request,,,CIMS.CAN.BC.Industrial Minerals.Direct Drive,tech_multi_generic,GJ,0.06819,0.06819,0.06819,0.06819,0.06819,0.06819,0.06819,0.06819,0.06819,0.06819,0.06819,
CIMS.CAN.BC.Industrial Minerals.Products.Glass.Containers.Furnaces,Service,BC,Industrial Minerals,Furnaces,boost reg melters LBRM,technology,,,,,,,,,,,,,,,,,
CIMS.CAN.BC.Industrial Minerals.Products.Glass.Containers.Furnaces,Service,BC,Industrial Minerals,Furnaces,boost reg melters LBRM,available,,,,tech_data_generic,Year,1971,1971,1971,1971,1971,1971,1971,1971,1971,1971,1971,
CIMS.CAN.BC.Industrial Minerals.Products.Glass.Containers.Furnaces,Service,BC,Industrial Minerals,Furnaces,boost reg melters LBRM,unavailable,,,,tech_data_generic,Year,2101,2101,2101,2101,2101,2101,2101,2101,2101,2101,2101,
CIMS.CAN.BC.Industrial Minerals.Products.Glass.Containers.Furnaces,Service,BC,Industrial Minerals,Furnaces,boost reg melters LBRM,lifetime,,,,tech_data_generic,Years,20,20,20,20,20,20,20,20,20,20,20,
CIMS.CAN.BC.Industrial Minerals.Products.Glass.Containers.Furnaces,Service,BC,Industrial Minerals,Furnaces,boost reg melters LBRM,market_share_total,,,,tech_data_region,%,0,,,,,,,,,,,
CIMS.CAN.BC.Industrial Minerals.Products.Glass.Containers.Furnaces,Service,BC,Industrial Minerals,Furnaces,boost reg melters LBRM,output,,,,tech_data_generic,node unit,39825,39825,39825,39825,39825,39825,39825,39825,39825,39825,39825,
CIMS.CAN.BC.Industrial Minerals.Products.Glass.Containers.Furnaces,Service,BC,Industrial Minerals,Furnaces,boost reg melters LBRM,fcc,,,,tech_data_generic,$,7654495.22570048,7654495.22570048,7654495.22570048,7654495.22570048,7654495.22570048,7654495.22570048,7654495.22570048,7654495.22570048,7654495.22570048,7654495.22570048,7654495.22570048,
CIMS.CAN.BC.Industrial Minerals.Products.Glass.Containers.Furnaces,Service,BC,Industrial Minerals,Furnaces,boost reg melters LBRM,fom,,,,tech_data_generic,$,289746.096056739,289746.096056739,289746.096056739,289746.096056739,289746.096056739,289746.096056739,289746.096056739,289746.096056739,289746.096056739,289746.096056739,289746.096056739,
CIMS.CAN.BC.Industrial Minerals.Products.Glass.Containers.Furnaces,Service,BC,Industrial Minerals,Furnaces,boost reg melters LBRM,service_request,,,CIMS.CAN.BC.Industrial Minerals.Methane Blend,tech_multi_generic,GJ,5.229,5.229,5.229,5.229,5.229,5.229,5.229,5.229,5.229,5.229,5.229,
CIMS.CAN.BC.Industrial Minerals.Products.Glass.Containers.Furnaces,Service,BC,Industrial Minerals,Furnaces,boost reg melters LBRM,service_request,,,CIMS.CAN.BC.Electricity,tech_multi_generic,GJ,0.395,0.395,0.395,0.395,0.395,0.395,0.395,0.395,0.395,0.395,0.395,
CIMS.CAN.BC.Industrial Minerals.Products.Glass.Containers.Furnaces,Service,BC,Industrial Minerals,Furnaces,boost reg melters LBRM,service_request,,,CIMS.CAN.BC.Industrial Minerals.Ventilation,tech_multi_generic,GJ,0.00078,0.00078,0.00078,0.00078,0.00078,0.00078,0.00078,0.00078,0.00078,0.00078,0.00078,
CIMS.CAN.BC.Industrial Minerals.Products.Glass.Containers.Furnaces,Service,BC,Industrial Minerals,Furnaces,boost reg melters LBRM,service_request,,,CIMS.CAN.BC.Industrial Minerals.Conveyance,tech_multi_generic,GJ,0.05857,0.05857,0.05857,0.05857,0.05857,0.05857,0.05857,0.05857,0.05857,0.05857,0.05857,
CIMS.CAN.BC.Industrial Minerals.Products.Glass.Containers.Furnaces,Service,BC,Industrial Minerals,Furnaces,boost reg melters LBRM,service_request,,,CIMS.CAN.BC.Industrial Minerals.Compression,tech_multi_generic,GJ,0.00127,0.00127,0.00127,0.00127,0.00127,0.00127,0.00127,0.00127,0.00127,0.00127,0.00127,
CIMS.CAN.BC.Industrial Minerals.Products.Glass.Containers.Furnaces,Service,BC,Industrial Minerals,Furnaces,boost reg melters LBRM,service_request,,,CIMS.CAN.BC.Industrial Minerals.Pumping,tech_multi_generic,GJ,0.00048,0.00048,0.00048,0.00048,0.00048,0.00048,0.00048,0.00048,0.00048,0.00048,0.00048,
CIMS.CAN.BC.Industrial Minerals.Products.Glass.Containers.Furnaces,Service,BC,Industrial Minerals,Furnaces,boost reg melters LBRM,service_request,,,CIMS.CAN.BC.Industrial Minerals.Direct Drive,tech_multi_generic,GJ,0.06819,0.06819,0.06819,0.06819,0.06819,0.06819,0.06819,0.06819,0.06819,0.06819,0.06819,
CIMS.CAN.BC.Industrial Minerals.Products.Glass.Containers.Furnaces,Service,BC,Industrial Minerals,Furnaces,reg melters fluidized bed preheater,technology,,,,,,,,,,,,,,,,,
CIMS.CAN.BC.Industrial Minerals.Products.Glass.Containers.Furnaces,Service,BC,Industrial Minerals,Furnaces,reg melters fluidized bed preheater,available,,,,tech_data_generic,Year,1985,1985,1985,1985,1985,1985,1985,1985,1985,1985,1985,
CIMS.CAN.BC.Industrial Minerals.Products.Glass.Containers.Furnaces,Service,BC,Industrial Minerals,Furnaces,reg melters fluidized bed preheater,unavailable,,,,tech_data_generic,Year,2101,2101,2101,2101,2101,2101,2101,2101,2101,2101,2101,
CIMS.CAN.BC.Industrial Minerals.Products.Glass.Containers.Furnaces,Service,BC,Industrial Minerals,Furnaces,reg melters fluidized bed preheater,lifetime,,,,tech_data_generic,Years,20,20,20,20,20,20,20,20,20,20,20,
CIMS.CAN.BC.Industrial Minerals.Products.Glass.Containers.Furnaces,Service,BC,Industrial Minerals,Furnaces,reg melters fluidized bed preheater,market_share_total,,,,tech_data_region,%,0,,,,,,,,,,,
CIMS.CAN.BC.Industrial Minerals.Products.Glass.Containers.Furnaces,Service,BC,Industrial Minerals,Furnaces,reg melters fluidized bed preheater,output,,,,tech_data_generic,node unit,44250,44250,44250,44250,44250,44250,44250,44250,44250,44250,44250,
CIMS.CAN.BC.Industrial Minerals.Products.Glass.Containers.Furnaces,Service,BC,Industrial Minerals,Furnaces,reg melters fluidized bed preheater,fcc,,,,tech_data_generic,$,10005876.0966913,10005876.0966913,10005876.0966913,10005876.0966913,10005876.0966913,10005876.0966913,10005876.0966913,10005876.0966913,10005876.0966913,10005876.0966913,10005876.0966913,
CIMS.CAN.BC.Industrial Minerals.Products.Glass.Containers.Furnaces,Service,BC,Industrial Minerals,Furnaces,reg melters fluidized bed preheater,fom,,,,tech_data_generic,$,378753.65971263,378753.65971263,378753.65971263,378753.65971263,378753.65971263,378753.65971263,378753.65971263,378753.65971263,378753.65971263,378753.65971263,378753.65971263,
CIMS.CAN.BC.Industrial Minerals.Products.Glass.Containers.Furnaces,Service,BC,Industrial Minerals,Furnaces,reg melters fluidized bed preheater,service_request,,,CIMS.CAN.BC.Industrial Minerals.Methane Blend,tech_multi_generic,GJ,4.648,4.648,4.648,4.648,4.648,4.648,4.648,4.648,4.648,4.648,4.648,
CIMS.CAN.BC.Industrial Minerals.Products.Glass.Containers.Furnaces,Service,BC,Industrial Minerals,Furnaces,reg melters fluidized bed preheater,service_request,,,CIMS.CAN.BC.Industrial Minerals.Ventilation,tech_multi_generic,GJ,0.00078,0.00078,0.00078,0.00078,0.00078,0.00078,0.00078,0.00078,0.00078,0.00078,0.00078,
CIMS.CAN.BC.Industrial Minerals.Products.Glass.Containers.Furnaces,Service,BC,Industrial Minerals,Furnaces,reg melters fluidized bed preheater,service_request,,,CIMS.CAN.BC.Industrial Minerals.Conveyance,tech_multi_generic,GJ,0.05857,0.05857,0.05857,0.05857,0.05857,0.05857,0.05857,0.05857,0.05857,0.05857,0.05857,
CIMS.CAN.BC.Industrial Minerals.Products.Glass.Containers.Furnaces,Service,BC,Industrial Minerals,Furnaces,reg melters fluidized bed preheater,service_request,,,CIMS.CAN.BC.Industrial Minerals.Compression,tech_multi_generic,GJ,0.00127,0.00127,0.00127,0.00127,0.00127,0.00127,0.00127,0.00127,0.00127,0.00127,0.00127,
CIMS.CAN.BC.Industrial Minerals.Products.Glass.Containers.Furnaces,Service,BC,Industrial Minerals,Furnaces,reg melters fluidized bed preheater,service_request,,,CIMS.CAN.BC.Industrial Minerals.Pumping,tech_multi_generic,GJ,0.00048,0.00048,0.00048,0.00048,0.00048,0.00048,0.00048,0.00048,0.00048,0.00048,0.00048,
CIMS.CAN.BC.Industrial Minerals.Products.Glass.Containers.Furnaces,Service,BC,Industrial Minerals,Furnaces,reg melters fluidized bed preheater,service_request,,,CIMS.CAN.BC.Industrial Minerals.Direct Drive,tech_multi_generic,GJ,0.06819,0.06819,0.06819,0.06819,0.06819,0.06819,0.06819,0.06819,0.06819,0.06819,0.06819,
CIMS.CAN.BC.Industrial Minerals.Products.Glass.Containers.Furnaces,Service,BC,Industrial Minerals,Furnaces,boost reg melters fluidized bed preheater,technology,,,,,,,,,,,,,,,,,
CIMS.CAN.BC.Industrial Minerals.Products.Glass.Containers.Furnaces,Service,BC,Industrial Minerals,Furnaces,boost reg melters fluidized bed preheater,available,,,,tech_data_generic,Year,1985,1985,1985,1985,1985,1985,1985,1985,1985,1985,1985,
CIMS.CAN.BC.Industrial Minerals.Products.Glass.Containers.Furnaces,Service,BC,Industrial Minerals,Furnaces,boost reg melters fluidized bed preheater,unavailable,,,,tech_data_generic,Year,2101,2101,2101,2101,2101,2101,2101,2101,2101,2101,2101,
CIMS.CAN.BC.Industrial Minerals.Products.Glass.Containers.Furnaces,Service,BC,Industrial Minerals,Furnaces,boost reg melters fluidized bed preheater,lifetime,,,,tech_data_generic,Years,20,20,20,20,20,20,20,20,20,20,20,
CIMS.CAN.BC.Industrial Minerals.Products.Glass.Containers.Furnaces,Service,BC,Industrial Minerals,Furnaces,boost reg melters fluidized bed preheater,market_share_total,,,,tech_data_region,%,0,,,,,,,,,,,
CIMS.CAN.BC.Industrial Minerals.Products.Glass.Containers.Furnaces,Service,BC,Industrial Minerals,Furnaces,boost reg melters fluidized bed preheater,output,,,,tech_data_generic,node unit,39825,39825,39825,39825,39825,39825,39825,39825,39825,39825,39825,
CIMS.CAN.BC.Industrial Minerals.Products.Glass.Containers.Furnaces,Service,BC,Industrial Minerals,Furnaces,boost reg melters fluidized bed preheater,fcc,,,,tech_data_generic,$,9185394.89652806,9185394.89652806,9185394.89652806,9185394.89652806,9185394.89652806,9185394.89652806,9185394.89652806,9185394.89652806,9185394.89652806,9185394.89652806,9185394.89652806,
CIMS.CAN.BC.Industrial Minerals.Products.Glass.Containers.Furnaces,Service,BC,Industrial Minerals,Furnaces,boost reg melters fluidized bed preheater,fom,,,,tech_data_generic,$,347695.706322761,347695.706322761,347695.706322761,347695.706322761,347695.706322761,347695.706322761,347695.706322761,347695.706322761,347695.706322761,347695.706322761,347695.706322761,
CIMS.CAN.BC.Industrial Minerals.Products.Glass.Containers.Furnaces,Service,BC,Industrial Minerals,Furnaces,boost reg melters fluidized bed preheater,service_request,,,CIMS.CAN.BC.Industrial Minerals.Methane Blend,tech_multi_generic,GJ,5.578,5.578,5.578,5.578,5.578,5.578,5.578,5.578,5.578,5.578,5.578,
CIMS.CAN.BC.Industrial Minerals.Products.Glass.Containers.Furnaces,Service,BC,Industrial Minerals,Furnaces,boost reg melters fluidized bed preheater,service_request,,,CIMS.CAN.BC.Electricity,tech_multi_generic,GJ,0.277,0.277,0.277,0.277,0.277,0.277,0.277,0.277,0.277,0.277,0.277,
CIMS.CAN.BC.Industrial Minerals.Products.Glass.Containers.Furnaces,Service,BC,Industrial Minerals,Furnaces,boost reg melters fluidized bed preheater,service_request,,,CIMS.CAN.BC.Industrial Minerals.Ventilation,tech_multi_generic,GJ,0.00078,0.00078,0.00078,0.00078,0.00078,0.00078,0.00078,0.00078,0.00078,0.00078,0.00078,
CIMS.CAN.BC.Industrial Minerals.Products.Glass.Containers.Furnaces,Service,BC,Industrial Minerals,Furnaces,boost reg melters fluidized bed preheater,service_request,,,CIMS.CAN.BC.Industrial Minerals.Conveyance,tech_multi_generic,GJ,0.05857,0.05857,0.05857,0.05857,0.05857,0.05857,0.05857,0.05857,0.05857,0.05857,0.05857,
CIMS.CAN.BC.Industrial Minerals.Products.Glass.Containers.Furnaces,Service,BC,Industrial Minerals,Furnaces,boost reg melters fluidized bed preheater,service_request,,,CIMS.CAN.BC.Industrial Minerals.Compression,tech_multi_generic,GJ,0.00127,0.00127,0.00127,0.00127,0.00127,0.00127,0.00127,0.00127,0.00127,0.00127,0.00127,
CIMS.CAN.BC.Industrial Minerals.Products.Glass.Containers.Furnaces,Service,BC,Industrial Minerals,Furnaces,boost reg melters fluidized bed preheater,service_request,,,CIMS.CAN.BC.Industrial Minerals.Pumping,tech_multi_generic,GJ,0.00048,0.00048,0.00048,0.00048,0.00048,0.00048,0.00048,0.00048,0.00048,0.00048,0.00048,
CIMS.CAN.BC.Industrial Minerals.Products.Glass.Containers.Furnaces,Service,BC,Industrial Minerals,Furnaces,boost reg melters fluidized bed preheater,service_request,,,CIMS.CAN.BC.Industrial Minerals.Direct Drive,tech_multi_generic,GJ,0.06819,0.06819,0.06819,0.06819,0.06819,0.06819,0.06819,0.06819,0.06819,0.06819,0.06819,
CIMS.CAN.BC.Industrial Minerals.Products.Glass.Containers.Furnaces,Service,BC,Industrial Minerals,Furnaces,Advanced glass melters AGM,technology,,,,,,,,,,,,,,,,,
CIMS.CAN.BC.Industrial Minerals.Products.Glass.Containers.Furnaces,Service,BC,Industrial Minerals,Furnaces,Advanced glass melters AGM,available,,,,tech_data_generic,Year,1990,1990,1990,1990,1990,1990,1990,1990,1990,1990,1990,
CIMS.CAN.BC.Industrial Minerals.Products.Glass.Containers.Furnaces,Service,BC,Industrial Minerals,Furnaces,Advanced glass melters AGM,unavailable,,,,tech_data_generic,Year,2101,2101,2101,2101,2101,2101,2101,2101,2101,2101,2101,
CIMS.CAN.BC.Industrial Minerals.Products.Glass.Containers.Furnaces,Service,BC,Industrial Minerals,Furnaces,Advanced glass melters AGM,lifetime,,,,tech_data_generic,Years,20,20,20,20,20,20,20,20,20,20,20,
CIMS.CAN.BC.Industrial Minerals.Products.Glass.Containers.Furnaces,Service,BC,Industrial Minerals,Furnaces,Advanced glass melters AGM,market_share_total,,,,tech_data_region,%,0,,,,,,,,,,,
CIMS.CAN.BC.Industrial Minerals.Products.Glass.Containers.Furnaces,Service,BC,Industrial Minerals,Furnaces,Advanced glass melters AGM,output,,,,tech_data_generic,node unit,86250,86250,86250,86250,86250,86250,86250,86250,86250,86250,86250,
CIMS.CAN.BC.Industrial Minerals.Products.Glass.Containers.Furnaces,Service,BC,Industrial Minerals,Furnaces,Advanced glass melters AGM,fcc,,,,tech_data_generic,$,21125290.1584861,21125290.1584861,21125290.1584861,21125290.1584861,21125290.1584861,21125290.1584861,21125290.1584861,21125290.1584861,21125290.1584861,21125290.1584861,21125290.1584861,
CIMS.CAN.BC.Industrial Minerals.Products.Glass.Containers.Furnaces,Service,BC,Industrial Minerals,Furnaces,Advanced glass melters AGM,fom,,,,tech_data_generic,$,799769.380325398,799769.380325398,799769.380325398,799769.380325398,799769.380325398,799769.380325398,799769.380325398,799769.380325398,799769.380325398,799769.380325398,799769.380325398,
CIMS.CAN.BC.Industrial Minerals.Products.Glass.Containers.Furnaces,Service,BC,Industrial Minerals,Furnaces,Advanced glass melters AGM,service_request,,,CIMS.CAN.BC.Industrial Minerals.Methane Blend,tech_multi_generic,GJ,3.486,3.486,3.486,3.486,3.486,3.486,3.486,3.486,3.486,3.486,3.486,
CIMS.CAN.BC.Industrial Minerals.Products.Glass.Containers.Furnaces,Service,BC,Industrial Minerals,Furnaces,Advanced glass melters AGM,service_request,,,CIMS.CAN.BC.Industrial Minerals.Ventilation,tech_multi_generic,GJ,0.00047,0.00047,0.00047,0.00047,0.00047,0.00047,0.00047,0.00047,0.00047,0.00047,0.00047,
CIMS.CAN.BC.Industrial Minerals.Products.Glass.Containers.Furnaces,Service,BC,Industrial Minerals,Furnaces,Advanced glass melters AGM,service_request,,,CIMS.CAN.BC.Industrial Minerals.Conveyance,tech_multi_generic,GJ,0.04832,0.04832,0.04832,0.04832,0.04832,0.04832,0.04832,0.04832,0.04832,0.04832,0.04832,
CIMS.CAN.BC.Industrial Minerals.Products.Glass.Containers.Furnaces,Service,BC,Industrial Minerals,Furnaces,Advanced glass melters AGM,service_request,,,CIMS.CAN.BC.Industrial Minerals.Compression,tech_multi_generic,GJ,0.00076,0.00076,0.00076,0.00076,0.00076,0.00076,0.00076,0.00076,0.00076,0.00076,0.00076,
CIMS.CAN.BC.Industrial Minerals.Products.Glass.Containers.Furnaces,Service,BC,Industrial Minerals,Furnaces,Advanced glass melters AGM,service_request,,,CIMS.CAN.BC.Industrial Minerals.Pumping,tech_multi_generic,GJ,0.00029,0.00029,0.00029,0.00029,0.00029,0.00029,0.00029,0.00029,0.00029,0.00029,0.00029,
CIMS.CAN.BC.Industrial Minerals.Products.Glass.Containers.Furnaces,Service,BC,Industrial Minerals,Furnaces,Advanced glass melters AGM,service_request,,,CIMS.CAN.BC.Industrial Minerals.Direct Drive,tech_multi_generic,GJ,0.02728,0.02728,0.02728,0.02728,0.02728,0.02728,0.02728,0.02728,0.02728,0.02728,0.02728,
CIMS.CAN.BC.Industrial Minerals.Products.Glass.Containers.Furnaces,Service,BC,Industrial Minerals,Furnaces,Sm melters FFM,technology,,,,,,,,,,,,,,,,,
CIMS.CAN.BC.Industrial Minerals.Products.Glass.Containers.Furnaces,Service,BC,Industrial Minerals,Furnaces,Sm melters FFM,available,,,,tech_data_generic,Year,1971,1971,1971,1971,1971,1971,1971,1971,1971,1971,1971,
CIMS.CAN.BC.Industrial Minerals.Products.Glass.Containers.Furnaces,Service,BC,Industrial Minerals,Furnaces,Sm melters FFM,unavailable,,,,tech_data_generic,Year,2101,2101,2101,2101,2101,2101,2101,2101,2101,2101,2101,
CIMS.CAN.BC.Industrial Minerals.Products.Glass.Containers.Furnaces,Service,BC,Industrial Minerals,Furnaces,Sm melters FFM,lifetime,,,,tech_data_generic,Years,20,20,20,20,20,20,20,20,20,20,20,
CIMS.CAN.BC.Industrial Minerals.Products.Glass.Containers.Furnaces,Service,BC,Industrial Minerals,Furnaces,Sm melters FFM,market_share_total,,,,tech_data_region,%,0,,,,,,,,,,,
CIMS.CAN.BC.Industrial Minerals.Products.Glass.Containers.Furnaces,Service,BC,Industrial Minerals,Furnaces,Sm melters FFM,output,,,,tech_data_generic,node unit,24750,24750,24750,24750,24750,24750,24750,24750,24750,24750,24750,
CIMS.CAN.BC.Industrial Minerals.Products.Glass.Containers.Furnaces,Service,BC,Industrial Minerals,Furnaces,Sm melters FFM,fcc,,,,tech_data_generic,$,5127822.53215868,5127822.53215868,5127822.53215868,5127822.53215868,5127822.53215868,5127822.53215868,5127822.53215868,5127822.53215868,5127822.53215868,5127822.53215868,5127822.53215868,
CIMS.CAN.BC.Industrial Minerals.Products.Glass.Containers.Furnaces,Service,BC,Industrial Minerals,Furnaces,Sm melters FFM,fom,,,,tech_data_generic,$,194191.495022153,194191.495022153,194191.495022153,194191.495022153,194191.495022153,194191.495022153,194191.495022153,194191.495022153,194191.495022153,194191.495022153,194191.495022153,
CIMS.CAN.BC.Industrial Minerals.Products.Glass.Containers.Furnaces,Service,BC,Industrial Minerals,Furnaces,Sm melters FFM,service_request,,,CIMS.CAN.BC.Industrial Minerals.Methane Blend,tech_multi_generic,GJ,9.877,9.877,9.877,9.877,9.877,9.877,9.877,9.877,9.877,9.877,9.877,
CIMS.CAN.BC.Industrial Minerals.Products.Glass.Containers.Furnaces,Service,BC,Industrial Minerals,Furnaces,Sm melters FFM,service_request,,,CIMS.CAN.BC.Industrial Minerals.Ventilation,tech_multi_generic,GJ,0.00078,0.00078,0.00078,0.00078,0.00078,0.00078,0.00078,0.00078,0.00078,0.00078,0.00078,
CIMS.CAN.BC.Industrial Minerals.Products.Glass.Containers.Furnaces,Service,BC,Industrial Minerals,Furnaces,Sm melters FFM,service_request,,,CIMS.CAN.BC.Industrial Minerals.Conveyance,tech_multi_generic,GJ,0.05857,0.05857,0.05857,0.05857,0.05857,0.05857,0.05857,0.05857,0.05857,0.05857,0.05857,
CIMS.CAN.BC.Industrial Minerals.Products.Glass.Containers.Furnaces,Service,BC,Industrial Minerals,Furnaces,Sm melters FFM,service_request,,,CIMS.CAN.BC.Industrial Minerals.Compression,tech_multi_generic,GJ,0.00127,0.00127,0.00127,0.00127,0.00127,0.00127,0.00127,0.00127,0.00127,0.00127,0.00127,
CIMS.CAN.BC.Industrial Minerals.Products.Glass.Containers.Furnaces,Service,BC,Industrial Minerals,Furnaces,Sm melters FFM,service_request,,,CIMS.CAN.BC.Industrial Minerals.Pumping,tech_multi_generic,GJ,0.00048,0.00048,0.00048,0.00048,0.00048,0.00048,0.00048,0.00048,0.00048,0.00048,0.00048,
CIMS.CAN.BC.Industrial Minerals.Products.Glass.Containers.Furnaces,Service,BC,Industrial Minerals,Furnaces,Sm melters FFM,service_request,,,CIMS.CAN.BC.Industrial Minerals.Direct Drive,tech_multi_generic,GJ,0.06819,0.06819,0.06819,0.06819,0.06819,0.06819,0.06819,0.06819,0.06819,0.06819,0.06819,
CIMS.CAN.BC.Industrial Minerals.Products.Glass.Containers.Furnaces,Service,BC,Industrial Minerals,Furnaces,Electric melters EM,technology,,,,,,,,,,,,,,,,,
CIMS.CAN.BC.Industrial Minerals.Products.Glass.Containers.Furnaces,Service,BC,Industrial Minerals,Furnaces,Electric melters EM,available,,,,tech_data_generic,Year,1971,1971,1971,1971,1971,1971,1971,1971,1971,1971,1971,
CIMS.CAN.BC.Industrial Minerals.Products.Glass.Containers.Furnaces,Service,BC,Industrial Minerals,Furnaces,Electric melters EM,unavailable,,,,tech_data_generic,Year,2101,2101,2101,2101,2101,2101,2101,2101,2101,2101,2101,
CIMS.CAN.BC.Industrial Minerals.Products.Glass.Containers.Furnaces,Service,BC,Industrial Minerals,Furnaces,Electric melters EM,lifetime,,,,tech_data_generic,Years,20,20,20,20,20,20,20,20,20,20,20,
CIMS.CAN.BC.Industrial Minerals.Products.Glass.Containers.Furnaces,Service,BC,Industrial Minerals,Furnaces,Electric melters EM,market_share_total,,,,tech_data_region,%,0,,,,,,,,,,,
CIMS.CAN.BC.Industrial Minerals.Products.Glass.Containers.Furnaces,Service,BC,Industrial Minerals,Furnaces,Electric melters EM,output,,,,tech_data_generic,node unit,44250,44250,44250,44250,44250,44250,44250,44250,44250,44250,44250,
CIMS.CAN.BC.Industrial Minerals.Products.Glass.Containers.Furnaces,Service,BC,Industrial Minerals,Furnaces,Electric melters EM,fcc,,,,tech_data_generic,$,8338230.08057609,8338230.08057609,8338230.08057609,8338230.08057609,8338230.08057609,8338230.08057609,8338230.08057609,8338230.08057609,8338230.08057609,8338230.08057609,8338230.08057609,
CIMS.CAN.BC.Industrial Minerals.Products.Glass.Containers.Furnaces,Service,BC,Industrial Minerals,Furnaces,Electric melters EM,fom,,,,tech_data_generic,$,315628.049760525,315628.049760525,315628.049760525,315628.049760525,315628.049760525,315628.049760525,315628.049760525,315628.049760525,315628.049760525,315628.049760525,315628.049760525,
CIMS.CAN.BC.Industrial Minerals.Products.Glass.Containers.Furnaces,Service,BC,Industrial Minerals,Furnaces,Electric melters EM,service_request,,,CIMS.CAN.BC.Electricity,tech_multi_generic,GJ,3.951,3.951,3.951,3.951,3.951,3.951,3.951,3.951,3.951,3.951,3.951,
CIMS.CAN.BC.Industrial Minerals.Products.Glass.Containers.Furnaces,Service,BC,Industrial Minerals,Furnaces,Electric melters EM,service_request,,,CIMS.CAN.BC.Industrial Minerals.Ventilation,tech_multi_generic,GJ,0.00078,0.00078,0.00078,0.00078,0.00078,0.00078,0.00078,0.00078,0.00078,0.00078,0.00078,
CIMS.CAN.BC.Industrial Minerals.Products.Glass.Containers.Furnaces,Service,BC,Industrial Minerals,Furnaces,Electric melters EM,service_request,,,CIMS.CAN.BC.Industrial Minerals.Conveyance,tech_multi_generic,GJ,0.05857,0.05857,0.05857,0.05857,0.05857,0.05857,0.05857,0.05857,0.05857,0.05857,0.05857,
CIMS.CAN.BC.Industrial Minerals.Products.Glass.Containers.Furnaces,Service,BC,Industrial Minerals,Furnaces,Electric melters EM,service_request,,,CIMS.CAN.BC.Industrial Minerals.Compression,tech_multi_generic,GJ,0.00127,0.00127,0.00127,0.00127,0.00127,0.00127,0.00127,0.00127,0.00127,0.00127,0.00127,
CIMS.CAN.BC.Industrial Minerals.Products.Glass.Containers.Furnaces,Service,BC,Industrial Minerals,Furnaces,Electric melters EM,service_request,,,CIMS.CAN.BC.Industrial Minerals.Pumping,tech_multi_generic,GJ,0.00048,0.00048,0.00048,0.00048,0.00048,0.00048,0.00048,0.00048,0.00048,0.00048,0.00048,
CIMS.CAN.BC.Industrial Minerals.Products.Glass.Containers.Furnaces,Service,BC,Industrial Minerals,Furnaces,Electric melters EM,service_request,,,CIMS.CAN.BC.Industrial Minerals.Direct Drive,tech_multi_generic,GJ,0.06819,0.06819,0.06819,0.06819,0.06819,0.06819,0.06819,0.06819,0.06819,0.06819,0.06819,
CIMS.CAN.BC.Industrial Minerals.Products.Glass.Containers.Furnaces,Service,BC,Industrial Minerals,Furnaces,Direct fired melters,technology,,,,,,,,,,,,,,,,,
CIMS.CAN.BC.Industrial Minerals.Products.Glass.Containers.Furnaces,Service,BC,Industrial Minerals,Furnaces,Direct fired melters,available,,,,tech_data_generic,Year,1971,1971,1971,1971,1971,1971,1971,1971,1971,1971,1971,
CIMS.CAN.BC.Industrial Minerals.Products.Glass.Containers.Furnaces,Service,BC,Industrial Minerals,Furnaces,Direct fired melters,unavailable,,,,tech_data_generic,Year,2101,2101,2101,2101,2101,2101,2101,2101,2101,2101,2101,
CIMS.CAN.BC.Industrial Minerals.Products.Glass.Containers.Furnaces,Service,BC,Industrial Minerals,Furnaces,Direct fired melters,lifetime,,,,tech_data_generic,Years,20,20,20,20,20,20,20,20,20,20,20,
CIMS.CAN.BC.Industrial Minerals.Products.Glass.Containers.Furnaces,Service,BC,Industrial Minerals,Furnaces,Direct fired melters,market_share_total,,,,tech_data_region,%,0,,,,,,,,,,,
CIMS.CAN.BC.Industrial Minerals.Products.Glass.Containers.Furnaces,Service,BC,Industrial Minerals,Furnaces,Direct fired melters,output,,,,tech_data_generic,node unit,24750,24750,24750,24750,24750,24750,24750,24750,24750,24750,24750,
CIMS.CAN.BC.Industrial Minerals.Products.Glass.Containers.Furnaces,Service,BC,Industrial Minerals,Furnaces,Direct fired melters,fcc,,,,tech_data_generic,$,4894739.86753995,4894739.86753995,4894739.86753995,4894739.86753995,4894739.86753995,4894739.86753995,4894739.86753995,4894739.86753995,4894739.86753995,4894739.86753995,4894739.86753995,
CIMS.CAN.BC.Industrial Minerals.Products.Glass.Containers.Furnaces,Service,BC,Industrial Minerals,Furnaces,Direct fired melters,fom,,,,tech_data_generic,$,185364.608884782,185364.608884782,185364.608884782,185364.608884782,185364.608884782,185364.608884782,185364.608884782,185364.608884782,185364.608884782,185364.608884782,185364.608884782,
CIMS.CAN.BC.Industrial Minerals.Products.Glass.Containers.Furnaces,Service,BC,Industrial Minerals,Furnaces,Direct fired melters,service_request,,,CIMS.CAN.BC.Industrial Minerals.Methane Blend,tech_multi_generic,GJ,11.039,11.039,11.039,11.039,11.039,11.039,11.039,11.039,11.039,11.039,11.039,
CIMS.CAN.BC.Industrial Minerals.Products.Glass.Containers.Furnaces,Service,BC,Industrial Minerals,Furnaces,Direct fired melters,service_request,,,CIMS.CAN.BC.Industrial Minerals.Ventilation,tech_multi_generic,GJ,0.00078,0.00078,0.00078,0.00078,0.00078,0.00078,0.00078,0.00078,0.00078,0.00078,0.00078,
CIMS.CAN.BC.Industrial Minerals.Products.Glass.Containers.Furnaces,Service,BC,Industrial Minerals,Furnaces,Direct fired melters,service_request,,,CIMS.CAN.BC.Industrial Minerals.Conveyance,tech_multi_generic,GJ,0.05857,0.05857,0.05857,0.05857,0.05857,0.05857,0.05857,0.05857,0.05857,0.05857,0.05857,
CIMS.CAN.BC.Industrial Minerals.Products.Glass.Containers.Furnaces,Service,BC,Industrial Minerals,Furnaces,Direct fired melters,service_request,,,CIMS.CAN.BC.Industrial Minerals.Compression,tech_multi_generic,GJ,0.00127,0.00127,0.00127,0.00127,0.00127,0.00127,0.00127,0.00127,0.00127,0.00127,0.00127,
CIMS.CAN.BC.Industrial Minerals.Products.Glass.Containers.Furnaces,Service,BC,Industrial Minerals,Furnaces,Direct fired melters,service_request,,,CIMS.CAN.BC.Industrial Minerals.Pumping,tech_multi_generic,GJ,0.00048,0.00048,0.00048,0.00048,0.00048,0.00048,0.00048,0.00048,0.00048,0.00048,0.00048,
CIMS.CAN.BC.Industrial Minerals.Products.Glass.Containers.Furnaces,Service,BC,Industrial Minerals,Furnaces,Direct fired melters,service_request,,,CIMS.CAN.BC.Industrial Minerals.Direct Drive,tech_multi_generic,GJ,0.06819,0.06819,0.06819,0.06819,0.06819,0.06819,0.06819,0.06819,0.06819,0.06819,0.06819,
CIMS.CAN.BC.Industrial Minerals.Products.Glass.Containers.Furnaces,Service,BC,Industrial Minerals,Furnaces,Fluidized bed Sm melters FBFFM,technology,,,,,,,,,,,,,,,,,
CIMS.CAN.BC.Industrial Minerals.Products.Glass.Containers.Furnaces,Service,BC,Industrial Minerals,Furnaces,Fluidized bed Sm melters FBFFM,available,,,,tech_data_generic,Year,1971,1971,1971,1971,1971,1971,1971,1971,1971,1971,1971,
CIMS.CAN.BC.Industrial Minerals.Products.Glass.Containers.Furnaces,Service,BC,Industrial Minerals,Furnaces,Fluidized bed Sm melters FBFFM,unavailable,,,,tech_data_generic,Year,2101,2101,2101,2101,2101,2101,2101,2101,2101,2101,2101,
CIMS.CAN.BC.Industrial Minerals.Products.Glass.Containers.Furnaces,Service,BC,Industrial Minerals,Furnaces,Fluidized bed Sm melters FBFFM,lifetime,,,,tech_data_generic,Years,20,20,20,20,20,20,20,20,20,20,20,
CIMS.CAN.BC.Industrial Minerals.Products.Glass.Containers.Furnaces,Service,BC,Industrial Minerals,Furnaces,Fluidized bed Sm melters FBFFM,market_share_total,,,,tech_data_region,%,0,,,,,,,,,,,
CIMS.CAN.BC.Industrial Minerals.Products.Glass.Containers.Furnaces,Service,BC,Industrial Minerals,Furnaces,Fluidized bed Sm melters FBFFM,output,,,,tech_data_generic,node unit,24750,24750,24750,24750,24750,24750,24750,24750,24750,24750,24750,
CIMS.CAN.BC.Industrial Minerals.Products.Glass.Containers.Furnaces,Service,BC,Industrial Minerals,Furnaces,Fluidized bed Sm melters FBFFM,fcc,,,,tech_data_generic,$,6153387.27322322,6153387.27322322,6153387.27322322,6153387.27322322,6153387.27322322,6153387.27322322,6153387.27322322,6153387.27322322,6153387.27322322,6153387.27322322,6153387.27322322,
CIMS.CAN.BC.Industrial Minerals.Products.Glass.Containers.Furnaces,Service,BC,Industrial Minerals,Furnaces,Fluidized bed Sm melters FBFFM,fom,,,,tech_data_generic,$,233029.872237519,233029.872237519,233029.872237519,233029.872237519,233029.872237519,233029.872237519,233029.872237519,233029.872237519,233029.872237519,233029.872237519,233029.872237519,
CIMS.CAN.BC.Industrial Minerals.Products.Glass.Containers.Furnaces,Service,BC,Industrial Minerals,Furnaces,Fluidized bed Sm melters FBFFM,service_request,,,CIMS.CAN.BC.Industrial Minerals.Methane Blend,tech_multi_generic,GJ,8.715,8.715,8.715,8.715,8.715,8.715,8.715,8.715,8.715,8.715,8.715,
CIMS.CAN.BC.Industrial Minerals.Products.Glass.Containers.Furnaces,Service,BC,Industrial Minerals,Furnaces,Fluidized bed Sm melters FBFFM,service_request,,,CIMS.CAN.BC.Industrial Minerals.Ventilation,tech_multi_generic,GJ,0.00078,0.00078,0.00078,0.00078,0.00078,0.00078,0.00078,0.00078,0.00078,0.00078,0.00078,
CIMS.CAN.BC.Industrial Minerals.Products.Glass.Containers.Furnaces,Service,BC,Industrial Minerals,Furnaces,Fluidized bed Sm melters FBFFM,service_request,,,CIMS.CAN.BC.Industrial Minerals.Conveyance,tech_multi_generic,GJ,0.00146,0.00146,0.00146,0.00146,0.00146,0.00146,0.00146,0.00146,0.00146,0.00146,0.00146,
CIMS.CAN.BC.Industrial Minerals.Products.Glass.Containers.Furnaces,Service,BC,Industrial Minerals,Furnaces,Fluidized bed Sm melters FBFFM,service_request,,,CIMS.CAN.BC.Industrial Minerals.Compression,tech_multi_generic,GJ,0.00127,0.00127,0.00127,0.00127,0.00127,0.00127,0.00127,0.00127,0.00127,0.00127,0.00127,
CIMS.CAN.BC.Industrial Minerals.Products.Glass.Containers.Furnaces,Service,BC,Industrial Minerals,Furnaces,Fluidized bed Sm melters FBFFM,service_request,,,CIMS.CAN.BC.Industrial Minerals.Pumping,tech_multi_generic,GJ,0.00048,0.00048,0.00048,0.00048,0.00048,0.00048,0.00048,0.00048,0.00048,0.00048,0.00048,
CIMS.CAN.BC.Industrial Minerals.Products.Glass.Containers.Furnaces,Service,BC,Industrial Minerals,Furnaces,Fluidized bed Sm melters FBFFM,service_request,,,CIMS.CAN.BC.Industrial Minerals.Direct Drive,tech_multi_generic,GJ,0.06819,0.06819,0.06819,0.06819,0.06819,0.06819,0.06819,0.06819,0.06819,0.06819,0.06819,
CIMS.CAN.BC.Industrial Minerals.Products.Glass.Containers.Furnaces,Service,BC,Industrial Minerals,Furnaces,Fluidized Bed Electric Melters FBEM,technology,,,,,,,,,,,,,,,,,
CIMS.CAN.BC.Industrial Minerals.Products.Glass.Containers.Furnaces,Service,BC,Industrial Minerals,Furnaces,Fluidized Bed Electric Melters FBEM,available,,,,tech_data_generic,Year,1971,1971,1971,1971,1971,1971,1971,1971,1971,1971,1971,
CIMS.CAN.BC.Industrial Minerals.Products.Glass.Containers.Furnaces,Service,BC,Industrial Minerals,Furnaces,Fluidized Bed Electric Melters FBEM,unavailable,,,,tech_data_generic,Year,2101,2101,2101,2101,2101,2101,2101,2101,2101,2101,2101,
CIMS.CAN.BC.Industrial Minerals.Products.Glass.Containers.Furnaces,Service,BC,Industrial Minerals,Furnaces,Fluidized Bed Electric Melters FBEM,lifetime,,,,tech_data_generic,Years,20,20,20,20,20,20,20,20,20,20,20,
CIMS.CAN.BC.Industrial Minerals.Products.Glass.Containers.Furnaces,Service,BC,Industrial Minerals,Furnaces,Fluidized Bed Electric Melters FBEM,market_share_total,,,,tech_data_region,%,0,,,,,,,,,,,
CIMS.CAN.BC.Industrial Minerals.Products.Glass.Containers.Furnaces,Service,BC,Industrial Minerals,Furnaces,Fluidized Bed Electric Melters FBEM,output,,,,tech_data_generic,node unit,44250,44250,44250,44250,44250,44250,44250,44250,44250,44250,44250,
CIMS.CAN.BC.Industrial Minerals.Products.Glass.Containers.Furnaces,Service,BC,Industrial Minerals,Furnaces,Fluidized Bed Electric Melters FBEM,fcc,,,,tech_data_generic,$,10005876.0966913,10005876.0966913,10005876.0966913,10005876.0966913,10005876.0966913,10005876.0966913,10005876.0966913,10005876.0966913,10005876.0966913,10005876.0966913,10005876.0966913,
CIMS.CAN.BC.Industrial Minerals.Products.Glass.Containers.Furnaces,Service,BC,Industrial Minerals,Furnaces,Fluidized Bed Electric Melters FBEM,fom,,,,tech_data_generic,$,378753.65971263,378753.65971263,378753.65971263,378753.65971263,378753.65971263,378753.65971263,378753.65971263,378753.65971263,378753.65971263,378753.65971263,378753.65971263,
CIMS.CAN.BC.Industrial Minerals.Products.Glass.Containers.Furnaces,Service,BC,Industrial Minerals,Furnaces,Fluidized Bed Electric Melters FBEM,service_request,,,CIMS.CAN.BC.Electricity,tech_multi_generic,GJ,3.556,3.556,3.556,3.556,3.556,3.556,3.556,3.556,3.556,3.556,3.556,
CIMS.CAN.BC.Industrial Minerals.Products.Glass.Containers.Furnaces,Service,BC,Industrial Minerals,Furnaces,Fluidized Bed Electric Melters FBEM,service_request,,,CIMS.CAN.BC.Industrial Minerals.Ventilation,tech_multi_generic,GJ,0.00078,0.00078,0.00078,0.00078,0.00078,0.00078,0.00078,0.00078,0.00078,0.00078,0.00078,
CIMS.CAN.BC.Industrial Minerals.Products.Glass.Containers.Furnaces,Service,BC,Industrial Minerals,Furnaces,Fluidized Bed Electric Melters FBEM,service_request,,,CIMS.CAN.BC.Industrial Minerals.Conveyance,tech_multi_generic,GJ,0.00146,0.00146,0.00146,0.00146,0.00146,0.00146,0.00146,0.00146,0.00146,0.00146,0.00146,
CIMS.CAN.BC.Industrial Minerals.Products.Glass.Containers.Furnaces,Service,BC,Industrial Minerals,Furnaces,Fluidized Bed Electric Melters FBEM,service_request,,,CIMS.CAN.BC.Industrial Minerals.Compression,tech_multi_generic,GJ,0.00127,0.00127,0.00127,0.00127,0.00127,0.00127,0.00127,0.00127,0.00127,0.00127,0.00127,
CIMS.CAN.BC.Industrial Minerals.Products.Glass.Containers.Furnaces,Service,BC,Industrial Minerals,Furnaces,Fluidized Bed Electric Melters FBEM,service_request,,,CIMS.CAN.BC.Industrial Minerals.Pumping,tech_multi_generic,GJ,0.00048,0.00048,0.00048,0.00048,0.00048,0.00048,0.00048,0.00048,0.00048,0.00048,0.00048,
CIMS.CAN.BC.Industrial Minerals.Products.Glass.Containers.Furnaces,Service,BC,Industrial Minerals,Furnaces,Fluidized Bed Electric Melters FBEM,service_request,,,CIMS.CAN.BC.Industrial Minerals.Direct Drive,tech_multi_generic,GJ,0.06819,0.06819,0.06819,0.06819,0.06819,0.06819,0.06819,0.06819,0.06819,0.06819,0.06819,
CIMS.CAN.BC.Industrial Minerals.Products.Glass.Containers.Form and Finish,Service,BC,Industrial Minerals,Form and Finish,,service_provide,,,,activity_data_generic,tonne,,,,,,,,,,,,
CIMS.CAN.BC.Industrial Minerals.Products.Glass.Containers.Form and Finish,Service,BC,Industrial Minerals,Form and Finish,,competition,Tech Compete,,,,,,,,,,,,,,,,
CIMS.CAN.BC.Industrial Minerals.Products.Glass.Containers.Form and Finish,Service,BC,Industrial Minerals,Form and Finish,,discount_rate_financial,,,,tech_data_generic,%,0.35,0.35,0.35,0.35,0.35,0.35,0.35,0.35,0.35,0.35,0.35,
CIMS.CAN.BC.Industrial Minerals.Products.Glass.Containers.Form and Finish,Service,BC,Industrial Minerals,Form and Finish,,heterogeneity,,,,tech_data_generic,,10,10,10,10,10,10,10,10,10,10,10,
CIMS.CAN.BC.Industrial Minerals.Products.Glass.Containers.Form and Finish,Service,BC,Industrial Minerals,Form and Finish,reg melters LRM,technology,,,,,,,,,,,,,,,,,
CIMS.CAN.BC.Industrial Minerals.Products.Glass.Containers.Form and Finish,Service,BC,Industrial Minerals,Form and Finish,reg melters LRM,available,,,,tech_data_generic,Year,1950,1950,1950,1950,1950,1950,1950,1950,1950,1950,1950,
CIMS.CAN.BC.Industrial Minerals.Products.Glass.Containers.Form and Finish,Service,BC,Industrial Minerals,Form and Finish,reg melters LRM,unavailable,,,,tech_data_generic,Year,2101,2101,2101,2101,2101,2101,2101,2101,2101,2101,2101,
CIMS.CAN.BC.Industrial Minerals.Products.Glass.Containers.Form and Finish,Service,BC,Industrial Minerals,Form and Finish,reg melters LRM,lifetime,,,,tech_data_generic,Years,20,20,20,20,20,20,20,20,20,20,20,
CIMS.CAN.BC.Industrial Minerals.Products.Glass.Containers.Form and Finish,Service,BC,Industrial Minerals,Form and Finish,reg melters LRM,market_share_total,,,,tech_data_region,%,1,,,,,,,,,,,
CIMS.CAN.BC.Industrial Minerals.Products.Glass.Containers.Form and Finish,Service,BC,Industrial Minerals,Form and Finish,reg melters LRM,output,,,,tech_data_generic,node unit,44250,44250,44250,44250,44250,44250,44250,44250,44250,44250,44250,
CIMS.CAN.BC.Industrial Minerals.Products.Glass.Containers.Form and Finish,Service,BC,Industrial Minerals,Form and Finish,reg melters LRM,fcc,,,,tech_data_generic,$,2501468.82864549,2501468.82864549,2501468.82864549,2501468.82864549,2501468.82864549,2501468.82864549,2501468.82864549,2501468.82864549,2501468.82864549,2501468.82864549,2501468.82864549,
CIMS.CAN.BC.Industrial Minerals.Products.Glass.Containers.Form and Finish,Service,BC,Industrial Minerals,Form and Finish,reg melters LRM,fom,,,,tech_data_generic,$,94688.4149281576,94688.4149281576,94688.4149281576,94688.4149281576,94688.4149281576,94688.4149281576,94688.4149281576,94688.4149281576,94688.4149281576,94688.4149281576,94688.4149281576,
CIMS.CAN.BC.Industrial Minerals.Products.Glass.Containers.Form and Finish,Service,BC,Industrial Minerals,Form and Finish,reg melters LRM,service_request,,,CIMS.CAN.BC.Industrial Minerals.Methane Blend,tech_multi_generic,GJ,2.64,2.64,2.64,2.64,2.64,2.64,2.64,2.64,2.64,2.64,2.64,
CIMS.CAN.BC.Industrial Minerals.Products.Glass.Containers.Form and Finish,Service,BC,Industrial Minerals,Form and Finish,reg melters LRM,service_request,,,CIMS.CAN.BC.Industrial Minerals.Ventilation,tech_multi_generic,GJ,0.03345,0.03345,0.03345,0.03345,0.03345,0.03345,0.03345,0.03345,0.03345,0.03345,0.03345,
CIMS.CAN.BC.Industrial Minerals.Products.Glass.Containers.Form and Finish,Service,BC,Industrial Minerals,Form and Finish,reg melters LRM,service_request,,,CIMS.CAN.BC.Industrial Minerals.Conveyance,tech_multi_generic,GJ,0.16655,0.16655,0.16655,0.16655,0.16655,0.16655,0.16655,0.16655,0.16655,0.16655,0.16655,
CIMS.CAN.BC.Industrial Minerals.Products.Glass.Containers.Form and Finish,Service,BC,Industrial Minerals,Form and Finish,reg melters LRM,service_request,,,CIMS.CAN.BC.Industrial Minerals.Compression,tech_multi_generic,GJ,0.23211,0.23211,0.23211,0.23211,0.23211,0.23211,0.23211,0.23211,0.23211,0.23211,0.23211,
CIMS.CAN.BC.Industrial Minerals.Products.Glass.Containers.Form and Finish,Service,BC,Industrial Minerals,Form and Finish,reg melters LRM,service_request,,,CIMS.CAN.BC.Industrial Minerals.Pumping,tech_multi_generic,GJ,0.00514,0.00514,0.00514,0.00514,0.00514,0.00514,0.00514,0.00514,0.00514,0.00514,0.00514,
CIMS.CAN.BC.Industrial Minerals.Products.Glass.Containers.Form and Finish,Service,BC,Industrial Minerals,Form and Finish,Emhart Type 540 forehearth ET,technology,,,,,,,,,,,,,,,,,
CIMS.CAN.BC.Industrial Minerals.Products.Glass.Containers.Form and Finish,Service,BC,Industrial Minerals,Form and Finish,Emhart Type 540 forehearth ET,available,,,,tech_data_generic,Year,1971,1971,1971,1971,1971,1971,1971,1971,1971,1971,1971,
CIMS.CAN.BC.Industrial Minerals.Products.Glass.Containers.Form and Finish,Service,BC,Industrial Minerals,Form and Finish,Emhart Type 540 forehearth ET,unavailable,,,,tech_data_generic,Year,2101,2101,2101,2101,2101,2101,2101,2101,2101,2101,2101,
CIMS.CAN.BC.Industrial Minerals.Products.Glass.Containers.Form and Finish,Service,BC,Industrial Minerals,Form and Finish,Emhart Type 540 forehearth ET,lifetime,,,,tech_data_generic,Years,20,20,20,20,20,20,20,20,20,20,20,
CIMS.CAN.BC.Industrial Minerals.Products.Glass.Containers.Form and Finish,Service,BC,Industrial Minerals,Form and Finish,Emhart Type 540 forehearth ET,market_share_total,,,,tech_data_region,%,0,,,,,,,,,,,
CIMS.CAN.BC.Industrial Minerals.Products.Glass.Containers.Form and Finish,Service,BC,Industrial Minerals,Form and Finish,Emhart Type 540 forehearth ET,output,,,,tech_data_generic,node unit,44250,44250,44250,44250,44250,44250,44250,44250,44250,44250,44250,
CIMS.CAN.BC.Industrial Minerals.Products.Glass.Containers.Form and Finish,Service,BC,Industrial Minerals,Form and Finish,Emhart Type 540 forehearth ET,fcc,,,,tech_data_generic,$,3001762.67258551,3001762.67258551,3001762.67258551,3001762.67258551,3001762.67258551,3001762.67258551,3001762.67258551,3001762.67258551,3001762.67258551,3001762.67258551,3001762.67258551,
CIMS.CAN.BC.Industrial Minerals.Products.Glass.Containers.Form and Finish,Service,BC,Industrial Minerals,Form and Finish,Emhart Type 540 forehearth ET,fom,,,,tech_data_generic,$,113625.628648178,113625.628648178,113625.628648178,113625.628648178,113625.628648178,113625.628648178,113625.628648178,113625.628648178,113625.628648178,113625.628648178,113625.628648178,
CIMS.CAN.BC.Industrial Minerals.Products.Glass.Containers.Form and Finish,Service,BC,Industrial Minerals,Form and Finish,Emhart Type 540 forehearth ET,service_request,,,CIMS.CAN.BC.Industrial Minerals.Methane Blend,tech_multi_generic,GJ,1.975,1.975,1.975,1.975,1.975,1.975,1.975,1.975,1.975,1.975,1.975,
CIMS.CAN.BC.Industrial Minerals.Products.Glass.Containers.Form and Finish,Service,BC,Industrial Minerals,Form and Finish,Emhart Type 540 forehearth ET,service_request,,,CIMS.CAN.BC.Industrial Minerals.Ventilation,tech_multi_generic,GJ,0.03011,0.03011,0.03011,0.03011,0.03011,0.03011,0.03011,0.03011,0.03011,0.03011,0.03011,
CIMS.CAN.BC.Industrial Minerals.Products.Glass.Containers.Form and Finish,Service,BC,Industrial Minerals,Form and Finish,Emhart Type 540 forehearth ET,service_request,,,CIMS.CAN.BC.Industrial Minerals.Conveyance,tech_multi_generic,GJ,0.14989,0.14989,0.14989,0.14989,0.14989,0.14989,0.14989,0.14989,0.14989,0.14989,0.14989,
CIMS.CAN.BC.Industrial Minerals.Products.Glass.Containers.Form and Finish,Service,BC,Industrial Minerals,Form and Finish,Emhart Type 540 forehearth ET,service_request,,,CIMS.CAN.BC.Industrial Minerals.Compression,tech_multi_generic,GJ,0.2089,0.2089,0.2089,0.2089,0.2089,0.2089,0.2089,0.2089,0.2089,0.2089,0.2089,
CIMS.CAN.BC.Industrial Minerals.Products.Glass.Containers.Form and Finish,Service,BC,Industrial Minerals,Form and Finish,Emhart Type 540 forehearth ET,service_request,,,CIMS.CAN.BC.Industrial Minerals.Pumping,tech_multi_generic,GJ,0.00463,0.00463,0.00463,0.00463,0.00463,0.00463,0.00463,0.00463,0.00463,0.00463,0.00463,
CIMS.CAN.BC.Industrial Minerals.Products.Glass.Containers.Form and Finish,Service,BC,Industrial Minerals,Form and Finish,Bh F high press gas fire BHF,technology,,,,,,,,,,,,,,,,,
CIMS.CAN.BC.Industrial Minerals.Products.Glass.Containers.Form and Finish,Service,BC,Industrial Minerals,Form and Finish,Bh F high press gas fire BHF,available,,,,tech_data_generic,Year,1971,1971,1971,1971,1971,1971,1971,1971,1971,1971,1971,
CIMS.CAN.BC.Industrial Minerals.Products.Glass.Containers.Form and Finish,Service,BC,Industrial Minerals,Form and Finish,Bh F high press gas fire BHF,unavailable,,,,tech_data_generic,Year,2101,2101,2101,2101,2101,2101,2101,2101,2101,2101,2101,
CIMS.CAN.BC.Industrial Minerals.Products.Glass.Containers.Form and Finish,Service,BC,Industrial Minerals,Form and Finish,Bh F high press gas fire BHF,lifetime,,,,tech_data_generic,Years,20,20,20,20,20,20,20,20,20,20,20,
CIMS.CAN.BC.Industrial Minerals.Products.Glass.Containers.Form and Finish,Service,BC,Industrial Minerals,Form and Finish,Bh F high press gas fire BHF,market_share_total,,,,tech_data_region,%,0,,,,,,,,,,,
CIMS.CAN.BC.Industrial Minerals.Products.Glass.Containers.Form and Finish,Service,BC,Industrial Minerals,Form and Finish,Bh F high press gas fire BHF,output,,,,tech_data_generic,node unit,44250,44250,44250,44250,44250,44250,44250,44250,44250,44250,44250,
CIMS.CAN.BC.Industrial Minerals.Products.Glass.Containers.Form and Finish,Service,BC,Industrial Minerals,Form and Finish,Bh F high press gas fire BHF,fcc,,,,tech_data_generic,$,3001762.67258551,3001762.67258551,3001762.67258551,3001762.67258551,3001762.67258551,3001762.67258551,3001762.67258551,3001762.67258551,3001762.67258551,3001762.67258551,3001762.67258551,
CIMS.CAN.BC.Industrial Minerals.Products.Glass.Containers.Form and Finish,Service,BC,Industrial Minerals,Form and Finish,Bh F high press gas fire BHF,fom,,,,tech_data_generic,$,113625.628648178,113625.628648178,113625.628648178,113625.628648178,113625.628648178,113625.628648178,113625.628648178,113625.628648178,113625.628648178,113625.628648178,113625.628648178,
CIMS.CAN.BC.Industrial Minerals.Products.Glass.Containers.Form and Finish,Service,BC,Industrial Minerals,Form and Finish,Bh F high press gas fire BHF,service_request,,,CIMS.CAN.BC.Industrial Minerals.Methane Blend,tech_multi_generic,GJ,2.139,2.139,2.139,2.139,2.139,2.139,2.139,2.139,2.139,2.139,2.139,
CIMS.CAN.BC.Industrial Minerals.Products.Glass.Containers.Form and Finish,Service,BC,Industrial Minerals,Form and Finish,Bh F high press gas fire BHF,service_request,,,CIMS.CAN.BC.Industrial Minerals.Ventilation,tech_multi_generic,GJ,0.03011,0.03011,0.03011,0.03011,0.03011,0.03011,0.03011,0.03011,0.03011,0.03011,0.03011,
CIMS.CAN.BC.Industrial Minerals.Products.Glass.Containers.Form and Finish,Service,BC,Industrial Minerals,Form and Finish,Bh F high press gas fire BHF,service_request,,,CIMS.CAN.BC.Industrial Minerals.Conveyance,tech_multi_generic,GJ,0.14989,0.14989,0.14989,0.14989,0.14989,0.14989,0.14989,0.14989,0.14989,0.14989,0.14989,
CIMS.CAN.BC.Industrial Minerals.Products.Glass.Containers.Form and Finish,Service,BC,Industrial Minerals,Form and Finish,Bh F high press gas fire BHF,service_request,,,CIMS.CAN.BC.Industrial Minerals.Compression,tech_multi_generic,GJ,0.2089,0.2089,0.2089,0.2089,0.2089,0.2089,0.2089,0.2089,0.2089,0.2089,0.2089,
CIMS.CAN.BC.Industrial Minerals.Products.Glass.Containers.Form and Finish,Service,BC,Industrial Minerals,Form and Finish,Bh F high press gas fire BHF,service_request,,,CIMS.CAN.BC.Industrial Minerals.Pumping,tech_multi_generic,GJ,0.00463,0.00463,0.00463,0.00463,0.00463,0.00463,0.00463,0.00463,0.00463,0.00463,0.00463,
CIMS.CAN.BC.Industrial Minerals.Products.Glass.Blown Pressed,Service,BC,Industrial Minerals,Blown Pressed,,service_provide,,,,activity_data_generic,tonne,,,,,,,,,,,,
CIMS.CAN.BC.Industrial Minerals.Products.Glass.Blown Pressed,Service,BC,Industrial Minerals,Blown Pressed,,competition,Fixed Ratio,,,,,,,,,,,,,,,,
CIMS.CAN.BC.Industrial Minerals.Products.Glass.Blown Pressed,Service,BC,Industrial Minerals,Blown Pressed,,service_request,,,CIMS.CAN.BC.Industrial Minerals.Products.Glass.Blown Pressed.Preparation,activity_data_region,tonne,1.51,1.51,1.51,1.51,1.51,1.51,1.51,1.51,1.51,1.51,1.51,
CIMS.CAN.BC.Industrial Minerals.Products.Glass.Blown Pressed,Service,BC,Industrial Minerals,Blown Pressed,,service_request,,,CIMS.CAN.BC.Industrial Minerals.Products.Glass.Blown Pressed.Furnaces,activity_data_region,tonne,1.44,1.44,1.44,1.44,1.44,1.44,1.44,1.44,1.44,1.44,1.44,
CIMS.CAN.BC.Industrial Minerals.Products.Glass.Blown Pressed,Service,BC,Industrial Minerals,Blown Pressed,,service_request,,,CIMS.CAN.BC.Industrial Minerals.Products.Glass.Blown Pressed.Form and Finish,activity_data_region,tonne,1.37,1.37,1.37,1.37,1.37,1.37,1.37,1.37,1.37,1.37,1.37,
CIMS.CAN.BC.Industrial Minerals.Products.Glass.Blown Pressed,Service,BC,Industrial Minerals,Blown Pressed,,service_request,,,CIMS.CAN.BC.Industrial Minerals.Products.Glass.Blown Pressed.Fire Polish,activity_data_region,tonne,0.7,0.7,0.7,0.7,0.7,0.7,0.7,0.7,0.7,0.7,0.7,
CIMS.CAN.BC.Industrial Minerals.Products.Glass.Blown Pressed,Service,BC,Industrial Minerals,Blown Pressed,,service_request,,,CIMS.CAN.BC.Industrial Minerals.HVAC,activity_data_region,GJ,0.005,0.005,0.005,0.005,0.005,0.005,0.005,0.005,0.005,0.005,0.005,
CIMS.CAN.BC.Industrial Minerals.Products.Glass.Blown Pressed,Service,BC,Industrial Minerals,Blown Pressed,,service_request,,,CIMS.CAN.BC.Industrial Minerals.Lighting,activity_data_region,GJ,0.005,0.005,0.005,0.005,0.005,0.005,0.005,0.005,0.005,0.005,0.005,
CIMS.CAN.BC.Industrial Minerals.Products.Glass.Blown Pressed.Preparation,Service,BC,Industrial Minerals,Preparation,,service_provide,,,,activity_data_generic,tonne,,,,,,,,,,,,
CIMS.CAN.BC.Industrial Minerals.Products.Glass.Blown Pressed.Preparation,Service,BC,Industrial Minerals,Preparation,,competition,Tech Compete,,,,,,,,,,,,,,,,
CIMS.CAN.BC.Industrial Minerals.Products.Glass.Blown Pressed.Preparation,Service,BC,Industrial Minerals,Preparation,,discount_rate_financial,,,,tech_data_generic,%,0.35,0.35,0.35,0.35,0.35,0.35,0.35,0.35,0.35,0.35,0.35,
CIMS.CAN.BC.Industrial Minerals.Products.Glass.Blown Pressed.Preparation,Service,BC,Industrial Minerals,Preparation,,heterogeneity,,,,tech_data_generic,,10,10,10,10,10,10,10,10,10,10,10,
CIMS.CAN.BC.Industrial Minerals.Products.Glass.Blown Pressed.Preparation,Service,BC,Industrial Minerals,Preparation,Base tech preparation PGL,technology,,,,,,,,,,,,,,,,,
CIMS.CAN.BC.Industrial Minerals.Products.Glass.Blown Pressed.Preparation,Service,BC,Industrial Minerals,Preparation,Base tech preparation PGL,available,,,,tech_data_generic,Year,1971,1971,1971,1971,1971,1971,1971,1971,1971,1971,1971,
CIMS.CAN.BC.Industrial Minerals.Products.Glass.Blown Pressed.Preparation,Service,BC,Industrial Minerals,Preparation,Base tech preparation PGL,unavailable,,,,tech_data_generic,Year,2101,2101,2101,2101,2101,2101,2101,2101,2101,2101,2101,
CIMS.CAN.BC.Industrial Minerals.Products.Glass.Blown Pressed.Preparation,Service,BC,Industrial Minerals,Preparation,Base tech preparation PGL,lifetime,,,,tech_data_generic,Years,20,20,20,20,20,20,20,20,20,20,20,
CIMS.CAN.BC.Industrial Minerals.Products.Glass.Blown Pressed.Preparation,Service,BC,Industrial Minerals,Preparation,Base tech preparation PGL,market_share_total,,,,tech_data_region,%,1,,,,,,,,,,,
CIMS.CAN.BC.Industrial Minerals.Products.Glass.Blown Pressed.Preparation,Service,BC,Industrial Minerals,Preparation,Base tech preparation PGL,output,,,,tech_data_generic,node unit,69750,69750,69750,69750,69750,69750,69750,69750,69750,69750,69750,
CIMS.CAN.BC.Industrial Minerals.Products.Glass.Blown Pressed.Preparation,Service,BC,Industrial Minerals,Preparation,Base tech preparation PGL,fcc,,,,tech_data_generic,$,2608897.41384962,2608897.41384962,2608897.41384962,2608897.41384962,2608897.41384962,2608897.41384962,2608897.41384962,2608897.41384962,2608897.41384962,2608897.41384962,2608897.41384962,
CIMS.CAN.BC.Industrial Minerals.Products.Glass.Blown Pressed.Preparation,Service,BC,Industrial Minerals,Preparation,Base tech preparation PGL,fom,,,,tech_data_generic,$,99503.0800939953,99503.0800939953,99503.0800939953,99503.0800939953,99503.0800939953,99503.0800939953,99503.0800939953,99503.0800939953,99503.0800939953,99503.0800939953,99503.0800939953,
CIMS.CAN.BC.Industrial Minerals.Products.Glass.Blown Pressed.Preparation,Service,BC,Industrial Minerals,Preparation,Base tech preparation PGL,service_request,,,CIMS.CAN.BC.Industrial Minerals.Ventilation,tech_multi_generic,GJ,0.00119,0.00119,0.00119,0.00119,0.00119,0.00119,0.00119,0.00119,0.00119,0.00119,0.00119,
CIMS.CAN.BC.Industrial Minerals.Products.Glass.Blown Pressed.Preparation,Service,BC,Industrial Minerals,Preparation,Base tech preparation PGL,service_request,,,CIMS.CAN.BC.Industrial Minerals.Conveyance,tech_multi_generic,GJ,0.08903,0.08903,0.08903,0.08903,0.08903,0.08903,0.08903,0.08903,0.08903,0.08903,0.08903,
CIMS.CAN.BC.Industrial Minerals.Products.Glass.Blown Pressed.Preparation,Service,BC,Industrial Minerals,Preparation,Base tech preparation PGL,service_request,,,CIMS.CAN.BC.Industrial Minerals.Compression,tech_multi_generic,GJ,0.00193,0.00193,0.00193,0.00193,0.00193,0.00193,0.00193,0.00193,0.00193,0.00193,0.00193,
CIMS.CAN.BC.Industrial Minerals.Products.Glass.Blown Pressed.Preparation,Service,BC,Industrial Minerals,Preparation,Base tech preparation PGL,service_request,,,CIMS.CAN.BC.Industrial Minerals.Pumping,tech_multi_generic,GJ,0.00074,0.00074,0.00074,0.00074,0.00074,0.00074,0.00074,0.00074,0.00074,0.00074,0.00074,
CIMS.CAN.BC.Industrial Minerals.Products.Glass.Blown Pressed.Preparation,Service,BC,Industrial Minerals,Preparation,Base tech preparation PGL,service_request,,,CIMS.CAN.BC.Industrial Minerals.Direct Drive,tech_multi_generic,GJ,0.10365,0.10365,0.10365,0.10365,0.10365,0.10365,0.10365,0.10365,0.10365,0.10365,0.10365,
CIMS.CAN.BC.Industrial Minerals.Products.Glass.Blown Pressed.Preparation,Service,BC,Industrial Minerals,Preparation,Preparation CPC,technology,,,,,,,,,,,,,,,,,
CIMS.CAN.BC.Industrial Minerals.Products.Glass.Blown Pressed.Preparation,Service,BC,Industrial Minerals,Preparation,Preparation CPC,available,,,,tech_data_generic,Year,1971,1971,1971,1971,1971,1971,1971,1971,1971,1971,1971,
CIMS.CAN.BC.Industrial Minerals.Products.Glass.Blown Pressed.Preparation,Service,BC,Industrial Minerals,Preparation,Preparation CPC,unavailable,,,,tech_data_generic,Year,2101,2101,2101,2101,2101,2101,2101,2101,2101,2101,2101,
CIMS.CAN.BC.Industrial Minerals.Products.Glass.Blown Pressed.Preparation,Service,BC,Industrial Minerals,Preparation,Preparation CPC,lifetime,,,,tech_data_generic,Years,20,20,20,20,20,20,20,20,20,20,20,
CIMS.CAN.BC.Industrial Minerals.Products.Glass.Blown Pressed.Preparation,Service,BC,Industrial Minerals,Preparation,Preparation CPC,market_share_total,,,,tech_data_region,%,0,,,,,,,,,,,
CIMS.CAN.BC.Industrial Minerals.Products.Glass.Blown Pressed.Preparation,Service,BC,Industrial Minerals,Preparation,Preparation CPC,output,,,,tech_data_generic,node unit,69750,69750,69750,69750,69750,69750,69750,69750,69750,69750,69750,
CIMS.CAN.BC.Industrial Minerals.Products.Glass.Blown Pressed.Preparation,Service,BC,Industrial Minerals,Preparation,Preparation CPC,fcc,,,,tech_data_generic,$,3130676.97483048,3130676.97483048,3130676.97483048,3130676.97483048,3130676.97483048,3130676.97483048,3130676.97483048,3130676.97483048,3130676.97483048,3130676.97483048,3130676.97483048,
CIMS.CAN.BC.Industrial Minerals.Products.Glass.Blown Pressed.Preparation,Service,BC,Industrial Minerals,Preparation,Preparation CPC,fom,,,,tech_data_generic,$,119403.852534665,119403.852534665,119403.852534665,119403.852534665,119403.852534665,119403.852534665,119403.852534665,119403.852534665,119403.852534665,119403.852534665,119403.852534665,
CIMS.CAN.BC.Industrial Minerals.Products.Glass.Blown Pressed.Preparation,Service,BC,Industrial Minerals,Preparation,Preparation CPC,service_request,,,CIMS.CAN.BC.Industrial Minerals.Ventilation,tech_multi_generic,GJ,0.00107,0.00107,0.00107,0.00107,0.00107,0.00107,0.00107,0.00107,0.00107,0.00107,0.00107,
CIMS.CAN.BC.Industrial Minerals.Products.Glass.Blown Pressed.Preparation,Service,BC,Industrial Minerals,Preparation,Preparation CPC,service_request,,,CIMS.CAN.BC.Industrial Minerals.Conveyance,tech_multi_generic,GJ,0.08012,0.08012,0.08012,0.08012,0.08012,0.08012,0.08012,0.08012,0.08012,0.08012,0.08012,
CIMS.CAN.BC.Industrial Minerals.Products.Glass.Blown Pressed.Preparation,Service,BC,Industrial Minerals,Preparation,Preparation CPC,service_request,,,CIMS.CAN.BC.Industrial Minerals.Compression,tech_multi_generic,GJ,0.00174,0.00174,0.00174,0.00174,0.00174,0.00174,0.00174,0.00174,0.00174,0.00174,0.00174,
CIMS.CAN.BC.Industrial Minerals.Products.Glass.Blown Pressed.Preparation,Service,BC,Industrial Minerals,Preparation,Preparation CPC,service_request,,,CIMS.CAN.BC.Industrial Minerals.Pumping,tech_multi_generic,GJ,0.00066,0.00066,0.00066,0.00066,0.00066,0.00066,0.00066,0.00066,0.00066,0.00066,0.00066,
CIMS.CAN.BC.Industrial Minerals.Products.Glass.Blown Pressed.Preparation,Service,BC,Industrial Minerals,Preparation,Preparation CPC,service_request,,,CIMS.CAN.BC.Industrial Minerals.Direct Drive,tech_multi_generic,GJ,0.09329,0.09329,0.09329,0.09329,0.09329,0.09329,0.09329,0.09329,0.09329,0.09329,0.09329,
CIMS.CAN.BC.Industrial Minerals.Products.Glass.Blown Pressed.Furnaces,Service,BC,Industrial Minerals,Furnaces,,service_provide,,,,activity_data_generic,tonne,,,,,,,,,,,,
CIMS.CAN.BC.Industrial Minerals.Products.Glass.Blown Pressed.Furnaces,Service,BC,Industrial Minerals,Furnaces,,competition,Tech Compete,,,,,,,,,,,,,,,,
CIMS.CAN.BC.Industrial Minerals.Products.Glass.Blown Pressed.Furnaces,Service,BC,Industrial Minerals,Furnaces,,discount_rate_financial,,,,tech_data_generic,%,0.35,0.35,0.35,0.35,0.35,0.35,0.35,0.35,0.35,0.35,0.35,
CIMS.CAN.BC.Industrial Minerals.Products.Glass.Blown Pressed.Furnaces,Service,BC,Industrial Minerals,Furnaces,,heterogeneity,,,,tech_data_generic,,10,10,10,10,10,10,10,10,10,10,10,
CIMS.CAN.BC.Industrial Minerals.Products.Glass.Blown Pressed.Furnaces,Service,BC,Industrial Minerals,Furnaces,Sm melters FFM,technology,,,,,,,,,,,,,,,,,
CIMS.CAN.BC.Industrial Minerals.Products.Glass.Blown Pressed.Furnaces,Service,BC,Industrial Minerals,Furnaces,Sm melters FFM,available,,,,tech_data_generic,Year,1971,1971,1971,1971,1971,1971,1971,1971,1971,1971,1971,
CIMS.CAN.BC.Industrial Minerals.Products.Glass.Blown Pressed.Furnaces,Service,BC,Industrial Minerals,Furnaces,Sm melters FFM,unavailable,,,,tech_data_generic,Year,2101,2101,2101,2101,2101,2101,2101,2101,2101,2101,2101,
CIMS.CAN.BC.Industrial Minerals.Products.Glass.Blown Pressed.Furnaces,Service,BC,Industrial Minerals,Furnaces,Sm melters FFM,lifetime,,,,tech_data_generic,Years,20,20,20,20,20,20,20,20,20,20,20,
CIMS.CAN.BC.Industrial Minerals.Products.Glass.Blown Pressed.Furnaces,Service,BC,Industrial Minerals,Furnaces,Sm melters FFM,market_share_total,,,,tech_data_region,%,1,,,,,,,,,,,
CIMS.CAN.BC.Industrial Minerals.Products.Glass.Blown Pressed.Furnaces,Service,BC,Industrial Minerals,Furnaces,Sm melters FFM,output,,,,tech_data_generic,node unit,24750,24750,24750,24750,24750,24750,24750,24750,24750,24750,24750,
CIMS.CAN.BC.Industrial Minerals.Products.Glass.Blown Pressed.Furnaces,Service,BC,Industrial Minerals,Furnaces,Sm melters FFM,fcc,,,,tech_data_generic,$,4661656.81186655,4661656.81186655,4661656.81186655,4661656.81186655,4661656.81186655,4661656.81186655,4661656.81186655,4661656.81186655,4661656.81186655,4661656.81186655,4661656.81186655,
CIMS.CAN.BC.Industrial Minerals.Products.Glass.Blown Pressed.Furnaces,Service,BC,Industrial Minerals,Furnaces,Sm melters FFM,fom,,,,tech_data_generic,$,176537.722747412,176537.722747412,176537.722747412,176537.722747412,176537.722747412,176537.722747412,176537.722747412,176537.722747412,176537.722747412,176537.722747412,176537.722747412,
CIMS.CAN.BC.Industrial Minerals.Products.Glass.Blown Pressed.Furnaces,Service,BC,Industrial Minerals,Furnaces,Sm melters FFM,service_request,,,CIMS.CAN.BC.Industrial Minerals.Methane Blend,tech_multi_generic,GJ,11.155,11.155,11.155,11.155,11.155,11.155,11.155,11.155,11.155,11.155,11.155,
CIMS.CAN.BC.Industrial Minerals.Products.Glass.Blown Pressed.Furnaces,Service,BC,Industrial Minerals,Furnaces,Sm melters FFM,service_request,,,CIMS.CAN.BC.Industrial Minerals.Ventilation,tech_multi_generic,GJ,0.00078,0.00078,0.00078,0.00078,0.00078,0.00078,0.00078,0.00078,0.00078,0.00078,0.00078,
CIMS.CAN.BC.Industrial Minerals.Products.Glass.Blown Pressed.Furnaces,Service,BC,Industrial Minerals,Furnaces,Sm melters FFM,service_request,,,CIMS.CAN.BC.Industrial Minerals.Conveyance,tech_multi_generic,GJ,0.05857,0.05857,0.05857,0.05857,0.05857,0.05857,0.05857,0.05857,0.05857,0.05857,0.05857,
CIMS.CAN.BC.Industrial Minerals.Products.Glass.Blown Pressed.Furnaces,Service,BC,Industrial Minerals,Furnaces,Sm melters FFM,service_request,,,CIMS.CAN.BC.Industrial Minerals.Compression,tech_multi_generic,GJ,0.00127,0.00127,0.00127,0.00127,0.00127,0.00127,0.00127,0.00127,0.00127,0.00127,0.00127,
CIMS.CAN.BC.Industrial Minerals.Products.Glass.Blown Pressed.Furnaces,Service,BC,Industrial Minerals,Furnaces,Sm melters FFM,service_request,,,CIMS.CAN.BC.Industrial Minerals.Pumping,tech_multi_generic,GJ,0.00048,0.00048,0.00048,0.00048,0.00048,0.00048,0.00048,0.00048,0.00048,0.00048,0.00048,
CIMS.CAN.BC.Industrial Minerals.Products.Glass.Blown Pressed.Furnaces,Service,BC,Industrial Minerals,Furnaces,Sm melters FFM,service_request,,,CIMS.CAN.BC.Industrial Minerals.Direct Drive,tech_multi_generic,GJ,0.06819,0.06819,0.06819,0.06819,0.06819,0.06819,0.06819,0.06819,0.06819,0.06819,0.06819,
CIMS.CAN.BC.Industrial Minerals.Products.Glass.Blown Pressed.Furnaces,Service,BC,Industrial Minerals,Furnaces,Electric melters EM,technology,,,,,,,,,,,,,,,,,
CIMS.CAN.BC.Industrial Minerals.Products.Glass.Blown Pressed.Furnaces,Service,BC,Industrial Minerals,Furnaces,Electric melters EM,available,,,,tech_data_generic,Year,1971,1971,1971,1971,1971,1971,1971,1971,1971,1971,1971,
CIMS.CAN.BC.Industrial Minerals.Products.Glass.Blown Pressed.Furnaces,Service,BC,Industrial Minerals,Furnaces,Electric melters EM,unavailable,,,,tech_data_generic,Year,2101,2101,2101,2101,2101,2101,2101,2101,2101,2101,2101,
CIMS.CAN.BC.Industrial Minerals.Products.Glass.Blown Pressed.Furnaces,Service,BC,Industrial Minerals,Furnaces,Electric melters EM,lifetime,,,,tech_data_generic,Years,20,20,20,20,20,20,20,20,20,20,20,
CIMS.CAN.BC.Industrial Minerals.Products.Glass.Blown Pressed.Furnaces,Service,BC,Industrial Minerals,Furnaces,Electric melters EM,market_share_total,,,,tech_data_region,%,0,,,,,,,,,,,
CIMS.CAN.BC.Industrial Minerals.Products.Glass.Blown Pressed.Furnaces,Service,BC,Industrial Minerals,Furnaces,Electric melters EM,output,,,,tech_data_generic,node unit,69750,69750,69750,69750,69750,69750,69750,69750,69750,69750,69750,
CIMS.CAN.BC.Industrial Minerals.Products.Glass.Blown Pressed.Furnaces,Service,BC,Industrial Minerals,Furnaces,Electric melters EM,fcc,,,,tech_data_generic,$,14348935.9717002,14348935.9717002,14348935.9717002,14348935.9717002,14348935.9717002,14348935.9717002,14348935.9717002,14348935.9717002,14348935.9717002,14348935.9717002,14348935.9717002,
CIMS.CAN.BC.Industrial Minerals.Products.Glass.Blown Pressed.Furnaces,Service,BC,Industrial Minerals,Furnaces,Electric melters EM,fom,,,,tech_data_generic,$,547266.940516978,547266.940516978,547266.940516978,547266.940516978,547266.940516978,547266.940516978,547266.940516978,547266.940516978,547266.940516978,547266.940516978,547266.940516978,
CIMS.CAN.BC.Industrial Minerals.Products.Glass.Blown Pressed.Furnaces,Service,BC,Industrial Minerals,Furnaces,Electric melters EM,service_request,,,CIMS.CAN.BC.Electricity,tech_multi_generic,GJ,3.714,3.714,3.714,3.714,3.714,3.714,3.714,3.714,3.714,3.714,3.714,
CIMS.CAN.BC.Industrial Minerals.Products.Glass.Blown Pressed.Furnaces,Service,BC,Industrial Minerals,Furnaces,Electric melters EM,service_request,,,CIMS.CAN.BC.Industrial Minerals.Ventilation,tech_multi_generic,GJ,0.00078,0.00078,0.00078,0.00078,0.00078,0.00078,0.00078,0.00078,0.00078,0.00078,0.00078,
CIMS.CAN.BC.Industrial Minerals.Products.Glass.Blown Pressed.Furnaces,Service,BC,Industrial Minerals,Furnaces,Electric melters EM,service_request,,,CIMS.CAN.BC.Industrial Minerals.Conveyance,tech_multi_generic,GJ,0.05857,0.05857,0.05857,0.05857,0.05857,0.05857,0.05857,0.05857,0.05857,0.05857,0.05857,
CIMS.CAN.BC.Industrial Minerals.Products.Glass.Blown Pressed.Furnaces,Service,BC,Industrial Minerals,Furnaces,Electric melters EM,service_request,,,CIMS.CAN.BC.Industrial Minerals.Compression,tech_multi_generic,GJ,0.00127,0.00127,0.00127,0.00127,0.00127,0.00127,0.00127,0.00127,0.00127,0.00127,0.00127,
CIMS.CAN.BC.Industrial Minerals.Products.Glass.Blown Pressed.Furnaces,Service,BC,Industrial Minerals,Furnaces,Electric melters EM,service_request,,,CIMS.CAN.BC.Industrial Minerals.Pumping,tech_multi_generic,GJ,0.00048,0.00048,0.00048,0.00048,0.00048,0.00048,0.00048,0.00048,0.00048,0.00048,0.00048,
CIMS.CAN.BC.Industrial Minerals.Products.Glass.Blown Pressed.Furnaces,Service,BC,Industrial Minerals,Furnaces,Electric melters EM,service_request,,,CIMS.CAN.BC.Industrial Minerals.Direct Drive,tech_multi_generic,GJ,0.06819,0.06819,0.06819,0.06819,0.06819,0.06819,0.06819,0.06819,0.06819,0.06819,0.06819,
CIMS.CAN.BC.Industrial Minerals.Products.Glass.Blown Pressed.Furnaces,Service,BC,Industrial Minerals,Furnaces,Fluidized bed Sm melters FBFFM,technology,,,,,,,,,,,,,,,,,
CIMS.CAN.BC.Industrial Minerals.Products.Glass.Blown Pressed.Furnaces,Service,BC,Industrial Minerals,Furnaces,Fluidized bed Sm melters FBFFM,available,,,,tech_data_generic,Year,1985,1985,1985,1985,1985,1985,1985,1985,1985,1985,1985,
CIMS.CAN.BC.Industrial Minerals.Products.Glass.Blown Pressed.Furnaces,Service,BC,Industrial Minerals,Furnaces,Fluidized bed Sm melters FBFFM,unavailable,,,,tech_data_generic,Year,2101,2101,2101,2101,2101,2101,2101,2101,2101,2101,2101,
CIMS.CAN.BC.Industrial Minerals.Products.Glass.Blown Pressed.Furnaces,Service,BC,Industrial Minerals,Furnaces,Fluidized bed Sm melters FBFFM,lifetime,,,,tech_data_generic,Years,20,20,20,20,20,20,20,20,20,20,20,
CIMS.CAN.BC.Industrial Minerals.Products.Glass.Blown Pressed.Furnaces,Service,BC,Industrial Minerals,Furnaces,Fluidized bed Sm melters FBFFM,market_share_total,,,,tech_data_region,%,0,,,,,,,,,,,
CIMS.CAN.BC.Industrial Minerals.Products.Glass.Blown Pressed.Furnaces,Service,BC,Industrial Minerals,Furnaces,Fluidized bed Sm melters FBFFM,output,,,,tech_data_generic,node unit,24750,24750,24750,24750,24750,24750,24750,24750,24750,24750,24750,
CIMS.CAN.BC.Industrial Minerals.Products.Glass.Blown Pressed.Furnaces,Service,BC,Industrial Minerals,Furnaces,Fluidized bed Sm melters FBFFM,fcc,,,,tech_data_generic,$,5593988.2524508,5593988.2524508,5593988.2524508,5593988.2524508,5593988.2524508,5593988.2524508,5593988.2524508,5593988.2524508,5593988.2524508,5593988.2524508,5593988.2524508,
CIMS.CAN.BC.Industrial Minerals.Products.Glass.Blown Pressed.Furnaces,Service,BC,Industrial Minerals,Furnaces,Fluidized bed Sm melters FBFFM,fom,,,,tech_data_generic,$,211845.267296894,211845.267296894,211845.267296894,211845.267296894,211845.267296894,211845.267296894,211845.267296894,211845.267296894,211845.267296894,211845.267296894,211845.267296894,
CIMS.CAN.BC.Industrial Minerals.Products.Glass.Blown Pressed.Furnaces,Service,BC,Industrial Minerals,Furnaces,Fluidized bed Sm melters FBFFM,service_request,,,CIMS.CAN.BC.Industrial Minerals.Methane Blend,tech_multi_generic,GJ,9.993,9.993,9.993,9.993,9.993,9.993,9.993,9.993,9.993,9.993,9.993,
CIMS.CAN.BC.Industrial Minerals.Products.Glass.Blown Pressed.Furnaces,Service,BC,Industrial Minerals,Furnaces,Fluidized bed Sm melters FBFFM,service_request,,,CIMS.CAN.BC.Industrial Minerals.Ventilation,tech_multi_generic,GJ,0.00078,0.00078,0.00078,0.00078,0.00078,0.00078,0.00078,0.00078,0.00078,0.00078,0.00078,
CIMS.CAN.BC.Industrial Minerals.Products.Glass.Blown Pressed.Furnaces,Service,BC,Industrial Minerals,Furnaces,Fluidized bed Sm melters FBFFM,service_request,,,CIMS.CAN.BC.Industrial Minerals.Conveyance,tech_multi_generic,GJ,0.05857,0.05857,0.05857,0.05857,0.05857,0.05857,0.05857,0.05857,0.05857,0.05857,0.05857,
CIMS.CAN.BC.Industrial Minerals.Products.Glass.Blown Pressed.Furnaces,Service,BC,Industrial Minerals,Furnaces,Fluidized bed Sm melters FBFFM,service_request,,,CIMS.CAN.BC.Industrial Minerals.Compression,tech_multi_generic,GJ,0.00127,0.00127,0.00127,0.00127,0.00127,0.00127,0.00127,0.00127,0.00127,0.00127,0.00127,
CIMS.CAN.BC.Industrial Minerals.Products.Glass.Blown Pressed.Furnaces,Service,BC,Industrial Minerals,Furnaces,Fluidized bed Sm melters FBFFM,service_request,,,CIMS.CAN.BC.Industrial Minerals.Pumping,tech_multi_generic,GJ,0.00048,0.00048,0.00048,0.00048,0.00048,0.00048,0.00048,0.00048,0.00048,0.00048,0.00048,
CIMS.CAN.BC.Industrial Minerals.Products.Glass.Blown Pressed.Furnaces,Service,BC,Industrial Minerals,Furnaces,Fluidized bed Sm melters FBFFM,service_request,,,CIMS.CAN.BC.Industrial Minerals.Direct Drive,tech_multi_generic,GJ,0.06819,0.06819,0.06819,0.06819,0.06819,0.06819,0.06819,0.06819,0.06819,0.06819,0.06819,
CIMS.CAN.BC.Industrial Minerals.Products.Glass.Blown Pressed.Furnaces,Service,BC,Industrial Minerals,Furnaces,Fluidized Bed Electric Melters FBEM,technology,,,,,,,,,,,,,,,,,
CIMS.CAN.BC.Industrial Minerals.Products.Glass.Blown Pressed.Furnaces,Service,BC,Industrial Minerals,Furnaces,Fluidized Bed Electric Melters FBEM,available,,,,tech_data_generic,Year,1985,1985,1985,1985,1985,1985,1985,1985,1985,1985,1985,
CIMS.CAN.BC.Industrial Minerals.Products.Glass.Blown Pressed.Furnaces,Service,BC,Industrial Minerals,Furnaces,Fluidized Bed Electric Melters FBEM,unavailable,,,,tech_data_generic,Year,2101,2101,2101,2101,2101,2101,2101,2101,2101,2101,2101,
CIMS.CAN.BC.Industrial Minerals.Products.Glass.Blown Pressed.Furnaces,Service,BC,Industrial Minerals,Furnaces,Fluidized Bed Electric Melters FBEM,lifetime,,,,tech_data_generic,Years,20,20,20,20,20,20,20,20,20,20,20,
CIMS.CAN.BC.Industrial Minerals.Products.Glass.Blown Pressed.Furnaces,Service,BC,Industrial Minerals,Furnaces,Fluidized Bed Electric Melters FBEM,market_share_total,,,,tech_data_region,%,0,,,,,,,,,,,
CIMS.CAN.BC.Industrial Minerals.Products.Glass.Blown Pressed.Furnaces,Service,BC,Industrial Minerals,Furnaces,Fluidized Bed Electric Melters FBEM,output,,,,tech_data_generic,node unit,69750,69750,69750,69750,69750,69750,69750,69750,69750,69750,69750,
CIMS.CAN.BC.Industrial Minerals.Products.Glass.Blown Pressed.Furnaces,Service,BC,Industrial Minerals,Furnaces,Fluidized Bed Electric Melters FBEM,fcc,,,,tech_data_generic,$,17218723.1660403,17218723.1660403,17218723.1660403,17218723.1660403,17218723.1660403,17218723.1660403,17218723.1660403,17218723.1660403,17218723.1660403,17218723.1660403,17218723.1660403,
CIMS.CAN.BC.Industrial Minerals.Products.Glass.Blown Pressed.Furnaces,Service,BC,Industrial Minerals,Furnaces,Fluidized Bed Electric Melters FBEM,fom,,,,tech_data_generic,$,656720.406831309,656720.406831309,656720.406831309,656720.406831309,656720.406831309,656720.406831309,656720.406831309,656720.406831309,656720.406831309,656720.406831309,656720.406831309,
CIMS.CAN.BC.Industrial Minerals.Products.Glass.Blown Pressed.Furnaces,Service,BC,Industrial Minerals,Furnaces,Fluidized Bed Electric Melters FBEM,service_request,,,CIMS.CAN.BC.Electricity,tech_multi_generic,GJ,3.319,3.319,3.319,3.319,3.319,3.319,3.319,3.319,3.319,3.319,3.319,
CIMS.CAN.BC.Industrial Minerals.Products.Glass.Blown Pressed.Furnaces,Service,BC,Industrial Minerals,Furnaces,Fluidized Bed Electric Melters FBEM,service_request,,,CIMS.CAN.BC.Industrial Minerals.Ventilation,tech_multi_generic,GJ,0.00078,0.00078,0.00078,0.00078,0.00078,0.00078,0.00078,0.00078,0.00078,0.00078,0.00078,
CIMS.CAN.BC.Industrial Minerals.Products.Glass.Blown Pressed.Furnaces,Service,BC,Industrial Minerals,Furnaces,Fluidized Bed Electric Melters FBEM,service_request,,,CIMS.CAN.BC.Industrial Minerals.Conveyance,tech_multi_generic,GJ,0.05857,0.05857,0.05857,0.05857,0.05857,0.05857,0.05857,0.05857,0.05857,0.05857,0.05857,
CIMS.CAN.BC.Industrial Minerals.Products.Glass.Blown Pressed.Furnaces,Service,BC,Industrial Minerals,Furnaces,Fluidized Bed Electric Melters FBEM,service_request,,,CIMS.CAN.BC.Industrial Minerals.Compression,tech_multi_generic,GJ,0.00127,0.00127,0.00127,0.00127,0.00127,0.00127,0.00127,0.00127,0.00127,0.00127,0.00127,
CIMS.CAN.BC.Industrial Minerals.Products.Glass.Blown Pressed.Furnaces,Service,BC,Industrial Minerals,Furnaces,Fluidized Bed Electric Melters FBEM,service_request,,,CIMS.CAN.BC.Industrial Minerals.Pumping,tech_multi_generic,GJ,0.00048,0.00048,0.00048,0.00048,0.00048,0.00048,0.00048,0.00048,0.00048,0.00048,0.00048,
CIMS.CAN.BC.Industrial Minerals.Products.Glass.Blown Pressed.Furnaces,Service,BC,Industrial Minerals,Furnaces,Fluidized Bed Electric Melters FBEM,service_request,,,CIMS.CAN.BC.Industrial Minerals.Direct Drive,tech_multi_generic,GJ,0.06819,0.06819,0.06819,0.06819,0.06819,0.06819,0.06819,0.06819,0.06819,0.06819,0.06819,
CIMS.CAN.BC.Industrial Minerals.Products.Glass.Blown Pressed.Furnaces,Service,BC,Industrial Minerals,Furnaces,Advanced glass melters AGM,technology,,,,,,,,,,,,,,,,,
CIMS.CAN.BC.Industrial Minerals.Products.Glass.Blown Pressed.Furnaces,Service,BC,Industrial Minerals,Furnaces,Advanced glass melters AGM,available,,,,tech_data_generic,Year,1990,1990,1990,1990,1990,1990,1990,1990,1990,1990,1990,
CIMS.CAN.BC.Industrial Minerals.Products.Glass.Blown Pressed.Furnaces,Service,BC,Industrial Minerals,Furnaces,Advanced glass melters AGM,unavailable,,,,tech_data_generic,Year,2101,2101,2101,2101,2101,2101,2101,2101,2101,2101,2101,
CIMS.CAN.BC.Industrial Minerals.Products.Glass.Blown Pressed.Furnaces,Service,BC,Industrial Minerals,Furnaces,Advanced glass melters AGM,lifetime,,,,tech_data_generic,Years,20,20,20,20,20,20,20,20,20,20,20,
CIMS.CAN.BC.Industrial Minerals.Products.Glass.Blown Pressed.Furnaces,Service,BC,Industrial Minerals,Furnaces,Advanced glass melters AGM,market_share_total,,,,tech_data_region,%,0,,,,,,,,,,,
CIMS.CAN.BC.Industrial Minerals.Products.Glass.Blown Pressed.Furnaces,Service,BC,Industrial Minerals,Furnaces,Advanced glass melters AGM,output,,,,tech_data_generic,node unit,86250,86250,86250,86250,86250,86250,86250,86250,86250,86250,86250,
CIMS.CAN.BC.Industrial Minerals.Products.Glass.Blown Pressed.Furnaces,Service,BC,Industrial Minerals,Furnaces,Advanced glass melters AGM,fcc,,,,tech_data_generic,$,21125290.1584861,21125290.1584861,21125290.1584861,21125290.1584861,21125290.1584861,21125290.1584861,21125290.1584861,21125290.1584861,21125290.1584861,21125290.1584861,21125290.1584861,
CIMS.CAN.BC.Industrial Minerals.Products.Glass.Blown Pressed.Furnaces,Service,BC,Industrial Minerals,Furnaces,Advanced glass melters AGM,fom,,,,tech_data_generic,$,799769.380325398,799769.380325398,799769.380325398,799769.380325398,799769.380325398,799769.380325398,799769.380325398,799769.380325398,799769.380325398,799769.380325398,799769.380325398,
CIMS.CAN.BC.Industrial Minerals.Products.Glass.Blown Pressed.Furnaces,Service,BC,Industrial Minerals,Furnaces,Advanced glass melters AGM,service_request,,,CIMS.CAN.BC.Industrial Minerals.Methane Blend,tech_multi_generic,GJ,3.486,3.486,3.486,3.486,3.486,3.486,3.486,3.486,3.486,3.486,3.486,
CIMS.CAN.BC.Industrial Minerals.Products.Glass.Blown Pressed.Furnaces,Service,BC,Industrial Minerals,Furnaces,Advanced glass melters AGM,service_request,,,CIMS.CAN.BC.Industrial Minerals.Ventilation,tech_multi_generic,GJ,0.00047,0.00047,0.00047,0.00047,0.00047,0.00047,0.00047,0.00047,0.00047,0.00047,0.00047,
CIMS.CAN.BC.Industrial Minerals.Products.Glass.Blown Pressed.Furnaces,Service,BC,Industrial Minerals,Furnaces,Advanced glass melters AGM,service_request,,,CIMS.CAN.BC.Industrial Minerals.Conveyance,tech_multi_generic,GJ,0.04832,0.04832,0.04832,0.04832,0.04832,0.04832,0.04832,0.04832,0.04832,0.04832,0.04832,
CIMS.CAN.BC.Industrial Minerals.Products.Glass.Blown Pressed.Furnaces,Service,BC,Industrial Minerals,Furnaces,Advanced glass melters AGM,service_request,,,CIMS.CAN.BC.Industrial Minerals.Compression,tech_multi_generic,GJ,0.00076,0.00076,0.00076,0.00076,0.00076,0.00076,0.00076,0.00076,0.00076,0.00076,0.00076,
CIMS.CAN.BC.Industrial Minerals.Products.Glass.Blown Pressed.Furnaces,Service,BC,Industrial Minerals,Furnaces,Advanced glass melters AGM,service_request,,,CIMS.CAN.BC.Industrial Minerals.Pumping,tech_multi_generic,GJ,0.00029,0.00029,0.00029,0.00029,0.00029,0.00029,0.00029,0.00029,0.00029,0.00029,0.00029,
CIMS.CAN.BC.Industrial Minerals.Products.Glass.Blown Pressed.Furnaces,Service,BC,Industrial Minerals,Furnaces,Advanced glass melters AGM,service_request,,,CIMS.CAN.BC.Industrial Minerals.Direct Drive,tech_multi_generic,GJ,0.02728,0.02728,0.02728,0.02728,0.02728,0.02728,0.02728,0.02728,0.02728,0.02728,0.02728,
CIMS.CAN.BC.Industrial Minerals.Products.Glass.Blown Pressed.Form and Finish,Service,BC,Industrial Minerals,Form and Finish,,service_provide,,,,activity_data_generic,tonne,,,,,,,,,,,,
CIMS.CAN.BC.Industrial Minerals.Products.Glass.Blown Pressed.Form and Finish,Service,BC,Industrial Minerals,Form and Finish,,competition,Tech Compete,,,,,,,,,,,,,,,,
CIMS.CAN.BC.Industrial Minerals.Products.Glass.Blown Pressed.Form and Finish,Service,BC,Industrial Minerals,Form and Finish,,discount_rate_financial,,,,tech_data_generic,%,0.35,0.35,0.35,0.35,0.35,0.35,0.35,0.35,0.35,0.35,0.35,
CIMS.CAN.BC.Industrial Minerals.Products.Glass.Blown Pressed.Form and Finish,Service,BC,Industrial Minerals,Form and Finish,,heterogeneity,,,,tech_data_generic,,10,10,10,10,10,10,10,10,10,10,10,
CIMS.CAN.BC.Industrial Minerals.Products.Glass.Blown Pressed.Form and Finish,Service,BC,Industrial Minerals,Form and Finish,Sm melters FFM,technology,,,,,,,,,,,,,,,,,
CIMS.CAN.BC.Industrial Minerals.Products.Glass.Blown Pressed.Form and Finish,Service,BC,Industrial Minerals,Form and Finish,Sm melters FFM,available,,,,tech_data_generic,Year,1971,1971,1971,1971,1971,1971,1971,1971,1971,1971,1971,
CIMS.CAN.BC.Industrial Minerals.Products.Glass.Blown Pressed.Form and Finish,Service,BC,Industrial Minerals,Form and Finish,Sm melters FFM,unavailable,,,,tech_data_generic,Year,2101,2101,2101,2101,2101,2101,2101,2101,2101,2101,2101,
CIMS.CAN.BC.Industrial Minerals.Products.Glass.Blown Pressed.Form and Finish,Service,BC,Industrial Minerals,Form and Finish,Sm melters FFM,lifetime,,,,tech_data_generic,Years,20,20,20,20,20,20,20,20,20,20,20,
CIMS.CAN.BC.Industrial Minerals.Products.Glass.Blown Pressed.Form and Finish,Service,BC,Industrial Minerals,Form and Finish,Sm melters FFM,market_share_total,,,,tech_data_region,%,1,,,,,,,,,,,
CIMS.CAN.BC.Industrial Minerals.Products.Glass.Blown Pressed.Form and Finish,Service,BC,Industrial Minerals,Form and Finish,Sm melters FFM,output,,,,tech_data_generic,node unit,69750,69750,69750,69750,69750,69750,69750,69750,69750,69750,69750,
CIMS.CAN.BC.Industrial Minerals.Products.Glass.Blown Pressed.Form and Finish,Service,BC,Industrial Minerals,Form and Finish,Sm melters FFM,fcc,,,,tech_data_generic,$,3913346.31630177,3913346.31630177,3913346.31630177,3913346.31630177,3913346.31630177,3913346.31630177,3913346.31630177,3913346.31630177,3913346.31630177,3913346.31630177,3913346.31630177,
CIMS.CAN.BC.Industrial Minerals.Products.Glass.Blown Pressed.Form and Finish,Service,BC,Industrial Minerals,Form and Finish,Sm melters FFM,fom,,,,tech_data_generic,$,149254.620140994,149254.620140994,149254.620140994,149254.620140994,149254.620140994,149254.620140994,149254.620140994,149254.620140994,149254.620140994,149254.620140994,149254.620140994,
CIMS.CAN.BC.Industrial Minerals.Products.Glass.Blown Pressed.Form and Finish,Service,BC,Industrial Minerals,Form and Finish,Sm melters FFM,service_request,,,CIMS.CAN.BC.Industrial Minerals.Methane Blend,tech_multi_generic,GJ,2.64,2.64,2.64,2.64,2.64,2.64,2.64,2.64,2.64,2.64,2.64,
CIMS.CAN.BC.Industrial Minerals.Products.Glass.Blown Pressed.Form and Finish,Service,BC,Industrial Minerals,Form and Finish,Sm melters FFM,service_request,,,CIMS.CAN.BC.Industrial Minerals.Ventilation,tech_multi_generic,GJ,0.04571,0.04571,0.04571,0.04571,0.04571,0.04571,0.04571,0.04571,0.04571,0.04571,0.04571,
CIMS.CAN.BC.Industrial Minerals.Products.Glass.Blown Pressed.Form and Finish,Service,BC,Industrial Minerals,Form and Finish,Sm melters FFM,service_request,,,CIMS.CAN.BC.Industrial Minerals.Conveyance,tech_multi_generic,GJ,0.22643,0.22643,0.22643,0.22643,0.22643,0.22643,0.22643,0.22643,0.22643,0.22643,0.22643,
CIMS.CAN.BC.Industrial Minerals.Products.Glass.Blown Pressed.Form and Finish,Service,BC,Industrial Minerals,Form and Finish,Sm melters FFM,service_request,,,CIMS.CAN.BC.Industrial Minerals.Compression,tech_multi_generic,GJ,0.3174,0.3174,0.3174,0.3174,0.3174,0.3174,0.3174,0.3174,0.3174,0.3174,0.3174,
CIMS.CAN.BC.Industrial Minerals.Products.Glass.Blown Pressed.Form and Finish,Service,BC,Industrial Minerals,Form and Finish,Sm melters FFM,service_request,,,CIMS.CAN.BC.Industrial Minerals.Pumping,tech_multi_generic,GJ,0.00703,0.00703,0.00703,0.00703,0.00703,0.00703,0.00703,0.00703,0.00703,0.00703,0.00703,
CIMS.CAN.BC.Industrial Minerals.Products.Glass.Blown Pressed.Form and Finish,Service,BC,Industrial Minerals,Form and Finish,Emhart Type 540 forehearth ET,technology,,,,,,,,,,,,,,,,,
CIMS.CAN.BC.Industrial Minerals.Products.Glass.Blown Pressed.Form and Finish,Service,BC,Industrial Minerals,Form and Finish,Emhart Type 540 forehearth ET,available,,,,tech_data_generic,Year,1971,1971,1971,1971,1971,1971,1971,1971,1971,1971,1971,
CIMS.CAN.BC.Industrial Minerals.Products.Glass.Blown Pressed.Form and Finish,Service,BC,Industrial Minerals,Form and Finish,Emhart Type 540 forehearth ET,unavailable,,,,tech_data_generic,Year,2101,2101,2101,2101,2101,2101,2101,2101,2101,2101,2101,
CIMS.CAN.BC.Industrial Minerals.Products.Glass.Blown Pressed.Form and Finish,Service,BC,Industrial Minerals,Form and Finish,Emhart Type 540 forehearth ET,lifetime,,,,tech_data_generic,Years,20,20,20,20,20,20,20,20,20,20,20,
CIMS.CAN.BC.Industrial Minerals.Products.Glass.Blown Pressed.Form and Finish,Service,BC,Industrial Minerals,Form and Finish,Emhart Type 540 forehearth ET,market_share_total,,,,tech_data_region,%,0,,,,,,,,,,,
CIMS.CAN.BC.Industrial Minerals.Products.Glass.Blown Pressed.Form and Finish,Service,BC,Industrial Minerals,Form and Finish,Emhart Type 540 forehearth ET,output,,,,tech_data_generic,node unit,69750,69750,69750,69750,69750,69750,69750,69750,69750,69750,69750,
CIMS.CAN.BC.Industrial Minerals.Products.Glass.Blown Pressed.Form and Finish,Service,BC,Industrial Minerals,Form and Finish,Emhart Type 540 forehearth ET,fcc,,,,tech_data_generic,$,4696015.26671838,4696015.26671838,4696015.26671838,4696015.26671838,4696015.26671838,4696015.26671838,4696015.26671838,4696015.26671838,4696015.26671838,4696015.26671838,4696015.26671838,
CIMS.CAN.BC.Industrial Minerals.Products.Glass.Blown Pressed.Form and Finish,Service,BC,Industrial Minerals,Form and Finish,Emhart Type 540 forehearth ET,fom,,,,tech_data_generic,$,179105.387747322,179105.387747322,179105.387747322,179105.387747322,179105.387747322,179105.387747322,179105.387747322,179105.387747322,179105.387747322,179105.387747322,179105.387747322,
CIMS.CAN.BC.Industrial Minerals.Products.Glass.Blown Pressed.Form and Finish,Service,BC,Industrial Minerals,Form and Finish,Emhart Type 540 forehearth ET,service_request,,,CIMS.CAN.BC.Industrial Minerals.Methane Blend,tech_multi_generic,GJ,1.975,1.975,1.975,1.975,1.975,1.975,1.975,1.975,1.975,1.975,1.975,
CIMS.CAN.BC.Industrial Minerals.Products.Glass.Blown Pressed.Form and Finish,Service,BC,Industrial Minerals,Form and Finish,Emhart Type 540 forehearth ET,service_request,,,CIMS.CAN.BC.Industrial Minerals.Ventilation,tech_multi_generic,GJ,0.04114,0.04114,0.04114,0.04114,0.04114,0.04114,0.04114,0.04114,0.04114,0.04114,0.04114,
CIMS.CAN.BC.Industrial Minerals.Products.Glass.Blown Pressed.Form and Finish,Service,BC,Industrial Minerals,Form and Finish,Emhart Type 540 forehearth ET,service_request,,,CIMS.CAN.BC.Industrial Minerals.Conveyance,tech_multi_generic,GJ,0.20379,0.20379,0.20379,0.20379,0.20379,0.20379,0.20379,0.20379,0.20379,0.20379,0.20379,
CIMS.CAN.BC.Industrial Minerals.Products.Glass.Blown Pressed.Form and Finish,Service,BC,Industrial Minerals,Form and Finish,Emhart Type 540 forehearth ET,service_request,,,CIMS.CAN.BC.Industrial Minerals.Compression,tech_multi_generic,GJ,0.28566,0.28566,0.28566,0.28566,0.28566,0.28566,0.28566,0.28566,0.28566,0.28566,0.28566,
CIMS.CAN.BC.Industrial Minerals.Products.Glass.Blown Pressed.Form and Finish,Service,BC,Industrial Minerals,Form and Finish,Emhart Type 540 forehearth ET,service_request,,,CIMS.CAN.BC.Industrial Minerals.Pumping,tech_multi_generic,GJ,0.00633,0.00633,0.00633,0.00633,0.00633,0.00633,0.00633,0.00633,0.00633,0.00633,0.00633,
CIMS.CAN.BC.Industrial Minerals.Products.Glass.Blown Pressed.Form and Finish,Service,BC,Industrial Minerals,Form and Finish,Bh F high press gas fire BHF,technology,,,,,,,,,,,,,,,,,
CIMS.CAN.BC.Industrial Minerals.Products.Glass.Blown Pressed.Form and Finish,Service,BC,Industrial Minerals,Form and Finish,Bh F high press gas fire BHF,available,,,,tech_data_generic,Year,1971,1971,1971,1971,1971,1971,1971,1971,1971,1971,1971,
CIMS.CAN.BC.Industrial Minerals.Products.Glass.Blown Pressed.Form and Finish,Service,BC,Industrial Minerals,Form and Finish,Bh F high press gas fire BHF,unavailable,,,,tech_data_generic,Year,2101,2101,2101,2101,2101,2101,2101,2101,2101,2101,2101,
CIMS.CAN.BC.Industrial Minerals.Products.Glass.Blown Pressed.Form and Finish,Service,BC,Industrial Minerals,Form and Finish,Bh F high press gas fire BHF,lifetime,,,,tech_data_generic,Years,20,20,20,20,20,20,20,20,20,20,20,
CIMS.CAN.BC.Industrial Minerals.Products.Glass.Blown Pressed.Form and Finish,Service,BC,Industrial Minerals,Form and Finish,Bh F high press gas fire BHF,market_share_total,,,,tech_data_region,%,0,,,,,,,,,,,
CIMS.CAN.BC.Industrial Minerals.Products.Glass.Blown Pressed.Form and Finish,Service,BC,Industrial Minerals,Form and Finish,Bh F high press gas fire BHF,output,,,,tech_data_generic,node unit,69750,69750,69750,69750,69750,69750,69750,69750,69750,69750,69750,
CIMS.CAN.BC.Industrial Minerals.Products.Glass.Blown Pressed.Form and Finish,Service,BC,Industrial Minerals,Form and Finish,Bh F high press gas fire BHF,fcc,,,,tech_data_generic,$,4696015.26671838,4696015.26671838,4696015.26671838,4696015.26671838,4696015.26671838,4696015.26671838,4696015.26671838,4696015.26671838,4696015.26671838,4696015.26671838,4696015.26671838,
CIMS.CAN.BC.Industrial Minerals.Products.Glass.Blown Pressed.Form and Finish,Service,BC,Industrial Minerals,Form and Finish,Bh F high press gas fire BHF,fom,,,,tech_data_generic,$,179105.387747322,179105.387747322,179105.387747322,179105.387747322,179105.387747322,179105.387747322,179105.387747322,179105.387747322,179105.387747322,179105.387747322,179105.387747322,
CIMS.CAN.BC.Industrial Minerals.Products.Glass.Blown Pressed.Form and Finish,Service,BC,Industrial Minerals,Form and Finish,Bh F high press gas fire BHF,service_request,,,CIMS.CAN.BC.Industrial Minerals.Methane Blend,tech_multi_generic,GJ,2.139,2.139,2.139,2.139,2.139,2.139,2.139,2.139,2.139,2.139,2.139,
CIMS.CAN.BC.Industrial Minerals.Products.Glass.Blown Pressed.Form and Finish,Service,BC,Industrial Minerals,Form and Finish,Bh F high press gas fire BHF,service_request,,,CIMS.CAN.BC.Industrial Minerals.Ventilation,tech_multi_generic,GJ,0.04114,0.04114,0.04114,0.04114,0.04114,0.04114,0.04114,0.04114,0.04114,0.04114,0.04114,
CIMS.CAN.BC.Industrial Minerals.Products.Glass.Blown Pressed.Form and Finish,Service,BC,Industrial Minerals,Form and Finish,Bh F high press gas fire BHF,service_request,,,CIMS.CAN.BC.Industrial Minerals.Conveyance,tech_multi_generic,GJ,0.20379,0.20379,0.20379,0.20379,0.20379,0.20379,0.20379,0.20379,0.20379,0.20379,0.20379,
CIMS.CAN.BC.Industrial Minerals.Products.Glass.Blown Pressed.Form and Finish,Service,BC,Industrial Minerals,Form and Finish,Bh F high press gas fire BHF,service_request,,,CIMS.CAN.BC.Industrial Minerals.Compression,tech_multi_generic,GJ,0.28566,0.28566,0.28566,0.28566,0.28566,0.28566,0.28566,0.28566,0.28566,0.28566,0.28566,
CIMS.CAN.BC.Industrial Minerals.Products.Glass.Blown Pressed.Form and Finish,Service,BC,Industrial Minerals,Form and Finish,Bh F high press gas fire BHF,service_request,,,CIMS.CAN.BC.Industrial Minerals.Pumping,tech_multi_generic,GJ,0.00633,0.00633,0.00633,0.00633,0.00633,0.00633,0.00633,0.00633,0.00633,0.00633,0.00633,
CIMS.CAN.BC.Industrial Minerals.Products.Glass.Blown Pressed.Fire Polish,Service,BC,Industrial Minerals,Fire Polish,,service_provide,,,,activity_data_generic,tonne,,,,,,,,,,,,
CIMS.CAN.BC.Industrial Minerals.Products.Glass.Blown Pressed.Fire Polish,Service,BC,Industrial Minerals,Fire Polish,,competition,Tech Compete,,,,,,,,,,,,,,,,
CIMS.CAN.BC.Industrial Minerals.Products.Glass.Blown Pressed.Fire Polish,Service,BC,Industrial Minerals,Fire Polish,,discount_rate_financial,,,,tech_data_generic,%,0.35,0.35,0.35,0.35,0.35,0.35,0.35,0.35,0.35,0.35,0.35,
CIMS.CAN.BC.Industrial Minerals.Products.Glass.Blown Pressed.Fire Polish,Service,BC,Industrial Minerals,Fire Polish,,heterogeneity,,,,tech_data_generic,,10,10,10,10,10,10,10,10,10,10,10,
CIMS.CAN.BC.Industrial Minerals.Products.Glass.Blown Pressed.Fire Polish,Service,BC,Industrial Minerals,Fire Polish,Fire polishing of blown and pressed glass,technology,,,,,,,,,,,,,,,,,
CIMS.CAN.BC.Industrial Minerals.Products.Glass.Blown Pressed.Fire Polish,Service,BC,Industrial Minerals,Fire Polish,Fire polishing of blown and pressed glass,available,,,,tech_data_generic,Year,1970,1970,1970,1970,1970,1970,1970,1970,1970,1970,1970,
CIMS.CAN.BC.Industrial Minerals.Products.Glass.Blown Pressed.Fire Polish,Service,BC,Industrial Minerals,Fire Polish,Fire polishing of blown and pressed glass,unavailable,,,,tech_data_generic,Year,2101,2101,2101,2101,2101,2101,2101,2101,2101,2101,2101,
CIMS.CAN.BC.Industrial Minerals.Products.Glass.Blown Pressed.Fire Polish,Service,BC,Industrial Minerals,Fire Polish,Fire polishing of blown and pressed glass,lifetime,,,,tech_data_generic,Years,20,20,20,20,20,20,20,20,20,20,20,
CIMS.CAN.BC.Industrial Minerals.Products.Glass.Blown Pressed.Fire Polish,Service,BC,Industrial Minerals,Fire Polish,Fire polishing of blown and pressed glass,market_share_total,,,,tech_data_region,%,1,,,,,,,,,,,
CIMS.CAN.BC.Industrial Minerals.Products.Glass.Blown Pressed.Fire Polish,Service,BC,Industrial Minerals,Fire Polish,Fire polishing of blown and pressed glass,output,,,,tech_data_generic,node unit,69750,69750,69750,69750,69750,69750,69750,69750,69750,69750,69750,
CIMS.CAN.BC.Industrial Minerals.Products.Glass.Blown Pressed.Fire Polish,Service,BC,Industrial Minerals,Fire Polish,Fire polishing of blown and pressed glass,fcc,,,,tech_data_generic,$,6522243.73015139,6522243.73015139,6522243.73015139,6522243.73015139,6522243.73015139,6522243.73015139,6522243.73015139,6522243.73015139,6522243.73015139,6522243.73015139,6522243.73015139,
CIMS.CAN.BC.Industrial Minerals.Products.Glass.Blown Pressed.Fire Polish,Service,BC,Industrial Minerals,Fire Polish,Fire polishing of blown and pressed glass,fom,,,,tech_data_generic,$,248757.70023499,248757.70023499,248757.70023499,248757.70023499,248757.70023499,248757.70023499,248757.70023499,248757.70023499,248757.70023499,248757.70023499,248757.70023499,
CIMS.CAN.BC.Industrial Minerals.Products.Glass.Blown Pressed.Fire Polish,Service,BC,Industrial Minerals,Fire Polish,Fire polishing of blown and pressed glass,service_request,,,CIMS.CAN.BC.Industrial Minerals.Methane Blend,tech_multi_generic,GJ,1.162,1.162,1.162,1.162,1.162,1.162,1.162,1.162,1.162,1.162,1.162,
CIMS.CAN.BC.Industrial Minerals.Products.Glass.Blown Pressed.Fire Polish,Service,BC,Industrial Minerals,Fire Polish,Fire polishing of blown and pressed glass,service_request,,,CIMS.CAN.BC.Industrial Minerals.Compression,tech_multi_generic,GJ,0.00085,0.00085,0.00085,0.00085,0.00085,0.00085,0.00085,0.00085,0.00085,0.00085,0.00085,
CIMS.CAN.BC.Industrial Minerals.Products.Glass.Blown Pressed.Fire Polish,Service,BC,Industrial Minerals,Fire Polish,Fire polishing of blown and pressed glass,service_request,,,CIMS.CAN.BC.Industrial Minerals.Ventilation,tech_multi_generic,GJ,0.00156,0.00156,0.00156,0.00156,0.00156,0.00156,0.00156,0.00156,0.00156,0.00156,0.00156,
CIMS.CAN.BC.Industrial Minerals.Products.Glass.Blown Pressed.Fire Polish,Service,BC,Industrial Minerals,Fire Polish,Fire polishing of blown and pressed glass,service_request,,,CIMS.CAN.BC.Industrial Minerals.Conveyance,tech_multi_generic,GJ,0.05271,0.05271,0.05271,0.05271,0.05271,0.05271,0.05271,0.05271,0.05271,0.05271,0.05271,
CIMS.CAN.BC.Industrial Minerals.Products.Glass.Fibreglass,Service,BC,Industrial Minerals,Fibreglass,,service_provide,,,,activity_data_generic,tonne,,,,,,,,,,,,
CIMS.CAN.BC.Industrial Minerals.Products.Glass.Fibreglass,Service,BC,Industrial Minerals,Fibreglass,,competition,Fixed Ratio,,,,,,,,,,,,,,,,
CIMS.CAN.BC.Industrial Minerals.Products.Glass.Fibreglass,Service,BC,Industrial Minerals,Fibreglass,,service_request,,,CIMS.CAN.BC.Industrial Minerals.Products.Glass.Fibreglass.Preparation,activity_data_region,tonne,1.3,1.3,1.3,1.3,1.3,1.3,1.3,1.3,1.3,1.3,1.3,
CIMS.CAN.BC.Industrial Minerals.Products.Glass.Fibreglass,Service,BC,Industrial Minerals,Fibreglass,,service_request,,,CIMS.CAN.BC.Industrial Minerals.Products.Glass.Fibreglass.Furnaces,activity_data_region,tonne,1.24,1.24,1.24,1.24,1.24,1.24,1.24,1.24,1.24,1.24,1.24,
CIMS.CAN.BC.Industrial Minerals.Products.Glass.Fibreglass,Service,BC,Industrial Minerals,Fibreglass,,service_request,,,CIMS.CAN.BC.Industrial Minerals.Products.Glass.Fibreglass.Form and Finish,activity_data_region,tonne,1.11,1.11,1.11,1.11,1.11,1.11,1.11,1.11,1.11,1.11,1.11,
CIMS.CAN.BC.Industrial Minerals.Products.Glass.Fibreglass,Service,BC,Industrial Minerals,Fibreglass,,service_request,,,CIMS.CAN.BC.Industrial Minerals.HVAC,activity_data_region,GJ,0.005,0.005,0.005,0.005,0.005,0.005,0.005,0.005,0.005,0.005,0.005,
CIMS.CAN.BC.Industrial Minerals.Products.Glass.Fibreglass,Service,BC,Industrial Minerals,Fibreglass,,service_request,,,CIMS.CAN.BC.Industrial Minerals.Lighting,activity_data_region,GJ,0.005,0.005,0.005,0.005,0.005,0.005,0.005,0.005,0.005,0.005,0.005,
CIMS.CAN.BC.Industrial Minerals.Products.Glass.Fibreglass.Preparation,Service,BC,Industrial Minerals,Preparation,,service_provide,,,,activity_data_generic,tonne,,,,,,,,,,,,
CIMS.CAN.BC.Industrial Minerals.Products.Glass.Fibreglass.Preparation,Service,BC,Industrial Minerals,Preparation,,competition,Tech Compete,,,,,,,,,,,,,,,,
CIMS.CAN.BC.Industrial Minerals.Products.Glass.Fibreglass.Preparation,Service,BC,Industrial Minerals,Preparation,,discount_rate_financial,,,,tech_data_generic,%,0.35,0.35,0.35,0.35,0.35,0.35,0.35,0.35,0.35,0.35,0.35,
CIMS.CAN.BC.Industrial Minerals.Products.Glass.Fibreglass.Preparation,Service,BC,Industrial Minerals,Preparation,,heterogeneity,,,,tech_data_generic,,10,10,10,10,10,10,10,10,10,10,10,
CIMS.CAN.BC.Industrial Minerals.Products.Glass.Fibreglass.Preparation,Service,BC,Industrial Minerals,Preparation,Base tech preparation PGL,technology,,,,,,,,,,,,,,,,,
CIMS.CAN.BC.Industrial Minerals.Products.Glass.Fibreglass.Preparation,Service,BC,Industrial Minerals,Preparation,Base tech preparation PGL,available,,,,tech_data_generic,Year,1970,1970,1970,1970,1970,1970,1970,1970,1970,1970,1970,
CIMS.CAN.BC.Industrial Minerals.Products.Glass.Fibreglass.Preparation,Service,BC,Industrial Minerals,Preparation,Base tech preparation PGL,unavailable,,,,tech_data_generic,Year,2101,2101,2101,2101,2101,2101,2101,2101,2101,2101,2101,
CIMS.CAN.BC.Industrial Minerals.Products.Glass.Fibreglass.Preparation,Service,BC,Industrial Minerals,Preparation,Base tech preparation PGL,lifetime,,,,tech_data_generic,Years,20,20,20,20,20,20,20,20,20,20,20,
CIMS.CAN.BC.Industrial Minerals.Products.Glass.Fibreglass.Preparation,Service,BC,Industrial Minerals,Preparation,Base tech preparation PGL,market_share_total,,,,tech_data_region,%,1,,,,,,,,,,,
CIMS.CAN.BC.Industrial Minerals.Products.Glass.Fibreglass.Preparation,Service,BC,Industrial Minerals,Preparation,Base tech preparation PGL,output,,,,tech_data_generic,node unit,26250,26250,26250,26250,26250,26250,26250,26250,26250,26250,26250,
CIMS.CAN.BC.Industrial Minerals.Products.Glass.Fibreglass.Preparation,Service,BC,Industrial Minerals,Preparation,Base tech preparation PGL,fcc,,,,tech_data_generic,$,978916.219868333,978916.219868333,978916.219868333,978916.219868333,978916.219868333,978916.219868333,978916.219868333,978916.219868333,978916.219868333,978916.219868333,978916.219868333,
CIMS.CAN.BC.Industrial Minerals.Products.Glass.Fibreglass.Preparation,Service,BC,Industrial Minerals,Preparation,Base tech preparation PGL,fom,,,,tech_data_generic,$,37447.3957342995,37447.3957342995,37447.3957342995,37447.3957342995,37447.3957342995,37447.3957342995,37447.3957342995,37447.3957342995,37447.3957342995,37447.3957342995,37447.3957342995,
CIMS.CAN.BC.Industrial Minerals.Products.Glass.Fibreglass.Preparation,Service,BC,Industrial Minerals,Preparation,Base tech preparation PGL,service_request,,,CIMS.CAN.BC.Industrial Minerals.Compression,tech_multi_generic,GJ,0.00292,0.00292,0.00292,0.00292,0.00292,0.00292,0.00292,0.00292,0.00292,0.00292,0.00292,
CIMS.CAN.BC.Industrial Minerals.Products.Glass.Fibreglass.Preparation,Service,BC,Industrial Minerals,Preparation,Base tech preparation PGL,service_request,,,CIMS.CAN.BC.Industrial Minerals.Ventilation,tech_multi_generic,GJ,0.0018,0.0018,0.0018,0.0018,0.0018,0.0018,0.0018,0.0018,0.0018,0.0018,0.0018,
CIMS.CAN.BC.Industrial Minerals.Products.Glass.Fibreglass.Preparation,Service,BC,Industrial Minerals,Preparation,Base tech preparation PGL,service_request,,,CIMS.CAN.BC.Industrial Minerals.Conveyance,tech_multi_generic,GJ,0.13471,0.13471,0.13471,0.13471,0.13471,0.13471,0.13471,0.13471,0.13471,0.13471,0.13471,
CIMS.CAN.BC.Industrial Minerals.Products.Glass.Fibreglass.Preparation,Service,BC,Industrial Minerals,Preparation,Base tech preparation PGL,service_request,,,CIMS.CAN.BC.Industrial Minerals.Pumping,tech_multi_generic,GJ,0.00111,0.00111,0.00111,0.00111,0.00111,0.00111,0.00111,0.00111,0.00111,0.00111,0.00111,
CIMS.CAN.BC.Industrial Minerals.Products.Glass.Fibreglass.Preparation,Service,BC,Industrial Minerals,Preparation,Base tech preparation PGL,service_request,,,CIMS.CAN.BC.Industrial Minerals.Direct Drive,tech_multi_generic,GJ,0.15684,0.15684,0.15684,0.15684,0.15684,0.15684,0.15684,0.15684,0.15684,0.15684,0.15684,
CIMS.CAN.BC.Industrial Minerals.Products.Glass.Fibreglass.Preparation,Service,BC,Industrial Minerals,Preparation,Preparation CPC,technology,,,,,,,,,,,,,,,,,
CIMS.CAN.BC.Industrial Minerals.Products.Glass.Fibreglass.Preparation,Service,BC,Industrial Minerals,Preparation,Preparation CPC,available,,,,tech_data_generic,Year,1970,1970,1970,1970,1970,1970,1970,1970,1970,1970,1970,
CIMS.CAN.BC.Industrial Minerals.Products.Glass.Fibreglass.Preparation,Service,BC,Industrial Minerals,Preparation,Preparation CPC,unavailable,,,,tech_data_generic,Year,2101,2101,2101,2101,2101,2101,2101,2101,2101,2101,2101,
CIMS.CAN.BC.Industrial Minerals.Products.Glass.Fibreglass.Preparation,Service,BC,Industrial Minerals,Preparation,Preparation CPC,lifetime,,,,tech_data_generic,Years,20,20,20,20,20,20,20,20,20,20,20,
CIMS.CAN.BC.Industrial Minerals.Products.Glass.Fibreglass.Preparation,Service,BC,Industrial Minerals,Preparation,Preparation CPC,market_share_total,,,,tech_data_region,%,0,,,,,,,,,,,
CIMS.CAN.BC.Industrial Minerals.Products.Glass.Fibreglass.Preparation,Service,BC,Industrial Minerals,Preparation,Preparation CPC,output,,,,tech_data_generic,node unit,26250,26250,26250,26250,26250,26250,26250,26250,26250,26250,26250,
CIMS.CAN.BC.Industrial Minerals.Products.Glass.Fibreglass.Preparation,Service,BC,Industrial Minerals,Preparation,Preparation CPC,fcc,,,,tech_data_generic,$,1174699.30742012,1174699.30742012,1174699.30742012,1174699.30742012,1174699.30742012,1174699.30742012,1174699.30742012,1174699.30742012,1174699.30742012,1174699.30742012,1174699.30742012,
CIMS.CAN.BC.Industrial Minerals.Products.Glass.Fibreglass.Preparation,Service,BC,Industrial Minerals,Preparation,Preparation CPC,fom,,,,tech_data_generic,$,44936.8748811595,44936.8748811595,44936.8748811595,44936.8748811595,44936.8748811595,44936.8748811595,44936.8748811595,44936.8748811595,44936.8748811595,44936.8748811595,44936.8748811595,
CIMS.CAN.BC.Industrial Minerals.Products.Glass.Fibreglass.Preparation,Service,BC,Industrial Minerals,Preparation,Preparation CPC,service_request,,,CIMS.CAN.BC.Industrial Minerals.Compression,tech_multi_generic,GJ,0.00263,0.00263,0.00263,0.00263,0.00263,0.00263,0.00263,0.00263,0.00263,0.00263,0.00263,
CIMS.CAN.BC.Industrial Minerals.Products.Glass.Fibreglass.Preparation,Service,BC,Industrial Minerals,Preparation,Preparation CPC,service_request,,,CIMS.CAN.BC.Industrial Minerals.Ventilation,tech_multi_generic,GJ,0.00162,0.00162,0.00162,0.00162,0.00162,0.00162,0.00162,0.00162,0.00162,0.00162,0.00162,
CIMS.CAN.BC.Industrial Minerals.Products.Glass.Fibreglass.Preparation,Service,BC,Industrial Minerals,Preparation,Preparation CPC,service_request,,,CIMS.CAN.BC.Industrial Minerals.Conveyance,tech_multi_generic,GJ,0.12124,0.12124,0.12124,0.12124,0.12124,0.12124,0.12124,0.12124,0.12124,0.12124,0.12124,
CIMS.CAN.BC.Industrial Minerals.Products.Glass.Fibreglass.Preparation,Service,BC,Industrial Minerals,Preparation,Preparation CPC,service_request,,,CIMS.CAN.BC.Industrial Minerals.Pumping,tech_multi_generic,GJ,0.001,0.001,0.001,0.001,0.001,0.001,0.001,0.001,0.001,0.001,0.001,
CIMS.CAN.BC.Industrial Minerals.Products.Glass.Fibreglass.Preparation,Service,BC,Industrial Minerals,Preparation,Preparation CPC,service_request,,,CIMS.CAN.BC.Industrial Minerals.Direct Drive,tech_multi_generic,GJ,0.14116,0.14116,0.14116,0.14116,0.14116,0.14116,0.14116,0.14116,0.14116,0.14116,0.14116,
CIMS.CAN.BC.Industrial Minerals.Products.Glass.Fibreglass.Furnaces,Service,BC,Industrial Minerals,Furnaces,,service_provide,,,,activity_data_generic,tonne,,,,,,,,,,,,
CIMS.CAN.BC.Industrial Minerals.Products.Glass.Fibreglass.Furnaces,Service,BC,Industrial Minerals,Furnaces,,competition,Tech Compete,,,,,,,,,,,,,,,,
CIMS.CAN.BC.Industrial Minerals.Products.Glass.Fibreglass.Furnaces,Service,BC,Industrial Minerals,Furnaces,,discount_rate_financial,,,,tech_data_generic,%,0.35,0.35,0.35,0.35,0.35,0.35,0.35,0.35,0.35,0.35,0.35,
CIMS.CAN.BC.Industrial Minerals.Products.Glass.Fibreglass.Furnaces,Service,BC,Industrial Minerals,Furnaces,,heterogeneity,,,,tech_data_generic,,10,10,10,10,10,10,10,10,10,10,10,
CIMS.CAN.BC.Industrial Minerals.Products.Glass.Fibreglass.Furnaces,Service,BC,Industrial Minerals,Furnaces,Bh F high press gas fire BHF,technology,,,,,,,,,,,,,,,,,
CIMS.CAN.BC.Industrial Minerals.Products.Glass.Fibreglass.Furnaces,Service,BC,Industrial Minerals,Furnaces,Bh F high press gas fire BHF,available,,,,tech_data_generic,Year,1970,1970,1970,1970,1970,1970,1970,1970,1970,1970,1970,
CIMS.CAN.BC.Industrial Minerals.Products.Glass.Fibreglass.Furnaces,Service,BC,Industrial Minerals,Furnaces,Bh F high press gas fire BHF,unavailable,,,,tech_data_generic,Year,2101,2101,2101,2101,2101,2101,2101,2101,2101,2101,2101,
CIMS.CAN.BC.Industrial Minerals.Products.Glass.Fibreglass.Furnaces,Service,BC,Industrial Minerals,Furnaces,Bh F high press gas fire BHF,lifetime,,,,tech_data_generic,Years,20,20,20,20,20,20,20,20,20,20,20,
CIMS.CAN.BC.Industrial Minerals.Products.Glass.Fibreglass.Furnaces,Service,BC,Industrial Minerals,Furnaces,Bh F high press gas fire BHF,market_share_total,,,,tech_data_region,%,0,,,,,,,,,,,
CIMS.CAN.BC.Industrial Minerals.Products.Glass.Fibreglass.Furnaces,Service,BC,Industrial Minerals,Furnaces,Bh F high press gas fire BHF,output,,,,tech_data_generic,node unit,26250,26250,26250,26250,26250,26250,26250,26250,26250,26250,26250,
CIMS.CAN.BC.Industrial Minerals.Products.Glass.Fibreglass.Furnaces,Service,BC,Industrial Minerals,Furnaces,Bh F high press gas fire BHF,fcc,,,,tech_data_generic,$,1762048.96113019,1762048.96113019,1762048.96113019,1762048.96113019,1762048.96113019,1762048.96113019,1762048.96113019,1762048.96113019,1762048.96113019,1762048.96113019,1762048.96113019,
CIMS.CAN.BC.Industrial Minerals.Products.Glass.Fibreglass.Furnaces,Service,BC,Industrial Minerals,Furnaces,Bh F high press gas fire BHF,fom,,,,tech_data_generic,$,67405.3123217392,67405.3123217392,67405.3123217392,67405.3123217392,67405.3123217392,67405.3123217392,67405.3123217392,67405.3123217392,67405.3123217392,67405.3123217392,67405.3123217392,
CIMS.CAN.BC.Industrial Minerals.Products.Glass.Fibreglass.Furnaces,Service,BC,Industrial Minerals,Furnaces,Bh F high press gas fire BHF,service_request,,,CIMS.CAN.BC.Industrial Minerals.Methane Blend,tech_multi_generic,GJ,2.316,2.316,2.316,2.316,2.316,2.316,2.316,2.316,2.316,2.316,2.316,
CIMS.CAN.BC.Industrial Minerals.Products.Glass.Fibreglass.Furnaces,Service,BC,Industrial Minerals,Furnaces,Bh F high press gas fire BHF,service_request,,,CIMS.CAN.BC.Industrial Minerals.Compression,tech_multi_generic,GJ,0.36094,0.36094,0.36094,0.36094,0.36094,0.36094,0.36094,0.36094,0.36094,0.36094,0.36094,
CIMS.CAN.BC.Industrial Minerals.Products.Glass.Fibreglass.Furnaces,Service,BC,Industrial Minerals,Furnaces,Bh F high press gas fire BHF,service_request,,,CIMS.CAN.BC.Industrial Minerals.Ventilation,tech_multi_generic,GJ,0.05741,0.05741,0.05741,0.05741,0.05741,0.05741,0.05741,0.05741,0.05741,0.05741,0.05741,
CIMS.CAN.BC.Industrial Minerals.Products.Glass.Fibreglass.Furnaces,Service,BC,Industrial Minerals,Furnaces,Bh F high press gas fire BHF,service_request,,,CIMS.CAN.BC.Industrial Minerals.Conveyance,tech_multi_generic,GJ,0.28009,0.28009,0.28009,0.28009,0.28009,0.28009,0.28009,0.28009,0.28009,0.28009,0.28009,
CIMS.CAN.BC.Industrial Minerals.Products.Glass.Fibreglass.Furnaces,Service,BC,Industrial Minerals,Furnaces,Bh F high press gas fire BHF,service_request,,,CIMS.CAN.BC.Industrial Minerals.Pumping,tech_multi_generic,GJ,0.00885,0.00885,0.00885,0.00885,0.00885,0.00885,0.00885,0.00885,0.00885,0.00885,0.00885,
CIMS.CAN.BC.Industrial Minerals.Products.Glass.Fibreglass.Furnaces,Service,BC,Industrial Minerals,Furnaces,Bh F high press gas fire BHF,service_request,,,CIMS.CAN.BC.Industrial Minerals.Direct Drive,tech_multi_generic,GJ,0.13846,0.13846,0.13846,0.13846,0.13846,0.13846,0.13846,0.13846,0.13846,0.13846,0.13846,
CIMS.CAN.BC.Industrial Minerals.Products.Glass.Fibreglass.Furnaces,Service,BC,Industrial Minerals,Furnaces,Sm melters FFM,technology,,,,,,,,,,,,,,,,,
CIMS.CAN.BC.Industrial Minerals.Products.Glass.Fibreglass.Furnaces,Service,BC,Industrial Minerals,Furnaces,Sm melters FFM,available,,,,tech_data_generic,Year,1970,1970,1970,1970,1970,1970,1970,1970,1970,1970,1970,
CIMS.CAN.BC.Industrial Minerals.Products.Glass.Fibreglass.Furnaces,Service,BC,Industrial Minerals,Furnaces,Sm melters FFM,unavailable,,,,tech_data_generic,Year,2101,2101,2101,2101,2101,2101,2101,2101,2101,2101,2101,
CIMS.CAN.BC.Industrial Minerals.Products.Glass.Fibreglass.Furnaces,Service,BC,Industrial Minerals,Furnaces,Sm melters FFM,lifetime,,,,tech_data_generic,Years,20,20,20,20,20,20,20,20,20,20,20,
CIMS.CAN.BC.Industrial Minerals.Products.Glass.Fibreglass.Furnaces,Service,BC,Industrial Minerals,Furnaces,Sm melters FFM,market_share_total,,,,tech_data_region,%,1,,,,,,,,,,,
CIMS.CAN.BC.Industrial Minerals.Products.Glass.Fibreglass.Furnaces,Service,BC,Industrial Minerals,Furnaces,Sm melters FFM,output,,,,tech_data_generic,node unit,26250,26250,26250,26250,26250,26250,26250,26250,26250,26250,26250,
CIMS.CAN.BC.Industrial Minerals.Products.Glass.Fibreglass.Furnaces,Service,BC,Industrial Minerals,Furnaces,Sm melters FFM,fcc,,,,tech_data_generic,$,4894580.70828699,4894580.70828699,4894580.70828699,4894580.70828699,4894580.70828699,4894580.70828699,4894580.70828699,4894580.70828699,4894580.70828699,4894580.70828699,4894580.70828699,
CIMS.CAN.BC.Industrial Minerals.Products.Glass.Fibreglass.Furnaces,Service,BC,Industrial Minerals,Furnaces,Sm melters FFM,fom,,,,tech_data_generic,$,187236.978671498,187236.978671498,187236.978671498,187236.978671498,187236.978671498,187236.978671498,187236.978671498,187236.978671498,187236.978671498,187236.978671498,187236.978671498,
CIMS.CAN.BC.Industrial Minerals.Products.Glass.Fibreglass.Furnaces,Service,BC,Industrial Minerals,Furnaces,Sm melters FFM,service_request,,,CIMS.CAN.BC.Industrial Minerals.Methane Blend,tech_multi_generic,GJ,9.761,9.761,9.761,9.761,9.761,9.761,9.761,9.761,9.761,9.761,9.761,
CIMS.CAN.BC.Industrial Minerals.Products.Glass.Fibreglass.Furnaces,Service,BC,Industrial Minerals,Furnaces,Sm melters FFM,service_request,,,CIMS.CAN.BC.Industrial Minerals.Compression,tech_multi_generic,GJ,0.00152,0.00152,0.00152,0.00152,0.00152,0.00152,0.00152,0.00152,0.00152,0.00152,0.00152,
CIMS.CAN.BC.Industrial Minerals.Products.Glass.Fibreglass.Furnaces,Service,BC,Industrial Minerals,Furnaces,Sm melters FFM,service_request,,,CIMS.CAN.BC.Industrial Minerals.Ventilation,tech_multi_generic,GJ,0.00094,0.00094,0.00094,0.00094,0.00094,0.00094,0.00094,0.00094,0.00094,0.00094,0.00094,
CIMS.CAN.BC.Industrial Minerals.Products.Glass.Fibreglass.Furnaces,Service,BC,Industrial Minerals,Furnaces,Sm melters FFM,service_request,,,CIMS.CAN.BC.Industrial Minerals.Conveyance,tech_multi_generic,GJ,0.07028,0.07028,0.07028,0.07028,0.07028,0.07028,0.07028,0.07028,0.07028,0.07028,0.07028,
CIMS.CAN.BC.Industrial Minerals.Products.Glass.Fibreglass.Furnaces,Service,BC,Industrial Minerals,Furnaces,Sm melters FFM,service_request,,,CIMS.CAN.BC.Industrial Minerals.Pumping,tech_multi_generic,GJ,0.00058,0.00058,0.00058,0.00058,0.00058,0.00058,0.00058,0.00058,0.00058,0.00058,0.00058,
CIMS.CAN.BC.Industrial Minerals.Products.Glass.Fibreglass.Furnaces,Service,BC,Industrial Minerals,Furnaces,Sm melters FFM,service_request,,,CIMS.CAN.BC.Industrial Minerals.Direct Drive,tech_multi_generic,GJ,0.08183,0.08183,0.08183,0.08183,0.08183,0.08183,0.08183,0.08183,0.08183,0.08183,0.08183,
CIMS.CAN.BC.Industrial Minerals.Products.Glass.Fibreglass.Furnaces,Service,BC,Industrial Minerals,Furnaces,Electric melters EM,technology,,,,,,,,,,,,,,,,,
CIMS.CAN.BC.Industrial Minerals.Products.Glass.Fibreglass.Furnaces,Service,BC,Industrial Minerals,Furnaces,Electric melters EM,available,,,,tech_data_generic,Year,1970,1970,1970,1970,1970,1970,1970,1970,1970,1970,1970,
CIMS.CAN.BC.Industrial Minerals.Products.Glass.Fibreglass.Furnaces,Service,BC,Industrial Minerals,Furnaces,Electric melters EM,unavailable,,,,tech_data_generic,Year,2101,2101,2101,2101,2101,2101,2101,2101,2101,2101,2101,
CIMS.CAN.BC.Industrial Minerals.Products.Glass.Fibreglass.Furnaces,Service,BC,Industrial Minerals,Furnaces,Electric melters EM,lifetime,,,,tech_data_generic,Years,20,20,20,20,20,20,20,20,20,20,20,
CIMS.CAN.BC.Industrial Minerals.Products.Glass.Fibreglass.Furnaces,Service,BC,Industrial Minerals,Furnaces,Electric melters EM,market_share_total,,,,tech_data_region,%,0,,,,,,,,,,,
CIMS.CAN.BC.Industrial Minerals.Products.Glass.Fibreglass.Furnaces,Service,BC,Industrial Minerals,Furnaces,Electric melters EM,output,,,,tech_data_generic,node unit,26250,26250,26250,26250,26250,26250,26250,26250,26250,26250,26250,
CIMS.CAN.BC.Industrial Minerals.Products.Glass.Fibreglass.Furnaces,Service,BC,Industrial Minerals,Furnaces,Electric melters EM,fcc,,,,tech_data_generic,$,5384038.42716648,5384038.42716648,5384038.42716648,5384038.42716648,5384038.42716648,5384038.42716648,5384038.42716648,5384038.42716648,5384038.42716648,5384038.42716648,5384038.42716648,
CIMS.CAN.BC.Industrial Minerals.Products.Glass.Fibreglass.Furnaces,Service,BC,Industrial Minerals,Furnaces,Electric melters EM,fom,,,,tech_data_generic,$,205960.676538647,205960.676538647,205960.676538647,205960.676538647,205960.676538647,205960.676538647,205960.676538647,205960.676538647,205960.676538647,205960.676538647,205960.676538647,
CIMS.CAN.BC.Industrial Minerals.Products.Glass.Fibreglass.Furnaces,Service,BC,Industrial Minerals,Furnaces,Electric melters EM,service_request,,,CIMS.CAN.BC.Electricity,tech_multi_generic,GJ,3.635,3.635,3.635,3.635,3.635,3.635,3.635,3.635,3.635,3.635,3.635,
CIMS.CAN.BC.Industrial Minerals.Products.Glass.Fibreglass.Furnaces,Service,BC,Industrial Minerals,Furnaces,Electric melters EM,service_request,,,CIMS.CAN.BC.Industrial Minerals.Compression,tech_multi_generic,GJ,0.00152,0.00152,0.00152,0.00152,0.00152,0.00152,0.00152,0.00152,0.00152,0.00152,0.00152,
CIMS.CAN.BC.Industrial Minerals.Products.Glass.Fibreglass.Furnaces,Service,BC,Industrial Minerals,Furnaces,Electric melters EM,service_request,,,CIMS.CAN.BC.Industrial Minerals.Ventilation,tech_multi_generic,GJ,0.00094,0.00094,0.00094,0.00094,0.00094,0.00094,0.00094,0.00094,0.00094,0.00094,0.00094,
CIMS.CAN.BC.Industrial Minerals.Products.Glass.Fibreglass.Furnaces,Service,BC,Industrial Minerals,Furnaces,Electric melters EM,service_request,,,CIMS.CAN.BC.Industrial Minerals.Conveyance,tech_multi_generic,GJ,0.07028,0.07028,0.07028,0.07028,0.07028,0.07028,0.07028,0.07028,0.07028,0.07028,0.07028,
CIMS.CAN.BC.Industrial Minerals.Products.Glass.Fibreglass.Furnaces,Service,BC,Industrial Minerals,Furnaces,Electric melters EM,service_request,,,CIMS.CAN.BC.Industrial Minerals.Pumping,tech_multi_generic,GJ,0.00058,0.00058,0.00058,0.00058,0.00058,0.00058,0.00058,0.00058,0.00058,0.00058,0.00058,
CIMS.CAN.BC.Industrial Minerals.Products.Glass.Fibreglass.Furnaces,Service,BC,Industrial Minerals,Furnaces,Electric melters EM,service_request,,,CIMS.CAN.BC.Industrial Minerals.Direct Drive,tech_multi_generic,GJ,0.08183,0.08183,0.08183,0.08183,0.08183,0.08183,0.08183,0.08183,0.08183,0.08183,0.08183,
CIMS.CAN.BC.Industrial Minerals.Products.Glass.Fibreglass.Furnaces,Service,BC,Industrial Minerals,Furnaces,Fluidized bed Sm melters FBFFM,technology,,,,,,,,,,,,,,,,,
CIMS.CAN.BC.Industrial Minerals.Products.Glass.Fibreglass.Furnaces,Service,BC,Industrial Minerals,Furnaces,Fluidized bed Sm melters FBFFM,available,,,,tech_data_generic,Year,1985,1985,1985,1985,1985,1985,1985,1985,1985,1985,1985,
CIMS.CAN.BC.Industrial Minerals.Products.Glass.Fibreglass.Furnaces,Service,BC,Industrial Minerals,Furnaces,Fluidized bed Sm melters FBFFM,unavailable,,,,tech_data_generic,Year,2101,2101,2101,2101,2101,2101,2101,2101,2101,2101,2101,
CIMS.CAN.BC.Industrial Minerals.Products.Glass.Fibreglass.Furnaces,Service,BC,Industrial Minerals,Furnaces,Fluidized bed Sm melters FBFFM,lifetime,,,,tech_data_generic,Years,20,20,20,20,20,20,20,20,20,20,20,
CIMS.CAN.BC.Industrial Minerals.Products.Glass.Fibreglass.Furnaces,Service,BC,Industrial Minerals,Furnaces,Fluidized bed Sm melters FBFFM,market_share_total,,,,tech_data_region,%,0,,,,,,,,,,,
CIMS.CAN.BC.Industrial Minerals.Products.Glass.Fibreglass.Furnaces,Service,BC,Industrial Minerals,Furnaces,Fluidized bed Sm melters FBFFM,output,,,,tech_data_generic,node unit,26250,26250,26250,26250,26250,26250,26250,26250,26250,26250,26250,
CIMS.CAN.BC.Industrial Minerals.Products.Glass.Fibreglass.Furnaces,Service,BC,Industrial Minerals,Furnaces,Fluidized bed Sm melters FBFFM,fcc,,,,tech_data_generic,$,5873496.53710064,5873496.53710064,5873496.53710064,5873496.53710064,5873496.53710064,5873496.53710064,5873496.53710064,5873496.53710064,5873496.53710064,5873496.53710064,5873496.53710064,
CIMS.CAN.BC.Industrial Minerals.Products.Glass.Fibreglass.Furnaces,Service,BC,Industrial Minerals,Furnaces,Fluidized bed Sm melters FBFFM,fom,,,,tech_data_generic,$,224684.374405797,224684.374405797,224684.374405797,224684.374405797,224684.374405797,224684.374405797,224684.374405797,224684.374405797,224684.374405797,224684.374405797,224684.374405797,
CIMS.CAN.BC.Industrial Minerals.Products.Glass.Fibreglass.Furnaces,Service,BC,Industrial Minerals,Furnaces,Fluidized bed Sm melters FBFFM,service_request,,,CIMS.CAN.BC.Industrial Minerals.Methane Blend,tech_multi_generic,GJ,7.553,7.553,7.553,7.553,7.553,7.553,7.553,7.553,7.553,7.553,7.553,
CIMS.CAN.BC.Industrial Minerals.Products.Glass.Fibreglass.Furnaces,Service,BC,Industrial Minerals,Furnaces,Fluidized bed Sm melters FBFFM,service_request,,,CIMS.CAN.BC.Industrial Minerals.Compression,tech_multi_generic,GJ,0.00127,0.00127,0.00127,0.00127,0.00127,0.00127,0.00127,0.00127,0.00127,0.00127,0.00127,
CIMS.CAN.BC.Industrial Minerals.Products.Glass.Fibreglass.Furnaces,Service,BC,Industrial Minerals,Furnaces,Fluidized bed Sm melters FBFFM,service_request,,,CIMS.CAN.BC.Industrial Minerals.Ventilation,tech_multi_generic,GJ,0.00078,0.00078,0.00078,0.00078,0.00078,0.00078,0.00078,0.00078,0.00078,0.00078,0.00078,
CIMS.CAN.BC.Industrial Minerals.Products.Glass.Fibreglass.Furnaces,Service,BC,Industrial Minerals,Furnaces,Fluidized bed Sm melters FBFFM,service_request,,,CIMS.CAN.BC.Industrial Minerals.Conveyance,tech_multi_generic,GJ,0.05857,0.05857,0.05857,0.05857,0.05857,0.05857,0.05857,0.05857,0.05857,0.05857,0.05857,
CIMS.CAN.BC.Industrial Minerals.Products.Glass.Fibreglass.Furnaces,Service,BC,Industrial Minerals,Furnaces,Fluidized bed Sm melters FBFFM,service_request,,,CIMS.CAN.BC.Industrial Minerals.Pumping,tech_multi_generic,GJ,0.00048,0.00048,0.00048,0.00048,0.00048,0.00048,0.00048,0.00048,0.00048,0.00048,0.00048,
CIMS.CAN.BC.Industrial Minerals.Products.Glass.Fibreglass.Furnaces,Service,BC,Industrial Minerals,Furnaces,Fluidized bed Sm melters FBFFM,service_request,,,CIMS.CAN.BC.Industrial Minerals.Direct Drive,tech_multi_generic,GJ,0.06819,0.06819,0.06819,0.06819,0.06819,0.06819,0.06819,0.06819,0.06819,0.06819,0.06819,
CIMS.CAN.BC.Industrial Minerals.Products.Glass.Fibreglass.Form and Finish,Service,BC,Industrial Minerals,Form and Finish,,service_provide,,,,activity_data_generic,tonne,,,,,,,,,,,,
CIMS.CAN.BC.Industrial Minerals.Products.Glass.Fibreglass.Form and Finish,Service,BC,Industrial Minerals,Form and Finish,,competition,Tech Compete,,,,,,,,,,,,,,,,
CIMS.CAN.BC.Industrial Minerals.Products.Glass.Fibreglass.Form and Finish,Service,BC,Industrial Minerals,Form and Finish,,discount_rate_financial,,,,tech_data_generic,%,0.35,0.35,0.35,0.35,0.35,0.35,0.35,0.35,0.35,0.35,0.35,
CIMS.CAN.BC.Industrial Minerals.Products.Glass.Fibreglass.Form and Finish,Service,BC,Industrial Minerals,Form and Finish,,heterogeneity,,,,tech_data_generic,,10,10,10,10,10,10,10,10,10,10,10,
CIMS.CAN.BC.Industrial Minerals.Products.Glass.Fibreglass.Form and Finish,Service,BC,Industrial Minerals,Form and Finish,Base tech form anneal FGL,technology,,,,,,,,,,,,,,,,,
CIMS.CAN.BC.Industrial Minerals.Products.Glass.Fibreglass.Form and Finish,Service,BC,Industrial Minerals,Form and Finish,Base tech form anneal FGL,available,,,,tech_data_generic,Year,1970,1970,1970,1970,1970,1970,1970,1970,1970,1970,1970,
CIMS.CAN.BC.Industrial Minerals.Products.Glass.Fibreglass.Form and Finish,Service,BC,Industrial Minerals,Form and Finish,Base tech form anneal FGL,unavailable,,,,tech_data_generic,Year,2101,2101,2101,2101,2101,2101,2101,2101,2101,2101,2101,
CIMS.CAN.BC.Industrial Minerals.Products.Glass.Fibreglass.Form and Finish,Service,BC,Industrial Minerals,Form and Finish,Base tech form anneal FGL,lifetime,,,,tech_data_generic,Years,20,20,20,20,20,20,20,20,20,20,20,
CIMS.CAN.BC.Industrial Minerals.Products.Glass.Fibreglass.Form and Finish,Service,BC,Industrial Minerals,Form and Finish,Base tech form anneal FGL,market_share_total,,,,tech_data_region,%,1,,,,,,,,,,,
CIMS.CAN.BC.Industrial Minerals.Products.Glass.Fibreglass.Form and Finish,Service,BC,Industrial Minerals,Form and Finish,Base tech form anneal FGL,output,,,,tech_data_generic,node unit,26250,26250,26250,26250,26250,26250,26250,26250,26250,26250,26250,
CIMS.CAN.BC.Industrial Minerals.Products.Glass.Fibreglass.Form and Finish,Service,BC,Industrial Minerals,Form and Finish,Base tech form anneal FGL,fcc,,,,tech_data_generic,$,1468374.3298025,1468374.3298025,1468374.3298025,1468374.3298025,1468374.3298025,1468374.3298025,1468374.3298025,1468374.3298025,1468374.3298025,1468374.3298025,1468374.3298025,
CIMS.CAN.BC.Industrial Minerals.Products.Glass.Fibreglass.Form and Finish,Service,BC,Industrial Minerals,Form and Finish,Base tech form anneal FGL,fom,,,,tech_data_generic,$,56171.0936014494,56171.0936014494,56171.0936014494,56171.0936014494,56171.0936014494,56171.0936014494,56171.0936014494,56171.0936014494,56171.0936014494,56171.0936014494,56171.0936014494,
CIMS.CAN.BC.Industrial Minerals.Products.Glass.Fibreglass.Form and Finish,Service,BC,Industrial Minerals,Form and Finish,Base tech form anneal FGL,service_request,,,CIMS.CAN.BC.Industrial Minerals.Methane Blend,tech_multi_generic,GJ,2.861,2.861,2.861,2.861,2.861,2.861,2.861,2.861,2.861,2.861,2.861,
CIMS.CAN.BC.Industrial Minerals.Products.Glass.Fibreglass.Form and Finish,Service,BC,Industrial Minerals,Form and Finish,Base tech form anneal FGL,service_request,,,CIMS.CAN.BC.Industrial Minerals.Compression,tech_multi_generic,GJ,0.40105,0.40105,0.40105,0.40105,0.40105,0.40105,0.40105,0.40105,0.40105,0.40105,0.40105,
CIMS.CAN.BC.Industrial Minerals.Products.Glass.Fibreglass.Form and Finish,Service,BC,Industrial Minerals,Form and Finish,Base tech form anneal FGL,service_request,,,CIMS.CAN.BC.Industrial Minerals.Ventilation,tech_multi_generic,GJ,0.06379,0.06379,0.06379,0.06379,0.06379,0.06379,0.06379,0.06379,0.06379,0.06379,0.06379,
CIMS.CAN.BC.Industrial Minerals.Products.Glass.Fibreglass.Form and Finish,Service,BC,Industrial Minerals,Form and Finish,Base tech form anneal FGL,service_request,,,CIMS.CAN.BC.Industrial Minerals.Conveyance,tech_multi_generic,GJ,0.31122,0.31122,0.31122,0.31122,0.31122,0.31122,0.31122,0.31122,0.31122,0.31122,0.31122,
CIMS.CAN.BC.Industrial Minerals.Products.Glass.Fibreglass.Form and Finish,Service,BC,Industrial Minerals,Form and Finish,Base tech form anneal FGL,service_request,,,CIMS.CAN.BC.Industrial Minerals.Pumping,tech_multi_generic,GJ,0.00984,0.00984,0.00984,0.00984,0.00984,0.00984,0.00984,0.00984,0.00984,0.00984,0.00984,
CIMS.CAN.BC.Industrial Minerals.Products.Glass.Fibreglass.Form and Finish,Service,BC,Industrial Minerals,Form and Finish,Base tech form anneal FGL,service_request,,,CIMS.CAN.BC.Industrial Minerals.Direct Drive,tech_multi_generic,GJ,0.15384,0.15384,0.15384,0.15384,0.15384,0.15384,0.15384,0.15384,0.15384,0.15384,0.15384,
CIMS.CAN.BC.Industrial Minerals.Products.Bricks,Service,BC,Industrial Minerals,Bricks,,service_provide,,,,activity_data_generic,tonne,,,,,,,,,,,,
CIMS.CAN.BC.Industrial Minerals.Products.Bricks,Service,BC,Industrial Minerals,Bricks,,competition,Fixed Ratio,,,,,,,,,,,,,,,,
CIMS.CAN.BC.Industrial Minerals.Products.Bricks,Service,BC,Industrial Minerals,Bricks,,service_request,,,CIMS.CAN.BC.Industrial Minerals.Products.Bricks.Process,activity_data_region,tonne,1,1,1,1,1,1,1,1,1,1,1,
CIMS.CAN.BC.Industrial Minerals.Products.Bricks,Service,BC,Industrial Minerals,Bricks,,service_request,,,CIMS.CAN.BC.Industrial Minerals.HVAC,activity_data_region,GJ,0.005,0.005,0.005,0.005,0.005,0.005,0.005,0.005,0.005,0.005,0.005,
CIMS.CAN.BC.Industrial Minerals.Products.Bricks,Service,BC,Industrial Minerals,Bricks,,service_request,,,CIMS.CAN.BC.Industrial Minerals.Lighting,activity_data_region,GJ,0.005,0.005,0.005,0.005,0.005,0.005,0.005,0.005,0.005,0.005,0.005,
CIMS.CAN.BC.Industrial Minerals.Products.Bricks.Process,Service,BC,Industrial Minerals,Process,,service_provide,,,,activity_data_generic,tonne,,,,,,,,,,,,
CIMS.CAN.BC.Industrial Minerals.Products.Bricks.Process,Service,BC,Industrial Minerals,Process,,competition,Tech Compete,,,,,,,,,,,,,,,,
CIMS.CAN.BC.Industrial Minerals.Products.Bricks.Process,Service,BC,Industrial Minerals,Process,,discount_rate_financial,,,,tech_data_generic,%,0.35,0.35,0.35,0.35,0.35,0.35,0.35,0.35,0.35,0.35,0.35,
CIMS.CAN.BC.Industrial Minerals.Products.Bricks.Process,Service,BC,Industrial Minerals,Process,,heterogeneity,,,,tech_data_generic,,10,10,10,10,10,10,10,10,10,10,10,
CIMS.CAN.BC.Industrial Minerals.Products.Bricks.Process,Service,BC,Industrial Minerals,Process,Tunnel brick kiln NG,technology,,,,,,,,,,,,,,,,,
CIMS.CAN.BC.Industrial Minerals.Products.Bricks.Process,Service,BC,Industrial Minerals,Process,Tunnel brick kiln NG,available,,,,tech_data_generic,Year,1950,1950,1950,1950,1950,1950,1950,1950,1950,1950,1950,
CIMS.CAN.BC.Industrial Minerals.Products.Bricks.Process,Service,BC,Industrial Minerals,Process,Tunnel brick kiln NG,unavailable,,,,tech_data_generic,Year,2101,2101,2101,2101,2101,2101,2101,2101,2101,2101,2101,
CIMS.CAN.BC.Industrial Minerals.Products.Bricks.Process,Service,BC,Industrial Minerals,Process,Tunnel brick kiln NG,lifetime,,,,tech_data_generic,Years,30,30,30,30,30,30,30,30,30,30,30,
CIMS.CAN.BC.Industrial Minerals.Products.Bricks.Process,Service,BC,Industrial Minerals,Process,Tunnel brick kiln NG,market_share_total,,,,tech_data_region,%,1,,,,,,,,,,,
CIMS.CAN.BC.Industrial Minerals.Products.Bricks.Process,Service,BC,Industrial Minerals,Process,Tunnel brick kiln NG,output,,,,tech_data_generic,node unit,32760,32760,32760,32760,32760,32760,32760,32760,32760,32760,32760,
CIMS.CAN.BC.Industrial Minerals.Products.Bricks.Process,Service,BC,Industrial Minerals,Process,Tunnel brick kiln NG,fcc,,,,tech_data_generic,$,6157990.03368145,6157990.03368145,6157990.03368145,6157990.03368145,6157990.03368145,6157990.03368145,6157990.03368145,6157990.03368145,6157990.03368145,6157990.03368145,6157990.03368145,
CIMS.CAN.BC.Industrial Minerals.Products.Bricks.Process,Service,BC,Industrial Minerals,Process,Tunnel brick kiln NG,fom,,,,tech_data_generic,$,890873.544518987,890873.544518987,890873.544518987,890873.544518987,890873.544518987,890873.544518987,890873.544518987,890873.544518987,890873.544518987,890873.544518987,890873.544518987,
CIMS.CAN.BC.Industrial Minerals.Products.Bricks.Process,Service,BC,Industrial Minerals,Process,Tunnel brick kiln NG,service_request,,,CIMS.CAN.BC.Industrial Minerals.Methane Blend,tech_multi_generic,GJ,2.4,2.4,2.4,2.4,2.4,2.4,2.4,2.4,2.4,2.4,2.4,
CIMS.CAN.BC.Industrial Minerals.Products.Bricks.Process,Service,BC,Industrial Minerals,Process,Tunnel brick kiln NG,service_request,,,CIMS.CAN.BC.Industrial Minerals.Conveyance,tech_multi_generic,GJ,0.0372,0.0372,0.0372,0.0372,0.0372,0.0372,0.0372,0.0372,0.0372,0.0372,0.0372,
CIMS.CAN.BC.Industrial Minerals.Products.Bricks.Process,Service,BC,Industrial Minerals,Process,Tunnel brick kiln NG,service_request,,,CIMS.CAN.BC.Industrial Minerals.Pumping,tech_multi_generic,GJ,0.0003,0.0003,0.0003,0.0003,0.0003,0.0003,0.0003,0.0003,0.0003,0.0003,0.0003,
CIMS.CAN.BC.Industrial Minerals.Products.Bricks.Process,Service,BC,Industrial Minerals,Process,Tunnel brick kiln NG,service_request,,,CIMS.CAN.BC.Industrial Minerals.Direct Drive,tech_multi_generic,GJ,0.05634,0.05634,0.05634,0.05634,0.05634,0.05634,0.05634,0.05634,0.05634,0.05634,0.05634,
CIMS.CAN.BC.Industrial Minerals.Products.Bricks.Process,Service,BC,Industrial Minerals,Process,Tunnel brick kiln NG,service_request,,,CIMS.CAN.BC.Industrial Minerals.Ventilation,tech_multi_generic,GJ,0.00145,0.00145,0.00145,0.00145,0.00145,0.00145,0.00145,0.00145,0.00145,0.00145,0.00145,
CIMS.CAN.BC.Industrial Minerals.Products.Bricks.Process,Service,BC,Industrial Minerals,Process,Tunnel brick kiln residual oil,technology,,,,,,,,,,,,,,,,,
CIMS.CAN.BC.Industrial Minerals.Products.Bricks.Process,Service,BC,Industrial Minerals,Process,Tunnel brick kiln residual oil,available,,,,tech_data_generic,Year,1950,1950,1950,1950,1950,1950,1950,1950,1950,1950,1950,
CIMS.CAN.BC.Industrial Minerals.Products.Bricks.Process,Service,BC,Industrial Minerals,Process,Tunnel brick kiln residual oil,unavailable,,,,tech_data_generic,Year,2101,2101,2101,2101,2101,2101,2101,2101,2101,2101,2101,
CIMS.CAN.BC.Industrial Minerals.Products.Bricks.Process,Service,BC,Industrial Minerals,Process,Tunnel brick kiln residual oil,lifetime,,,,tech_data_generic,Years,30,30,30,30,30,30,30,30,30,30,30,
CIMS.CAN.BC.Industrial Minerals.Products.Bricks.Process,Service,BC,Industrial Minerals,Process,Tunnel brick kiln residual oil,market_share_total,,,,tech_data_region,%,0,,,,,,,,,,,
CIMS.CAN.BC.Industrial Minerals.Products.Bricks.Process,Service,BC,Industrial Minerals,Process,Tunnel brick kiln residual oil,output,,,,tech_data_generic,node unit,32760,32760,32760,32760,32760,32760,32760,32760,32760,32760,32760,
CIMS.CAN.BC.Industrial Minerals.Products.Bricks.Process,Service,BC,Industrial Minerals,Process,Tunnel brick kiln residual oil,fcc,,,,tech_data_generic,$,6157990.03368145,6157990.03368145,6157990.03368145,6157990.03368145,6157990.03368145,6157990.03368145,6157990.03368145,6157990.03368145,6157990.03368145,6157990.03368145,6157990.03368145,
CIMS.CAN.BC.Industrial Minerals.Products.Bricks.Process,Service,BC,Industrial Minerals,Process,Tunnel brick kiln residual oil,fom,,,,tech_data_generic,$,890873.544518987,890873.544518987,890873.544518987,890873.544518987,890873.544518987,890873.544518987,890873.544518987,890873.544518987,890873.544518987,890873.544518987,890873.544518987,
CIMS.CAN.BC.Industrial Minerals.Products.Bricks.Process,Service,BC,Industrial Minerals,Process,Tunnel brick kiln residual oil,service_request,,,CIMS.Generic Fuels.Fuel Oil,tech_multi_generic,GJ,2.3,2.3,2.3,2.3,2.3,2.3,2.3,2.3,2.3,2.3,2.3,
CIMS.CAN.BC.Industrial Minerals.Products.Bricks.Process,Service,BC,Industrial Minerals,Process,Tunnel brick kiln residual oil,service_request,,,CIMS.CAN.BC.Industrial Minerals.Conveyance,tech_multi_generic,GJ,0.0372,0.0372,0.0372,0.0372,0.0372,0.0372,0.0372,0.0372,0.0372,0.0372,0.0372,
CIMS.CAN.BC.Industrial Minerals.Products.Bricks.Process,Service,BC,Industrial Minerals,Process,Tunnel brick kiln residual oil,service_request,,,CIMS.CAN.BC.Industrial Minerals.Pumping,tech_multi_generic,GJ,0.0003,0.0003,0.0003,0.0003,0.0003,0.0003,0.0003,0.0003,0.0003,0.0003,0.0003,
CIMS.CAN.BC.Industrial Minerals.Products.Bricks.Process,Service,BC,Industrial Minerals,Process,Tunnel brick kiln residual oil,service_request,,,CIMS.CAN.BC.Industrial Minerals.Direct Drive,tech_multi_generic,GJ,0.05634,0.05634,0.05634,0.05634,0.05634,0.05634,0.05634,0.05634,0.05634,0.05634,0.05634,
CIMS.CAN.BC.Industrial Minerals.Products.Bricks.Process,Service,BC,Industrial Minerals,Process,Tunnel brick kiln residual oil,service_request,,,CIMS.CAN.BC.Industrial Minerals.Ventilation,tech_multi_generic,GJ,0.00145,0.00145,0.00145,0.00145,0.00145,0.00145,0.00145,0.00145,0.00145,0.00145,0.00145,
CIMS.CAN.BC.Industrial Minerals.Products.Bricks.Process,Service,BC,Industrial Minerals,Process,Hoffman brick kiln NG,technology,,,,,,,,,,,,,,,,,
CIMS.CAN.BC.Industrial Minerals.Products.Bricks.Process,Service,BC,Industrial Minerals,Process,Hoffman brick kiln NG,available,,,,tech_data_generic,Year,1950,1950,1950,1950,1950,1950,1950,1950,1950,1950,1950,
CIMS.CAN.BC.Industrial Minerals.Products.Bricks.Process,Service,BC,Industrial Minerals,Process,Hoffman brick kiln NG,unavailable,,,,tech_data_generic,Year,2101,2101,2101,2101,2101,2101,2101,2101,2101,2101,2101,
CIMS.CAN.BC.Industrial Minerals.Products.Bricks.Process,Service,BC,Industrial Minerals,Process,Hoffman brick kiln NG,lifetime,,,,tech_data_generic,Years,30,30,30,30,30,30,30,30,30,30,30,
CIMS.CAN.BC.Industrial Minerals.Products.Bricks.Process,Service,BC,Industrial Minerals,Process,Hoffman brick kiln NG,market_share_total,,,,tech_data_region,%,0,,,,,,,,,,,
CIMS.CAN.BC.Industrial Minerals.Products.Bricks.Process,Service,BC,Industrial Minerals,Process,Hoffman brick kiln NG,output,,,,tech_data_generic,node unit,32760,32760,32760,32760,32760,32760,32760,32760,32760,32760,32760,
CIMS.CAN.BC.Industrial Minerals.Products.Bricks.Process,Service,BC,Industrial Minerals,Process,Hoffman brick kiln NG,fcc,,,,tech_data_generic,$,3649179.76354709,3649179.76354709,3649179.76354709,3649179.76354709,3649179.76354709,3649179.76354709,3649179.76354709,3649179.76354709,3649179.76354709,3649179.76354709,3649179.76354709,
CIMS.CAN.BC.Industrial Minerals.Products.Bricks.Process,Service,BC,Industrial Minerals,Process,Hoffman brick kiln NG,fom,,,,tech_data_generic,$,832455.607173478,832455.607173478,832455.607173478,832455.607173478,832455.607173478,832455.607173478,832455.607173478,832455.607173478,832455.607173478,832455.607173478,832455.607173478,
CIMS.CAN.BC.Industrial Minerals.Products.Bricks.Process,Service,BC,Industrial Minerals,Process,Hoffman brick kiln NG,service_request,,,CIMS.CAN.BC.Industrial Minerals.Methane Blend,tech_multi_generic,GJ,2.6,2.6,2.6,2.6,2.6,2.6,2.6,2.6,2.6,2.6,2.6,
CIMS.CAN.BC.Industrial Minerals.Products.Bricks.Process,Service,BC,Industrial Minerals,Process,Hoffman brick kiln NG,service_request,,,CIMS.CAN.BC.Industrial Minerals.Conveyance,tech_multi_generic,GJ,0.0372,0.0372,0.0372,0.0372,0.0372,0.0372,0.0372,0.0372,0.0372,0.0372,0.0372,
CIMS.CAN.BC.Industrial Minerals.Products.Bricks.Process,Service,BC,Industrial Minerals,Process,Hoffman brick kiln NG,service_request,,,CIMS.CAN.BC.Industrial Minerals.Pumping,tech_multi_generic,GJ,0.0003,0.0003,0.0003,0.0003,0.0003,0.0003,0.0003,0.0003,0.0003,0.0003,0.0003,
CIMS.CAN.BC.Industrial Minerals.Products.Bricks.Process,Service,BC,Industrial Minerals,Process,Hoffman brick kiln NG,service_request,,,CIMS.CAN.BC.Industrial Minerals.Direct Drive,tech_multi_generic,GJ,0.05634,0.05634,0.05634,0.05634,0.05634,0.05634,0.05634,0.05634,0.05634,0.05634,0.05634,
CIMS.CAN.BC.Industrial Minerals.Products.Bricks.Process,Service,BC,Industrial Minerals,Process,Hoffman brick kiln NG,service_request,,,CIMS.CAN.BC.Industrial Minerals.Ventilation,tech_multi_generic,GJ,0.00145,0.00145,0.00145,0.00145,0.00145,0.00145,0.00145,0.00145,0.00145,0.00145,0.00145,
CIMS.CAN.BC.Industrial Minerals.Products.Bricks.Process,Service,BC,Industrial Minerals,Process,Hoffman brick kiln residual oil,technology,,,,,,,,,,,,,,,,,
CIMS.CAN.BC.Industrial Minerals.Products.Bricks.Process,Service,BC,Industrial Minerals,Process,Hoffman brick kiln residual oil,available,,,,tech_data_generic,Year,1950,1950,1950,1950,1950,1950,1950,1950,1950,1950,1950,
CIMS.CAN.BC.Industrial Minerals.Products.Bricks.Process,Service,BC,Industrial Minerals,Process,Hoffman brick kiln residual oil,unavailable,,,,tech_data_generic,Year,2101,2101,2101,2101,2101,2101,2101,2101,2101,2101,2101,
CIMS.CAN.BC.Industrial Minerals.Products.Bricks.Process,Service,BC,Industrial Minerals,Process,Hoffman brick kiln residual oil,lifetime,,,,tech_data_generic,Years,30,30,30,30,30,30,30,30,30,30,30,
CIMS.CAN.BC.Industrial Minerals.Products.Bricks.Process,Service,BC,Industrial Minerals,Process,Hoffman brick kiln residual oil,market_share_total,,,,tech_data_region,%,0,,,,,,,,,,,
CIMS.CAN.BC.Industrial Minerals.Products.Bricks.Process,Service,BC,Industrial Minerals,Process,Hoffman brick kiln residual oil,output,,,,tech_data_generic,node unit,32760,32760,32760,32760,32760,32760,32760,32760,32760,32760,32760,
CIMS.CAN.BC.Industrial Minerals.Products.Bricks.Process,Service,BC,Industrial Minerals,Process,Hoffman brick kiln residual oil,fcc,,,,tech_data_generic,$,3649179.76354709,3649179.76354709,3649179.76354709,3649179.76354709,3649179.76354709,3649179.76354709,3649179.76354709,3649179.76354709,3649179.76354709,3649179.76354709,3649179.76354709,
CIMS.CAN.BC.Industrial Minerals.Products.Bricks.Process,Service,BC,Industrial Minerals,Process,Hoffman brick kiln residual oil,fom,,,,tech_data_generic,$,832455.607173478,832455.607173478,832455.607173478,832455.607173478,832455.607173478,832455.607173478,832455.607173478,832455.607173478,832455.607173478,832455.607173478,832455.607173478,
CIMS.CAN.BC.Industrial Minerals.Products.Bricks.Process,Service,BC,Industrial Minerals,Process,Hoffman brick kiln residual oil,service_request,,,CIMS.Generic Fuels.Fuel Oil,tech_multi_generic,GJ,2.5,2.5,2.5,2.5,2.5,2.5,2.5,2.5,2.5,2.5,2.5,
CIMS.CAN.BC.Industrial Minerals.Products.Bricks.Process,Service,BC,Industrial Minerals,Process,Hoffman brick kiln residual oil,service_request,,,CIMS.CAN.BC.Industrial Minerals.Ventilation,tech_multi_generic,GJ,0.00145,0.00145,0.00145,0.00145,0.00145,0.00145,0.00145,0.00145,0.00145,0.00145,0.00145,
CIMS.CAN.BC.Industrial Minerals.Products.Bricks.Process,Service,BC,Industrial Minerals,Process,Hoffman brick kiln residual oil,service_request,,,CIMS.CAN.BC.Industrial Minerals.Conveyance,tech_multi_generic,GJ,0.0372,0.0372,0.0372,0.0372,0.0372,0.0372,0.0372,0.0372,0.0372,0.0372,0.0372,
CIMS.CAN.BC.Industrial Minerals.Products.Bricks.Process,Service,BC,Industrial Minerals,Process,Hoffman brick kiln residual oil,service_request,,,CIMS.CAN.BC.Industrial Minerals.Pumping,tech_multi_generic,GJ,0.0003,0.0003,0.0003,0.0003,0.0003,0.0003,0.0003,0.0003,0.0003,0.0003,0.0003,
CIMS.CAN.BC.Industrial Minerals.Products.Bricks.Process,Service,BC,Industrial Minerals,Process,Hoffman brick kiln residual oil,service_request,,,CIMS.CAN.BC.Industrial Minerals.Direct Drive,tech_multi_generic,GJ,0.05634,0.05634,0.05634,0.05634,0.05634,0.05634,0.05634,0.05634,0.05634,0.05634,0.05634,
CIMS.CAN.BC.Industrial Minerals.Products.Bricks.Process,Service,BC,Industrial Minerals,Process,Hoffman brick kiln coal,technology,,,,,,,,,,,,,,,,,
CIMS.CAN.BC.Industrial Minerals.Products.Bricks.Process,Service,BC,Industrial Minerals,Process,Hoffman brick kiln coal,available,,,,tech_data_generic,Year,1950,1950,1950,1950,1950,1950,1950,1950,1950,1950,1950,
CIMS.CAN.BC.Industrial Minerals.Products.Bricks.Process,Service,BC,Industrial Minerals,Process,Hoffman brick kiln coal,unavailable,,,,tech_data_generic,Year,2101,2101,2101,2101,2101,2101,2101,2101,2101,2101,2101,
CIMS.CAN.BC.Industrial Minerals.Products.Bricks.Process,Service,BC,Industrial Minerals,Process,Hoffman brick kiln coal,lifetime,,,,tech_data_generic,Years,30,30,30,30,30,30,30,30,30,30,30,
CIMS.CAN.BC.Industrial Minerals.Products.Bricks.Process,Service,BC,Industrial Minerals,Process,Hoffman brick kiln coal,market_share_total,,,,tech_data_region,%,0,,,,,,,,,,,
CIMS.CAN.BC.Industrial Minerals.Products.Bricks.Process,Service,BC,Industrial Minerals,Process,Hoffman brick kiln coal,output,,,,tech_data_generic,node unit,32760,32760,32760,32760,32760,32760,32760,32760,32760,32760,32760,
CIMS.CAN.BC.Industrial Minerals.Products.Bricks.Process,Service,BC,Industrial Minerals,Process,Hoffman brick kiln coal,fcc,,,,tech_data_generic,$,3649179.76354709,3649179.76354709,3649179.76354709,3649179.76354709,3649179.76354709,3649179.76354709,3649179.76354709,3649179.76354709,3649179.76354709,3649179.76354709,3649179.76354709,
CIMS.CAN.BC.Industrial Minerals.Products.Bricks.Process,Service,BC,Industrial Minerals,Process,Hoffman brick kiln coal,fom,,,,tech_data_generic,$,832455.607173478,832455.607173478,832455.607173478,832455.607173478,832455.607173478,832455.607173478,832455.607173478,832455.607173478,832455.607173478,832455.607173478,832455.607173478,
CIMS.CAN.BC.Industrial Minerals.Products.Bricks.Process,Service,BC,Industrial Minerals,Process,Hoffman brick kiln coal,service_request,,,CIMS.CAN.BC.Industrial Minerals.Ventilation,tech_multi_generic,GJ,0.00145,0.00145,0.00145,0.00145,0.00145,0.00145,0.00145,0.00145,0.00145,0.00145,0.00145,
CIMS.CAN.BC.Industrial Minerals.Products.Bricks.Process,Service,BC,Industrial Minerals,Process,Hoffman brick kiln coal,service_request,,,CIMS.CAN.BC.Industrial Minerals.Conveyance,tech_multi_generic,GJ,0.0372,0.0372,0.0372,0.0372,0.0372,0.0372,0.0372,0.0372,0.0372,0.0372,0.0372,
CIMS.CAN.BC.Industrial Minerals.Products.Bricks.Process,Service,BC,Industrial Minerals,Process,Hoffman brick kiln coal,service_request,,,CIMS.CAN.BC.Industrial Minerals.Pumping,tech_multi_generic,GJ,0.0003,0.0003,0.0003,0.0003,0.0003,0.0003,0.0003,0.0003,0.0003,0.0003,0.0003,
CIMS.CAN.BC.Industrial Minerals.Products.Bricks.Process,Service,BC,Industrial Minerals,Process,Hoffman brick kiln coal,service_request,,,CIMS.CAN.BC.Industrial Minerals.Direct Drive,tech_multi_generic,GJ,0.05634,0.05634,0.05634,0.05634,0.05634,0.05634,0.05634,0.05634,0.05634,0.05634,0.05634,
CIMS.CAN.BC.Industrial Minerals.Products.Bricks.Process,Service,BC,Industrial Minerals,Process,Hoffman brick kiln coal,service_request,,,CIMS.Generic Fuels.Coal,tech_multi_generic,GJ,2.4,2.4,2.4,2.4,2.4,2.4,2.4,2.4,2.4,2.4,2.4,
CIMS.CAN.BC.Industrial Minerals.Heat,Service,BC,Industrial Minerals,Heat,,service_provide,,,,activity_data_generic,GJ,,,,,,,,,,,,
CIMS.CAN.BC.Industrial Minerals.Heat,Service,BC,Industrial Minerals,Heat,,competition,Tech Compete,,,,,,,,,,,,,,,,
CIMS.CAN.BC.Industrial Minerals.Heat,Service,BC,Industrial Minerals,Heat,,discount_rate_financial,,,,tech_data_generic,%,0.4,0.4,0.4,0.4,0.4,0.4,0.4,0.4,0.4,0.4,0.4,
CIMS.CAN.BC.Industrial Minerals.Heat,Service,BC,Industrial Minerals,Heat,,heterogeneity,,,,tech_data_generic,,10,10,10,10,10,10,10,10,10,10,10,
CIMS.CAN.BC.Industrial Minerals.Heat,Service,BC,Industrial Minerals,Heat,NG Std,technology,,,,,,,,,,,,,,,,,
CIMS.CAN.BC.Industrial Minerals.Heat,Service,BC,Industrial Minerals,Heat,NG Std,available,,,,tech_data_generic,Year,1990,1990,1990,1990,1990,1990,1990,1990,1990,1990,1990,
CIMS.CAN.BC.Industrial Minerals.Heat,Service,BC,Industrial Minerals,Heat,NG Std,unavailable,,,,tech_data_generic,Year,2101,2101,2101,2101,2101,2101,2101,2101,2101,2101,2101,
CIMS.CAN.BC.Industrial Minerals.Heat,Service,BC,Industrial Minerals,Heat,NG Std,lifetime,,,,tech_data_generic,Years,20,20,20,20,20,20,20,20,20,20,20,
CIMS.CAN.BC.Industrial Minerals.Heat,Service,BC,Industrial Minerals,Heat,NG Std,market_share_total,,,,tech_data_region,%,0,,,,,,,,,,,
CIMS.CAN.BC.Industrial Minerals.Heat,Service,BC,Industrial Minerals,Heat,NG Std,output,,,,tech_data_generic,node unit,3720000,3720000,3720000,3720000,3720000,3720000,3720000,3720000,3720000,3720000,3720000,
CIMS.CAN.BC.Industrial Minerals.Heat,Service,BC,Industrial Minerals,Heat,NG Std,fcc,,,,tech_data_generic,$,6092632.02752897,6092632.02752897,6092632.02752897,6092632.02752897,6092632.02752897,6092632.02752897,6092632.02752897,6092632.02752897,6092632.02752897,6092632.02752897,6092632.02752897,
CIMS.CAN.BC.Industrial Minerals.Heat,Service,BC,Industrial Minerals,Heat,NG Std,fom,,,,tech_data_generic,$,261314.409556244,261314.409556244,261314.409556244,261314.409556244,261314.409556244,261314.409556244,261314.409556244,261314.409556244,261314.409556244,261314.409556244,261314.409556244,
CIMS.CAN.BC.Industrial Minerals.Heat,Service,BC,Industrial Minerals,Heat,NG Std,service_request,,,CIMS.CAN.BC.Industrial Minerals.Methane Blend,tech_multi_generic,GJ,1.33,1.33,1.33,1.33,1.33,1.33,1.33,1.33,1.33,1.33,1.33,
CIMS.CAN.BC.Industrial Minerals.Heat,Service,BC,Industrial Minerals,Heat,NG Eff,technology,,,,,,,,,,,,,,,,,
CIMS.CAN.BC.Industrial Minerals.Heat,Service,BC,Industrial Minerals,Heat,NG Eff,available,,,,tech_data_generic,Year,1990,1990,1990,1990,1990,1990,1990,1990,1990,1990,1990,
CIMS.CAN.BC.Industrial Minerals.Heat,Service,BC,Industrial Minerals,Heat,NG Eff,unavailable,,,,tech_data_generic,Year,2101,2101,2101,2101,2101,2101,2101,2101,2101,2101,2101,
CIMS.CAN.BC.Industrial Minerals.Heat,Service,BC,Industrial Minerals,Heat,NG Eff,lifetime,,,,tech_data_generic,Years,20,20,20,20,20,20,20,20,20,20,20,
CIMS.CAN.BC.Industrial Minerals.Heat,Service,BC,Industrial Minerals,Heat,NG Eff,market_share_total,,,,tech_data_region,%,0.507,,,,,,,,,,,
CIMS.CAN.BC.Industrial Minerals.Heat,Service,BC,Industrial Minerals,Heat,NG Eff,output,,,,tech_data_generic,node unit,3720000,3720000,3720000,3720000,3720000,3720000,3720000,3720000,3720000,3720000,3720000,
CIMS.CAN.BC.Industrial Minerals.Heat,Service,BC,Industrial Minerals,Heat,NG Eff,fcc,,,,tech_data_generic,$,6950531.64319738,6950531.64319738,6950531.64319738,6950531.64319738,6950531.64319738,6950531.64319738,6950531.64319738,6950531.64319738,6950531.64319738,6950531.64319738,6950531.64319738,
CIMS.CAN.BC.Industrial Minerals.Heat,Service,BC,Industrial Minerals,Heat,NG Eff,fom,,,,tech_data_generic,$,261314.409556244,261314.409556244,261314.409556244,261314.409556244,261314.409556244,261314.409556244,261314.409556244,261314.409556244,261314.409556244,261314.409556244,261314.409556244,
CIMS.CAN.BC.Industrial Minerals.Heat,Service,BC,Industrial Minerals,Heat,NG Eff,service_request,,,CIMS.CAN.BC.Industrial Minerals.Methane Blend,tech_multi_generic,GJ,1.23,1.23,1.23,1.23,1.23,1.23,1.23,1.23,1.23,1.23,1.23,
CIMS.CAN.BC.Industrial Minerals.Heat,Service,BC,Industrial Minerals,Heat,HFO Std,technology,,,,,,,,,,,,,,,,,
CIMS.CAN.BC.Industrial Minerals.Heat,Service,BC,Industrial Minerals,Heat,HFO Std,available,,,,tech_data_generic,Year,1990,1990,1990,1990,1990,1990,1990,1990,1990,1990,1990,
CIMS.CAN.BC.Industrial Minerals.Heat,Service,BC,Industrial Minerals,Heat,HFO Std,unavailable,,,,tech_data_generic,Year,2101,2101,2101,2101,2101,2101,2101,2101,2101,2101,2101,
CIMS.CAN.BC.Industrial Minerals.Heat,Service,BC,Industrial Minerals,Heat,HFO Std,lifetime,,,,tech_data_generic,Years,20,20,20,20,20,20,20,20,20,20,20,
CIMS.CAN.BC.Industrial Minerals.Heat,Service,BC,Industrial Minerals,Heat,HFO Std,market_share_total,,,,tech_data_region,%,0,,,,,,,,,,,
CIMS.CAN.BC.Industrial Minerals.Heat,Service,BC,Industrial Minerals,Heat,HFO Std,output,,,,tech_data_generic,node unit,3720000,3720000,3720000,3720000,3720000,3720000,3720000,3720000,3720000,3720000,3720000,
CIMS.CAN.BC.Industrial Minerals.Heat,Service,BC,Industrial Minerals,Heat,HFO Std,fcc,,,,tech_data_generic,$,6397263.62931514,6397263.62931514,6397263.62931514,6397263.62931514,6397263.62931514,6397263.62931514,6397263.62931514,6397263.62931514,6397263.62931514,6397263.62931514,6397263.62931514,
CIMS.CAN.BC.Industrial Minerals.Heat,Service,BC,Industrial Minerals,Heat,HFO Std,fom,,,,tech_data_generic,$,261314.409556244,261314.409556244,261314.409556244,261314.409556244,261314.409556244,261314.409556244,261314.409556244,261314.409556244,261314.409556244,261314.409556244,261314.409556244,
CIMS.CAN.BC.Industrial Minerals.Heat,Service,BC,Industrial Minerals,Heat,HFO Std,service_request,,,CIMS.Generic Fuels.Fuel Oil,tech_multi_generic,GJ,1.28,1.28,1.28,1.28,1.28,1.28,1.28,1.28,1.28,1.28,1.28,
CIMS.CAN.BC.Industrial Minerals.Heat,Service,BC,Industrial Minerals,Heat,HFO Eff,technology,,,,,,,,,,,,,,,,,
CIMS.CAN.BC.Industrial Minerals.Heat,Service,BC,Industrial Minerals,Heat,HFO Eff,available,,,,tech_data_generic,Year,1990,1990,1990,1990,1990,1990,1990,1990,1990,1990,1990,
CIMS.CAN.BC.Industrial Minerals.Heat,Service,BC,Industrial Minerals,Heat,HFO Eff,unavailable,,,,tech_data_generic,Year,2101,2101,2101,2101,2101,2101,2101,2101,2101,2101,2101,
CIMS.CAN.BC.Industrial Minerals.Heat,Service,BC,Industrial Minerals,Heat,HFO Eff,lifetime,,,,tech_data_generic,Years,20,20,20,20,20,20,20,20,20,20,20,
CIMS.CAN.BC.Industrial Minerals.Heat,Service,BC,Industrial Minerals,Heat,HFO Eff,market_share_total,,,,tech_data_region,%,0.016,,,,,,,,,,,
CIMS.CAN.BC.Industrial Minerals.Heat,Service,BC,Industrial Minerals,Heat,HFO Eff,output,,,,tech_data_generic,node unit,3720000,3720000,3720000,3720000,3720000,3720000,3720000,3720000,3720000,3720000,3720000,
CIMS.CAN.BC.Industrial Minerals.Heat,Service,BC,Industrial Minerals,Heat,HFO Eff,fcc,,,,tech_data_generic,$,7298058.22584635,7298058.22584635,7298058.22584635,7298058.22584635,7298058.22584635,7298058.22584635,7298058.22584635,7298058.22584635,7298058.22584635,7298058.22584635,7298058.22584635,
CIMS.CAN.BC.Industrial Minerals.Heat,Service,BC,Industrial Minerals,Heat,HFO Eff,fom,,,,tech_data_generic,$,261314.409556244,261314.409556244,261314.409556244,261314.409556244,261314.409556244,261314.409556244,261314.409556244,261314.409556244,261314.409556244,261314.409556244,261314.409556244,
CIMS.CAN.BC.Industrial Minerals.Heat,Service,BC,Industrial Minerals,Heat,HFO Eff,service_request,,,CIMS.Generic Fuels.Fuel Oil,tech_multi_generic,GJ,1.26,1.26,1.26,1.26,1.26,1.26,1.26,1.26,1.26,1.26,1.26,
CIMS.CAN.BC.Industrial Minerals.Heat,Service,BC,Industrial Minerals,Heat,Coal Std,technology,,,,,,,,,,,,,,,,,
CIMS.CAN.BC.Industrial Minerals.Heat,Service,BC,Industrial Minerals,Heat,Coal Std,available,,,,tech_data_generic,Year,1990,1990,1990,1990,1990,1990,1990,1990,1990,1990,1990,
CIMS.CAN.BC.Industrial Minerals.Heat,Service,BC,Industrial Minerals,Heat,Coal Std,unavailable,,,,tech_data_generic,Year,2101,2101,2101,2101,2101,2101,2101,2101,2101,2101,2101,
CIMS.CAN.BC.Industrial Minerals.Heat,Service,BC,Industrial Minerals,Heat,Coal Std,lifetime,,,,tech_data_generic,Years,20,20,20,20,20,20,20,20,20,20,20,
CIMS.CAN.BC.Industrial Minerals.Heat,Service,BC,Industrial Minerals,Heat,Coal Std,market_share_total,,,,tech_data_region,%,0.425,,,,,,,,,,,
CIMS.CAN.BC.Industrial Minerals.Heat,Service,BC,Industrial Minerals,Heat,Coal Std,output,,,,tech_data_generic,node unit,3720000,3720000,3720000,3720000,3720000,3720000,3720000,3720000,3720000,3720000,3720000,
CIMS.CAN.BC.Industrial Minerals.Heat,Service,BC,Industrial Minerals,Heat,Coal Std,fcc,,,,tech_data_generic,$,18277896.0841234,18277896.0841234,18277896.0841234,18277896.0841234,18277896.0841234,18277896.0841234,18277896.0841234,18277896.0841234,18277896.0841234,18277896.0841234,18277896.0841234,
CIMS.CAN.BC.Industrial Minerals.Heat,Service,BC,Industrial Minerals,Heat,Coal Std,fom,,,,tech_data_generic,$,261314.409556244,261314.409556244,261314.409556244,261314.409556244,261314.409556244,261314.409556244,261314.409556244,261314.409556244,261314.409556244,261314.409556244,261314.409556244,
CIMS.CAN.BC.Industrial Minerals.Heat,Service,BC,Industrial Minerals,Heat,Coal Std,service_request,,,CIMS.Generic Fuels.Coal,tech_multi_generic,GJ,1.26,1.26,1.26,1.26,1.26,1.26,1.26,1.26,1.26,1.26,1.26,
CIMS.CAN.BC.Industrial Minerals.Heat,Service,BC,Industrial Minerals,Heat,coke Std,technology,,,,,,,,,,,,,,,,,
CIMS.CAN.BC.Industrial Minerals.Heat,Service,BC,Industrial Minerals,Heat,coke Std,available,,,,tech_data_generic,Year,1990,1990,1990,1990,1990,1990,1990,1990,1990,1990,1990,
CIMS.CAN.BC.Industrial Minerals.Heat,Service,BC,Industrial Minerals,Heat,coke Std,unavailable,,,,tech_data_generic,Year,2101,2101,2101,2101,2101,2101,2101,2101,2101,2101,2101,
CIMS.CAN.BC.Industrial Minerals.Heat,Service,BC,Industrial Minerals,Heat,coke Std,lifetime,,,,tech_data_generic,Years,20,20,20,20,20,20,20,20,20,20,20,
CIMS.CAN.BC.Industrial Minerals.Heat,Service,BC,Industrial Minerals,Heat,coke Std,market_share_total,,,,tech_data_region,%,0.034,,,,,,,,,,,
CIMS.CAN.BC.Industrial Minerals.Heat,Service,BC,Industrial Minerals,Heat,coke Std,output,,,,tech_data_generic,node unit,3720000,3720000,3720000,3720000,3720000,3720000,3720000,3720000,3720000,3720000,3720000,
CIMS.CAN.BC.Industrial Minerals.Heat,Service,BC,Industrial Minerals,Heat,coke Std,fcc,,,,tech_data_generic,$,18277896.0841234,18277896.0841234,18277896.0841234,18277896.0841234,18277896.0841234,18277896.0841234,18277896.0841234,18277896.0841234,18277896.0841234,18277896.0841234,18277896.0841234,
CIMS.CAN.BC.Industrial Minerals.Heat,Service,BC,Industrial Minerals,Heat,coke Std,fom,,,,tech_data_generic,$,261314.409556244,261314.409556244,261314.409556244,261314.409556244,261314.409556244,261314.409556244,261314.409556244,261314.409556244,261314.409556244,261314.409556244,261314.409556244,
CIMS.CAN.BC.Industrial Minerals.Heat,Service,BC,Industrial Minerals,Heat,coke Std,service_request,,,CIMS.Generic Fuels.Petroleum Coke,tech_multi_generic,GJ,1.21,1.21,1.21,1.21,1.21,1.21,1.21,1.21,1.21,1.21,1.21,
CIMS.CAN.BC.Industrial Minerals.Heat,Service,BC,Industrial Minerals,Heat,waste fuel Std,technology,,,,,,,,,,,,,,,,,
CIMS.CAN.BC.Industrial Minerals.Heat,Service,BC,Industrial Minerals,Heat,waste fuel Std,available,,,,tech_data_generic,Year,1990,1990,1990,1990,1990,1990,1990,1990,1990,1990,1990,
CIMS.CAN.BC.Industrial Minerals.Heat,Service,BC,Industrial Minerals,Heat,waste fuel Std,unavailable,,,,tech_data_generic,Year,2101,2101,2101,2101,2101,2101,2101,2101,2101,2101,2101,
CIMS.CAN.BC.Industrial Minerals.Heat,Service,BC,Industrial Minerals,Heat,waste fuel Std,lifetime,,,,tech_data_generic,Years,20,20,20,20,20,20,20,20,20,20,20,
CIMS.CAN.BC.Industrial Minerals.Heat,Service,BC,Industrial Minerals,Heat,waste fuel Std,market_share_total,,,,tech_data_region,%,0.018,,,,,,,,,,,
CIMS.CAN.BC.Industrial Minerals.Heat,Service,BC,Industrial Minerals,Heat,waste fuel Std,output,,,,tech_data_generic,node unit,3720000,3720000,3720000,3720000,3720000,3720000,3720000,3720000,3720000,3720000,3720000,
CIMS.CAN.BC.Industrial Minerals.Heat,Service,BC,Industrial Minerals,Heat,waste fuel Std,fcc,,,,tech_data_generic,$,18277896.0841234,18277896.0841234,18277896.0841234,18277896.0841234,18277896.0841234,18277896.0841234,18277896.0841234,18277896.0841234,18277896.0841234,18277896.0841234,18277896.0841234,
CIMS.CAN.BC.Industrial Minerals.Heat,Service,BC,Industrial Minerals,Heat,waste fuel Std,fom,,,,tech_data_generic,$,261314.409556244,261314.409556244,261314.409556244,261314.409556244,261314.409556244,261314.409556244,261314.409556244,261314.409556244,261314.409556244,261314.409556244,261314.409556244,
CIMS.CAN.BC.Industrial Minerals.Heat,Service,BC,Industrial Minerals,Heat,waste fuel Std,service_request,,,CIMS.Generic Fuels.Waste Fuel,tech_multi_generic,GJ,1.41,1.41,1.41,1.41,1.41,1.41,1.41,1.41,1.41,1.41,1.41,
CIMS.CAN.BC.Industrial Minerals.Heat,Service,BC,Industrial Minerals,Heat,NG Eff with CCS,technology,,,,,,,,,,,,,,,,,
CIMS.CAN.BC.Industrial Minerals.Heat,Service,BC,Industrial Minerals,Heat,NG Eff with CCS,available,,,,tech_data_generic,Year,2015,2015,2015,2015,2015,2015,2015,2015,2015,2015,2015,
CIMS.CAN.BC.Industrial Minerals.Heat,Service,BC,Industrial Minerals,Heat,NG Eff with CCS,unavailable,,,,tech_data_generic,Year,2101,2101,2101,2101,2101,2101,2101,2101,2101,2101,2101,
CIMS.CAN.BC.Industrial Minerals.Heat,Service,BC,Industrial Minerals,Heat,NG Eff with CCS,lifetime,,,,tech_data_generic,Years,20,20,20,20,20,20,20,20,20,20,20,
CIMS.CAN.BC.Industrial Minerals.Heat,Service,BC,Industrial Minerals,Heat,NG Eff with CCS,market_share_total,,,,tech_data_region,%,0,,,,,,,,,,,
CIMS.CAN.BC.Industrial Minerals.Heat,Service,BC,Industrial Minerals,Heat,NG Eff with CCS,output,,,,tech_data_generic,node unit,3720000,3720000,3720000,3720000,3720000,3720000,3720000,3720000,3720000,3720000,3720000,
CIMS.CAN.BC.Industrial Minerals.Heat,Service,BC,Industrial Minerals,Heat,NG Eff with CCS,fcc,,,,tech_data_generic,$,6950531.64319738,6950531.64319738,6950531.64319738,6950531.64319738,6950531.64319738,6950531.64319738,6950531.64319738,6950531.64319738,6950531.64319738,6950531.64319738,6950531.64319738,
CIMS.CAN.BC.Industrial Minerals.Heat,Service,BC,Industrial Minerals,Heat,NG Eff with CCS,fom,,,,tech_data_generic,$,261314.409556244,261314.409556244,261314.409556244,261314.409556244,261314.409556244,261314.409556244,261314.409556244,261314.409556244,261314.409556244,261314.409556244,261314.409556244,
CIMS.CAN.BC.Industrial Minerals.Heat,Service,BC,Industrial Minerals,Heat,NG Eff with CCS,service_request,,,CIMS.Generic Fuels.Natural Gas,tech_multi_generic,GJ,1.23,1.23,1.23,1.23,1.23,1.23,1.23,1.23,1.23,1.23,1.23,
CIMS.CAN.BC.Industrial Minerals.Heat,Service,BC,Industrial Minerals,Heat,NG Eff with CCS,service_request,,,CIMS.CAN.BC.Industrial Minerals.CCS,tech_multi_generic,tCO2,0.060233737624,0.060233737624,0.060233737624,0.060233737624,0.060233737624,0.060233737624,0.060233737624,0.060233737624,0.060233737624,0.060233737624,0.060233737624,
CIMS.CAN.BC.Industrial Minerals.Heat,Service,BC,Industrial Minerals,Heat,Coal Std with CCS,technology,,,,,,,,,,,,,,,,,
CIMS.CAN.BC.Industrial Minerals.Heat,Service,BC,Industrial Minerals,Heat,Coal Std with CCS,available,,,,tech_data_generic,Year,2015,2015,2015,2015,2015,2015,2015,2015,2015,2015,2015,
CIMS.CAN.BC.Industrial Minerals.Heat,Service,BC,Industrial Minerals,Heat,Coal Std with CCS,unavailable,,,,tech_data_generic,Year,2101,2101,2101,2101,2101,2101,2101,2101,2101,2101,2101,
CIMS.CAN.BC.Industrial Minerals.Heat,Service,BC,Industrial Minerals,Heat,Coal Std with CCS,lifetime,,,,tech_data_generic,Years,20,20,20,20,20,20,20,20,20,20,20,
CIMS.CAN.BC.Industrial Minerals.Heat,Service,BC,Industrial Minerals,Heat,Coal Std with CCS,market_share_total,,,,tech_data_region,%,0,,,,,,,,,,,
CIMS.CAN.BC.Industrial Minerals.Heat,Service,BC,Industrial Minerals,Heat,Coal Std with CCS,output,,,,tech_data_generic,node unit,3720000,3720000,3720000,3720000,3720000,3720000,3720000,3720000,3720000,3720000,3720000,
CIMS.CAN.BC.Industrial Minerals.Heat,Service,BC,Industrial Minerals,Heat,Coal Std with CCS,fcc,,,,tech_data_generic,$,18277896.0841234,18277896.0841234,18277896.0841234,18277896.0841234,18277896.0841234,18277896.0841234,18277896.0841234,18277896.0841234,18277896.0841234,18277896.0841234,18277896.0841234,
CIMS.CAN.BC.Industrial Minerals.Heat,Service,BC,Industrial Minerals,Heat,Coal Std with CCS,fom,,,,tech_data_generic,$,261314.409556244,261314.409556244,261314.409556244,261314.409556244,261314.409556244,261314.409556244,261314.409556244,261314.409556244,261314.409556244,261314.409556244,261314.409556244,
CIMS.CAN.BC.Industrial Minerals.Heat,Service,BC,Industrial Minerals,Heat,Coal Std with CCS,service_request,,,CIMS.Generic Fuels.Coal,tech_multi_generic,GJ,1.26,1.26,1.26,1.26,1.26,1.26,1.26,1.26,1.26,1.26,1.26,
CIMS.CAN.BC.Industrial Minerals.Heat,Service,BC,Industrial Minerals,Heat,Coal Std with CCS,service_request,,,CIMS.CAN.BC.Industrial Minerals.CCS,tech_multi_generic,tCO2,0.10258864225884,0.10258864225884,0.10258864225884,0.10258864225884,0.10258864225884,0.10258864225884,0.10258864225884,0.10258864225884,0.10258864225884,0.10258864225884,0.10258864225884,
CIMS.CAN.BC.Industrial Minerals.Heat,Service,BC,Industrial Minerals,Heat,hydrogen Eff,technology,,,,,,,,,,,,,,,,,
CIMS.CAN.BC.Industrial Minerals.Heat,Service,BC,Industrial Minerals,Heat,hydrogen Eff,available,,,,tech_data_generic,Year,1990,1990,1990,1990,1990,1990,1990,1990,1990,1990,1990,
CIMS.CAN.BC.Industrial Minerals.Heat,Service,BC,Industrial Minerals,Heat,hydrogen Eff,unavailable,,,,tech_data_generic,Year,2101,2101,2101,2101,2101,2101,2101,2101,2101,2101,2101,
CIMS.CAN.BC.Industrial Minerals.Heat,Service,BC,Industrial Minerals,Heat,hydrogen Eff,lifetime,,,,tech_data_generic,Years,20,20,20,20,20,20,20,20,20,20,20,
CIMS.CAN.BC.Industrial Minerals.Heat,Service,BC,Industrial Minerals,Heat,hydrogen Eff,market_share_total,,,,tech_data_region,%,0,,,,,,,,,,,
CIMS.CAN.BC.Industrial Minerals.Heat,Service,BC,Industrial Minerals,Heat,hydrogen Eff,output,,,,tech_data_generic,node unit,3720000,3720000,3720000,3720000,3720000,3720000,3720000,3720000,3720000,3720000,3720000,
CIMS.CAN.BC.Industrial Minerals.Heat,Service,BC,Industrial Minerals,Heat,hydrogen Eff,fcc,,,,tech_data_generic,$,6950531.64319738,6950531.64319738,6950531.64319738,6950531.64319738,6950531.64319738,6950531.64319738,6950531.64319738,6950531.64319738,6950531.64319738,6950531.64319738,6950531.64319738,
CIMS.CAN.BC.Industrial Minerals.Heat,Service,BC,Industrial Minerals,Heat,hydrogen Eff,fom,,,,tech_data_generic,$,261314.409556244,261314.409556244,261314.409556244,261314.409556244,261314.409556244,261314.409556244,261314.409556244,261314.409556244,261314.409556244,261314.409556244,261314.409556244,
CIMS.CAN.BC.Industrial Minerals.Heat,Service,BC,Industrial Minerals,Heat,hydrogen Eff,service_request,,,CIMS.CAN.BC.Hydrogen,tech_multi_generic,GJ,1.23,1.23,1.23,1.23,1.23,1.23,1.23,1.23,1.23,1.23,1.23,
CIMS.CAN.BC.Industrial Minerals.Heat,Service,BC,Industrial Minerals,Heat,Biomass Std,technology,,,,,,,,,,,,,,,,,
CIMS.CAN.BC.Industrial Minerals.Heat,Service,BC,Industrial Minerals,Heat,Biomass Std,available,,,,tech_data_generic,Year,2025,2025,2025,2025,2025,2025,2025,2025,2025,2025,2025,
CIMS.CAN.BC.Industrial Minerals.Heat,Service,BC,Industrial Minerals,Heat,Biomass Std,unavailable,,,,tech_data_generic,Year,2101,2101,2101,2101,2101,2101,2101,2101,2101,2101,2101,
CIMS.CAN.BC.Industrial Minerals.Heat,Service,BC,Industrial Minerals,Heat,Biomass Std,lifetime,,,,tech_data_generic,Years,20,20,20,20,20,20,20,20,20,20,20,
CIMS.CAN.BC.Industrial Minerals.Heat,Service,BC,Industrial Minerals,Heat,Biomass Std,market_share_total,,,,tech_data_region,%,0,,,,,,,,,,,
CIMS.CAN.BC.Industrial Minerals.Heat,Service,BC,Industrial Minerals,Heat,Biomass Std,output,,,,tech_data_generic,node unit,3720000,3720000,3720000,3720000,3720000,3720000,3720000,3720000,3720000,3720000,3720000,
CIMS.CAN.BC.Industrial Minerals.Heat,Service,BC,Industrial Minerals,Heat,Biomass Std,fcc,,,,tech_data_generic,$,18277896.0841234,18277896.0841234,18277896.0841234,18277896.0841234,18277896.0841234,18277896.0841234,18277896.0841234,18277896.0841234,18277896.0841234,18277896.0841234,18277896.0841234,
CIMS.CAN.BC.Industrial Minerals.Heat,Service,BC,Industrial Minerals,Heat,Biomass Std,fom,,,,tech_data_generic,$,261314.409556244,261314.409556244,261314.409556244,261314.409556244,261314.409556244,261314.409556244,261314.409556244,261314.409556244,261314.409556244,261314.409556244,261314.409556244,
CIMS.CAN.BC.Industrial Minerals.Heat,Service,BC,Industrial Minerals,Heat,Biomass Std,service_request,,,CIMS.Generic Fuels.Solid Biomass,tech_multi_generic,GJ,1.5067,1.5067,1.5067,1.5067,1.5067,1.5067,1.5067,1.5067,1.5067,1.5067,1.5067,
CIMS.CAN.BC.Industrial Minerals.Heat,Service,BC,Industrial Minerals,Heat,Oil,technology,,,,,,,,,,,,,,,,,
CIMS.CAN.BC.Industrial Minerals.Heat,Service,BC,Industrial Minerals,Heat,Oil,available,,,,tech_data_generic,Year,1990,1990,1990,1990,1990,1990,1990,1990,1990,1990,1990,
CIMS.CAN.BC.Industrial Minerals.Heat,Service,BC,Industrial Minerals,Heat,Oil,unavailable,,,,tech_data_generic,Year,2101,2101,2101,2101,2101,2101,2101,2101,2101,2101,2101,
CIMS.CAN.BC.Industrial Minerals.Heat,Service,BC,Industrial Minerals,Heat,Oil,lifetime,,,,tech_data_generic,Years,20,20,20,20,20,20,20,20,20,20,20,
CIMS.CAN.BC.Industrial Minerals.Heat,Service,BC,Industrial Minerals,Heat,Oil,market_share_total,,,,tech_data_region,%,0,,,,,,,,,,,
CIMS.CAN.BC.Industrial Minerals.Heat,Service,BC,Industrial Minerals,Heat,Oil,output,,,,tech_data_generic,node unit,3720000,3720000,3720000,3720000,3720000,3720000,3720000,3720000,3720000,3720000,3720000,
CIMS.CAN.BC.Industrial Minerals.Heat,Service,BC,Industrial Minerals,Heat,Oil,fcc,,,,tech_data_generic,$,41956096.710572,41956096.710572,41956096.710572,41956096.710572,41956096.710572,41956096.710572,41956096.710572,41956096.710572,41956096.710572,41956096.710572,41956096.710572,
CIMS.CAN.BC.Industrial Minerals.Heat,Service,BC,Industrial Minerals,Heat,Oil,fom,,,,tech_data_generic,$,2059095.01559581,2059095.01559581,2059095.01559581,2059095.01559581,2059095.01559581,2059095.01559581,2059095.01559581,2059095.01559581,2059095.01559581,2059095.01559581,2059095.01559581,
CIMS.CAN.BC.Industrial Minerals.Heat,Service,BC,Industrial Minerals,Heat,Oil,service_request,,,CIMS.Generic Fuels.Fuel Oil,tech_multi_generic,GJ,1.4,1.4,1.4,1.4,1.4,1.4,1.4,1.4,1.4,1.4,1.4,
CIMS.CAN.BC.Industrial Minerals.Heat,Service,BC,Industrial Minerals,Heat,Oil,service_request,,,CIMS.CAN.BC.Electricity,tech_multi_generic,GJ,-0.2,-0.2,-0.2,-0.2,-0.2,-0.2,-0.2,-0.2,-0.2,-0.2,-0.2,
CIMS.CAN.BC.Industrial Minerals.Heat,Service,BC,Industrial Minerals,Heat,HFO III,technology,,,,,,,,,,,,,,,,,
CIMS.CAN.BC.Industrial Minerals.Heat,Service,BC,Industrial Minerals,Heat,HFO III,available,,,,tech_data_generic,Year,1985,1985,1985,1985,1985,1985,1985,1985,1985,1985,1985,
CIMS.CAN.BC.Industrial Minerals.Heat,Service,BC,Industrial Minerals,Heat,HFO III,unavailable,,,,tech_data_generic,Year,2101,2101,2101,2101,2101,2101,2101,2101,2101,2101,2101,
CIMS.CAN.BC.Industrial Minerals.Heat,Service,BC,Industrial Minerals,Heat,HFO III,lifetime,,,,tech_data_generic,Years,20,20,20,20,20,20,20,20,20,20,20,
CIMS.CAN.BC.Industrial Minerals.Heat,Service,BC,Industrial Minerals,Heat,HFO III,market_share_total,,,,tech_data_region,%,0,,,,,,,,,,,
CIMS.CAN.BC.Industrial Minerals.Heat,Service,BC,Industrial Minerals,Heat,HFO III,output,,,,tech_data_generic,node unit,986000,986000,986000,986000,986000,986000,986000,986000,986000,986000,986000,
CIMS.CAN.BC.Industrial Minerals.Heat,Service,BC,Industrial Minerals,Heat,HFO III,fcc,,,,tech_data_generic,$,13884968.3758228,13884968.3758228,13884968.3758228,13884968.3758228,13884968.3758228,13884968.3758228,13884968.3758228,13884968.3758228,13884968.3758228,13884968.3758228,13884968.3758228,
CIMS.CAN.BC.Industrial Minerals.Heat,Service,BC,Industrial Minerals,Heat,HFO III,fom,,,,tech_data_generic,$,682223.78832475,682223.78832475,682223.78832475,682223.78832475,682223.78832475,682223.78832475,682223.78832475,682223.78832475,682223.78832475,682223.78832475,682223.78832475,
CIMS.CAN.BC.Industrial Minerals.Heat,Service,BC,Industrial Minerals,Heat,HFO III,service_request,,,CIMS.Generic Fuels.Fuel Oil,tech_multi_generic,GJ,1.25,1.25,1.25,1.25,1.25,1.25,1.25,1.25,1.25,1.25,1.25,
CIMS.CAN.BC.Industrial Minerals.Heat,Service,BC,Industrial Minerals,Heat,HFO III,service_request,,,CIMS.CAN.BC.Electricity,tech_multi_generic,GJ,-0.14,-0.14,-0.14,-0.14,-0.14,-0.14,-0.14,-0.14,-0.14,-0.14,-0.14,
CIMS.CAN.BC.Industrial Minerals.Heat,Service,BC,Industrial Minerals,Heat,NG 40H,technology,,,,,,,,,,,,,,,,,
CIMS.CAN.BC.Industrial Minerals.Heat,Service,BC,Industrial Minerals,Heat,NG 40H,available,,,,tech_data_generic,Year,2000,2000,2000,2000,2000,2000,2000,2000,2000,2000,2000,
CIMS.CAN.BC.Industrial Minerals.Heat,Service,BC,Industrial Minerals,Heat,NG 40H,unavailable,,,,tech_data_generic,Year,2101,2101,2101,2101,2101,2101,2101,2101,2101,2101,2101,
CIMS.CAN.BC.Industrial Minerals.Heat,Service,BC,Industrial Minerals,Heat,NG 40H,lifetime,,,,tech_data_generic,Years,20,20,20,20,20,20,20,20,20,20,20,
CIMS.CAN.BC.Industrial Minerals.Heat,Service,BC,Industrial Minerals,Heat,NG 40H,market_share_total,,,,tech_data_region,%,0,,,,,,,,,,,
CIMS.CAN.BC.Industrial Minerals.Heat,Service,BC,Industrial Minerals,Heat,NG 40H,output,,,,tech_data_generic,node unit,4686533,4686533,4686533,4686533,4686533,4686533,4686533,4686533,4686533,4686533,4686533,
CIMS.CAN.BC.Industrial Minerals.Heat,Service,BC,Industrial Minerals,Heat,NG 40H,fcc,,,,tech_data_generic,$,72279841.6257944,72279841.6257944,72279841.6257944,72279841.6257944,72279841.6257944,72279841.6257944,72279841.6257944,72279841.6257944,72279841.6257944,72279841.6257944,72279841.6257944,
CIMS.CAN.BC.Industrial Minerals.Heat,Service,BC,Industrial Minerals,Heat,NG 40H,fom,,,,tech_data_generic,$,8813319.66856512,8813319.66856512,8813319.66856512,8813319.66856512,8813319.66856512,8813319.66856512,8813319.66856512,8813319.66856512,8813319.66856512,8813319.66856512,8813319.66856512,
CIMS.CAN.BC.Industrial Minerals.Heat,Service,BC,Industrial Minerals,Heat,NG 40H,service_request,,,CIMS.CAN.BC.Industrial Minerals.Methane Blend,tech_multi_generic,GJ,1.05,1.05,1.05,1.05,1.05,1.05,1.05,1.05,1.05,1.05,1.05,
CIMS.CAN.BC.Industrial Minerals.Heat,Service,BC,Industrial Minerals,Heat,NG 40H,service_request,,,CIMS.CAN.BC.Electricity,tech_multi_generic,GJ,-0.18,-0.18,-0.18,-0.18,-0.18,-0.18,-0.18,-0.18,-0.18,-0.18,-0.18,
CIMS.CAN.BC.Industrial Minerals.Heat,Service,BC,Industrial Minerals,Heat,NG 10H,technology,,,,,,,,,,,,,,,,,
CIMS.CAN.BC.Industrial Minerals.Heat,Service,BC,Industrial Minerals,Heat,NG 10H,available,,,,tech_data_generic,Year,2000,2000,2000,2000,2000,2000,2000,2000,2000,2000,2000,
CIMS.CAN.BC.Industrial Minerals.Heat,Service,BC,Industrial Minerals,Heat,NG 10H,unavailable,,,,tech_data_generic,Year,2101,2101,2101,2101,2101,2101,2101,2101,2101,2101,2101,
CIMS.CAN.BC.Industrial Minerals.Heat,Service,BC,Industrial Minerals,Heat,NG 10H,lifetime,,,,tech_data_generic,Years,20,20,20,20,20,20,20,20,20,20,20,
CIMS.CAN.BC.Industrial Minerals.Heat,Service,BC,Industrial Minerals,Heat,NG 10H,market_share_total,,,,tech_data_region,%,0,,,,,,,,,,,
CIMS.CAN.BC.Industrial Minerals.Heat,Service,BC,Industrial Minerals,Heat,NG 10H,output,,,,tech_data_generic,node unit,1171633,1171633,1171633,1171633,1171633,1171633,1171633,1171633,1171633,1171633,1171633,
CIMS.CAN.BC.Industrial Minerals.Heat,Service,BC,Industrial Minerals,Heat,NG 10H,fcc,,,,tech_data_generic,$,22412353.9929907,22412353.9929907,22412353.9929907,22412353.9929907,22412353.9929907,22412353.9929907,22412353.9929907,22412353.9929907,22412353.9929907,22412353.9929907,22412353.9929907,
CIMS.CAN.BC.Industrial Minerals.Heat,Service,BC,Industrial Minerals,Heat,NG 10H,fom,,,,tech_data_generic,$,2867259.80797172,2867259.80797172,2867259.80797172,2867259.80797172,2867259.80797172,2867259.80797172,2867259.80797172,2867259.80797172,2867259.80797172,2867259.80797172,2867259.80797172,
CIMS.CAN.BC.Industrial Minerals.Heat,Service,BC,Industrial Minerals,Heat,NG 10H,service_request,,,CIMS.CAN.BC.Industrial Minerals.Methane Blend,tech_multi_generic,GJ,1.05,1.05,1.05,1.05,1.05,1.05,1.05,1.05,1.05,1.05,1.05,
CIMS.CAN.BC.Industrial Minerals.Heat,Service,BC,Industrial Minerals,Heat,NG 10H,service_request,,,CIMS.CAN.BC.Electricity,tech_multi_generic,GJ,-0.18,-0.18,-0.18,-0.18,-0.18,-0.18,-0.18,-0.18,-0.18,-0.18,-0.18,
CIMS.CAN.BC.Industrial Minerals.Heat,Service,BC,Industrial Minerals,Heat,NG 40L,technology,,,,,,,,,,,,,,,,,
CIMS.CAN.BC.Industrial Minerals.Heat,Service,BC,Industrial Minerals,Heat,NG 40L,available,,,,tech_data_generic,Year,2000,2000,2000,2000,2000,2000,2000,2000,2000,2000,2000,
CIMS.CAN.BC.Industrial Minerals.Heat,Service,BC,Industrial Minerals,Heat,NG 40L,unavailable,,,,tech_data_generic,Year,2101,2101,2101,2101,2101,2101,2101,2101,2101,2101,2101,
CIMS.CAN.BC.Industrial Minerals.Heat,Service,BC,Industrial Minerals,Heat,NG 40L,lifetime,,,,tech_data_generic,Years,20,20,20,20,20,20,20,20,20,20,20,
CIMS.CAN.BC.Industrial Minerals.Heat,Service,BC,Industrial Minerals,Heat,NG 40L,market_share_total,,,,tech_data_region,%,0,,,,,,,,,,,
CIMS.CAN.BC.Industrial Minerals.Heat,Service,BC,Industrial Minerals,Heat,NG 40L,output,,,,tech_data_generic,node unit,1646179,1646179,1646179,1646179,1646179,1646179,1646179,1646179,1646179,1646179,1646179,
CIMS.CAN.BC.Industrial Minerals.Heat,Service,BC,Industrial Minerals,Heat,NG 40L,fcc,,,,tech_data_generic,$,72279841.6257944,72279841.6257944,72279841.6257944,72279841.6257944,72279841.6257944,72279841.6257944,72279841.6257944,72279841.6257944,72279841.6257944,72279841.6257944,72279841.6257944,
CIMS.CAN.BC.Industrial Minerals.Heat,Service,BC,Industrial Minerals,Heat,NG 40L,fom,,,,tech_data_generic,$,8813319.66856512,8813319.66856512,8813319.66856512,8813319.66856512,8813319.66856512,8813319.66856512,8813319.66856512,8813319.66856512,8813319.66856512,8813319.66856512,8813319.66856512,
CIMS.CAN.BC.Industrial Minerals.Heat,Service,BC,Industrial Minerals,Heat,NG 40L,service_request,,,CIMS.CAN.BC.Industrial Minerals.Methane Blend,tech_multi_generic,GJ,1.37,1.37,1.37,1.37,1.37,1.37,1.37,1.37,1.37,1.37,1.37,
CIMS.CAN.BC.Industrial Minerals.Heat,Service,BC,Industrial Minerals,Heat,NG 40L,service_request,,,CIMS.CAN.BC.Electricity,tech_multi_generic,GJ,-0.29,-0.29,-0.29,-0.29,-0.29,-0.29,-0.29,-0.29,-0.29,-0.29,-0.29,
CIMS.CAN.BC.Industrial Minerals.Heat,Service,BC,Industrial Minerals,Heat,NG 10L,technology,,,,,,,,,,,,,,,,,
CIMS.CAN.BC.Industrial Minerals.Heat,Service,BC,Industrial Minerals,Heat,NG 10L,available,,,,tech_data_generic,Year,2000,2000,2000,2000,2000,2000,2000,2000,2000,2000,2000,
CIMS.CAN.BC.Industrial Minerals.Heat,Service,BC,Industrial Minerals,Heat,NG 10L,unavailable,,,,tech_data_generic,Year,2101,2101,2101,2101,2101,2101,2101,2101,2101,2101,2101,
CIMS.CAN.BC.Industrial Minerals.Heat,Service,BC,Industrial Minerals,Heat,NG 10L,lifetime,,,,tech_data_generic,Years,20,20,20,20,20,20,20,20,20,20,20,
CIMS.CAN.BC.Industrial Minerals.Heat,Service,BC,Industrial Minerals,Heat,NG 10L,market_share_total,,,,tech_data_region,%,0,,,,,,,,,,,
CIMS.CAN.BC.Industrial Minerals.Heat,Service,BC,Industrial Minerals,Heat,NG 10L,output,,,,tech_data_generic,node unit,411545,411545,411545,411545,411545,411545,411545,411545,411545,411545,411545,
CIMS.CAN.BC.Industrial Minerals.Heat,Service,BC,Industrial Minerals,Heat,NG 10L,fcc,,,,tech_data_generic,$,22412353.9929907,22412353.9929907,22412353.9929907,22412353.9929907,22412353.9929907,22412353.9929907,22412353.9929907,22412353.9929907,22412353.9929907,22412353.9929907,22412353.9929907,
CIMS.CAN.BC.Industrial Minerals.Heat,Service,BC,Industrial Minerals,Heat,NG 10L,fom,,,,tech_data_generic,$,2867259.80797172,2867259.80797172,2867259.80797172,2867259.80797172,2867259.80797172,2867259.80797172,2867259.80797172,2867259.80797172,2867259.80797172,2867259.80797172,2867259.80797172,
CIMS.CAN.BC.Industrial Minerals.Heat,Service,BC,Industrial Minerals,Heat,NG 10L,service_request,,,CIMS.CAN.BC.Industrial Minerals.Methane Blend,tech_multi_generic,GJ,1.37,1.37,1.37,1.37,1.37,1.37,1.37,1.37,1.37,1.37,1.37,
CIMS.CAN.BC.Industrial Minerals.Heat,Service,BC,Industrial Minerals,Heat,NG 10L,service_request,,,CIMS.CAN.BC.Electricity,tech_multi_generic,GJ,-0.29,-0.29,-0.29,-0.29,-0.29,-0.29,-0.29,-0.29,-0.29,-0.29,-0.29,
CIMS.CAN.BC.Industrial Minerals.Heat,Service,BC,Industrial Minerals,Heat,SI NG6,technology,,,,,,,,,,,,,,,,,
CIMS.CAN.BC.Industrial Minerals.Heat,Service,BC,Industrial Minerals,Heat,SI NG6,available,,,,tech_data_generic,Year,2000,2000,2000,2000,2000,2000,2000,2000,2000,2000,2000,
CIMS.CAN.BC.Industrial Minerals.Heat,Service,BC,Industrial Minerals,Heat,SI NG6,unavailable,,,,tech_data_generic,Year,2101,2101,2101,2101,2101,2101,2101,2101,2101,2101,2101,
CIMS.CAN.BC.Industrial Minerals.Heat,Service,BC,Industrial Minerals,Heat,SI NG6,lifetime,,,,tech_data_generic,Years,20,20,20,20,20,20,20,20,20,20,20,
CIMS.CAN.BC.Industrial Minerals.Heat,Service,BC,Industrial Minerals,Heat,SI NG6,market_share_total,,,,tech_data_region,%,0,,,,,,,,,,,
CIMS.CAN.BC.Industrial Minerals.Heat,Service,BC,Industrial Minerals,Heat,SI NG6,output,,,,tech_data_generic,node unit,339239,339239,339239,339239,339239,339239,339239,339239,339239,339239,339239,
CIMS.CAN.BC.Industrial Minerals.Heat,Service,BC,Industrial Minerals,Heat,SI NG6,fcc,,,,tech_data_generic,$,8175415.49078505,8175415.49078505,8175415.49078505,8175415.49078505,8175415.49078505,8175415.49078505,8175415.49078505,8175415.49078505,8175415.49078505,8175415.49078505,8175415.49078505,
CIMS.CAN.BC.Industrial Minerals.Heat,Service,BC,Industrial Minerals,Heat,SI NG6,fom,,,,tech_data_generic,$,71954.060308178,71954.060308178,71954.060308178,71954.060308178,71954.060308178,71954.060308178,71954.060308178,71954.060308178,71954.060308178,71954.060308178,71954.060308178,
CIMS.CAN.BC.Industrial Minerals.Heat,Service,BC,Industrial Minerals,Heat,SI NG6,service_request,,,CIMS.CAN.BC.Industrial Minerals.Methane Blend,tech_multi_generic,GJ,1.15,1.15,1.15,1.15,1.15,1.15,1.15,1.15,1.15,1.15,1.15,
CIMS.CAN.BC.Industrial Minerals.Heat,Service,BC,Industrial Minerals,Heat,SI NG6,service_request,,,CIMS.CAN.BC.Electricity,tech_multi_generic,GJ,-0.29,-0.29,-0.29,-0.29,-0.29,-0.29,-0.29,-0.29,-0.29,-0.29,-0.29,
CIMS.CAN.BC.Industrial Minerals.Methane Blend,Service,BC,Industrial Minerals,Methane Blend,,service_provide,,,,activity_data_generic,GJ,,,,,,,,,,,,
CIMS.CAN.BC.Industrial Minerals.Methane Blend,Service,BC,Industrial Minerals,Methane Blend,,competition,Tech Compete,,,,,,,,,,,,,,,,
CIMS.CAN.BC.Industrial Minerals.Methane Blend,Service,BC,Industrial Minerals,Methane Blend,,discount_rate_financial,,,,tech_data_generic,%,0.1,0.1,0.1,0.1,0.1,0.1,0.1,0.1,0.1,0.1,0.1,
CIMS.CAN.BC.Industrial Minerals.Methane Blend,Service,BC,Industrial Minerals,Methane Blend,,heterogeneity,,,,tech_data_generic,,15,15,15,15,15,15,15,15,15,15,15,
CIMS.CAN.BC.Industrial Minerals.Methane Blend,Service,BC,Industrial Minerals,Methane Blend,NG,technology,,,,,,,,,,,,,,,,,
CIMS.CAN.BC.Industrial Minerals.Methane Blend,Service,BC,Industrial Minerals,Methane Blend,NG,available,,,,tech_data_generic,Year,2000,2000,2000,2000,2000,2000,2000,2000,2000,2000,2000,
CIMS.CAN.BC.Industrial Minerals.Methane Blend,Service,BC,Industrial Minerals,Methane Blend,NG,unavailable,,,,tech_data_generic,Year,2101,2101,2101,2101,2101,2101,2101,2101,2101,2101,2101,
CIMS.CAN.BC.Industrial Minerals.Methane Blend,Service,BC,Industrial Minerals,Methane Blend,NG,lifetime,,,,tech_data_generic,Years,1,1,1,1,1,1,1,1,1,1,1,
CIMS.CAN.BC.Industrial Minerals.Methane Blend,Service,BC,Industrial Minerals,Methane Blend,NG,market_share_total,,,,tech_data_region,%,1,,,,,,,,,,,
CIMS.CAN.BC.Industrial Minerals.Methane Blend,Service,BC,Industrial Minerals,Methane Blend,NG,output,,,,tech_data_generic,node unit,1,1,1,1,1,1,1,1,1,1,1,
CIMS.CAN.BC.Industrial Minerals.Methane Blend,Service,BC,Industrial Minerals,Methane Blend,NG,fcc,,,,tech_data_generic,$,0,0,0,0,0,0,0,0,0,0,0,
CIMS.CAN.BC.Industrial Minerals.Methane Blend,Service,BC,Industrial Minerals,Methane Blend,NG,fom,,,,tech_data_generic,$,0,0,0,0,0,0,0,0,0,0,0,
CIMS.CAN.BC.Industrial Minerals.Methane Blend,Service,BC,Industrial Minerals,Methane Blend,NG,service_request,,,CIMS.Generic Fuels.Natural Gas,tech_multi_generic,GJ,1,1,1,1,1,1,1,1,1,1,1,
CIMS.CAN.BC.Industrial Minerals.Methane Blend,Service,BC,Industrial Minerals,Methane Blend,Biogas,technology,,,,,,,,,,,,,,,,,
CIMS.CAN.BC.Industrial Minerals.Methane Blend,Service,BC,Industrial Minerals,Methane Blend,Biogas,available,,,,tech_data_generic,Year,2025,2025,2025,2025,2025,2025,2025,2025,2025,2025,2025,
CIMS.CAN.BC.Industrial Minerals.Methane Blend,Service,BC,Industrial Minerals,Methane Blend,Biogas,unavailable,,,,tech_data_generic,Year,2101,2101,2101,2101,2101,2101,2101,2101,2101,2101,2101,
CIMS.CAN.BC.Industrial Minerals.Methane Blend,Service,BC,Industrial Minerals,Methane Blend,Biogas,lifetime,,,,tech_data_generic,Years,1,1,1,1,1,1,1,1,1,1,1,
CIMS.CAN.BC.Industrial Minerals.Methane Blend,Service,BC,Industrial Minerals,Methane Blend,Biogas,market_share_total,,,,tech_data_region,%,0,,,,,,,,,,,
CIMS.CAN.BC.Industrial Minerals.Methane Blend,Service,BC,Industrial Minerals,Methane Blend,Biogas,output,,,,tech_data_generic,node unit,1,1,1,1,1,1,1,1,1,1,1,
CIMS.CAN.BC.Industrial Minerals.Methane Blend,Service,BC,Industrial Minerals,Methane Blend,Biogas,fcc,,,,tech_data_generic,$,0,0,0,0,0,0,0,0,0,0,0,
CIMS.CAN.BC.Industrial Minerals.Methane Blend,Service,BC,Industrial Minerals,Methane Blend,Biogas,fom,,,,tech_data_generic,$,0,0,0,0,0,0,0,0,0,0,0,
CIMS.CAN.BC.Industrial Minerals.Methane Blend,Service,BC,Industrial Minerals,Methane Blend,Biogas,service_request,,,CIMS.Generic Fuels.Biogas,tech_multi_generic,GJ,1,1,1,1,1,1,1,1,1,1,1,
CIMS.CAN.BC.Industrial Minerals.Methane Blend,Service,BC,Industrial Minerals,Methane Blend,Biomass Gasification,technology,,,,,,,,,,,,,,,,,
CIMS.CAN.BC.Industrial Minerals.Methane Blend,Service,BC,Industrial Minerals,Methane Blend,Biomass Gasification,available,,,,tech_data_generic,Year,2030,2030,2030,2030,2030,2030,2030,2030,2030,2030,2030,
CIMS.CAN.BC.Industrial Minerals.Methane Blend,Service,BC,Industrial Minerals,Methane Blend,Biomass Gasification,unavailable,,,,tech_data_generic,Year,2101,2101,2101,2101,2101,2101,2101,2101,2101,2101,2101,
CIMS.CAN.BC.Industrial Minerals.Methane Blend,Service,BC,Industrial Minerals,Methane Blend,Biomass Gasification,lifetime,,,,tech_data_generic,Years,1,1,1,1,1,1,1,1,1,1,1,
CIMS.CAN.BC.Industrial Minerals.Methane Blend,Service,BC,Industrial Minerals,Methane Blend,Biomass Gasification,market_share_total,,,,tech_data_region,%,0,,,,,,,,,,,
CIMS.CAN.BC.Industrial Minerals.Methane Blend,Service,BC,Industrial Minerals,Methane Blend,Biomass Gasification,output,,,,tech_data_generic,node unit,1,1,1,1,1,1,1,1,1,1,1,
CIMS.CAN.BC.Industrial Minerals.Methane Blend,Service,BC,Industrial Minerals,Methane Blend,Biomass Gasification,fcc,,,,tech_data_generic,$,0,0,0,0,0,0,0,0,0,0,0,
CIMS.CAN.BC.Industrial Minerals.Methane Blend,Service,BC,Industrial Minerals,Methane Blend,Biomass Gasification,fom,,,,tech_data_generic,$,0,0,0,0,0,0,0,0,0,0,0,
CIMS.CAN.BC.Industrial Minerals.Methane Blend,Service,BC,Industrial Minerals,Methane Blend,Biomass Gasification,service_request,,,CIMS.Generic Fuels.Solid Biomass,tech_multi_generic,GJ,1,1,1,1,1,1,1,1,1,1,1,
CIMS.CAN.BC.Industrial Minerals.Methane Blend,Service,BC,Industrial Minerals,Methane Blend,H2,technology,,,,,,,,,,,,,,,,,
CIMS.CAN.BC.Industrial Minerals.Methane Blend,Service,BC,Industrial Minerals,Methane Blend,H2,available,,,,tech_data_generic,Year,2025,2025,2025,2025,2025,2025,2025,2025,2025,2025,2025,
CIMS.CAN.BC.Industrial Minerals.Methane Blend,Service,BC,Industrial Minerals,Methane Blend,H2,unavailable,,,,tech_data_generic,Year,2101,2101,2101,2101,2101,2101,2101,2101,2101,2101,2101,
CIMS.CAN.BC.Industrial Minerals.Methane Blend,Service,BC,Industrial Minerals,Methane Blend,H2,lifetime,,,,tech_data_generic,Years,1,1,1,1,1,1,1,1,1,1,1,
CIMS.CAN.BC.Industrial Minerals.Methane Blend,Service,BC,Industrial Minerals,Methane Blend,H2,market_share_total,,,,tech_data_region,%,0,,,,,,,,,,,
CIMS.CAN.BC.Industrial Minerals.Methane Blend,Service,BC,Industrial Minerals,Methane Blend,H2,output,,,,tech_data_generic,node unit,1,1,1,1,1,1,1,1,1,1,1,
CIMS.CAN.BC.Industrial Minerals.Methane Blend,Service,BC,Industrial Minerals,Methane Blend,H2,fcc,,,,tech_data_generic,$,0,0,0,0,0,0,0,0,0,0,0,
CIMS.CAN.BC.Industrial Minerals.Methane Blend,Service,BC,Industrial Minerals,Methane Blend,H2,fom,,,,tech_data_generic,$,0,0,0,0,0,0,0,0,0,0,0,
CIMS.CAN.BC.Industrial Minerals.Methane Blend,Service,BC,Industrial Minerals,Methane Blend,H2,service_request,,,CIMS.CAN.BC.Hydrogen,tech_multi_generic,GJ,1,1,1,1,1,1,1,1,1,1,1,
CIMS.CAN.BC.Industrial Minerals.CCS,Service,BC,Industrial Minerals,CCS,,service_provide,,,,activity_data_generic,tCO2,,,,,,,,,,,,
CIMS.CAN.BC.Industrial Minerals.CCS,Service,BC,Industrial Minerals,CCS,,competition,Tech Compete,,,,,,,,,,,,,,,,
CIMS.CAN.BC.Industrial Minerals.CCS,Service,BC,Industrial Minerals,CCS,,discount_rate_financial,,,,tech_data_generic,%,0.35,0.35,0.35,0.35,0.35,0.35,0.35,0.35,0.35,0.35,0.35,
CIMS.CAN.BC.Industrial Minerals.CCS,Service,BC,Industrial Minerals,CCS,,heterogeneity,,,,tech_data_generic,,10,10,10,10,10,10,10,10,10,10,10,
CIMS.CAN.BC.Industrial Minerals.CCS,Service,BC,Industrial Minerals,CCS,CCS,technology,,,,,,,,,,,,,,,,,
CIMS.CAN.BC.Industrial Minerals.CCS,Service,BC,Industrial Minerals,CCS,CCS,available,,,,tech_data_generic,Year,1950,1950,1950,1950,1950,1950,1950,1950,1950,1950,1950,
CIMS.CAN.BC.Industrial Minerals.CCS,Service,BC,Industrial Minerals,CCS,CCS,unavailable,,,,tech_data_generic,Year,2101,2101,2101,2101,2101,2101,2101,2101,2101,2101,2101,
CIMS.CAN.BC.Industrial Minerals.CCS,Service,BC,Industrial Minerals,CCS,CCS,lifetime,,,,tech_data_generic,Years,30,30,30,30,30,30,30,30,30,30,30,
CIMS.CAN.BC.Industrial Minerals.CCS,Service,BC,Industrial Minerals,CCS,CCS,market_share_total,,,,tech_data_region,%,1,,,,,,,,,,,
CIMS.CAN.BC.Industrial Minerals.CCS,Service,BC,Industrial Minerals,CCS,CCS,output,,,,tech_data_generic,node unit,925650,925650,925650,925650,925650,925650,925650,925650,925650,925650,925650,
CIMS.CAN.BC.Industrial Minerals.CCS,Service,BC,Industrial Minerals,CCS,CCS,fcc,,,,tech_data_generic,$,545032494.187525,545032494.187525,545032494.187525,545032494.187525,545032494.187525,545032494.187525,545032494.187525,545032494.187525,545032494.187525,545032494.187525,545032494.187525,
CIMS.CAN.BC.Industrial Minerals.CCS,Service,BC,Industrial Minerals,CCS,CCS,fom,,,,tech_data_generic,$,14242622.7435837,14242622.7435837,14242622.7435837,14242622.7435837,14242622.7435837,14242622.7435837,14242622.7435837,14242622.7435837,14242622.7435837,14242622.7435837,14242622.7435837,
CIMS.CAN.BC.Industrial Minerals.CCS,Service,BC,Industrial Minerals,CCS,CCS,service_request,,,CIMS.Generic Fuels.VOM,tech_multi_generic,$,8.44803684368475,8.44803684368475,8.44803684368475,8.44803684368475,8.44803684368475,8.44803684368475,8.44803684368475,8.44803684368475,8.44803684368475,8.44803684368475,8.44803684368475,
CIMS.CAN.BC.Industrial Minerals.CCS,Service,BC,Industrial Minerals,CCS,CCS,service_request,,,CIMS.Generic Fuels.Natural Gas,tech_multi_generic,GJ,4.84091945299116,4.84091945299116,4.84091945299116,4.84091945299116,4.84091945299116,4.84091945299116,4.84091945299116,4.84091945299116,4.84091945299116,4.84091945299116,4.84091945299116,
CIMS.CAN.BC.Industrial Minerals.CCS,Service,BC,Industrial Minerals,CCS,CCS,service_request,,,CIMS.Transmission.CCS TS BC,tech_multi_generic,tCO2,1.11335610160274,1.11335610160274,1.11335610160274,1.11335610160274,1.11335610160274,1.11335610160274,1.11335610160274,1.11335610160274,1.11335610160274,1.11335610160274,1.11335610160274,
CIMS.CAN.BC.Industrial Minerals.CCS,Service,BC,Industrial Minerals,CCS,CCS,emissions_removal,CO2,Combustion,,tech_multi_generic,%,0.9,0.9,0.9,0.9,0.9,0.9,0.9,0.9,0.9,0.9,0.9,
CIMS.CAN.BC.Industrial Minerals.CCS,Service,BC,Industrial Minerals,CCS,CCS,emissions_removal,CO2,Process,,tech_multi_generic,%,0.9,0.9,0.9,0.9,0.9,0.9,0.9,0.9,0.9,0.9,0.9,
CIMS.CAN.BC.Industrial Minerals.HVAC,Service,BC,Industrial Minerals,HVAC,,service_provide,,,,activity_data_generic,GJ,,,,,,,,,,,,
CIMS.CAN.BC.Industrial Minerals.HVAC,Service,BC,Industrial Minerals,HVAC,,competition,Fixed Ratio,,,,,,,,,,,,,,,,
CIMS.CAN.BC.Industrial Minerals.HVAC,Service,BC,Industrial Minerals,HVAC,,service_request,,,CIMS.CAN.BC.Industrial Minerals.HVAC.Space Heating,activity_data_region,GJ,0.9,0.9,0.9,0.9,0.9,0.9,0.9,0.9,0.9,0.9,0.9,
CIMS.CAN.BC.Industrial Minerals.HVAC,Service,BC,Industrial Minerals,HVAC,,service_request,,,CIMS.CAN.BC.Industrial Minerals.HVAC.Space Cooling,activity_data_region,GJ,0.1,0.1,0.1,0.1,0.1,0.1,0.1,0.1,0.1,0.1,0.1,
CIMS.CAN.BC.Industrial Minerals.HVAC.Space Heating,Service,BC,Industrial Minerals,Space Heating,,service_provide,,,,activity_data_generic,GJ,,,,,,,,,,,,
CIMS.CAN.BC.Industrial Minerals.HVAC.Space Heating,Service,BC,Industrial Minerals,Space Heating,,competition,Tech Compete,,,,,,,,,,,,,,,,
CIMS.CAN.BC.Industrial Minerals.HVAC.Space Heating,Service,BC,Industrial Minerals,Space Heating,,discount_rate_financial,,,,tech_data_generic,%,0.5,0.5,0.5,0.5,0.5,0.5,0.5,0.5,0.5,0.5,0.5,
CIMS.CAN.BC.Industrial Minerals.HVAC.Space Heating,Service,BC,Industrial Minerals,Space Heating,,heterogeneity,,,,tech_data_generic,,10,10,10,10,10,10,10,10,10,10,10,
CIMS.CAN.BC.Industrial Minerals.HVAC.Space Heating,Service,BC,Industrial Minerals,Space Heating,Space heat NG,technology,,,,,,,,,,,,,,,,,
CIMS.CAN.BC.Industrial Minerals.HVAC.Space Heating,Service,BC,Industrial Minerals,Space Heating,Space heat NG,available,,,,tech_data_generic,Year,1950,1950,1950,1950,1950,1950,1950,1950,1950,1950,1950,
CIMS.CAN.BC.Industrial Minerals.HVAC.Space Heating,Service,BC,Industrial Minerals,Space Heating,Space heat NG,unavailable,,,,tech_data_generic,Year,2101,2101,2101,2101,2101,2101,2101,2101,2101,2101,2101,
CIMS.CAN.BC.Industrial Minerals.HVAC.Space Heating,Service,BC,Industrial Minerals,Space Heating,Space heat NG,lifetime,,,,tech_data_generic,Years,30,30,30,30,30,30,30,30,30,30,30,
CIMS.CAN.BC.Industrial Minerals.HVAC.Space Heating,Service,BC,Industrial Minerals,Space Heating,Space heat NG,market_share_total,,,,tech_data_region,%,1,,,,,,,,,,,
CIMS.CAN.BC.Industrial Minerals.HVAC.Space Heating,Service,BC,Industrial Minerals,Space Heating,Space heat NG,output,,,,tech_data_generic,node unit,9230,9230,9230,9230,9230,9230,9230,9230,9230,9230,9230,
CIMS.CAN.BC.Industrial Minerals.HVAC.Space Heating,Service,BC,Industrial Minerals,Space Heating,Space heat NG,fcc,,,,tech_data_generic,$,782109.351175848,782109.351175848,782109.351175848,782109.351175848,782109.351175848,782109.351175848,782109.351175848,782109.351175848,782109.351175848,782109.351175848,782109.351175848,
CIMS.CAN.BC.Industrial Minerals.HVAC.Space Heating,Service,BC,Industrial Minerals,Space Heating,Space heat NG,fom,,,,tech_data_generic,$,78210.9351175848,78210.9351175848,78210.9351175848,78210.9351175848,78210.9351175848,78210.9351175848,78210.9351175848,78210.9351175848,78210.9351175848,78210.9351175848,78210.9351175848,
CIMS.CAN.BC.Industrial Minerals.HVAC.Space Heating,Service,BC,Industrial Minerals,Space Heating,Space heat NG,service_request,,,CIMS.CAN.BC.Industrial Minerals.Methane Blend,tech_multi_generic,GJ,1.2,1.2,1.2,1.2,1.2,1.2,1.2,1.2,1.2,1.2,1.2,
CIMS.CAN.BC.Industrial Minerals.HVAC.Space Heating,Service,BC,Industrial Minerals,Space Heating,Space heat electric,technology,,,,,,,,,,,,,,,,,
CIMS.CAN.BC.Industrial Minerals.HVAC.Space Heating,Service,BC,Industrial Minerals,Space Heating,Space heat electric,available,,,,tech_data_generic,Year,1950,1950,1950,1950,1950,1950,1950,1950,1950,1950,1950,
CIMS.CAN.BC.Industrial Minerals.HVAC.Space Heating,Service,BC,Industrial Minerals,Space Heating,Space heat electric,unavailable,,,,tech_data_generic,Year,2101,2101,2101,2101,2101,2101,2101,2101,2101,2101,2101,
CIMS.CAN.BC.Industrial Minerals.HVAC.Space Heating,Service,BC,Industrial Minerals,Space Heating,Space heat electric,lifetime,,,,tech_data_generic,Years,30,30,30,30,30,30,30,30,30,30,30,
CIMS.CAN.BC.Industrial Minerals.HVAC.Space Heating,Service,BC,Industrial Minerals,Space Heating,Space heat electric,market_share_total,,,,tech_data_region,%,0,,,,,,,,,,,
CIMS.CAN.BC.Industrial Minerals.HVAC.Space Heating,Service,BC,Industrial Minerals,Space Heating,Space heat electric,output,,,,tech_data_generic,node unit,9230,9230,9230,9230,9230,9230,9230,9230,9230,9230,9230,
CIMS.CAN.BC.Industrial Minerals.HVAC.Space Heating,Service,BC,Industrial Minerals,Space Heating,Space heat electric,fcc,,,,tech_data_generic,$,782109.351175848,782109.351175848,782109.351175848,782109.351175848,782109.351175848,782109.351175848,782109.351175848,782109.351175848,782109.351175848,782109.351175848,782109.351175848,
CIMS.CAN.BC.Industrial Minerals.HVAC.Space Heating,Service,BC,Industrial Minerals,Space Heating,Space heat electric,fom,,,,tech_data_generic,$,78210.9351175848,78210.9351175848,78210.9351175848,78210.9351175848,78210.9351175848,78210.9351175848,78210.9351175848,78210.9351175848,78210.9351175848,78210.9351175848,78210.9351175848,
CIMS.CAN.BC.Industrial Minerals.HVAC.Space Heating,Service,BC,Industrial Minerals,Space Heating,Space heat electric,service_request,,,CIMS.CAN.BC.Electricity,tech_multi_generic,GJ,1.2,1.2,1.2,1.2,1.2,1.2,1.2,1.2,1.2,1.2,1.2,
CIMS.CAN.BC.Industrial Minerals.HVAC.Space Cooling,Service,BC,Industrial Minerals,Space Cooling,,service_provide,,,,activity_data_generic,GJ,,,,,,,,,,,,
CIMS.CAN.BC.Industrial Minerals.HVAC.Space Cooling,Service,BC,Industrial Minerals,Space Cooling,,competition,Tech Compete,,,,,,,,,,,,,,,,
CIMS.CAN.BC.Industrial Minerals.HVAC.Space Cooling,Service,BC,Industrial Minerals,Space Cooling,,discount_rate_financial,,,,tech_data_generic,%,0.5,0.5,0.5,0.5,0.5,0.5,0.5,0.5,0.5,0.5,0.5,
CIMS.CAN.BC.Industrial Minerals.HVAC.Space Cooling,Service,BC,Industrial Minerals,Space Cooling,,heterogeneity,,,,tech_data_generic,,10,10,10,10,10,10,10,10,10,10,10,
CIMS.CAN.BC.Industrial Minerals.HVAC.Space Cooling,Service,BC,Industrial Minerals,Space Cooling,Space cooling electric,technology,,,,,,,,,,,,,,,,,
CIMS.CAN.BC.Industrial Minerals.HVAC.Space Cooling,Service,BC,Industrial Minerals,Space Cooling,Space cooling electric,available,,,,tech_data_generic,Year,1940,1940,1940,1940,1940,1940,1940,1940,1940,1940,1940,
CIMS.CAN.BC.Industrial Minerals.HVAC.Space Cooling,Service,BC,Industrial Minerals,Space Cooling,Space cooling electric,unavailable,,,,tech_data_generic,Year,2101,2101,2101,2101,2101,2101,2101,2101,2101,2101,2101,
CIMS.CAN.BC.Industrial Minerals.HVAC.Space Cooling,Service,BC,Industrial Minerals,Space Cooling,Space cooling electric,lifetime,,,,tech_data_generic,Years,30,30,30,30,30,30,30,30,30,30,30,
CIMS.CAN.BC.Industrial Minerals.HVAC.Space Cooling,Service,BC,Industrial Minerals,Space Cooling,Space cooling electric,market_share_total,,,,tech_data_region,%,1,,,,,,,,,,,
CIMS.CAN.BC.Industrial Minerals.HVAC.Space Cooling,Service,BC,Industrial Minerals,Space Cooling,Space cooling electric,output,,,,tech_data_generic,node unit,9230,9230,9230,9230,9230,9230,9230,9230,9230,9230,9230,
CIMS.CAN.BC.Industrial Minerals.HVAC.Space Cooling,Service,BC,Industrial Minerals,Space Cooling,Space cooling electric,fcc,,,,tech_data_generic,$,782109.351175848,782109.351175848,782109.351175848,782109.351175848,782109.351175848,782109.351175848,782109.351175848,782109.351175848,782109.351175848,782109.351175848,782109.351175848,
CIMS.CAN.BC.Industrial Minerals.HVAC.Space Cooling,Service,BC,Industrial Minerals,Space Cooling,Space cooling electric,fom,,,,tech_data_generic,$,78210.9351175848,78210.9351175848,78210.9351175848,78210.9351175848,78210.9351175848,78210.9351175848,78210.9351175848,78210.9351175848,78210.9351175848,78210.9351175848,78210.9351175848,
CIMS.CAN.BC.Industrial Minerals.HVAC.Space Cooling,Service,BC,Industrial Minerals,Space Cooling,Space cooling electric,service_request,,,CIMS.CAN.BC.Electricity,tech_multi_generic,GJ,1.33,1.33,1.33,1.33,1.33,1.33,1.33,1.33,1.33,1.33,1.33,
CIMS.CAN.BC.Industrial Minerals.Lighting,Service,BC,Industrial Minerals,Lighting,,service_provide,,,,activity_data_generic,GJ,,,,,,,,,,,,
CIMS.CAN.BC.Industrial Minerals.Lighting,Service,BC,Industrial Minerals,Lighting,,competition,Tech Compete,,,,,,,,,,,,,,,,
CIMS.CAN.BC.Industrial Minerals.Lighting,Service,BC,Industrial Minerals,Lighting,,discount_rate_financial,,,,tech_data_generic,%,0.5,0.5,0.5,0.5,0.5,0.5,0.5,0.5,0.5,0.5,0.5,
CIMS.CAN.BC.Industrial Minerals.Lighting,Service,BC,Industrial Minerals,Lighting,,heterogeneity,,,,tech_data_generic,,10,10,10,10,10,10,10,10,10,10,10,
CIMS.CAN.BC.Industrial Minerals.Lighting,Service,BC,Industrial Minerals,Lighting,Base Lighting,technology,,,,,,,,,,,,,,,,,
CIMS.CAN.BC.Industrial Minerals.Lighting,Service,BC,Industrial Minerals,Lighting,Base Lighting,available,,,,tech_data_generic,Year,1990,1990,1990,1990,1990,1990,1990,1990,1990,1990,1990,
CIMS.CAN.BC.Industrial Minerals.Lighting,Service,BC,Industrial Minerals,Lighting,Base Lighting,unavailable,,,,tech_data_generic,Year,2011,2011,2011,2011,2011,2011,2011,2011,2011,2011,2011,
CIMS.CAN.BC.Industrial Minerals.Lighting,Service,BC,Industrial Minerals,Lighting,Base Lighting,lifetime,,,,tech_data_generic,Years,30,30,30,30,30,30,30,30,30,30,30,
CIMS.CAN.BC.Industrial Minerals.Lighting,Service,BC,Industrial Minerals,Lighting,Base Lighting,market_share_total,,,,tech_data_region,%,1,,,,,,,,,,,
CIMS.CAN.BC.Industrial Minerals.Lighting,Service,BC,Industrial Minerals,Lighting,Base Lighting,output,,,,tech_data_generic,node unit,27.5,27.5,27.5,27.5,27.5,27.5,27.5,27.5,27.5,27.5,27.5,
CIMS.CAN.BC.Industrial Minerals.Lighting,Service,BC,Industrial Minerals,Lighting,Base Lighting,fcc,,,,tech_data_generic,$,1288.00441028375,1288.00441028375,1288.00441028375,1288.00441028375,1288.00441028375,1288.00441028375,1288.00441028375,1288.00441028375,1288.00441028375,1288.00441028375,1288.00441028375,
CIMS.CAN.BC.Industrial Minerals.Lighting,Service,BC,Industrial Minerals,Lighting,Base Lighting,fom,,,,tech_data_generic,$,14.2212450454733,14.2212450454733,14.2212450454733,14.2212450454733,14.2212450454733,14.2212450454733,14.2212450454733,14.2212450454733,14.2212450454733,14.2212450454733,14.2212450454733,
CIMS.CAN.BC.Industrial Minerals.Lighting,Service,BC,Industrial Minerals,Lighting,Base Lighting,service_request,,,CIMS.CAN.BC.Electricity,tech_multi_generic,GJ,4.06127126150672,4.06127126150672,4.06127126150672,4.06127126150672,4.06127126150672,4.06127126150672,4.06127126150672,4.06127126150672,4.06127126150672,4.06127126150672,4.06127126150672,
CIMS.CAN.BC.Industrial Minerals.Lighting,Service,BC,Industrial Minerals,Lighting,More Eff Lighting,technology,,,,,,,,,,,,,,,,,
CIMS.CAN.BC.Industrial Minerals.Lighting,Service,BC,Industrial Minerals,Lighting,More Eff Lighting,available,,,,tech_data_generic,Year,2000,2000,2000,2000,2000,2000,2000,2000,2000,2000,2000,
CIMS.CAN.BC.Industrial Minerals.Lighting,Service,BC,Industrial Minerals,Lighting,More Eff Lighting,unavailable,,,,tech_data_generic,Year,2101,2101,2101,2101,2101,2101,2101,2101,2101,2101,2101,
CIMS.CAN.BC.Industrial Minerals.Lighting,Service,BC,Industrial Minerals,Lighting,More Eff Lighting,lifetime,,,,tech_data_generic,Years,30,30,30,30,30,30,30,30,30,30,30,
CIMS.CAN.BC.Industrial Minerals.Lighting,Service,BC,Industrial Minerals,Lighting,More Eff Lighting,market_share_total,,,,tech_data_region,%,0,,,,,,,,,,,
CIMS.CAN.BC.Industrial Minerals.Lighting,Service,BC,Industrial Minerals,Lighting,More Eff Lighting,output,,,,tech_data_generic,node unit,27.5,27.5,27.5,27.5,27.5,27.5,27.5,27.5,27.5,27.5,27.5,
CIMS.CAN.BC.Industrial Minerals.Lighting,Service,BC,Industrial Minerals,Lighting,More Eff Lighting,fcc,,,,tech_data_generic,$,1288.00441028375,1288.00441028375,1288.00441028375,1288.00441028375,1288.00441028375,1288.00441028375,1288.00441028375,1288.00441028375,1288.00441028375,1288.00441028375,1288.00441028375,
CIMS.CAN.BC.Industrial Minerals.Lighting,Service,BC,Industrial Minerals,Lighting,More Eff Lighting,fom,,,,tech_data_generic,$,14.2212450454733,14.2212450454733,14.2212450454733,14.2212450454733,14.2212450454733,14.2212450454733,14.2212450454733,14.2212450454733,14.2212450454733,14.2212450454733,14.2212450454733,
CIMS.CAN.BC.Industrial Minerals.Lighting,Service,BC,Industrial Minerals,Lighting,More Eff Lighting,service_request,,,CIMS.CAN.BC.Electricity,tech_multi_generic,GJ,3.05600535952549,3.05600535952549,3.05600535952549,3.05600535952549,3.05600535952549,3.05600535952549,3.05600535952549,3.05600535952549,3.05600535952549,3.05600535952549,3.05600535952549,
CIMS.CAN.BC.Industrial Minerals.Lighting,Service,BC,Industrial Minerals,Lighting,Most Eff Lighting,technology,,,,,,,,,,,,,,,,,
CIMS.CAN.BC.Industrial Minerals.Lighting,Service,BC,Industrial Minerals,Lighting,Most Eff Lighting,available,,,,tech_data_generic,Year,2005,2005,2005,2005,2005,2005,2005,2005,2005,2005,2005,
CIMS.CAN.BC.Industrial Minerals.Lighting,Service,BC,Industrial Minerals,Lighting,Most Eff Lighting,unavailable,,,,tech_data_generic,Year,2101,2101,2101,2101,2101,2101,2101,2101,2101,2101,2101,
CIMS.CAN.BC.Industrial Minerals.Lighting,Service,BC,Industrial Minerals,Lighting,Most Eff Lighting,lifetime,,,,tech_data_generic,Years,30,30,30,30,30,30,30,30,30,30,30,
CIMS.CAN.BC.Industrial Minerals.Lighting,Service,BC,Industrial Minerals,Lighting,Most Eff Lighting,market_share_total,,,,tech_data_region,%,0,,,,,,,,,,,
CIMS.CAN.BC.Industrial Minerals.Lighting,Service,BC,Industrial Minerals,Lighting,Most Eff Lighting,output,,,,tech_data_generic,node unit,27.5,27.5,27.5,27.5,27.5,27.5,27.5,27.5,27.5,27.5,27.5,
CIMS.CAN.BC.Industrial Minerals.Lighting,Service,BC,Industrial Minerals,Lighting,Most Eff Lighting,fcc,,,,tech_data_generic,$,1596.4630664837,1596.4630664837,1596.4630664837,1596.4630664837,1596.4630664837,1596.4630664837,1596.4630664837,1596.4630664837,1596.4630664837,1596.4630664837,1596.4630664837,
CIMS.CAN.BC.Industrial Minerals.Lighting,Service,BC,Industrial Minerals,Lighting,Most Eff Lighting,fom,,,,tech_data_generic,$,25.0313707939953,25.0313707939953,25.0313707939953,25.0313707939953,25.0313707939953,25.0313707939953,25.0313707939953,25.0313707939953,25.0313707939953,25.0313707939953,25.0313707939953,
CIMS.CAN.BC.Industrial Minerals.Lighting,Service,BC,Industrial Minerals,Lighting,Most Eff Lighting,service_request,,,CIMS.CAN.BC.Electricity,tech_multi_generic,GJ,2.52227230425958,2.52227230425958,2.52227230425958,2.52227230425958,2.52227230425958,2.52227230425958,2.52227230425958,2.52227230425958,2.52227230425958,2.52227230425958,2.52227230425958,
CIMS.CAN.BC.Industrial Minerals.Ventilation,Service,BC,Industrial Minerals,Ventilation,,service_provide,,,,activity_data_generic,GJ,,,,,,,,,,,,
CIMS.CAN.BC.Industrial Minerals.Ventilation,Service,BC,Industrial Minerals,Ventilation,,competition,Tech Compete,,,,,,,,,,,,,,,,
CIMS.CAN.BC.Industrial Minerals.Ventilation,Service,BC,Industrial Minerals,Ventilation,,discount_rate_financial,,,,tech_data_generic,%,0.5,0.5,0.5,0.5,0.5,0.5,0.5,0.5,0.5,0.5,0.5,
CIMS.CAN.BC.Industrial Minerals.Ventilation,Service,BC,Industrial Minerals,Ventilation,,heterogeneity,,,,tech_data_generic,,10,10,10,10,10,10,10,10,10,10,10,
CIMS.CAN.BC.Industrial Minerals.Ventilation,Service,BC,Industrial Minerals,Ventilation,Low Eff backward inclined fan,technology,,,,,,,,,,,,,,,,,
CIMS.CAN.BC.Industrial Minerals.Ventilation,Service,BC,Industrial Minerals,Ventilation,Low Eff backward inclined fan,available,,,,tech_data_generic,Year,1940,1940,1940,1940,1940,1940,1940,1940,1940,1940,1940,
CIMS.CAN.BC.Industrial Minerals.Ventilation,Service,BC,Industrial Minerals,Ventilation,Low Eff backward inclined fan,unavailable,,,,tech_data_generic,Year,2101,2101,2101,2101,2101,2101,2101,2101,2101,2101,2101,
CIMS.CAN.BC.Industrial Minerals.Ventilation,Service,BC,Industrial Minerals,Ventilation,Low Eff backward inclined fan,lifetime,,,,tech_data_generic,Years,30,30,30,30,30,30,30,30,30,30,30,
CIMS.CAN.BC.Industrial Minerals.Ventilation,Service,BC,Industrial Minerals,Ventilation,Low Eff backward inclined fan,market_share_total,,,,tech_data_region,%,0.2,,,,,,,,,,,
CIMS.CAN.BC.Industrial Minerals.Ventilation,Service,BC,Industrial Minerals,Ventilation,Low Eff backward inclined fan,output,,,,tech_data_generic,node unit,3691.603718496,3691.603718496,3691.603718496,3691.603718496,3691.603718496,3691.603718496,3691.603718496,3691.603718496,3691.603718496,3691.603718496,3691.603718496,
CIMS.CAN.BC.Industrial Minerals.Ventilation,Service,BC,Industrial Minerals,Ventilation,Low Eff backward inclined fan,fcc,,,,tech_data_generic,$,67770.4763362118,67770.4763362118,67770.4763362118,67770.4763362118,67770.4763362118,67770.4763362118,67770.4763362118,67770.4763362118,67770.4763362118,67770.4763362118,67770.4763362118,
CIMS.CAN.BC.Industrial Minerals.Ventilation,Service,BC,Industrial Minerals,Ventilation,Low Eff backward inclined fan,fom,,,,tech_data_generic,$,625.687480940677,625.687480940677,625.687480940677,625.687480940677,625.687480940677,625.687480940677,625.687480940677,625.687480940677,625.687480940677,625.687480940677,625.687480940677,
CIMS.CAN.BC.Industrial Minerals.Ventilation,Service,BC,Industrial Minerals,Ventilation,Low Eff backward inclined fan,service_request,,,CIMS.CAN.BC.Industrial Minerals.Machine Drive,tech_multi_generic,GJ,2.13523967531545,2.13523967531545,2.13523967531545,2.13523967531545,2.13523967531545,2.13523967531545,2.13523967531545,2.13523967531545,2.13523967531545,2.13523967531545,2.13523967531545,
CIMS.CAN.BC.Industrial Minerals.Ventilation,Service,BC,Industrial Minerals,Ventilation,High Eff backward inclined fan,technology,,,,,,,,,,,,,,,,,
CIMS.CAN.BC.Industrial Minerals.Ventilation,Service,BC,Industrial Minerals,Ventilation,High Eff backward inclined fan,available,,,,tech_data_generic,Year,1940,1940,1940,1940,1940,1940,1940,1940,1940,1940,1940,
CIMS.CAN.BC.Industrial Minerals.Ventilation,Service,BC,Industrial Minerals,Ventilation,High Eff backward inclined fan,unavailable,,,,tech_data_generic,Year,2101,2101,2101,2101,2101,2101,2101,2101,2101,2101,2101,
CIMS.CAN.BC.Industrial Minerals.Ventilation,Service,BC,Industrial Minerals,Ventilation,High Eff backward inclined fan,lifetime,,,,tech_data_generic,Years,30,30,30,30,30,30,30,30,30,30,30,
CIMS.CAN.BC.Industrial Minerals.Ventilation,Service,BC,Industrial Minerals,Ventilation,High Eff backward inclined fan,market_share_total,,,,tech_data_region,%,0.05,,,,,,,,,,,
CIMS.CAN.BC.Industrial Minerals.Ventilation,Service,BC,Industrial Minerals,Ventilation,High Eff backward inclined fan,output,,,,tech_data_generic,node unit,3691.603718496,3691.603718496,3691.603718496,3691.603718496,3691.603718496,3691.603718496,3691.603718496,3691.603718496,3691.603718496,3691.603718496,3691.603718496,
CIMS.CAN.BC.Industrial Minerals.Ventilation,Service,BC,Industrial Minerals,Ventilation,High Eff backward inclined fan,fcc,,,,tech_data_generic,$,155433.338324815,155433.338324815,155433.338324815,155433.338324815,155433.338324815,155433.338324815,155433.338324815,155433.338324815,155433.338324815,155433.338324815,155433.338324815,
CIMS.CAN.BC.Industrial Minerals.Ventilation,Service,BC,Industrial Minerals,Ventilation,High Eff backward inclined fan,fom,,,,tech_data_generic,$,625.687480940677,625.687480940677,625.687480940677,625.687480940677,625.687480940677,625.687480940677,625.687480940677,625.687480940677,625.687480940677,625.687480940677,625.687480940677,
CIMS.CAN.BC.Industrial Minerals.Ventilation,Service,BC,Industrial Minerals,Ventilation,High Eff backward inclined fan,service_request,,,CIMS.CAN.BC.Industrial Minerals.Machine Drive,tech_multi_generic,GJ,1.6005783850052,1.6005783850052,1.6005783850052,1.6005783850052,1.6005783850052,1.6005783850052,1.6005783850052,1.6005783850052,1.6005783850052,1.6005783850052,1.6005783850052,
CIMS.CAN.BC.Industrial Minerals.Ventilation,Service,BC,Industrial Minerals,Ventilation,Low Eff radial fan,technology,,,,,,,,,,,,,,,,,
CIMS.CAN.BC.Industrial Minerals.Ventilation,Service,BC,Industrial Minerals,Ventilation,Low Eff radial fan,available,,,,tech_data_generic,Year,1940,1940,1940,1940,1940,1940,1940,1940,1940,1940,1940,
CIMS.CAN.BC.Industrial Minerals.Ventilation,Service,BC,Industrial Minerals,Ventilation,Low Eff radial fan,unavailable,,,,tech_data_generic,Year,2101,2101,2101,2101,2101,2101,2101,2101,2101,2101,2101,
CIMS.CAN.BC.Industrial Minerals.Ventilation,Service,BC,Industrial Minerals,Ventilation,Low Eff radial fan,lifetime,,,,tech_data_generic,Years,30,30,30,30,30,30,30,30,30,30,30,
CIMS.CAN.BC.Industrial Minerals.Ventilation,Service,BC,Industrial Minerals,Ventilation,Low Eff radial fan,market_share_total,,,,tech_data_region,%,0,,,,,,,,,,,
CIMS.CAN.BC.Industrial Minerals.Ventilation,Service,BC,Industrial Minerals,Ventilation,Low Eff radial fan,output,,,,tech_data_generic,node unit,3691.603718496,3691.603718496,3691.603718496,3691.603718496,3691.603718496,3691.603718496,3691.603718496,3691.603718496,3691.603718496,3691.603718496,3691.603718496,
CIMS.CAN.BC.Industrial Minerals.Ventilation,Service,BC,Industrial Minerals,Ventilation,Low Eff radial fan,fcc,,,,tech_data_generic,$,67770.4763362118,67770.4763362118,67770.4763362118,67770.4763362118,67770.4763362118,67770.4763362118,67770.4763362118,67770.4763362118,67770.4763362118,67770.4763362118,67770.4763362118,
CIMS.CAN.BC.Industrial Minerals.Ventilation,Service,BC,Industrial Minerals,Ventilation,Low Eff radial fan,fom,,,,tech_data_generic,$,625.687480940677,625.687480940677,625.687480940677,625.687480940677,625.687480940677,625.687480940677,625.687480940677,625.687480940677,625.687480940677,625.687480940677,625.687480940677,
CIMS.CAN.BC.Industrial Minerals.Ventilation,Service,BC,Industrial Minerals,Ventilation,Low Eff radial fan,service_request,,,CIMS.CAN.BC.Industrial Minerals.Machine Drive,tech_multi_generic,GJ,2.29224259261806,2.29224259261806,2.29224259261806,2.29224259261806,2.29224259261806,2.29224259261806,2.29224259261806,2.29224259261806,2.29224259261806,2.29224259261806,2.29224259261806,
CIMS.CAN.BC.Industrial Minerals.Ventilation,Service,BC,Industrial Minerals,Ventilation,High Eff radial fan,technology,,,,,,,,,,,,,,,,,
CIMS.CAN.BC.Industrial Minerals.Ventilation,Service,BC,Industrial Minerals,Ventilation,High Eff radial fan,available,,,,tech_data_generic,Year,1940,1940,1940,1940,1940,1940,1940,1940,1940,1940,1940,
CIMS.CAN.BC.Industrial Minerals.Ventilation,Service,BC,Industrial Minerals,Ventilation,High Eff radial fan,unavailable,,,,tech_data_generic,Year,2101,2101,2101,2101,2101,2101,2101,2101,2101,2101,2101,
CIMS.CAN.BC.Industrial Minerals.Ventilation,Service,BC,Industrial Minerals,Ventilation,High Eff radial fan,lifetime,,,,tech_data_generic,Years,30,30,30,30,30,30,30,30,30,30,30,
CIMS.CAN.BC.Industrial Minerals.Ventilation,Service,BC,Industrial Minerals,Ventilation,High Eff radial fan,market_share_total,,,,tech_data_region,%,0,,,,,,,,,,,
CIMS.CAN.BC.Industrial Minerals.Ventilation,Service,BC,Industrial Minerals,Ventilation,High Eff radial fan,output,,,,tech_data_generic,node unit,3691.603718496,3691.603718496,3691.603718496,3691.603718496,3691.603718496,3691.603718496,3691.603718496,3691.603718496,3691.603718496,3691.603718496,3691.603718496,
CIMS.CAN.BC.Industrial Minerals.Ventilation,Service,BC,Industrial Minerals,Ventilation,High Eff radial fan,fcc,,,,tech_data_generic,$,155433.338324815,155433.338324815,155433.338324815,155433.338324815,155433.338324815,155433.338324815,155433.338324815,155433.338324815,155433.338324815,155433.338324815,155433.338324815,
CIMS.CAN.BC.Industrial Minerals.Ventilation,Service,BC,Industrial Minerals,Ventilation,High Eff radial fan,fom,,,,tech_data_generic,$,625.687480940677,625.687480940677,625.687480940677,625.687480940677,625.687480940677,625.687480940677,625.687480940677,625.687480940677,625.687480940677,625.687480940677,625.687480940677,
CIMS.CAN.BC.Industrial Minerals.Ventilation,Service,BC,Industrial Minerals,Ventilation,High Eff radial fan,service_request,,,CIMS.CAN.BC.Industrial Minerals.Machine Drive,tech_multi_generic,GJ,1.71826797213794,1.71826797213794,1.71826797213794,1.71826797213794,1.71826797213794,1.71826797213794,1.71826797213794,1.71826797213794,1.71826797213794,1.71826797213794,1.71826797213794,
CIMS.CAN.BC.Industrial Minerals.Ventilation,Service,BC,Industrial Minerals,Ventilation,Low Eff airfoil fan,technology,,,,,,,,,,,,,,,,,
CIMS.CAN.BC.Industrial Minerals.Ventilation,Service,BC,Industrial Minerals,Ventilation,Low Eff airfoil fan,available,,,,tech_data_generic,Year,1940,1940,1940,1940,1940,1940,1940,1940,1940,1940,1940,
CIMS.CAN.BC.Industrial Minerals.Ventilation,Service,BC,Industrial Minerals,Ventilation,Low Eff airfoil fan,unavailable,,,,tech_data_generic,Year,2101,2101,2101,2101,2101,2101,2101,2101,2101,2101,2101,
CIMS.CAN.BC.Industrial Minerals.Ventilation,Service,BC,Industrial Minerals,Ventilation,Low Eff airfoil fan,lifetime,,,,tech_data_generic,Years,30,30,30,30,30,30,30,30,30,30,30,
CIMS.CAN.BC.Industrial Minerals.Ventilation,Service,BC,Industrial Minerals,Ventilation,Low Eff airfoil fan,market_share_total,,,,tech_data_region,%,0.2,,,,,,,,,,,
CIMS.CAN.BC.Industrial Minerals.Ventilation,Service,BC,Industrial Minerals,Ventilation,Low Eff airfoil fan,output,,,,tech_data_generic,node unit,3691.603718496,3691.603718496,3691.603718496,3691.603718496,3691.603718496,3691.603718496,3691.603718496,3691.603718496,3691.603718496,3691.603718496,3691.603718496,
CIMS.CAN.BC.Industrial Minerals.Ventilation,Service,BC,Industrial Minerals,Ventilation,Low Eff airfoil fan,fcc,,,,tech_data_generic,$,67770.4763362118,67770.4763362118,67770.4763362118,67770.4763362118,67770.4763362118,67770.4763362118,67770.4763362118,67770.4763362118,67770.4763362118,67770.4763362118,67770.4763362118,
CIMS.CAN.BC.Industrial Minerals.Ventilation,Service,BC,Industrial Minerals,Ventilation,Low Eff airfoil fan,fom,,,,tech_data_generic,$,625.687480940677,625.687480940677,625.687480940677,625.687480940677,625.687480940677,625.687480940677,625.687480940677,625.687480940677,625.687480940677,625.687480940677,625.687480940677,
CIMS.CAN.BC.Industrial Minerals.Ventilation,Service,BC,Industrial Minerals,Ventilation,Low Eff airfoil fan,service_request,,,CIMS.CAN.BC.Industrial Minerals.Machine Drive,tech_multi_generic,GJ,1.9983653371542,1.9983653371542,1.9983653371542,1.9983653371542,1.9983653371542,1.9983653371542,1.9983653371542,1.9983653371542,1.9983653371542,1.9983653371542,1.9983653371542,
CIMS.CAN.BC.Industrial Minerals.Ventilation,Service,BC,Industrial Minerals,Ventilation,High Eff airfoil fan,technology,,,,,,,,,,,,,,,,,
CIMS.CAN.BC.Industrial Minerals.Ventilation,Service,BC,Industrial Minerals,Ventilation,High Eff airfoil fan,available,,,,tech_data_generic,Year,1940,1940,1940,1940,1940,1940,1940,1940,1940,1940,1940,
CIMS.CAN.BC.Industrial Minerals.Ventilation,Service,BC,Industrial Minerals,Ventilation,High Eff airfoil fan,unavailable,,,,tech_data_generic,Year,2101,2101,2101,2101,2101,2101,2101,2101,2101,2101,2101,
CIMS.CAN.BC.Industrial Minerals.Ventilation,Service,BC,Industrial Minerals,Ventilation,High Eff airfoil fan,lifetime,,,,tech_data_generic,Years,30,30,30,30,30,30,30,30,30,30,30,
CIMS.CAN.BC.Industrial Minerals.Ventilation,Service,BC,Industrial Minerals,Ventilation,High Eff airfoil fan,market_share_total,,,,tech_data_region,%,0.05,,,,,,,,,,,
CIMS.CAN.BC.Industrial Minerals.Ventilation,Service,BC,Industrial Minerals,Ventilation,High Eff airfoil fan,output,,,,tech_data_generic,node unit,3691.603718496,3691.603718496,3691.603718496,3691.603718496,3691.603718496,3691.603718496,3691.603718496,3691.603718496,3691.603718496,3691.603718496,3691.603718496,
CIMS.CAN.BC.Industrial Minerals.Ventilation,Service,BC,Industrial Minerals,Ventilation,High Eff airfoil fan,fcc,,,,tech_data_generic,$,155433.338324815,155433.338324815,155433.338324815,155433.338324815,155433.338324815,155433.338324815,155433.338324815,155433.338324815,155433.338324815,155433.338324815,155433.338324815,
CIMS.CAN.BC.Industrial Minerals.Ventilation,Service,BC,Industrial Minerals,Ventilation,High Eff airfoil fan,fom,,,,tech_data_generic,$,625.687480940677,625.687480940677,625.687480940677,625.687480940677,625.687480940677,625.687480940677,625.687480940677,625.687480940677,625.687480940677,625.687480940677,625.687480940677,
CIMS.CAN.BC.Industrial Minerals.Ventilation,Service,BC,Industrial Minerals,Ventilation,High Eff airfoil fan,service_request,,,CIMS.CAN.BC.Industrial Minerals.Machine Drive,tech_multi_generic,GJ,1.49797720647923,1.49797720647923,1.49797720647923,1.49797720647923,1.49797720647923,1.49797720647923,1.49797720647923,1.49797720647923,1.49797720647923,1.49797720647923,1.49797720647923,
CIMS.CAN.BC.Industrial Minerals.Ventilation,Service,BC,Industrial Minerals,Ventilation,Low Eff vane axial tube axial fan,technology,,,,,,,,,,,,,,,,,
CIMS.CAN.BC.Industrial Minerals.Ventilation,Service,BC,Industrial Minerals,Ventilation,Low Eff vane axial tube axial fan,available,,,,tech_data_generic,Year,1940,1940,1940,1940,1940,1940,1940,1940,1940,1940,1940,
CIMS.CAN.BC.Industrial Minerals.Ventilation,Service,BC,Industrial Minerals,Ventilation,Low Eff vane axial tube axial fan,unavailable,,,,tech_data_generic,Year,2101,2101,2101,2101,2101,2101,2101,2101,2101,2101,2101,
CIMS.CAN.BC.Industrial Minerals.Ventilation,Service,BC,Industrial Minerals,Ventilation,Low Eff vane axial tube axial fan,lifetime,,,,tech_data_generic,Years,30,30,30,30,30,30,30,30,30,30,30,
CIMS.CAN.BC.Industrial Minerals.Ventilation,Service,BC,Industrial Minerals,Ventilation,Low Eff vane axial tube axial fan,market_share_total,,,,tech_data_region,%,0.4,,,,,,,,,,,
CIMS.CAN.BC.Industrial Minerals.Ventilation,Service,BC,Industrial Minerals,Ventilation,Low Eff vane axial tube axial fan,output,,,,tech_data_generic,node unit,3691.603718496,3691.603718496,3691.603718496,3691.603718496,3691.603718496,3691.603718496,3691.603718496,3691.603718496,3691.603718496,3691.603718496,3691.603718496,
CIMS.CAN.BC.Industrial Minerals.Ventilation,Service,BC,Industrial Minerals,Ventilation,Low Eff vane axial tube axial fan,fcc,,,,tech_data_generic,$,57604.9048857799,57604.9048857799,57604.9048857799,57604.9048857799,57604.9048857799,57604.9048857799,57604.9048857799,57604.9048857799,57604.9048857799,57604.9048857799,57604.9048857799,
CIMS.CAN.BC.Industrial Minerals.Ventilation,Service,BC,Industrial Minerals,Ventilation,Low Eff vane axial tube axial fan,fom,,,,tech_data_generic,$,625.687480940677,625.687480940677,625.687480940677,625.687480940677,625.687480940677,625.687480940677,625.687480940677,625.687480940677,625.687480940677,625.687480940677,625.687480940677,
CIMS.CAN.BC.Industrial Minerals.Ventilation,Service,BC,Industrial Minerals,Ventilation,Low Eff vane axial tube axial fan,service_request,,,CIMS.CAN.BC.Industrial Minerals.Machine Drive,tech_multi_generic,GJ,2.4741666079052,2.4741666079052,2.4741666079052,2.4741666079052,2.4741666079052,2.4741666079052,2.4741666079052,2.4741666079052,2.4741666079052,2.4741666079052,2.4741666079052,
CIMS.CAN.BC.Industrial Minerals.Ventilation,Service,BC,Industrial Minerals,Ventilation,High Eff vane axial tube axial fan,technology,,,,,,,,,,,,,,,,,
CIMS.CAN.BC.Industrial Minerals.Ventilation,Service,BC,Industrial Minerals,Ventilation,High Eff vane axial tube axial fan,available,,,,tech_data_generic,Year,1940,1940,1940,1940,1940,1940,1940,1940,1940,1940,1940,
CIMS.CAN.BC.Industrial Minerals.Ventilation,Service,BC,Industrial Minerals,Ventilation,High Eff vane axial tube axial fan,unavailable,,,,tech_data_generic,Year,2101,2101,2101,2101,2101,2101,2101,2101,2101,2101,2101,
CIMS.CAN.BC.Industrial Minerals.Ventilation,Service,BC,Industrial Minerals,Ventilation,High Eff vane axial tube axial fan,lifetime,,,,tech_data_generic,Years,30,30,30,30,30,30,30,30,30,30,30,
CIMS.CAN.BC.Industrial Minerals.Ventilation,Service,BC,Industrial Minerals,Ventilation,High Eff vane axial tube axial fan,market_share_total,,,,tech_data_region,%,0.1,,,,,,,,,,,
CIMS.CAN.BC.Industrial Minerals.Ventilation,Service,BC,Industrial Minerals,Ventilation,High Eff vane axial tube axial fan,output,,,,tech_data_generic,node unit,3691.603718496,3691.603718496,3691.603718496,3691.603718496,3691.603718496,3691.603718496,3691.603718496,3691.603718496,3691.603718496,3691.603718496,3691.603718496,
CIMS.CAN.BC.Industrial Minerals.Ventilation,Service,BC,Industrial Minerals,Ventilation,High Eff vane axial tube axial fan,fcc,,,,tech_data_generic,$,145267.766874383,145267.766874383,145267.766874383,145267.766874383,145267.766874383,145267.766874383,145267.766874383,145267.766874383,145267.766874383,145267.766874383,145267.766874383,
CIMS.CAN.BC.Industrial Minerals.Ventilation,Service,BC,Industrial Minerals,Ventilation,High Eff vane axial tube axial fan,fom,,,,tech_data_generic,$,625.687480940677,625.687480940677,625.687480940677,625.687480940677,625.687480940677,625.687480940677,625.687480940677,625.687480940677,625.687480940677,625.687480940677,625.687480940677,
CIMS.CAN.BC.Industrial Minerals.Ventilation,Service,BC,Industrial Minerals,Ventilation,High Eff vane axial tube axial fan,service_request,,,CIMS.CAN.BC.Industrial Minerals.Machine Drive,tech_multi_generic,GJ,1.85463844611714,1.85463844611714,1.85463844611714,1.85463844611714,1.85463844611714,1.85463844611714,1.85463844611714,1.85463844611714,1.85463844611714,1.85463844611714,1.85463844611714,
CIMS.CAN.BC.Industrial Minerals.Conveyance,Service,BC,Industrial Minerals,Conveyance,,service_provide,,,,activity_data_generic,GJ,,,,,,,,,,,,
CIMS.CAN.BC.Industrial Minerals.Conveyance,Service,BC,Industrial Minerals,Conveyance,,competition,Tech Compete,,,,,,,,,,,,,,,,
CIMS.CAN.BC.Industrial Minerals.Conveyance,Service,BC,Industrial Minerals,Conveyance,,discount_rate_financial,,,,tech_data_generic,%,0.5,0.5,0.5,0.5,0.5,0.5,0.5,0.5,0.5,0.5,0.5,
CIMS.CAN.BC.Industrial Minerals.Conveyance,Service,BC,Industrial Minerals,Conveyance,,heterogeneity,,,,tech_data_generic,,10,10,10,10,10,10,10,10,10,10,10,
CIMS.CAN.BC.Industrial Minerals.Conveyance,Service,BC,Industrial Minerals,Conveyance,Low Eff belt conveyor,technology,,,,,,,,,,,,,,,,,
CIMS.CAN.BC.Industrial Minerals.Conveyance,Service,BC,Industrial Minerals,Conveyance,Low Eff belt conveyor,available,,,,tech_data_generic,Year,1940,1940,1940,1940,1940,1940,1940,1940,1940,1940,1940,
CIMS.CAN.BC.Industrial Minerals.Conveyance,Service,BC,Industrial Minerals,Conveyance,Low Eff belt conveyor,unavailable,,,,tech_data_generic,Year,2101,2101,2101,2101,2101,2101,2101,2101,2101,2101,2101,
CIMS.CAN.BC.Industrial Minerals.Conveyance,Service,BC,Industrial Minerals,Conveyance,Low Eff belt conveyor,lifetime,,,,tech_data_generic,Years,15,15,15,15,15,15,15,15,15,15,15,
CIMS.CAN.BC.Industrial Minerals.Conveyance,Service,BC,Industrial Minerals,Conveyance,Low Eff belt conveyor,market_share_total,,,,tech_data_region,%,0.64,,,,,,,,,,,
CIMS.CAN.BC.Industrial Minerals.Conveyance,Service,BC,Industrial Minerals,Conveyance,Low Eff belt conveyor,output,,,,tech_data_generic,node unit,4068.3363696,4068.3363696,4068.3363696,4068.3363696,4068.3363696,4068.3363696,4068.3363696,4068.3363696,4068.3363696,4068.3363696,4068.3363696,
CIMS.CAN.BC.Industrial Minerals.Conveyance,Service,BC,Industrial Minerals,Conveyance,Low Eff belt conveyor,fcc,,,,tech_data_generic,$,69565.738998718,69565.738998718,69565.738998718,69565.738998718,69565.738998718,69565.738998718,69565.738998718,69565.738998718,69565.738998718,69565.738998718,69565.738998718,
CIMS.CAN.BC.Industrial Minerals.Conveyance,Service,BC,Industrial Minerals,Conveyance,Low Eff belt conveyor,fom,,,,tech_data_generic,$,4637.71593324787,4637.71593324787,4637.71593324787,4637.71593324787,4637.71593324787,4637.71593324787,4637.71593324787,4637.71593324787,4637.71593324787,4637.71593324787,4637.71593324787,
CIMS.CAN.BC.Industrial Minerals.Conveyance,Service,BC,Industrial Minerals,Conveyance,Low Eff belt conveyor,service_request,,,CIMS.CAN.BC.Industrial Minerals.Machine Drive,tech_multi_generic,GJ,1.20048019207683,1.20048019207683,1.20048019207683,1.20048019207683,1.20048019207683,1.20048019207683,1.20048019207683,1.20048019207683,1.20048019207683,1.20048019207683,1.20048019207683,
CIMS.CAN.BC.Industrial Minerals.Conveyance,Service,BC,Industrial Minerals,Conveyance,High Eff belt conveyor,technology,,,,,,,,,,,,,,,,,
CIMS.CAN.BC.Industrial Minerals.Conveyance,Service,BC,Industrial Minerals,Conveyance,High Eff belt conveyor,available,,,,tech_data_generic,Year,1940,1940,1940,1940,1940,1940,1940,1940,1940,1940,1940,
CIMS.CAN.BC.Industrial Minerals.Conveyance,Service,BC,Industrial Minerals,Conveyance,High Eff belt conveyor,unavailable,,,,tech_data_generic,Year,2101,2101,2101,2101,2101,2101,2101,2101,2101,2101,2101,
CIMS.CAN.BC.Industrial Minerals.Conveyance,Service,BC,Industrial Minerals,Conveyance,High Eff belt conveyor,lifetime,,,,tech_data_generic,Years,15,15,15,15,15,15,15,15,15,15,15,
CIMS.CAN.BC.Industrial Minerals.Conveyance,Service,BC,Industrial Minerals,Conveyance,High Eff belt conveyor,market_share_total,,,,tech_data_region,%,0.16,,,,,,,,,,,
CIMS.CAN.BC.Industrial Minerals.Conveyance,Service,BC,Industrial Minerals,Conveyance,High Eff belt conveyor,output,,,,tech_data_generic,node unit,4068.3363696,4068.3363696,4068.3363696,4068.3363696,4068.3363696,4068.3363696,4068.3363696,4068.3363696,4068.3363696,4068.3363696,4068.3363696,
CIMS.CAN.BC.Industrial Minerals.Conveyance,Service,BC,Industrial Minerals,Conveyance,High Eff belt conveyor,fcc,,,,tech_data_generic,$,164908.470717036,164908.470717036,164908.470717036,164908.470717036,164908.470717036,164908.470717036,164908.470717036,164908.470717036,164908.470717036,164908.470717036,164908.470717036,
CIMS.CAN.BC.Industrial Minerals.Conveyance,Service,BC,Industrial Minerals,Conveyance,High Eff belt conveyor,fom,,,,tech_data_generic,$,4637.71593324787,4637.71593324787,4637.71593324787,4637.71593324787,4637.71593324787,4637.71593324787,4637.71593324787,4637.71593324787,4637.71593324787,4637.71593324787,4637.71593324787,
CIMS.CAN.BC.Industrial Minerals.Conveyance,Service,BC,Industrial Minerals,Conveyance,High Eff belt conveyor,service_request,,,CIMS.CAN.BC.Industrial Minerals.Machine Drive,tech_multi_generic,GJ,1.08496349097852,1.08496349097852,1.08496349097852,1.08496349097852,1.08496349097852,1.08496349097852,1.08496349097852,1.08496349097852,1.08496349097852,1.08496349097852,1.08496349097852,
CIMS.CAN.BC.Industrial Minerals.Conveyance,Service,BC,Industrial Minerals,Conveyance,Low Eff screw conveyor,technology,,,,,,,,,,,,,,,,,
CIMS.CAN.BC.Industrial Minerals.Conveyance,Service,BC,Industrial Minerals,Conveyance,Low Eff screw conveyor,available,,,,tech_data_generic,Year,1940,1940,1940,1940,1940,1940,1940,1940,1940,1940,1940,
CIMS.CAN.BC.Industrial Minerals.Conveyance,Service,BC,Industrial Minerals,Conveyance,Low Eff screw conveyor,unavailable,,,,tech_data_generic,Year,2101,2101,2101,2101,2101,2101,2101,2101,2101,2101,2101,
CIMS.CAN.BC.Industrial Minerals.Conveyance,Service,BC,Industrial Minerals,Conveyance,Low Eff screw conveyor,lifetime,,,,tech_data_generic,Years,15,15,15,15,15,15,15,15,15,15,15,
CIMS.CAN.BC.Industrial Minerals.Conveyance,Service,BC,Industrial Minerals,Conveyance,Low Eff screw conveyor,market_share_total,,,,tech_data_region,%,0.16,,,,,,,,,,,
CIMS.CAN.BC.Industrial Minerals.Conveyance,Service,BC,Industrial Minerals,Conveyance,Low Eff screw conveyor,output,,,,tech_data_generic,node unit,4068.3363696,4068.3363696,4068.3363696,4068.3363696,4068.3363696,4068.3363696,4068.3363696,4068.3363696,4068.3363696,4068.3363696,4068.3363696,
CIMS.CAN.BC.Industrial Minerals.Conveyance,Service,BC,Industrial Minerals,Conveyance,Low Eff screw conveyor,fcc,,,,tech_data_generic,$,220291.506829273,220291.506829273,220291.506829273,220291.506829273,220291.506829273,220291.506829273,220291.506829273,220291.506829273,220291.506829273,220291.506829273,220291.506829273,
CIMS.CAN.BC.Industrial Minerals.Conveyance,Service,BC,Industrial Minerals,Conveyance,Low Eff screw conveyor,fom,,,,tech_data_generic,$,14686.1004552849,14686.1004552849,14686.1004552849,14686.1004552849,14686.1004552849,14686.1004552849,14686.1004552849,14686.1004552849,14686.1004552849,14686.1004552849,14686.1004552849,
CIMS.CAN.BC.Industrial Minerals.Conveyance,Service,BC,Industrial Minerals,Conveyance,Low Eff screw conveyor,service_request,,,CIMS.CAN.BC.Industrial Minerals.Machine Drive,tech_multi_generic,GJ,1.22549019607843,1.22549019607843,1.22549019607843,1.22549019607843,1.22549019607843,1.22549019607843,1.22549019607843,1.22549019607843,1.22549019607843,1.22549019607843,1.22549019607843,
CIMS.CAN.BC.Industrial Minerals.Conveyance,Service,BC,Industrial Minerals,Conveyance,High Eff screw conveyor,technology,,,,,,,,,,,,,,,,,
CIMS.CAN.BC.Industrial Minerals.Conveyance,Service,BC,Industrial Minerals,Conveyance,High Eff screw conveyor,available,,,,tech_data_generic,Year,1940,1940,1940,1940,1940,1940,1940,1940,1940,1940,1940,
CIMS.CAN.BC.Industrial Minerals.Conveyance,Service,BC,Industrial Minerals,Conveyance,High Eff screw conveyor,unavailable,,,,tech_data_generic,Year,2101,2101,2101,2101,2101,2101,2101,2101,2101,2101,2101,
CIMS.CAN.BC.Industrial Minerals.Conveyance,Service,BC,Industrial Minerals,Conveyance,High Eff screw conveyor,lifetime,,,,tech_data_generic,Years,15,15,15,15,15,15,15,15,15,15,15,
CIMS.CAN.BC.Industrial Minerals.Conveyance,Service,BC,Industrial Minerals,Conveyance,High Eff screw conveyor,market_share_total,,,,tech_data_region,%,0.04,,,,,,,,,,,
CIMS.CAN.BC.Industrial Minerals.Conveyance,Service,BC,Industrial Minerals,Conveyance,High Eff screw conveyor,output,,,,tech_data_generic,node unit,4068.3363696,4068.3363696,4068.3363696,4068.3363696,4068.3363696,4068.3363696,4068.3363696,4068.3363696,4068.3363696,4068.3363696,4068.3363696,
CIMS.CAN.BC.Industrial Minerals.Conveyance,Service,BC,Industrial Minerals,Conveyance,High Eff screw conveyor,fcc,,,,tech_data_generic,$,315634.238547592,315634.238547592,315634.238547592,315634.238547592,315634.238547592,315634.238547592,315634.238547592,315634.238547592,315634.238547592,315634.238547592,315634.238547592,
CIMS.CAN.BC.Industrial Minerals.Conveyance,Service,BC,Industrial Minerals,Conveyance,High Eff screw conveyor,fom,,,,tech_data_generic,$,14686.1004552849,14686.1004552849,14686.1004552849,14686.1004552849,14686.1004552849,14686.1004552849,14686.1004552849,14686.1004552849,14686.1004552849,14686.1004552849,14686.1004552849,
CIMS.CAN.BC.Industrial Minerals.Conveyance,Service,BC,Industrial Minerals,Conveyance,High Eff screw conveyor,service_request,,,CIMS.CAN.BC.Industrial Minerals.Machine Drive,tech_multi_generic,GJ,1.10756689704058,1.10756689704058,1.10756689704058,1.10756689704058,1.10756689704058,1.10756689704058,1.10756689704058,1.10756689704058,1.10756689704058,1.10756689704058,1.10756689704058,
CIMS.CAN.BC.Industrial Minerals.Conveyance,Service,BC,Industrial Minerals,Conveyance,Low Eff apron conveyor,technology,,,,,,,,,,,,,,,,,
CIMS.CAN.BC.Industrial Minerals.Conveyance,Service,BC,Industrial Minerals,Conveyance,Low Eff apron conveyor,available,,,,tech_data_generic,Year,1940,1940,1940,1940,1940,1940,1940,1940,1940,1940,1940,
CIMS.CAN.BC.Industrial Minerals.Conveyance,Service,BC,Industrial Minerals,Conveyance,Low Eff apron conveyor,unavailable,,,,tech_data_generic,Year,2101,2101,2101,2101,2101,2101,2101,2101,2101,2101,2101,
CIMS.CAN.BC.Industrial Minerals.Conveyance,Service,BC,Industrial Minerals,Conveyance,Low Eff apron conveyor,lifetime,,,,tech_data_generic,Years,15,15,15,15,15,15,15,15,15,15,15,
CIMS.CAN.BC.Industrial Minerals.Conveyance,Service,BC,Industrial Minerals,Conveyance,Low Eff apron conveyor,market_share_total,,,,tech_data_region,%,0,,,,,,,,,,,
CIMS.CAN.BC.Industrial Minerals.Conveyance,Service,BC,Industrial Minerals,Conveyance,Low Eff apron conveyor,output,,,,tech_data_generic,node unit,4068.3363696,4068.3363696,4068.3363696,4068.3363696,4068.3363696,4068.3363696,4068.3363696,4068.3363696,4068.3363696,4068.3363696,4068.3363696,
CIMS.CAN.BC.Industrial Minerals.Conveyance,Service,BC,Industrial Minerals,Conveyance,Low Eff apron conveyor,fcc,,,,tech_data_generic,$,220291.506829273,220291.506829273,220291.506829273,220291.506829273,220291.506829273,220291.506829273,220291.506829273,220291.506829273,220291.506829273,220291.506829273,220291.506829273,
CIMS.CAN.BC.Industrial Minerals.Conveyance,Service,BC,Industrial Minerals,Conveyance,Low Eff apron conveyor,fom,,,,tech_data_generic,$,14686.1004552849,14686.1004552849,14686.1004552849,14686.1004552849,14686.1004552849,14686.1004552849,14686.1004552849,14686.1004552849,14686.1004552849,14686.1004552849,14686.1004552849,
CIMS.CAN.BC.Industrial Minerals.Conveyance,Service,BC,Industrial Minerals,Conveyance,Low Eff apron conveyor,service_request,,,CIMS.CAN.BC.Industrial Minerals.Machine Drive,tech_multi_generic,GJ,1.32187706543291,1.32187706543291,1.32187706543291,1.32187706543291,1.32187706543291,1.32187706543291,1.32187706543291,1.32187706543291,1.32187706543291,1.32187706543291,1.32187706543291,
CIMS.CAN.BC.Industrial Minerals.Conveyance,Service,BC,Industrial Minerals,Conveyance,High Eff apron conveyor,technology,,,,,,,,,,,,,,,,,
CIMS.CAN.BC.Industrial Minerals.Conveyance,Service,BC,Industrial Minerals,Conveyance,High Eff apron conveyor,available,,,,tech_data_generic,Year,1940,1940,1940,1940,1940,1940,1940,1940,1940,1940,1940,
CIMS.CAN.BC.Industrial Minerals.Conveyance,Service,BC,Industrial Minerals,Conveyance,High Eff apron conveyor,unavailable,,,,tech_data_generic,Year,2101,2101,2101,2101,2101,2101,2101,2101,2101,2101,2101,
CIMS.CAN.BC.Industrial Minerals.Conveyance,Service,BC,Industrial Minerals,Conveyance,High Eff apron conveyor,lifetime,,,,tech_data_generic,Years,15,15,15,15,15,15,15,15,15,15,15,
CIMS.CAN.BC.Industrial Minerals.Conveyance,Service,BC,Industrial Minerals,Conveyance,High Eff apron conveyor,market_share_total,,,,tech_data_region,%,0,,,,,,,,,,,
CIMS.CAN.BC.Industrial Minerals.Conveyance,Service,BC,Industrial Minerals,Conveyance,High Eff apron conveyor,output,,,,tech_data_generic,node unit,4068.3363696,4068.3363696,4068.3363696,4068.3363696,4068.3363696,4068.3363696,4068.3363696,4068.3363696,4068.3363696,4068.3363696,4068.3363696,
CIMS.CAN.BC.Industrial Minerals.Conveyance,Service,BC,Industrial Minerals,Conveyance,High Eff apron conveyor,fcc,,,,tech_data_generic,$,315634.238547592,315634.238547592,315634.238547592,315634.238547592,315634.238547592,315634.238547592,315634.238547592,315634.238547592,315634.238547592,315634.238547592,315634.238547592,
CIMS.CAN.BC.Industrial Minerals.Conveyance,Service,BC,Industrial Minerals,Conveyance,High Eff apron conveyor,fom,,,,tech_data_generic,$,14686.1004552849,14686.1004552849,14686.1004552849,14686.1004552849,14686.1004552849,14686.1004552849,14686.1004552849,14686.1004552849,14686.1004552849,14686.1004552849,14686.1004552849,
CIMS.CAN.BC.Industrial Minerals.Conveyance,Service,BC,Industrial Minerals,Conveyance,High Eff apron conveyor,service_request,,,CIMS.CAN.BC.Industrial Minerals.Machine Drive,tech_multi_generic,GJ,1.1946789001786,1.1946789001786,1.1946789001786,1.1946789001786,1.1946789001786,1.1946789001786,1.1946789001786,1.1946789001786,1.1946789001786,1.1946789001786,1.1946789001786,
CIMS.CAN.BC.Industrial Minerals.Compression,Service,BC,Industrial Minerals,Compression,,service_provide,,,,activity_data_generic,GJ,,,,,,,,,,,,
CIMS.CAN.BC.Industrial Minerals.Compression,Service,BC,Industrial Minerals,Compression,,competition,Fixed Ratio,,,,,,,,,,,,,,,,
CIMS.CAN.BC.Industrial Minerals.Compression,Service,BC,Industrial Minerals,Compression,,service_request,,,CIMS.CAN.BC.Industrial Minerals.Compression.Small,activity_data_region,GJ,0.6,0.6,0.6,0.6,0.6,0.6,0.6,0.6,0.6,0.6,0.6,
CIMS.CAN.BC.Industrial Minerals.Compression,Service,BC,Industrial Minerals,Compression,,service_request,,,CIMS.CAN.BC.Industrial Minerals.Compression.Large,activity_data_region,GJ,0.4,0.4,0.4,0.4,0.4,0.4,0.4,0.4,0.4,0.4,0.4,
CIMS.CAN.BC.Industrial Minerals.Compression.Small,Service,BC,Industrial Minerals,Small,,service_provide,,,,activity_data_generic,GJ,,,,,,,,,,,,
CIMS.CAN.BC.Industrial Minerals.Compression.Small,Service,BC,Industrial Minerals,Small,,competition,Tech Compete,,,,,,,,,,,,,,,,
CIMS.CAN.BC.Industrial Minerals.Compression.Small,Service,BC,Industrial Minerals,Small,,discount_rate_financial,,,,tech_data_generic,%,0.5,0.5,0.5,0.5,0.5,0.5,0.5,0.5,0.5,0.5,0.5,
CIMS.CAN.BC.Industrial Minerals.Compression.Small,Service,BC,Industrial Minerals,Small,,heterogeneity,,,,tech_data_generic,,10,10,10,10,10,10,10,10,10,10,10,
CIMS.CAN.BC.Industrial Minerals.Compression.Small,Service,BC,Industrial Minerals,Small,Low Eff centrifugal compressor,technology,,,,,,,,,,,,,,,,,
CIMS.CAN.BC.Industrial Minerals.Compression.Small,Service,BC,Industrial Minerals,Small,Low Eff centrifugal compressor,available,,,,tech_data_generic,Year,1940,1940,1940,1940,1940,1940,1940,1940,1940,1940,1940,
CIMS.CAN.BC.Industrial Minerals.Compression.Small,Service,BC,Industrial Minerals,Small,Low Eff centrifugal compressor,unavailable,,,,tech_data_generic,Year,2101,2101,2101,2101,2101,2101,2101,2101,2101,2101,2101,
CIMS.CAN.BC.Industrial Minerals.Compression.Small,Service,BC,Industrial Minerals,Small,Low Eff centrifugal compressor,lifetime,,,,tech_data_generic,Years,10,10,10,10,10,10,10,10,10,10,10,
CIMS.CAN.BC.Industrial Minerals.Compression.Small,Service,BC,Industrial Minerals,Small,Low Eff centrifugal compressor,market_share_total,,,,tech_data_region,%,1,,,,,,,,,,,
CIMS.CAN.BC.Industrial Minerals.Compression.Small,Service,BC,Industrial Minerals,Small,Low Eff centrifugal compressor,output,,,,tech_data_generic,node unit,1175.81976,1175.81976,1175.81976,1175.81976,1175.81976,1175.81976,1175.81976,1175.81976,1175.81976,1175.81976,1175.81976,
CIMS.CAN.BC.Industrial Minerals.Compression.Small,Service,BC,Industrial Minerals,Small,Low Eff centrifugal compressor,fcc,,,,tech_data_generic,$,69332.5443852797,69332.5443852797,69332.5443852797,69332.5443852797,69332.5443852797,69332.5443852797,69332.5443852797,69332.5443852797,69332.5443852797,69332.5443852797,69332.5443852797,
CIMS.CAN.BC.Industrial Minerals.Compression.Small,Service,BC,Industrial Minerals,Small,Low Eff centrifugal compressor,fom,,,,tech_data_generic,$,2126.29879397994,2126.29879397994,2126.29879397994,2126.29879397994,2126.29879397994,2126.29879397994,2126.29879397994,2126.29879397994,2126.29879397994,2126.29879397994,2126.29879397994,
CIMS.CAN.BC.Industrial Minerals.Compression.Small,Service,BC,Industrial Minerals,Small,Low Eff centrifugal compressor,service_request,,,CIMS.CAN.BC.Industrial Minerals.Machine Drive,tech_multi_generic,GJ,3.07543475575881,3.07543475575881,3.07543475575881,3.07543475575881,3.07543475575881,3.07543475575881,3.07543475575881,3.07543475575881,3.07543475575881,3.07543475575881,3.07543475575881,
CIMS.CAN.BC.Industrial Minerals.Compression.Small,Service,BC,Industrial Minerals,Small,High Eff centrifugal compressor,technology,,,,,,,,,,,,,,,,,
CIMS.CAN.BC.Industrial Minerals.Compression.Small,Service,BC,Industrial Minerals,Small,High Eff centrifugal compressor,available,,,,tech_data_generic,Year,1940,1940,1940,1940,1940,1940,1940,1940,1940,1940,1940,
CIMS.CAN.BC.Industrial Minerals.Compression.Small,Service,BC,Industrial Minerals,Small,High Eff centrifugal compressor,unavailable,,,,tech_data_generic,Year,2101,2101,2101,2101,2101,2101,2101,2101,2101,2101,2101,
CIMS.CAN.BC.Industrial Minerals.Compression.Small,Service,BC,Industrial Minerals,Small,High Eff centrifugal compressor,lifetime,,,,tech_data_generic,Years,10,10,10,10,10,10,10,10,10,10,10,
CIMS.CAN.BC.Industrial Minerals.Compression.Small,Service,BC,Industrial Minerals,Small,High Eff centrifugal compressor,market_share_total,,,,tech_data_region,%,0,,,,,,,,,,,
CIMS.CAN.BC.Industrial Minerals.Compression.Small,Service,BC,Industrial Minerals,Small,High Eff centrifugal compressor,output,,,,tech_data_generic,node unit,1175.81976,1175.81976,1175.81976,1175.81976,1175.81976,1175.81976,1175.81976,1175.81976,1175.81976,1175.81976,1175.81976,
CIMS.CAN.BC.Industrial Minerals.Compression.Small,Service,BC,Industrial Minerals,Small,High Eff centrifugal compressor,fcc,,,,tech_data_generic,$,107683.953772122,107683.953772122,107683.953772122,107683.953772122,107683.953772122,107683.953772122,107683.953772122,107683.953772122,107683.953772122,107683.953772122,107683.953772122,
CIMS.CAN.BC.Industrial Minerals.Compression.Small,Service,BC,Industrial Minerals,Small,High Eff centrifugal compressor,fom,,,,tech_data_generic,$,2126.29879397994,2126.29879397994,2126.29879397994,2126.29879397994,2126.29879397994,2126.29879397994,2126.29879397994,2126.29879397994,2126.29879397994,2126.29879397994,2126.29879397994,
CIMS.CAN.BC.Industrial Minerals.Compression.Small,Service,BC,Industrial Minerals,Small,High Eff centrifugal compressor,service_request,,,CIMS.CAN.BC.Industrial Minerals.Machine Drive,tech_multi_generic,GJ,2.07993783481799,2.07993783481799,2.07993783481799,2.07993783481799,2.07993783481799,2.07993783481799,2.07993783481799,2.07993783481799,2.07993783481799,2.07993783481799,2.07993783481799,
CIMS.CAN.BC.Industrial Minerals.Compression.Small,Service,BC,Industrial Minerals,Small,Low Eff reciprocating compressor,technology,,,,,,,,,,,,,,,,,
CIMS.CAN.BC.Industrial Minerals.Compression.Small,Service,BC,Industrial Minerals,Small,Low Eff reciprocating compressor,available,,,,tech_data_generic,Year,1940,1940,1940,1940,1940,1940,1940,1940,1940,1940,1940,
CIMS.CAN.BC.Industrial Minerals.Compression.Small,Service,BC,Industrial Minerals,Small,Low Eff reciprocating compressor,unavailable,,,,tech_data_generic,Year,2101,2101,2101,2101,2101,2101,2101,2101,2101,2101,2101,
CIMS.CAN.BC.Industrial Minerals.Compression.Small,Service,BC,Industrial Minerals,Small,Low Eff reciprocating compressor,lifetime,,,,tech_data_generic,Years,10,10,10,10,10,10,10,10,10,10,10,
CIMS.CAN.BC.Industrial Minerals.Compression.Small,Service,BC,Industrial Minerals,Small,Low Eff reciprocating compressor,market_share_total,,,,tech_data_region,%,0,,,,,,,,,,,
CIMS.CAN.BC.Industrial Minerals.Compression.Small,Service,BC,Industrial Minerals,Small,Low Eff reciprocating compressor,output,,,,tech_data_generic,node unit,1175.81976,1175.81976,1175.81976,1175.81976,1175.81976,1175.81976,1175.81976,1175.81976,1175.81976,1175.81976,1175.81976,
CIMS.CAN.BC.Industrial Minerals.Compression.Small,Service,BC,Industrial Minerals,Small,Low Eff reciprocating compressor,fcc,,,,tech_data_generic,$,79732.4260430717,79732.4260430717,79732.4260430717,79732.4260430717,79732.4260430717,79732.4260430717,79732.4260430717,79732.4260430717,79732.4260430717,79732.4260430717,79732.4260430717,
CIMS.CAN.BC.Industrial Minerals.Compression.Small,Service,BC,Industrial Minerals,Small,Low Eff reciprocating compressor,fom,,,,tech_data_generic,$,2319.59868434175,2319.59868434175,2319.59868434175,2319.59868434175,2319.59868434175,2319.59868434175,2319.59868434175,2319.59868434175,2319.59868434175,2319.59868434175,2319.59868434175,
CIMS.CAN.BC.Industrial Minerals.Compression.Small,Service,BC,Industrial Minerals,Small,Low Eff reciprocating compressor,service_request,,,CIMS.CAN.BC.Industrial Minerals.Machine Drive,tech_multi_generic,GJ,3.21111570086581,3.21111570086581,3.21111570086581,3.21111570086581,3.21111570086581,3.21111570086581,3.21111570086581,3.21111570086581,3.21111570086581,3.21111570086581,3.21111570086581,
CIMS.CAN.BC.Industrial Minerals.Compression.Small,Service,BC,Industrial Minerals,Small,High Eff reciprocating compressor,technology,,,,,,,,,,,,,,,,,
CIMS.CAN.BC.Industrial Minerals.Compression.Small,Service,BC,Industrial Minerals,Small,High Eff reciprocating compressor,available,,,,tech_data_generic,Year,1940,1940,1940,1940,1940,1940,1940,1940,1940,1940,1940,
CIMS.CAN.BC.Industrial Minerals.Compression.Small,Service,BC,Industrial Minerals,Small,High Eff reciprocating compressor,unavailable,,,,tech_data_generic,Year,2101,2101,2101,2101,2101,2101,2101,2101,2101,2101,2101,
CIMS.CAN.BC.Industrial Minerals.Compression.Small,Service,BC,Industrial Minerals,Small,High Eff reciprocating compressor,lifetime,,,,tech_data_generic,Years,10,10,10,10,10,10,10,10,10,10,10,
CIMS.CAN.BC.Industrial Minerals.Compression.Small,Service,BC,Industrial Minerals,Small,High Eff reciprocating compressor,market_share_total,,,,tech_data_region,%,0,,,,,,,,,,,
CIMS.CAN.BC.Industrial Minerals.Compression.Small,Service,BC,Industrial Minerals,Small,High Eff reciprocating compressor,output,,,,tech_data_generic,node unit,1175.81976,1175.81976,1175.81976,1175.81976,1175.81976,1175.81976,1175.81976,1175.81976,1175.81976,1175.81976,1175.81976,
CIMS.CAN.BC.Industrial Minerals.Compression.Small,Service,BC,Industrial Minerals,Small,High Eff reciprocating compressor,fcc,,,,tech_data_generic,$,118083.835429914,118083.835429914,118083.835429914,118083.835429914,118083.835429914,118083.835429914,118083.835429914,118083.835429914,118083.835429914,118083.835429914,118083.835429914,
CIMS.CAN.BC.Industrial Minerals.Compression.Small,Service,BC,Industrial Minerals,Small,High Eff reciprocating compressor,fom,,,,tech_data_generic,$,2319.59868434175,2319.59868434175,2319.59868434175,2319.59868434175,2319.59868434175,2319.59868434175,2319.59868434175,2319.59868434175,2319.59868434175,2319.59868434175,2319.59868434175,
CIMS.CAN.BC.Industrial Minerals.Compression.Small,Service,BC,Industrial Minerals,Small,High Eff reciprocating compressor,service_request,,,CIMS.CAN.BC.Industrial Minerals.Machine Drive,tech_multi_generic,GJ,2.17169979811878,2.17169979811878,2.17169979811878,2.17169979811878,2.17169979811878,2.17169979811878,2.17169979811878,2.17169979811878,2.17169979811878,2.17169979811878,2.17169979811878,
CIMS.CAN.BC.Industrial Minerals.Compression.Small,Service,BC,Industrial Minerals,Small,Low Eff rotary compressor,technology,,,,,,,,,,,,,,,,,
CIMS.CAN.BC.Industrial Minerals.Compression.Small,Service,BC,Industrial Minerals,Small,Low Eff rotary compressor,available,,,,tech_data_generic,Year,1940,1940,1940,1940,1940,1940,1940,1940,1940,1940,1940,
CIMS.CAN.BC.Industrial Minerals.Compression.Small,Service,BC,Industrial Minerals,Small,Low Eff rotary compressor,unavailable,,,,tech_data_generic,Year,2101,2101,2101,2101,2101,2101,2101,2101,2101,2101,2101,
CIMS.CAN.BC.Industrial Minerals.Compression.Small,Service,BC,Industrial Minerals,Small,Low Eff rotary compressor,lifetime,,,,tech_data_generic,Years,10,10,10,10,10,10,10,10,10,10,10,
CIMS.CAN.BC.Industrial Minerals.Compression.Small,Service,BC,Industrial Minerals,Small,Low Eff rotary compressor,market_share_total,,,,tech_data_region,%,0,,,,,,,,,,,
CIMS.CAN.BC.Industrial Minerals.Compression.Small,Service,BC,Industrial Minerals,Small,Low Eff rotary compressor,output,,,,tech_data_generic,node unit,1175.81976,1175.81976,1175.81976,1175.81976,1175.81976,1175.81976,1175.81976,1175.81976,1175.81976,1175.81976,1175.81976,
CIMS.CAN.BC.Industrial Minerals.Compression.Small,Service,BC,Industrial Minerals,Small,Low Eff rotary compressor,fcc,,,,tech_data_generic,$,51999.9991980416,51999.9991980416,51999.9991980416,51999.9991980416,51999.9991980416,51999.9991980416,51999.9991980416,51999.9991980416,51999.9991980416,51999.9991980416,51999.9991980416,
CIMS.CAN.BC.Industrial Minerals.Compression.Small,Service,BC,Industrial Minerals,Small,Low Eff rotary compressor,fom,,,,tech_data_generic,$,1932.99890361812,1932.99890361812,1932.99890361812,1932.99890361812,1932.99890361812,1932.99890361812,1932.99890361812,1932.99890361812,1932.99890361812,1932.99890361812,1932.99890361812,
CIMS.CAN.BC.Industrial Minerals.Compression.Small,Service,BC,Industrial Minerals,Small,Low Eff rotary compressor,service_request,,,CIMS.CAN.BC.Industrial Minerals.Machine Drive,tech_multi_generic,GJ,3.35932104090578,3.35932104090578,3.35932104090578,3.35932104090578,3.35932104090578,3.35932104090578,3.35932104090578,3.35932104090578,3.35932104090578,3.35932104090578,3.35932104090578,
CIMS.CAN.BC.Industrial Minerals.Compression.Small,Service,BC,Industrial Minerals,Small,High Eff rotary compressor,technology,,,,,,,,,,,,,,,,,
CIMS.CAN.BC.Industrial Minerals.Compression.Small,Service,BC,Industrial Minerals,Small,High Eff rotary compressor,available,,,,tech_data_generic,Year,1940,1940,1940,1940,1940,1940,1940,1940,1940,1940,1940,
CIMS.CAN.BC.Industrial Minerals.Compression.Small,Service,BC,Industrial Minerals,Small,High Eff rotary compressor,unavailable,,,,tech_data_generic,Year,2101,2101,2101,2101,2101,2101,2101,2101,2101,2101,2101,
CIMS.CAN.BC.Industrial Minerals.Compression.Small,Service,BC,Industrial Minerals,Small,High Eff rotary compressor,lifetime,,,,tech_data_generic,Years,10,10,10,10,10,10,10,10,10,10,10,
CIMS.CAN.BC.Industrial Minerals.Compression.Small,Service,BC,Industrial Minerals,Small,High Eff rotary compressor,market_share_total,,,,tech_data_region,%,0,,,,,,,,,,,
CIMS.CAN.BC.Industrial Minerals.Compression.Small,Service,BC,Industrial Minerals,Small,High Eff rotary compressor,output,,,,tech_data_generic,node unit,1175.81976,1175.81976,1175.81976,1175.81976,1175.81976,1175.81976,1175.81976,1175.81976,1175.81976,1175.81976,1175.81976,
CIMS.CAN.BC.Industrial Minerals.Compression.Small,Service,BC,Industrial Minerals,Small,High Eff rotary compressor,fcc,,,,tech_data_generic,$,90351.4085848836,90351.4085848836,90351.4085848836,90351.4085848836,90351.4085848836,90351.4085848836,90351.4085848836,90351.4085848836,90351.4085848836,90351.4085848836,90351.4085848836,
CIMS.CAN.BC.Industrial Minerals.Compression.Small,Service,BC,Industrial Minerals,Small,High Eff rotary compressor,fom,,,,tech_data_generic,$,1932.99890361812,1932.99890361812,1932.99890361812,1932.99890361812,1932.99890361812,1932.99890361812,1932.99890361812,1932.99890361812,1932.99890361812,1932.99890361812,1932.99890361812,
CIMS.CAN.BC.Industrial Minerals.Compression.Small,Service,BC,Industrial Minerals,Small,High Eff rotary compressor,service_request,,,CIMS.CAN.BC.Industrial Minerals.Machine Drive,tech_multi_generic,GJ,2.2719320964935,2.2719320964935,2.2719320964935,2.2719320964935,2.2719320964935,2.2719320964935,2.2719320964935,2.2719320964935,2.2719320964935,2.2719320964935,2.2719320964935,
CIMS.CAN.BC.Industrial Minerals.Compression.Large,Service,BC,Industrial Minerals,Large,,service_provide,,,,activity_data_generic,GJ,,,,,,,,,,,,
CIMS.CAN.BC.Industrial Minerals.Compression.Large,Service,BC,Industrial Minerals,Large,,competition,Tech Compete,,,,,,,,,,,,,,,,
CIMS.CAN.BC.Industrial Minerals.Compression.Large,Service,BC,Industrial Minerals,Large,,discount_rate_financial,,,,tech_data_generic,%,0.5,0.5,0.5,0.5,0.5,0.5,0.5,0.5,0.5,0.5,0.5,
CIMS.CAN.BC.Industrial Minerals.Compression.Large,Service,BC,Industrial Minerals,Large,,heterogeneity,,,,tech_data_generic,,10,10,10,10,10,10,10,10,10,10,10,
CIMS.CAN.BC.Industrial Minerals.Compression.Large,Service,BC,Industrial Minerals,Large,Low Eff centrifugal compressor,technology,,,,,,,,,,,,,,,,,
CIMS.CAN.BC.Industrial Minerals.Compression.Large,Service,BC,Industrial Minerals,Large,Low Eff centrifugal compressor,available,,,,tech_data_generic,Year,1940,1940,1940,1940,1940,1940,1940,1940,1940,1940,1940,
CIMS.CAN.BC.Industrial Minerals.Compression.Large,Service,BC,Industrial Minerals,Large,Low Eff centrifugal compressor,unavailable,,,,tech_data_generic,Year,2101,2101,2101,2101,2101,2101,2101,2101,2101,2101,2101,
CIMS.CAN.BC.Industrial Minerals.Compression.Large,Service,BC,Industrial Minerals,Large,Low Eff centrifugal compressor,lifetime,,,,tech_data_generic,Years,10,10,10,10,10,10,10,10,10,10,10,
CIMS.CAN.BC.Industrial Minerals.Compression.Large,Service,BC,Industrial Minerals,Large,Low Eff centrifugal compressor,market_share_total,,,,tech_data_region,%,1,,,,,,,,,,,
CIMS.CAN.BC.Industrial Minerals.Compression.Large,Service,BC,Industrial Minerals,Large,Low Eff centrifugal compressor,output,,,,tech_data_generic,node unit,8230.73832,8230.73832,8230.73832,8230.73832,8230.73832,8230.73832,8230.73832,8230.73832,8230.73832,8230.73832,8230.73832,
CIMS.CAN.BC.Industrial Minerals.Compression.Large,Service,BC,Industrial Minerals,Large,Low Eff centrifugal compressor,fcc,,,,tech_data_generic,$,356854.485531156,356854.485531156,356854.485531156,356854.485531156,356854.485531156,356854.485531156,356854.485531156,356854.485531156,356854.485531156,356854.485531156,356854.485531156,
CIMS.CAN.BC.Industrial Minerals.Compression.Large,Service,BC,Industrial Minerals,Large,Low Eff centrifugal compressor,fom,,,,tech_data_generic,$,21266.911000305,21266.911000305,21266.911000305,21266.911000305,21266.911000305,21266.911000305,21266.911000305,21266.911000305,21266.911000305,21266.911000305,21266.911000305,
CIMS.CAN.BC.Industrial Minerals.Compression.Large,Service,BC,Industrial Minerals,Large,Low Eff centrifugal compressor,service_request,,,CIMS.CAN.BC.Industrial Minerals.Machine Drive,tech_multi_generic,GJ,2.72944834573594,2.72944834573594,2.72944834573594,2.72944834573594,2.72944834573594,2.72944834573594,2.72944834573594,2.72944834573594,2.72944834573594,2.72944834573594,2.72944834573594,
CIMS.CAN.BC.Industrial Minerals.Compression.Large,Service,BC,Industrial Minerals,Large,High Eff centrifugal compressor,technology,,,,,,,,,,,,,,,,,
CIMS.CAN.BC.Industrial Minerals.Compression.Large,Service,BC,Industrial Minerals,Large,High Eff centrifugal compressor,available,,,,tech_data_generic,Year,1940,1940,1940,1940,1940,1940,1940,1940,1940,1940,1940,
CIMS.CAN.BC.Industrial Minerals.Compression.Large,Service,BC,Industrial Minerals,Large,High Eff centrifugal compressor,unavailable,,,,tech_data_generic,Year,2101,2101,2101,2101,2101,2101,2101,2101,2101,2101,2101,
CIMS.CAN.BC.Industrial Minerals.Compression.Large,Service,BC,Industrial Minerals,Large,High Eff centrifugal compressor,lifetime,,,,tech_data_generic,Years,10,10,10,10,10,10,10,10,10,10,10,
CIMS.CAN.BC.Industrial Minerals.Compression.Large,Service,BC,Industrial Minerals,Large,High Eff centrifugal compressor,market_share_total,,,,tech_data_region,%,0,,,,,,,,,,,
CIMS.CAN.BC.Industrial Minerals.Compression.Large,Service,BC,Industrial Minerals,Large,High Eff centrifugal compressor,output,,,,tech_data_generic,node unit,8230.73832,8230.73832,8230.73832,8230.73832,8230.73832,8230.73832,8230.73832,8230.73832,8230.73832,8230.73832,8230.73832,
CIMS.CAN.BC.Industrial Minerals.Compression.Large,Service,BC,Industrial Minerals,Large,High Eff centrifugal compressor,fcc,,,,tech_data_generic,$,531127.801715481,531127.801715481,531127.801715481,531127.801715481,531127.801715481,531127.801715481,531127.801715481,531127.801715481,531127.801715481,531127.801715481,531127.801715481,
CIMS.CAN.BC.Industrial Minerals.Compression.Large,Service,BC,Industrial Minerals,Large,High Eff centrifugal compressor,fom,,,,tech_data_generic,$,21266.911000305,21266.911000305,21266.911000305,21266.911000305,21266.911000305,21266.911000305,21266.911000305,21266.911000305,21266.911000305,21266.911000305,21266.911000305,
CIMS.CAN.BC.Industrial Minerals.Compression.Large,Service,BC,Industrial Minerals,Large,High Eff centrifugal compressor,service_request,,,CIMS.CAN.BC.Industrial Minerals.Machine Drive,tech_multi_generic,GJ,1.84594482840096,1.84594482840096,1.84594482840096,1.84594482840096,1.84594482840096,1.84594482840096,1.84594482840096,1.84594482840096,1.84594482840096,1.84594482840096,1.84594482840096,
CIMS.CAN.BC.Industrial Minerals.Compression.Large,Service,BC,Industrial Minerals,Large,Low Eff reciprocating compressor,technology,,,,,,,,,,,,,,,,,
CIMS.CAN.BC.Industrial Minerals.Compression.Large,Service,BC,Industrial Minerals,Large,Low Eff reciprocating compressor,available,,,,tech_data_generic,Year,1940,1940,1940,1940,1940,1940,1940,1940,1940,1940,1940,
CIMS.CAN.BC.Industrial Minerals.Compression.Large,Service,BC,Industrial Minerals,Large,Low Eff reciprocating compressor,unavailable,,,,tech_data_generic,Year,2101,2101,2101,2101,2101,2101,2101,2101,2101,2101,2101,
CIMS.CAN.BC.Industrial Minerals.Compression.Large,Service,BC,Industrial Minerals,Large,Low Eff reciprocating compressor,lifetime,,,,tech_data_generic,Years,10,10,10,10,10,10,10,10,10,10,10,
CIMS.CAN.BC.Industrial Minerals.Compression.Large,Service,BC,Industrial Minerals,Large,Low Eff reciprocating compressor,market_share_total,,,,tech_data_region,%,0,,,,,,,,,,,
CIMS.CAN.BC.Industrial Minerals.Compression.Large,Service,BC,Industrial Minerals,Large,Low Eff reciprocating compressor,output,,,,tech_data_generic,node unit,8230.73832,8230.73832,8230.73832,8230.73832,8230.73832,8230.73832,8230.73832,8230.73832,8230.73832,8230.73832,8230.73832,
CIMS.CAN.BC.Industrial Minerals.Compression.Large,Service,BC,Industrial Minerals,Large,Low Eff reciprocating compressor,fcc,,,,tech_data_generic,$,410382.65836083,410382.65836083,410382.65836083,410382.65836083,410382.65836083,410382.65836083,410382.65836083,410382.65836083,410382.65836083,410382.65836083,410382.65836083,
CIMS.CAN.BC.Industrial Minerals.Compression.Large,Service,BC,Industrial Minerals,Large,Low Eff reciprocating compressor,fom,,,,tech_data_generic,$,23200.2665457871,23200.2665457871,23200.2665457871,23200.2665457871,23200.2665457871,23200.2665457871,23200.2665457871,23200.2665457871,23200.2665457871,23200.2665457871,23200.2665457871,
CIMS.CAN.BC.Industrial Minerals.Compression.Large,Service,BC,Industrial Minerals,Large,Low Eff reciprocating compressor,service_request,,,CIMS.CAN.BC.Industrial Minerals.Machine Drive,tech_multi_generic,GJ,2.87310352182731,2.87310352182731,2.87310352182731,2.87310352182731,2.87310352182731,2.87310352182731,2.87310352182731,2.87310352182731,2.87310352182731,2.87310352182731,2.87310352182731,
CIMS.CAN.BC.Industrial Minerals.Compression.Large,Service,BC,Industrial Minerals,Large,High Eff reciprocating compressor,technology,,,,,,,,,,,,,,,,,
CIMS.CAN.BC.Industrial Minerals.Compression.Large,Service,BC,Industrial Minerals,Large,High Eff reciprocating compressor,available,,,,tech_data_generic,Year,1940,1940,1940,1940,1940,1940,1940,1940,1940,1940,1940,
CIMS.CAN.BC.Industrial Minerals.Compression.Large,Service,BC,Industrial Minerals,Large,High Eff reciprocating compressor,unavailable,,,,tech_data_generic,Year,2101,2101,2101,2101,2101,2101,2101,2101,2101,2101,2101,
CIMS.CAN.BC.Industrial Minerals.Compression.Large,Service,BC,Industrial Minerals,Large,High Eff reciprocating compressor,lifetime,,,,tech_data_generic,Years,10,10,10,10,10,10,10,10,10,10,10,
CIMS.CAN.BC.Industrial Minerals.Compression.Large,Service,BC,Industrial Minerals,Large,High Eff reciprocating compressor,market_share_total,,,,tech_data_region,%,0,,,,,,,,,,,
CIMS.CAN.BC.Industrial Minerals.Compression.Large,Service,BC,Industrial Minerals,Large,High Eff reciprocating compressor,output,,,,tech_data_generic,node unit,8230.73832,8230.73832,8230.73832,8230.73832,8230.73832,8230.73832,8230.73832,8230.73832,8230.73832,8230.73832,8230.73832,
CIMS.CAN.BC.Industrial Minerals.Compression.Large,Service,BC,Industrial Minerals,Large,High Eff reciprocating compressor,fcc,,,,tech_data_generic,$,584655.974545155,584655.974545155,584655.974545155,584655.974545155,584655.974545155,584655.974545155,584655.974545155,584655.974545155,584655.974545155,584655.974545155,584655.974545155,
CIMS.CAN.BC.Industrial Minerals.Compression.Large,Service,BC,Industrial Minerals,Large,High Eff reciprocating compressor,fom,,,,tech_data_generic,$,23200.2665457871,23200.2665457871,23200.2665457871,23200.2665457871,23200.2665457871,23200.2665457871,23200.2665457871,23200.2665457871,23200.2665457871,23200.2665457871,23200.2665457871,
CIMS.CAN.BC.Industrial Minerals.Compression.Large,Service,BC,Industrial Minerals,Large,High Eff reciprocating compressor,service_request,,,CIMS.CAN.BC.Industrial Minerals.Machine Drive,tech_multi_generic,GJ,1.94309981936944,1.94309981936944,1.94309981936944,1.94309981936944,1.94309981936944,1.94309981936944,1.94309981936944,1.94309981936944,1.94309981936944,1.94309981936944,1.94309981936944,
CIMS.CAN.BC.Industrial Minerals.Compression.Large,Service,BC,Industrial Minerals,Large,Low Eff rotary compressor,technology,,,,,,,,,,,,,,,,,
CIMS.CAN.BC.Industrial Minerals.Compression.Large,Service,BC,Industrial Minerals,Large,Low Eff rotary compressor,available,,,,tech_data_generic,Year,1940,1940,1940,1940,1940,1940,1940,1940,1940,1940,1940,
CIMS.CAN.BC.Industrial Minerals.Compression.Large,Service,BC,Industrial Minerals,Large,Low Eff rotary compressor,unavailable,,,,tech_data_generic,Year,2101,2101,2101,2101,2101,2101,2101,2101,2101,2101,2101,
CIMS.CAN.BC.Industrial Minerals.Compression.Large,Service,BC,Industrial Minerals,Large,Low Eff rotary compressor,lifetime,,,,tech_data_generic,Years,10,10,10,10,10,10,10,10,10,10,10,
CIMS.CAN.BC.Industrial Minerals.Compression.Large,Service,BC,Industrial Minerals,Large,Low Eff rotary compressor,market_share_total,,,,tech_data_region,%,0,,,,,,,,,,,
CIMS.CAN.BC.Industrial Minerals.Compression.Large,Service,BC,Industrial Minerals,Large,Low Eff rotary compressor,output,,,,tech_data_generic,node unit,8230.73832,8230.73832,8230.73832,8230.73832,8230.73832,8230.73832,8230.73832,8230.73832,8230.73832,8230.73832,8230.73832,
CIMS.CAN.BC.Industrial Minerals.Compression.Large,Service,BC,Industrial Minerals,Large,Low Eff rotary compressor,fcc,,,,tech_data_generic,$,267643.905556384,267643.905556384,267643.905556384,267643.905556384,267643.905556384,267643.905556384,267643.905556384,267643.905556384,267643.905556384,267643.905556384,267643.905556384,
CIMS.CAN.BC.Industrial Minerals.Compression.Large,Service,BC,Industrial Minerals,Large,Low Eff rotary compressor,fom,,,,tech_data_generic,$,19333.5554548227,19333.5554548227,19333.5554548227,19333.5554548227,19333.5554548227,19333.5554548227,19333.5554548227,19333.5554548227,19333.5554548227,19333.5554548227,19333.5554548227,
CIMS.CAN.BC.Industrial Minerals.Compression.Large,Service,BC,Industrial Minerals,Large,Low Eff rotary compressor,service_request,,,CIMS.CAN.BC.Industrial Minerals.Machine Drive,tech_multi_generic,GJ,2.99117626929966,2.99117626929966,2.99117626929966,2.99117626929966,2.99117626929966,2.99117626929966,2.99117626929966,2.99117626929966,2.99117626929966,2.99117626929966,2.99117626929966,
CIMS.CAN.BC.Industrial Minerals.Compression.Large,Service,BC,Industrial Minerals,Large,High Eff rotary compressor,technology,,,,,,,,,,,,,,,,,
CIMS.CAN.BC.Industrial Minerals.Compression.Large,Service,BC,Industrial Minerals,Large,High Eff rotary compressor,available,,,,tech_data_generic,Year,1940,1940,1940,1940,1940,1940,1940,1940,1940,1940,1940,
CIMS.CAN.BC.Industrial Minerals.Compression.Large,Service,BC,Industrial Minerals,Large,High Eff rotary compressor,unavailable,,,,tech_data_generic,Year,2101,2101,2101,2101,2101,2101,2101,2101,2101,2101,2101,
CIMS.CAN.BC.Industrial Minerals.Compression.Large,Service,BC,Industrial Minerals,Large,High Eff rotary compressor,lifetime,,,,tech_data_generic,Years,10,10,10,10,10,10,10,10,10,10,10,
CIMS.CAN.BC.Industrial Minerals.Compression.Large,Service,BC,Industrial Minerals,Large,High Eff rotary compressor,market_share_total,,,,tech_data_region,%,0,,,,,,,,,,,
CIMS.CAN.BC.Industrial Minerals.Compression.Large,Service,BC,Industrial Minerals,Large,High Eff rotary compressor,output,,,,tech_data_generic,node unit,8230.73832,8230.73832,8230.73832,8230.73832,8230.73832,8230.73832,8230.73832,8230.73832,8230.73832,8230.73832,8230.73832,
CIMS.CAN.BC.Industrial Minerals.Compression.Large,Service,BC,Industrial Minerals,Large,High Eff rotary compressor,fcc,,,,tech_data_generic,$,441917.22174071,441917.22174071,441917.22174071,441917.22174071,441917.22174071,441917.22174071,441917.22174071,441917.22174071,441917.22174071,441917.22174071,441917.22174071,
CIMS.CAN.BC.Industrial Minerals.Compression.Large,Service,BC,Industrial Minerals,Large,High Eff rotary compressor,fom,,,,tech_data_generic,$,19333.5554548227,19333.5554548227,19333.5554548227,19333.5554548227,19333.5554548227,19333.5554548227,19333.5554548227,19333.5554548227,19333.5554548227,19333.5554548227,19333.5554548227,
CIMS.CAN.BC.Industrial Minerals.Compression.Large,Service,BC,Industrial Minerals,Large,High Eff rotary compressor,service_request,,,CIMS.CAN.BC.Industrial Minerals.Machine Drive,tech_multi_generic,GJ,2.0229532366038,2.0229532366038,2.0229532366038,2.0229532366038,2.0229532366038,2.0229532366038,2.0229532366038,2.0229532366038,2.0229532366038,2.0229532366038,2.0229532366038,
CIMS.CAN.BC.Industrial Minerals.Pumping,Service,BC,Industrial Minerals,Pumping,,service_provide,,,,activity_data_generic,GJ,,,,,,,,,,,,
CIMS.CAN.BC.Industrial Minerals.Pumping,Service,BC,Industrial Minerals,Pumping,,competition,Fixed Ratio,,,,,,,,,,,,,,,,
CIMS.CAN.BC.Industrial Minerals.Pumping,Service,BC,Industrial Minerals,Pumping,,service_request,,,CIMS.CAN.BC.Industrial Minerals.Pumping.General,activity_data_region,GJ,1,1,1,1,1,1,1,1,1,1,1,
CIMS.CAN.BC.Industrial Minerals.Pumping,Service,BC,Industrial Minerals,Pumping,,service_request,,,CIMS.CAN.BC.Industrial Minerals.Pumping.Slurry Stock,activity_data_region,GJ,0,0,0,0,0,0,0,0,0,0,0,
CIMS.CAN.BC.Industrial Minerals.Pumping,Service,BC,Industrial Minerals,Pumping,,service_request,,,CIMS.CAN.BC.Industrial Minerals.Pumping.Precision,activity_data_region,GJ,0,0,0,0,0,0,0,0,0,0,0,
CIMS.CAN.BC.Industrial Minerals.Pumping.General,Service,BC,Industrial Minerals,General,,service_provide,,,,activity_data_generic,GJ,,,,,,,,,,,,
CIMS.CAN.BC.Industrial Minerals.Pumping.General,Service,BC,Industrial Minerals,General,,competition,Fixed Ratio,,,,,,,,,,,,,,,,
CIMS.CAN.BC.Industrial Minerals.Pumping.General,Service,BC,Industrial Minerals,General,,service_request,,,CIMS.CAN.BC.Industrial Minerals.Pumping.General.Small,activity_data_region,GJ,0,0,0,0,0,0,0,0,0,0,0,
CIMS.CAN.BC.Industrial Minerals.Pumping.General,Service,BC,Industrial Minerals,General,,service_request,,,CIMS.CAN.BC.Industrial Minerals.Pumping.General.Large,activity_data_region,GJ,1,1,1,1,1,1,1,1,1,1,1,
CIMS.CAN.BC.Industrial Minerals.Pumping.General.Small,Service,BC,Industrial Minerals,Small,,service_provide,,,,activity_data_generic,GJ,,,,,,,,,,,,
CIMS.CAN.BC.Industrial Minerals.Pumping.General.Small,Service,BC,Industrial Minerals,Small,,competition,Tech Compete,,,,,,,,,,,,,,,,
CIMS.CAN.BC.Industrial Minerals.Pumping.General.Small,Service,BC,Industrial Minerals,Small,,discount_rate_financial,,,,tech_data_generic,%,0.5,0.5,0.5,0.5,0.5,0.5,0.5,0.5,0.5,0.5,0.5,
CIMS.CAN.BC.Industrial Minerals.Pumping.General.Small,Service,BC,Industrial Minerals,Small,,heterogeneity,,,,tech_data_generic,,10,10,10,10,10,10,10,10,10,10,10,
CIMS.CAN.BC.Industrial Minerals.Pumping.General.Small,Service,BC,Industrial Minerals,Small,Low Eff centrifugal pump,technology,,,,,,,,,,,,,,,,,
CIMS.CAN.BC.Industrial Minerals.Pumping.General.Small,Service,BC,Industrial Minerals,Small,Low Eff centrifugal pump,available,,,,tech_data_generic,Year,1940,1940,1940,1940,1940,1940,1940,1940,1940,1940,1940,
CIMS.CAN.BC.Industrial Minerals.Pumping.General.Small,Service,BC,Industrial Minerals,Small,Low Eff centrifugal pump,unavailable,,,,tech_data_generic,Year,2101,2101,2101,2101,2101,2101,2101,2101,2101,2101,2101,
CIMS.CAN.BC.Industrial Minerals.Pumping.General.Small,Service,BC,Industrial Minerals,Small,Low Eff centrifugal pump,lifetime,,,,tech_data_generic,Years,10,10,10,10,10,10,10,10,10,10,10,
CIMS.CAN.BC.Industrial Minerals.Pumping.General.Small,Service,BC,Industrial Minerals,Small,Low Eff centrifugal pump,market_share_total,,,,tech_data_region,%,0.9,,,,,,,,,,,
CIMS.CAN.BC.Industrial Minerals.Pumping.General.Small,Service,BC,Industrial Minerals,Small,Low Eff centrifugal pump,output,,,,tech_data_generic,node unit,940.655808,940.655808,940.655808,940.655808,940.655808,940.655808,940.655808,940.655808,940.655808,940.655808,940.655808,
CIMS.CAN.BC.Industrial Minerals.Pumping.General.Small,Service,BC,Industrial Minerals,Small,Low Eff centrifugal pump,fcc,,,,tech_data_generic,$,37648.0425217357,37648.0425217357,37648.0425217357,37648.0425217357,37648.0425217357,37648.0425217357,37648.0425217357,37648.0425217357,37648.0425217357,37648.0425217357,37648.0425217357,
CIMS.CAN.BC.Industrial Minerals.Pumping.General.Small,Service,BC,Industrial Minerals,Small,Low Eff centrifugal pump,fom,,,,tech_data_generic,$,625.687480940677,625.687480940677,625.687480940677,625.687480940677,625.687480940677,625.687480940677,625.687480940677,625.687480940677,625.687480940677,625.687480940677,625.687480940677,
CIMS.CAN.BC.Industrial Minerals.Pumping.General.Small,Service,BC,Industrial Minerals,Small,Low Eff centrifugal pump,service_request,,,CIMS.CAN.BC.Industrial Minerals.Machine Drive,tech_multi_generic,GJ,3.97010668470683,3.97010668470683,3.97010668470683,3.97010668470683,3.97010668470683,3.97010668470683,3.97010668470683,3.97010668470683,3.97010668470683,3.97010668470683,3.97010668470683,
CIMS.CAN.BC.Industrial Minerals.Pumping.General.Small,Service,BC,Industrial Minerals,Small,Med Eff centrifugal pump variable speed,technology,,,,,,,,,,,,,,,,,
CIMS.CAN.BC.Industrial Minerals.Pumping.General.Small,Service,BC,Industrial Minerals,Small,Med Eff centrifugal pump variable speed,available,,,,tech_data_generic,Year,1940,1940,1940,1940,1940,1940,1940,1940,1940,1940,1940,
CIMS.CAN.BC.Industrial Minerals.Pumping.General.Small,Service,BC,Industrial Minerals,Small,Med Eff centrifugal pump variable speed,unavailable,,,,tech_data_generic,Year,2101,2101,2101,2101,2101,2101,2101,2101,2101,2101,2101,
CIMS.CAN.BC.Industrial Minerals.Pumping.General.Small,Service,BC,Industrial Minerals,Small,Med Eff centrifugal pump variable speed,lifetime,,,,tech_data_generic,Years,10,10,10,10,10,10,10,10,10,10,10,
CIMS.CAN.BC.Industrial Minerals.Pumping.General.Small,Service,BC,Industrial Minerals,Small,Med Eff centrifugal pump variable speed,market_share_total,,,,tech_data_region,%,0.1,,,,,,,,,,,
CIMS.CAN.BC.Industrial Minerals.Pumping.General.Small,Service,BC,Industrial Minerals,Small,Med Eff centrifugal pump variable speed,output,,,,tech_data_generic,node unit,940.655808,940.655808,940.655808,940.655808,940.655808,940.655808,940.655808,940.655808,940.655808,940.655808,940.655808,
CIMS.CAN.BC.Industrial Minerals.Pumping.General.Small,Service,BC,Industrial Minerals,Small,Med Eff centrifugal pump variable speed,fcc,,,,tech_data_generic,$,71487.5213924785,71487.5213924785,71487.5213924785,71487.5213924785,71487.5213924785,71487.5213924785,71487.5213924785,71487.5213924785,71487.5213924785,71487.5213924785,71487.5213924785,
CIMS.CAN.BC.Industrial Minerals.Pumping.General.Small,Service,BC,Industrial Minerals,Small,Med Eff centrifugal pump variable speed,fom,,,,tech_data_generic,$,625.687480940677,625.687480940677,625.687480940677,625.687480940677,625.687480940677,625.687480940677,625.687480940677,625.687480940677,625.687480940677,625.687480940677,625.687480940677,
CIMS.CAN.BC.Industrial Minerals.Pumping.General.Small,Service,BC,Industrial Minerals,Small,Med Eff centrifugal pump variable speed,service_request,,,CIMS.CAN.BC.Industrial Minerals.Machine Drive,tech_multi_generic,GJ,2.61887739201713,2.61887739201713,2.61887739201713,2.61887739201713,2.61887739201713,2.61887739201713,2.61887739201713,2.61887739201713,2.61887739201713,2.61887739201713,2.61887739201713,
CIMS.CAN.BC.Industrial Minerals.Pumping.General.Small,Service,BC,Industrial Minerals,Small,High Eff centrifugal pump variable speed,technology,,,,,,,,,,,,,,,,,
CIMS.CAN.BC.Industrial Minerals.Pumping.General.Small,Service,BC,Industrial Minerals,Small,High Eff centrifugal pump variable speed,available,,,,tech_data_generic,Year,1940,1940,1940,1940,1940,1940,1940,1940,1940,1940,1940,
CIMS.CAN.BC.Industrial Minerals.Pumping.General.Small,Service,BC,Industrial Minerals,Small,High Eff centrifugal pump variable speed,unavailable,,,,tech_data_generic,Year,2101,2101,2101,2101,2101,2101,2101,2101,2101,2101,2101,
CIMS.CAN.BC.Industrial Minerals.Pumping.General.Small,Service,BC,Industrial Minerals,Small,High Eff centrifugal pump variable speed,lifetime,,,,tech_data_generic,Years,10,10,10,10,10,10,10,10,10,10,10,
CIMS.CAN.BC.Industrial Minerals.Pumping.General.Small,Service,BC,Industrial Minerals,Small,High Eff centrifugal pump variable speed,market_share_total,,,,tech_data_region,%,0,,,,,,,,,,,
CIMS.CAN.BC.Industrial Minerals.Pumping.General.Small,Service,BC,Industrial Minerals,Small,High Eff centrifugal pump variable speed,output,,,,tech_data_generic,node unit,940.655808,940.655808,940.655808,940.655808,940.655808,940.655808,940.655808,940.655808,940.655808,940.655808,940.655808,
CIMS.CAN.BC.Industrial Minerals.Pumping.General.Small,Service,BC,Industrial Minerals,Small,High Eff centrifugal pump variable speed,fcc,,,,tech_data_generic,$,73270.7307131595,73270.7307131595,73270.7307131595,73270.7307131595,73270.7307131595,73270.7307131595,73270.7307131595,73270.7307131595,73270.7307131595,73270.7307131595,73270.7307131595,
CIMS.CAN.BC.Industrial Minerals.Pumping.General.Small,Service,BC,Industrial Minerals,Small,High Eff centrifugal pump variable speed,fom,,,,tech_data_generic,$,625.687480940677,625.687480940677,625.687480940677,625.687480940677,625.687480940677,625.687480940677,625.687480940677,625.687480940677,625.687480940677,625.687480940677,625.687480940677,
CIMS.CAN.BC.Industrial Minerals.Pumping.General.Small,Service,BC,Industrial Minerals,Small,High Eff centrifugal pump variable speed,service_request,,,CIMS.CAN.BC.Industrial Minerals.Machine Drive,tech_multi_generic,GJ,1.73735983849502,1.73735983849502,1.73735983849502,1.73735983849502,1.73735983849502,1.73735983849502,1.73735983849502,1.73735983849502,1.73735983849502,1.73735983849502,1.73735983849502,
CIMS.CAN.BC.Industrial Minerals.Pumping.General.Large,Service,BC,Industrial Minerals,Large,,service_provide,,,,activity_data_generic,GJ,,,,,,,,,,,,
CIMS.CAN.BC.Industrial Minerals.Pumping.General.Large,Service,BC,Industrial Minerals,Large,,competition,Tech Compete,,,,,,,,,,,,,,,,
CIMS.CAN.BC.Industrial Minerals.Pumping.General.Large,Service,BC,Industrial Minerals,Large,,discount_rate_financial,,,,tech_data_generic,%,0.5,0.5,0.5,0.5,0.5,0.5,0.5,0.5,0.5,0.5,0.5,
CIMS.CAN.BC.Industrial Minerals.Pumping.General.Large,Service,BC,Industrial Minerals,Large,,heterogeneity,,,,tech_data_generic,,10,10,10,10,10,10,10,10,10,10,10,
CIMS.CAN.BC.Industrial Minerals.Pumping.General.Large,Service,BC,Industrial Minerals,Large,Low Eff centrifugal pump,technology,,,,,,,,,,,,,,,,,
CIMS.CAN.BC.Industrial Minerals.Pumping.General.Large,Service,BC,Industrial Minerals,Large,Low Eff centrifugal pump,available,,,,tech_data_generic,Year,1940,1940,1940,1940,1940,1940,1940,1940,1940,1940,1940,
CIMS.CAN.BC.Industrial Minerals.Pumping.General.Large,Service,BC,Industrial Minerals,Large,Low Eff centrifugal pump,unavailable,,,,tech_data_generic,Year,2101,2101,2101,2101,2101,2101,2101,2101,2101,2101,2101,
CIMS.CAN.BC.Industrial Minerals.Pumping.General.Large,Service,BC,Industrial Minerals,Large,Low Eff centrifugal pump,lifetime,,,,tech_data_generic,Years,10,10,10,10,10,10,10,10,10,10,10,
CIMS.CAN.BC.Industrial Minerals.Pumping.General.Large,Service,BC,Industrial Minerals,Large,Low Eff centrifugal pump,market_share_total,,,,tech_data_region,%,0.8,,,,,,,,,,,
CIMS.CAN.BC.Industrial Minerals.Pumping.General.Large,Service,BC,Industrial Minerals,Large,Low Eff centrifugal pump,output,,,,tech_data_generic,node unit,9406.55808,9406.55808,9406.55808,9406.55808,9406.55808,9406.55808,9406.55808,9406.55808,9406.55808,9406.55808,9406.55808,
CIMS.CAN.BC.Industrial Minerals.Pumping.General.Large,Service,BC,Industrial Minerals,Large,Low Eff centrifugal pump,fcc,,,,tech_data_generic,$,210829.038121719,210829.038121719,210829.038121719,210829.038121719,210829.038121719,210829.038121719,210829.038121719,210829.038121719,210829.038121719,210829.038121719,210829.038121719,
CIMS.CAN.BC.Industrial Minerals.Pumping.General.Large,Service,BC,Industrial Minerals,Large,Low Eff centrifugal pump,fom,,,,tech_data_generic,$,625.687480940677,625.687480940677,625.687480940677,625.687480940677,625.687480940677,625.687480940677,625.687480940677,625.687480940677,625.687480940677,625.687480940677,625.687480940677,
CIMS.CAN.BC.Industrial Minerals.Pumping.General.Large,Service,BC,Industrial Minerals,Large,Low Eff centrifugal pump,service_request,,,CIMS.CAN.BC.Industrial Minerals.Machine Drive,tech_multi_generic,GJ,3.19814149601383,3.19814149601383,3.19814149601383,3.19814149601383,3.19814149601383,3.19814149601383,3.19814149601383,3.19814149601383,3.19814149601383,3.19814149601383,3.19814149601383,
CIMS.CAN.BC.Industrial Minerals.Pumping.General.Large,Service,BC,Industrial Minerals,Large,Med Eff centrifugal pump variable speed,technology,,,,,,,,,,,,,,,,,
CIMS.CAN.BC.Industrial Minerals.Pumping.General.Large,Service,BC,Industrial Minerals,Large,Med Eff centrifugal pump variable speed,available,,,,tech_data_generic,Year,1940,1940,1940,1940,1940,1940,1940,1940,1940,1940,1940,
CIMS.CAN.BC.Industrial Minerals.Pumping.General.Large,Service,BC,Industrial Minerals,Large,Med Eff centrifugal pump variable speed,unavailable,,,,tech_data_generic,Year,2101,2101,2101,2101,2101,2101,2101,2101,2101,2101,2101,
CIMS.CAN.BC.Industrial Minerals.Pumping.General.Large,Service,BC,Industrial Minerals,Large,Med Eff centrifugal pump variable speed,lifetime,,,,tech_data_generic,Years,10,10,10,10,10,10,10,10,10,10,10,
CIMS.CAN.BC.Industrial Minerals.Pumping.General.Large,Service,BC,Industrial Minerals,Large,Med Eff centrifugal pump variable speed,market_share_total,,,,tech_data_region,%,0.2,,,,,,,,,,,
CIMS.CAN.BC.Industrial Minerals.Pumping.General.Large,Service,BC,Industrial Minerals,Large,Med Eff centrifugal pump variable speed,output,,,,tech_data_generic,node unit,9406.55808,9406.55808,9406.55808,9406.55808,9406.55808,9406.55808,9406.55808,9406.55808,9406.55808,9406.55808,9406.55808,
CIMS.CAN.BC.Industrial Minerals.Pumping.General.Large,Service,BC,Industrial Minerals,Large,Med Eff centrifugal pump variable speed,fcc,,,,tech_data_generic,$,400330.119797879,400330.119797879,400330.119797879,400330.119797879,400330.119797879,400330.119797879,400330.119797879,400330.119797879,400330.119797879,400330.119797879,400330.119797879,
CIMS.CAN.BC.Industrial Minerals.Pumping.General.Large,Service,BC,Industrial Minerals,Large,Med Eff centrifugal pump variable speed,fom,,,,tech_data_generic,$,625.687480940677,625.687480940677,625.687480940677,625.687480940677,625.687480940677,625.687480940677,625.687480940677,625.687480940677,625.687480940677,625.687480940677,625.687480940677,
CIMS.CAN.BC.Industrial Minerals.Pumping.General.Large,Service,BC,Industrial Minerals,Large,Med Eff centrifugal pump variable speed,service_request,,,CIMS.CAN.BC.Industrial Minerals.Machine Drive,tech_multi_generic,GJ,2.10965123245825,2.10965123245825,2.10965123245825,2.10965123245825,2.10965123245825,2.10965123245825,2.10965123245825,2.10965123245825,2.10965123245825,2.10965123245825,2.10965123245825,
CIMS.CAN.BC.Industrial Minerals.Pumping.General.Large,Service,BC,Industrial Minerals,Large,High Eff centrifugal pump variable speed,technology,,,,,,,,,,,,,,,,,
CIMS.CAN.BC.Industrial Minerals.Pumping.General.Large,Service,BC,Industrial Minerals,Large,High Eff centrifugal pump variable speed,available,,,,tech_data_generic,Year,1940,1940,1940,1940,1940,1940,1940,1940,1940,1940,1940,
CIMS.CAN.BC.Industrial Minerals.Pumping.General.Large,Service,BC,Industrial Minerals,Large,High Eff centrifugal pump variable speed,unavailable,,,,tech_data_generic,Year,2101,2101,2101,2101,2101,2101,2101,2101,2101,2101,2101,
CIMS.CAN.BC.Industrial Minerals.Pumping.General.Large,Service,BC,Industrial Minerals,Large,High Eff centrifugal pump variable speed,lifetime,,,,tech_data_generic,Years,10,10,10,10,10,10,10,10,10,10,10,
CIMS.CAN.BC.Industrial Minerals.Pumping.General.Large,Service,BC,Industrial Minerals,Large,High Eff centrifugal pump variable speed,market_share_total,,,,tech_data_region,%,0,,,,,,,,,,,
CIMS.CAN.BC.Industrial Minerals.Pumping.General.Large,Service,BC,Industrial Minerals,Large,High Eff centrifugal pump variable speed,output,,,,tech_data_generic,node unit,9406.55808,9406.55808,9406.55808,9406.55808,9406.55808,9406.55808,9406.55808,9406.55808,9406.55808,9406.55808,9406.55808,
CIMS.CAN.BC.Industrial Minerals.Pumping.General.Large,Service,BC,Industrial Minerals,Large,High Eff centrifugal pump variable speed,fcc,,,,tech_data_generic,$,403896.538439242,403896.538439242,403896.538439242,403896.538439242,403896.538439242,403896.538439242,403896.538439242,403896.538439242,403896.538439242,403896.538439242,403896.538439242,
CIMS.CAN.BC.Industrial Minerals.Pumping.General.Large,Service,BC,Industrial Minerals,Large,High Eff centrifugal pump variable speed,fom,,,,tech_data_generic,$,625.687480940677,625.687480940677,625.687480940677,625.687480940677,625.687480940677,625.687480940677,625.687480940677,625.687480940677,625.687480940677,625.687480940677,625.687480940677,
CIMS.CAN.BC.Industrial Minerals.Pumping.General.Large,Service,BC,Industrial Minerals,Large,High Eff centrifugal pump variable speed,service_request,,,CIMS.CAN.BC.Industrial Minerals.Machine Drive,tech_multi_generic,GJ,1.38988787079602,1.38988787079602,1.38988787079602,1.38988787079602,1.38988787079602,1.38988787079602,1.38988787079602,1.38988787079602,1.38988787079602,1.38988787079602,1.38988787079602,
CIMS.CAN.BC.Industrial Minerals.Pumping.Slurry Stock,Service,BC,Industrial Minerals,Slurry Stock,,service_provide,,,,activity_data_generic,GJ,,,,,,,,,,,,
CIMS.CAN.BC.Industrial Minerals.Pumping.Slurry Stock,Service,BC,Industrial Minerals,Slurry Stock,,competition,Fixed Ratio,,,,,,,,,,,,,,,,
CIMS.CAN.BC.Industrial Minerals.Pumping.Slurry Stock,Service,BC,Industrial Minerals,Slurry Stock,,service_request,,,CIMS.CAN.BC.Industrial Minerals.Pumping.Slurry Stock.Small,activity_data_region,GJ,0,0,0,0,0,0,0,0,0,0,0,
CIMS.CAN.BC.Industrial Minerals.Pumping.Slurry Stock,Service,BC,Industrial Minerals,Slurry Stock,,service_request,,,CIMS.CAN.BC.Industrial Minerals.Pumping.Slurry Stock.Large,activity_data_region,GJ,1,1,1,1,1,1,1,1,1,1,1,
CIMS.CAN.BC.Industrial Minerals.Pumping.Slurry Stock.Small,Service,BC,Industrial Minerals,Small,,service_provide,,,,activity_data_generic,GJ,,,,,,,,,,,,
CIMS.CAN.BC.Industrial Minerals.Pumping.Slurry Stock.Small,Service,BC,Industrial Minerals,Small,,competition,Tech Compete,,,,,,,,,,,,,,,,
CIMS.CAN.BC.Industrial Minerals.Pumping.Slurry Stock.Small,Service,BC,Industrial Minerals,Small,,discount_rate_financial,,,,tech_data_generic,%,0.5,0.5,0.5,0.5,0.5,0.5,0.5,0.5,0.5,0.5,0.5,
CIMS.CAN.BC.Industrial Minerals.Pumping.Slurry Stock.Small,Service,BC,Industrial Minerals,Small,,heterogeneity,,,,tech_data_generic,,10,10,10,10,10,10,10,10,10,10,10,
CIMS.CAN.BC.Industrial Minerals.Pumping.Slurry Stock.Small,Service,BC,Industrial Minerals,Small,Rotary pump,technology,,,,,,,,,,,,,,,,,
CIMS.CAN.BC.Industrial Minerals.Pumping.Slurry Stock.Small,Service,BC,Industrial Minerals,Small,Rotary pump,available,,,,tech_data_generic,Year,1940,1940,1940,1940,1940,1940,1940,1940,1940,1940,1940,
CIMS.CAN.BC.Industrial Minerals.Pumping.Slurry Stock.Small,Service,BC,Industrial Minerals,Small,Rotary pump,unavailable,,,,tech_data_generic,Year,2101,2101,2101,2101,2101,2101,2101,2101,2101,2101,2101,
CIMS.CAN.BC.Industrial Minerals.Pumping.Slurry Stock.Small,Service,BC,Industrial Minerals,Small,Rotary pump,lifetime,,,,tech_data_generic,Years,10,10,10,10,10,10,10,10,10,10,10,
CIMS.CAN.BC.Industrial Minerals.Pumping.Slurry Stock.Small,Service,BC,Industrial Minerals,Small,Rotary pump,market_share_total,,,,tech_data_region,%,0.9,,,,,,,,,,,
CIMS.CAN.BC.Industrial Minerals.Pumping.Slurry Stock.Small,Service,BC,Industrial Minerals,Small,Rotary pump,output,,,,tech_data_generic,node unit,940.655808,940.655808,940.655808,940.655808,940.655808,940.655808,940.655808,940.655808,940.655808,940.655808,940.655808,
CIMS.CAN.BC.Industrial Minerals.Pumping.Slurry Stock.Small,Service,BC,Industrial Minerals,Small,Rotary pump,fcc,,,,tech_data_generic,$,112944.127565207,112944.127565207,112944.127565207,112944.127565207,112944.127565207,112944.127565207,112944.127565207,112944.127565207,112944.127565207,112944.127565207,112944.127565207,
CIMS.CAN.BC.Industrial Minerals.Pumping.Slurry Stock.Small,Service,BC,Industrial Minerals,Small,Rotary pump,fom,,,,tech_data_generic,$,625.687480940677,625.687480940677,625.687480940677,625.687480940677,625.687480940677,625.687480940677,625.687480940677,625.687480940677,625.687480940677,625.687480940677,625.687480940677,
CIMS.CAN.BC.Industrial Minerals.Pumping.Slurry Stock.Small,Service,BC,Industrial Minerals,Small,Rotary pump,service_request,,,CIMS.CAN.BC.Industrial Minerals.Machine Drive,tech_multi_generic,GJ,3.71397076956445,3.71397076956445,3.71397076956445,3.71397076956445,3.71397076956445,3.71397076956445,3.71397076956445,3.71397076956445,3.71397076956445,3.71397076956445,3.71397076956445,
CIMS.CAN.BC.Industrial Minerals.Pumping.Slurry Stock.Small,Service,BC,Industrial Minerals,Small,Eff rotary pump variable speed,technology,,,,,,,,,,,,,,,,,
CIMS.CAN.BC.Industrial Minerals.Pumping.Slurry Stock.Small,Service,BC,Industrial Minerals,Small,Eff rotary pump variable speed,available,,,,tech_data_generic,Year,1940,1940,1940,1940,1940,1940,1940,1940,1940,1940,1940,
CIMS.CAN.BC.Industrial Minerals.Pumping.Slurry Stock.Small,Service,BC,Industrial Minerals,Small,Eff rotary pump variable speed,unavailable,,,,tech_data_generic,Year,2101,2101,2101,2101,2101,2101,2101,2101,2101,2101,2101,
CIMS.CAN.BC.Industrial Minerals.Pumping.Slurry Stock.Small,Service,BC,Industrial Minerals,Small,Eff rotary pump variable speed,lifetime,,,,tech_data_generic,Years,10,10,10,10,10,10,10,10,10,10,10,
CIMS.CAN.BC.Industrial Minerals.Pumping.Slurry Stock.Small,Service,BC,Industrial Minerals,Small,Eff rotary pump variable speed,market_share_total,,,,tech_data_region,%,0.1,,,,,,,,,,,
CIMS.CAN.BC.Industrial Minerals.Pumping.Slurry Stock.Small,Service,BC,Industrial Minerals,Small,Eff rotary pump variable speed,output,,,,tech_data_generic,node unit,940.655808,940.655808,940.655808,940.655808,940.655808,940.655808,940.655808,940.655808,940.655808,940.655808,940.655808,
CIMS.CAN.BC.Industrial Minerals.Pumping.Slurry Stock.Small,Service,BC,Industrial Minerals,Small,Eff rotary pump variable speed,fcc,,,,tech_data_generic,$,146783.606435949,146783.606435949,146783.606435949,146783.606435949,146783.606435949,146783.606435949,146783.606435949,146783.606435949,146783.606435949,146783.606435949,146783.606435949,
CIMS.CAN.BC.Industrial Minerals.Pumping.Slurry Stock.Small,Service,BC,Industrial Minerals,Small,Eff rotary pump variable speed,fom,,,,tech_data_generic,$,625.687480940677,625.687480940677,625.687480940677,625.687480940677,625.687480940677,625.687480940677,625.687480940677,625.687480940677,625.687480940677,625.687480940677,625.687480940677,
CIMS.CAN.BC.Industrial Minerals.Pumping.Slurry Stock.Small,Service,BC,Industrial Minerals,Small,Eff rotary pump variable speed,service_request,,,CIMS.CAN.BC.Industrial Minerals.Machine Drive,tech_multi_generic,GJ,1.90549143576874,1.90549143576874,1.90549143576874,1.90549143576874,1.90549143576874,1.90549143576874,1.90549143576874,1.90549143576874,1.90549143576874,1.90549143576874,1.90549143576874,
CIMS.CAN.BC.Industrial Minerals.Pumping.Slurry Stock.Large,Service,BC,Industrial Minerals,Large,,service_provide,,,,activity_data_generic,GJ,,,,,,,,,,,,
CIMS.CAN.BC.Industrial Minerals.Pumping.Slurry Stock.Large,Service,BC,Industrial Minerals,Large,,competition,Tech Compete,,,,,,,,,,,,,,,,
CIMS.CAN.BC.Industrial Minerals.Pumping.Slurry Stock.Large,Service,BC,Industrial Minerals,Large,,discount_rate_financial,,,,tech_data_generic,%,0.5,0.5,0.5,0.5,0.5,0.5,0.5,0.5,0.5,0.5,0.5,
CIMS.CAN.BC.Industrial Minerals.Pumping.Slurry Stock.Large,Service,BC,Industrial Minerals,Large,,heterogeneity,,,,tech_data_generic,,10,10,10,10,10,10,10,10,10,10,10,
CIMS.CAN.BC.Industrial Minerals.Pumping.Slurry Stock.Large,Service,BC,Industrial Minerals,Large,Rotary pump,technology,,,,,,,,,,,,,,,,,
CIMS.CAN.BC.Industrial Minerals.Pumping.Slurry Stock.Large,Service,BC,Industrial Minerals,Large,Rotary pump,available,,,,tech_data_generic,Year,1940,1940,1940,1940,1940,1940,1940,1940,1940,1940,1940,
CIMS.CAN.BC.Industrial Minerals.Pumping.Slurry Stock.Large,Service,BC,Industrial Minerals,Large,Rotary pump,unavailable,,,,tech_data_generic,Year,2101,2101,2101,2101,2101,2101,2101,2101,2101,2101,2101,
CIMS.CAN.BC.Industrial Minerals.Pumping.Slurry Stock.Large,Service,BC,Industrial Minerals,Large,Rotary pump,lifetime,,,,tech_data_generic,Years,10,10,10,10,10,10,10,10,10,10,10,
CIMS.CAN.BC.Industrial Minerals.Pumping.Slurry Stock.Large,Service,BC,Industrial Minerals,Large,Rotary pump,market_share_total,,,,tech_data_region,%,0.9,,,,,,,,,,,
CIMS.CAN.BC.Industrial Minerals.Pumping.Slurry Stock.Large,Service,BC,Industrial Minerals,Large,Rotary pump,output,,,,tech_data_generic,node unit,9406.55808,9406.55808,9406.55808,9406.55808,9406.55808,9406.55808,9406.55808,9406.55808,9406.55808,9406.55808,9406.55808,
CIMS.CAN.BC.Industrial Minerals.Pumping.Slurry Stock.Large,Service,BC,Industrial Minerals,Large,Rotary pump,fcc,,,,tech_data_generic,$,632487.114365158,632487.114365158,632487.114365158,632487.114365158,632487.114365158,632487.114365158,632487.114365158,632487.114365158,632487.114365158,632487.114365158,632487.114365158,
CIMS.CAN.BC.Industrial Minerals.Pumping.Slurry Stock.Large,Service,BC,Industrial Minerals,Large,Rotary pump,fom,,,,tech_data_generic,$,625.687480940677,625.687480940677,625.687480940677,625.687480940677,625.687480940677,625.687480940677,625.687480940677,625.687480940677,625.687480940677,625.687480940677,625.687480940677,
CIMS.CAN.BC.Industrial Minerals.Pumping.Slurry Stock.Large,Service,BC,Industrial Minerals,Large,Rotary pump,service_request,,,CIMS.CAN.BC.Industrial Minerals.Machine Drive,tech_multi_generic,GJ,2.99046997029865,2.99046997029865,2.99046997029865,2.99046997029865,2.99046997029865,2.99046997029865,2.99046997029865,2.99046997029865,2.99046997029865,2.99046997029865,2.99046997029865,
CIMS.CAN.BC.Industrial Minerals.Pumping.Slurry Stock.Large,Service,BC,Industrial Minerals,Large,Eff rotary pump variable speed,technology,,,,,,,,,,,,,,,,,
CIMS.CAN.BC.Industrial Minerals.Pumping.Slurry Stock.Large,Service,BC,Industrial Minerals,Large,Eff rotary pump variable speed,available,,,,tech_data_generic,Year,1940,1940,1940,1940,1940,1940,1940,1940,1940,1940,1940,
CIMS.CAN.BC.Industrial Minerals.Pumping.Slurry Stock.Large,Service,BC,Industrial Minerals,Large,Eff rotary pump variable speed,unavailable,,,,tech_data_generic,Year,2101,2101,2101,2101,2101,2101,2101,2101,2101,2101,2101,
CIMS.CAN.BC.Industrial Minerals.Pumping.Slurry Stock.Large,Service,BC,Industrial Minerals,Large,Eff rotary pump variable speed,lifetime,,,,tech_data_generic,Years,10,10,10,10,10,10,10,10,10,10,10,
CIMS.CAN.BC.Industrial Minerals.Pumping.Slurry Stock.Large,Service,BC,Industrial Minerals,Large,Eff rotary pump variable speed,market_share_total,,,,tech_data_region,%,0.1,,,,,,,,,,,
CIMS.CAN.BC.Industrial Minerals.Pumping.Slurry Stock.Large,Service,BC,Industrial Minerals,Large,Eff rotary pump variable speed,output,,,,tech_data_generic,node unit,9406.55808,9406.55808,9406.55808,9406.55808,9406.55808,9406.55808,9406.55808,9406.55808,9406.55808,9406.55808,9406.55808,
CIMS.CAN.BC.Industrial Minerals.Pumping.Slurry Stock.Large,Service,BC,Industrial Minerals,Large,Eff rotary pump variable speed,fcc,,,,tech_data_generic,$,821988.19604132,821988.19604132,821988.19604132,821988.19604132,821988.19604132,821988.19604132,821988.19604132,821988.19604132,821988.19604132,821988.19604132,821988.19604132,
CIMS.CAN.BC.Industrial Minerals.Pumping.Slurry Stock.Large,Service,BC,Industrial Minerals,Large,Eff rotary pump variable speed,fom,,,,tech_data_generic,$,625.687480940677,625.687480940677,625.687480940677,625.687480940677,625.687480940677,625.687480940677,625.687480940677,625.687480940677,625.687480940677,625.687480940677,625.687480940677,
CIMS.CAN.BC.Industrial Minerals.Pumping.Slurry Stock.Large,Service,BC,Industrial Minerals,Large,Eff rotary pump variable speed,service_request,,,CIMS.CAN.BC.Industrial Minerals.Machine Drive,tech_multi_generic,GJ,1.53429180542418,1.53429180542418,1.53429180542418,1.53429180542418,1.53429180542418,1.53429180542418,1.53429180542418,1.53429180542418,1.53429180542418,1.53429180542418,1.53429180542418,
CIMS.CAN.BC.Industrial Minerals.Pumping.Precision,Service,BC,Industrial Minerals,Precision,,service_provide,,,,activity_data_generic,GJ,,,,,,,,,,,,
CIMS.CAN.BC.Industrial Minerals.Pumping.Precision,Service,BC,Industrial Minerals,Precision,,competition,Fixed Ratio,,,,,,,,,,,,,,,,
CIMS.CAN.BC.Industrial Minerals.Pumping.Precision,Service,BC,Industrial Minerals,Precision,,service_request,,,CIMS.CAN.BC.Industrial Minerals.Pumping.Precision.Small,activity_data_region,GJ,0,0,0,0,0,0,0,0,0,0,0,
CIMS.CAN.BC.Industrial Minerals.Pumping.Precision,Service,BC,Industrial Minerals,Precision,,service_request,,,CIMS.CAN.BC.Industrial Minerals.Pumping.Precision.Large,activity_data_region,GJ,1,1,1,1,1,1,1,1,1,1,1,
CIMS.CAN.BC.Industrial Minerals.Pumping.Precision.Small,Service,BC,Industrial Minerals,Small,,service_provide,,,,activity_data_generic,GJ,,,,,,,,,,,,
CIMS.CAN.BC.Industrial Minerals.Pumping.Precision.Small,Service,BC,Industrial Minerals,Small,,competition,Tech Compete,,,,,,,,,,,,,,,,
CIMS.CAN.BC.Industrial Minerals.Pumping.Precision.Small,Service,BC,Industrial Minerals,Small,,discount_rate_financial,,,,tech_data_generic,%,0.5,0.5,0.5,0.5,0.5,0.5,0.5,0.5,0.5,0.5,0.5,
CIMS.CAN.BC.Industrial Minerals.Pumping.Precision.Small,Service,BC,Industrial Minerals,Small,,heterogeneity,,,,tech_data_generic,,10,10,10,10,10,10,10,10,10,10,10,
CIMS.CAN.BC.Industrial Minerals.Pumping.Precision.Small,Service,BC,Industrial Minerals,Small,Reciprocating pump,technology,,,,,,,,,,,,,,,,,
CIMS.CAN.BC.Industrial Minerals.Pumping.Precision.Small,Service,BC,Industrial Minerals,Small,Reciprocating pump,available,,,,tech_data_generic,Year,1940,1940,1940,1940,1940,1940,1940,1940,1940,1940,1940,
CIMS.CAN.BC.Industrial Minerals.Pumping.Precision.Small,Service,BC,Industrial Minerals,Small,Reciprocating pump,unavailable,,,,tech_data_generic,Year,2101,2101,2101,2101,2101,2101,2101,2101,2101,2101,2101,
CIMS.CAN.BC.Industrial Minerals.Pumping.Precision.Small,Service,BC,Industrial Minerals,Small,Reciprocating pump,lifetime,,,,tech_data_generic,Years,10,10,10,10,10,10,10,10,10,10,10,
CIMS.CAN.BC.Industrial Minerals.Pumping.Precision.Small,Service,BC,Industrial Minerals,Small,Reciprocating pump,market_share_total,,,,tech_data_region,%,0.9,,,,,,,,,,,
CIMS.CAN.BC.Industrial Minerals.Pumping.Precision.Small,Service,BC,Industrial Minerals,Small,Reciprocating pump,output,,,,tech_data_generic,node unit,940.655808,940.655808,940.655808,940.655808,940.655808,940.655808,940.655808,940.655808,940.655808,940.655808,940.655808,
CIMS.CAN.BC.Industrial Minerals.Pumping.Precision.Small,Service,BC,Industrial Minerals,Small,Reciprocating pump,fcc,,,,tech_data_generic,$,112944.127565207,112944.127565207,112944.127565207,112944.127565207,112944.127565207,112944.127565207,112944.127565207,112944.127565207,112944.127565207,112944.127565207,112944.127565207,
CIMS.CAN.BC.Industrial Minerals.Pumping.Precision.Small,Service,BC,Industrial Minerals,Small,Reciprocating pump,fom,,,,tech_data_generic,$,625.687480940677,625.687480940677,625.687480940677,625.687480940677,625.687480940677,625.687480940677,625.687480940677,625.687480940677,625.687480940677,625.687480940677,625.687480940677,
CIMS.CAN.BC.Industrial Minerals.Pumping.Precision.Small,Service,BC,Industrial Minerals,Small,Reciprocating pump,service_request,,,CIMS.CAN.BC.Industrial Minerals.Machine Drive,tech_multi_generic,GJ,3.3371911262753,3.3371911262753,3.3371911262753,3.3371911262753,3.3371911262753,3.3371911262753,3.3371911262753,3.3371911262753,3.3371911262753,3.3371911262753,3.3371911262753,
CIMS.CAN.BC.Industrial Minerals.Pumping.Precision.Small,Service,BC,Industrial Minerals,Small,Eff reciprocating pump variable speed,technology,,,,,,,,,,,,,,,,,
CIMS.CAN.BC.Industrial Minerals.Pumping.Precision.Small,Service,BC,Industrial Minerals,Small,Eff reciprocating pump variable speed,available,,,,tech_data_generic,Year,1940,1940,1940,1940,1940,1940,1940,1940,1940,1940,1940,
CIMS.CAN.BC.Industrial Minerals.Pumping.Precision.Small,Service,BC,Industrial Minerals,Small,Eff reciprocating pump variable speed,unavailable,,,,tech_data_generic,Year,2101,2101,2101,2101,2101,2101,2101,2101,2101,2101,2101,
CIMS.CAN.BC.Industrial Minerals.Pumping.Precision.Small,Service,BC,Industrial Minerals,Small,Eff reciprocating pump variable speed,lifetime,,,,tech_data_generic,Years,10,10,10,10,10,10,10,10,10,10,10,
CIMS.CAN.BC.Industrial Minerals.Pumping.Precision.Small,Service,BC,Industrial Minerals,Small,Eff reciprocating pump variable speed,market_share_total,,,,tech_data_region,%,0.1,,,,,,,,,,,
CIMS.CAN.BC.Industrial Minerals.Pumping.Precision.Small,Service,BC,Industrial Minerals,Small,Eff reciprocating pump variable speed,output,,,,tech_data_generic,node unit,940.655808,940.655808,940.655808,940.655808,940.655808,940.655808,940.655808,940.655808,940.655808,940.655808,940.655808,
CIMS.CAN.BC.Industrial Minerals.Pumping.Precision.Small,Service,BC,Industrial Minerals,Small,Eff reciprocating pump variable speed,fcc,,,,tech_data_generic,$,146783.606435949,146783.606435949,146783.606435949,146783.606435949,146783.606435949,146783.606435949,146783.606435949,146783.606435949,146783.606435949,146783.606435949,146783.606435949,
CIMS.CAN.BC.Industrial Minerals.Pumping.Precision.Small,Service,BC,Industrial Minerals,Small,Eff reciprocating pump variable speed,fom,,,,tech_data_generic,$,625.687480940677,625.687480940677,625.687480940677,625.687480940677,625.687480940677,625.687480940677,625.687480940677,625.687480940677,625.687480940677,625.687480940677,625.687480940677,
CIMS.CAN.BC.Industrial Minerals.Pumping.Precision.Small,Service,BC,Industrial Minerals,Small,Eff reciprocating pump variable speed,service_request,,,CIMS.CAN.BC.Industrial Minerals.Machine Drive,tech_multi_generic,GJ,1.71218071040089,1.71218071040089,1.71218071040089,1.71218071040089,1.71218071040089,1.71218071040089,1.71218071040089,1.71218071040089,1.71218071040089,1.71218071040089,1.71218071040089,
CIMS.CAN.BC.Industrial Minerals.Pumping.Precision.Large,Service,BC,Industrial Minerals,Large,,service_provide,,,,activity_data_generic,GJ,,,,,,,,,,,,
CIMS.CAN.BC.Industrial Minerals.Pumping.Precision.Large,Service,BC,Industrial Minerals,Large,,competition,Tech Compete,,,,,,,,,,,,,,,,
CIMS.CAN.BC.Industrial Minerals.Pumping.Precision.Large,Service,BC,Industrial Minerals,Large,,discount_rate_financial,,,,tech_data_generic,%,0.5,0.5,0.5,0.5,0.5,0.5,0.5,0.5,0.5,0.5,0.5,
CIMS.CAN.BC.Industrial Minerals.Pumping.Precision.Large,Service,BC,Industrial Minerals,Large,,heterogeneity,,,,tech_data_generic,,10,10,10,10,10,10,10,10,10,10,10,
CIMS.CAN.BC.Industrial Minerals.Pumping.Precision.Large,Service,BC,Industrial Minerals,Large,Reciprocating pump,technology,,,,,,,,,,,,,,,,,
CIMS.CAN.BC.Industrial Minerals.Pumping.Precision.Large,Service,BC,Industrial Minerals,Large,Reciprocating pump,available,,,,tech_data_generic,Year,1940,1940,1940,1940,1940,1940,1940,1940,1940,1940,1940,
CIMS.CAN.BC.Industrial Minerals.Pumping.Precision.Large,Service,BC,Industrial Minerals,Large,Reciprocating pump,unavailable,,,,tech_data_generic,Year,2101,2101,2101,2101,2101,2101,2101,2101,2101,2101,2101,
CIMS.CAN.BC.Industrial Minerals.Pumping.Precision.Large,Service,BC,Industrial Minerals,Large,Reciprocating pump,lifetime,,,,tech_data_generic,Years,10,10,10,10,10,10,10,10,10,10,10,
CIMS.CAN.BC.Industrial Minerals.Pumping.Precision.Large,Service,BC,Industrial Minerals,Large,Reciprocating pump,market_share_total,,,,tech_data_region,%,0.9,,,,,,,,,,,
CIMS.CAN.BC.Industrial Minerals.Pumping.Precision.Large,Service,BC,Industrial Minerals,Large,Reciprocating pump,output,,,,tech_data_generic,node unit,9406.55808,9406.55808,9406.55808,9406.55808,9406.55808,9406.55808,9406.55808,9406.55808,9406.55808,9406.55808,9406.55808,
CIMS.CAN.BC.Industrial Minerals.Pumping.Precision.Large,Service,BC,Industrial Minerals,Large,Reciprocating pump,fcc,,,,tech_data_generic,$,632487.114365158,632487.114365158,632487.114365158,632487.114365158,632487.114365158,632487.114365158,632487.114365158,632487.114365158,632487.114365158,632487.114365158,632487.114365158,
CIMS.CAN.BC.Industrial Minerals.Pumping.Precision.Large,Service,BC,Industrial Minerals,Large,Reciprocating pump,fom,,,,tech_data_generic,$,625.687480940677,625.687480940677,625.687480940677,625.687480940677,625.687480940677,625.687480940677,625.687480940677,625.687480940677,625.687480940677,625.687480940677,625.687480940677,
CIMS.CAN.BC.Industrial Minerals.Pumping.Precision.Large,Service,BC,Industrial Minerals,Large,Reciprocating pump,service_request,,,CIMS.CAN.BC.Industrial Minerals.Machine Drive,tech_multi_generic,GJ,2.70901397309407,2.70901397309407,2.70901397309407,2.70901397309407,2.70901397309407,2.70901397309407,2.70901397309407,2.70901397309407,2.70901397309407,2.70901397309407,2.70901397309407,
CIMS.CAN.BC.Industrial Minerals.Pumping.Precision.Large,Service,BC,Industrial Minerals,Large,Eff reciprocating pump variable speed,technology,,,,,,,,,,,,,,,,,
CIMS.CAN.BC.Industrial Minerals.Pumping.Precision.Large,Service,BC,Industrial Minerals,Large,Eff reciprocating pump variable speed,available,,,,tech_data_generic,Year,1940,1940,1940,1940,1940,1940,1940,1940,1940,1940,1940,
CIMS.CAN.BC.Industrial Minerals.Pumping.Precision.Large,Service,BC,Industrial Minerals,Large,Eff reciprocating pump variable speed,unavailable,,,,tech_data_generic,Year,2101,2101,2101,2101,2101,2101,2101,2101,2101,2101,2101,
CIMS.CAN.BC.Industrial Minerals.Pumping.Precision.Large,Service,BC,Industrial Minerals,Large,Eff reciprocating pump variable speed,lifetime,,,,tech_data_generic,Years,10,10,10,10,10,10,10,10,10,10,10,
CIMS.CAN.BC.Industrial Minerals.Pumping.Precision.Large,Service,BC,Industrial Minerals,Large,Eff reciprocating pump variable speed,market_share_total,,,,tech_data_region,%,0.1,,,,,,,,,,,
CIMS.CAN.BC.Industrial Minerals.Pumping.Precision.Large,Service,BC,Industrial Minerals,Large,Eff reciprocating pump variable speed,output,,,,tech_data_generic,node unit,9406.55808,9406.55808,9406.55808,9406.55808,9406.55808,9406.55808,9406.55808,9406.55808,9406.55808,9406.55808,9406.55808,
CIMS.CAN.BC.Industrial Minerals.Pumping.Precision.Large,Service,BC,Industrial Minerals,Large,Eff reciprocating pump variable speed,fcc,,,,tech_data_generic,$,821988.19604132,821988.19604132,821988.19604132,821988.19604132,821988.19604132,821988.19604132,821988.19604132,821988.19604132,821988.19604132,821988.19604132,821988.19604132,
CIMS.CAN.BC.Industrial Minerals.Pumping.Precision.Large,Service,BC,Industrial Minerals,Large,Eff reciprocating pump variable speed,fom,,,,tech_data_generic,$,625.687480940677,625.687480940677,625.687480940677,625.687480940677,625.687480940677,625.687480940677,625.687480940677,625.687480940677,625.687480940677,625.687480940677,625.687480940677,
CIMS.CAN.BC.Industrial Minerals.Pumping.Precision.Large,Service,BC,Industrial Minerals,Large,Eff reciprocating pump variable speed,service_request,,,CIMS.CAN.BC.Industrial Minerals.Machine Drive,tech_multi_generic,GJ,1.38988787079602,1.38988787079602,1.38988787079602,1.38988787079602,1.38988787079602,1.38988787079602,1.38988787079602,1.38988787079602,1.38988787079602,1.38988787079602,1.38988787079602,
CIMS.CAN.BC.Industrial Minerals.Direct Drive,Service,BC,Industrial Minerals,Direct Drive,,service_provide,,,,activity_data_generic,GJ,,,,,,,,,,,,
CIMS.CAN.BC.Industrial Minerals.Direct Drive,Service,BC,Industrial Minerals,Direct Drive,,competition,Tech Compete,,,,,,,,,,,,,,,,
CIMS.CAN.BC.Industrial Minerals.Direct Drive,Service,BC,Industrial Minerals,Direct Drive,,discount_rate_financial,,,,tech_data_generic,%,0.5,0.5,0.5,0.5,0.5,0.5,0.5,0.5,0.5,0.5,0.5,
CIMS.CAN.BC.Industrial Minerals.Direct Drive,Service,BC,Industrial Minerals,Direct Drive,,heterogeneity,,,,tech_data_generic,,10,10,10,10,10,10,10,10,10,10,10,
CIMS.CAN.BC.Industrial Minerals.Direct Drive,Service,BC,Industrial Minerals,Direct Drive,Motor speed control V belt,technology,,,,,,,,,,,,,,,,,
CIMS.CAN.BC.Industrial Minerals.Direct Drive,Service,BC,Industrial Minerals,Direct Drive,Motor speed control V belt,available,,,,tech_data_generic,Year,1930,1930,1930,1930,1930,1930,1930,1930,1930,1930,1930,
CIMS.CAN.BC.Industrial Minerals.Direct Drive,Service,BC,Industrial Minerals,Direct Drive,Motor speed control V belt,unavailable,,,,tech_data_generic,Year,2101,2101,2101,2101,2101,2101,2101,2101,2101,2101,2101,
CIMS.CAN.BC.Industrial Minerals.Direct Drive,Service,BC,Industrial Minerals,Direct Drive,Motor speed control V belt,lifetime,,,,tech_data_generic,Years,10,10,10,10,10,10,10,10,10,10,10,
CIMS.CAN.BC.Industrial Minerals.Direct Drive,Service,BC,Industrial Minerals,Direct Drive,Motor speed control V belt,market_share_total,,,,tech_data_region,%,0.8,,,,,,,,,,,
CIMS.CAN.BC.Industrial Minerals.Direct Drive,Service,BC,Industrial Minerals,Direct Drive,Motor speed control V belt,output,,,,tech_data_generic,node unit,53668.192,53668.192,53668.192,53668.192,53668.192,53668.192,53668.192,53668.192,53668.192,53668.192,53668.192,
CIMS.CAN.BC.Industrial Minerals.Direct Drive,Service,BC,Industrial Minerals,Direct Drive,Motor speed control V belt,fcc,,,,tech_data_generic,$,3920.05720558953,3920.05720558953,3920.05720558953,3920.05720558953,3920.05720558953,3920.05720558953,3920.05720558953,3920.05720558953,3920.05720558953,3920.05720558953,3920.05720558953,
CIMS.CAN.BC.Industrial Minerals.Direct Drive,Service,BC,Industrial Minerals,Direct Drive,Motor speed control V belt,fom,,,,tech_data_generic,$,312.843740470338,312.843740470338,312.843740470338,312.843740470338,312.843740470338,312.843740470338,312.843740470338,312.843740470338,312.843740470338,312.843740470338,312.843740470338,
CIMS.CAN.BC.Industrial Minerals.Direct Drive,Service,BC,Industrial Minerals,Direct Drive,Motor speed control V belt,service_request,,,CIMS.CAN.BC.Industrial Minerals.Machine Drive,tech_multi_generic,GJ,1.17647058823529,1.17647058823529,1.17647058823529,1.17647058823529,1.17647058823529,1.17647058823529,1.17647058823529,1.17647058823529,1.17647058823529,1.17647058823529,1.17647058823529,
CIMS.CAN.BC.Industrial Minerals.Direct Drive,Service,BC,Industrial Minerals,Direct Drive,Motor speed control variable speed,technology,,,,,,,,,,,,,,,,,
CIMS.CAN.BC.Industrial Minerals.Direct Drive,Service,BC,Industrial Minerals,Direct Drive,Motor speed control variable speed,available,,,,tech_data_generic,Year,1930,1930,1930,1930,1930,1930,1930,1930,1930,1930,1930,
CIMS.CAN.BC.Industrial Minerals.Direct Drive,Service,BC,Industrial Minerals,Direct Drive,Motor speed control variable speed,unavailable,,,,tech_data_generic,Year,2101,2101,2101,2101,2101,2101,2101,2101,2101,2101,2101,
CIMS.CAN.BC.Industrial Minerals.Direct Drive,Service,BC,Industrial Minerals,Direct Drive,Motor speed control variable speed,lifetime,,,,tech_data_generic,Years,10,10,10,10,10,10,10,10,10,10,10,
CIMS.CAN.BC.Industrial Minerals.Direct Drive,Service,BC,Industrial Minerals,Direct Drive,Motor speed control variable speed,market_share_total,,,,tech_data_region,%,0.2,,,,,,,,,,,
CIMS.CAN.BC.Industrial Minerals.Direct Drive,Service,BC,Industrial Minerals,Direct Drive,Motor speed control variable speed,output,,,,tech_data_generic,node unit,53668.192,53668.192,53668.192,53668.192,53668.192,53668.192,53668.192,53668.192,53668.192,53668.192,53668.192,
CIMS.CAN.BC.Industrial Minerals.Direct Drive,Service,BC,Industrial Minerals,Direct Drive,Motor speed control variable speed,fcc,,,,tech_data_generic,$,255454.225995238,255454.225995238,255454.225995238,255454.225995238,255454.225995238,255454.225995238,255454.225995238,255454.225995238,255454.225995238,255454.225995238,255454.225995238,
CIMS.CAN.BC.Industrial Minerals.Direct Drive,Service,BC,Industrial Minerals,Direct Drive,Motor speed control variable speed,fom,,,,tech_data_generic,$,312.843740470338,312.843740470338,312.843740470338,312.843740470338,312.843740470338,312.843740470338,312.843740470338,312.843740470338,312.843740470338,312.843740470338,312.843740470338,
CIMS.CAN.BC.Industrial Minerals.Direct Drive,Service,BC,Industrial Minerals,Direct Drive,Motor speed control variable speed,service_request,,,CIMS.CAN.BC.Industrial Minerals.Machine Drive,tech_multi_generic,GJ,1.06326422115895,1.06326422115895,1.06326422115895,1.06326422115895,1.06326422115895,1.06326422115895,1.06326422115895,1.06326422115895,1.06326422115895,1.06326422115895,1.06326422115895,
CIMS.CAN.BC.Industrial Minerals.Machine Drive,Service,BC,Industrial Minerals,Machine Drive,,service_provide,,,,activity_data_generic,GJ,,,,,,,,,,,,
CIMS.CAN.BC.Industrial Minerals.Machine Drive,Service,BC,Industrial Minerals,Machine Drive,,competition,Fixed Ratio,,,,,,,,,,,,,,,,
CIMS.CAN.BC.Industrial Minerals.Machine Drive,Service,BC,Industrial Minerals,Machine Drive,,service_request,,,CIMS.CAN.BC.Industrial Minerals.Machine Drive.Size 1,activity_data_region,GJ,0.05,0.05,0.05,0.05,0.05,0.05,0.05,0.05,0.05,0.05,0.05,
CIMS.CAN.BC.Industrial Minerals.Machine Drive,Service,BC,Industrial Minerals,Machine Drive,,service_request,,,CIMS.CAN.BC.Industrial Minerals.Machine Drive.Size 2,activity_data_region,GJ,0.017,0.017,0.017,0.017,0.017,0.017,0.017,0.017,0.017,0.017,0.017,
CIMS.CAN.BC.Industrial Minerals.Machine Drive,Service,BC,Industrial Minerals,Machine Drive,,service_request,,,CIMS.CAN.BC.Industrial Minerals.Machine Drive.Size 3,activity_data_region,GJ,0.116,0.116,0.116,0.116,0.116,0.116,0.116,0.116,0.116,0.116,0.116,
CIMS.CAN.BC.Industrial Minerals.Machine Drive,Service,BC,Industrial Minerals,Machine Drive,,service_request,,,CIMS.CAN.BC.Industrial Minerals.Machine Drive.Size 4,activity_data_region,GJ,0.075,0.075,0.075,0.075,0.075,0.075,0.075,0.075,0.075,0.075,0.075,
CIMS.CAN.BC.Industrial Minerals.Machine Drive,Service,BC,Industrial Minerals,Machine Drive,,service_request,,,CIMS.CAN.BC.Industrial Minerals.Machine Drive.Size 5,activity_data_region,GJ,0.101,0.101,0.101,0.101,0.101,0.101,0.101,0.101,0.101,0.101,0.101,
CIMS.CAN.BC.Industrial Minerals.Machine Drive,Service,BC,Industrial Minerals,Machine Drive,,service_request,,,CIMS.CAN.BC.Industrial Minerals.Machine Drive.Size 6,activity_data_region,GJ,0.641,0.641,0.641,0.641,0.641,0.641,0.641,0.641,0.641,0.641,0.641,
CIMS.CAN.BC.Industrial Minerals.Machine Drive.Size 1,Service,BC,Industrial Minerals,Size 1,,service_provide,,,,activity_data_generic,GJ,,,,,,,,,,,,
CIMS.CAN.BC.Industrial Minerals.Machine Drive.Size 1,Service,BC,Industrial Minerals,Size 1,,competition,Tech Compete,,,,,,,,,,,,,,,,
CIMS.CAN.BC.Industrial Minerals.Machine Drive.Size 1,Service,BC,Industrial Minerals,Size 1,,discount_rate_financial,,,,tech_data_generic,%,0.5,0.5,0.5,0.5,0.5,0.5,0.5,0.5,0.5,0.5,0.5,
CIMS.CAN.BC.Industrial Minerals.Machine Drive.Size 1,Service,BC,Industrial Minerals,Size 1,,heterogeneity,,,,tech_data_generic,,10,10,10,10,10,10,10,10,10,10,10,
CIMS.CAN.BC.Industrial Minerals.Machine Drive.Size 1,Service,BC,Industrial Minerals,Size 1,AC motor 1 5 hp,technology,,,,,,,,,,,,,,,,,
CIMS.CAN.BC.Industrial Minerals.Machine Drive.Size 1,Service,BC,Industrial Minerals,Size 1,AC motor 1 5 hp,available,,,,tech_data_generic,Year,1930,1930,1930,1930,1930,1930,1930,1930,1930,1930,1930,
CIMS.CAN.BC.Industrial Minerals.Machine Drive.Size 1,Service,BC,Industrial Minerals,Size 1,AC motor 1 5 hp,unavailable,,,,tech_data_generic,Year,2101,2101,2101,2101,2101,2101,2101,2101,2101,2101,2101,
CIMS.CAN.BC.Industrial Minerals.Machine Drive.Size 1,Service,BC,Industrial Minerals,Size 1,AC motor 1 5 hp,lifetime,,,,tech_data_generic,Years,5,5,5,5,5,5,5,5,5,5,5,
CIMS.CAN.BC.Industrial Minerals.Machine Drive.Size 1,Service,BC,Industrial Minerals,Size 1,AC motor 1 5 hp,market_share_total,,,,tech_data_region,%,0.4,,,,,,,,,,,
CIMS.CAN.BC.Industrial Minerals.Machine Drive.Size 1,Service,BC,Industrial Minerals,Size 1,AC motor 1 5 hp,output,,,,tech_data_generic,node unit,117.581976,117.581976,117.581976,117.581976,117.581976,117.581976,117.581976,117.581976,117.581976,117.581976,117.581976,
CIMS.CAN.BC.Industrial Minerals.Machine Drive.Size 1,Service,BC,Industrial Minerals,Size 1,AC motor 1 5 hp,fcc,,,,tech_data_generic,$,1521.08457523989,1521.08457523989,1521.08457523989,1521.08457523989,1521.08457523989,1521.08457523989,1521.08457523989,1521.08457523989,1521.08457523989,1521.08457523989,1521.08457523989,
CIMS.CAN.BC.Industrial Minerals.Machine Drive.Size 1,Service,BC,Industrial Minerals,Size 1,AC motor 1 5 hp,fom,,,,tech_data_generic,$,36.9399278920653,36.9399278920653,36.9399278920653,36.9399278920653,36.9399278920653,36.9399278920653,36.9399278920653,36.9399278920653,36.9399278920653,36.9399278920653,36.9399278920653,
CIMS.CAN.BC.Industrial Minerals.Machine Drive.Size 1,Service,BC,Industrial Minerals,Size 1,AC motor 1 5 hp,service_request,,,CIMS.CAN.BC.Electricity,tech_multi_generic,GJ,1.16618075801749,1.16618075801749,1.16618075801749,1.16618075801749,1.16618075801749,1.16618075801749,1.16618075801749,1.16618075801749,1.16618075801749,1.16618075801749,1.16618075801749,
CIMS.CAN.BC.Industrial Minerals.Machine Drive.Size 1,Service,BC,Industrial Minerals,Size 1,Eff AC motor 1 5 hp,technology,,,,,,,,,,,,,,,,,
CIMS.CAN.BC.Industrial Minerals.Machine Drive.Size 1,Service,BC,Industrial Minerals,Size 1,Eff AC motor 1 5 hp,available,,,,tech_data_generic,Year,1930,1930,1930,1930,1930,1930,1930,1930,1930,1930,1930,
CIMS.CAN.BC.Industrial Minerals.Machine Drive.Size 1,Service,BC,Industrial Minerals,Size 1,Eff AC motor 1 5 hp,unavailable,,,,tech_data_generic,Year,2101,2101,2101,2101,2101,2101,2101,2101,2101,2101,2101,
CIMS.CAN.BC.Industrial Minerals.Machine Drive.Size 1,Service,BC,Industrial Minerals,Size 1,Eff AC motor 1 5 hp,lifetime,,,,tech_data_generic,Years,5,5,5,5,5,5,5,5,5,5,5,
CIMS.CAN.BC.Industrial Minerals.Machine Drive.Size 1,Service,BC,Industrial Minerals,Size 1,Eff AC motor 1 5 hp,market_share_total,,,,tech_data_region,%,0.6,,,,,,,,,,,
CIMS.CAN.BC.Industrial Minerals.Machine Drive.Size 1,Service,BC,Industrial Minerals,Size 1,Eff AC motor 1 5 hp,output,,,,tech_data_generic,node unit,117.581976,117.581976,117.581976,117.581976,117.581976,117.581976,117.581976,117.581976,117.581976,117.581976,117.581976,
CIMS.CAN.BC.Industrial Minerals.Machine Drive.Size 1,Service,BC,Industrial Minerals,Size 1,Eff AC motor 1 5 hp,fcc,,,,tech_data_generic,$,1987.36943014974,1987.36943014974,1987.36943014974,1987.36943014974,1987.36943014974,1987.36943014974,1987.36943014974,1987.36943014974,1987.36943014974,1987.36943014974,1987.36943014974,
CIMS.CAN.BC.Industrial Minerals.Machine Drive.Size 1,Service,BC,Industrial Minerals,Size 1,Eff AC motor 1 5 hp,fom,,,,tech_data_generic,$,36.9399278920653,36.9399278920653,36.9399278920653,36.9399278920653,36.9399278920653,36.9399278920653,36.9399278920653,36.9399278920653,36.9399278920653,36.9399278920653,36.9399278920653,
CIMS.CAN.BC.Industrial Minerals.Machine Drive.Size 1,Service,BC,Industrial Minerals,Size 1,Eff AC motor 1 5 hp,service_request,,,CIMS.CAN.BC.Electricity,tech_multi_generic,GJ,1.1401208528104,1.1401208528104,1.1401208528104,1.1401208528104,1.1401208528104,1.1401208528104,1.1401208528104,1.1401208528104,1.1401208528104,1.1401208528104,1.1401208528104,
CIMS.CAN.BC.Industrial Minerals.Machine Drive.Size 2,Service,BC,Industrial Minerals,Size 2,,service_provide,,,,activity_data_generic,GJ,,,,,,,,,,,,
CIMS.CAN.BC.Industrial Minerals.Machine Drive.Size 2,Service,BC,Industrial Minerals,Size 2,,competition,Tech Compete,,,,,,,,,,,,,,,,
CIMS.CAN.BC.Industrial Minerals.Machine Drive.Size 2,Service,BC,Industrial Minerals,Size 2,,discount_rate_financial,,,,tech_data_generic,%,0.5,0.5,0.5,0.5,0.5,0.5,0.5,0.5,0.5,0.5,0.5,
CIMS.CAN.BC.Industrial Minerals.Machine Drive.Size 2,Service,BC,Industrial Minerals,Size 2,,heterogeneity,,,,tech_data_generic,,10,10,10,10,10,10,10,10,10,10,10,
CIMS.CAN.BC.Industrial Minerals.Machine Drive.Size 2,Service,BC,Industrial Minerals,Size 2,AC motor 6 25 hp,technology,,,,,,,,,,,,,,,,,
CIMS.CAN.BC.Industrial Minerals.Machine Drive.Size 2,Service,BC,Industrial Minerals,Size 2,AC motor 6 25 hp,available,,,,tech_data_generic,Year,1930,1930,1930,1930,1930,1930,1930,1930,1930,1930,1930,
CIMS.CAN.BC.Industrial Minerals.Machine Drive.Size 2,Service,BC,Industrial Minerals,Size 2,AC motor 6 25 hp,unavailable,,,,tech_data_generic,Year,2101,2101,2101,2101,2101,2101,2101,2101,2101,2101,2101,
CIMS.CAN.BC.Industrial Minerals.Machine Drive.Size 2,Service,BC,Industrial Minerals,Size 2,AC motor 6 25 hp,lifetime,,,,tech_data_generic,Years,10,10,10,10,10,10,10,10,10,10,10,
CIMS.CAN.BC.Industrial Minerals.Machine Drive.Size 2,Service,BC,Industrial Minerals,Size 2,AC motor 6 25 hp,market_share_total,,,,tech_data_region,%,0.4,,,,,,,,,,,
CIMS.CAN.BC.Industrial Minerals.Machine Drive.Size 2,Service,BC,Industrial Minerals,Size 2,AC motor 6 25 hp,output,,,,tech_data_generic,node unit,587.90988,587.90988,587.90988,587.90988,587.90988,587.90988,587.90988,587.90988,587.90988,587.90988,587.90988,
CIMS.CAN.BC.Industrial Minerals.Machine Drive.Size 2,Service,BC,Industrial Minerals,Size 2,AC motor 6 25 hp,fcc,,,,tech_data_generic,$,4436.35567995439,4436.35567995439,4436.35567995439,4436.35567995439,4436.35567995439,4436.35567995439,4436.35567995439,4436.35567995439,4436.35567995439,4436.35567995439,4436.35567995439,
CIMS.CAN.BC.Industrial Minerals.Machine Drive.Size 2,Service,BC,Industrial Minerals,Size 2,AC motor 6 25 hp,fom,,,,tech_data_generic,$,179.331977769992,179.331977769992,179.331977769992,179.331977769992,179.331977769992,179.331977769992,179.331977769992,179.331977769992,179.331977769992,179.331977769992,179.331977769992,
CIMS.CAN.BC.Industrial Minerals.Machine Drive.Size 2,Service,BC,Industrial Minerals,Size 2,AC motor 6 25 hp,service_request,,,CIMS.CAN.BC.Electricity,tech_multi_generic,GJ,1.1213276519399,1.1213276519399,1.1213276519399,1.1213276519399,1.1213276519399,1.1213276519399,1.1213276519399,1.1213276519399,1.1213276519399,1.1213276519399,1.1213276519399,
CIMS.CAN.BC.Industrial Minerals.Machine Drive.Size 2,Service,BC,Industrial Minerals,Size 2,Eff motor 6 25 hp,technology,,,,,,,,,,,,,,,,,
CIMS.CAN.BC.Industrial Minerals.Machine Drive.Size 2,Service,BC,Industrial Minerals,Size 2,Eff motor 6 25 hp,available,,,,tech_data_generic,Year,1977,1977,1977,1977,1977,1977,1977,1977,1977,1977,1977,
CIMS.CAN.BC.Industrial Minerals.Machine Drive.Size 2,Service,BC,Industrial Minerals,Size 2,Eff motor 6 25 hp,unavailable,,,,tech_data_generic,Year,2101,2101,2101,2101,2101,2101,2101,2101,2101,2101,2101,
CIMS.CAN.BC.Industrial Minerals.Machine Drive.Size 2,Service,BC,Industrial Minerals,Size 2,Eff motor 6 25 hp,lifetime,,,,tech_data_generic,Years,10,10,10,10,10,10,10,10,10,10,10,
CIMS.CAN.BC.Industrial Minerals.Machine Drive.Size 2,Service,BC,Industrial Minerals,Size 2,Eff motor 6 25 hp,market_share_total,,,,tech_data_region,%,0.6,,,,,,,,,,,
CIMS.CAN.BC.Industrial Minerals.Machine Drive.Size 2,Service,BC,Industrial Minerals,Size 2,Eff motor 6 25 hp,output,,,,tech_data_generic,node unit,587.90988,587.90988,587.90988,587.90988,587.90988,587.90988,587.90988,587.90988,587.90988,587.90988,587.90988,
CIMS.CAN.BC.Industrial Minerals.Machine Drive.Size 2,Service,BC,Industrial Minerals,Size 2,Eff motor 6 25 hp,fcc,,,,tech_data_generic,$,4979.86020429799,4979.86020429799,4979.86020429799,4979.86020429799,4979.86020429799,4979.86020429799,4979.86020429799,4979.86020429799,4979.86020429799,4979.86020429799,4979.86020429799,
CIMS.CAN.BC.Industrial Minerals.Machine Drive.Size 2,Service,BC,Industrial Minerals,Size 2,Eff motor 6 25 hp,fom,,,,tech_data_generic,$,179.331977769992,179.331977769992,179.331977769992,179.331977769992,179.331977769992,179.331977769992,179.331977769992,179.331977769992,179.331977769992,179.331977769992,179.331977769992,
CIMS.CAN.BC.Industrial Minerals.Machine Drive.Size 2,Service,BC,Industrial Minerals,Size 2,Eff motor 6 25 hp,service_request,,,CIMS.CAN.BC.Electricity,tech_multi_generic,GJ,1.0972130787799,1.0972130787799,1.0972130787799,1.0972130787799,1.0972130787799,1.0972130787799,1.0972130787799,1.0972130787799,1.0972130787799,1.0972130787799,1.0972130787799,
CIMS.CAN.BC.Industrial Minerals.Machine Drive.Size 3,Service,BC,Industrial Minerals,Size 3,,service_provide,,,,activity_data_generic,GJ,,,,,,,,,,,,
CIMS.CAN.BC.Industrial Minerals.Machine Drive.Size 3,Service,BC,Industrial Minerals,Size 3,,competition,Tech Compete,,,,,,,,,,,,,,,,
CIMS.CAN.BC.Industrial Minerals.Machine Drive.Size 3,Service,BC,Industrial Minerals,Size 3,,discount_rate_financial,,,,tech_data_generic,%,0.5,0.5,0.5,0.5,0.5,0.5,0.5,0.5,0.5,0.5,0.5,
CIMS.CAN.BC.Industrial Minerals.Machine Drive.Size 3,Service,BC,Industrial Minerals,Size 3,,heterogeneity,,,,tech_data_generic,,10,10,10,10,10,10,10,10,10,10,10,
CIMS.CAN.BC.Industrial Minerals.Machine Drive.Size 3,Service,BC,Industrial Minerals,Size 3,AC motor 26 100 hp,technology,,,,,,,,,,,,,,,,,
CIMS.CAN.BC.Industrial Minerals.Machine Drive.Size 3,Service,BC,Industrial Minerals,Size 3,AC motor 26 100 hp,available,,,,tech_data_generic,Year,1930,1930,1930,1930,1930,1930,1930,1930,1930,1930,1930,
CIMS.CAN.BC.Industrial Minerals.Machine Drive.Size 3,Service,BC,Industrial Minerals,Size 3,AC motor 26 100 hp,unavailable,,,,tech_data_generic,Year,2101,2101,2101,2101,2101,2101,2101,2101,2101,2101,2101,
CIMS.CAN.BC.Industrial Minerals.Machine Drive.Size 3,Service,BC,Industrial Minerals,Size 3,AC motor 26 100 hp,lifetime,,,,tech_data_generic,Years,15,15,15,15,15,15,15,15,15,15,15,
CIMS.CAN.BC.Industrial Minerals.Machine Drive.Size 3,Service,BC,Industrial Minerals,Size 3,AC motor 26 100 hp,market_share_total,,,,tech_data_region,%,0.4,,,,,,,,,,,
CIMS.CAN.BC.Industrial Minerals.Machine Drive.Size 3,Service,BC,Industrial Minerals,Size 3,AC motor 26 100 hp,output,,,,tech_data_generic,node unit,2351.63952,2351.63952,2351.63952,2351.63952,2351.63952,2351.63952,2351.63952,2351.63952,2351.63952,2351.63952,2351.63952,
CIMS.CAN.BC.Industrial Minerals.Machine Drive.Size 3,Service,BC,Industrial Minerals,Size 3,AC motor 26 100 hp,fcc,,,,tech_data_generic,$,17197.2231621115,17197.2231621115,17197.2231621115,17197.2231621115,17197.2231621115,17197.2231621115,17197.2231621115,17197.2231621115,17197.2231621115,17197.2231621115,17197.2231621115,
CIMS.CAN.BC.Industrial Minerals.Machine Drive.Size 3,Service,BC,Industrial Minerals,Size 3,AC motor 26 100 hp,fom,,,,tech_data_generic,$,1276.40987974774,1276.40987974774,1276.40987974774,1276.40987974774,1276.40987974774,1276.40987974774,1276.40987974774,1276.40987974774,1276.40987974774,1276.40987974774,1276.40987974774,
CIMS.CAN.BC.Industrial Minerals.Machine Drive.Size 3,Service,BC,Industrial Minerals,Size 3,AC motor 26 100 hp,service_request,,,CIMS.CAN.BC.Electricity,tech_multi_generic,GJ,1.08438699603114,1.08438699603114,1.08438699603114,1.08438699603114,1.08438699603114,1.08438699603114,1.08438699603114,1.08438699603114,1.08438699603114,1.08438699603114,1.08438699603114,
CIMS.CAN.BC.Industrial Minerals.Machine Drive.Size 3,Service,BC,Industrial Minerals,Size 3,Eff AC motor 26 100 hp,technology,,,,,,,,,,,,,,,,,
CIMS.CAN.BC.Industrial Minerals.Machine Drive.Size 3,Service,BC,Industrial Minerals,Size 3,Eff AC motor 26 100 hp,available,,,,tech_data_generic,Year,1982,1982,1982,1982,1982,1982,1982,1982,1982,1982,1982,
CIMS.CAN.BC.Industrial Minerals.Machine Drive.Size 3,Service,BC,Industrial Minerals,Size 3,Eff AC motor 26 100 hp,unavailable,,,,tech_data_generic,Year,2101,2101,2101,2101,2101,2101,2101,2101,2101,2101,2101,
CIMS.CAN.BC.Industrial Minerals.Machine Drive.Size 3,Service,BC,Industrial Minerals,Size 3,Eff AC motor 26 100 hp,lifetime,,,,tech_data_generic,Years,15,15,15,15,15,15,15,15,15,15,15,
CIMS.CAN.BC.Industrial Minerals.Machine Drive.Size 3,Service,BC,Industrial Minerals,Size 3,Eff AC motor 26 100 hp,market_share_total,,,,tech_data_region,%,0.6,,,,,,,,,,,
CIMS.CAN.BC.Industrial Minerals.Machine Drive.Size 3,Service,BC,Industrial Minerals,Size 3,Eff AC motor 26 100 hp,output,,,,tech_data_generic,node unit,2351.63952,2351.63952,2351.63952,2351.63952,2351.63952,2351.63952,2351.63952,2351.63952,2351.63952,2351.63952,2351.63952,
CIMS.CAN.BC.Industrial Minerals.Machine Drive.Size 3,Service,BC,Industrial Minerals,Size 3,Eff AC motor 26 100 hp,fcc,,,,tech_data_generic,$,19426.1975715898,19426.1975715898,19426.1975715898,19426.1975715898,19426.1975715898,19426.1975715898,19426.1975715898,19426.1975715898,19426.1975715898,19426.1975715898,19426.1975715898,
CIMS.CAN.BC.Industrial Minerals.Machine Drive.Size 3,Service,BC,Industrial Minerals,Size 3,Eff AC motor 26 100 hp,fom,,,,tech_data_generic,$,1276.40987974774,1276.40987974774,1276.40987974774,1276.40987974774,1276.40987974774,1276.40987974774,1276.40987974774,1276.40987974774,1276.40987974774,1276.40987974774,1276.40987974774,
CIMS.CAN.BC.Industrial Minerals.Machine Drive.Size 3,Service,BC,Industrial Minerals,Size 3,Eff AC motor 26 100 hp,service_request,,,CIMS.CAN.BC.Electricity,tech_multi_generic,GJ,1.07411385606874,1.07411385606874,1.07411385606874,1.07411385606874,1.07411385606874,1.07411385606874,1.07411385606874,1.07411385606874,1.07411385606874,1.07411385606874,1.07411385606874,
CIMS.CAN.BC.Industrial Minerals.Machine Drive.Size 4,Service,BC,Industrial Minerals,Size 4,,service_provide,,,,activity_data_generic,GJ,,,,,,,,,,,,
CIMS.CAN.BC.Industrial Minerals.Machine Drive.Size 4,Service,BC,Industrial Minerals,Size 4,,competition,Tech Compete,,,,,,,,,,,,,,,,
CIMS.CAN.BC.Industrial Minerals.Machine Drive.Size 4,Service,BC,Industrial Minerals,Size 4,,discount_rate_financial,,,,tech_data_generic,%,0.5,0.5,0.5,0.5,0.5,0.5,0.5,0.5,0.5,0.5,0.5,
CIMS.CAN.BC.Industrial Minerals.Machine Drive.Size 4,Service,BC,Industrial Minerals,Size 4,,heterogeneity,,,,tech_data_generic,,10,10,10,10,10,10,10,10,10,10,10,
CIMS.CAN.BC.Industrial Minerals.Machine Drive.Size 4,Service,BC,Industrial Minerals,Size 4,AC motor 101 200 hp,technology,,,,,,,,,,,,,,,,,
CIMS.CAN.BC.Industrial Minerals.Machine Drive.Size 4,Service,BC,Industrial Minerals,Size 4,AC motor 101 200 hp,available,,,,tech_data_generic,Year,1930,1930,1930,1930,1930,1930,1930,1930,1930,1930,1930,
CIMS.CAN.BC.Industrial Minerals.Machine Drive.Size 4,Service,BC,Industrial Minerals,Size 4,AC motor 101 200 hp,unavailable,,,,tech_data_generic,Year,2101,2101,2101,2101,2101,2101,2101,2101,2101,2101,2101,
CIMS.CAN.BC.Industrial Minerals.Machine Drive.Size 4,Service,BC,Industrial Minerals,Size 4,AC motor 101 200 hp,lifetime,,,,tech_data_generic,Years,25,25,25,25,25,25,25,25,25,25,25,
CIMS.CAN.BC.Industrial Minerals.Machine Drive.Size 4,Service,BC,Industrial Minerals,Size 4,AC motor 101 200 hp,market_share_total,,,,tech_data_region,%,0.4,,,,,,,,,,,
CIMS.CAN.BC.Industrial Minerals.Machine Drive.Size 4,Service,BC,Industrial Minerals,Size 4,AC motor 101 200 hp,output,,,,tech_data_generic,node unit,4703.27904,4703.27904,4703.27904,4703.27904,4703.27904,4703.27904,4703.27904,4703.27904,4703.27904,4703.27904,4703.27904,
CIMS.CAN.BC.Industrial Minerals.Machine Drive.Size 4,Service,BC,Industrial Minerals,Size 4,AC motor 101 200 hp,fcc,,,,tech_data_generic,$,30922.5157920849,30922.5157920849,30922.5157920849,30922.5157920849,30922.5157920849,30922.5157920849,30922.5157920849,30922.5157920849,30922.5157920849,30922.5157920849,30922.5157920849,
CIMS.CAN.BC.Industrial Minerals.Machine Drive.Size 4,Service,BC,Industrial Minerals,Size 4,AC motor 101 200 hp,fom,,,,tech_data_generic,$,1336.68807376951,1336.68807376951,1336.68807376951,1336.68807376951,1336.68807376951,1336.68807376951,1336.68807376951,1336.68807376951,1336.68807376951,1336.68807376951,1336.68807376951,
CIMS.CAN.BC.Industrial Minerals.Machine Drive.Size 4,Service,BC,Industrial Minerals,Size 4,AC motor 101 200 hp,service_request,,,CIMS.CAN.BC.Electricity,tech_multi_generic,GJ,1.07411385606874,1.07411385606874,1.07411385606874,1.07411385606874,1.07411385606874,1.07411385606874,1.07411385606874,1.07411385606874,1.07411385606874,1.07411385606874,1.07411385606874,
CIMS.CAN.BC.Industrial Minerals.Machine Drive.Size 4,Service,BC,Industrial Minerals,Size 4,Eff AC motor 101 200 hp,technology,,,,,,,,,,,,,,,,,
CIMS.CAN.BC.Industrial Minerals.Machine Drive.Size 4,Service,BC,Industrial Minerals,Size 4,Eff AC motor 101 200 hp,available,,,,tech_data_generic,Year,1977,1977,1977,1977,1977,1977,1977,1977,1977,1977,1977,
CIMS.CAN.BC.Industrial Minerals.Machine Drive.Size 4,Service,BC,Industrial Minerals,Size 4,Eff AC motor 101 200 hp,unavailable,,,,tech_data_generic,Year,2101,2101,2101,2101,2101,2101,2101,2101,2101,2101,2101,
CIMS.CAN.BC.Industrial Minerals.Machine Drive.Size 4,Service,BC,Industrial Minerals,Size 4,Eff AC motor 101 200 hp,lifetime,,,,tech_data_generic,Years,25,25,25,25,25,25,25,25,25,25,25,
CIMS.CAN.BC.Industrial Minerals.Machine Drive.Size 4,Service,BC,Industrial Minerals,Size 4,Eff AC motor 101 200 hp,market_share_total,,,,tech_data_region,%,0.6,,,,,,,,,,,
CIMS.CAN.BC.Industrial Minerals.Machine Drive.Size 4,Service,BC,Industrial Minerals,Size 4,Eff AC motor 101 200 hp,output,,,,tech_data_generic,node unit,4703.27904,4703.27904,4703.27904,4703.27904,4703.27904,4703.27904,4703.27904,4703.27904,4703.27904,4703.27904,4703.27904,
CIMS.CAN.BC.Industrial Minerals.Machine Drive.Size 4,Service,BC,Industrial Minerals,Size 4,Eff AC motor 101 200 hp,fcc,,,,tech_data_generic,$,33747.1967642126,33747.1967642126,33747.1967642126,33747.1967642126,33747.1967642126,33747.1967642126,33747.1967642126,33747.1967642126,33747.1967642126,33747.1967642126,33747.1967642126,
CIMS.CAN.BC.Industrial Minerals.Machine Drive.Size 4,Service,BC,Industrial Minerals,Size 4,Eff AC motor 101 200 hp,fom,,,,tech_data_generic,$,1336.68807376951,1336.68807376951,1336.68807376951,1336.68807376951,1336.68807376951,1336.68807376951,1336.68807376951,1336.68807376951,1336.68807376951,1336.68807376951,1336.68807376951,
CIMS.CAN.BC.Industrial Minerals.Machine Drive.Size 4,Service,BC,Industrial Minerals,Size 4,Eff AC motor 101 200 hp,service_request,,,CIMS.CAN.BC.Electricity,tech_multi_generic,GJ,1.06961023403072,1.06961023403072,1.06961023403072,1.06961023403072,1.06961023403072,1.06961023403072,1.06961023403072,1.06961023403072,1.06961023403072,1.06961023403072,1.06961023403072,
CIMS.CAN.BC.Industrial Minerals.Machine Drive.Size 5,Service,BC,Industrial Minerals,Size 5,,service_provide,,,,activity_data_generic,GJ,,,,,,,,,,,,
CIMS.CAN.BC.Industrial Minerals.Machine Drive.Size 5,Service,BC,Industrial Minerals,Size 5,,competition,Tech Compete,,,,,,,,,,,,,,,,
CIMS.CAN.BC.Industrial Minerals.Machine Drive.Size 5,Service,BC,Industrial Minerals,Size 5,,discount_rate_financial,,,,tech_data_generic,%,0.5,0.5,0.5,0.5,0.5,0.5,0.5,0.5,0.5,0.5,0.5,
CIMS.CAN.BC.Industrial Minerals.Machine Drive.Size 5,Service,BC,Industrial Minerals,Size 5,,heterogeneity,,,,tech_data_generic,,10,10,10,10,10,10,10,10,10,10,10,
CIMS.CAN.BC.Industrial Minerals.Machine Drive.Size 5,Service,BC,Industrial Minerals,Size 5,AC motor 201 500 hp,technology,,,,,,,,,,,,,,,,,
CIMS.CAN.BC.Industrial Minerals.Machine Drive.Size 5,Service,BC,Industrial Minerals,Size 5,AC motor 201 500 hp,available,,,,tech_data_generic,Year,1930,1930,1930,1930,1930,1930,1930,1930,1930,1930,1930,
CIMS.CAN.BC.Industrial Minerals.Machine Drive.Size 5,Service,BC,Industrial Minerals,Size 5,AC motor 201 500 hp,unavailable,,,,tech_data_generic,Year,2101,2101,2101,2101,2101,2101,2101,2101,2101,2101,2101,
CIMS.CAN.BC.Industrial Minerals.Machine Drive.Size 5,Service,BC,Industrial Minerals,Size 5,AC motor 201 500 hp,lifetime,,,,tech_data_generic,Years,25,25,25,25,25,25,25,25,25,25,25,
CIMS.CAN.BC.Industrial Minerals.Machine Drive.Size 5,Service,BC,Industrial Minerals,Size 5,AC motor 201 500 hp,market_share_total,,,,tech_data_region,%,0.336,,,,,,,,,,,
CIMS.CAN.BC.Industrial Minerals.Machine Drive.Size 5,Service,BC,Industrial Minerals,Size 5,AC motor 201 500 hp,output,,,,tech_data_generic,node unit,11758.1976,11758.1976,11758.1976,11758.1976,11758.1976,11758.1976,11758.1976,11758.1976,11758.1976,11758.1976,11758.1976,
CIMS.CAN.BC.Industrial Minerals.Machine Drive.Size 5,Service,BC,Industrial Minerals,Size 5,AC motor 201 500 hp,fcc,,,,tech_data_generic,$,61144.5543715453,61144.5543715453,61144.5543715453,61144.5543715453,61144.5543715453,61144.5543715453,61144.5543715453,61144.5543715453,61144.5543715453,61144.5543715453,61144.5543715453,
CIMS.CAN.BC.Industrial Minerals.Machine Drive.Size 5,Service,BC,Industrial Minerals,Size 5,AC motor 201 500 hp,fom,,,,tech_data_generic,$,5620.21696080861,5620.21696080861,5620.21696080861,5620.21696080861,5620.21696080861,5620.21696080861,5620.21696080861,5620.21696080861,5620.21696080861,5620.21696080861,5620.21696080861,
CIMS.CAN.BC.Industrial Minerals.Machine Drive.Size 5,Service,BC,Industrial Minerals,Size 5,AC motor 201 500 hp,service_request,,,CIMS.CAN.BC.Electricity,tech_multi_generic,GJ,1.06514422052746,1.06514422052746,1.06514422052746,1.06514422052746,1.06514422052746,1.06514422052746,1.06514422052746,1.06514422052746,1.06514422052746,1.06514422052746,1.06514422052746,
CIMS.CAN.BC.Industrial Minerals.Machine Drive.Size 5,Service,BC,Industrial Minerals,Size 5,Eff AC motor 201 500 hp,technology,,,,,,,,,,,,,,,,,
CIMS.CAN.BC.Industrial Minerals.Machine Drive.Size 5,Service,BC,Industrial Minerals,Size 5,Eff AC motor 201 500 hp,available,,,,tech_data_generic,Year,1980,1980,1980,1980,1980,1980,1980,1980,1980,1980,1980,
CIMS.CAN.BC.Industrial Minerals.Machine Drive.Size 5,Service,BC,Industrial Minerals,Size 5,Eff AC motor 201 500 hp,unavailable,,,,tech_data_generic,Year,2101,2101,2101,2101,2101,2101,2101,2101,2101,2101,2101,
CIMS.CAN.BC.Industrial Minerals.Machine Drive.Size 5,Service,BC,Industrial Minerals,Size 5,Eff AC motor 201 500 hp,lifetime,,,,tech_data_generic,Years,25,25,25,25,25,25,25,25,25,25,25,
CIMS.CAN.BC.Industrial Minerals.Machine Drive.Size 5,Service,BC,Industrial Minerals,Size 5,Eff AC motor 201 500 hp,market_share_total,,,,tech_data_region,%,0.504,,,,,,,,,,,
CIMS.CAN.BC.Industrial Minerals.Machine Drive.Size 5,Service,BC,Industrial Minerals,Size 5,Eff AC motor 201 500 hp,output,,,,tech_data_generic,node unit,11758.1976,11758.1976,11758.1976,11758.1976,11758.1976,11758.1976,11758.1976,11758.1976,11758.1976,11758.1976,11758.1976,
CIMS.CAN.BC.Industrial Minerals.Machine Drive.Size 5,Service,BC,Industrial Minerals,Size 5,Eff AC motor 201 500 hp,fcc,,,,tech_data_generic,$,66729.9297803195,66729.9297803195,66729.9297803195,66729.9297803195,66729.9297803195,66729.9297803195,66729.9297803195,66729.9297803195,66729.9297803195,66729.9297803195,66729.9297803195,
CIMS.CAN.BC.Industrial Minerals.Machine Drive.Size 5,Service,BC,Industrial Minerals,Size 5,Eff AC motor 201 500 hp,fom,,,,tech_data_generic,$,5620.21696080861,5620.21696080861,5620.21696080861,5620.21696080861,5620.21696080861,5620.21696080861,5620.21696080861,5620.21696080861,5620.21696080861,5620.21696080861,5620.21696080861,
CIMS.CAN.BC.Industrial Minerals.Machine Drive.Size 5,Service,BC,Industrial Minerals,Size 5,Eff AC motor 201 500 hp,service_request,,,CIMS.CAN.BC.Electricity,tech_multi_generic,GJ,1.06071534642963,1.06071534642963,1.06071534642963,1.06071534642963,1.06071534642963,1.06071534642963,1.06071534642963,1.06071534642963,1.06071534642963,1.06071534642963,1.06071534642963,
CIMS.CAN.BC.Industrial Minerals.Machine Drive.Size 5,Service,BC,Industrial Minerals,Size 5,Synchronous AC motor 201 500 hp,technology,,,,,,,,,,,,,,,,,
CIMS.CAN.BC.Industrial Minerals.Machine Drive.Size 5,Service,BC,Industrial Minerals,Size 5,Synchronous AC motor 201 500 hp,available,,,,tech_data_generic,Year,1980,1980,1980,1980,1980,1980,1980,1980,1980,1980,1980,
CIMS.CAN.BC.Industrial Minerals.Machine Drive.Size 5,Service,BC,Industrial Minerals,Size 5,Synchronous AC motor 201 500 hp,unavailable,,,,tech_data_generic,Year,2101,2101,2101,2101,2101,2101,2101,2101,2101,2101,2101,
CIMS.CAN.BC.Industrial Minerals.Machine Drive.Size 5,Service,BC,Industrial Minerals,Size 5,Synchronous AC motor 201 500 hp,lifetime,,,,tech_data_generic,Years,25,25,25,25,25,25,25,25,25,25,25,
CIMS.CAN.BC.Industrial Minerals.Machine Drive.Size 5,Service,BC,Industrial Minerals,Size 5,Synchronous AC motor 201 500 hp,market_share_total,,,,tech_data_region,%,0.16,,,,,,,,,,,
CIMS.CAN.BC.Industrial Minerals.Machine Drive.Size 5,Service,BC,Industrial Minerals,Size 5,Synchronous AC motor 201 500 hp,output,,,,tech_data_generic,node unit,11758.1976,11758.1976,11758.1976,11758.1976,11758.1976,11758.1976,11758.1976,11758.1976,11758.1976,11758.1976,11758.1976,
CIMS.CAN.BC.Industrial Minerals.Machine Drive.Size 5,Service,BC,Industrial Minerals,Size 5,Synchronous AC motor 201 500 hp,fcc,,,,tech_data_generic,$,73984.9107895699,73984.9107895699,73984.9107895699,73984.9107895699,73984.9107895699,73984.9107895699,73984.9107895699,73984.9107895699,73984.9107895699,73984.9107895699,73984.9107895699,
CIMS.CAN.BC.Industrial Minerals.Machine Drive.Size 5,Service,BC,Industrial Minerals,Size 5,Synchronous AC motor 201 500 hp,fom,,,,tech_data_generic,$,17001.156306446,17001.156306446,17001.156306446,17001.156306446,17001.156306446,17001.156306446,17001.156306446,17001.156306446,17001.156306446,17001.156306446,17001.156306446,
CIMS.CAN.BC.Industrial Minerals.Machine Drive.Size 5,Service,BC,Industrial Minerals,Size 5,Synchronous AC motor 201 500 hp,service_request,,,CIMS.CAN.BC.Electricity,tech_multi_generic,GJ,1.05196717862403,1.05196717862403,1.05196717862403,1.05196717862403,1.05196717862403,1.05196717862403,1.05196717862403,1.05196717862403,1.05196717862403,1.05196717862403,1.05196717862403,
CIMS.CAN.BC.Industrial Minerals.Machine Drive.Size 5,Service,BC,Industrial Minerals,Size 5,DC motor 201 500 hp,technology,,,,,,,,,,,,,,,,,
CIMS.CAN.BC.Industrial Minerals.Machine Drive.Size 5,Service,BC,Industrial Minerals,Size 5,DC motor 201 500 hp,available,,,,tech_data_generic,Year,1930,1930,1930,1930,1930,1930,1930,1930,1930,1930,1930,
CIMS.CAN.BC.Industrial Minerals.Machine Drive.Size 5,Service,BC,Industrial Minerals,Size 5,DC motor 201 500 hp,unavailable,,,,tech_data_generic,Year,2101,2101,2101,2101,2101,2101,2101,2101,2101,2101,2101,
CIMS.CAN.BC.Industrial Minerals.Machine Drive.Size 5,Service,BC,Industrial Minerals,Size 5,DC motor 201 500 hp,lifetime,,,,tech_data_generic,Years,25,25,25,25,25,25,25,25,25,25,25,
CIMS.CAN.BC.Industrial Minerals.Machine Drive.Size 5,Service,BC,Industrial Minerals,Size 5,DC motor 201 500 hp,market_share_total,,,,tech_data_region,%,0,,,,,,,,,,,
CIMS.CAN.BC.Industrial Minerals.Machine Drive.Size 5,Service,BC,Industrial Minerals,Size 5,DC motor 201 500 hp,output,,,,tech_data_generic,node unit,11758.1976,11758.1976,11758.1976,11758.1976,11758.1976,11758.1976,11758.1976,11758.1976,11758.1976,11758.1976,11758.1976,
CIMS.CAN.BC.Industrial Minerals.Machine Drive.Size 5,Service,BC,Industrial Minerals,Size 5,DC motor 201 500 hp,fcc,,,,tech_data_generic,$,88083.5073100219,88083.5073100219,88083.5073100219,88083.5073100219,88083.5073100219,88083.5073100219,88083.5073100219,88083.5073100219,88083.5073100219,88083.5073100219,88083.5073100219,
CIMS.CAN.BC.Industrial Minerals.Machine Drive.Size 5,Service,BC,Industrial Minerals,Size 5,DC motor 201 500 hp,fom,,,,tech_data_generic,$,18546.7159706684,18546.7159706684,18546.7159706684,18546.7159706684,18546.7159706684,18546.7159706684,18546.7159706684,18546.7159706684,18546.7159706684,18546.7159706684,18546.7159706684,
CIMS.CAN.BC.Industrial Minerals.Machine Drive.Size 5,Service,BC,Industrial Minerals,Size 5,DC motor 201 500 hp,service_request,,,CIMS.CAN.BC.Electricity,tech_multi_generic,GJ,1.56985871271586,1.56985871271586,1.56985871271586,1.56985871271586,1.56985871271586,1.56985871271586,1.56985871271586,1.56985871271586,1.56985871271586,1.56985871271586,1.56985871271586,
CIMS.CAN.BC.Industrial Minerals.Machine Drive.Size 5,Service,BC,Industrial Minerals,Size 5,DC solid state motor 201 500 hp,technology,,,,,,,,,,,,,,,,,
CIMS.CAN.BC.Industrial Minerals.Machine Drive.Size 5,Service,BC,Industrial Minerals,Size 5,DC solid state motor 201 500 hp,available,,,,tech_data_generic,Year,1930,1930,1930,1930,1930,1930,1930,1930,1930,1930,1930,
CIMS.CAN.BC.Industrial Minerals.Machine Drive.Size 5,Service,BC,Industrial Minerals,Size 5,DC solid state motor 201 500 hp,unavailable,,,,tech_data_generic,Year,2101,2101,2101,2101,2101,2101,2101,2101,2101,2101,2101,
CIMS.CAN.BC.Industrial Minerals.Machine Drive.Size 5,Service,BC,Industrial Minerals,Size 5,DC solid state motor 201 500 hp,lifetime,,,,tech_data_generic,Years,25,25,25,25,25,25,25,25,25,25,25,
CIMS.CAN.BC.Industrial Minerals.Machine Drive.Size 5,Service,BC,Industrial Minerals,Size 5,DC solid state motor 201 500 hp,market_share_total,,,,tech_data_region,%,0,,,,,,,,,,,
CIMS.CAN.BC.Industrial Minerals.Machine Drive.Size 5,Service,BC,Industrial Minerals,Size 5,DC solid state motor 201 500 hp,output,,,,tech_data_generic,node unit,11758.1976,11758.1976,11758.1976,11758.1976,11758.1976,11758.1976,11758.1976,11758.1976,11758.1976,11758.1976,11758.1976,
CIMS.CAN.BC.Industrial Minerals.Machine Drive.Size 5,Service,BC,Industrial Minerals,Size 5,DC solid state motor 201 500 hp,fcc,,,,tech_data_generic,$,101729.252335659,101729.252335659,101729.252335659,101729.252335659,101729.252335659,101729.252335659,101729.252335659,101729.252335659,101729.252335659,101729.252335659,101729.252335659,
CIMS.CAN.BC.Industrial Minerals.Machine Drive.Size 5,Service,BC,Industrial Minerals,Size 5,DC solid state motor 201 500 hp,fom,,,,tech_data_generic,$,18546.7159706684,18546.7159706684,18546.7159706684,18546.7159706684,18546.7159706684,18546.7159706684,18546.7159706684,18546.7159706684,18546.7159706684,18546.7159706684,18546.7159706684,
CIMS.CAN.BC.Industrial Minerals.Machine Drive.Size 5,Service,BC,Industrial Minerals,Size 5,DC solid state motor 201 500 hp,service_request,,,CIMS.CAN.BC.Electricity,tech_multi_generic,GJ,1.20048019207683,1.20048019207683,1.20048019207683,1.20048019207683,1.20048019207683,1.20048019207683,1.20048019207683,1.20048019207683,1.20048019207683,1.20048019207683,1.20048019207683,
CIMS.CAN.BC.Industrial Minerals.Machine Drive.Size 6,Service,BC,Industrial Minerals,Size 6,,service_provide,,,,activity_data_generic,GJ,,,,,,,,,,,,
CIMS.CAN.BC.Industrial Minerals.Machine Drive.Size 6,Service,BC,Industrial Minerals,Size 6,,competition,Tech Compete,,,,,,,,,,,,,,,,
CIMS.CAN.BC.Industrial Minerals.Machine Drive.Size 6,Service,BC,Industrial Minerals,Size 6,,discount_rate_financial,,,,tech_data_generic,%,0.5,0.5,0.5,0.5,0.5,0.5,0.5,0.5,0.5,0.5,0.5,
CIMS.CAN.BC.Industrial Minerals.Machine Drive.Size 6,Service,BC,Industrial Minerals,Size 6,,heterogeneity,,,,tech_data_generic,,10,10,10,10,10,10,10,10,10,10,10,
CIMS.CAN.BC.Industrial Minerals.Machine Drive.Size 6,Service,BC,Industrial Minerals,Size 6,Std AC motor 500 hp,technology,,,,,,,,,,,,,,,,,
CIMS.CAN.BC.Industrial Minerals.Machine Drive.Size 6,Service,BC,Industrial Minerals,Size 6,Std AC motor 500 hp,available,,,,tech_data_generic,Year,1930,1930,1930,1930,1930,1930,1930,1930,1930,1930,1930,
CIMS.CAN.BC.Industrial Minerals.Machine Drive.Size 6,Service,BC,Industrial Minerals,Size 6,Std AC motor 500 hp,unavailable,,,,tech_data_generic,Year,2101,2101,2101,2101,2101,2101,2101,2101,2101,2101,2101,
CIMS.CAN.BC.Industrial Minerals.Machine Drive.Size 6,Service,BC,Industrial Minerals,Size 6,Std AC motor 500 hp,lifetime,,,,tech_data_generic,Years,25,25,25,25,25,25,25,25,25,25,25,
CIMS.CAN.BC.Industrial Minerals.Machine Drive.Size 6,Service,BC,Industrial Minerals,Size 6,Std AC motor 500 hp,market_share_total,,,,tech_data_region,%,0.336,,,,,,,,,,,
CIMS.CAN.BC.Industrial Minerals.Machine Drive.Size 6,Service,BC,Industrial Minerals,Size 6,Std AC motor 500 hp,output,,,,tech_data_generic,node unit,23516.3952,23516.3952,23516.3952,23516.3952,23516.3952,23516.3952,23516.3952,23516.3952,23516.3952,23516.3952,23516.3952,
CIMS.CAN.BC.Industrial Minerals.Machine Drive.Size 6,Service,BC,Industrial Minerals,Size 6,Std AC motor 500 hp,fcc,,,,tech_data_generic,$,84299.2177888512,84299.2177888512,84299.2177888512,84299.2177888512,84299.2177888512,84299.2177888512,84299.2177888512,84299.2177888512,84299.2177888512,84299.2177888512,84299.2177888512,
CIMS.CAN.BC.Industrial Minerals.Machine Drive.Size 6,Service,BC,Industrial Minerals,Size 6,Std AC motor 500 hp,fom,,,,tech_data_generic,$,12587.4583673569,12587.4583673569,12587.4583673569,12587.4583673569,12587.4583673569,12587.4583673569,12587.4583673569,12587.4583673569,12587.4583673569,12587.4583673569,12587.4583673569,
CIMS.CAN.BC.Industrial Minerals.Machine Drive.Size 6,Service,BC,Industrial Minerals,Size 6,Std AC motor 500 hp,service_request,,,CIMS.CAN.BC.Electricity,tech_multi_generic,GJ,1.08785518471781,1.08785518471781,1.08785518471781,1.08785518471781,1.08785518471781,1.08785518471781,1.08785518471781,1.08785518471781,1.08785518471781,1.08785518471781,1.08785518471781,
CIMS.CAN.BC.Industrial Minerals.Machine Drive.Size 6,Service,BC,Industrial Minerals,Size 6,Eff AC motor 500 hp,technology,,,,,,,,,,,,,,,,,
CIMS.CAN.BC.Industrial Minerals.Machine Drive.Size 6,Service,BC,Industrial Minerals,Size 6,Eff AC motor 500 hp,available,,,,tech_data_generic,Year,1930,1930,1930,1930,1930,1930,1930,1930,1930,1930,1930,
CIMS.CAN.BC.Industrial Minerals.Machine Drive.Size 6,Service,BC,Industrial Minerals,Size 6,Eff AC motor 500 hp,unavailable,,,,tech_data_generic,Year,2101,2101,2101,2101,2101,2101,2101,2101,2101,2101,2101,
CIMS.CAN.BC.Industrial Minerals.Machine Drive.Size 6,Service,BC,Industrial Minerals,Size 6,Eff AC motor 500 hp,lifetime,,,,tech_data_generic,Years,25,25,25,25,25,25,25,25,25,25,25,
CIMS.CAN.BC.Industrial Minerals.Machine Drive.Size 6,Service,BC,Industrial Minerals,Size 6,Eff AC motor 500 hp,market_share_total,,,,tech_data_region,%,0.504,,,,,,,,,,,
CIMS.CAN.BC.Industrial Minerals.Machine Drive.Size 6,Service,BC,Industrial Minerals,Size 6,Eff AC motor 500 hp,output,,,,tech_data_generic,node unit,23516.3952,23516.3952,23516.3952,23516.3952,23516.3952,23516.3952,23516.3952,23516.3952,23516.3952,23516.3952,23516.3952,
CIMS.CAN.BC.Industrial Minerals.Machine Drive.Size 6,Service,BC,Industrial Minerals,Size 6,Eff AC motor 500 hp,fcc,,,,tech_data_generic,$,90885.0941786049,90885.0941786049,90885.0941786049,90885.0941786049,90885.0941786049,90885.0941786049,90885.0941786049,90885.0941786049,90885.0941786049,90885.0941786049,90885.0941786049,
CIMS.CAN.BC.Industrial Minerals.Machine Drive.Size 6,Service,BC,Industrial Minerals,Size 6,Eff AC motor 500 hp,fom,,,,tech_data_generic,$,12587.4583673569,12587.4583673569,12587.4583673569,12587.4583673569,12587.4583673569,12587.4583673569,12587.4583673569,12587.4583673569,12587.4583673569,12587.4583673569,12587.4583673569,
CIMS.CAN.BC.Industrial Minerals.Machine Drive.Size 6,Service,BC,Industrial Minerals,Size 6,Eff AC motor 500 hp,service_request,,,CIMS.CAN.BC.Electricity,tech_multi_generic,GJ,1.07411385606874,1.07411385606874,1.07411385606874,1.07411385606874,1.07411385606874,1.07411385606874,1.07411385606874,1.07411385606874,1.07411385606874,1.07411385606874,1.07411385606874,
CIMS.CAN.BC.Industrial Minerals.Machine Drive.Size 6,Service,BC,Industrial Minerals,Size 6,Scynchronous AC motor 500 hp,technology,,,,,,,,,,,,,,,,,
CIMS.CAN.BC.Industrial Minerals.Machine Drive.Size 6,Service,BC,Industrial Minerals,Size 6,Scynchronous AC motor 500 hp,available,,,,tech_data_generic,Year,1930,1930,1930,1930,1930,1930,1930,1930,1930,1930,1930,
CIMS.CAN.BC.Industrial Minerals.Machine Drive.Size 6,Service,BC,Industrial Minerals,Size 6,Scynchronous AC motor 500 hp,unavailable,,,,tech_data_generic,Year,2101,2101,2101,2101,2101,2101,2101,2101,2101,2101,2101,
CIMS.CAN.BC.Industrial Minerals.Machine Drive.Size 6,Service,BC,Industrial Minerals,Size 6,Scynchronous AC motor 500 hp,lifetime,,,,tech_data_generic,Years,25,25,25,25,25,25,25,25,25,25,25,
CIMS.CAN.BC.Industrial Minerals.Machine Drive.Size 6,Service,BC,Industrial Minerals,Size 6,Scynchronous AC motor 500 hp,market_share_total,,,,tech_data_region,%,0.16,,,,,,,,,,,
CIMS.CAN.BC.Industrial Minerals.Machine Drive.Size 6,Service,BC,Industrial Minerals,Size 6,Scynchronous AC motor 500 hp,output,,,,tech_data_generic,node unit,23516.3952,23516.3952,23516.3952,23516.3952,23516.3952,23516.3952,23516.3952,23516.3952,23516.3952,23516.3952,23516.3952,
CIMS.CAN.BC.Industrial Minerals.Machine Drive.Size 6,Service,BC,Industrial Minerals,Size 6,Scynchronous AC motor 500 hp,fcc,,,,tech_data_generic,$,107784.041377439,107784.041377439,107784.041377439,107784.041377439,107784.041377439,107784.041377439,107784.041377439,107784.041377439,107784.041377439,107784.041377439,107784.041377439,
CIMS.CAN.BC.Industrial Minerals.Machine Drive.Size 6,Service,BC,Industrial Minerals,Size 6,Scynchronous AC motor 500 hp,fom,,,,tech_data_generic,$,37319.8472688434,37319.8472688434,37319.8472688434,37319.8472688434,37319.8472688434,37319.8472688434,37319.8472688434,37319.8472688434,37319.8472688434,37319.8472688434,37319.8472688434,
CIMS.CAN.BC.Industrial Minerals.Machine Drive.Size 6,Service,BC,Industrial Minerals,Size 6,Scynchronous AC motor 500 hp,service_request,,,CIMS.CAN.BC.Electricity,tech_multi_generic,GJ,1.05196717862403,1.05196717862403,1.05196717862403,1.05196717862403,1.05196717862403,1.05196717862403,1.05196717862403,1.05196717862403,1.05196717862403,1.05196717862403,1.05196717862403,
CIMS.CAN.BC.Industrial Minerals.Machine Drive.Size 6,Service,BC,Industrial Minerals,Size 6,DC motor 500 hp,technology,,,,,,,,,,,,,,,,,
CIMS.CAN.BC.Industrial Minerals.Machine Drive.Size 6,Service,BC,Industrial Minerals,Size 6,DC motor 500 hp,available,,,,tech_data_generic,Year,1930,1930,1930,1930,1930,1930,1930,1930,1930,1930,1930,
CIMS.CAN.BC.Industrial Minerals.Machine Drive.Size 6,Service,BC,Industrial Minerals,Size 6,DC motor 500 hp,unavailable,,,,tech_data_generic,Year,2101,2101,2101,2101,2101,2101,2101,2101,2101,2101,2101,
CIMS.CAN.BC.Industrial Minerals.Machine Drive.Size 6,Service,BC,Industrial Minerals,Size 6,DC motor 500 hp,lifetime,,,,tech_data_generic,Years,25,25,25,25,25,25,25,25,25,25,25,
CIMS.CAN.BC.Industrial Minerals.Machine Drive.Size 6,Service,BC,Industrial Minerals,Size 6,DC motor 500 hp,market_share_total,,,,tech_data_region,%,0,,,,,,,,,,,
CIMS.CAN.BC.Industrial Minerals.Machine Drive.Size 6,Service,BC,Industrial Minerals,Size 6,DC motor 500 hp,output,,,,tech_data_generic,node unit,23516.3952,23516.3952,23516.3952,23516.3952,23516.3952,23516.3952,23516.3952,23516.3952,23516.3952,23516.3952,23516.3952,
CIMS.CAN.BC.Industrial Minerals.Machine Drive.Size 6,Service,BC,Industrial Minerals,Size 6,DC motor 500 hp,fcc,,,,tech_data_generic,$,139445.603532061,139445.603532061,139445.603532061,139445.603532061,139445.603532061,139445.603532061,139445.603532061,139445.603532061,139445.603532061,139445.603532061,139445.603532061,
CIMS.CAN.BC.Industrial Minerals.Machine Drive.Size 6,Service,BC,Industrial Minerals,Size 6,DC motor 500 hp,fom,,,,tech_data_generic,$,40712.5606569201,40712.5606569201,40712.5606569201,40712.5606569201,40712.5606569201,40712.5606569201,40712.5606569201,40712.5606569201,40712.5606569201,40712.5606569201,40712.5606569201,
CIMS.CAN.BC.Industrial Minerals.Machine Drive.Size 6,Service,BC,Industrial Minerals,Size 6,DC motor 500 hp,service_request,,,CIMS.CAN.BC.Electricity,tech_multi_generic,GJ,1.56985871271586,1.56985871271586,1.56985871271586,1.56985871271586,1.56985871271586,1.56985871271586,1.56985871271586,1.56985871271586,1.56985871271586,1.56985871271586,1.56985871271586,
CIMS.CAN.BC.Industrial Minerals.Machine Drive.Size 6,Service,BC,Industrial Minerals,Size 6,DC solid state motor 500 hp,technology,,,,,,,,,,,,,,,,,
CIMS.CAN.BC.Industrial Minerals.Machine Drive.Size 6,Service,BC,Industrial Minerals,Size 6,DC solid state motor 500 hp,available,,,,tech_data_generic,Year,1930,1930,1930,1930,1930,1930,1930,1930,1930,1930,1930,
CIMS.CAN.BC.Industrial Minerals.Machine Drive.Size 6,Service,BC,Industrial Minerals,Size 6,DC solid state motor 500 hp,unavailable,,,,tech_data_generic,Year,2101,2101,2101,2101,2101,2101,2101,2101,2101,2101,2101,
CIMS.CAN.BC.Industrial Minerals.Machine Drive.Size 6,Service,BC,Industrial Minerals,Size 6,DC solid state motor 500 hp,lifetime,,,,tech_data_generic,Years,25,25,25,25,25,25,25,25,25,25,25,
CIMS.CAN.BC.Industrial Minerals.Machine Drive.Size 6,Service,BC,Industrial Minerals,Size 6,DC solid state motor 500 hp,market_share_total,,,,tech_data_region,%,0,,,,,,,,,,,
CIMS.CAN.BC.Industrial Minerals.Machine Drive.Size 6,Service,BC,Industrial Minerals,Size 6,DC solid state motor 500 hp,output,,,,tech_data_generic,node unit,23516.3952,23516.3952,23516.3952,23516.3952,23516.3952,23516.3952,23516.3952,23516.3952,23516.3952,23516.3952,23516.3952,
CIMS.CAN.BC.Industrial Minerals.Machine Drive.Size 6,Service,BC,Industrial Minerals,Size 6,DC solid state motor 500 hp,fcc,,,,tech_data_generic,$,187924.739135004,187924.739135004,187924.739135004,187924.739135004,187924.739135004,187924.739135004,187924.739135004,187924.739135004,187924.739135004,187924.739135004,187924.739135004,
CIMS.CAN.BC.Industrial Minerals.Machine Drive.Size 6,Service,BC,Industrial Minerals,Size 6,DC solid state motor 500 hp,fom,,,,tech_data_generic,$,40712.5606569201,40712.5606569201,40712.5606569201,40712.5606569201,40712.5606569201,40712.5606569201,40712.5606569201,40712.5606569201,40712.5606569201,40712.5606569201,40712.5606569201,
CIMS.CAN.BC.Industrial Minerals.Machine Drive.Size 6,Service,BC,Industrial Minerals,Size 6,DC solid state motor 500 hp,service_request,,,CIMS.CAN.BC.Electricity,tech_multi_generic,GJ,1.20048019207683,1.20048019207683,1.20048019207683,1.20048019207683,1.20048019207683,1.20048019207683,1.20048019207683,1.20048019207683,1.20048019207683,1.20048019207683,1.20048019207683,
