,<-- Navigate by typing to search,,,,,,,,,,,,,,,,,,,,,,
Branch,Type,Region,Sector,Service,Technology,Parameter,Context,Sub_Context,Target,Source,Unit,2000,2005,2010,2015,2020,2025,2030,2035,2040,2045,2050,Comments
CIMS.CAN.AT,Region,AT,Transportation Freight,,,service_request,,,CIMS.CAN.AT.Transportation Freight,annual_region,k*tkm,67197348.8750069,83794108.9518194,75205397.9315233,67051791.8515368,63342461.8570012,62677373.0728769,61545574.3404667,60455532.1460257,59406757.9176412,58398809.4516435,57431291.2587443,
CIMS.CAN.AT.Transportation Freight,Sector,AT,Transportation Freight,,,service_provide,,,,constant_tech,k*tkm,,,,,,,,,,,,
CIMS.CAN.AT.Transportation Freight,Sector,AT,Transportation Freight,,,competition,Sector,,,,,,,,,,,,,,,,
CIMS.CAN.AT.Transportation Freight,Sector,AT,Transportation Freight,,,multiplier_price,,,CIMS.CAN.AT.Biodiesel,AFDC 2023,,1,1,1,1,1,1,1,1,1,1,1,
CIMS.CAN.AT.Transportation Freight,Sector,AT,Transportation Freight,,,multiplier_price,,,CIMS.Generic Fuels.Biogas,JCIMS,,1,1,1,1,1,1,1,1,1,1,1,
CIMS.CAN.AT.Transportation Freight,Sector,AT,Transportation Freight,,,multiplier_price,,,CIMS.Generic Fuels.Black Liquor,JCIMS,,1,1,1,1,1,1,1,1,1,1,1,
CIMS.CAN.AT.Transportation Freight,Sector,AT,Transportation Freight,,,multiplier_price,,,CIMS.Generic Fuels.Coal,JCIMS,,1,1,1,1,1,1,1,1,1,1,1,
CIMS.CAN.AT.Transportation Freight,Sector,AT,Transportation Freight,,,multiplier_price,,,CIMS.Generic Fuels.Coke,JCIMS,,1,1,1,1,1,1,1,1,1,1,1,
CIMS.CAN.AT.Transportation Freight,Sector,AT,Transportation Freight,,,multiplier_price,,,CIMS.Generic Fuels.Diesel,CER,,1.07390921209418,1.06409558226176,1.03806642480413,1.01774293276406,1.02230184756445,1.04718338218137,1.05129080582452,1.0513784483359,1.05156421477022,1.05143418566016,1.05101524085709,
CIMS.CAN.AT.Transportation Freight,Sector,AT,Transportation Freight,,,multiplier_price,,,CIMS.CAN.AT.Electricity,CER,,1.6,1.6,1.6,1.6,1.6,1.6,1.6,1.6,1.6,1.6,1.6,
CIMS.CAN.AT.Transportation Freight,Sector,AT,Transportation Freight,,,multiplier_price,,,CIMS.CAN.AT.Ethanol,AFDC 2023,,1,1,1,1,1,1,1,1,1,1,1,
CIMS.CAN.AT.Transportation Freight,Sector,AT,Transportation Freight,,,multiplier_price,,,CIMS.Generic Fuels.Fuel Oil,JCIMS,,0.40773593678318,0.47663033903645,0.60071682640095,0.65157117033365,0.70523934594911,0.748722411061,0.77843183390053,0.82072197468997,0.85332916146912,0.8585661996442,0.86891792949011,
CIMS.CAN.AT.Transportation Freight,Sector,AT,Transportation Freight,,,multiplier_price,,,CIMS.Generic Fuels.Gasoline,CER,,1.05186227820836,1.04270276039001,1.01401236811822,0.98341213773838,0.99616696509106,1.01921647669701,1.01980461162773,1.02179313147849,1.02331157140028,1.02461265357079,1.0254146269891,
CIMS.CAN.AT.Transportation Freight,Sector,AT,Transportation Freight,,,multiplier_price,,,CIMS.CAN.AT.Hydrogen,JCIMS,,1,1,1,1,1,1,1,1,1,1,1,
CIMS.CAN.AT.Transportation Freight,Sector,AT,Transportation Freight,,,multiplier_price,,,CIMS.Generic Fuels.Jet Fuel,JCIMS,,1.0623863246622,1.07673007249484,1.03696859551974,1.0708861122499,1.06315902970365,1.0571244722405,1.05234746804082,1.05057680512495,1.04725842488397,1.04725842488397,1.04725842488397,
CIMS.CAN.AT.Transportation Freight,Sector,AT,Transportation Freight,,,multiplier_price,,,CIMS.Generic Fuels.LPG,JCIMS,,1,1,1,1,1,1,1,1,1,1,1,
CIMS.CAN.AT.Transportation Freight,Sector,AT,Transportation Freight,,,multiplier_price,,,CIMS.Generic Fuels.Natural Gas,AFDC 2023,,0.93478918687278,1.45619559265752,3.73422452192746,7.38948921877485,7.11864544402204,9.57864849058727,9.57864849058727,9.57864849058727,9.57864849058727,9.57864849058727,9.57864849058727,
CIMS.CAN.AT.Transportation Freight,Sector,AT,Transportation Freight,,,multiplier_price,,,CIMS.Generic Fuels.Petroleum Coke,JCIMS,,1,1,1,1,1,1,1,1,1,1,1,
CIMS.CAN.AT.Transportation Freight,Sector,AT,Transportation Freight,,,multiplier_price,,,CIMS.Generic Fuels.Propane,JCIMS,,1,1,1,1,1,1,1,1,1,1,1,
CIMS.CAN.AT.Transportation Freight,Sector,AT,Transportation Freight,,,multiplier_price,,,CIMS.Generic Fuels.Refinery Fuel Gas,JCIMS,,1,1,1,1,1,1,1,1,1,1,1,
CIMS.CAN.AT.Transportation Freight,Sector,AT,Transportation Freight,,,multiplier_price,,,CIMS.Generic Fuels.Solid Biomass,JCIMS,,1,1,1,1,1,1,1,1,1,1,1,
CIMS.CAN.AT.Transportation Freight,Sector,AT,Transportation Freight,,,multiplier_price,,,CIMS.Generic Fuels.Uranium,JCIMS,,1,1,1,1,1,1,1,1,1,1,1,
CIMS.CAN.AT.Transportation Freight,Sector,AT,Transportation Freight,,,multiplier_price,,,CIMS.Generic Fuels.Waste Fuel,JCIMS,,1,1,1,1,1,1,1,1,1,1,1,
CIMS.CAN.AT.Transportation Freight,Sector,AT,Transportation Freight,,,service_request,,,CIMS.CAN.AT.Transportation Freight.Freight,annual_tech,k*tkm,1,1,1,1,1,1,1,1,1,1,1,
CIMS.CAN.AT.Transportation Freight,Sector,AT,Transportation Freight,,,service_request,,,CIMS.CAN.AT.Transportation Freight.Off Road,annual_region,k*tkm,0.01949909089286,0.01700486737186,0.01541224891686,0.01687372698875,0.01582520860298,0.01545229482394,0.01530060103239,0.01514505376785,0.01498554575699,0.01482197138009,0.01465422754911,
CIMS.CAN.AT.Transportation Freight.Freight,Service,AT,Transportation Freight,Freight,,service_provide,,,,constant_tech,k*tkm,,,,,,,,,,,,
CIMS.CAN.AT.Transportation Freight.Freight,Service,AT,Transportation Freight,Freight,,competition,Fixed Ratio,,,,,,,,,,,,,,,,
CIMS.CAN.AT.Transportation Freight.Freight,Service,AT,Transportation Freight,Freight,,service_request,,,CIMS.CAN.AT.Transportation Freight.Freight.Land,annual_region,k*tkm,0.54135766471161,0.50979070354399,0.53502820598261,0.55714644963885,0.5456513160717,0.56506633794425,0.57035753633859,0.57573403040722,0.58119812768652,0.58675206456786,0.59239798257703,
CIMS.CAN.AT.Transportation Freight.Freight,Service,AT,Transportation Freight,Freight,,service_request,,,CIMS.CAN.AT.Transportation Freight.Freight.Marine,annual_region,k*tkm,0.4572079331504,0.48866069921655,0.46340352007387,0.44148983759432,0.45333733151588,0.43356277868743,0.42828856110443,0.4229293090362,0.41748272203665,0.41194657057421,0.40631871967802,
CIMS.CAN.AT.Transportation Freight.Freight,Service,AT,Transportation Freight,Freight,,service_request,,,CIMS.CAN.AT.Transportation Freight.Freight.Air,annual_region,k*tkm,0.00143440213799,0.00154859723946,0.00156827394352,0.00136371276683,0.00101135241243,0.00137088336832,0.00135390255698,0.00133666055658,0.00131915027683,0.00130136485792,0.00128329774495,
CIMS.CAN.AT.Transportation Freight.Freight.Land,Service,AT,Transportation Freight,Land,,service_provide,,,,constant_tech,k*tkm,,,,,,,,,,,,
CIMS.CAN.AT.Transportation Freight.Freight.Land,Service,AT,Transportation Freight,Land,,competition,Fixed Ratio,,,,,,,,,,,,,,,,
CIMS.CAN.AT.Transportation Freight.Freight.Land,Service,AT,Transportation Freight,Land,,service_request,,,CIMS.CAN.AT.Transportation Freight.Freight.Land.Light Medium,annual_region,k*tkm,0.07141913272421,0.06976373543937,0.08868439001836,0.1093685499332,0.11590600948569,0.1156024886297,0.12182118025808,0.1283329663599,0.13514669484386,0.14227090387539,0.14971374349494,
CIMS.CAN.AT.Transportation Freight.Freight.Land,Service,AT,Transportation Freight,Land,,service_request,,,CIMS.CAN.AT.Transportation Freight.Freight.Land.Heavy,annual_region,k*tkm,0.92858086727579,0.93023626456063,0.91131560998164,0.8906314500668,0.88409399051432,0.8843975113703,0.87817881974192,0.87166703364011,0.86485330515614,0.85772909612461,0.85028625650506,
CIMS.CAN.AT.Transportation Freight.Freight.Land.Light Medium,Service,AT,Transportation Freight,Light Medium,,service_provide,,,,constant_tech,k*tkm,,,,,,,,,,,,
CIMS.CAN.AT.Transportation Freight.Freight.Land.Light Medium,Service,AT,Transportation Freight,Light Medium,,competition,Tech Compete,,,,,,,,,,,,,,,,
CIMS.CAN.AT.Transportation Freight.Freight.Land.Light Medium,Service,AT,Transportation Freight,Light Medium,,discount_rate_financial,,,,constant_tech,%,0.25,0.25,0.25,0.25,0.25,0.25,0.25,0.25,0.25,0.25,0.25,
CIMS.CAN.AT.Transportation Freight.Freight.Land.Light Medium,Service,AT,Transportation Freight,Light Medium,,discount_rate_retrofit,,,,constant_tech,%,0.65,0.65,0.65,0.65,0.65,0.65,0.65,0.65,0.65,0.65,0.65,
CIMS.CAN.AT.Transportation Freight.Freight.Land.Light Medium,Service,AT,Transportation Freight,Light Medium,,heterogeneity,,,,constant_tech,,15,15,15,15,15,15,15,15,15,15,15,
CIMS.CAN.AT.Transportation Freight.Freight.Land.Light Medium,Service,AT,Transportation Freight,Light Medium,Diesel Existing,technology,,,,,,,,,,,,,,,,,
CIMS.CAN.AT.Transportation Freight.Freight.Land.Light Medium,Service,AT,Transportation Freight,Light Medium,Diesel Existing,available,,,,constant_tech,Year,1950,1950,1950,1950,1950,1950,1950,1950,1950,1950,1950,
CIMS.CAN.AT.Transportation Freight.Freight.Land.Light Medium,Service,AT,Transportation Freight,Light Medium,Diesel Existing,unavailable,,,,constant_tech,Year,2001,2001,2001,2001,2001,2001,2001,2001,2001,2001,2001,
CIMS.CAN.AT.Transportation Freight.Freight.Land.Light Medium,Service,AT,Transportation Freight,Light Medium,Diesel Existing,lifetime,,,,constant_tech,Years,16,16,16,16,16,16,16,16,16,16,16,
CIMS.CAN.AT.Transportation Freight.Freight.Land.Light Medium,Service,AT,Transportation Freight,Light Medium,Diesel Existing,market_share_total,,,,annual_region_tech,%,0.31015857355838,,,,,,,,,,,
CIMS.CAN.AT.Transportation Freight.Freight.Land.Light Medium,Service,AT,Transportation Freight,Light Medium,Diesel Existing,output,,,,annual_region,node unit,17.5609405901053,17.5609405901053,17.5609405901053,17.5609405901053,17.5609405901053,17.5609405901053,17.5609405901053,17.5609405901053,17.5609405901053,17.5609405901053,17.5609405901053,TODO: Update with avg tkm from Freight calcs
CIMS.CAN.AT.Transportation Freight.Freight.Land.Light Medium,Service,AT,Transportation Freight,Light Medium,Diesel Existing,fcc,,,,constant_tech,$,86358,86358,86358,86358,86358,86358,86358,86358,86358,86358,86358,
CIMS.CAN.AT.Transportation Freight.Freight.Land.Light Medium,Service,AT,Transportation Freight,Light Medium,Diesel Existing,fom,,,,constant_tech,$,8450,8450,8450,8450,8450,8450,8450,8450,8450,8450,8450,
CIMS.CAN.AT.Transportation Freight.Freight.Land.Light Medium,Service,AT,Transportation Freight,Light Medium,Diesel Existing,service_request,,,CIMS.CAN.AT.Fuel Blends.Diesel_Transportation,annual_tech,GJ,8.01848945929075,8.01848945929075,8.01848945929075,8.01848945929075,8.01848945929075,8.01848945929075,8.01848945929075,8.01848945929075,8.01848945929075,8.01848945929075,8.01848945929075,
CIMS.CAN.AT.Transportation Freight.Freight.Land.Light Medium,Service,AT,Transportation Freight,Light Medium,Diesel Standard,technology,,,,,,,,,,,,,,,,,
CIMS.CAN.AT.Transportation Freight.Freight.Land.Light Medium,Service,AT,Transportation Freight,Light Medium,Diesel Standard,available,,,,constant_tech,Year,2000,2000,2000,2000,2000,2000,2000,2000,2000,2000,2000,
CIMS.CAN.AT.Transportation Freight.Freight.Land.Light Medium,Service,AT,Transportation Freight,Light Medium,Diesel Standard,unavailable,,,,constant_tech,Year,2101,2101,2101,2101,2101,2101,2101,2101,2101,2101,2101,
CIMS.CAN.AT.Transportation Freight.Freight.Land.Light Medium,Service,AT,Transportation Freight,Light Medium,Diesel Standard,lifetime,,,,constant_tech,Years,16,16,16,16,16,16,16,16,16,16,16,
CIMS.CAN.AT.Transportation Freight.Freight.Land.Light Medium,Service,AT,Transportation Freight,Light Medium,Diesel Standard,market_share_total,,,,annual_tech,%,0,,,,,,,,,,,
CIMS.CAN.AT.Transportation Freight.Freight.Land.Light Medium,Service,AT,Transportation Freight,Light Medium,Diesel Standard,output,,,,annual_region,node unit,17.5609405901053,17.5609405901053,17.5609405901053,17.5609405901053,17.5609405901053,17.5609405901053,17.5609405901053,17.5609405901053,17.5609405901053,17.5609405901053,17.5609405901053,
CIMS.CAN.AT.Transportation Freight.Freight.Land.Light Medium,Service,AT,Transportation Freight,Light Medium,Diesel Standard,fcc,,,,constant_tech,$,86358,86358,86358,86358,86358,86358,86358,86358,86358,86358,86358,
CIMS.CAN.AT.Transportation Freight.Freight.Land.Light Medium,Service,AT,Transportation Freight,Light Medium,Diesel Standard,fom,,,,constant_tech,$,8450,8450,8450,8450,8450,8450,8450,8450,8450,8450,8450,
CIMS.CAN.AT.Transportation Freight.Freight.Land.Light Medium,Service,AT,Transportation Freight,Light Medium,Diesel Standard,service_request,,,CIMS.CAN.AT.Fuel Blends.Diesel_Transportation,annual_tech,GJ,6.18401815410309,6.18401815410309,6.18401815410309,6.18401815410309,6.18401815410309,6.18401815410309,6.18401815410309,6.18401815410309,6.18401815410309,6.18401815410309,6.18401815410309,
CIMS.CAN.AT.Transportation Freight.Freight.Land.Light Medium,Service,AT,Transportation Freight,Light Medium,Diesel Efficient,technology,,,,,,,,,,,,,,,,,
CIMS.CAN.AT.Transportation Freight.Freight.Land.Light Medium,Service,AT,Transportation Freight,Light Medium,Diesel Efficient,available,,,,constant_tech,Year,2020,2020,2020,2020,2020,2020,2020,2020,2020,2020,2020,
CIMS.CAN.AT.Transportation Freight.Freight.Land.Light Medium,Service,AT,Transportation Freight,Light Medium,Diesel Efficient,unavailable,,,,constant_tech,Year,2101,2101,2101,2101,2101,2101,2101,2101,2101,2101,2101,
CIMS.CAN.AT.Transportation Freight.Freight.Land.Light Medium,Service,AT,Transportation Freight,Light Medium,Diesel Efficient,lifetime,,,,constant_tech,Years,16,16,16,16,16,16,16,16,16,16,16,
CIMS.CAN.AT.Transportation Freight.Freight.Land.Light Medium,Service,AT,Transportation Freight,Light Medium,Diesel Efficient,market_share_total,,,,annual_tech,%,0,,,,,,,,,,,
CIMS.CAN.AT.Transportation Freight.Freight.Land.Light Medium,Service,AT,Transportation Freight,Light Medium,Diesel Efficient,output,,,,annual_region,node unit,17.5609405901053,17.5609405901053,17.5609405901053,17.5609405901053,17.5609405901053,17.5609405901053,17.5609405901053,17.5609405901053,17.5609405901053,17.5609405901053,17.5609405901053,
CIMS.CAN.AT.Transportation Freight.Freight.Land.Light Medium,Service,AT,Transportation Freight,Light Medium,Diesel Efficient,fcc,,,,constant_tech,$,158824.425,158824.425,158824.425,158824.425,158824.425,158824.425,158824.425,158824.425,158824.425,158824.425,158824.425,
CIMS.CAN.AT.Transportation Freight.Freight.Land.Light Medium,Service,AT,Transportation Freight,Light Medium,Diesel Efficient,fom,,,,constant_tech,$,8450,8450,8450,8450,8450,8450,8450,8450,8450,8450,8450,
CIMS.CAN.AT.Transportation Freight.Freight.Land.Light Medium,Service,AT,Transportation Freight,Light Medium,Diesel Efficient,service_request,,,CIMS.CAN.AT.Fuel Blends.Diesel_Transportation,annual_tech,GJ,6.45,6.45,6.45,6.45,6.45,6.45,6.45,6.45,6.45,6.45,6.45,
CIMS.CAN.AT.Transportation Freight.Freight.Land.Light Medium,Service,AT,Transportation Freight,Light Medium,Gasoline Existing,technology,,,,,,,,,,,,,,,,,
CIMS.CAN.AT.Transportation Freight.Freight.Land.Light Medium,Service,AT,Transportation Freight,Light Medium,Gasoline Existing,available,,,,constant_tech,Year,1950,1950,1950,1950,1950,1950,1950,1950,1950,1950,1950,
CIMS.CAN.AT.Transportation Freight.Freight.Land.Light Medium,Service,AT,Transportation Freight,Light Medium,Gasoline Existing,unavailable,,,,constant_tech,Year,2101,2101,2101,2101,2101,2101,2101,2101,2101,2101,2101,
CIMS.CAN.AT.Transportation Freight.Freight.Land.Light Medium,Service,AT,Transportation Freight,Light Medium,Gasoline Existing,lifetime,,,,constant_tech,Years,16,16,16,16,16,16,16,16,16,16,16,
CIMS.CAN.AT.Transportation Freight.Freight.Land.Light Medium,Service,AT,Transportation Freight,Light Medium,Gasoline Existing,market_share_total,,,,annual_region_tech,%,0.68518473580679,,,,,,,,,,,
CIMS.CAN.AT.Transportation Freight.Freight.Land.Light Medium,Service,AT,Transportation Freight,Light Medium,Gasoline Existing,output,,,,annual_region,node unit,17.5609405901053,17.5609405901053,17.5609405901053,17.5609405901053,17.5609405901053,17.5609405901053,17.5609405901053,17.5609405901053,17.5609405901053,17.5609405901053,17.5609405901053,
CIMS.CAN.AT.Transportation Freight.Freight.Land.Light Medium,Service,AT,Transportation Freight,Light Medium,Gasoline Existing,fcc,,,,constant_tech,$,51814.8,51814.8,51814.8,51814.8,51814.8,51814.8,51814.8,51814.8,51814.8,51814.8,51814.8,
CIMS.CAN.AT.Transportation Freight.Freight.Land.Light Medium,Service,AT,Transportation Freight,Light Medium,Gasoline Existing,fom,,,,constant_tech,$,8450,8450,8450,8450,8450,8450,8450,8450,8450,8450,8450,
CIMS.CAN.AT.Transportation Freight.Freight.Land.Light Medium,Service,AT,Transportation Freight,Light Medium,Gasoline Existing,service_request,,,CIMS.CAN.AT.Fuel Blends.Gasoline_Transportation,annual_tech,GJ,8.01848945929075,8.01848945929075,8.01848945929075,8.01848945929075,8.01848945929075,8.01848945929075,8.01848945929075,8.01848945929075,8.01848945929075,8.01848945929075,8.01848945929075,
CIMS.CAN.AT.Transportation Freight.Freight.Land.Light Medium,Service,AT,Transportation Freight,Light Medium,Gasoline Standard,technology,,,,,,,,,,,,,,,,,
CIMS.CAN.AT.Transportation Freight.Freight.Land.Light Medium,Service,AT,Transportation Freight,Light Medium,Gasoline Standard,available,,,,constant_tech,Year,2000,2000,2000,2000,2000,2000,2000,2000,2000,2000,2000,
CIMS.CAN.AT.Transportation Freight.Freight.Land.Light Medium,Service,AT,Transportation Freight,Light Medium,Gasoline Standard,unavailable,,,,constant_tech,Year,2101,2101,2101,2101,2101,2101,2101,2101,2101,2101,2101,
CIMS.CAN.AT.Transportation Freight.Freight.Land.Light Medium,Service,AT,Transportation Freight,Light Medium,Gasoline Standard,lifetime,,,,constant_tech,Years,16,16,16,16,16,16,16,16,16,16,16,
CIMS.CAN.AT.Transportation Freight.Freight.Land.Light Medium,Service,AT,Transportation Freight,Light Medium,Gasoline Standard,market_share_total,,,,annual_tech,%,0,,,,,,,,,,,
CIMS.CAN.AT.Transportation Freight.Freight.Land.Light Medium,Service,AT,Transportation Freight,Light Medium,Gasoline Standard,output,,,,annual_region,node unit,17.5609405901053,17.5609405901053,17.5609405901053,17.5609405901053,17.5609405901053,17.5609405901053,17.5609405901053,17.5609405901053,17.5609405901053,17.5609405901053,17.5609405901053,
CIMS.CAN.AT.Transportation Freight.Freight.Land.Light Medium,Service,AT,Transportation Freight,Light Medium,Gasoline Standard,fcc,,,,constant_tech,$,51814.8,51814.8,51814.8,51814.8,51814.8,51814.8,51814.8,51814.8,51814.8,51814.8,51814.8,
CIMS.CAN.AT.Transportation Freight.Freight.Land.Light Medium,Service,AT,Transportation Freight,Light Medium,Gasoline Standard,fom,,,,constant_tech,$,8450,8450,8450,8450,8450,8450,8450,8450,8450,8450,8450,
CIMS.CAN.AT.Transportation Freight.Freight.Land.Light Medium,Service,AT,Transportation Freight,Light Medium,Gasoline Standard,service_request,,,CIMS.CAN.AT.Fuel Blends.Gasoline_Transportation,annual_tech,GJ,6.18401815410309,6.18401815410309,6.18401815410309,6.18401815410309,6.18401815410309,6.18401815410309,6.18401815410309,6.18401815410309,6.18401815410309,6.18401815410309,6.18401815410309,
CIMS.CAN.AT.Transportation Freight.Freight.Land.Light Medium,Service,AT,Transportation Freight,Light Medium,Gasoline Efficient,technology,,,,,,,,,,,,,,,,,
CIMS.CAN.AT.Transportation Freight.Freight.Land.Light Medium,Service,AT,Transportation Freight,Light Medium,Gasoline Efficient,available,,,,constant_tech,Year,2020,2020,2020,2020,2020,2020,2020,2020,2020,2020,2020,
CIMS.CAN.AT.Transportation Freight.Freight.Land.Light Medium,Service,AT,Transportation Freight,Light Medium,Gasoline Efficient,unavailable,,,,constant_tech,Year,2101,2101,2101,2101,2101,2101,2101,2101,2101,2101,2101,
CIMS.CAN.AT.Transportation Freight.Freight.Land.Light Medium,Service,AT,Transportation Freight,Light Medium,Gasoline Efficient,lifetime,,,,constant_tech,Years,16,16,16,16,16,16,16,16,16,16,16,
CIMS.CAN.AT.Transportation Freight.Freight.Land.Light Medium,Service,AT,Transportation Freight,Light Medium,Gasoline Efficient,market_share_total,,,,annual_tech,%,0,,,,,,,,,,,
CIMS.CAN.AT.Transportation Freight.Freight.Land.Light Medium,Service,AT,Transportation Freight,Light Medium,Gasoline Efficient,output,,,,annual_region,node unit,17.5609405901053,17.5609405901053,17.5609405901053,17.5609405901053,17.5609405901053,17.5609405901053,17.5609405901053,17.5609405901053,17.5609405901053,17.5609405901053,17.5609405901053,
CIMS.CAN.AT.Transportation Freight.Freight.Land.Light Medium,Service,AT,Transportation Freight,Light Medium,Gasoline Efficient,fcc,,,,constant_tech,$,95294.655,95294.655,95294.655,95294.655,95294.655,95294.655,95294.655,95294.655,95294.655,95294.655,95294.655,
CIMS.CAN.AT.Transportation Freight.Freight.Land.Light Medium,Service,AT,Transportation Freight,Light Medium,Gasoline Efficient,fom,,,,constant_tech,$,8450,8450,8450,8450,8450,8450,8450,8450,8450,8450,8450,
CIMS.CAN.AT.Transportation Freight.Freight.Land.Light Medium,Service,AT,Transportation Freight,Light Medium,Gasoline Efficient,service_request,,,CIMS.CAN.AT.Fuel Blends.Gasoline_Transportation,annual_tech,GJ,6.45,6.45,6.45,6.45,6.45,6.45,6.45,6.45,6.45,6.45,6.45,
CIMS.CAN.AT.Transportation Freight.Freight.Land.Light Medium,Service,AT,Transportation Freight,Light Medium,Propane,technology,,,,,,,,,,,,,,,,,
CIMS.CAN.AT.Transportation Freight.Freight.Land.Light Medium,Service,AT,Transportation Freight,Light Medium,Propane,available,,,,constant_tech,Year,1970,1970,1970,1970,1970,1970,1970,1970,1970,1970,1970,
CIMS.CAN.AT.Transportation Freight.Freight.Land.Light Medium,Service,AT,Transportation Freight,Light Medium,Propane,unavailable,,,,constant_tech,Year,2101,2101,2101,2101,2101,2101,2101,2101,2101,2101,2101,
CIMS.CAN.AT.Transportation Freight.Freight.Land.Light Medium,Service,AT,Transportation Freight,Light Medium,Propane,lifetime,,,,constant_tech,Years,16,16,16,16,16,16,16,16,16,16,16,
CIMS.CAN.AT.Transportation Freight.Freight.Land.Light Medium,Service,AT,Transportation Freight,Light Medium,Propane,market_share_total,,,,annual_region_tech,%,0.00465669063483,,,,,,,,,,,
CIMS.CAN.AT.Transportation Freight.Freight.Land.Light Medium,Service,AT,Transportation Freight,Light Medium,Propane,output,,,,annual_region,node unit,17.5609405901053,17.5609405901053,17.5609405901053,17.5609405901053,17.5609405901053,17.5609405901053,17.5609405901053,17.5609405901053,17.5609405901053,17.5609405901053,17.5609405901053,
CIMS.CAN.AT.Transportation Freight.Freight.Land.Light Medium,Service,AT,Transportation Freight,Light Medium,Propane,fcc,,,,constant_tech,$,126603,126603,126603,126603,126603,126603,126603,126603,126603,126603,126603,
CIMS.CAN.AT.Transportation Freight.Freight.Land.Light Medium,Service,AT,Transportation Freight,Light Medium,Propane,fom,,,,constant_tech,$,8450,8450,8450,8450,8450,8450,8450,8450,8450,8450,8450,
CIMS.CAN.AT.Transportation Freight.Freight.Land.Light Medium,Service,AT,Transportation Freight,Light Medium,Propane,service_request,,,CIMS.Generic Fuels.Propane,annual_tech,GJ,6.45,6.45,6.45,6.45,6.45,6.45,6.45,6.45,6.45,6.45,6.45,
CIMS.CAN.AT.Transportation Freight.Freight.Land.Light Medium,Service,AT,Transportation Freight,Light Medium,Biodiesel,technology,,,,,,,,,,,,,,,,,
CIMS.CAN.AT.Transportation Freight.Freight.Land.Light Medium,Service,AT,Transportation Freight,Light Medium,Biodiesel,available,,,,constant_tech,Year,2010,2010,2010,2010,2010,2010,2010,2010,2010,2010,2010,
CIMS.CAN.AT.Transportation Freight.Freight.Land.Light Medium,Service,AT,Transportation Freight,Light Medium,Biodiesel,unavailable,,,,constant_tech,Year,2101,2101,2101,2101,2101,2101,2101,2101,2101,2101,2101,
CIMS.CAN.AT.Transportation Freight.Freight.Land.Light Medium,Service,AT,Transportation Freight,Light Medium,Biodiesel,lifetime,,,,constant_tech,Years,16,16,16,16,16,16,16,16,16,16,16,
CIMS.CAN.AT.Transportation Freight.Freight.Land.Light Medium,Service,AT,Transportation Freight,Light Medium,Biodiesel,market_share_total,,,,annual_tech,%,0,,,,,,,,,,,
CIMS.CAN.AT.Transportation Freight.Freight.Land.Light Medium,Service,AT,Transportation Freight,Light Medium,Biodiesel,output,,,,annual_region,node unit,17.5609405901053,17.5609405901053,17.5609405901053,17.5609405901053,17.5609405901053,17.5609405901053,17.5609405901053,17.5609405901053,17.5609405901053,17.5609405901053,17.5609405901053,
CIMS.CAN.AT.Transportation Freight.Freight.Land.Light Medium,Service,AT,Transportation Freight,Light Medium,Biodiesel,fcc,,,,constant_tech,$,115882.95,115882.95,115882.95,115882.95,115882.95,115882.95,115882.95,115882.95,115882.95,115882.95,115882.95,
CIMS.CAN.AT.Transportation Freight.Freight.Land.Light Medium,Service,AT,Transportation Freight,Light Medium,Biodiesel,fom,,,,constant_tech,$,8450,8450,8450,8450,8450,8450,8450,8450,8450,8450,8450,
CIMS.CAN.AT.Transportation Freight.Freight.Land.Light Medium,Service,AT,Transportation Freight,Light Medium,Biodiesel,service_request,,,CIMS.CAN.AT.Biodiesel,annual_tech,GJ,6.18401815410309,6.18401815410309,6.18401815410309,6.18401815410309,6.18401815410309,6.18401815410309,6.18401815410309,6.18401815410309,6.18401815410309,6.18401815410309,6.18401815410309,
CIMS.CAN.AT.Transportation Freight.Freight.Land.Light Medium,Service,AT,Transportation Freight,Light Medium,Hydrogen,technology,,,,,,,,,,,,,,,,,
CIMS.CAN.AT.Transportation Freight.Freight.Land.Light Medium,Service,AT,Transportation Freight,Light Medium,Hydrogen,available,,,,constant_tech,Year,2020,2020,2020,2020,2020,2020,2020,2020,2020,2020,2020,
CIMS.CAN.AT.Transportation Freight.Freight.Land.Light Medium,Service,AT,Transportation Freight,Light Medium,Hydrogen,unavailable,,,,constant_tech,Year,2101,2101,2101,2101,2101,2101,2101,2101,2101,2101,2101,
CIMS.CAN.AT.Transportation Freight.Freight.Land.Light Medium,Service,AT,Transportation Freight,Light Medium,Hydrogen,lifetime,,,,constant_tech,Years,16,16,16,16,16,16,16,16,16,16,16,
CIMS.CAN.AT.Transportation Freight.Freight.Land.Light Medium,Service,AT,Transportation Freight,Light Medium,Hydrogen,market_share_total,,,,annual_tech,%,0,,,,,,,,,,,
CIMS.CAN.AT.Transportation Freight.Freight.Land.Light Medium,Service,AT,Transportation Freight,Light Medium,Hydrogen,output,,,,annual_region,node unit,17.5609405901053,17.5609405901053,17.5609405901053,17.5609405901053,17.5609405901053,17.5609405901053,17.5609405901053,17.5609405901053,17.5609405901053,17.5609405901053,17.5609405901053,
CIMS.CAN.AT.Transportation Freight.Freight.Land.Light Medium,Service,AT,Transportation Freight,Light Medium,Hydrogen,fcc,,,,constant_tech,$,300233,300233,300233,300233,300233,300233,300233,300233,300233,300233,300233,
CIMS.CAN.AT.Transportation Freight.Freight.Land.Light Medium,Service,AT,Transportation Freight,Light Medium,Hydrogen,fom,,,,constant_tech,$,5600,5600,5600,5600,5600,5600,5600,5600,5600,5600,5600,
CIMS.CAN.AT.Transportation Freight.Freight.Land.Light Medium,Service,AT,Transportation Freight,Light Medium,Hydrogen,service_request,,,CIMS.CAN.AT.Hydrogen,annual_tech,GJ,4.515,4.515,4.515,4.515,4.515,4.515,4.515,4.515,4.515,4.515,4.515,
CIMS.CAN.AT.Transportation Freight.Freight.Land.Light Medium,Service,AT,Transportation Freight,Light Medium,Hydrogen,service_request,,,CIMS.CAN.AT.Transportation Freight.FCEV Infrastructure,annual_tech,GJ,4.515,4.515,4.515,4.515,4.515,4.515,4.515,4.515,4.515,4.515,4.515,
CIMS.CAN.AT.Transportation Freight.Freight.Land.Light Medium,Service,AT,Transportation Freight,Light Medium,Electric,technology,,,,,,,,,,,,,,,,,
CIMS.CAN.AT.Transportation Freight.Freight.Land.Light Medium,Service,AT,Transportation Freight,Light Medium,Electric,available,,,,constant_tech,Year,2020,2020,2020,2020,2020,2020,2020,2020,2020,2020,2020,
CIMS.CAN.AT.Transportation Freight.Freight.Land.Light Medium,Service,AT,Transportation Freight,Light Medium,Electric,unavailable,,,,constant_tech,Year,2101,2101,2101,2101,2101,2101,2101,2101,2101,2101,2101,
CIMS.CAN.AT.Transportation Freight.Freight.Land.Light Medium,Service,AT,Transportation Freight,Light Medium,Electric,lifetime,,,,constant_tech,Years,16,16,16,16,16,16,16,16,16,16,16,
CIMS.CAN.AT.Transportation Freight.Freight.Land.Light Medium,Service,AT,Transportation Freight,Light Medium,Electric,market_share_total,,,,annual_tech,%,0,,,,,,,,,,,
CIMS.CAN.AT.Transportation Freight.Freight.Land.Light Medium,Service,AT,Transportation Freight,Light Medium,Electric,output,,,,annual_region,node unit,17.5609405901053,17.5609405901053,17.5609405901053,17.5609405901053,17.5609405901053,17.5609405901053,17.5609405901053,17.5609405901053,17.5609405901053,17.5609405901053,17.5609405901053,
CIMS.CAN.AT.Transportation Freight.Freight.Land.Light Medium,Service,AT,Transportation Freight,Light Medium,Electric,fcc,,,,constant_tech,$,239814.03,239814.03,239814.03,239814.03,239814.03,239814.03,239814.03,239814.03,239814.03,239814.03,239814.03,
CIMS.CAN.AT.Transportation Freight.Freight.Land.Light Medium,Service,AT,Transportation Freight,Light Medium,Electric,fom,,,,constant_tech,$,4670,4670,4670,4670,4670,4670,4670,4670,4670,4670,4670,
CIMS.CAN.AT.Transportation Freight.Freight.Land.Light Medium,Service,AT,Transportation Freight,Light Medium,Electric,service_request,,,CIMS.CAN.AT.Electricity,annual_tech,GJ,3.225,3.225,3.225,3.225,3.225,3.225,3.225,3.225,3.225,3.225,3.225,
CIMS.CAN.AT.Transportation Freight.Freight.Land.Light Medium,Service,AT,Transportation Freight,Light Medium,Electric,service_request,,,CIMS.CAN.AT.Transportation Freight.EV Infrastructure,annual_tech,GJ,3.225,3.225,3.225,3.225,3.225,3.225,3.225,3.225,3.225,3.225,3.225,
CIMS.CAN.AT.Transportation Freight.Freight.Land.Light Medium,Service,AT,Transportation Freight,Light Medium,Plug-in Hybrid,technology,,,,,,,,,,,,,,,,,
CIMS.CAN.AT.Transportation Freight.Freight.Land.Light Medium,Service,AT,Transportation Freight,Light Medium,Plug-in Hybrid,available,,,,constant_tech,Year,2020,2020,2020,2020,2020,2020,2020,2020,2020,2020,2020,
CIMS.CAN.AT.Transportation Freight.Freight.Land.Light Medium,Service,AT,Transportation Freight,Light Medium,Plug-in Hybrid,unavailable,,,,constant_tech,Year,2101,2101,2101,2101,2101,2101,2101,2101,2101,2101,2101,
CIMS.CAN.AT.Transportation Freight.Freight.Land.Light Medium,Service,AT,Transportation Freight,Light Medium,Plug-in Hybrid,lifetime,,,,constant_tech,Years,16,16,16,16,16,16,16,16,16,16,16,
CIMS.CAN.AT.Transportation Freight.Freight.Land.Light Medium,Service,AT,Transportation Freight,Light Medium,Plug-in Hybrid,market_share_total,,,,annual_tech,%,0,,,,,,,,,,,
CIMS.CAN.AT.Transportation Freight.Freight.Land.Light Medium,Service,AT,Transportation Freight,Light Medium,Plug-in Hybrid,output,,,,annual_region,node unit,17.5609405901053,17.5609405901053,17.5609405901053,17.5609405901053,17.5609405901053,17.5609405901053,17.5609405901053,17.5609405901053,17.5609405901053,17.5609405901053,17.5609405901053,
CIMS.CAN.AT.Transportation Freight.Freight.Land.Light Medium,Service,AT,Transportation Freight,Light Medium,Plug-in Hybrid,fcc,,,,constant_tech,$,182749.38,182749.38,182749.38,182749.38,182749.38,182749.38,182749.38,182749.38,182749.38,182749.38,182749.38,
CIMS.CAN.AT.Transportation Freight.Freight.Land.Light Medium,Service,AT,Transportation Freight,Light Medium,Plug-in Hybrid,fom,,,,constant_tech,$,7000,7000,7000,7000,7000,7000,7000,7000,7000,7000,7000,
CIMS.CAN.AT.Transportation Freight.Freight.Land.Light Medium,Service,AT,Transportation Freight,Light Medium,Plug-in Hybrid,service_request,,,CIMS.CAN.AT.Electricity,annual_tech,GJ,3.87,3.87,3.87,3.87,3.87,3.87,3.87,3.87,3.87,3.87,3.87,
CIMS.CAN.AT.Transportation Freight.Freight.Land.Light Medium,Service,AT,Transportation Freight,Light Medium,Plug-in Hybrid,service_request,,,CIMS.CAN.AT.Transportation Freight.EV Infrastructure,annual_tech,GJ,3.87,3.87,3.87,3.87,3.87,3.87,3.87,3.87,3.87,3.87,3.87,
CIMS.CAN.AT.Transportation Freight.Freight.Land.Light Medium,Service,AT,Transportation Freight,Light Medium,Plug-in Hybrid,service_request,,,CIMS.CAN.AT.Fuel Blends.Diesel_Transportation,annual_tech,GJ,0.9675,0.9675,0.9675,0.9675,0.9675,0.9675,0.9675,0.9675,0.9675,0.9675,0.9675,
CIMS.CAN.AT.Transportation Freight.Freight.Land.Heavy,Service,AT,Transportation Freight,Heavy,,service_provide,,,,constant_tech,k*tkm,,,,,,,,,,,,
CIMS.CAN.AT.Transportation Freight.Freight.Land.Heavy,Service,AT,Transportation Freight,Heavy,,competition,Tech Compete,,,,,,,,,,,,,,,,
CIMS.CAN.AT.Transportation Freight.Freight.Land.Heavy,Service,AT,Transportation Freight,Heavy,,discount_rate_financial,,,,constant_tech,%,0.25,0.25,0.25,0.25,0.25,0.25,0.25,0.25,0.25,0.25,0.25,
CIMS.CAN.AT.Transportation Freight.Freight.Land.Heavy,Service,AT,Transportation Freight,Heavy,,heterogeneity,,,,constant_tech,,3,3,3,3,3,3,3,3,3,3,3,
CIMS.CAN.AT.Transportation Freight.Freight.Land.Heavy,Service,AT,Transportation Freight,Heavy,Trucks,technology,,,,,,,,,,,,,,,,,
CIMS.CAN.AT.Transportation Freight.Freight.Land.Heavy,Service,AT,Transportation Freight,Heavy,Trucks,market_share_total,,,,annual_region_tech,%,0.55596568806028,,,,,,,,,,,
CIMS.CAN.AT.Transportation Freight.Freight.Land.Heavy,Service,AT,Transportation Freight,Heavy,Trucks,service_request,,,CIMS.CAN.AT.Transportation Freight.Freight.Land.Heavy.Trucks,annual_tech,k*tkm,1,1,1,1,1,1,1,1,1,1,1,
CIMS.CAN.AT.Transportation Freight.Freight.Land.Heavy,Service,AT,Transportation Freight,Heavy,Rail,technology,,,,,,,,,,,,,,,,,
CIMS.CAN.AT.Transportation Freight.Freight.Land.Heavy,Service,AT,Transportation Freight,Heavy,Rail,market_share_total,,,,annual_region_tech,%,0.44403431193972,,,,,,,,,,,
CIMS.CAN.AT.Transportation Freight.Freight.Land.Heavy,Service,AT,Transportation Freight,Heavy,Rail,service_request,,,CIMS.CAN.AT.Transportation Freight.Freight.Land.Heavy.Rail,annual_tech,k*tkm,1,1,1,1,1,1,1,1,1,1,1,
CIMS.CAN.AT.Transportation Freight.Freight.Land.Heavy.Trucks,Service,AT,Transportation Freight,Trucks,,service_provide,,,,constant_tech,k*tkm,,,,,,,,,,,,
CIMS.CAN.AT.Transportation Freight.Freight.Land.Heavy.Trucks,Service,AT,Transportation Freight,Trucks,,competition,Tech Compete,,,,,,,,,,,,,,,,
CIMS.CAN.AT.Transportation Freight.Freight.Land.Heavy.Trucks,Service,AT,Transportation Freight,Trucks,,discount_rate_financial,,,,constant_tech,%,0.25,0.25,0.25,0.25,0.25,0.25,0.25,0.25,0.25,0.25,0.25,
CIMS.CAN.AT.Transportation Freight.Freight.Land.Heavy.Trucks,Service,AT,Transportation Freight,Trucks,,discount_rate_retrofit,,,,constant_tech,%,0.65,0.65,0.65,0.65,0.65,0.65,0.65,0.65,0.65,0.65,0.65,
CIMS.CAN.AT.Transportation Freight.Freight.Land.Heavy.Trucks,Service,AT,Transportation Freight,Trucks,,heterogeneity,,,,constant_tech,,15,15,15,15,15,15,15,15,15,15,15,
CIMS.CAN.AT.Transportation Freight.Freight.Land.Heavy.Trucks,Service,AT,Transportation Freight,Trucks,Diesel Existing,technology,,,,,,,,,,,,,,,,,
CIMS.CAN.AT.Transportation Freight.Freight.Land.Heavy.Trucks,Service,AT,Transportation Freight,Trucks,Diesel Existing,available,,,,constant_tech,Year,1990,1990,1990,1990,1990,1990,1990,1990,1990,1990,1990,
CIMS.CAN.AT.Transportation Freight.Freight.Land.Heavy.Trucks,Service,AT,Transportation Freight,Trucks,Diesel Existing,unavailable,,,,constant_tech,Year,2001,2001,2001,2001,2001,2001,2001,2001,2001,2001,2001,
CIMS.CAN.AT.Transportation Freight.Freight.Land.Heavy.Trucks,Service,AT,Transportation Freight,Trucks,Diesel Existing,lifetime,,,,constant_tech,Years,16,16,16,16,16,16,16,16,16,16,16,
CIMS.CAN.AT.Transportation Freight.Freight.Land.Heavy.Trucks,Service,AT,Transportation Freight,Trucks,Diesel Existing,market_share_total,,,,annual_tech,%,1,,,,,,,,,,,
CIMS.CAN.AT.Transportation Freight.Freight.Land.Heavy.Trucks,Service,AT,Transportation Freight,Trucks,Diesel Existing,output,,,,annual_region,node unit,730.639987765754,730.639987765754,730.639987765754,730.639987765754,730.639987765754,730.639987765754,730.639987765754,730.639987765754,730.639987765754,730.639987765754,730.639987765754,
CIMS.CAN.AT.Transportation Freight.Freight.Land.Heavy.Trucks,Service,AT,Transportation Freight,Trucks,Diesel Existing,fcc,,,,constant_tech,$,177423,177423,177423,177423,177423,177423,177423,177423,177423,177423,177423,
CIMS.CAN.AT.Transportation Freight.Freight.Land.Heavy.Trucks,Service,AT,Transportation Freight,Trucks,Diesel Existing,fom,,,,constant_tech,$,19257,19257,19257,19257,19257,19257,19257,19257,19257,19257,19257,
CIMS.CAN.AT.Transportation Freight.Freight.Land.Heavy.Trucks,Service,AT,Transportation Freight,Trucks,Diesel Existing,service_request,,,CIMS.CAN.AT.Fuel Blends.Diesel_Transportation,annual_tech,GJ,2.01620446072069,2.01620446072069,2.01620446072069,2.01620446072069,2.01620446072069,2.01620446072069,2.01620446072069,2.01620446072069,2.01620446072069,2.01620446072069,2.01620446072069,
CIMS.CAN.AT.Transportation Freight.Freight.Land.Heavy.Trucks,Service,AT,Transportation Freight,Trucks,Diesel Standard,technology,,,,,,,,,,,,,,,,,
CIMS.CAN.AT.Transportation Freight.Freight.Land.Heavy.Trucks,Service,AT,Transportation Freight,Trucks,Diesel Standard,available,,,,constant_tech,Year,2000,2000,2000,2000,2000,2000,2000,2000,2000,2000,2000,
CIMS.CAN.AT.Transportation Freight.Freight.Land.Heavy.Trucks,Service,AT,Transportation Freight,Trucks,Diesel Standard,unavailable,,,,constant_tech,Year,2101,2101,2101,2101,2101,2101,2101,2101,2101,2101,2101,
CIMS.CAN.AT.Transportation Freight.Freight.Land.Heavy.Trucks,Service,AT,Transportation Freight,Trucks,Diesel Standard,lifetime,,,,constant_tech,Years,16,16,16,16,16,16,16,16,16,16,16,
CIMS.CAN.AT.Transportation Freight.Freight.Land.Heavy.Trucks,Service,AT,Transportation Freight,Trucks,Diesel Standard,market_share_total,,,,annual_tech,%,0,,,,,,,,,,,
CIMS.CAN.AT.Transportation Freight.Freight.Land.Heavy.Trucks,Service,AT,Transportation Freight,Trucks,Diesel Standard,output,,,,annual_region,node unit,730.639987765754,730.639987765754,730.639987765754,730.639987765754,730.639987765754,730.639987765754,730.639987765754,730.639987765754,730.639987765754,730.639987765754,730.639987765754,
CIMS.CAN.AT.Transportation Freight.Freight.Land.Heavy.Trucks,Service,AT,Transportation Freight,Trucks,Diesel Standard,fcc,,,,constant_tech,$,183902.33,183902.33,183902.33,183902.33,183902.33,183902.33,183902.33,183902.33,183902.33,183902.33,183902.33,
CIMS.CAN.AT.Transportation Freight.Freight.Land.Heavy.Trucks,Service,AT,Transportation Freight,Trucks,Diesel Standard,fom,,,,constant_tech,$,19596,19596,19596,19596,19596,19596,19596,19596,19596,19596,19596,
CIMS.CAN.AT.Transportation Freight.Freight.Land.Heavy.Trucks,Service,AT,Transportation Freight,Trucks,Diesel Standard,service_request,,,CIMS.CAN.AT.Fuel Blends.Diesel_Transportation,annual_tech,GJ,1.73810223036034,1.73810223036034,1.73810223036034,1.73810223036034,1.73810223036034,1.73810223036034,1.73810223036034,1.73810223036034,1.73810223036034,1.73810223036034,1.73810223036034,
CIMS.CAN.AT.Transportation Freight.Freight.Land.Heavy.Trucks,Service,AT,Transportation Freight,Trucks,Diesel Efficient,technology,,,,,,,,,,,,,,,,,
CIMS.CAN.AT.Transportation Freight.Freight.Land.Heavy.Trucks,Service,AT,Transportation Freight,Trucks,Diesel Efficient,available,,,,constant_tech,Year,2015,2015,2015,2015,2015,2015,2015,2015,2015,2015,2015,
CIMS.CAN.AT.Transportation Freight.Freight.Land.Heavy.Trucks,Service,AT,Transportation Freight,Trucks,Diesel Efficient,unavailable,,,,constant_tech,Year,2101,2101,2101,2101,2101,2101,2101,2101,2101,2101,2101,
CIMS.CAN.AT.Transportation Freight.Freight.Land.Heavy.Trucks,Service,AT,Transportation Freight,Trucks,Diesel Efficient,lifetime,,,,constant_tech,Years,16,16,16,16,16,16,16,16,16,16,16,
CIMS.CAN.AT.Transportation Freight.Freight.Land.Heavy.Trucks,Service,AT,Transportation Freight,Trucks,Diesel Efficient,market_share_total,,,,annual_tech,%,0,,,,,,,,,,,
CIMS.CAN.AT.Transportation Freight.Freight.Land.Heavy.Trucks,Service,AT,Transportation Freight,Trucks,Diesel Efficient,output,,,,annual_region,node unit,730.639987765754,730.639987765754,730.639987765754,730.639987765754,730.639987765754,730.639987765754,730.639987765754,730.639987765754,730.639987765754,730.639987765754,730.639987765754,
CIMS.CAN.AT.Transportation Freight.Freight.Land.Heavy.Trucks,Service,AT,Transportation Freight,Trucks,Diesel Efficient,fcc,,,,constant_tech,$,302882.385,302882.385,302882.385,302882.385,302882.385,302882.385,302882.385,302882.385,302882.385,302882.385,302882.385,
CIMS.CAN.AT.Transportation Freight.Freight.Land.Heavy.Trucks,Service,AT,Transportation Freight,Trucks,Diesel Efficient,fom,,,,constant_tech,$,21533,21533,21533,21533,21533,21533,21533,21533,21533,21533,21533,
CIMS.CAN.AT.Transportation Freight.Freight.Land.Heavy.Trucks,Service,AT,Transportation Freight,Trucks,Diesel Efficient,service_request,,,CIMS.CAN.AT.Fuel Blends.Diesel_Transportation,annual_tech,GJ,1.46,1.46,1.46,1.46,1.46,1.46,1.46,1.46,1.46,1.46,1.46,
CIMS.CAN.AT.Transportation Freight.Freight.Land.Heavy.Trucks,Service,AT,Transportation Freight,Trucks,Natural Gas,technology,,,,,,,,,,,,,,,,,
CIMS.CAN.AT.Transportation Freight.Freight.Land.Heavy.Trucks,Service,AT,Transportation Freight,Trucks,Natural Gas,available,,,,constant_tech,Year,2000,2000,2000,2000,2000,2000,2000,2000,2000,2000,2000,
CIMS.CAN.AT.Transportation Freight.Freight.Land.Heavy.Trucks,Service,AT,Transportation Freight,Trucks,Natural Gas,unavailable,,,,constant_tech,Year,2101,2101,2101,2101,2101,2101,2101,2101,2101,2101,2101,
CIMS.CAN.AT.Transportation Freight.Freight.Land.Heavy.Trucks,Service,AT,Transportation Freight,Trucks,Natural Gas,lifetime,,,,constant_tech,Years,16,16,16,16,16,16,16,16,16,16,16,
CIMS.CAN.AT.Transportation Freight.Freight.Land.Heavy.Trucks,Service,AT,Transportation Freight,Trucks,Natural Gas,market_share_total,,,,annual_tech,%,0,,,,,,,,,,,
CIMS.CAN.AT.Transportation Freight.Freight.Land.Heavy.Trucks,Service,AT,Transportation Freight,Trucks,Natural Gas,output,,,,annual_region,node unit,730.639987765754,730.639987765754,730.639987765754,730.639987765754,730.639987765754,730.639987765754,730.639987765754,730.639987765754,730.639987765754,730.639987765754,730.639987765754,
CIMS.CAN.AT.Transportation Freight.Freight.Land.Heavy.Trucks,Service,AT,Transportation Freight,Trucks,Natural Gas,fcc,,,,constant_tech,$,262000,262000,262000,262000,262000,262000,262000,262000,262000,262000,262000,
CIMS.CAN.AT.Transportation Freight.Freight.Land.Heavy.Trucks,Service,AT,Transportation Freight,Trucks,Natural Gas,fom,,,,constant_tech,$,25418,25418,25418,25418,25418,25418,25418,25418,25418,25418,25418,
CIMS.CAN.AT.Transportation Freight.Freight.Land.Heavy.Trucks,Service,AT,Transportation Freight,Trucks,Natural Gas,service_request,,,CIMS.Generic Fuels.Natural Gas,annual_tech,GJ,1.46,1.46,1.46,1.46,1.46,1.46,1.46,1.46,1.46,1.46,1.46,
CIMS.CAN.AT.Transportation Freight.Freight.Land.Heavy.Trucks,Service,AT,Transportation Freight,Trucks,Biodiesel,technology,,,,,,,,,,,,,,,,,
CIMS.CAN.AT.Transportation Freight.Freight.Land.Heavy.Trucks,Service,AT,Transportation Freight,Trucks,Biodiesel,available,,,,constant_tech,Year,2015,2015,2015,2015,2015,2015,2015,2015,2015,2015,2015,
CIMS.CAN.AT.Transportation Freight.Freight.Land.Heavy.Trucks,Service,AT,Transportation Freight,Trucks,Biodiesel,unavailable,,,,constant_tech,Year,2101,2101,2101,2101,2101,2101,2101,2101,2101,2101,2101,
CIMS.CAN.AT.Transportation Freight.Freight.Land.Heavy.Trucks,Service,AT,Transportation Freight,Trucks,Biodiesel,lifetime,,,,constant_tech,Years,16,16,16,16,16,16,16,16,16,16,16,
CIMS.CAN.AT.Transportation Freight.Freight.Land.Heavy.Trucks,Service,AT,Transportation Freight,Trucks,Biodiesel,market_share_total,,,,annual_tech,%,0,,,,,,,,,,,
CIMS.CAN.AT.Transportation Freight.Freight.Land.Heavy.Trucks,Service,AT,Transportation Freight,Trucks,Biodiesel,output,,,,annual_region,node unit,730.639987765754,730.639987765754,730.639987765754,730.639987765754,730.639987765754,730.639987765754,730.639987765754,730.639987765754,730.639987765754,730.639987765754,730.639987765754,
CIMS.CAN.AT.Transportation Freight.Freight.Land.Heavy.Trucks,Service,AT,Transportation Freight,Trucks,Biodiesel,fcc,,,,constant_tech,$,210921.59,210921.59,210921.59,210921.59,210921.59,210921.59,210921.59,210921.59,210921.59,210921.59,210921.59,
CIMS.CAN.AT.Transportation Freight.Freight.Land.Heavy.Trucks,Service,AT,Transportation Freight,Trucks,Biodiesel,fom,,,,constant_tech,$,22146,22146,22146,22146,22146,22146,22146,22146,22146,22146,22146,
CIMS.CAN.AT.Transportation Freight.Freight.Land.Heavy.Trucks,Service,AT,Transportation Freight,Trucks,Biodiesel,service_request,,,CIMS.CAN.AT.Biodiesel,annual_tech,GJ,1.46,1.46,1.46,1.46,1.46,1.46,1.46,1.46,1.46,1.46,1.46,
CIMS.CAN.AT.Transportation Freight.Freight.Land.Heavy.Trucks,Service,AT,Transportation Freight,Trucks,Hydrogen,technology,,,,,,,,,,,,,,,,,
CIMS.CAN.AT.Transportation Freight.Freight.Land.Heavy.Trucks,Service,AT,Transportation Freight,Trucks,Hydrogen,available,,,,constant_tech,Year,2020,2020,2020,2020,2020,2020,2020,2020,2020,2020,2020,
CIMS.CAN.AT.Transportation Freight.Freight.Land.Heavy.Trucks,Service,AT,Transportation Freight,Trucks,Hydrogen,unavailable,,,,constant_tech,Year,2101,2101,2101,2101,2101,2101,2101,2101,2101,2101,2101,
CIMS.CAN.AT.Transportation Freight.Freight.Land.Heavy.Trucks,Service,AT,Transportation Freight,Trucks,Hydrogen,lifetime,,,,constant_tech,Years,16,16,16,16,16,16,16,16,16,16,16,
CIMS.CAN.AT.Transportation Freight.Freight.Land.Heavy.Trucks,Service,AT,Transportation Freight,Trucks,Hydrogen,market_share_total,,,,annual_tech,%,0,,,,,,,,,,,
CIMS.CAN.AT.Transportation Freight.Freight.Land.Heavy.Trucks,Service,AT,Transportation Freight,Trucks,Hydrogen,output,,,,annual_region,node unit,730.639987765754,730.639987765754,730.639987765754,730.639987765754,730.639987765754,730.639987765754,730.639987765754,730.639987765754,730.639987765754,730.639987765754,730.639987765754,
CIMS.CAN.AT.Transportation Freight.Freight.Land.Heavy.Trucks,Service,AT,Transportation Freight,Trucks,Hydrogen,fcc,,,,constant_tech,$,524063.81,524063.81,524063.81,524063.81,524063.81,524063.81,524063.81,524063.81,524063.81,524063.81,524063.81,
CIMS.CAN.AT.Transportation Freight.Freight.Land.Heavy.Trucks,Service,AT,Transportation Freight,Trucks,Hydrogen,fom,,,,constant_tech,$,23684,23684,23684,23684,23684,23684,23684,23684,23684,23684,23684,
CIMS.CAN.AT.Transportation Freight.Freight.Land.Heavy.Trucks,Service,AT,Transportation Freight,Trucks,Hydrogen,service_request,,,CIMS.CAN.AT.Hydrogen,annual_tech,GJ,1.022,1.022,1.022,1.022,1.022,1.022,1.022,1.022,1.022,1.022,1.022,
CIMS.CAN.AT.Transportation Freight.Freight.Land.Heavy.Trucks,Service,AT,Transportation Freight,Trucks,Hydrogen,service_request,,,CIMS.CAN.AT.Transportation Freight.FCEV Infrastructure,annual_tech,GJ,1.022,1.022,1.022,1.022,1.022,1.022,1.022,1.022,1.022,1.022,1.022,
CIMS.CAN.AT.Transportation Freight.Freight.Land.Heavy.Trucks,Service,AT,Transportation Freight,Trucks,Electric,technology,,,,,,,,,,,,,,,,,
CIMS.CAN.AT.Transportation Freight.Freight.Land.Heavy.Trucks,Service,AT,Transportation Freight,Trucks,Electric,available,,,,constant_tech,Year,2020,2020,2020,2020,2020,2020,2020,2020,2020,2020,2020,
CIMS.CAN.AT.Transportation Freight.Freight.Land.Heavy.Trucks,Service,AT,Transportation Freight,Trucks,Electric,unavailable,,,,constant_tech,Year,2101,2101,2101,2101,2101,2101,2101,2101,2101,2101,2101,
CIMS.CAN.AT.Transportation Freight.Freight.Land.Heavy.Trucks,Service,AT,Transportation Freight,Trucks,Electric,lifetime,,,,constant_tech,Years,16,16,16,16,16,16,16,16,16,16,16,
CIMS.CAN.AT.Transportation Freight.Freight.Land.Heavy.Trucks,Service,AT,Transportation Freight,Trucks,Electric,market_share_total,,,,annual_tech,%,0,,,,,,,,,,,
CIMS.CAN.AT.Transportation Freight.Freight.Land.Heavy.Trucks,Service,AT,Transportation Freight,Trucks,Electric,output,,,,annual_region,node unit,730.639987765754,730.639987765754,730.639987765754,730.639987765754,730.639987765754,730.639987765754,730.639987765754,730.639987765754,730.639987765754,730.639987765754,730.639987765754,
CIMS.CAN.AT.Transportation Freight.Freight.Land.Heavy.Trucks,Service,AT,Transportation Freight,Trucks,Electric,fcc,,,,constant_tech,$,468098,468098,468098,468098,468098,468098,468098,468098,468098,468098,468098,
CIMS.CAN.AT.Transportation Freight.Freight.Land.Heavy.Trucks,Service,AT,Transportation Freight,Trucks,Electric,fom,,,,constant_tech,$,16589,16589,16589,16589,16589,16589,16589,16589,16589,16589,16589,
CIMS.CAN.AT.Transportation Freight.Freight.Land.Heavy.Trucks,Service,AT,Transportation Freight,Trucks,Electric,service_request,,,CIMS.CAN.AT.Electricity,annual_tech,GJ,0.876,0.876,0.876,0.876,0.876,0.876,0.876,0.876,0.876,0.876,0.876,
CIMS.CAN.AT.Transportation Freight.Freight.Land.Heavy.Trucks,Service,AT,Transportation Freight,Trucks,Electric,service_request,,,CIMS.CAN.AT.Transportation Freight.EV Infrastructure,annual_tech,GJ,0.876,0.876,0.876,0.876,0.876,0.876,0.876,0.876,0.876,0.876,0.876,
CIMS.CAN.AT.Transportation Freight.Freight.Land.Heavy.Trucks,Service,AT,Transportation Freight,Trucks,Plug-in Hybrid,technology,,,,,,,,,,,,,,,,,
CIMS.CAN.AT.Transportation Freight.Freight.Land.Heavy.Trucks,Service,AT,Transportation Freight,Trucks,Plug-in Hybrid,available,,,,constant_tech,Year,2020,2020,2020,2020,2020,2020,2020,2020,2020,2020,2020,
CIMS.CAN.AT.Transportation Freight.Freight.Land.Heavy.Trucks,Service,AT,Transportation Freight,Trucks,Plug-in Hybrid,unavailable,,,,constant_tech,Year,2101,2101,2101,2101,2101,2101,2101,2101,2101,2101,2101,
CIMS.CAN.AT.Transportation Freight.Freight.Land.Heavy.Trucks,Service,AT,Transportation Freight,Trucks,Plug-in Hybrid,lifetime,,,,constant_tech,Years,16,16,16,16,16,16,16,16,16,16,16,
CIMS.CAN.AT.Transportation Freight.Freight.Land.Heavy.Trucks,Service,AT,Transportation Freight,Trucks,Plug-in Hybrid,market_share_total,,,,annual_tech,%,0,,,,,,,,,,,
CIMS.CAN.AT.Transportation Freight.Freight.Land.Heavy.Trucks,Service,AT,Transportation Freight,Trucks,Plug-in Hybrid,output,,,,annual_region,node unit,730.639987765754,730.639987765754,730.639987765754,730.639987765754,730.639987765754,730.639987765754,730.639987765754,730.639987765754,730.639987765754,730.639987765754,730.639987765754,
CIMS.CAN.AT.Transportation Freight.Freight.Land.Heavy.Trucks,Service,AT,Transportation Freight,Trucks,Plug-in Hybrid,fcc,,,,constant_tech,$,275582.52,275582.52,275582.52,275582.52,275582.52,275582.52,275582.52,275582.52,275582.52,275582.52,275582.52,
CIMS.CAN.AT.Transportation Freight.Freight.Land.Heavy.Trucks,Service,AT,Transportation Freight,Trucks,Plug-in Hybrid,fom,,,,constant_tech,$,21974,21974,21974,21974,21974,21974,21974,21974,21974,21974,21974,
CIMS.CAN.AT.Transportation Freight.Freight.Land.Heavy.Trucks,Service,AT,Transportation Freight,Trucks,Plug-in Hybrid,service_request,,,CIMS.CAN.AT.Electricity,annual_tech,GJ,0.876,0.876,0.876,0.876,0.876,0.876,0.876,0.876,0.876,0.876,0.876,
CIMS.CAN.AT.Transportation Freight.Freight.Land.Heavy.Trucks,Service,AT,Transportation Freight,Trucks,Plug-in Hybrid,service_request,,,CIMS.CAN.AT.Transportation Freight.EV Infrastructure,annual_tech,GJ,0.876,0.876,0.876,0.876,0.876,0.876,0.876,0.876,0.876,0.876,0.876,
CIMS.CAN.AT.Transportation Freight.Freight.Land.Heavy.Trucks,Service,AT,Transportation Freight,Trucks,Plug-in Hybrid,service_request,,,CIMS.CAN.AT.Fuel Blends.Diesel_Transportation,annual_tech,GJ,0.219,0.219,0.219,0.219,0.219,0.219,0.219,0.219,0.219,0.219,0.219,
CIMS.CAN.AT.Transportation Freight.Freight.Land.Heavy.Trucks,Service,AT,Transportation Freight,Trucks,Catenary,technology,,,,,,,,,,,,,,,,,
CIMS.CAN.AT.Transportation Freight.Freight.Land.Heavy.Trucks,Service,AT,Transportation Freight,Trucks,Catenary,available,,,,constant_tech,Year,2030,2030,2030,2030,2030,2030,2030,2030,2030,2030,2030,
CIMS.CAN.AT.Transportation Freight.Freight.Land.Heavy.Trucks,Service,AT,Transportation Freight,Trucks,Catenary,unavailable,,,,constant_tech,Year,2101,2101,2101,2101,2101,2101,2101,2101,2101,2101,2101,
CIMS.CAN.AT.Transportation Freight.Freight.Land.Heavy.Trucks,Service,AT,Transportation Freight,Trucks,Catenary,lifetime,,,,constant_tech,Years,16,16,16,16,16,16,16,16,16,16,16,
CIMS.CAN.AT.Transportation Freight.Freight.Land.Heavy.Trucks,Service,AT,Transportation Freight,Trucks,Catenary,market_share_total,,,,annual_tech,%,0,,,,,,,,,,,
CIMS.CAN.AT.Transportation Freight.Freight.Land.Heavy.Trucks,Service,AT,Transportation Freight,Trucks,Catenary,output,,,,annual_region,node unit,730.639987765754,730.639987765754,730.639987765754,730.639987765754,730.639987765754,730.639987765754,730.639987765754,730.639987765754,730.639987765754,730.639987765754,730.639987765754,
CIMS.CAN.AT.Transportation Freight.Freight.Land.Heavy.Trucks,Service,AT,Transportation Freight,Trucks,Catenary,fcc,,,,constant_tech,$,308106,308106,308106,308106,308106,308106,308106,308106,308106,308106,308106,
CIMS.CAN.AT.Transportation Freight.Freight.Land.Heavy.Trucks,Service,AT,Transportation Freight,Trucks,Catenary,fom,,,,constant_tech,$,14425,14425,14425,14425,14425,14425,14425,14425,14425,14425,14425,
CIMS.CAN.AT.Transportation Freight.Freight.Land.Heavy.Trucks,Service,AT,Transportation Freight,Trucks,Catenary,service_request,,,CIMS.CAN.AT.Electricity,annual_tech,GJ,0.876,0.876,0.876,0.876,0.876,0.876,0.876,0.876,0.876,0.876,0.876,
CIMS.CAN.AT.Transportation Freight.Freight.Land.Heavy.Trucks,Service,AT,Transportation Freight,Trucks,Catenary,service_request,,,CIMS.CAN.AT.Transportation Freight.Catenary Infrastructure,annual_tech,GJ,0.876,0.876,0.876,0.876,0.876,0.876,0.876,0.876,0.876,0.876,0.876,
CIMS.CAN.AT.Transportation Freight.Freight.Land.Heavy.Rail,Service,AT,Transportation Freight,Rail,,service_provide,,,,constant_tech,k*tkm,,,,,,,,,,,,
CIMS.CAN.AT.Transportation Freight.Freight.Land.Heavy.Rail,Service,AT,Transportation Freight,Rail,,competition,Tech Compete,,,,,,,,,,,,,,,,
CIMS.CAN.AT.Transportation Freight.Freight.Land.Heavy.Rail,Service,AT,Transportation Freight,Rail,,discount_rate_financial,,,,constant_tech,%,0.25,0.25,0.25,0.25,0.25,0.25,0.25,0.25,0.25,0.25,0.25,
CIMS.CAN.AT.Transportation Freight.Freight.Land.Heavy.Rail,Service,AT,Transportation Freight,Rail,,heterogeneity,,,,constant_tech,,10,10,10,10,10,10,10,10,10,10,10,
CIMS.CAN.AT.Transportation Freight.Freight.Land.Heavy.Rail,Service,AT,Transportation Freight,Rail,Diesel Existing,technology,,,,,,,,,,,,,,,,,
CIMS.CAN.AT.Transportation Freight.Freight.Land.Heavy.Rail,Service,AT,Transportation Freight,Rail,Diesel Existing,available,,,,constant_tech,Year,1950,1950,1950,1950,1950,1950,1950,1950,1950,1950,1950,
CIMS.CAN.AT.Transportation Freight.Freight.Land.Heavy.Rail,Service,AT,Transportation Freight,Rail,Diesel Existing,unavailable,,,,constant_tech,Year,2001,2001,2001,2001,2001,2001,2001,2001,2001,2001,2001,
CIMS.CAN.AT.Transportation Freight.Freight.Land.Heavy.Rail,Service,AT,Transportation Freight,Rail,Diesel Existing,lifetime,,,,constant_tech,Years,25,25,25,25,25,25,25,25,25,25,25,
CIMS.CAN.AT.Transportation Freight.Freight.Land.Heavy.Rail,Service,AT,Transportation Freight,Rail,Diesel Existing,market_share_total,,,,annual_tech,%,1,,,,,,,,,,,
CIMS.CAN.AT.Transportation Freight.Freight.Land.Heavy.Rail,Service,AT,Transportation Freight,Rail,Diesel Existing,output,,,,constant_tech,node unit,79735,79735,79735,79735,79735,79735,79735,79735,79735,79735,79735,
CIMS.CAN.AT.Transportation Freight.Freight.Land.Heavy.Rail,Service,AT,Transportation Freight,Rail,Diesel Existing,fcc,,,,constant_tech,$,1421597,1421597,1421597,1421597,1421597,1421597,1421597,1421597,1421597,1421597,1421597,
CIMS.CAN.AT.Transportation Freight.Freight.Land.Heavy.Rail,Service,AT,Transportation Freight,Rail,Diesel Existing,fom,,,,constant_tech,$,115000,115000,115000,115000,115000,115000,115000,115000,115000,115000,115000,
CIMS.CAN.AT.Transportation Freight.Freight.Land.Heavy.Rail,Service,AT,Transportation Freight,Rail,Diesel Existing,service_request,,,CIMS.CAN.AT.Fuel Blends.Diesel_Transportation,annual_tech,GJ,0.25260225345564,0.25260225345564,0.25260225345564,0.25260225345564,0.25260225345564,0.25260225345564,0.25260225345564,0.25260225345564,0.25260225345564,0.25260225345564,0.25260225345564,
CIMS.CAN.AT.Transportation Freight.Freight.Land.Heavy.Rail,Service,AT,Transportation Freight,Rail,Diesel Standard,technology,,,,,,,,,,,,,,,,,
CIMS.CAN.AT.Transportation Freight.Freight.Land.Heavy.Rail,Service,AT,Transportation Freight,Rail,Diesel Standard,available,,,,constant_tech,Year,2000,2000,2000,2000,2000,2000,2000,2000,2000,2000,2000,
CIMS.CAN.AT.Transportation Freight.Freight.Land.Heavy.Rail,Service,AT,Transportation Freight,Rail,Diesel Standard,unavailable,,,,constant_tech,Year,2101,2101,2101,2101,2101,2101,2101,2101,2101,2101,2101,
CIMS.CAN.AT.Transportation Freight.Freight.Land.Heavy.Rail,Service,AT,Transportation Freight,Rail,Diesel Standard,lifetime,,,,constant_tech,Years,25,25,25,25,25,25,25,25,25,25,25,
CIMS.CAN.AT.Transportation Freight.Freight.Land.Heavy.Rail,Service,AT,Transportation Freight,Rail,Diesel Standard,market_share_total,,,,annual_tech,%,0,,,,,,,,,,,
CIMS.CAN.AT.Transportation Freight.Freight.Land.Heavy.Rail,Service,AT,Transportation Freight,Rail,Diesel Standard,output,,,,constant_tech,node unit,79735,79735,79735,79735,79735,79735,79735,79735,79735,79735,79735,
CIMS.CAN.AT.Transportation Freight.Freight.Land.Heavy.Rail,Service,AT,Transportation Freight,Rail,Diesel Standard,fcc,,,,constant_tech,$,1920403,1920403,1920403,1920403,1920403,1920403,1920403,1920403,1920403,1920403,1920403,
CIMS.CAN.AT.Transportation Freight.Freight.Land.Heavy.Rail,Service,AT,Transportation Freight,Rail,Diesel Standard,fom,,,,constant_tech,$,115000,115000,115000,115000,115000,115000,115000,115000,115000,115000,115000,
CIMS.CAN.AT.Transportation Freight.Freight.Land.Heavy.Rail,Service,AT,Transportation Freight,Rail,Diesel Standard,service_request,,,CIMS.CAN.AT.Fuel Blends.Diesel_Transportation,annual_tech,GJ,0.23764396771493,0.23764396771493,0.23764396771493,0.23764396771493,0.23764396771493,0.23764396771493,0.23764396771493,0.23764396771493,0.23764396771493,0.23764396771493,0.23764396771493,
CIMS.CAN.AT.Transportation Freight.Freight.Land.Heavy.Rail,Service,AT,Transportation Freight,Rail,Diesel Efficient,technology,,,,,,,,,,,,,,,,,
CIMS.CAN.AT.Transportation Freight.Freight.Land.Heavy.Rail,Service,AT,Transportation Freight,Rail,Diesel Efficient,available,,,,constant_tech,Year,2015,2015,2015,2015,2015,2015,2015,2015,2015,2015,2015,
CIMS.CAN.AT.Transportation Freight.Freight.Land.Heavy.Rail,Service,AT,Transportation Freight,Rail,Diesel Efficient,unavailable,,,,constant_tech,Year,2101,2101,2101,2101,2101,2101,2101,2101,2101,2101,2101,
CIMS.CAN.AT.Transportation Freight.Freight.Land.Heavy.Rail,Service,AT,Transportation Freight,Rail,Diesel Efficient,lifetime,,,,constant_tech,Years,25,25,25,25,25,25,25,25,25,25,25,
CIMS.CAN.AT.Transportation Freight.Freight.Land.Heavy.Rail,Service,AT,Transportation Freight,Rail,Diesel Efficient,market_share_total,,,,annual_tech,%,0,,,,,,,,,,,
CIMS.CAN.AT.Transportation Freight.Freight.Land.Heavy.Rail,Service,AT,Transportation Freight,Rail,Diesel Efficient,output,,,,constant_tech,node unit,79735,79735,79735,79735,79735,79735,79735,79735,79735,79735,79735,
CIMS.CAN.AT.Transportation Freight.Freight.Land.Heavy.Rail,Service,AT,Transportation Freight,Rail,Diesel Efficient,fcc,,,,constant_tech,$,2893901,2893901,2893901,2893901,2893901,2893901,2893901,2893901,2893901,2893901,2893901,
CIMS.CAN.AT.Transportation Freight.Freight.Land.Heavy.Rail,Service,AT,Transportation Freight,Rail,Diesel Efficient,fom,,,,constant_tech,$,115000,115000,115000,115000,115000,115000,115000,115000,115000,115000,115000,
CIMS.CAN.AT.Transportation Freight.Freight.Land.Heavy.Rail,Service,AT,Transportation Freight,Rail,Diesel Efficient,service_request,,,CIMS.CAN.AT.Fuel Blends.Diesel_Transportation,annual_tech,GJ,0.19,0.19,0.19,0.19,0.19,0.19,0.19,0.19,0.19,0.19,0.19,
CIMS.CAN.AT.Transportation Freight.Freight.Land.Heavy.Rail,Service,AT,Transportation Freight,Rail,Biodiesel,technology,,,,,,,,,,,,,,,,,
CIMS.CAN.AT.Transportation Freight.Freight.Land.Heavy.Rail,Service,AT,Transportation Freight,Rail,Biodiesel,available,,,,constant_tech,Year,2010,2010,2010,2010,2010,2010,2010,2010,2010,2010,2010,
CIMS.CAN.AT.Transportation Freight.Freight.Land.Heavy.Rail,Service,AT,Transportation Freight,Rail,Biodiesel,unavailable,,,,constant_tech,Year,2101,2101,2101,2101,2101,2101,2101,2101,2101,2101,2101,
CIMS.CAN.AT.Transportation Freight.Freight.Land.Heavy.Rail,Service,AT,Transportation Freight,Rail,Biodiesel,lifetime,,,,constant_tech,Years,25,25,25,25,25,25,25,25,25,25,25,
CIMS.CAN.AT.Transportation Freight.Freight.Land.Heavy.Rail,Service,AT,Transportation Freight,Rail,Biodiesel,market_share_total,,,,annual_tech,%,0,,,,,,,,,,,
CIMS.CAN.AT.Transportation Freight.Freight.Land.Heavy.Rail,Service,AT,Transportation Freight,Rail,Biodiesel,output,,,,constant_tech,node unit,79735,79735,79735,79735,79735,79735,79735,79735,79735,79735,79735,
CIMS.CAN.AT.Transportation Freight.Freight.Land.Heavy.Rail,Service,AT,Transportation Freight,Rail,Biodiesel,fcc,,,,constant_tech,$,4893901,4893901,4893901,4893901,4893901,4893901,4893901,4893901,4893901,4893901,4893901,
CIMS.CAN.AT.Transportation Freight.Freight.Land.Heavy.Rail,Service,AT,Transportation Freight,Rail,Biodiesel,fom,,,,constant_tech,$,125000,125000,125000,125000,125000,125000,125000,125000,125000,125000,125000,
CIMS.CAN.AT.Transportation Freight.Freight.Land.Heavy.Rail,Service,AT,Transportation Freight,Rail,Biodiesel,service_request,,,CIMS.CAN.AT.Biodiesel,annual_tech,GJ,0.19,0.19,0.19,0.19,0.19,0.19,0.19,0.19,0.19,0.19,0.19,
CIMS.CAN.AT.Transportation Freight.Freight.Land.Heavy.Rail,Service,AT,Transportation Freight,Rail,Hydrogen,technology,,,,,,,,,,,,,,,,,
CIMS.CAN.AT.Transportation Freight.Freight.Land.Heavy.Rail,Service,AT,Transportation Freight,Rail,Hydrogen,available,,,,constant_tech,Year,2020,2020,2020,2020,2020,2020,2020,2020,2020,2020,2020,
CIMS.CAN.AT.Transportation Freight.Freight.Land.Heavy.Rail,Service,AT,Transportation Freight,Rail,Hydrogen,unavailable,,,,constant_tech,Year,2101,2101,2101,2101,2101,2101,2101,2101,2101,2101,2101,
CIMS.CAN.AT.Transportation Freight.Freight.Land.Heavy.Rail,Service,AT,Transportation Freight,Rail,Hydrogen,lifetime,,,,constant_tech,Years,25,25,25,25,25,25,25,25,25,25,25,
CIMS.CAN.AT.Transportation Freight.Freight.Land.Heavy.Rail,Service,AT,Transportation Freight,Rail,Hydrogen,market_share_total,,,,annual_tech,%,0,,,,,,,,,,,
CIMS.CAN.AT.Transportation Freight.Freight.Land.Heavy.Rail,Service,AT,Transportation Freight,Rail,Hydrogen,output,,,,constant_tech,node unit,79735,79735,79735,79735,79735,79735,79735,79735,79735,79735,79735,
CIMS.CAN.AT.Transportation Freight.Freight.Land.Heavy.Rail,Service,AT,Transportation Freight,Rail,Hydrogen,fcc,,,,constant_tech,$,7000000,7000000,7000000,7000000,7000000,7000000,7000000,7000000,7000000,7000000,7000000,
CIMS.CAN.AT.Transportation Freight.Freight.Land.Heavy.Rail,Service,AT,Transportation Freight,Rail,Hydrogen,fom,,,,constant_tech,$,95000,95000,95000,95000,95000,95000,95000,95000,95000,95000,95000,
CIMS.CAN.AT.Transportation Freight.Freight.Land.Heavy.Rail,Service,AT,Transportation Freight,Rail,Hydrogen,service_request,,,CIMS.CAN.AT.Hydrogen,annual_tech,GJ,0.133,0.133,0.133,0.133,0.133,0.133,0.133,0.133,0.133,0.133,0.133,
CIMS.CAN.AT.Transportation Freight.Freight.Land.Heavy.Rail,Service,AT,Transportation Freight,Rail,Electric,technology,,,,,,,,,,,,,,,,,
CIMS.CAN.AT.Transportation Freight.Freight.Land.Heavy.Rail,Service,AT,Transportation Freight,Rail,Electric,available,,,,constant_tech,Year,2020,2020,2020,2020,2020,2020,2020,2020,2020,2020,2020,
CIMS.CAN.AT.Transportation Freight.Freight.Land.Heavy.Rail,Service,AT,Transportation Freight,Rail,Electric,unavailable,,,,constant_tech,Year,2101,2101,2101,2101,2101,2101,2101,2101,2101,2101,2101,
CIMS.CAN.AT.Transportation Freight.Freight.Land.Heavy.Rail,Service,AT,Transportation Freight,Rail,Electric,lifetime,,,,constant_tech,Years,25,25,25,25,25,25,25,25,25,25,25,
CIMS.CAN.AT.Transportation Freight.Freight.Land.Heavy.Rail,Service,AT,Transportation Freight,Rail,Electric,market_share_total,,,,annual_tech,%,0,,,,,,,,,,,
CIMS.CAN.AT.Transportation Freight.Freight.Land.Heavy.Rail,Service,AT,Transportation Freight,Rail,Electric,output,,,,constant_tech,node unit,79735,79735,79735,79735,79735,79735,79735,79735,79735,79735,79735,
CIMS.CAN.AT.Transportation Freight.Freight.Land.Heavy.Rail,Service,AT,Transportation Freight,Rail,Electric,fcc,,,,constant_tech,$,7148722,7148722,7148722,7148722,7148722,7148722,7148722,7148722,7148722,7148722,7148722,
CIMS.CAN.AT.Transportation Freight.Freight.Land.Heavy.Rail,Service,AT,Transportation Freight,Rail,Electric,fom,,,,constant_tech,$,40000,40000,40000,40000,40000,40000,40000,40000,40000,40000,40000,
CIMS.CAN.AT.Transportation Freight.Freight.Land.Heavy.Rail,Service,AT,Transportation Freight,Rail,Electric,service_request,,,CIMS.CAN.AT.Electricity,annual_tech,GJ,0.114,0.114,0.114,0.114,0.114,0.114,0.114,0.114,0.114,0.114,0.114,
CIMS.CAN.AT.Transportation Freight.Freight.Marine,Service,AT,Transportation Freight,Marine,,service_provide,,,,constant_tech,k*tkm,,,,,,,,,,,,
CIMS.CAN.AT.Transportation Freight.Freight.Marine,Service,AT,Transportation Freight,Marine,,competition,Tech Compete,,,,,,,,,,,,,,,,
CIMS.CAN.AT.Transportation Freight.Freight.Marine,Service,AT,Transportation Freight,Marine,,discount_rate_financial,,,,constant_tech,%,0.125,0.125,0.125,0.125,0.125,0.125,0.125,0.125,0.125,0.125,0.125,
CIMS.CAN.AT.Transportation Freight.Freight.Marine,Service,AT,Transportation Freight,Marine,,heterogeneity,,,,constant_tech,,10,10,10,10,10,10,10,10,10,10,10,
CIMS.CAN.AT.Transportation Freight.Freight.Marine,Service,AT,Transportation Freight,Marine,Fuel Oil Existing,technology,,,,,,,,,,,,,,,,,
CIMS.CAN.AT.Transportation Freight.Freight.Marine,Service,AT,Transportation Freight,Marine,Fuel Oil Existing,available,,,,constant_tech,Year,1950,1950,1950,1950,1950,1950,1950,1950,1950,1950,1950,
CIMS.CAN.AT.Transportation Freight.Freight.Marine,Service,AT,Transportation Freight,Marine,Fuel Oil Existing,unavailable,,,,constant_tech,Year,2001,2001,2001,2001,2001,2001,2001,2001,2001,2001,2001,
CIMS.CAN.AT.Transportation Freight.Freight.Marine,Service,AT,Transportation Freight,Marine,Fuel Oil Existing,lifetime,,,,constant_tech,Years,35,35,35,35,35,35,35,35,35,35,35,
CIMS.CAN.AT.Transportation Freight.Freight.Marine,Service,AT,Transportation Freight,Marine,Fuel Oil Existing,market_share_total,,,,annual_tech,%,1,,,,,,,,,,,
CIMS.CAN.AT.Transportation Freight.Freight.Marine,Service,AT,Transportation Freight,Marine,Fuel Oil Existing,output,,,,constant_tech,node unit,802000,802000,802000,802000,802000,802000,802000,802000,802000,802000,802000,
CIMS.CAN.AT.Transportation Freight.Freight.Marine,Service,AT,Transportation Freight,Marine,Fuel Oil Existing,fcc,,,,constant_tech,$,113600881.144088,113600881.144088,113600881.144088,113600881.144088,113600881.144088,113600881.144088,113600881.144088,113600881.144088,113600881.144088,113600881.144088,113600881.144088,
CIMS.CAN.AT.Transportation Freight.Freight.Marine,Service,AT,Transportation Freight,Marine,Fuel Oil Existing,fom,,,,constant_tech,$,4692656.10705509,4692656.10705509,4692656.10705509,4692656.10705509,4692656.10705509,4692656.10705509,4692656.10705509,4692656.10705509,4692656.10705509,4692656.10705509,4692656.10705509,
CIMS.CAN.AT.Transportation Freight.Freight.Marine,Service,AT,Transportation Freight,Marine,Fuel Oil Existing,service_request,,,CIMS.Generic Fuels.Fuel Oil,annual_tech,GJ,0.38430287200115,0.38430287200115,0.38430287200115,0.38430287200115,0.38430287200115,0.38430287200115,0.38430287200115,0.38430287200115,0.38430287200115,0.38430287200115,0.38430287200115,
CIMS.CAN.AT.Transportation Freight.Freight.Marine,Service,AT,Transportation Freight,Marine,Fuel Oil Standard,technology,,,,,,,,,,,,,,,,,
CIMS.CAN.AT.Transportation Freight.Freight.Marine,Service,AT,Transportation Freight,Marine,Fuel Oil Standard,available,,,,constant_tech,Year,2000,2000,2000,2000,2000,2000,2000,2000,2000,2000,2000,
CIMS.CAN.AT.Transportation Freight.Freight.Marine,Service,AT,Transportation Freight,Marine,Fuel Oil Standard,unavailable,,,,constant_tech,Year,2101,2101,2101,2101,2101,2101,2101,2101,2101,2101,2101,
CIMS.CAN.AT.Transportation Freight.Freight.Marine,Service,AT,Transportation Freight,Marine,Fuel Oil Standard,lifetime,,,,constant_tech,Years,35,35,35,35,35,35,35,35,35,35,35,
CIMS.CAN.AT.Transportation Freight.Freight.Marine,Service,AT,Transportation Freight,Marine,Fuel Oil Standard,market_share_total,,,,annual_tech,%,0,,,,,,,,,,,
CIMS.CAN.AT.Transportation Freight.Freight.Marine,Service,AT,Transportation Freight,Marine,Fuel Oil Standard,output,,,,constant_tech,node unit,802000,802000,802000,802000,802000,802000,802000,802000,802000,802000,802000,
CIMS.CAN.AT.Transportation Freight.Freight.Marine,Service,AT,Transportation Freight,Marine,Fuel Oil Standard,fcc,,,,constant_tech,$,113600881.144088,113600881.144088,113600881.144088,113600881.144088,113600881.144088,113600881.144088,113600881.144088,113600881.144088,113600881.144088,113600881.144088,113600881.144088,
CIMS.CAN.AT.Transportation Freight.Freight.Marine,Service,AT,Transportation Freight,Marine,Fuel Oil Standard,fom,,,,constant_tech,$,4692656.10705509,4692656.10705509,4692656.10705509,4692656.10705509,4692656.10705509,4692656.10705509,4692656.10705509,4692656.10705509,4692656.10705509,4692656.10705509,4692656.10705509,
CIMS.CAN.AT.Transportation Freight.Freight.Marine,Service,AT,Transportation Freight,Marine,Fuel Oil Standard,service_request,,,CIMS.Generic Fuels.Fuel Oil,annual_tech,GJ,0.34587258480103,0.34587258480103,0.34587258480103,0.34587258480103,0.34587258480103,0.34587258480103,0.34587258480103,0.34587258480103,0.34587258480103,0.34587258480103,0.34587258480103,
CIMS.CAN.AT.Transportation Freight.Freight.Marine,Service,AT,Transportation Freight,Marine,Fuel Oil Efficient,technology,,,,,,,,,,,,,,,,,
CIMS.CAN.AT.Transportation Freight.Freight.Marine,Service,AT,Transportation Freight,Marine,Fuel Oil Efficient,available,,,,constant_tech,Year,2015,2015,2015,2015,2015,2015,2015,2015,2015,2015,2015,
CIMS.CAN.AT.Transportation Freight.Freight.Marine,Service,AT,Transportation Freight,Marine,Fuel Oil Efficient,unavailable,,,,constant_tech,Year,2101,2101,2101,2101,2101,2101,2101,2101,2101,2101,2101,
CIMS.CAN.AT.Transportation Freight.Freight.Marine,Service,AT,Transportation Freight,Marine,Fuel Oil Efficient,lifetime,,,,constant_tech,Years,35,35,35,35,35,35,35,35,35,35,35,
CIMS.CAN.AT.Transportation Freight.Freight.Marine,Service,AT,Transportation Freight,Marine,Fuel Oil Efficient,market_share_total,,,,annual_tech,%,0,,,,,,,,,,,
CIMS.CAN.AT.Transportation Freight.Freight.Marine,Service,AT,Transportation Freight,Marine,Fuel Oil Efficient,output,,,,constant_tech,node unit,802000,802000,802000,802000,802000,802000,802000,802000,802000,802000,802000,
CIMS.CAN.AT.Transportation Freight.Freight.Marine,Service,AT,Transportation Freight,Marine,Fuel Oil Efficient,fcc,,,,constant_tech,$,118880621.378729,118880621.378729,118880621.378729,118880621.378729,118880621.378729,118880621.378729,118880621.378729,118880621.378729,118880621.378729,118880621.378729,118880621.378729,
CIMS.CAN.AT.Transportation Freight.Freight.Marine,Service,AT,Transportation Freight,Marine,Fuel Oil Efficient,fom,,,,constant_tech,$,4692656.10705509,4692656.10705509,4692656.10705509,4692656.10705509,4692656.10705509,4692656.10705509,4692656.10705509,4692656.10705509,4692656.10705509,4692656.10705509,4692656.10705509,
CIMS.CAN.AT.Transportation Freight.Freight.Marine,Service,AT,Transportation Freight,Marine,Fuel Oil Efficient,service_request,,,CIMS.Generic Fuels.Fuel Oil,annual_tech,GJ,0.31128532632093,0.31128532632093,0.31128532632093,0.31128532632093,0.31128532632093,0.31128532632093,0.31128532632093,0.31128532632093,0.31128532632093,0.31128532632093,0.31128532632093,
CIMS.CAN.AT.Transportation Freight.Freight.Marine,Service,AT,Transportation Freight,Marine,Biodiesel,technology,,,,,,,,,,,,,,,,,
CIMS.CAN.AT.Transportation Freight.Freight.Marine,Service,AT,Transportation Freight,Marine,Biodiesel,available,,,,constant_tech,Year,2010,2010,2010,2010,2010,2010,2010,2010,2010,2010,2010,
CIMS.CAN.AT.Transportation Freight.Freight.Marine,Service,AT,Transportation Freight,Marine,Biodiesel,unavailable,,,,constant_tech,Year,2101,2101,2101,2101,2101,2101,2101,2101,2101,2101,2101,
CIMS.CAN.AT.Transportation Freight.Freight.Marine,Service,AT,Transportation Freight,Marine,Biodiesel,lifetime,,,,constant_tech,Years,35,35,35,35,35,35,35,35,35,35,35,
CIMS.CAN.AT.Transportation Freight.Freight.Marine,Service,AT,Transportation Freight,Marine,Biodiesel,market_share_total,,,,annual_tech,%,0,,,,,,,,,,,
CIMS.CAN.AT.Transportation Freight.Freight.Marine,Service,AT,Transportation Freight,Marine,Biodiesel,output,,,,constant_tech,node unit,802000,802000,802000,802000,802000,802000,802000,802000,802000,802000,802000,
CIMS.CAN.AT.Transportation Freight.Freight.Marine,Service,AT,Transportation Freight,Marine,Biodiesel,fcc,,,,constant_tech,$,142656745.654475,142656745.654475,142656745.654475,142656745.654475,142656745.654475,142656745.654475,142656745.654475,142656745.654475,142656745.654475,142656745.654475,142656745.654475,
CIMS.CAN.AT.Transportation Freight.Freight.Marine,Service,AT,Transportation Freight,Marine,Biodiesel,fom,,,,constant_tech,$,4692656.10705509,4692656.10705509,4692656.10705509,4692656.10705509,4692656.10705509,4692656.10705509,4692656.10705509,4692656.10705509,4692656.10705509,4692656.10705509,4692656.10705509,
CIMS.CAN.AT.Transportation Freight.Freight.Marine,Service,AT,Transportation Freight,Marine,Biodiesel,service_request,,,CIMS.CAN.AT.Biodiesel,annual_tech,GJ,0.31128532632093,0.31128532632093,0.31128532632093,0.31128532632093,0.31128532632093,0.31128532632093,0.31128532632093,0.31128532632093,0.31128532632093,0.31128532632093,0.31128532632093,
CIMS.CAN.AT.Transportation Freight.Freight.Marine,Service,AT,Transportation Freight,Marine,Hydrogen,technology,,,,,,,,,,,,,,,,,
CIMS.CAN.AT.Transportation Freight.Freight.Marine,Service,AT,Transportation Freight,Marine,Hydrogen,available,,,,constant_tech,Year,2020,2020,2020,2020,2020,2020,2020,2020,2020,2020,2020,
CIMS.CAN.AT.Transportation Freight.Freight.Marine,Service,AT,Transportation Freight,Marine,Hydrogen,unavailable,,,,constant_tech,Year,2101,2101,2101,2101,2101,2101,2101,2101,2101,2101,2101,
CIMS.CAN.AT.Transportation Freight.Freight.Marine,Service,AT,Transportation Freight,Marine,Hydrogen,lifetime,,,,constant_tech,Years,35,35,35,35,35,35,35,35,35,35,35,
CIMS.CAN.AT.Transportation Freight.Freight.Marine,Service,AT,Transportation Freight,Marine,Hydrogen,market_share_total,,,,annual_tech,%,0,,,,,,,,,,,
CIMS.CAN.AT.Transportation Freight.Freight.Marine,Service,AT,Transportation Freight,Marine,Hydrogen,output,,,,constant_tech,node unit,802000,802000,802000,802000,802000,802000,802000,802000,802000,802000,802000,
CIMS.CAN.AT.Transportation Freight.Freight.Marine,Service,AT,Transportation Freight,Marine,Hydrogen,fcc,,,,constant_tech,$,169034024.852547,169034024.852547,169034024.852547,169034024.852547,169034024.852547,169034024.852547,169034024.852547,169034024.852547,169034024.852547,169034024.852547,169034024.852547,
CIMS.CAN.AT.Transportation Freight.Freight.Marine,Service,AT,Transportation Freight,Marine,Hydrogen,fom,,,,constant_tech,$,4692656.10705509,4692656.10705509,4692656.10705509,4692656.10705509,4692656.10705509,4692656.10705509,4692656.10705509,4692656.10705509,4692656.10705509,4692656.10705509,4692656.10705509,
CIMS.CAN.AT.Transportation Freight.Freight.Marine,Service,AT,Transportation Freight,Marine,Hydrogen,service_request,,,CIMS.CAN.AT.Hydrogen,annual_tech,GJ,0.21789972842465,0.21789972842465,0.21789972842465,0.21789972842465,0.21789972842465,0.21789972842465,0.21789972842465,0.21789972842465,0.21789972842465,0.21789972842465,0.21789972842465,
CIMS.CAN.AT.Transportation Freight.Freight.Air,Service,AT,Transportation Freight,Air,,service_provide,,,,constant_tech,k*tkm,,,,,,,,,,,,
CIMS.CAN.AT.Transportation Freight.Freight.Air,Service,AT,Transportation Freight,Air,,competition,Tech Compete,,,,,,,,,,,,,,,,
CIMS.CAN.AT.Transportation Freight.Freight.Air,Service,AT,Transportation Freight,Air,,discount_rate_financial,,,,constant_tech,%,0.125,0.125,0.125,0.125,0.125,0.125,0.125,0.125,0.125,0.125,0.125,
CIMS.CAN.AT.Transportation Freight.Freight.Air,Service,AT,Transportation Freight,Air,,heterogeneity,,,,constant_tech,,10,10,10,10,10,10,10,10,10,10,10,
CIMS.CAN.AT.Transportation Freight.Freight.Air,Service,AT,Transportation Freight,Air,Existing,technology,,,,,,,,,,,,,,,,,
CIMS.CAN.AT.Transportation Freight.Freight.Air,Service,AT,Transportation Freight,Air,Existing,available,,,,constant_tech,Year,1990,1990,1990,1990,1990,1990,1990,1990,1990,1990,1990,
CIMS.CAN.AT.Transportation Freight.Freight.Air,Service,AT,Transportation Freight,Air,Existing,unavailable,,,,constant_tech,Year,2001,2001,2001,2001,2001,2001,2001,2001,2001,2001,2001,
CIMS.CAN.AT.Transportation Freight.Freight.Air,Service,AT,Transportation Freight,Air,Existing,lifetime,,,,constant_tech,Years,30,30,30,30,30,30,30,30,30,30,30,
CIMS.CAN.AT.Transportation Freight.Freight.Air,Service,AT,Transportation Freight,Air,Existing,market_share_total,,,,annual_tech,%,1,,,,,,,,,,,
CIMS.CAN.AT.Transportation Freight.Freight.Air,Service,AT,Transportation Freight,Air,Existing,output,,,,constant_tech,node unit,56000,56000,56000,56000,56000,56000,56000,56000,56000,56000,56000,
CIMS.CAN.AT.Transportation Freight.Freight.Air,Service,AT,Transportation Freight,Air,Existing,fcc,,,,constant_tech,$,197381531.359355,197381531.359355,197381531.359355,197381531.359355,197381531.359355,197381531.359355,197381531.359355,197381531.359355,197381531.359355,197381531.359355,197381531.359355,
CIMS.CAN.AT.Transportation Freight.Freight.Air,Service,AT,Transportation Freight,Air,Existing,service_request,,,CIMS.Generic Fuels.Jet Fuel,annual_tech,GJ,3.07530746302041,2.61401134356735,2.22190964203225,1.88862319572741,1.6053297163683,1.52506323054988,1.44881006902239,1.37636956557127,1.30755108729271,1.24217353292807,1.18006485628167,
CIMS.CAN.AT.Transportation Freight.Freight.Air,Service,AT,Transportation Freight,Air,Efficient,technology,,,,,,,,,,,,,,,,,
CIMS.CAN.AT.Transportation Freight.Freight.Air,Service,AT,Transportation Freight,Air,Efficient,available,,,,constant_tech,Year,2000,2000,2000,2000,2000,2000,2000,2000,2000,2000,2000,
CIMS.CAN.AT.Transportation Freight.Freight.Air,Service,AT,Transportation Freight,Air,Efficient,unavailable,,,,constant_tech,Year,2101,2101,2101,2101,2101,2101,2101,2101,2101,2101,2101,
CIMS.CAN.AT.Transportation Freight.Freight.Air,Service,AT,Transportation Freight,Air,Efficient,lifetime,,,,constant_tech,Years,30,30,30,30,30,30,30,30,30,30,30,
CIMS.CAN.AT.Transportation Freight.Freight.Air,Service,AT,Transportation Freight,Air,Efficient,market_share_total,,,,annual_tech,%,0,,,,,,,,,,,
CIMS.CAN.AT.Transportation Freight.Freight.Air,Service,AT,Transportation Freight,Air,Efficient,output,,,,constant_tech,node unit,56000,56000,56000,56000,56000,56000,56000,56000,56000,56000,56000,
CIMS.CAN.AT.Transportation Freight.Freight.Air,Service,AT,Transportation Freight,Air,Efficient,fcc,,,,constant_tech,$,248501928.578093,248501928.578093,248501928.578093,248501928.578093,248501928.578093,248501928.578093,248501928.578093,248501928.578093,248501928.578093,248501928.578093,248501928.578093,
CIMS.CAN.AT.Transportation Freight.Freight.Air,Service,AT,Transportation Freight,Air,Efficient,service_request,,,CIMS.Generic Fuels.Jet Fuel,annual_tech,GJ,1.96,1.666,1.4161,1.203685,1.02313225,0.9719756375,0.923376855625,0.87720801284375,0.83334761220156,0.79168023159148,0.75209622001191,
CIMS.CAN.AT.Transportation Freight.Freight.Air,Service,AT,Transportation Freight,Air,Electric,technology,,,,,,,,,,,,,,,,,
CIMS.CAN.AT.Transportation Freight.Freight.Air,Service,AT,Transportation Freight,Air,Electric,available,,,,constant_tech,Year,2025,2025,2025,2025,2025,2025,2025,2025,2025,2025,2025,
CIMS.CAN.AT.Transportation Freight.Freight.Air,Service,AT,Transportation Freight,Air,Electric,unavailable,,,,constant_tech,Year,2101,2101,2101,2101,2101,2101,2101,2101,2101,2101,2101,
CIMS.CAN.AT.Transportation Freight.Freight.Air,Service,AT,Transportation Freight,Air,Electric,lifetime,,,,constant_tech,Years,30,30,30,30,30,30,30,30,30,30,30,
CIMS.CAN.AT.Transportation Freight.Freight.Air,Service,AT,Transportation Freight,Air,Electric,market_share_total,,,,annual_tech,%,0,,,,,,,,,,,
CIMS.CAN.AT.Transportation Freight.Freight.Air,Service,AT,Transportation Freight,Air,Electric,output,,,,constant_tech,node unit,56000,56000,56000,56000,56000,56000,56000,56000,56000,56000,56000,
CIMS.CAN.AT.Transportation Freight.Freight.Air,Service,AT,Transportation Freight,Air,Electric,fcc,,,,constant_tech,$,312843740.470339,312843740.470339,312843740.470339,312843740.470339,312843740.470339,312843740.470339,312843740.470339,312843740.470339,312843740.470339,312843740.470339,312843740.470339,
CIMS.CAN.AT.Transportation Freight.Freight.Air,Service,AT,Transportation Freight,Air,Electric,service_request,,,CIMS.CAN.AT.Electricity,annual_tech,GJ,1.96,1.666,1.4161,1.203685,1.02313225,0.9719756375,0.923376855625,0.87720801284375,0.83334761220156,0.79168023159148,0.75209622001191,
CIMS.CAN.AT.Transportation Freight.Freight.Air,Service,AT,Transportation Freight,Air,Hydrogen,technology,,,,,,,,,,,,,,,,,
CIMS.CAN.AT.Transportation Freight.Freight.Air,Service,AT,Transportation Freight,Air,Hydrogen,available,,,,constant_tech,Year,2035,2035,2035,2035,2035,2035,2035,2035,2035,2035,2035,
CIMS.CAN.AT.Transportation Freight.Freight.Air,Service,AT,Transportation Freight,Air,Hydrogen,unavailable,,,,constant_tech,Year,2101,2101,2101,2101,2101,2101,2101,2101,2101,2101,2101,
CIMS.CAN.AT.Transportation Freight.Freight.Air,Service,AT,Transportation Freight,Air,Hydrogen,lifetime,,,,constant_tech,Years,30,30,30,30,30,30,30,30,30,30,30,
CIMS.CAN.AT.Transportation Freight.Freight.Air,Service,AT,Transportation Freight,Air,Hydrogen,market_share_total,,,,annual_tech,%,0,,,,,,,,,,,
CIMS.CAN.AT.Transportation Freight.Freight.Air,Service,AT,Transportation Freight,Air,Hydrogen,output,,,,constant_tech,node unit,56000,56000,56000,56000,56000,56000,56000,56000,56000,56000,56000,
CIMS.CAN.AT.Transportation Freight.Freight.Air,Service,AT,Transportation Freight,Air,Hydrogen,fcc,,,,constant_tech,$,312843740.470339,312843740.470339,312843740.470339,312843740.470339,312843740.470339,312843740.470339,312843740.470339,312843740.470339,312843740.470339,312843740.470339,312843740.470339,
CIMS.CAN.AT.Transportation Freight.Freight.Air,Service,AT,Transportation Freight,Air,Hydrogen,service_request,,,CIMS.CAN.AT.Hydrogen,annual_tech,GJ,1.96,1.666,1.4161,1.203685,1.02313225,0.9719756375,0.923376855625,0.87720801284375,0.83334761220156,0.79168023159148,0.75209622001191,
CIMS.CAN.AT.Transportation Freight.Off Road,Service,AT,Transportation Freight,Off Road,,service_provide,,,,constant_tech,k*tkm,,,,,,,,,,,,
CIMS.CAN.AT.Transportation Freight.Off Road,Service,AT,Transportation Freight,Off Road,,competition,Tech Compete,,,,,,,,,,,,,,,,
CIMS.CAN.AT.Transportation Freight.Off Road,Service,AT,Transportation Freight,Off Road,,discount_rate_financial,,,,constant_tech,%,0.3,0.3,0.3,0.3,0.3,0.3,0.3,0.3,0.3,0.3,0.3,
CIMS.CAN.AT.Transportation Freight.Off Road,Service,AT,Transportation Freight,Off Road,,discount_rate_retrofit,,,,constant_tech,%,0.3,0.3,0.3,0.3,0.3,0.3,0.3,0.3,0.3,0.3,0.3,
CIMS.CAN.AT.Transportation Freight.Off Road,Service,AT,Transportation Freight,Off Road,,heterogeneity,,,,constant_tech,,15,15,15,15,15,15,15,15,15,15,15,
CIMS.CAN.AT.Transportation Freight.Off Road,Service,AT,Transportation Freight,Off Road,Diesel Std,technology,,,,,,,,,,,,,,,,,
CIMS.CAN.AT.Transportation Freight.Off Road,Service,AT,Transportation Freight,Off Road,Diesel Std,available,,,,constant_tech,Year,1990,1990,1990,1990,1990,1990,1990,1990,1990,1990,1990,
CIMS.CAN.AT.Transportation Freight.Off Road,Service,AT,Transportation Freight,Off Road,Diesel Std,unavailable,,,,constant_tech,Year,2101,2101,2101,2101,2101,2101,2101,2101,2101,2101,2101,
CIMS.CAN.AT.Transportation Freight.Off Road,Service,AT,Transportation Freight,Off Road,Diesel Std,lifetime,,,,constant_tech,Years,16,16,16,16,16,16,16,16,16,16,16,
CIMS.CAN.AT.Transportation Freight.Off Road,Service,AT,Transportation Freight,Off Road,Diesel Std,market_share_total,,,,annual_tech,%,1,,,,,,,,,,,
CIMS.CAN.AT.Transportation Freight.Off Road,Service,AT,Transportation Freight,Off Road,Diesel Std,output,,,,constant_tech,node unit,20,20,20,20,20,20,20,20,20,20,20,
CIMS.CAN.AT.Transportation Freight.Off Road,Service,AT,Transportation Freight,Off Road,Diesel Std,fcc,,,,constant_tech,$,29739.2429906542,29739.2429906542,29739.2429906542,29739.2429906542,29739.2429906542,29739.2429906542,29739.2429906542,29739.2429906542,29739.2429906542,29739.2429906542,29739.2429906542,
CIMS.CAN.AT.Transportation Freight.Off Road,Service,AT,Transportation Freight,Off Road,Diesel Std,service_request,,,CIMS.CAN.AT.Fuel Blends.Diesel_Transportation,annual_tech,GJ,8.01848945929075,8.01848945929075,8.01848945929075,8.01848945929075,8.01848945929075,8.01848945929075,8.01848945929075,8.01848945929075,8.01848945929075,8.01848945929075,8.01848945929075,
CIMS.CAN.AT.Transportation Freight.Off Road,Service,AT,Transportation Freight,Off Road,Diesel Medium Efficiency,technology,,,,,,,,,,,,,,,,,
CIMS.CAN.AT.Transportation Freight.Off Road,Service,AT,Transportation Freight,Off Road,Diesel Medium Efficiency,available,,,,constant_tech,Year,2010,2010,2010,2010,2010,2010,2010,2010,2010,2010,2010,
CIMS.CAN.AT.Transportation Freight.Off Road,Service,AT,Transportation Freight,Off Road,Diesel Medium Efficiency,unavailable,,,,constant_tech,Year,2101,2101,2101,2101,2101,2101,2101,2101,2101,2101,2101,
CIMS.CAN.AT.Transportation Freight.Off Road,Service,AT,Transportation Freight,Off Road,Diesel Medium Efficiency,lifetime,,,,constant_tech,Years,16,16,16,16,16,16,16,16,16,16,16,
CIMS.CAN.AT.Transportation Freight.Off Road,Service,AT,Transportation Freight,Off Road,Diesel Medium Efficiency,market_share_total,,,,annual_tech,%,0,,,,,,,,,,,
CIMS.CAN.AT.Transportation Freight.Off Road,Service,AT,Transportation Freight,Off Road,Diesel Medium Efficiency,output,,,,constant_tech,node unit,20,20,20,20,20,20,20,20,20,20,20,
CIMS.CAN.AT.Transportation Freight.Off Road,Service,AT,Transportation Freight,Off Road,Diesel Medium Efficiency,fcc,,,,constant_tech,$,40174.0658266592,40174.0658266592,40174.0658266592,40174.0658266592,40174.0658266592,40174.0658266592,40174.0658266592,40174.0658266592,40174.0658266592,40174.0658266592,40174.0658266592,
CIMS.CAN.AT.Transportation Freight.Off Road,Service,AT,Transportation Freight,Off Road,Diesel Medium Efficiency,service_request,,,CIMS.CAN.AT.Fuel Blends.Diesel_Transportation,annual_tech,GJ,6.18401815410309,6.18401815410309,6.18401815410309,6.18401815410309,6.18401815410309,6.18401815410309,6.18401815410309,6.18401815410309,6.18401815410309,6.18401815410309,6.18401815410309,
CIMS.CAN.AT.Transportation Freight.Off Road,Service,AT,Transportation Freight,Off Road,Diesel High Efficiency,technology,,,,,,,,,,,,,,,,,
CIMS.CAN.AT.Transportation Freight.Off Road,Service,AT,Transportation Freight,Off Road,Diesel High Efficiency,available,,,,constant_tech,Year,2020,2020,2020,2020,2020,2020,2020,2020,2020,2020,2020,
CIMS.CAN.AT.Transportation Freight.Off Road,Service,AT,Transportation Freight,Off Road,Diesel High Efficiency,unavailable,,,,constant_tech,Year,2101,2101,2101,2101,2101,2101,2101,2101,2101,2101,2101,
CIMS.CAN.AT.Transportation Freight.Off Road,Service,AT,Transportation Freight,Off Road,Diesel High Efficiency,lifetime,,,,constant_tech,Years,16,16,16,16,16,16,16,16,16,16,16,
CIMS.CAN.AT.Transportation Freight.Off Road,Service,AT,Transportation Freight,Off Road,Diesel High Efficiency,market_share_total,,,,annual_tech,%,0,,,,,,,,,,,
CIMS.CAN.AT.Transportation Freight.Off Road,Service,AT,Transportation Freight,Off Road,Diesel High Efficiency,output,,,,constant_tech,node unit,20,20,20,20,20,20,20,20,20,20,20,
CIMS.CAN.AT.Transportation Freight.Off Road,Service,AT,Transportation Freight,Off Road,Diesel High Efficiency,fcc,,,,constant_tech,$,60539.2562237379,60539.2562237379,60539.2562237379,60539.2562237379,60539.2562237379,60539.2562237379,60539.2562237379,60539.2562237379,60539.2562237379,60539.2562237379,60539.2562237379,
CIMS.CAN.AT.Transportation Freight.Off Road,Service,AT,Transportation Freight,Off Road,Diesel High Efficiency,service_request,,,CIMS.CAN.AT.Fuel Blends.Diesel_Transportation,annual_tech,GJ,6.45,6.45,6.45,6.45,6.45,6.45,6.45,6.45,6.45,6.45,6.45,
CIMS.CAN.AT.Transportation Freight.Off Road,Service,AT,Transportation Freight,Off Road,Electric,technology,,,,,,,,,,,,,,,,,
CIMS.CAN.AT.Transportation Freight.Off Road,Service,AT,Transportation Freight,Off Road,Electric,available,,,,constant_tech,Year,2025,2025,2025,2025,2025,2025,2025,2025,2025,2025,2025,
CIMS.CAN.AT.Transportation Freight.Off Road,Service,AT,Transportation Freight,Off Road,Electric,unavailable,,,,constant_tech,Year,2101,2101,2101,2101,2101,2101,2101,2101,2101,2101,2101,
CIMS.CAN.AT.Transportation Freight.Off Road,Service,AT,Transportation Freight,Off Road,Electric,lifetime,,,,constant_tech,Years,16,16,16,16,16,16,16,16,16,16,16,
CIMS.CAN.AT.Transportation Freight.Off Road,Service,AT,Transportation Freight,Off Road,Electric,market_share_total,,,,annual_tech,%,0,,,,,,,,,,,
CIMS.CAN.AT.Transportation Freight.Off Road,Service,AT,Transportation Freight,Off Road,Electric,output,,,,constant_tech,node unit,20,20,20,20,20,20,20,20,20,20,20,
CIMS.CAN.AT.Transportation Freight.Off Road,Service,AT,Transportation Freight,Off Road,Electric,fcc,,,,constant_tech,$,149548.416766943,149548.416766943,149548.416766943,149548.416766943,149548.416766943,149548.416766943,149548.416766943,149548.416766943,149548.416766943,149548.416766943,149548.416766943,
CIMS.CAN.AT.Transportation Freight.Off Road,Service,AT,Transportation Freight,Off Road,Electric,service_request,,,CIMS.CAN.AT.Electricity,annual_tech,GJ,3.225,3.225,3.225,3.225,3.225,3.225,3.225,3.225,3.225,3.225,3.225,
CIMS.CAN.AT.Transportation Freight.EV Infrastructure,Service,AT,Transportation Freight,EV Infrastructure,,service_provide,,,,constant_tech,GJ,,,,,,,,,,,,
CIMS.CAN.AT.Transportation Freight.EV Infrastructure,Service,AT,Transportation Freight,EV Infrastructure,,competition,Fixed Ratio,,,,,,,,,,,,,,,,
CIMS.CAN.AT.Transportation Freight.EV Infrastructure,Service,AT,Transportation Freight,EV Infrastructure,,service_request,,,CIMS.CAN.AT.Transportation Freight.EV Infrastructure.Depot Stations,annual_tech,GJ,0.65,0.65,0.65,0.65,0.65,0.65,0.65,0.65,0.65,0.65,0.65,
CIMS.CAN.AT.Transportation Freight.EV Infrastructure,Service,AT,Transportation Freight,EV Infrastructure,,service_request,,,CIMS.CAN.AT.Transportation Freight.EV Infrastructure.Rapid Charging Stations,annual_tech,GJ,0.35,0.35,0.35,0.35,0.35,0.35,0.35,0.35,0.35,0.35,0.35,
CIMS.CAN.AT.Transportation Freight.EV Infrastructure.Depot Stations,Service,AT,Transportation Freight,Depot Stations,,service_provide,,,,constant_tech,GJ,,,,,,,,,,,,
CIMS.CAN.AT.Transportation Freight.EV Infrastructure.Depot Stations,Service,AT,Transportation Freight,Depot Stations,,competition,Tech Compete,,,,,,,,,,,,,,,,
CIMS.CAN.AT.Transportation Freight.EV Infrastructure.Depot Stations,Service,AT,Transportation Freight,Depot Stations,,discount_rate_financial,,,,constant_tech,%,0.25,0.25,0.25,0.25,0.25,0.25,0.25,0.25,0.25,0.25,0.25,
CIMS.CAN.AT.Transportation Freight.EV Infrastructure.Depot Stations,Service,AT,Transportation Freight,Depot Stations,,heterogeneity,,,,constant_tech,,15,15,15,15,15,15,15,15,15,15,15,
CIMS.CAN.AT.Transportation Freight.EV Infrastructure.Depot Stations,Service,AT,Transportation Freight,Depot Stations,Station,technology,,,,,,,,,,,,,,,,,
CIMS.CAN.AT.Transportation Freight.EV Infrastructure.Depot Stations,Service,AT,Transportation Freight,Depot Stations,Station,available,,,,constant_tech,Year,2020,2020,2020,2020,2020,2020,2020,2020,2020,2020,2020,
CIMS.CAN.AT.Transportation Freight.EV Infrastructure.Depot Stations,Service,AT,Transportation Freight,Depot Stations,Station,unavailable,,,,constant_tech,Year,2101,2101,2101,2101,2101,2101,2101,2101,2101,2101,2101,
CIMS.CAN.AT.Transportation Freight.EV Infrastructure.Depot Stations,Service,AT,Transportation Freight,Depot Stations,Station,lifetime,,,,constant_tech,Years,50,50,50,50,50,50,50,50,50,50,50,
CIMS.CAN.AT.Transportation Freight.EV Infrastructure.Depot Stations,Service,AT,Transportation Freight,Depot Stations,Station,market_share_total,,,,annual_tech,%,1,,,,,,,,,,,
CIMS.CAN.AT.Transportation Freight.EV Infrastructure.Depot Stations,Service,AT,Transportation Freight,Depot Stations,Station,output,,,,constant_tech,node unit,1767.2,1767.2,1767.2,1767.2,1767.2,1767.2,1767.2,1767.2,1767.2,1767.2,1767.2,
CIMS.CAN.AT.Transportation Freight.EV Infrastructure.Depot Stations,Service,AT,Transportation Freight,Depot Stations,Station,fcc,,,,constant_tech,$,76000,76000,76000,76000,76000,76000,76000,76000,76000,76000,76000,
CIMS.CAN.AT.Transportation Freight.EV Infrastructure.Depot Stations,Service,AT,Transportation Freight,Depot Stations,Station,fom,,,,constant_tech,$,458.41,458.41,458.41,458.41,458.41,458.41,458.41,458.41,458.41,458.41,458.41,
CIMS.CAN.AT.Transportation Freight.EV Infrastructure.Rapid Charging Stations,Service,AT,Transportation Freight,Rapid Charging Stations,,service_provide,,,,constant_tech,GJ,,,,,,,,,,,,
CIMS.CAN.AT.Transportation Freight.EV Infrastructure.Rapid Charging Stations,Service,AT,Transportation Freight,Rapid Charging Stations,,competition,Tech Compete,,,,,,,,,,,,,,,,
CIMS.CAN.AT.Transportation Freight.EV Infrastructure.Rapid Charging Stations,Service,AT,Transportation Freight,Rapid Charging Stations,,discount_rate_financial,,,,constant_tech,%,0.25,0.25,0.25,0.25,0.25,0.25,0.25,0.25,0.25,0.25,0.25,
CIMS.CAN.AT.Transportation Freight.EV Infrastructure.Rapid Charging Stations,Service,AT,Transportation Freight,Rapid Charging Stations,,heterogeneity,,,,constant_tech,,15,15,15,15,15,15,15,15,15,15,15,
CIMS.CAN.AT.Transportation Freight.EV Infrastructure.Rapid Charging Stations,Service,AT,Transportation Freight,Rapid Charging Stations,Station,technology,,,,,,,,,,,,,,,,,
CIMS.CAN.AT.Transportation Freight.EV Infrastructure.Rapid Charging Stations,Service,AT,Transportation Freight,Rapid Charging Stations,Station,available,,,,constant_tech,Year,2020,2020,2020,2020,2020,2020,2020,2020,2020,2020,2020,
CIMS.CAN.AT.Transportation Freight.EV Infrastructure.Rapid Charging Stations,Service,AT,Transportation Freight,Rapid Charging Stations,Station,unavailable,,,,constant_tech,Year,2101,2101,2101,2101,2101,2101,2101,2101,2101,2101,2101,
CIMS.CAN.AT.Transportation Freight.EV Infrastructure.Rapid Charging Stations,Service,AT,Transportation Freight,Rapid Charging Stations,Station,lifetime,,,,constant_tech,Years,50,50,50,50,50,50,50,50,50,50,50,
CIMS.CAN.AT.Transportation Freight.EV Infrastructure.Rapid Charging Stations,Service,AT,Transportation Freight,Rapid Charging Stations,Station,market_share_total,,,,annual_tech,%,1,,,,,,,,,,,
CIMS.CAN.AT.Transportation Freight.EV Infrastructure.Rapid Charging Stations,Service,AT,Transportation Freight,Rapid Charging Stations,Station,output,,,,constant_tech,node unit,8205,8205,8205,8205,8205,8205,8205,8205,8205,8205,8205,
CIMS.CAN.AT.Transportation Freight.EV Infrastructure.Rapid Charging Stations,Service,AT,Transportation Freight,Rapid Charging Stations,Station,fcc,,,,constant_tech,$,310000,310000,310000,310000,310000,310000,310000,310000,310000,310000,310000,
CIMS.CAN.AT.Transportation Freight.EV Infrastructure.Rapid Charging Stations,Service,AT,Transportation Freight,Rapid Charging Stations,Station,fom,,,,constant_tech,$,9509,9509,9509,9509,9509,9509,9509,9509,9509,9509,9509,
CIMS.CAN.AT.Transportation Freight.FCEV Infrastructure,Service,AT,Transportation Freight,FCEV Infrastructure,,service_provide,,,,constant_tech,GJ,,,,,,,,,,,,
CIMS.CAN.AT.Transportation Freight.FCEV Infrastructure,Service,AT,Transportation Freight,FCEV Infrastructure,,competition,Tech Compete,,,,,,,,,,,,,,,,
CIMS.CAN.AT.Transportation Freight.FCEV Infrastructure,Service,AT,Transportation Freight,FCEV Infrastructure,,discount_rate_financial,,,,constant_tech,%,0.25,0.25,0.25,0.25,0.25,0.25,0.25,0.25,0.25,0.25,0.25,
CIMS.CAN.AT.Transportation Freight.FCEV Infrastructure,Service,AT,Transportation Freight,FCEV Infrastructure,,heterogeneity,,,,constant_tech,,15,15,15,15,15,15,15,15,15,15,15,
CIMS.CAN.AT.Transportation Freight.FCEV Infrastructure,Service,AT,Transportation Freight,FCEV Infrastructure,Low Capacity Station,technology,,,,,,,,,,,,,,,,,
CIMS.CAN.AT.Transportation Freight.FCEV Infrastructure,Service,AT,Transportation Freight,FCEV Infrastructure,Low Capacity Station,available,,,,constant_tech,Year,2020,2020,2020,2020,2020,2020,2020,2020,2020,2020,2020,
CIMS.CAN.AT.Transportation Freight.FCEV Infrastructure,Service,AT,Transportation Freight,FCEV Infrastructure,Low Capacity Station,unavailable,,,,constant_tech,Year,2101,2101,2101,2101,2101,2101,2101,2101,2101,2101,2101,
CIMS.CAN.AT.Transportation Freight.FCEV Infrastructure,Service,AT,Transportation Freight,FCEV Infrastructure,Low Capacity Station,lifetime,,,,constant_tech,Years,50,50,50,50,50,50,50,50,50,50,50,
CIMS.CAN.AT.Transportation Freight.FCEV Infrastructure,Service,AT,Transportation Freight,FCEV Infrastructure,Low Capacity Station,market_share_total,,,,annual_tech,%,1,,,,,,,,,,,
CIMS.CAN.AT.Transportation Freight.FCEV Infrastructure,Service,AT,Transportation Freight,FCEV Infrastructure,Low Capacity Station,output,,,,constant_tech,node unit,20146,20146,20146,20146,20146,20146,20146,20146,20146,20146,20146,
CIMS.CAN.AT.Transportation Freight.FCEV Infrastructure,Service,AT,Transportation Freight,FCEV Infrastructure,Low Capacity Station,fcc,,,,constant_tech,$,639992,639992,639992,639992,639992,639992,639992,639992,639992,639992,639992,
CIMS.CAN.AT.Transportation Freight.FCEV Infrastructure,Service,AT,Transportation Freight,FCEV Infrastructure,Low Capacity Station,fom,,,,constant_tech,$,48365,48365,48365,48365,48365,48365,48365,48365,48365,48365,48365,
CIMS.CAN.AT.Transportation Freight.FCEV Infrastructure,Service,AT,Transportation Freight,FCEV Infrastructure,High Capacity Station,technology,,,,,,,,,,,,,,,,,
CIMS.CAN.AT.Transportation Freight.FCEV Infrastructure,Service,AT,Transportation Freight,FCEV Infrastructure,High Capacity Station,available,,,,constant_tech,Year,2025,2025,2025,2025,2025,2025,2025,2025,2025,2025,2025,
CIMS.CAN.AT.Transportation Freight.FCEV Infrastructure,Service,AT,Transportation Freight,FCEV Infrastructure,High Capacity Station,unavailable,,,,constant_tech,Year,2101,2101,2101,2101,2101,2101,2101,2101,2101,2101,2101,
CIMS.CAN.AT.Transportation Freight.FCEV Infrastructure,Service,AT,Transportation Freight,FCEV Infrastructure,High Capacity Station,lifetime,,,,constant_tech,Years,50,50,50,50,50,50,50,50,50,50,50,
CIMS.CAN.AT.Transportation Freight.FCEV Infrastructure,Service,AT,Transportation Freight,FCEV Infrastructure,High Capacity Station,market_share_total,,,,annual_tech,%,0,,,,,,,,,,,
CIMS.CAN.AT.Transportation Freight.FCEV Infrastructure,Service,AT,Transportation Freight,FCEV Infrastructure,High Capacity Station,output,,,,constant_tech,node unit,53016,53016,53016,53016,53016,53016,53016,53016,53016,53016,53016,
CIMS.CAN.AT.Transportation Freight.FCEV Infrastructure,Service,AT,Transportation Freight,FCEV Infrastructure,High Capacity Station,fcc,,,,constant_tech,$,2179309,2179309,2179309,2179309,2179309,2179309,2179309,2179309,2179309,2179309,2179309,
CIMS.CAN.AT.Transportation Freight.FCEV Infrastructure,Service,AT,Transportation Freight,FCEV Infrastructure,High Capacity Station,fom,,,,constant_tech,$,67711,67711,67711,67711,67711,67711,67711,67711,67711,67711,67711,
CIMS.CAN.AT.Transportation Freight.Catenary Infrastructure,Service,AT,Transportation Freight,Catenary Infrastructure,,service_provide,,,,constant_tech,GJ,,,,,,,,,,,,
CIMS.CAN.AT.Transportation Freight.Catenary Infrastructure,Service,AT,Transportation Freight,Catenary Infrastructure,,competition,Tech Compete,,,,,,,,,,,,,,,,
CIMS.CAN.AT.Transportation Freight.Catenary Infrastructure,Service,AT,Transportation Freight,Catenary Infrastructure,,discount_rate_financial,,,,constant_tech,%,0.25,0.25,0.25,0.25,0.25,0.25,0.25,0.25,0.25,0.25,0.25,
CIMS.CAN.AT.Transportation Freight.Catenary Infrastructure,Service,AT,Transportation Freight,Catenary Infrastructure,,heterogeneity,,,,constant_tech,,15,15,15,15,15,15,15,15,15,15,15,
CIMS.CAN.AT.Transportation Freight.Catenary Infrastructure,Service,AT,Transportation Freight,Catenary Infrastructure,Catenary Road,technology,,,,,,,,,,,,,,,,,
CIMS.CAN.AT.Transportation Freight.Catenary Infrastructure,Service,AT,Transportation Freight,Catenary Infrastructure,Catenary Road,available,,,,constant_tech,Year,2030,2030,2030,2030,2030,2030,2030,2030,2030,2030,2030,
CIMS.CAN.AT.Transportation Freight.Catenary Infrastructure,Service,AT,Transportation Freight,Catenary Infrastructure,Catenary Road,unavailable,,,,constant_tech,Year,2101,2101,2101,2101,2101,2101,2101,2101,2101,2101,2101,
CIMS.CAN.AT.Transportation Freight.Catenary Infrastructure,Service,AT,Transportation Freight,Catenary Infrastructure,Catenary Road,lifetime,,,,constant_tech,Years,50,50,50,50,50,50,50,50,50,50,50,
CIMS.CAN.AT.Transportation Freight.Catenary Infrastructure,Service,AT,Transportation Freight,Catenary Infrastructure,Catenary Road,market_share_total,,,,annual_tech,%,1,,,,,,,,,,,
CIMS.CAN.AT.Transportation Freight.Catenary Infrastructure,Service,AT,Transportation Freight,Catenary Infrastructure,Catenary Road,output,,,,constant_tech,node unit,1241974.5,1241974.5,1241974.5,1241974.5,1241974.5,1241974.5,1241974.5,1241974.5,1241974.5,1241974.5,1241974.5,
CIMS.CAN.AT.Transportation Freight.Catenary Infrastructure,Service,AT,Transportation Freight,Catenary Infrastructure,Catenary Road,fcc,,,,constant_tech,$,1365470000,1365470000,1365470000,1365470000,1365470000,1365470000,1365470000,1365470000,1365470000,1365470000,1365470000,
CIMS.CAN.AT.Transportation Freight.Catenary Infrastructure,Service,AT,Transportation Freight,Catenary Infrastructure,Catenary Road,fom,,,,constant_tech,$,281751,281751,281751,281751,281751,281751,281751,281751,281751,281751,281751,
