,<-- Navigate by typing to search,,,,,,,,,,,,,,,,,,,,,,
Branch,Type,Region,Sector,Service,Technology,Parameter,Context,Sub_Context,Target,Source,Unit,2000,2005,2010,2015,2020,2025,2030,2035,2040,2045,2050,Comments
CIMS.CAN.AB,Region,AB,Transportation Freight,,,service_request,,,CIMS.CAN.AB.Transportation Freight,annual_region,k*tkm,133234566.469171,205109426.407612,184990462.713328,229876190.71346,176424980.719734,188726609.229022,189926696.59053,191338757.479807,192972954.990041,194840241.375618,196952417.169866,
CIMS.CAN.AB.Transportation Freight,Sector,AB,Transportation Freight,,,service_provide,,,,constant_tech,k*tkm,,,,,,,,,,,,
CIMS.CAN.AB.Transportation Freight,Sector,AB,Transportation Freight,,,competition,Sector,,,,,,,,,,,,,,,,
CIMS.CAN.AB.Transportation Freight,Sector,AB,Transportation Freight,,,multiplier_price,,,CIMS.CAN.AB.Biodiesel,AFDC 2023,,1,1,1,1,1,1,1,1,1,1,1,
CIMS.CAN.AB.Transportation Freight,Sector,AB,Transportation Freight,,,multiplier_price,,,CIMS.Generic Fuels.Biogas,JCIMS,,1,1,1,1,1,1,1,1,1,1,1,
CIMS.CAN.AB.Transportation Freight,Sector,AB,Transportation Freight,,,multiplier_price,,,CIMS.Generic Fuels.Black Liquor,JCIMS,,1,1,1,1,1,1,1,1,1,1,1,
CIMS.CAN.AB.Transportation Freight,Sector,AB,Transportation Freight,,,multiplier_price,,,CIMS.Generic Fuels.Coal,JCIMS,,1,1,1,1,1,1,1,1,1,1,1,
CIMS.CAN.AB.Transportation Freight,Sector,AB,Transportation Freight,,,multiplier_price,,,CIMS.Generic Fuels.Coke,JCIMS,,1,1,1,1,1,1,1,1,1,1,1,
CIMS.CAN.AB.Transportation Freight,Sector,AB,Transportation Freight,,,multiplier_price,,,CIMS.Generic Fuels.Diesel,CER,,0.91780477292288,0.92629552696557,0.92712674950794,0.93682619329419,0.95341360876012,0.94605036477482,0.95081347826665,0.95445413098459,0.95455672065457,0.9540412492669,0.95404033362773,
CIMS.CAN.AB.Transportation Freight,Sector,AB,Transportation Freight,,,multiplier_price,,,CIMS.CAN.AB.Electricity,CER,,1.7,1.7,1.7,1.7,1.7,1.7,1.7,1.7,1.7,1.7,1.7,
CIMS.CAN.AB.Transportation Freight,Sector,AB,Transportation Freight,,,multiplier_price,,,CIMS.CAN.AB.Ethanol,AFDC 2023,,1,1,1,1,1,1,1,1,1,1,1,
CIMS.CAN.AB.Transportation Freight,Sector,AB,Transportation Freight,,,multiplier_price,,,CIMS.Generic Fuels.Fuel Oil,JCIMS,,0.31669634528007,0.39209782987385,0.55561371601799,0.5957740057969,0.65426588139305,0.70274966458572,0.73714836145323,0.78214438279378,0.81462668195303,0.8196261958856,0.82950842623424,
CIMS.CAN.AB.Transportation Freight,Sector,AB,Transportation Freight,,,multiplier_price,,,CIMS.Generic Fuels.Gasoline,CER,,0.92208466955348,0.93644106050124,0.91825365138428,0.89565989194186,0.92814240120097,0.94077579197811,0.94306907120644,0.94695352354132,0.94890454159674,0.95033232364924,0.95148877564184,
CIMS.CAN.AB.Transportation Freight,Sector,AB,Transportation Freight,,,multiplier_price,,,CIMS.CAN.AB.Hydrogen,JCIMS,,1,1,1,1,1,1,1,1,1,1,1,
CIMS.CAN.AB.Transportation Freight,Sector,AB,Transportation Freight,,,multiplier_price,,,CIMS.Generic Fuels.Jet Fuel,JCIMS,,0.91531711274682,0.98252734863588,1.0638828666402,1.08614554798963,1.09405969984315,1.10060375558273,1.10539762305172,1.11056434563501,1.10897295661236,1.10897295661236,1.10897295661236,
CIMS.CAN.AB.Transportation Freight,Sector,AB,Transportation Freight,,,multiplier_price,,,CIMS.Generic Fuels.LPG,JCIMS,,1,1,1,1,1,1,1,1,1,1,1,
CIMS.CAN.AB.Transportation Freight,Sector,AB,Transportation Freight,,,multiplier_price,,,CIMS.Generic Fuels.Natural Gas,AFDC 2023,,0.93491761471353,1.45639565493712,3.73391059028097,7.37940144854917,7.12151311888982,9.59389316231547,9.59389316231547,9.59389316231547,9.59389316231547,9.59389316231547,9.59389316231547,
CIMS.CAN.AB.Transportation Freight,Sector,AB,Transportation Freight,,,multiplier_price,,,CIMS.Generic Fuels.Petroleum Coke,JCIMS,,1,1,1,1,1,1,1,1,1,1,1,
CIMS.CAN.AB.Transportation Freight,Sector,AB,Transportation Freight,,,multiplier_price,,,CIMS.Generic Fuels.Propane,JCIMS,,1,1,1,1,1,1,1,1,1,1,1,
CIMS.CAN.AB.Transportation Freight,Sector,AB,Transportation Freight,,,multiplier_price,,,CIMS.Generic Fuels.Refinery Fuel Gas,JCIMS,,1,1,1,1,1,1,1,1,1,1,1,
CIMS.CAN.AB.Transportation Freight,Sector,AB,Transportation Freight,,,multiplier_price,,,CIMS.Generic Fuels.Solid Biomass,JCIMS,,1,1,1,1,1,1,1,1,1,1,1,
CIMS.CAN.AB.Transportation Freight,Sector,AB,Transportation Freight,,,multiplier_price,,,CIMS.Generic Fuels.Uranium,JCIMS,,1,1,1,1,1,1,1,1,1,1,1,
CIMS.CAN.AB.Transportation Freight,Sector,AB,Transportation Freight,,,multiplier_price,,,CIMS.Generic Fuels.Waste Fuel,JCIMS,,1,1,1,1,1,1,1,1,1,1,1,
CIMS.CAN.AB.Transportation Freight,Sector,AB,Transportation Freight,,,service_request,,,CIMS.CAN.AB.Transportation Freight.Freight,annual_tech,k*tkm,1,1,1,1,1,1,1,1,1,1,1,
CIMS.CAN.AB.Transportation Freight,Sector,AB,Transportation Freight,,,service_request,,,CIMS.CAN.AB.Transportation Freight.Off Road,annual_region,k*tkm,0.01856251691694,0.01241204926645,0.01197072236423,0.01190760296359,0.01499296863973,0.01472886981836,0.01492457773839,0.01510673544899,0.01527434628335,0.01542644754471,0.01556212060252,
CIMS.CAN.AB.Transportation Freight.Freight,Service,AB,Transportation Freight,Freight,,service_provide,,,,constant_tech,k*tkm,,,,,,,,,,,,
CIMS.CAN.AB.Transportation Freight.Freight,Service,AB,Transportation Freight,Freight,,competition,Fixed Ratio,,,,,,,,,,,,,,,,
CIMS.CAN.AB.Transportation Freight.Freight,Service,AB,Transportation Freight,Freight,,service_request,,,CIMS.CAN.AB.Transportation Freight.Freight.Land,annual_region,k*tkm,0.99850879715342,0.99915823905158,0.99891850326822,0.99903827456505,0.99914908380975,0.99888574094195,0.99885830466409,0.99883144213422,0.99880525930645,0.99877986362221,0.9987553631634,
CIMS.CAN.AB.Transportation Freight.Freight,Service,AB,Transportation Freight,Freight,,service_request,,,CIMS.CAN.AB.Transportation Freight.Freight.Marine,annual_region,k*tkm,0,0,0.00000305377761,0,0,0,0,0,0,0,0,
CIMS.CAN.AB.Transportation Freight.Freight,Service,AB,Transportation Freight,Freight,,service_request,,,CIMS.CAN.AB.Transportation Freight.Freight.Air,annual_region,k*tkm,0.00149120284658,0.00084176094842,0.00107844295417,0.00096172543495,0.00085091619025,0.00111425905805,0.00114169533591,0.00116855786578,0.00119474069355,0.00122013637779,0.0012446368366,
CIMS.CAN.AB.Transportation Freight.Freight.Land,Service,AB,Transportation Freight,Land,,service_provide,,,,constant_tech,k*tkm,,,,,,,,,,,,
CIMS.CAN.AB.Transportation Freight.Freight.Land,Service,AB,Transportation Freight,Land,,competition,Fixed Ratio,,,,,,,,,,,,,,,,
CIMS.CAN.AB.Transportation Freight.Freight.Land,Service,AB,Transportation Freight,Land,,service_request,,,CIMS.CAN.AB.Transportation Freight.Freight.Land.Light Medium,annual_region,k*tkm,0.04880110610092,0.05197318720719,0.09517268814205,0.08415394761274,0.09505170489978,0.10336122210016,0.11049955040672,0.11801615447592,0.12591791507948,0.13421037808815,0.14289762018633,
CIMS.CAN.AB.Transportation Freight.Freight.Land,Service,AB,Transportation Freight,Land,,service_request,,,CIMS.CAN.AB.Transportation Freight.Freight.Land.Heavy,annual_region,k*tkm,0.95119889389908,0.94802681279281,0.90482731185795,0.91584605238726,0.90494829510022,0.89663877789984,0.88950044959328,0.88198384552408,0.87408208492052,0.86578962191185,0.85710237981367,
CIMS.CAN.AB.Transportation Freight.Freight.Land.Light Medium,Service,AB,Transportation Freight,Light Medium,,service_provide,,,,constant_tech,k*tkm,,,,,,,,,,,,
CIMS.CAN.AB.Transportation Freight.Freight.Land.Light Medium,Service,AB,Transportation Freight,Light Medium,,competition,Tech Compete,,,,,,,,,,,,,,,,
CIMS.CAN.AB.Transportation Freight.Freight.Land.Light Medium,Service,AB,Transportation Freight,Light Medium,,discount_rate_financial,,,,constant_tech,%,0.25,0.25,0.25,0.25,0.25,0.25,0.25,0.25,0.25,0.25,0.25,
CIMS.CAN.AB.Transportation Freight.Freight.Land.Light Medium,Service,AB,Transportation Freight,Light Medium,,discount_rate_retrofit,,,,constant_tech,%,0.65,0.65,0.65,0.65,0.65,0.65,0.65,0.65,0.65,0.65,0.65,
CIMS.CAN.AB.Transportation Freight.Freight.Land.Light Medium,Service,AB,Transportation Freight,Light Medium,,heterogeneity,,,,constant_tech,,15,15,15,15,15,15,15,15,15,15,15,
CIMS.CAN.AB.Transportation Freight.Freight.Land.Light Medium,Service,AB,Transportation Freight,Light Medium,Diesel Existing,technology,,,,,,,,,,,,,,,,,
CIMS.CAN.AB.Transportation Freight.Freight.Land.Light Medium,Service,AB,Transportation Freight,Light Medium,Diesel Existing,available,,,,constant_tech,Year,1950,1950,1950,1950,1950,1950,1950,1950,1950,1950,1950,
CIMS.CAN.AB.Transportation Freight.Freight.Land.Light Medium,Service,AB,Transportation Freight,Light Medium,Diesel Existing,unavailable,,,,constant_tech,Year,2001,2001,2001,2001,2001,2001,2001,2001,2001,2001,2001,
CIMS.CAN.AB.Transportation Freight.Freight.Land.Light Medium,Service,AB,Transportation Freight,Light Medium,Diesel Existing,lifetime,,,,constant_tech,Years,16,16,16,16,16,16,16,16,16,16,16,
CIMS.CAN.AB.Transportation Freight.Freight.Land.Light Medium,Service,AB,Transportation Freight,Light Medium,Diesel Existing,market_share_total,,,,annual_region_tech,%,0.1543659933233,,,,,,,,,,,
CIMS.CAN.AB.Transportation Freight.Freight.Land.Light Medium,Service,AB,Transportation Freight,Light Medium,Diesel Existing,output,,,,annual_region,node unit,15.056385618452,15.056385618452,15.056385618452,15.056385618452,15.056385618452,15.056385618452,15.056385618452,15.056385618452,15.056385618452,15.056385618452,15.056385618452,TODO: Update with avg tkm from Freight calcs
CIMS.CAN.AB.Transportation Freight.Freight.Land.Light Medium,Service,AB,Transportation Freight,Light Medium,Diesel Existing,fcc,,,,constant_tech,$,86358,86358,86358,86358,86358,86358,86358,86358,86358,86358,86358,
CIMS.CAN.AB.Transportation Freight.Freight.Land.Light Medium,Service,AB,Transportation Freight,Light Medium,Diesel Existing,fom,,,,constant_tech,$,8450,8450,8450,8450,8450,8450,8450,8450,8450,8450,8450,
CIMS.CAN.AB.Transportation Freight.Freight.Land.Light Medium,Service,AB,Transportation Freight,Light Medium,Diesel Existing,service_request,,,CIMS.CAN.AB.Fuel Blends.Diesel_Transportation,annual_tech,GJ,8.01848945929075,8.01848945929075,8.01848945929075,8.01848945929075,8.01848945929075,8.01848945929075,8.01848945929075,8.01848945929075,8.01848945929075,8.01848945929075,8.01848945929075,
CIMS.CAN.AB.Transportation Freight.Freight.Land.Light Medium,Service,AB,Transportation Freight,Light Medium,Diesel Standard,technology,,,,,,,,,,,,,,,,,
CIMS.CAN.AB.Transportation Freight.Freight.Land.Light Medium,Service,AB,Transportation Freight,Light Medium,Diesel Standard,available,,,,constant_tech,Year,2000,2000,2000,2000,2000,2000,2000,2000,2000,2000,2000,
CIMS.CAN.AB.Transportation Freight.Freight.Land.Light Medium,Service,AB,Transportation Freight,Light Medium,Diesel Standard,unavailable,,,,constant_tech,Year,2101,2101,2101,2101,2101,2101,2101,2101,2101,2101,2101,
CIMS.CAN.AB.Transportation Freight.Freight.Land.Light Medium,Service,AB,Transportation Freight,Light Medium,Diesel Standard,lifetime,,,,constant_tech,Years,16,16,16,16,16,16,16,16,16,16,16,
CIMS.CAN.AB.Transportation Freight.Freight.Land.Light Medium,Service,AB,Transportation Freight,Light Medium,Diesel Standard,market_share_total,,,,annual_tech,%,0,,,,,,,,,,,
CIMS.CAN.AB.Transportation Freight.Freight.Land.Light Medium,Service,AB,Transportation Freight,Light Medium,Diesel Standard,output,,,,annual_region,node unit,15.056385618452,15.056385618452,15.056385618452,15.056385618452,15.056385618452,15.056385618452,15.056385618452,15.056385618452,15.056385618452,15.056385618452,15.056385618452,
CIMS.CAN.AB.Transportation Freight.Freight.Land.Light Medium,Service,AB,Transportation Freight,Light Medium,Diesel Standard,fcc,,,,constant_tech,$,86358,86358,86358,86358,86358,86358,86358,86358,86358,86358,86358,
CIMS.CAN.AB.Transportation Freight.Freight.Land.Light Medium,Service,AB,Transportation Freight,Light Medium,Diesel Standard,fom,,,,constant_tech,$,8450,8450,8450,8450,8450,8450,8450,8450,8450,8450,8450,
CIMS.CAN.AB.Transportation Freight.Freight.Land.Light Medium,Service,AB,Transportation Freight,Light Medium,Diesel Standard,service_request,,,CIMS.CAN.AB.Fuel Blends.Diesel_Transportation,annual_tech,GJ,6.18401815410309,6.18401815410309,6.18401815410309,6.18401815410309,6.18401815410309,6.18401815410309,6.18401815410309,6.18401815410309,6.18401815410309,6.18401815410309,6.18401815410309,
CIMS.CAN.AB.Transportation Freight.Freight.Land.Light Medium,Service,AB,Transportation Freight,Light Medium,Diesel Efficient,technology,,,,,,,,,,,,,,,,,
CIMS.CAN.AB.Transportation Freight.Freight.Land.Light Medium,Service,AB,Transportation Freight,Light Medium,Diesel Efficient,available,,,,constant_tech,Year,2020,2020,2020,2020,2020,2020,2020,2020,2020,2020,2020,
CIMS.CAN.AB.Transportation Freight.Freight.Land.Light Medium,Service,AB,Transportation Freight,Light Medium,Diesel Efficient,unavailable,,,,constant_tech,Year,2101,2101,2101,2101,2101,2101,2101,2101,2101,2101,2101,
CIMS.CAN.AB.Transportation Freight.Freight.Land.Light Medium,Service,AB,Transportation Freight,Light Medium,Diesel Efficient,lifetime,,,,constant_tech,Years,16,16,16,16,16,16,16,16,16,16,16,
CIMS.CAN.AB.Transportation Freight.Freight.Land.Light Medium,Service,AB,Transportation Freight,Light Medium,Diesel Efficient,market_share_total,,,,annual_tech,%,0,,,,,,,,,,,
CIMS.CAN.AB.Transportation Freight.Freight.Land.Light Medium,Service,AB,Transportation Freight,Light Medium,Diesel Efficient,output,,,,annual_region,node unit,15.056385618452,15.056385618452,15.056385618452,15.056385618452,15.056385618452,15.056385618452,15.056385618452,15.056385618452,15.056385618452,15.056385618452,15.056385618452,
CIMS.CAN.AB.Transportation Freight.Freight.Land.Light Medium,Service,AB,Transportation Freight,Light Medium,Diesel Efficient,fcc,,,,constant_tech,$,158824.425,158824.425,158824.425,158824.425,158824.425,158824.425,158824.425,158824.425,158824.425,158824.425,158824.425,
CIMS.CAN.AB.Transportation Freight.Freight.Land.Light Medium,Service,AB,Transportation Freight,Light Medium,Diesel Efficient,fom,,,,constant_tech,$,8450,8450,8450,8450,8450,8450,8450,8450,8450,8450,8450,
CIMS.CAN.AB.Transportation Freight.Freight.Land.Light Medium,Service,AB,Transportation Freight,Light Medium,Diesel Efficient,service_request,,,CIMS.CAN.AB.Fuel Blends.Diesel_Transportation,annual_tech,GJ,6.45,6.45,6.45,6.45,6.45,6.45,6.45,6.45,6.45,6.45,6.45,
CIMS.CAN.AB.Transportation Freight.Freight.Land.Light Medium,Service,AB,Transportation Freight,Light Medium,Gasoline Existing,technology,,,,,,,,,,,,,,,,,
CIMS.CAN.AB.Transportation Freight.Freight.Land.Light Medium,Service,AB,Transportation Freight,Light Medium,Gasoline Existing,available,,,,constant_tech,Year,1950,1950,1950,1950,1950,1950,1950,1950,1950,1950,1950,
CIMS.CAN.AB.Transportation Freight.Freight.Land.Light Medium,Service,AB,Transportation Freight,Light Medium,Gasoline Existing,unavailable,,,,constant_tech,Year,2101,2101,2101,2101,2101,2101,2101,2101,2101,2101,2101,
CIMS.CAN.AB.Transportation Freight.Freight.Land.Light Medium,Service,AB,Transportation Freight,Light Medium,Gasoline Existing,lifetime,,,,constant_tech,Years,16,16,16,16,16,16,16,16,16,16,16,
CIMS.CAN.AB.Transportation Freight.Freight.Land.Light Medium,Service,AB,Transportation Freight,Light Medium,Gasoline Existing,market_share_total,,,,annual_region_tech,%,0.80222480220599,,,,,,,,,,,
CIMS.CAN.AB.Transportation Freight.Freight.Land.Light Medium,Service,AB,Transportation Freight,Light Medium,Gasoline Existing,output,,,,annual_region,node unit,15.056385618452,15.056385618452,15.056385618452,15.056385618452,15.056385618452,15.056385618452,15.056385618452,15.056385618452,15.056385618452,15.056385618452,15.056385618452,
CIMS.CAN.AB.Transportation Freight.Freight.Land.Light Medium,Service,AB,Transportation Freight,Light Medium,Gasoline Existing,fcc,,,,constant_tech,$,51814.8,51814.8,51814.8,51814.8,51814.8,51814.8,51814.8,51814.8,51814.8,51814.8,51814.8,
CIMS.CAN.AB.Transportation Freight.Freight.Land.Light Medium,Service,AB,Transportation Freight,Light Medium,Gasoline Existing,fom,,,,constant_tech,$,8450,8450,8450,8450,8450,8450,8450,8450,8450,8450,8450,
CIMS.CAN.AB.Transportation Freight.Freight.Land.Light Medium,Service,AB,Transportation Freight,Light Medium,Gasoline Existing,service_request,,,CIMS.CAN.AB.Fuel Blends.Gasoline_Transportation,annual_tech,GJ,8.01848945929075,8.01848945929075,8.01848945929075,8.01848945929075,8.01848945929075,8.01848945929075,8.01848945929075,8.01848945929075,8.01848945929075,8.01848945929075,8.01848945929075,
CIMS.CAN.AB.Transportation Freight.Freight.Land.Light Medium,Service,AB,Transportation Freight,Light Medium,Gasoline Standard,technology,,,,,,,,,,,,,,,,,
CIMS.CAN.AB.Transportation Freight.Freight.Land.Light Medium,Service,AB,Transportation Freight,Light Medium,Gasoline Standard,available,,,,constant_tech,Year,2000,2000,2000,2000,2000,2000,2000,2000,2000,2000,2000,
CIMS.CAN.AB.Transportation Freight.Freight.Land.Light Medium,Service,AB,Transportation Freight,Light Medium,Gasoline Standard,unavailable,,,,constant_tech,Year,2101,2101,2101,2101,2101,2101,2101,2101,2101,2101,2101,
CIMS.CAN.AB.Transportation Freight.Freight.Land.Light Medium,Service,AB,Transportation Freight,Light Medium,Gasoline Standard,lifetime,,,,constant_tech,Years,16,16,16,16,16,16,16,16,16,16,16,
CIMS.CAN.AB.Transportation Freight.Freight.Land.Light Medium,Service,AB,Transportation Freight,Light Medium,Gasoline Standard,market_share_total,,,,annual_tech,%,0,,,,,,,,,,,
CIMS.CAN.AB.Transportation Freight.Freight.Land.Light Medium,Service,AB,Transportation Freight,Light Medium,Gasoline Standard,output,,,,annual_region,node unit,15.056385618452,15.056385618452,15.056385618452,15.056385618452,15.056385618452,15.056385618452,15.056385618452,15.056385618452,15.056385618452,15.056385618452,15.056385618452,
CIMS.CAN.AB.Transportation Freight.Freight.Land.Light Medium,Service,AB,Transportation Freight,Light Medium,Gasoline Standard,fcc,,,,constant_tech,$,51814.8,51814.8,51814.8,51814.8,51814.8,51814.8,51814.8,51814.8,51814.8,51814.8,51814.8,
CIMS.CAN.AB.Transportation Freight.Freight.Land.Light Medium,Service,AB,Transportation Freight,Light Medium,Gasoline Standard,fom,,,,constant_tech,$,8450,8450,8450,8450,8450,8450,8450,8450,8450,8450,8450,
CIMS.CAN.AB.Transportation Freight.Freight.Land.Light Medium,Service,AB,Transportation Freight,Light Medium,Gasoline Standard,service_request,,,CIMS.CAN.AB.Fuel Blends.Gasoline_Transportation,annual_tech,GJ,6.18401815410309,6.18401815410309,6.18401815410309,6.18401815410309,6.18401815410309,6.18401815410309,6.18401815410309,6.18401815410309,6.18401815410309,6.18401815410309,6.18401815410309,
CIMS.CAN.AB.Transportation Freight.Freight.Land.Light Medium,Service,AB,Transportation Freight,Light Medium,Gasoline Efficient,technology,,,,,,,,,,,,,,,,,
CIMS.CAN.AB.Transportation Freight.Freight.Land.Light Medium,Service,AB,Transportation Freight,Light Medium,Gasoline Efficient,available,,,,constant_tech,Year,2020,2020,2020,2020,2020,2020,2020,2020,2020,2020,2020,
CIMS.CAN.AB.Transportation Freight.Freight.Land.Light Medium,Service,AB,Transportation Freight,Light Medium,Gasoline Efficient,unavailable,,,,constant_tech,Year,2101,2101,2101,2101,2101,2101,2101,2101,2101,2101,2101,
CIMS.CAN.AB.Transportation Freight.Freight.Land.Light Medium,Service,AB,Transportation Freight,Light Medium,Gasoline Efficient,lifetime,,,,constant_tech,Years,16,16,16,16,16,16,16,16,16,16,16,
CIMS.CAN.AB.Transportation Freight.Freight.Land.Light Medium,Service,AB,Transportation Freight,Light Medium,Gasoline Efficient,market_share_total,,,,annual_tech,%,0,,,,,,,,,,,
CIMS.CAN.AB.Transportation Freight.Freight.Land.Light Medium,Service,AB,Transportation Freight,Light Medium,Gasoline Efficient,output,,,,annual_region,node unit,15.056385618452,15.056385618452,15.056385618452,15.056385618452,15.056385618452,15.056385618452,15.056385618452,15.056385618452,15.056385618452,15.056385618452,15.056385618452,
CIMS.CAN.AB.Transportation Freight.Freight.Land.Light Medium,Service,AB,Transportation Freight,Light Medium,Gasoline Efficient,fcc,,,,constant_tech,$,95294.655,95294.655,95294.655,95294.655,95294.655,95294.655,95294.655,95294.655,95294.655,95294.655,95294.655,
CIMS.CAN.AB.Transportation Freight.Freight.Land.Light Medium,Service,AB,Transportation Freight,Light Medium,Gasoline Efficient,fom,,,,constant_tech,$,8450,8450,8450,8450,8450,8450,8450,8450,8450,8450,8450,
CIMS.CAN.AB.Transportation Freight.Freight.Land.Light Medium,Service,AB,Transportation Freight,Light Medium,Gasoline Efficient,service_request,,,CIMS.CAN.AB.Fuel Blends.Gasoline_Transportation,annual_tech,GJ,6.45,6.45,6.45,6.45,6.45,6.45,6.45,6.45,6.45,6.45,6.45,
CIMS.CAN.AB.Transportation Freight.Freight.Land.Light Medium,Service,AB,Transportation Freight,Light Medium,Propane,technology,,,,,,,,,,,,,,,,,
CIMS.CAN.AB.Transportation Freight.Freight.Land.Light Medium,Service,AB,Transportation Freight,Light Medium,Propane,available,,,,constant_tech,Year,1970,1970,1970,1970,1970,1970,1970,1970,1970,1970,1970,
CIMS.CAN.AB.Transportation Freight.Freight.Land.Light Medium,Service,AB,Transportation Freight,Light Medium,Propane,unavailable,,,,constant_tech,Year,2101,2101,2101,2101,2101,2101,2101,2101,2101,2101,2101,
CIMS.CAN.AB.Transportation Freight.Freight.Land.Light Medium,Service,AB,Transportation Freight,Light Medium,Propane,lifetime,,,,constant_tech,Years,16,16,16,16,16,16,16,16,16,16,16,
CIMS.CAN.AB.Transportation Freight.Freight.Land.Light Medium,Service,AB,Transportation Freight,Light Medium,Propane,market_share_total,,,,annual_region_tech,%,0.04340920447071,,,,,,,,,,,
CIMS.CAN.AB.Transportation Freight.Freight.Land.Light Medium,Service,AB,Transportation Freight,Light Medium,Propane,output,,,,annual_region,node unit,15.056385618452,15.056385618452,15.056385618452,15.056385618452,15.056385618452,15.056385618452,15.056385618452,15.056385618452,15.056385618452,15.056385618452,15.056385618452,
CIMS.CAN.AB.Transportation Freight.Freight.Land.Light Medium,Service,AB,Transportation Freight,Light Medium,Propane,fcc,,,,constant_tech,$,126603,126603,126603,126603,126603,126603,126603,126603,126603,126603,126603,
CIMS.CAN.AB.Transportation Freight.Freight.Land.Light Medium,Service,AB,Transportation Freight,Light Medium,Propane,fom,,,,constant_tech,$,8450,8450,8450,8450,8450,8450,8450,8450,8450,8450,8450,
CIMS.CAN.AB.Transportation Freight.Freight.Land.Light Medium,Service,AB,Transportation Freight,Light Medium,Propane,service_request,,,CIMS.Generic Fuels.Propane,annual_tech,GJ,6.45,6.45,6.45,6.45,6.45,6.45,6.45,6.45,6.45,6.45,6.45,
CIMS.CAN.AB.Transportation Freight.Freight.Land.Light Medium,Service,AB,Transportation Freight,Light Medium,Biodiesel,technology,,,,,,,,,,,,,,,,,
CIMS.CAN.AB.Transportation Freight.Freight.Land.Light Medium,Service,AB,Transportation Freight,Light Medium,Biodiesel,available,,,,constant_tech,Year,2010,2010,2010,2010,2010,2010,2010,2010,2010,2010,2010,
CIMS.CAN.AB.Transportation Freight.Freight.Land.Light Medium,Service,AB,Transportation Freight,Light Medium,Biodiesel,unavailable,,,,constant_tech,Year,2101,2101,2101,2101,2101,2101,2101,2101,2101,2101,2101,
CIMS.CAN.AB.Transportation Freight.Freight.Land.Light Medium,Service,AB,Transportation Freight,Light Medium,Biodiesel,lifetime,,,,constant_tech,Years,16,16,16,16,16,16,16,16,16,16,16,
CIMS.CAN.AB.Transportation Freight.Freight.Land.Light Medium,Service,AB,Transportation Freight,Light Medium,Biodiesel,market_share_total,,,,annual_tech,%,0,,,,,,,,,,,
CIMS.CAN.AB.Transportation Freight.Freight.Land.Light Medium,Service,AB,Transportation Freight,Light Medium,Biodiesel,output,,,,annual_region,node unit,15.056385618452,15.056385618452,15.056385618452,15.056385618452,15.056385618452,15.056385618452,15.056385618452,15.056385618452,15.056385618452,15.056385618452,15.056385618452,
CIMS.CAN.AB.Transportation Freight.Freight.Land.Light Medium,Service,AB,Transportation Freight,Light Medium,Biodiesel,fcc,,,,constant_tech,$,115882.95,115882.95,115882.95,115882.95,115882.95,115882.95,115882.95,115882.95,115882.95,115882.95,115882.95,
CIMS.CAN.AB.Transportation Freight.Freight.Land.Light Medium,Service,AB,Transportation Freight,Light Medium,Biodiesel,fom,,,,constant_tech,$,8450,8450,8450,8450,8450,8450,8450,8450,8450,8450,8450,
CIMS.CAN.AB.Transportation Freight.Freight.Land.Light Medium,Service,AB,Transportation Freight,Light Medium,Biodiesel,service_request,,,CIMS.CAN.AB.Biodiesel,annual_tech,GJ,6.18401815410309,6.18401815410309,6.18401815410309,6.18401815410309,6.18401815410309,6.18401815410309,6.18401815410309,6.18401815410309,6.18401815410309,6.18401815410309,6.18401815410309,
CIMS.CAN.AB.Transportation Freight.Freight.Land.Light Medium,Service,AB,Transportation Freight,Light Medium,Hydrogen,technology,,,,,,,,,,,,,,,,,
CIMS.CAN.AB.Transportation Freight.Freight.Land.Light Medium,Service,AB,Transportation Freight,Light Medium,Hydrogen,available,,,,constant_tech,Year,2020,2020,2020,2020,2020,2020,2020,2020,2020,2020,2020,
CIMS.CAN.AB.Transportation Freight.Freight.Land.Light Medium,Service,AB,Transportation Freight,Light Medium,Hydrogen,unavailable,,,,constant_tech,Year,2101,2101,2101,2101,2101,2101,2101,2101,2101,2101,2101,
CIMS.CAN.AB.Transportation Freight.Freight.Land.Light Medium,Service,AB,Transportation Freight,Light Medium,Hydrogen,lifetime,,,,constant_tech,Years,16,16,16,16,16,16,16,16,16,16,16,
CIMS.CAN.AB.Transportation Freight.Freight.Land.Light Medium,Service,AB,Transportation Freight,Light Medium,Hydrogen,market_share_total,,,,annual_tech,%,0,,,,,,,,,,,
CIMS.CAN.AB.Transportation Freight.Freight.Land.Light Medium,Service,AB,Transportation Freight,Light Medium,Hydrogen,output,,,,annual_region,node unit,15.056385618452,15.056385618452,15.056385618452,15.056385618452,15.056385618452,15.056385618452,15.056385618452,15.056385618452,15.056385618452,15.056385618452,15.056385618452,
CIMS.CAN.AB.Transportation Freight.Freight.Land.Light Medium,Service,AB,Transportation Freight,Light Medium,Hydrogen,fcc,,,,constant_tech,$,300233,300233,300233,300233,300233,300233,300233,300233,300233,300233,300233,
CIMS.CAN.AB.Transportation Freight.Freight.Land.Light Medium,Service,AB,Transportation Freight,Light Medium,Hydrogen,fom,,,,constant_tech,$,5600,5600,5600,5600,5600,5600,5600,5600,5600,5600,5600,
CIMS.CAN.AB.Transportation Freight.Freight.Land.Light Medium,Service,AB,Transportation Freight,Light Medium,Hydrogen,service_request,,,CIMS.CAN.AB.Hydrogen,annual_tech,GJ,4.515,4.515,4.515,4.515,4.515,4.515,4.515,4.515,4.515,4.515,4.515,
CIMS.CAN.AB.Transportation Freight.Freight.Land.Light Medium,Service,AB,Transportation Freight,Light Medium,Hydrogen,service_request,,,CIMS.CAN.AB.Transportation Freight.FCEV Infrastructure,annual_tech,GJ,4.515,4.515,4.515,4.515,4.515,4.515,4.515,4.515,4.515,4.515,4.515,
CIMS.CAN.AB.Transportation Freight.Freight.Land.Light Medium,Service,AB,Transportation Freight,Light Medium,Electric,technology,,,,,,,,,,,,,,,,,
CIMS.CAN.AB.Transportation Freight.Freight.Land.Light Medium,Service,AB,Transportation Freight,Light Medium,Electric,available,,,,constant_tech,Year,2020,2020,2020,2020,2020,2020,2020,2020,2020,2020,2020,
CIMS.CAN.AB.Transportation Freight.Freight.Land.Light Medium,Service,AB,Transportation Freight,Light Medium,Electric,unavailable,,,,constant_tech,Year,2101,2101,2101,2101,2101,2101,2101,2101,2101,2101,2101,
CIMS.CAN.AB.Transportation Freight.Freight.Land.Light Medium,Service,AB,Transportation Freight,Light Medium,Electric,lifetime,,,,constant_tech,Years,16,16,16,16,16,16,16,16,16,16,16,
CIMS.CAN.AB.Transportation Freight.Freight.Land.Light Medium,Service,AB,Transportation Freight,Light Medium,Electric,market_share_total,,,,annual_tech,%,0,,,,,,,,,,,
CIMS.CAN.AB.Transportation Freight.Freight.Land.Light Medium,Service,AB,Transportation Freight,Light Medium,Electric,output,,,,annual_region,node unit,15.056385618452,15.056385618452,15.056385618452,15.056385618452,15.056385618452,15.056385618452,15.056385618452,15.056385618452,15.056385618452,15.056385618452,15.056385618452,
CIMS.CAN.AB.Transportation Freight.Freight.Land.Light Medium,Service,AB,Transportation Freight,Light Medium,Electric,fcc,,,,constant_tech,$,239814.03,239814.03,239814.03,239814.03,239814.03,239814.03,239814.03,239814.03,239814.03,239814.03,239814.03,
CIMS.CAN.AB.Transportation Freight.Freight.Land.Light Medium,Service,AB,Transportation Freight,Light Medium,Electric,fom,,,,constant_tech,$,4670,4670,4670,4670,4670,4670,4670,4670,4670,4670,4670,
CIMS.CAN.AB.Transportation Freight.Freight.Land.Light Medium,Service,AB,Transportation Freight,Light Medium,Electric,service_request,,,CIMS.CAN.AB.Electricity,annual_tech,GJ,3.225,3.225,3.225,3.225,3.225,3.225,3.225,3.225,3.225,3.225,3.225,
CIMS.CAN.AB.Transportation Freight.Freight.Land.Light Medium,Service,AB,Transportation Freight,Light Medium,Electric,service_request,,,CIMS.CAN.AB.Transportation Freight.EV Infrastructure,annual_tech,GJ,3.225,3.225,3.225,3.225,3.225,3.225,3.225,3.225,3.225,3.225,3.225,
CIMS.CAN.AB.Transportation Freight.Freight.Land.Light Medium,Service,AB,Transportation Freight,Light Medium,Plug-in Hybrid,technology,,,,,,,,,,,,,,,,,
CIMS.CAN.AB.Transportation Freight.Freight.Land.Light Medium,Service,AB,Transportation Freight,Light Medium,Plug-in Hybrid,available,,,,constant_tech,Year,2020,2020,2020,2020,2020,2020,2020,2020,2020,2020,2020,
CIMS.CAN.AB.Transportation Freight.Freight.Land.Light Medium,Service,AB,Transportation Freight,Light Medium,Plug-in Hybrid,unavailable,,,,constant_tech,Year,2101,2101,2101,2101,2101,2101,2101,2101,2101,2101,2101,
CIMS.CAN.AB.Transportation Freight.Freight.Land.Light Medium,Service,AB,Transportation Freight,Light Medium,Plug-in Hybrid,lifetime,,,,constant_tech,Years,16,16,16,16,16,16,16,16,16,16,16,
CIMS.CAN.AB.Transportation Freight.Freight.Land.Light Medium,Service,AB,Transportation Freight,Light Medium,Plug-in Hybrid,market_share_total,,,,annual_tech,%,0,,,,,,,,,,,
CIMS.CAN.AB.Transportation Freight.Freight.Land.Light Medium,Service,AB,Transportation Freight,Light Medium,Plug-in Hybrid,output,,,,annual_region,node unit,15.056385618452,15.056385618452,15.056385618452,15.056385618452,15.056385618452,15.056385618452,15.056385618452,15.056385618452,15.056385618452,15.056385618452,15.056385618452,
CIMS.CAN.AB.Transportation Freight.Freight.Land.Light Medium,Service,AB,Transportation Freight,Light Medium,Plug-in Hybrid,fcc,,,,constant_tech,$,182749.38,182749.38,182749.38,182749.38,182749.38,182749.38,182749.38,182749.38,182749.38,182749.38,182749.38,
CIMS.CAN.AB.Transportation Freight.Freight.Land.Light Medium,Service,AB,Transportation Freight,Light Medium,Plug-in Hybrid,fom,,,,constant_tech,$,7000,7000,7000,7000,7000,7000,7000,7000,7000,7000,7000,
CIMS.CAN.AB.Transportation Freight.Freight.Land.Light Medium,Service,AB,Transportation Freight,Light Medium,Plug-in Hybrid,service_request,,,CIMS.CAN.AB.Electricity,annual_tech,GJ,3.87,3.87,3.87,3.87,3.87,3.87,3.87,3.87,3.87,3.87,3.87,
CIMS.CAN.AB.Transportation Freight.Freight.Land.Light Medium,Service,AB,Transportation Freight,Light Medium,Plug-in Hybrid,service_request,,,CIMS.CAN.AB.Transportation Freight.EV Infrastructure,annual_tech,GJ,3.87,3.87,3.87,3.87,3.87,3.87,3.87,3.87,3.87,3.87,3.87,
CIMS.CAN.AB.Transportation Freight.Freight.Land.Light Medium,Service,AB,Transportation Freight,Light Medium,Plug-in Hybrid,service_request,,,CIMS.CAN.AB.Fuel Blends.Diesel_Transportation,annual_tech,GJ,0.9675,0.9675,0.9675,0.9675,0.9675,0.9675,0.9675,0.9675,0.9675,0.9675,0.9675,
CIMS.CAN.AB.Transportation Freight.Freight.Land.Heavy,Service,AB,Transportation Freight,Heavy,,service_provide,,,,constant_tech,k*tkm,,,,,,,,,,,,
CIMS.CAN.AB.Transportation Freight.Freight.Land.Heavy,Service,AB,Transportation Freight,Heavy,,competition,Tech Compete,,,,,,,,,,,,,,,,
CIMS.CAN.AB.Transportation Freight.Freight.Land.Heavy,Service,AB,Transportation Freight,Heavy,,discount_rate_financial,,,,constant_tech,%,0.25,0.25,0.25,0.25,0.25,0.25,0.25,0.25,0.25,0.25,0.25,
CIMS.CAN.AB.Transportation Freight.Freight.Land.Heavy,Service,AB,Transportation Freight,Heavy,,heterogeneity,,,,constant_tech,,3,3,3,3,3,3,3,3,3,3,3,
CIMS.CAN.AB.Transportation Freight.Freight.Land.Heavy,Service,AB,Transportation Freight,Heavy,Trucks,technology,,,,,,,,,,,,,,,,,
CIMS.CAN.AB.Transportation Freight.Freight.Land.Heavy,Service,AB,Transportation Freight,Heavy,Trucks,market_share_total,,,,annual_region_tech,%,0.30238880710583,,,,,,,,,,,
CIMS.CAN.AB.Transportation Freight.Freight.Land.Heavy,Service,AB,Transportation Freight,Heavy,Trucks,service_request,,,CIMS.CAN.AB.Transportation Freight.Freight.Land.Heavy.Trucks,annual_tech,k*tkm,1,1,1,1,1,1,1,1,1,1,1,
CIMS.CAN.AB.Transportation Freight.Freight.Land.Heavy,Service,AB,Transportation Freight,Heavy,Rail,technology,,,,,,,,,,,,,,,,,
CIMS.CAN.AB.Transportation Freight.Freight.Land.Heavy,Service,AB,Transportation Freight,Heavy,Rail,market_share_total,,,,annual_region_tech,%,0.69761119289417,,,,,,,,,,,
CIMS.CAN.AB.Transportation Freight.Freight.Land.Heavy,Service,AB,Transportation Freight,Heavy,Rail,service_request,,,CIMS.CAN.AB.Transportation Freight.Freight.Land.Heavy.Rail,annual_tech,k*tkm,1,1,1,1,1,1,1,1,1,1,1,
CIMS.CAN.AB.Transportation Freight.Freight.Land.Heavy.Trucks,Service,AB,Transportation Freight,Trucks,,service_provide,,,,constant_tech,k*tkm,,,,,,,,,,,,
CIMS.CAN.AB.Transportation Freight.Freight.Land.Heavy.Trucks,Service,AB,Transportation Freight,Trucks,,competition,Tech Compete,,,,,,,,,,,,,,,,
CIMS.CAN.AB.Transportation Freight.Freight.Land.Heavy.Trucks,Service,AB,Transportation Freight,Trucks,,discount_rate_financial,,,,constant_tech,%,0.25,0.25,0.25,0.25,0.25,0.25,0.25,0.25,0.25,0.25,0.25,
CIMS.CAN.AB.Transportation Freight.Freight.Land.Heavy.Trucks,Service,AB,Transportation Freight,Trucks,,discount_rate_retrofit,,,,constant_tech,%,0.65,0.65,0.65,0.65,0.65,0.65,0.65,0.65,0.65,0.65,0.65,
CIMS.CAN.AB.Transportation Freight.Freight.Land.Heavy.Trucks,Service,AB,Transportation Freight,Trucks,,heterogeneity,,,,constant_tech,,15,15,15,15,15,15,15,15,15,15,15,
CIMS.CAN.AB.Transportation Freight.Freight.Land.Heavy.Trucks,Service,AB,Transportation Freight,Trucks,Diesel Existing,technology,,,,,,,,,,,,,,,,,
CIMS.CAN.AB.Transportation Freight.Freight.Land.Heavy.Trucks,Service,AB,Transportation Freight,Trucks,Diesel Existing,available,,,,constant_tech,Year,1990,1990,1990,1990,1990,1990,1990,1990,1990,1990,1990,
CIMS.CAN.AB.Transportation Freight.Freight.Land.Heavy.Trucks,Service,AB,Transportation Freight,Trucks,Diesel Existing,unavailable,,,,constant_tech,Year,2001,2001,2001,2001,2001,2001,2001,2001,2001,2001,2001,
CIMS.CAN.AB.Transportation Freight.Freight.Land.Heavy.Trucks,Service,AB,Transportation Freight,Trucks,Diesel Existing,lifetime,,,,constant_tech,Years,16,16,16,16,16,16,16,16,16,16,16,
CIMS.CAN.AB.Transportation Freight.Freight.Land.Heavy.Trucks,Service,AB,Transportation Freight,Trucks,Diesel Existing,market_share_total,,,,annual_tech,%,1,,,,,,,,,,,
CIMS.CAN.AB.Transportation Freight.Freight.Land.Heavy.Trucks,Service,AB,Transportation Freight,Trucks,Diesel Existing,output,,,,annual_region,node unit,738.870507395681,738.870507395681,738.870507395681,738.870507395681,738.870507395681,738.870507395681,738.870507395681,738.870507395681,738.870507395681,738.870507395681,738.870507395681,
CIMS.CAN.AB.Transportation Freight.Freight.Land.Heavy.Trucks,Service,AB,Transportation Freight,Trucks,Diesel Existing,fcc,,,,constant_tech,$,177423,177423,177423,177423,177423,177423,177423,177423,177423,177423,177423,
CIMS.CAN.AB.Transportation Freight.Freight.Land.Heavy.Trucks,Service,AB,Transportation Freight,Trucks,Diesel Existing,fom,,,,constant_tech,$,19257,19257,19257,19257,19257,19257,19257,19257,19257,19257,19257,
CIMS.CAN.AB.Transportation Freight.Freight.Land.Heavy.Trucks,Service,AB,Transportation Freight,Trucks,Diesel Existing,service_request,,,CIMS.CAN.AB.Fuel Blends.Diesel_Transportation,annual_tech,GJ,2.01620446072069,2.01620446072069,2.01620446072069,2.01620446072069,2.01620446072069,2.01620446072069,2.01620446072069,2.01620446072069,2.01620446072069,2.01620446072069,2.01620446072069,
CIMS.CAN.AB.Transportation Freight.Freight.Land.Heavy.Trucks,Service,AB,Transportation Freight,Trucks,Diesel Standard,technology,,,,,,,,,,,,,,,,,
CIMS.CAN.AB.Transportation Freight.Freight.Land.Heavy.Trucks,Service,AB,Transportation Freight,Trucks,Diesel Standard,available,,,,constant_tech,Year,2000,2000,2000,2000,2000,2000,2000,2000,2000,2000,2000,
CIMS.CAN.AB.Transportation Freight.Freight.Land.Heavy.Trucks,Service,AB,Transportation Freight,Trucks,Diesel Standard,unavailable,,,,constant_tech,Year,2101,2101,2101,2101,2101,2101,2101,2101,2101,2101,2101,
CIMS.CAN.AB.Transportation Freight.Freight.Land.Heavy.Trucks,Service,AB,Transportation Freight,Trucks,Diesel Standard,lifetime,,,,constant_tech,Years,16,16,16,16,16,16,16,16,16,16,16,
CIMS.CAN.AB.Transportation Freight.Freight.Land.Heavy.Trucks,Service,AB,Transportation Freight,Trucks,Diesel Standard,market_share_total,,,,annual_tech,%,0,,,,,,,,,,,
CIMS.CAN.AB.Transportation Freight.Freight.Land.Heavy.Trucks,Service,AB,Transportation Freight,Trucks,Diesel Standard,output,,,,annual_region,node unit,738.870507395681,738.870507395681,738.870507395681,738.870507395681,738.870507395681,738.870507395681,738.870507395681,738.870507395681,738.870507395681,738.870507395681,738.870507395681,
CIMS.CAN.AB.Transportation Freight.Freight.Land.Heavy.Trucks,Service,AB,Transportation Freight,Trucks,Diesel Standard,fcc,,,,constant_tech,$,183902.33,183902.33,183902.33,183902.33,183902.33,183902.33,183902.33,183902.33,183902.33,183902.33,183902.33,
CIMS.CAN.AB.Transportation Freight.Freight.Land.Heavy.Trucks,Service,AB,Transportation Freight,Trucks,Diesel Standard,fom,,,,constant_tech,$,19596,19596,19596,19596,19596,19596,19596,19596,19596,19596,19596,
CIMS.CAN.AB.Transportation Freight.Freight.Land.Heavy.Trucks,Service,AB,Transportation Freight,Trucks,Diesel Standard,service_request,,,CIMS.CAN.AB.Fuel Blends.Diesel_Transportation,annual_tech,GJ,1.73810223036034,1.73810223036034,1.73810223036034,1.73810223036034,1.73810223036034,1.73810223036034,1.73810223036034,1.73810223036034,1.73810223036034,1.73810223036034,1.73810223036034,
CIMS.CAN.AB.Transportation Freight.Freight.Land.Heavy.Trucks,Service,AB,Transportation Freight,Trucks,Diesel Efficient,technology,,,,,,,,,,,,,,,,,
CIMS.CAN.AB.Transportation Freight.Freight.Land.Heavy.Trucks,Service,AB,Transportation Freight,Trucks,Diesel Efficient,available,,,,constant_tech,Year,2015,2015,2015,2015,2015,2015,2015,2015,2015,2015,2015,
CIMS.CAN.AB.Transportation Freight.Freight.Land.Heavy.Trucks,Service,AB,Transportation Freight,Trucks,Diesel Efficient,unavailable,,,,constant_tech,Year,2101,2101,2101,2101,2101,2101,2101,2101,2101,2101,2101,
CIMS.CAN.AB.Transportation Freight.Freight.Land.Heavy.Trucks,Service,AB,Transportation Freight,Trucks,Diesel Efficient,lifetime,,,,constant_tech,Years,16,16,16,16,16,16,16,16,16,16,16,
CIMS.CAN.AB.Transportation Freight.Freight.Land.Heavy.Trucks,Service,AB,Transportation Freight,Trucks,Diesel Efficient,market_share_total,,,,annual_tech,%,0,,,,,,,,,,,
CIMS.CAN.AB.Transportation Freight.Freight.Land.Heavy.Trucks,Service,AB,Transportation Freight,Trucks,Diesel Efficient,output,,,,annual_region,node unit,738.870507395681,738.870507395681,738.870507395681,738.870507395681,738.870507395681,738.870507395681,738.870507395681,738.870507395681,738.870507395681,738.870507395681,738.870507395681,
CIMS.CAN.AB.Transportation Freight.Freight.Land.Heavy.Trucks,Service,AB,Transportation Freight,Trucks,Diesel Efficient,fcc,,,,constant_tech,$,302882.385,302882.385,302882.385,302882.385,302882.385,302882.385,302882.385,302882.385,302882.385,302882.385,302882.385,
CIMS.CAN.AB.Transportation Freight.Freight.Land.Heavy.Trucks,Service,AB,Transportation Freight,Trucks,Diesel Efficient,fom,,,,constant_tech,$,21533,21533,21533,21533,21533,21533,21533,21533,21533,21533,21533,
CIMS.CAN.AB.Transportation Freight.Freight.Land.Heavy.Trucks,Service,AB,Transportation Freight,Trucks,Diesel Efficient,service_request,,,CIMS.CAN.AB.Fuel Blends.Diesel_Transportation,annual_tech,GJ,1.46,1.46,1.46,1.46,1.46,1.46,1.46,1.46,1.46,1.46,1.46,
CIMS.CAN.AB.Transportation Freight.Freight.Land.Heavy.Trucks,Service,AB,Transportation Freight,Trucks,Natural Gas,technology,,,,,,,,,,,,,,,,,
CIMS.CAN.AB.Transportation Freight.Freight.Land.Heavy.Trucks,Service,AB,Transportation Freight,Trucks,Natural Gas,available,,,,constant_tech,Year,2000,2000,2000,2000,2000,2000,2000,2000,2000,2000,2000,
CIMS.CAN.AB.Transportation Freight.Freight.Land.Heavy.Trucks,Service,AB,Transportation Freight,Trucks,Natural Gas,unavailable,,,,constant_tech,Year,2101,2101,2101,2101,2101,2101,2101,2101,2101,2101,2101,
CIMS.CAN.AB.Transportation Freight.Freight.Land.Heavy.Trucks,Service,AB,Transportation Freight,Trucks,Natural Gas,lifetime,,,,constant_tech,Years,16,16,16,16,16,16,16,16,16,16,16,
CIMS.CAN.AB.Transportation Freight.Freight.Land.Heavy.Trucks,Service,AB,Transportation Freight,Trucks,Natural Gas,market_share_total,,,,annual_tech,%,0,,,,,,,,,,,
CIMS.CAN.AB.Transportation Freight.Freight.Land.Heavy.Trucks,Service,AB,Transportation Freight,Trucks,Natural Gas,output,,,,annual_region,node unit,738.870507395681,738.870507395681,738.870507395681,738.870507395681,738.870507395681,738.870507395681,738.870507395681,738.870507395681,738.870507395681,738.870507395681,738.870507395681,
CIMS.CAN.AB.Transportation Freight.Freight.Land.Heavy.Trucks,Service,AB,Transportation Freight,Trucks,Natural Gas,fcc,,,,constant_tech,$,262000,262000,262000,262000,262000,262000,262000,262000,262000,262000,262000,
CIMS.CAN.AB.Transportation Freight.Freight.Land.Heavy.Trucks,Service,AB,Transportation Freight,Trucks,Natural Gas,fom,,,,constant_tech,$,25418,25418,25418,25418,25418,25418,25418,25418,25418,25418,25418,
CIMS.CAN.AB.Transportation Freight.Freight.Land.Heavy.Trucks,Service,AB,Transportation Freight,Trucks,Natural Gas,service_request,,,CIMS.Generic Fuels.Natural Gas,annual_tech,GJ,1.46,1.46,1.46,1.46,1.46,1.46,1.46,1.46,1.46,1.46,1.46,
CIMS.CAN.AB.Transportation Freight.Freight.Land.Heavy.Trucks,Service,AB,Transportation Freight,Trucks,Biodiesel,technology,,,,,,,,,,,,,,,,,
CIMS.CAN.AB.Transportation Freight.Freight.Land.Heavy.Trucks,Service,AB,Transportation Freight,Trucks,Biodiesel,available,,,,constant_tech,Year,2015,2015,2015,2015,2015,2015,2015,2015,2015,2015,2015,
CIMS.CAN.AB.Transportation Freight.Freight.Land.Heavy.Trucks,Service,AB,Transportation Freight,Trucks,Biodiesel,unavailable,,,,constant_tech,Year,2101,2101,2101,2101,2101,2101,2101,2101,2101,2101,2101,
CIMS.CAN.AB.Transportation Freight.Freight.Land.Heavy.Trucks,Service,AB,Transportation Freight,Trucks,Biodiesel,lifetime,,,,constant_tech,Years,16,16,16,16,16,16,16,16,16,16,16,
CIMS.CAN.AB.Transportation Freight.Freight.Land.Heavy.Trucks,Service,AB,Transportation Freight,Trucks,Biodiesel,market_share_total,,,,annual_tech,%,0,,,,,,,,,,,
CIMS.CAN.AB.Transportation Freight.Freight.Land.Heavy.Trucks,Service,AB,Transportation Freight,Trucks,Biodiesel,output,,,,annual_region,node unit,738.870507395681,738.870507395681,738.870507395681,738.870507395681,738.870507395681,738.870507395681,738.870507395681,738.870507395681,738.870507395681,738.870507395681,738.870507395681,
CIMS.CAN.AB.Transportation Freight.Freight.Land.Heavy.Trucks,Service,AB,Transportation Freight,Trucks,Biodiesel,fcc,,,,constant_tech,$,210921.59,210921.59,210921.59,210921.59,210921.59,210921.59,210921.59,210921.59,210921.59,210921.59,210921.59,
CIMS.CAN.AB.Transportation Freight.Freight.Land.Heavy.Trucks,Service,AB,Transportation Freight,Trucks,Biodiesel,fom,,,,constant_tech,$,22146,22146,22146,22146,22146,22146,22146,22146,22146,22146,22146,
CIMS.CAN.AB.Transportation Freight.Freight.Land.Heavy.Trucks,Service,AB,Transportation Freight,Trucks,Biodiesel,service_request,,,CIMS.CAN.AB.Biodiesel,annual_tech,GJ,1.46,1.46,1.46,1.46,1.46,1.46,1.46,1.46,1.46,1.46,1.46,
CIMS.CAN.AB.Transportation Freight.Freight.Land.Heavy.Trucks,Service,AB,Transportation Freight,Trucks,Hydrogen,technology,,,,,,,,,,,,,,,,,
CIMS.CAN.AB.Transportation Freight.Freight.Land.Heavy.Trucks,Service,AB,Transportation Freight,Trucks,Hydrogen,available,,,,constant_tech,Year,2020,2020,2020,2020,2020,2020,2020,2020,2020,2020,2020,
CIMS.CAN.AB.Transportation Freight.Freight.Land.Heavy.Trucks,Service,AB,Transportation Freight,Trucks,Hydrogen,unavailable,,,,constant_tech,Year,2101,2101,2101,2101,2101,2101,2101,2101,2101,2101,2101,
CIMS.CAN.AB.Transportation Freight.Freight.Land.Heavy.Trucks,Service,AB,Transportation Freight,Trucks,Hydrogen,lifetime,,,,constant_tech,Years,16,16,16,16,16,16,16,16,16,16,16,
CIMS.CAN.AB.Transportation Freight.Freight.Land.Heavy.Trucks,Service,AB,Transportation Freight,Trucks,Hydrogen,market_share_total,,,,annual_tech,%,0,,,,,,,,,,,
CIMS.CAN.AB.Transportation Freight.Freight.Land.Heavy.Trucks,Service,AB,Transportation Freight,Trucks,Hydrogen,output,,,,annual_region,node unit,738.870507395681,738.870507395681,738.870507395681,738.870507395681,738.870507395681,738.870507395681,738.870507395681,738.870507395681,738.870507395681,738.870507395681,738.870507395681,
CIMS.CAN.AB.Transportation Freight.Freight.Land.Heavy.Trucks,Service,AB,Transportation Freight,Trucks,Hydrogen,fcc,,,,constant_tech,$,524063.81,524063.81,524063.81,524063.81,524063.81,524063.81,524063.81,524063.81,524063.81,524063.81,524063.81,
CIMS.CAN.AB.Transportation Freight.Freight.Land.Heavy.Trucks,Service,AB,Transportation Freight,Trucks,Hydrogen,fom,,,,constant_tech,$,23684,23684,23684,23684,23684,23684,23684,23684,23684,23684,23684,
CIMS.CAN.AB.Transportation Freight.Freight.Land.Heavy.Trucks,Service,AB,Transportation Freight,Trucks,Hydrogen,service_request,,,CIMS.CAN.AB.Hydrogen,annual_tech,GJ,1.022,1.022,1.022,1.022,1.022,1.022,1.022,1.022,1.022,1.022,1.022,
CIMS.CAN.AB.Transportation Freight.Freight.Land.Heavy.Trucks,Service,AB,Transportation Freight,Trucks,Hydrogen,service_request,,,CIMS.CAN.AB.Transportation Freight.FCEV Infrastructure,annual_tech,GJ,1.022,1.022,1.022,1.022,1.022,1.022,1.022,1.022,1.022,1.022,1.022,
CIMS.CAN.AB.Transportation Freight.Freight.Land.Heavy.Trucks,Service,AB,Transportation Freight,Trucks,Electric,technology,,,,,,,,,,,,,,,,,
CIMS.CAN.AB.Transportation Freight.Freight.Land.Heavy.Trucks,Service,AB,Transportation Freight,Trucks,Electric,available,,,,constant_tech,Year,2020,2020,2020,2020,2020,2020,2020,2020,2020,2020,2020,
CIMS.CAN.AB.Transportation Freight.Freight.Land.Heavy.Trucks,Service,AB,Transportation Freight,Trucks,Electric,unavailable,,,,constant_tech,Year,2101,2101,2101,2101,2101,2101,2101,2101,2101,2101,2101,
CIMS.CAN.AB.Transportation Freight.Freight.Land.Heavy.Trucks,Service,AB,Transportation Freight,Trucks,Electric,lifetime,,,,constant_tech,Years,16,16,16,16,16,16,16,16,16,16,16,
CIMS.CAN.AB.Transportation Freight.Freight.Land.Heavy.Trucks,Service,AB,Transportation Freight,Trucks,Electric,market_share_total,,,,annual_tech,%,0,,,,,,,,,,,
CIMS.CAN.AB.Transportation Freight.Freight.Land.Heavy.Trucks,Service,AB,Transportation Freight,Trucks,Electric,output,,,,annual_region,node unit,738.870507395681,738.870507395681,738.870507395681,738.870507395681,738.870507395681,738.870507395681,738.870507395681,738.870507395681,738.870507395681,738.870507395681,738.870507395681,
CIMS.CAN.AB.Transportation Freight.Freight.Land.Heavy.Trucks,Service,AB,Transportation Freight,Trucks,Electric,fcc,,,,constant_tech,$,468098,468098,468098,468098,468098,468098,468098,468098,468098,468098,468098,
CIMS.CAN.AB.Transportation Freight.Freight.Land.Heavy.Trucks,Service,AB,Transportation Freight,Trucks,Electric,fom,,,,constant_tech,$,16589,16589,16589,16589,16589,16589,16589,16589,16589,16589,16589,
CIMS.CAN.AB.Transportation Freight.Freight.Land.Heavy.Trucks,Service,AB,Transportation Freight,Trucks,Electric,service_request,,,CIMS.CAN.AB.Electricity,annual_tech,GJ,0.876,0.876,0.876,0.876,0.876,0.876,0.876,0.876,0.876,0.876,0.876,
CIMS.CAN.AB.Transportation Freight.Freight.Land.Heavy.Trucks,Service,AB,Transportation Freight,Trucks,Electric,service_request,,,CIMS.CAN.AB.Transportation Freight.EV Infrastructure,annual_tech,GJ,0.876,0.876,0.876,0.876,0.876,0.876,0.876,0.876,0.876,0.876,0.876,
CIMS.CAN.AB.Transportation Freight.Freight.Land.Heavy.Trucks,Service,AB,Transportation Freight,Trucks,Plug-in Hybrid,technology,,,,,,,,,,,,,,,,,
CIMS.CAN.AB.Transportation Freight.Freight.Land.Heavy.Trucks,Service,AB,Transportation Freight,Trucks,Plug-in Hybrid,available,,,,constant_tech,Year,2020,2020,2020,2020,2020,2020,2020,2020,2020,2020,2020,
CIMS.CAN.AB.Transportation Freight.Freight.Land.Heavy.Trucks,Service,AB,Transportation Freight,Trucks,Plug-in Hybrid,unavailable,,,,constant_tech,Year,2101,2101,2101,2101,2101,2101,2101,2101,2101,2101,2101,
CIMS.CAN.AB.Transportation Freight.Freight.Land.Heavy.Trucks,Service,AB,Transportation Freight,Trucks,Plug-in Hybrid,lifetime,,,,constant_tech,Years,16,16,16,16,16,16,16,16,16,16,16,
CIMS.CAN.AB.Transportation Freight.Freight.Land.Heavy.Trucks,Service,AB,Transportation Freight,Trucks,Plug-in Hybrid,market_share_total,,,,annual_tech,%,0,,,,,,,,,,,
CIMS.CAN.AB.Transportation Freight.Freight.Land.Heavy.Trucks,Service,AB,Transportation Freight,Trucks,Plug-in Hybrid,output,,,,annual_region,node unit,738.870507395681,738.870507395681,738.870507395681,738.870507395681,738.870507395681,738.870507395681,738.870507395681,738.870507395681,738.870507395681,738.870507395681,738.870507395681,
CIMS.CAN.AB.Transportation Freight.Freight.Land.Heavy.Trucks,Service,AB,Transportation Freight,Trucks,Plug-in Hybrid,fcc,,,,constant_tech,$,275582.52,275582.52,275582.52,275582.52,275582.52,275582.52,275582.52,275582.52,275582.52,275582.52,275582.52,
CIMS.CAN.AB.Transportation Freight.Freight.Land.Heavy.Trucks,Service,AB,Transportation Freight,Trucks,Plug-in Hybrid,fom,,,,constant_tech,$,21974,21974,21974,21974,21974,21974,21974,21974,21974,21974,21974,
CIMS.CAN.AB.Transportation Freight.Freight.Land.Heavy.Trucks,Service,AB,Transportation Freight,Trucks,Plug-in Hybrid,service_request,,,CIMS.CAN.AB.Electricity,annual_tech,GJ,0.876,0.876,0.876,0.876,0.876,0.876,0.876,0.876,0.876,0.876,0.876,
CIMS.CAN.AB.Transportation Freight.Freight.Land.Heavy.Trucks,Service,AB,Transportation Freight,Trucks,Plug-in Hybrid,service_request,,,CIMS.CAN.AB.Transportation Freight.EV Infrastructure,annual_tech,GJ,0.876,0.876,0.876,0.876,0.876,0.876,0.876,0.876,0.876,0.876,0.876,
CIMS.CAN.AB.Transportation Freight.Freight.Land.Heavy.Trucks,Service,AB,Transportation Freight,Trucks,Plug-in Hybrid,service_request,,,CIMS.CAN.AB.Fuel Blends.Diesel_Transportation,annual_tech,GJ,0.219,0.219,0.219,0.219,0.219,0.219,0.219,0.219,0.219,0.219,0.219,
CIMS.CAN.AB.Transportation Freight.Freight.Land.Heavy.Trucks,Service,AB,Transportation Freight,Trucks,Catenary,technology,,,,,,,,,,,,,,,,,
CIMS.CAN.AB.Transportation Freight.Freight.Land.Heavy.Trucks,Service,AB,Transportation Freight,Trucks,Catenary,available,,,,constant_tech,Year,2030,2030,2030,2030,2030,2030,2030,2030,2030,2030,2030,
CIMS.CAN.AB.Transportation Freight.Freight.Land.Heavy.Trucks,Service,AB,Transportation Freight,Trucks,Catenary,unavailable,,,,constant_tech,Year,2101,2101,2101,2101,2101,2101,2101,2101,2101,2101,2101,
CIMS.CAN.AB.Transportation Freight.Freight.Land.Heavy.Trucks,Service,AB,Transportation Freight,Trucks,Catenary,lifetime,,,,constant_tech,Years,16,16,16,16,16,16,16,16,16,16,16,
CIMS.CAN.AB.Transportation Freight.Freight.Land.Heavy.Trucks,Service,AB,Transportation Freight,Trucks,Catenary,market_share_total,,,,annual_tech,%,0,,,,,,,,,,,
CIMS.CAN.AB.Transportation Freight.Freight.Land.Heavy.Trucks,Service,AB,Transportation Freight,Trucks,Catenary,output,,,,annual_region,node unit,738.870507395681,738.870507395681,738.870507395681,738.870507395681,738.870507395681,738.870507395681,738.870507395681,738.870507395681,738.870507395681,738.870507395681,738.870507395681,
CIMS.CAN.AB.Transportation Freight.Freight.Land.Heavy.Trucks,Service,AB,Transportation Freight,Trucks,Catenary,fcc,,,,constant_tech,$,308106,308106,308106,308106,308106,308106,308106,308106,308106,308106,308106,
CIMS.CAN.AB.Transportation Freight.Freight.Land.Heavy.Trucks,Service,AB,Transportation Freight,Trucks,Catenary,fom,,,,constant_tech,$,14425,14425,14425,14425,14425,14425,14425,14425,14425,14425,14425,
CIMS.CAN.AB.Transportation Freight.Freight.Land.Heavy.Trucks,Service,AB,Transportation Freight,Trucks,Catenary,service_request,,,CIMS.CAN.AB.Electricity,annual_tech,GJ,0.876,0.876,0.876,0.876,0.876,0.876,0.876,0.876,0.876,0.876,0.876,
CIMS.CAN.AB.Transportation Freight.Freight.Land.Heavy.Trucks,Service,AB,Transportation Freight,Trucks,Catenary,service_request,,,CIMS.CAN.AB.Transportation Freight.Catenary Infrastructure,annual_tech,GJ,0.876,0.876,0.876,0.876,0.876,0.876,0.876,0.876,0.876,0.876,0.876,
CIMS.CAN.AB.Transportation Freight.Freight.Land.Heavy.Rail,Service,AB,Transportation Freight,Rail,,service_provide,,,,constant_tech,k*tkm,,,,,,,,,,,,
CIMS.CAN.AB.Transportation Freight.Freight.Land.Heavy.Rail,Service,AB,Transportation Freight,Rail,,competition,Tech Compete,,,,,,,,,,,,,,,,
CIMS.CAN.AB.Transportation Freight.Freight.Land.Heavy.Rail,Service,AB,Transportation Freight,Rail,,discount_rate_financial,,,,constant_tech,%,0.25,0.25,0.25,0.25,0.25,0.25,0.25,0.25,0.25,0.25,0.25,
CIMS.CAN.AB.Transportation Freight.Freight.Land.Heavy.Rail,Service,AB,Transportation Freight,Rail,,heterogeneity,,,,constant_tech,,10,10,10,10,10,10,10,10,10,10,10,
CIMS.CAN.AB.Transportation Freight.Freight.Land.Heavy.Rail,Service,AB,Transportation Freight,Rail,Diesel Existing,technology,,,,,,,,,,,,,,,,,
CIMS.CAN.AB.Transportation Freight.Freight.Land.Heavy.Rail,Service,AB,Transportation Freight,Rail,Diesel Existing,available,,,,constant_tech,Year,1950,1950,1950,1950,1950,1950,1950,1950,1950,1950,1950,
CIMS.CAN.AB.Transportation Freight.Freight.Land.Heavy.Rail,Service,AB,Transportation Freight,Rail,Diesel Existing,unavailable,,,,constant_tech,Year,2001,2001,2001,2001,2001,2001,2001,2001,2001,2001,2001,
CIMS.CAN.AB.Transportation Freight.Freight.Land.Heavy.Rail,Service,AB,Transportation Freight,Rail,Diesel Existing,lifetime,,,,constant_tech,Years,25,25,25,25,25,25,25,25,25,25,25,
CIMS.CAN.AB.Transportation Freight.Freight.Land.Heavy.Rail,Service,AB,Transportation Freight,Rail,Diesel Existing,market_share_total,,,,annual_tech,%,1,,,,,,,,,,,
CIMS.CAN.AB.Transportation Freight.Freight.Land.Heavy.Rail,Service,AB,Transportation Freight,Rail,Diesel Existing,output,,,,constant_tech,node unit,79735,79735,79735,79735,79735,79735,79735,79735,79735,79735,79735,
CIMS.CAN.AB.Transportation Freight.Freight.Land.Heavy.Rail,Service,AB,Transportation Freight,Rail,Diesel Existing,fcc,,,,constant_tech,$,1421597,1421597,1421597,1421597,1421597,1421597,1421597,1421597,1421597,1421597,1421597,
CIMS.CAN.AB.Transportation Freight.Freight.Land.Heavy.Rail,Service,AB,Transportation Freight,Rail,Diesel Existing,fom,,,,constant_tech,$,115000,115000,115000,115000,115000,115000,115000,115000,115000,115000,115000,
CIMS.CAN.AB.Transportation Freight.Freight.Land.Heavy.Rail,Service,AB,Transportation Freight,Rail,Diesel Existing,service_request,,,CIMS.CAN.AB.Fuel Blends.Diesel_Transportation,annual_tech,GJ,0.25260225345564,0.25260225345564,0.25260225345564,0.25260225345564,0.25260225345564,0.25260225345564,0.25260225345564,0.25260225345564,0.25260225345564,0.25260225345564,0.25260225345564,
CIMS.CAN.AB.Transportation Freight.Freight.Land.Heavy.Rail,Service,AB,Transportation Freight,Rail,Diesel Standard,technology,,,,,,,,,,,,,,,,,
CIMS.CAN.AB.Transportation Freight.Freight.Land.Heavy.Rail,Service,AB,Transportation Freight,Rail,Diesel Standard,available,,,,constant_tech,Year,2000,2000,2000,2000,2000,2000,2000,2000,2000,2000,2000,
CIMS.CAN.AB.Transportation Freight.Freight.Land.Heavy.Rail,Service,AB,Transportation Freight,Rail,Diesel Standard,unavailable,,,,constant_tech,Year,2101,2101,2101,2101,2101,2101,2101,2101,2101,2101,2101,
CIMS.CAN.AB.Transportation Freight.Freight.Land.Heavy.Rail,Service,AB,Transportation Freight,Rail,Diesel Standard,lifetime,,,,constant_tech,Years,25,25,25,25,25,25,25,25,25,25,25,
CIMS.CAN.AB.Transportation Freight.Freight.Land.Heavy.Rail,Service,AB,Transportation Freight,Rail,Diesel Standard,market_share_total,,,,annual_tech,%,0,,,,,,,,,,,
CIMS.CAN.AB.Transportation Freight.Freight.Land.Heavy.Rail,Service,AB,Transportation Freight,Rail,Diesel Standard,output,,,,constant_tech,node unit,79735,79735,79735,79735,79735,79735,79735,79735,79735,79735,79735,
CIMS.CAN.AB.Transportation Freight.Freight.Land.Heavy.Rail,Service,AB,Transportation Freight,Rail,Diesel Standard,fcc,,,,constant_tech,$,1920403,1920403,1920403,1920403,1920403,1920403,1920403,1920403,1920403,1920403,1920403,
CIMS.CAN.AB.Transportation Freight.Freight.Land.Heavy.Rail,Service,AB,Transportation Freight,Rail,Diesel Standard,fom,,,,constant_tech,$,115000,115000,115000,115000,115000,115000,115000,115000,115000,115000,115000,
CIMS.CAN.AB.Transportation Freight.Freight.Land.Heavy.Rail,Service,AB,Transportation Freight,Rail,Diesel Standard,service_request,,,CIMS.CAN.AB.Fuel Blends.Diesel_Transportation,annual_tech,GJ,0.23764396771493,0.23764396771493,0.23764396771493,0.23764396771493,0.23764396771493,0.23764396771493,0.23764396771493,0.23764396771493,0.23764396771493,0.23764396771493,0.23764396771493,
CIMS.CAN.AB.Transportation Freight.Freight.Land.Heavy.Rail,Service,AB,Transportation Freight,Rail,Diesel Efficient,technology,,,,,,,,,,,,,,,,,
CIMS.CAN.AB.Transportation Freight.Freight.Land.Heavy.Rail,Service,AB,Transportation Freight,Rail,Diesel Efficient,available,,,,constant_tech,Year,2015,2015,2015,2015,2015,2015,2015,2015,2015,2015,2015,
CIMS.CAN.AB.Transportation Freight.Freight.Land.Heavy.Rail,Service,AB,Transportation Freight,Rail,Diesel Efficient,unavailable,,,,constant_tech,Year,2101,2101,2101,2101,2101,2101,2101,2101,2101,2101,2101,
CIMS.CAN.AB.Transportation Freight.Freight.Land.Heavy.Rail,Service,AB,Transportation Freight,Rail,Diesel Efficient,lifetime,,,,constant_tech,Years,25,25,25,25,25,25,25,25,25,25,25,
CIMS.CAN.AB.Transportation Freight.Freight.Land.Heavy.Rail,Service,AB,Transportation Freight,Rail,Diesel Efficient,market_share_total,,,,annual_tech,%,0,,,,,,,,,,,
CIMS.CAN.AB.Transportation Freight.Freight.Land.Heavy.Rail,Service,AB,Transportation Freight,Rail,Diesel Efficient,output,,,,constant_tech,node unit,79735,79735,79735,79735,79735,79735,79735,79735,79735,79735,79735,
CIMS.CAN.AB.Transportation Freight.Freight.Land.Heavy.Rail,Service,AB,Transportation Freight,Rail,Diesel Efficient,fcc,,,,constant_tech,$,2893901,2893901,2893901,2893901,2893901,2893901,2893901,2893901,2893901,2893901,2893901,
CIMS.CAN.AB.Transportation Freight.Freight.Land.Heavy.Rail,Service,AB,Transportation Freight,Rail,Diesel Efficient,fom,,,,constant_tech,$,115000,115000,115000,115000,115000,115000,115000,115000,115000,115000,115000,
CIMS.CAN.AB.Transportation Freight.Freight.Land.Heavy.Rail,Service,AB,Transportation Freight,Rail,Diesel Efficient,service_request,,,CIMS.CAN.AB.Fuel Blends.Diesel_Transportation,annual_tech,GJ,0.19,0.19,0.19,0.19,0.19,0.19,0.19,0.19,0.19,0.19,0.19,
CIMS.CAN.AB.Transportation Freight.Freight.Land.Heavy.Rail,Service,AB,Transportation Freight,Rail,Biodiesel,technology,,,,,,,,,,,,,,,,,
CIMS.CAN.AB.Transportation Freight.Freight.Land.Heavy.Rail,Service,AB,Transportation Freight,Rail,Biodiesel,available,,,,constant_tech,Year,2010,2010,2010,2010,2010,2010,2010,2010,2010,2010,2010,
CIMS.CAN.AB.Transportation Freight.Freight.Land.Heavy.Rail,Service,AB,Transportation Freight,Rail,Biodiesel,unavailable,,,,constant_tech,Year,2101,2101,2101,2101,2101,2101,2101,2101,2101,2101,2101,
CIMS.CAN.AB.Transportation Freight.Freight.Land.Heavy.Rail,Service,AB,Transportation Freight,Rail,Biodiesel,lifetime,,,,constant_tech,Years,25,25,25,25,25,25,25,25,25,25,25,
CIMS.CAN.AB.Transportation Freight.Freight.Land.Heavy.Rail,Service,AB,Transportation Freight,Rail,Biodiesel,market_share_total,,,,annual_tech,%,0,,,,,,,,,,,
CIMS.CAN.AB.Transportation Freight.Freight.Land.Heavy.Rail,Service,AB,Transportation Freight,Rail,Biodiesel,output,,,,constant_tech,node unit,79735,79735,79735,79735,79735,79735,79735,79735,79735,79735,79735,
CIMS.CAN.AB.Transportation Freight.Freight.Land.Heavy.Rail,Service,AB,Transportation Freight,Rail,Biodiesel,fcc,,,,constant_tech,$,4893901,4893901,4893901,4893901,4893901,4893901,4893901,4893901,4893901,4893901,4893901,
CIMS.CAN.AB.Transportation Freight.Freight.Land.Heavy.Rail,Service,AB,Transportation Freight,Rail,Biodiesel,fom,,,,constant_tech,$,125000,125000,125000,125000,125000,125000,125000,125000,125000,125000,125000,
CIMS.CAN.AB.Transportation Freight.Freight.Land.Heavy.Rail,Service,AB,Transportation Freight,Rail,Biodiesel,service_request,,,CIMS.CAN.AB.Biodiesel,annual_tech,GJ,0.19,0.19,0.19,0.19,0.19,0.19,0.19,0.19,0.19,0.19,0.19,
CIMS.CAN.AB.Transportation Freight.Freight.Land.Heavy.Rail,Service,AB,Transportation Freight,Rail,Hydrogen,technology,,,,,,,,,,,,,,,,,
CIMS.CAN.AB.Transportation Freight.Freight.Land.Heavy.Rail,Service,AB,Transportation Freight,Rail,Hydrogen,available,,,,constant_tech,Year,2020,2020,2020,2020,2020,2020,2020,2020,2020,2020,2020,
CIMS.CAN.AB.Transportation Freight.Freight.Land.Heavy.Rail,Service,AB,Transportation Freight,Rail,Hydrogen,unavailable,,,,constant_tech,Year,2101,2101,2101,2101,2101,2101,2101,2101,2101,2101,2101,
CIMS.CAN.AB.Transportation Freight.Freight.Land.Heavy.Rail,Service,AB,Transportation Freight,Rail,Hydrogen,lifetime,,,,constant_tech,Years,25,25,25,25,25,25,25,25,25,25,25,
CIMS.CAN.AB.Transportation Freight.Freight.Land.Heavy.Rail,Service,AB,Transportation Freight,Rail,Hydrogen,market_share_total,,,,annual_tech,%,0,,,,,,,,,,,
CIMS.CAN.AB.Transportation Freight.Freight.Land.Heavy.Rail,Service,AB,Transportation Freight,Rail,Hydrogen,output,,,,constant_tech,node unit,79735,79735,79735,79735,79735,79735,79735,79735,79735,79735,79735,
CIMS.CAN.AB.Transportation Freight.Freight.Land.Heavy.Rail,Service,AB,Transportation Freight,Rail,Hydrogen,fcc,,,,constant_tech,$,7000000,7000000,7000000,7000000,7000000,7000000,7000000,7000000,7000000,7000000,7000000,
CIMS.CAN.AB.Transportation Freight.Freight.Land.Heavy.Rail,Service,AB,Transportation Freight,Rail,Hydrogen,fom,,,,constant_tech,$,95000,95000,95000,95000,95000,95000,95000,95000,95000,95000,95000,
CIMS.CAN.AB.Transportation Freight.Freight.Land.Heavy.Rail,Service,AB,Transportation Freight,Rail,Hydrogen,service_request,,,CIMS.CAN.AB.Hydrogen,annual_tech,GJ,0.133,0.133,0.133,0.133,0.133,0.133,0.133,0.133,0.133,0.133,0.133,
CIMS.CAN.AB.Transportation Freight.Freight.Land.Heavy.Rail,Service,AB,Transportation Freight,Rail,Electric,technology,,,,,,,,,,,,,,,,,
CIMS.CAN.AB.Transportation Freight.Freight.Land.Heavy.Rail,Service,AB,Transportation Freight,Rail,Electric,available,,,,constant_tech,Year,2020,2020,2020,2020,2020,2020,2020,2020,2020,2020,2020,
CIMS.CAN.AB.Transportation Freight.Freight.Land.Heavy.Rail,Service,AB,Transportation Freight,Rail,Electric,unavailable,,,,constant_tech,Year,2101,2101,2101,2101,2101,2101,2101,2101,2101,2101,2101,
CIMS.CAN.AB.Transportation Freight.Freight.Land.Heavy.Rail,Service,AB,Transportation Freight,Rail,Electric,lifetime,,,,constant_tech,Years,25,25,25,25,25,25,25,25,25,25,25,
CIMS.CAN.AB.Transportation Freight.Freight.Land.Heavy.Rail,Service,AB,Transportation Freight,Rail,Electric,market_share_total,,,,annual_tech,%,0,,,,,,,,,,,
CIMS.CAN.AB.Transportation Freight.Freight.Land.Heavy.Rail,Service,AB,Transportation Freight,Rail,Electric,output,,,,constant_tech,node unit,79735,79735,79735,79735,79735,79735,79735,79735,79735,79735,79735,
CIMS.CAN.AB.Transportation Freight.Freight.Land.Heavy.Rail,Service,AB,Transportation Freight,Rail,Electric,fcc,,,,constant_tech,$,7148722,7148722,7148722,7148722,7148722,7148722,7148722,7148722,7148722,7148722,7148722,
CIMS.CAN.AB.Transportation Freight.Freight.Land.Heavy.Rail,Service,AB,Transportation Freight,Rail,Electric,fom,,,,constant_tech,$,40000,40000,40000,40000,40000,40000,40000,40000,40000,40000,40000,
CIMS.CAN.AB.Transportation Freight.Freight.Land.Heavy.Rail,Service,AB,Transportation Freight,Rail,Electric,service_request,,,CIMS.CAN.AB.Electricity,annual_tech,GJ,0.114,0.114,0.114,0.114,0.114,0.114,0.114,0.114,0.114,0.114,0.114,
CIMS.CAN.AB.Transportation Freight.Freight.Marine,Service,AB,Transportation Freight,Marine,,service_provide,,,,constant_tech,k*tkm,,,,,,,,,,,,
CIMS.CAN.AB.Transportation Freight.Freight.Marine,Service,AB,Transportation Freight,Marine,,competition,Tech Compete,,,,,,,,,,,,,,,,
CIMS.CAN.AB.Transportation Freight.Freight.Marine,Service,AB,Transportation Freight,Marine,,discount_rate_financial,,,,constant_tech,%,0.125,0.125,0.125,0.125,0.125,0.125,0.125,0.125,0.125,0.125,0.125,
CIMS.CAN.AB.Transportation Freight.Freight.Marine,Service,AB,Transportation Freight,Marine,,heterogeneity,,,,constant_tech,,10,10,10,10,10,10,10,10,10,10,10,
CIMS.CAN.AB.Transportation Freight.Freight.Marine,Service,AB,Transportation Freight,Marine,Fuel Oil Existing,technology,,,,,,,,,,,,,,,,,
CIMS.CAN.AB.Transportation Freight.Freight.Marine,Service,AB,Transportation Freight,Marine,Fuel Oil Existing,available,,,,constant_tech,Year,1950,1950,1950,1950,1950,1950,1950,1950,1950,1950,1950,
CIMS.CAN.AB.Transportation Freight.Freight.Marine,Service,AB,Transportation Freight,Marine,Fuel Oil Existing,unavailable,,,,constant_tech,Year,2001,2001,2001,2001,2001,2001,2001,2001,2001,2001,2001,
CIMS.CAN.AB.Transportation Freight.Freight.Marine,Service,AB,Transportation Freight,Marine,Fuel Oil Existing,lifetime,,,,constant_tech,Years,35,35,35,35,35,35,35,35,35,35,35,
CIMS.CAN.AB.Transportation Freight.Freight.Marine,Service,AB,Transportation Freight,Marine,Fuel Oil Existing,market_share_total,,,,annual_tech,%,1,,,,,,,,,,,
CIMS.CAN.AB.Transportation Freight.Freight.Marine,Service,AB,Transportation Freight,Marine,Fuel Oil Existing,output,,,,constant_tech,node unit,802000,802000,802000,802000,802000,802000,802000,802000,802000,802000,802000,
CIMS.CAN.AB.Transportation Freight.Freight.Marine,Service,AB,Transportation Freight,Marine,Fuel Oil Existing,fcc,,,,constant_tech,$,113600881.144088,113600881.144088,113600881.144088,113600881.144088,113600881.144088,113600881.144088,113600881.144088,113600881.144088,113600881.144088,113600881.144088,113600881.144088,
CIMS.CAN.AB.Transportation Freight.Freight.Marine,Service,AB,Transportation Freight,Marine,Fuel Oil Existing,fom,,,,constant_tech,$,4692656.10705509,4692656.10705509,4692656.10705509,4692656.10705509,4692656.10705509,4692656.10705509,4692656.10705509,4692656.10705509,4692656.10705509,4692656.10705509,4692656.10705509,
CIMS.CAN.AB.Transportation Freight.Freight.Marine,Service,AB,Transportation Freight,Marine,Fuel Oil Existing,service_request,,,CIMS.Generic Fuels.Fuel Oil,annual_tech,GJ,0.38430287200115,0.38430287200115,0.38430287200115,0.38430287200115,0.38430287200115,0.38430287200115,0.38430287200115,0.38430287200115,0.38430287200115,0.38430287200115,0.38430287200115,
CIMS.CAN.AB.Transportation Freight.Freight.Marine,Service,AB,Transportation Freight,Marine,Fuel Oil Standard,technology,,,,,,,,,,,,,,,,,
CIMS.CAN.AB.Transportation Freight.Freight.Marine,Service,AB,Transportation Freight,Marine,Fuel Oil Standard,available,,,,constant_tech,Year,2000,2000,2000,2000,2000,2000,2000,2000,2000,2000,2000,
CIMS.CAN.AB.Transportation Freight.Freight.Marine,Service,AB,Transportation Freight,Marine,Fuel Oil Standard,unavailable,,,,constant_tech,Year,2101,2101,2101,2101,2101,2101,2101,2101,2101,2101,2101,
CIMS.CAN.AB.Transportation Freight.Freight.Marine,Service,AB,Transportation Freight,Marine,Fuel Oil Standard,lifetime,,,,constant_tech,Years,35,35,35,35,35,35,35,35,35,35,35,
CIMS.CAN.AB.Transportation Freight.Freight.Marine,Service,AB,Transportation Freight,Marine,Fuel Oil Standard,market_share_total,,,,annual_tech,%,0,,,,,,,,,,,
CIMS.CAN.AB.Transportation Freight.Freight.Marine,Service,AB,Transportation Freight,Marine,Fuel Oil Standard,output,,,,constant_tech,node unit,802000,802000,802000,802000,802000,802000,802000,802000,802000,802000,802000,
CIMS.CAN.AB.Transportation Freight.Freight.Marine,Service,AB,Transportation Freight,Marine,Fuel Oil Standard,fcc,,,,constant_tech,$,113600881.144088,113600881.144088,113600881.144088,113600881.144088,113600881.144088,113600881.144088,113600881.144088,113600881.144088,113600881.144088,113600881.144088,113600881.144088,
CIMS.CAN.AB.Transportation Freight.Freight.Marine,Service,AB,Transportation Freight,Marine,Fuel Oil Standard,fom,,,,constant_tech,$,4692656.10705509,4692656.10705509,4692656.10705509,4692656.10705509,4692656.10705509,4692656.10705509,4692656.10705509,4692656.10705509,4692656.10705509,4692656.10705509,4692656.10705509,
CIMS.CAN.AB.Transportation Freight.Freight.Marine,Service,AB,Transportation Freight,Marine,Fuel Oil Standard,service_request,,,CIMS.Generic Fuels.Fuel Oil,annual_tech,GJ,0.34587258480103,0.34587258480103,0.34587258480103,0.34587258480103,0.34587258480103,0.34587258480103,0.34587258480103,0.34587258480103,0.34587258480103,0.34587258480103,0.34587258480103,
CIMS.CAN.AB.Transportation Freight.Freight.Marine,Service,AB,Transportation Freight,Marine,Fuel Oil Efficient,technology,,,,,,,,,,,,,,,,,
CIMS.CAN.AB.Transportation Freight.Freight.Marine,Service,AB,Transportation Freight,Marine,Fuel Oil Efficient,available,,,,constant_tech,Year,2015,2015,2015,2015,2015,2015,2015,2015,2015,2015,2015,
CIMS.CAN.AB.Transportation Freight.Freight.Marine,Service,AB,Transportation Freight,Marine,Fuel Oil Efficient,unavailable,,,,constant_tech,Year,2101,2101,2101,2101,2101,2101,2101,2101,2101,2101,2101,
CIMS.CAN.AB.Transportation Freight.Freight.Marine,Service,AB,Transportation Freight,Marine,Fuel Oil Efficient,lifetime,,,,constant_tech,Years,35,35,35,35,35,35,35,35,35,35,35,
CIMS.CAN.AB.Transportation Freight.Freight.Marine,Service,AB,Transportation Freight,Marine,Fuel Oil Efficient,market_share_total,,,,annual_tech,%,0,,,,,,,,,,,
CIMS.CAN.AB.Transportation Freight.Freight.Marine,Service,AB,Transportation Freight,Marine,Fuel Oil Efficient,output,,,,constant_tech,node unit,802000,802000,802000,802000,802000,802000,802000,802000,802000,802000,802000,
CIMS.CAN.AB.Transportation Freight.Freight.Marine,Service,AB,Transportation Freight,Marine,Fuel Oil Efficient,fcc,,,,constant_tech,$,118880621.378729,118880621.378729,118880621.378729,118880621.378729,118880621.378729,118880621.378729,118880621.378729,118880621.378729,118880621.378729,118880621.378729,118880621.378729,
CIMS.CAN.AB.Transportation Freight.Freight.Marine,Service,AB,Transportation Freight,Marine,Fuel Oil Efficient,fom,,,,constant_tech,$,4692656.10705509,4692656.10705509,4692656.10705509,4692656.10705509,4692656.10705509,4692656.10705509,4692656.10705509,4692656.10705509,4692656.10705509,4692656.10705509,4692656.10705509,
CIMS.CAN.AB.Transportation Freight.Freight.Marine,Service,AB,Transportation Freight,Marine,Fuel Oil Efficient,service_request,,,CIMS.Generic Fuels.Fuel Oil,annual_tech,GJ,0.31128532632093,0.31128532632093,0.31128532632093,0.31128532632093,0.31128532632093,0.31128532632093,0.31128532632093,0.31128532632093,0.31128532632093,0.31128532632093,0.31128532632093,
CIMS.CAN.AB.Transportation Freight.Freight.Marine,Service,AB,Transportation Freight,Marine,Biodiesel,technology,,,,,,,,,,,,,,,,,
CIMS.CAN.AB.Transportation Freight.Freight.Marine,Service,AB,Transportation Freight,Marine,Biodiesel,available,,,,constant_tech,Year,2010,2010,2010,2010,2010,2010,2010,2010,2010,2010,2010,
CIMS.CAN.AB.Transportation Freight.Freight.Marine,Service,AB,Transportation Freight,Marine,Biodiesel,unavailable,,,,constant_tech,Year,2101,2101,2101,2101,2101,2101,2101,2101,2101,2101,2101,
CIMS.CAN.AB.Transportation Freight.Freight.Marine,Service,AB,Transportation Freight,Marine,Biodiesel,lifetime,,,,constant_tech,Years,35,35,35,35,35,35,35,35,35,35,35,
CIMS.CAN.AB.Transportation Freight.Freight.Marine,Service,AB,Transportation Freight,Marine,Biodiesel,market_share_total,,,,annual_tech,%,0,,,,,,,,,,,
CIMS.CAN.AB.Transportation Freight.Freight.Marine,Service,AB,Transportation Freight,Marine,Biodiesel,output,,,,constant_tech,node unit,802000,802000,802000,802000,802000,802000,802000,802000,802000,802000,802000,
CIMS.CAN.AB.Transportation Freight.Freight.Marine,Service,AB,Transportation Freight,Marine,Biodiesel,fcc,,,,constant_tech,$,142656745.654475,142656745.654475,142656745.654475,142656745.654475,142656745.654475,142656745.654475,142656745.654475,142656745.654475,142656745.654475,142656745.654475,142656745.654475,
CIMS.CAN.AB.Transportation Freight.Freight.Marine,Service,AB,Transportation Freight,Marine,Biodiesel,fom,,,,constant_tech,$,4692656.10705509,4692656.10705509,4692656.10705509,4692656.10705509,4692656.10705509,4692656.10705509,4692656.10705509,4692656.10705509,4692656.10705509,4692656.10705509,4692656.10705509,
CIMS.CAN.AB.Transportation Freight.Freight.Marine,Service,AB,Transportation Freight,Marine,Biodiesel,service_request,,,CIMS.CAN.AB.Biodiesel,annual_tech,GJ,0.31128532632093,0.31128532632093,0.31128532632093,0.31128532632093,0.31128532632093,0.31128532632093,0.31128532632093,0.31128532632093,0.31128532632093,0.31128532632093,0.31128532632093,
CIMS.CAN.AB.Transportation Freight.Freight.Marine,Service,AB,Transportation Freight,Marine,Hydrogen,technology,,,,,,,,,,,,,,,,,
CIMS.CAN.AB.Transportation Freight.Freight.Marine,Service,AB,Transportation Freight,Marine,Hydrogen,available,,,,constant_tech,Year,2020,2020,2020,2020,2020,2020,2020,2020,2020,2020,2020,
CIMS.CAN.AB.Transportation Freight.Freight.Marine,Service,AB,Transportation Freight,Marine,Hydrogen,unavailable,,,,constant_tech,Year,2101,2101,2101,2101,2101,2101,2101,2101,2101,2101,2101,
CIMS.CAN.AB.Transportation Freight.Freight.Marine,Service,AB,Transportation Freight,Marine,Hydrogen,lifetime,,,,constant_tech,Years,35,35,35,35,35,35,35,35,35,35,35,
CIMS.CAN.AB.Transportation Freight.Freight.Marine,Service,AB,Transportation Freight,Marine,Hydrogen,market_share_total,,,,annual_tech,%,0,,,,,,,,,,,
CIMS.CAN.AB.Transportation Freight.Freight.Marine,Service,AB,Transportation Freight,Marine,Hydrogen,output,,,,constant_tech,node unit,802000,802000,802000,802000,802000,802000,802000,802000,802000,802000,802000,
CIMS.CAN.AB.Transportation Freight.Freight.Marine,Service,AB,Transportation Freight,Marine,Hydrogen,fcc,,,,constant_tech,$,169034024.852547,169034024.852547,169034024.852547,169034024.852547,169034024.852547,169034024.852547,169034024.852547,169034024.852547,169034024.852547,169034024.852547,169034024.852547,
CIMS.CAN.AB.Transportation Freight.Freight.Marine,Service,AB,Transportation Freight,Marine,Hydrogen,fom,,,,constant_tech,$,4692656.10705509,4692656.10705509,4692656.10705509,4692656.10705509,4692656.10705509,4692656.10705509,4692656.10705509,4692656.10705509,4692656.10705509,4692656.10705509,4692656.10705509,
CIMS.CAN.AB.Transportation Freight.Freight.Marine,Service,AB,Transportation Freight,Marine,Hydrogen,service_request,,,CIMS.CAN.AB.Hydrogen,annual_tech,GJ,0.21789972842465,0.21789972842465,0.21789972842465,0.21789972842465,0.21789972842465,0.21789972842465,0.21789972842465,0.21789972842465,0.21789972842465,0.21789972842465,0.21789972842465,
CIMS.CAN.AB.Transportation Freight.Freight.Air,Service,AB,Transportation Freight,Air,,service_provide,,,,constant_tech,k*tkm,,,,,,,,,,,,
CIMS.CAN.AB.Transportation Freight.Freight.Air,Service,AB,Transportation Freight,Air,,competition,Tech Compete,,,,,,,,,,,,,,,,
CIMS.CAN.AB.Transportation Freight.Freight.Air,Service,AB,Transportation Freight,Air,,discount_rate_financial,,,,constant_tech,%,0.125,0.125,0.125,0.125,0.125,0.125,0.125,0.125,0.125,0.125,0.125,
CIMS.CAN.AB.Transportation Freight.Freight.Air,Service,AB,Transportation Freight,Air,,heterogeneity,,,,constant_tech,,10,10,10,10,10,10,10,10,10,10,10,
CIMS.CAN.AB.Transportation Freight.Freight.Air,Service,AB,Transportation Freight,Air,Existing,technology,,,,,,,,,,,,,,,,,
CIMS.CAN.AB.Transportation Freight.Freight.Air,Service,AB,Transportation Freight,Air,Existing,available,,,,constant_tech,Year,1990,1990,1990,1990,1990,1990,1990,1990,1990,1990,1990,
CIMS.CAN.AB.Transportation Freight.Freight.Air,Service,AB,Transportation Freight,Air,Existing,unavailable,,,,constant_tech,Year,2001,2001,2001,2001,2001,2001,2001,2001,2001,2001,2001,
CIMS.CAN.AB.Transportation Freight.Freight.Air,Service,AB,Transportation Freight,Air,Existing,lifetime,,,,constant_tech,Years,30,30,30,30,30,30,30,30,30,30,30,
CIMS.CAN.AB.Transportation Freight.Freight.Air,Service,AB,Transportation Freight,Air,Existing,market_share_total,,,,annual_tech,%,1,,,,,,,,,,,
CIMS.CAN.AB.Transportation Freight.Freight.Air,Service,AB,Transportation Freight,Air,Existing,output,,,,constant_tech,node unit,56000,56000,56000,56000,56000,56000,56000,56000,56000,56000,56000,
CIMS.CAN.AB.Transportation Freight.Freight.Air,Service,AB,Transportation Freight,Air,Existing,fcc,,,,constant_tech,$,197381531.359355,197381531.359355,197381531.359355,197381531.359355,197381531.359355,197381531.359355,197381531.359355,197381531.359355,197381531.359355,197381531.359355,197381531.359355,
CIMS.CAN.AB.Transportation Freight.Freight.Air,Service,AB,Transportation Freight,Air,Existing,service_request,,,CIMS.Generic Fuels.Jet Fuel,annual_tech,GJ,3.07530746302041,2.61401134356735,2.22190964203225,1.88862319572741,1.6053297163683,1.52506323054988,1.44881006902239,1.37636956557127,1.30755108729271,1.24217353292807,1.18006485628167,
CIMS.CAN.AB.Transportation Freight.Freight.Air,Service,AB,Transportation Freight,Air,Efficient,technology,,,,,,,,,,,,,,,,,
CIMS.CAN.AB.Transportation Freight.Freight.Air,Service,AB,Transportation Freight,Air,Efficient,available,,,,constant_tech,Year,2000,2000,2000,2000,2000,2000,2000,2000,2000,2000,2000,
CIMS.CAN.AB.Transportation Freight.Freight.Air,Service,AB,Transportation Freight,Air,Efficient,unavailable,,,,constant_tech,Year,2101,2101,2101,2101,2101,2101,2101,2101,2101,2101,2101,
CIMS.CAN.AB.Transportation Freight.Freight.Air,Service,AB,Transportation Freight,Air,Efficient,lifetime,,,,constant_tech,Years,30,30,30,30,30,30,30,30,30,30,30,
CIMS.CAN.AB.Transportation Freight.Freight.Air,Service,AB,Transportation Freight,Air,Efficient,market_share_total,,,,annual_tech,%,0,,,,,,,,,,,
CIMS.CAN.AB.Transportation Freight.Freight.Air,Service,AB,Transportation Freight,Air,Efficient,output,,,,constant_tech,node unit,56000,56000,56000,56000,56000,56000,56000,56000,56000,56000,56000,
CIMS.CAN.AB.Transportation Freight.Freight.Air,Service,AB,Transportation Freight,Air,Efficient,fcc,,,,constant_tech,$,248501928.578093,248501928.578093,248501928.578093,248501928.578093,248501928.578093,248501928.578093,248501928.578093,248501928.578093,248501928.578093,248501928.578093,248501928.578093,
CIMS.CAN.AB.Transportation Freight.Freight.Air,Service,AB,Transportation Freight,Air,Efficient,service_request,,,CIMS.Generic Fuels.Jet Fuel,annual_tech,GJ,1.96,1.666,1.4161,1.203685,1.02313225,0.9719756375,0.923376855625,0.87720801284375,0.83334761220156,0.79168023159148,0.75209622001191,
CIMS.CAN.AB.Transportation Freight.Freight.Air,Service,AB,Transportation Freight,Air,Electric,technology,,,,,,,,,,,,,,,,,
CIMS.CAN.AB.Transportation Freight.Freight.Air,Service,AB,Transportation Freight,Air,Electric,available,,,,constant_tech,Year,2025,2025,2025,2025,2025,2025,2025,2025,2025,2025,2025,
CIMS.CAN.AB.Transportation Freight.Freight.Air,Service,AB,Transportation Freight,Air,Electric,unavailable,,,,constant_tech,Year,2101,2101,2101,2101,2101,2101,2101,2101,2101,2101,2101,
CIMS.CAN.AB.Transportation Freight.Freight.Air,Service,AB,Transportation Freight,Air,Electric,lifetime,,,,constant_tech,Years,30,30,30,30,30,30,30,30,30,30,30,
CIMS.CAN.AB.Transportation Freight.Freight.Air,Service,AB,Transportation Freight,Air,Electric,market_share_total,,,,annual_tech,%,0,,,,,,,,,,,
CIMS.CAN.AB.Transportation Freight.Freight.Air,Service,AB,Transportation Freight,Air,Electric,output,,,,constant_tech,node unit,56000,56000,56000,56000,56000,56000,56000,56000,56000,56000,56000,
CIMS.CAN.AB.Transportation Freight.Freight.Air,Service,AB,Transportation Freight,Air,Electric,fcc,,,,constant_tech,$,312843740.470339,312843740.470339,312843740.470339,312843740.470339,312843740.470339,312843740.470339,312843740.470339,312843740.470339,312843740.470339,312843740.470339,312843740.470339,
CIMS.CAN.AB.Transportation Freight.Freight.Air,Service,AB,Transportation Freight,Air,Electric,service_request,,,CIMS.CAN.AB.Electricity,annual_tech,GJ,1.96,1.666,1.4161,1.203685,1.02313225,0.9719756375,0.923376855625,0.87720801284375,0.83334761220156,0.79168023159148,0.75209622001191,
CIMS.CAN.AB.Transportation Freight.Freight.Air,Service,AB,Transportation Freight,Air,Hydrogen,technology,,,,,,,,,,,,,,,,,
CIMS.CAN.AB.Transportation Freight.Freight.Air,Service,AB,Transportation Freight,Air,Hydrogen,available,,,,constant_tech,Year,2035,2035,2035,2035,2035,2035,2035,2035,2035,2035,2035,
CIMS.CAN.AB.Transportation Freight.Freight.Air,Service,AB,Transportation Freight,Air,Hydrogen,unavailable,,,,constant_tech,Year,2101,2101,2101,2101,2101,2101,2101,2101,2101,2101,2101,
CIMS.CAN.AB.Transportation Freight.Freight.Air,Service,AB,Transportation Freight,Air,Hydrogen,lifetime,,,,constant_tech,Years,30,30,30,30,30,30,30,30,30,30,30,
CIMS.CAN.AB.Transportation Freight.Freight.Air,Service,AB,Transportation Freight,Air,Hydrogen,market_share_total,,,,annual_tech,%,0,,,,,,,,,,,
CIMS.CAN.AB.Transportation Freight.Freight.Air,Service,AB,Transportation Freight,Air,Hydrogen,output,,,,constant_tech,node unit,56000,56000,56000,56000,56000,56000,56000,56000,56000,56000,56000,
CIMS.CAN.AB.Transportation Freight.Freight.Air,Service,AB,Transportation Freight,Air,Hydrogen,fcc,,,,constant_tech,$,312843740.470339,312843740.470339,312843740.470339,312843740.470339,312843740.470339,312843740.470339,312843740.470339,312843740.470339,312843740.470339,312843740.470339,312843740.470339,
CIMS.CAN.AB.Transportation Freight.Freight.Air,Service,AB,Transportation Freight,Air,Hydrogen,service_request,,,CIMS.CAN.AB.Hydrogen,annual_tech,GJ,1.96,1.666,1.4161,1.203685,1.02313225,0.9719756375,0.923376855625,0.87720801284375,0.83334761220156,0.79168023159148,0.75209622001191,
CIMS.CAN.AB.Transportation Freight.Off Road,Service,AB,Transportation Freight,Off Road,,service_provide,,,,constant_tech,k*tkm,,,,,,,,,,,,
CIMS.CAN.AB.Transportation Freight.Off Road,Service,AB,Transportation Freight,Off Road,,competition,Tech Compete,,,,,,,,,,,,,,,,
CIMS.CAN.AB.Transportation Freight.Off Road,Service,AB,Transportation Freight,Off Road,,discount_rate_financial,,,,constant_tech,%,0.3,0.3,0.3,0.3,0.3,0.3,0.3,0.3,0.3,0.3,0.3,
CIMS.CAN.AB.Transportation Freight.Off Road,Service,AB,Transportation Freight,Off Road,,discount_rate_retrofit,,,,constant_tech,%,0.3,0.3,0.3,0.3,0.3,0.3,0.3,0.3,0.3,0.3,0.3,
CIMS.CAN.AB.Transportation Freight.Off Road,Service,AB,Transportation Freight,Off Road,,heterogeneity,,,,constant_tech,,15,15,15,15,15,15,15,15,15,15,15,
CIMS.CAN.AB.Transportation Freight.Off Road,Service,AB,Transportation Freight,Off Road,Diesel Std,technology,,,,,,,,,,,,,,,,,
CIMS.CAN.AB.Transportation Freight.Off Road,Service,AB,Transportation Freight,Off Road,Diesel Std,available,,,,constant_tech,Year,1990,1990,1990,1990,1990,1990,1990,1990,1990,1990,1990,
CIMS.CAN.AB.Transportation Freight.Off Road,Service,AB,Transportation Freight,Off Road,Diesel Std,unavailable,,,,constant_tech,Year,2101,2101,2101,2101,2101,2101,2101,2101,2101,2101,2101,
CIMS.CAN.AB.Transportation Freight.Off Road,Service,AB,Transportation Freight,Off Road,Diesel Std,lifetime,,,,constant_tech,Years,16,16,16,16,16,16,16,16,16,16,16,
CIMS.CAN.AB.Transportation Freight.Off Road,Service,AB,Transportation Freight,Off Road,Diesel Std,market_share_total,,,,annual_tech,%,1,,,,,,,,,,,
CIMS.CAN.AB.Transportation Freight.Off Road,Service,AB,Transportation Freight,Off Road,Diesel Std,output,,,,constant_tech,node unit,20,20,20,20,20,20,20,20,20,20,20,
CIMS.CAN.AB.Transportation Freight.Off Road,Service,AB,Transportation Freight,Off Road,Diesel Std,fcc,,,,constant_tech,$,29739.2429906542,29739.2429906542,29739.2429906542,29739.2429906542,29739.2429906542,29739.2429906542,29739.2429906542,29739.2429906542,29739.2429906542,29739.2429906542,29739.2429906542,
CIMS.CAN.AB.Transportation Freight.Off Road,Service,AB,Transportation Freight,Off Road,Diesel Std,service_request,,,CIMS.CAN.AB.Fuel Blends.Diesel_Transportation,annual_tech,GJ,8.01848945929075,8.01848945929075,8.01848945929075,8.01848945929075,8.01848945929075,8.01848945929075,8.01848945929075,8.01848945929075,8.01848945929075,8.01848945929075,8.01848945929075,
CIMS.CAN.AB.Transportation Freight.Off Road,Service,AB,Transportation Freight,Off Road,Diesel Medium Efficiency,technology,,,,,,,,,,,,,,,,,
CIMS.CAN.AB.Transportation Freight.Off Road,Service,AB,Transportation Freight,Off Road,Diesel Medium Efficiency,available,,,,constant_tech,Year,2010,2010,2010,2010,2010,2010,2010,2010,2010,2010,2010,
CIMS.CAN.AB.Transportation Freight.Off Road,Service,AB,Transportation Freight,Off Road,Diesel Medium Efficiency,unavailable,,,,constant_tech,Year,2101,2101,2101,2101,2101,2101,2101,2101,2101,2101,2101,
CIMS.CAN.AB.Transportation Freight.Off Road,Service,AB,Transportation Freight,Off Road,Diesel Medium Efficiency,lifetime,,,,constant_tech,Years,16,16,16,16,16,16,16,16,16,16,16,
CIMS.CAN.AB.Transportation Freight.Off Road,Service,AB,Transportation Freight,Off Road,Diesel Medium Efficiency,market_share_total,,,,annual_tech,%,0,,,,,,,,,,,
CIMS.CAN.AB.Transportation Freight.Off Road,Service,AB,Transportation Freight,Off Road,Diesel Medium Efficiency,output,,,,constant_tech,node unit,20,20,20,20,20,20,20,20,20,20,20,
CIMS.CAN.AB.Transportation Freight.Off Road,Service,AB,Transportation Freight,Off Road,Diesel Medium Efficiency,fcc,,,,constant_tech,$,40174.0658266592,40174.0658266592,40174.0658266592,40174.0658266592,40174.0658266592,40174.0658266592,40174.0658266592,40174.0658266592,40174.0658266592,40174.0658266592,40174.0658266592,
CIMS.CAN.AB.Transportation Freight.Off Road,Service,AB,Transportation Freight,Off Road,Diesel Medium Efficiency,service_request,,,CIMS.CAN.AB.Fuel Blends.Diesel_Transportation,annual_tech,GJ,6.18401815410309,6.18401815410309,6.18401815410309,6.18401815410309,6.18401815410309,6.18401815410309,6.18401815410309,6.18401815410309,6.18401815410309,6.18401815410309,6.18401815410309,
CIMS.CAN.AB.Transportation Freight.Off Road,Service,AB,Transportation Freight,Off Road,Diesel High Efficiency,technology,,,,,,,,,,,,,,,,,
CIMS.CAN.AB.Transportation Freight.Off Road,Service,AB,Transportation Freight,Off Road,Diesel High Efficiency,available,,,,constant_tech,Year,2020,2020,2020,2020,2020,2020,2020,2020,2020,2020,2020,
CIMS.CAN.AB.Transportation Freight.Off Road,Service,AB,Transportation Freight,Off Road,Diesel High Efficiency,unavailable,,,,constant_tech,Year,2101,2101,2101,2101,2101,2101,2101,2101,2101,2101,2101,
CIMS.CAN.AB.Transportation Freight.Off Road,Service,AB,Transportation Freight,Off Road,Diesel High Efficiency,lifetime,,,,constant_tech,Years,16,16,16,16,16,16,16,16,16,16,16,
CIMS.CAN.AB.Transportation Freight.Off Road,Service,AB,Transportation Freight,Off Road,Diesel High Efficiency,market_share_total,,,,annual_tech,%,0,,,,,,,,,,,
CIMS.CAN.AB.Transportation Freight.Off Road,Service,AB,Transportation Freight,Off Road,Diesel High Efficiency,output,,,,constant_tech,node unit,20,20,20,20,20,20,20,20,20,20,20,
CIMS.CAN.AB.Transportation Freight.Off Road,Service,AB,Transportation Freight,Off Road,Diesel High Efficiency,fcc,,,,constant_tech,$,60539.2562237379,60539.2562237379,60539.2562237379,60539.2562237379,60539.2562237379,60539.2562237379,60539.2562237379,60539.2562237379,60539.2562237379,60539.2562237379,60539.2562237379,
CIMS.CAN.AB.Transportation Freight.Off Road,Service,AB,Transportation Freight,Off Road,Diesel High Efficiency,service_request,,,CIMS.CAN.AB.Fuel Blends.Diesel_Transportation,annual_tech,GJ,6.45,6.45,6.45,6.45,6.45,6.45,6.45,6.45,6.45,6.45,6.45,
CIMS.CAN.AB.Transportation Freight.Off Road,Service,AB,Transportation Freight,Off Road,Electric,technology,,,,,,,,,,,,,,,,,
CIMS.CAN.AB.Transportation Freight.Off Road,Service,AB,Transportation Freight,Off Road,Electric,available,,,,constant_tech,Year,2025,2025,2025,2025,2025,2025,2025,2025,2025,2025,2025,
CIMS.CAN.AB.Transportation Freight.Off Road,Service,AB,Transportation Freight,Off Road,Electric,unavailable,,,,constant_tech,Year,2101,2101,2101,2101,2101,2101,2101,2101,2101,2101,2101,
CIMS.CAN.AB.Transportation Freight.Off Road,Service,AB,Transportation Freight,Off Road,Electric,lifetime,,,,constant_tech,Years,16,16,16,16,16,16,16,16,16,16,16,
CIMS.CAN.AB.Transportation Freight.Off Road,Service,AB,Transportation Freight,Off Road,Electric,market_share_total,,,,annual_tech,%,0,,,,,,,,,,,
CIMS.CAN.AB.Transportation Freight.Off Road,Service,AB,Transportation Freight,Off Road,Electric,output,,,,constant_tech,node unit,20,20,20,20,20,20,20,20,20,20,20,
CIMS.CAN.AB.Transportation Freight.Off Road,Service,AB,Transportation Freight,Off Road,Electric,fcc,,,,constant_tech,$,149548.416766943,149548.416766943,149548.416766943,149548.416766943,149548.416766943,149548.416766943,149548.416766943,149548.416766943,149548.416766943,149548.416766943,149548.416766943,
CIMS.CAN.AB.Transportation Freight.Off Road,Service,AB,Transportation Freight,Off Road,Electric,service_request,,,CIMS.CAN.AB.Electricity,annual_tech,GJ,3.225,3.225,3.225,3.225,3.225,3.225,3.225,3.225,3.225,3.225,3.225,
CIMS.CAN.AB.Transportation Freight.EV Infrastructure,Service,AB,Transportation Freight,EV Infrastructure,,service_provide,,,,constant_tech,GJ,,,,,,,,,,,,
CIMS.CAN.AB.Transportation Freight.EV Infrastructure,Service,AB,Transportation Freight,EV Infrastructure,,competition,Fixed Ratio,,,,,,,,,,,,,,,,
CIMS.CAN.AB.Transportation Freight.EV Infrastructure,Service,AB,Transportation Freight,EV Infrastructure,,service_request,,,CIMS.CAN.AB.Transportation Freight.EV Infrastructure.Depot Stations,annual_tech,GJ,0.65,0.65,0.65,0.65,0.65,0.65,0.65,0.65,0.65,0.65,0.65,
CIMS.CAN.AB.Transportation Freight.EV Infrastructure,Service,AB,Transportation Freight,EV Infrastructure,,service_request,,,CIMS.CAN.AB.Transportation Freight.EV Infrastructure.Rapid Charging Stations,annual_tech,GJ,0.35,0.35,0.35,0.35,0.35,0.35,0.35,0.35,0.35,0.35,0.35,
CIMS.CAN.AB.Transportation Freight.EV Infrastructure.Depot Stations,Service,AB,Transportation Freight,Depot Stations,,service_provide,,,,constant_tech,GJ,,,,,,,,,,,,
CIMS.CAN.AB.Transportation Freight.EV Infrastructure.Depot Stations,Service,AB,Transportation Freight,Depot Stations,,competition,Tech Compete,,,,,,,,,,,,,,,,
CIMS.CAN.AB.Transportation Freight.EV Infrastructure.Depot Stations,Service,AB,Transportation Freight,Depot Stations,,discount_rate_financial,,,,constant_tech,%,0.25,0.25,0.25,0.25,0.25,0.25,0.25,0.25,0.25,0.25,0.25,
CIMS.CAN.AB.Transportation Freight.EV Infrastructure.Depot Stations,Service,AB,Transportation Freight,Depot Stations,,heterogeneity,,,,constant_tech,,15,15,15,15,15,15,15,15,15,15,15,
CIMS.CAN.AB.Transportation Freight.EV Infrastructure.Depot Stations,Service,AB,Transportation Freight,Depot Stations,Station,technology,,,,,,,,,,,,,,,,,
CIMS.CAN.AB.Transportation Freight.EV Infrastructure.Depot Stations,Service,AB,Transportation Freight,Depot Stations,Station,available,,,,constant_tech,Year,2020,2020,2020,2020,2020,2020,2020,2020,2020,2020,2020,
CIMS.CAN.AB.Transportation Freight.EV Infrastructure.Depot Stations,Service,AB,Transportation Freight,Depot Stations,Station,unavailable,,,,constant_tech,Year,2101,2101,2101,2101,2101,2101,2101,2101,2101,2101,2101,
CIMS.CAN.AB.Transportation Freight.EV Infrastructure.Depot Stations,Service,AB,Transportation Freight,Depot Stations,Station,lifetime,,,,constant_tech,Years,50,50,50,50,50,50,50,50,50,50,50,
CIMS.CAN.AB.Transportation Freight.EV Infrastructure.Depot Stations,Service,AB,Transportation Freight,Depot Stations,Station,market_share_total,,,,annual_tech,%,1,,,,,,,,,,,
CIMS.CAN.AB.Transportation Freight.EV Infrastructure.Depot Stations,Service,AB,Transportation Freight,Depot Stations,Station,output,,,,constant_tech,node unit,1767.2,1767.2,1767.2,1767.2,1767.2,1767.2,1767.2,1767.2,1767.2,1767.2,1767.2,
CIMS.CAN.AB.Transportation Freight.EV Infrastructure.Depot Stations,Service,AB,Transportation Freight,Depot Stations,Station,fcc,,,,constant_tech,$,76000,76000,76000,76000,76000,76000,76000,76000,76000,76000,76000,
CIMS.CAN.AB.Transportation Freight.EV Infrastructure.Depot Stations,Service,AB,Transportation Freight,Depot Stations,Station,fom,,,,constant_tech,$,458.41,458.41,458.41,458.41,458.41,458.41,458.41,458.41,458.41,458.41,458.41,
CIMS.CAN.AB.Transportation Freight.EV Infrastructure.Rapid Charging Stations,Service,AB,Transportation Freight,Rapid Charging Stations,,service_provide,,,,constant_tech,GJ,,,,,,,,,,,,
CIMS.CAN.AB.Transportation Freight.EV Infrastructure.Rapid Charging Stations,Service,AB,Transportation Freight,Rapid Charging Stations,,competition,Tech Compete,,,,,,,,,,,,,,,,
CIMS.CAN.AB.Transportation Freight.EV Infrastructure.Rapid Charging Stations,Service,AB,Transportation Freight,Rapid Charging Stations,,discount_rate_financial,,,,constant_tech,%,0.25,0.25,0.25,0.25,0.25,0.25,0.25,0.25,0.25,0.25,0.25,
CIMS.CAN.AB.Transportation Freight.EV Infrastructure.Rapid Charging Stations,Service,AB,Transportation Freight,Rapid Charging Stations,,heterogeneity,,,,constant_tech,,15,15,15,15,15,15,15,15,15,15,15,
CIMS.CAN.AB.Transportation Freight.EV Infrastructure.Rapid Charging Stations,Service,AB,Transportation Freight,Rapid Charging Stations,Station,technology,,,,,,,,,,,,,,,,,
CIMS.CAN.AB.Transportation Freight.EV Infrastructure.Rapid Charging Stations,Service,AB,Transportation Freight,Rapid Charging Stations,Station,available,,,,constant_tech,Year,2020,2020,2020,2020,2020,2020,2020,2020,2020,2020,2020,
CIMS.CAN.AB.Transportation Freight.EV Infrastructure.Rapid Charging Stations,Service,AB,Transportation Freight,Rapid Charging Stations,Station,unavailable,,,,constant_tech,Year,2101,2101,2101,2101,2101,2101,2101,2101,2101,2101,2101,
CIMS.CAN.AB.Transportation Freight.EV Infrastructure.Rapid Charging Stations,Service,AB,Transportation Freight,Rapid Charging Stations,Station,lifetime,,,,constant_tech,Years,50,50,50,50,50,50,50,50,50,50,50,
CIMS.CAN.AB.Transportation Freight.EV Infrastructure.Rapid Charging Stations,Service,AB,Transportation Freight,Rapid Charging Stations,Station,market_share_total,,,,annual_tech,%,1,,,,,,,,,,,
CIMS.CAN.AB.Transportation Freight.EV Infrastructure.Rapid Charging Stations,Service,AB,Transportation Freight,Rapid Charging Stations,Station,output,,,,constant_tech,node unit,8205,8205,8205,8205,8205,8205,8205,8205,8205,8205,8205,
CIMS.CAN.AB.Transportation Freight.EV Infrastructure.Rapid Charging Stations,Service,AB,Transportation Freight,Rapid Charging Stations,Station,fcc,,,,constant_tech,$,310000,310000,310000,310000,310000,310000,310000,310000,310000,310000,310000,
CIMS.CAN.AB.Transportation Freight.EV Infrastructure.Rapid Charging Stations,Service,AB,Transportation Freight,Rapid Charging Stations,Station,fom,,,,constant_tech,$,9509,9509,9509,9509,9509,9509,9509,9509,9509,9509,9509,
CIMS.CAN.AB.Transportation Freight.FCEV Infrastructure,Service,AB,Transportation Freight,FCEV Infrastructure,,service_provide,,,,constant_tech,GJ,,,,,,,,,,,,
CIMS.CAN.AB.Transportation Freight.FCEV Infrastructure,Service,AB,Transportation Freight,FCEV Infrastructure,,competition,Tech Compete,,,,,,,,,,,,,,,,
CIMS.CAN.AB.Transportation Freight.FCEV Infrastructure,Service,AB,Transportation Freight,FCEV Infrastructure,,discount_rate_financial,,,,constant_tech,%,0.25,0.25,0.25,0.25,0.25,0.25,0.25,0.25,0.25,0.25,0.25,
CIMS.CAN.AB.Transportation Freight.FCEV Infrastructure,Service,AB,Transportation Freight,FCEV Infrastructure,,heterogeneity,,,,constant_tech,,15,15,15,15,15,15,15,15,15,15,15,
CIMS.CAN.AB.Transportation Freight.FCEV Infrastructure,Service,AB,Transportation Freight,FCEV Infrastructure,Low Capacity Station,technology,,,,,,,,,,,,,,,,,
CIMS.CAN.AB.Transportation Freight.FCEV Infrastructure,Service,AB,Transportation Freight,FCEV Infrastructure,Low Capacity Station,available,,,,constant_tech,Year,2020,2020,2020,2020,2020,2020,2020,2020,2020,2020,2020,
CIMS.CAN.AB.Transportation Freight.FCEV Infrastructure,Service,AB,Transportation Freight,FCEV Infrastructure,Low Capacity Station,unavailable,,,,constant_tech,Year,2101,2101,2101,2101,2101,2101,2101,2101,2101,2101,2101,
CIMS.CAN.AB.Transportation Freight.FCEV Infrastructure,Service,AB,Transportation Freight,FCEV Infrastructure,Low Capacity Station,lifetime,,,,constant_tech,Years,50,50,50,50,50,50,50,50,50,50,50,
CIMS.CAN.AB.Transportation Freight.FCEV Infrastructure,Service,AB,Transportation Freight,FCEV Infrastructure,Low Capacity Station,market_share_total,,,,annual_tech,%,1,,,,,,,,,,,
CIMS.CAN.AB.Transportation Freight.FCEV Infrastructure,Service,AB,Transportation Freight,FCEV Infrastructure,Low Capacity Station,output,,,,constant_tech,node unit,20146,20146,20146,20146,20146,20146,20146,20146,20146,20146,20146,
CIMS.CAN.AB.Transportation Freight.FCEV Infrastructure,Service,AB,Transportation Freight,FCEV Infrastructure,Low Capacity Station,fcc,,,,constant_tech,$,639992,639992,639992,639992,639992,639992,639992,639992,639992,639992,639992,
CIMS.CAN.AB.Transportation Freight.FCEV Infrastructure,Service,AB,Transportation Freight,FCEV Infrastructure,Low Capacity Station,fom,,,,constant_tech,$,48365,48365,48365,48365,48365,48365,48365,48365,48365,48365,48365,
CIMS.CAN.AB.Transportation Freight.FCEV Infrastructure,Service,AB,Transportation Freight,FCEV Infrastructure,High Capacity Station,technology,,,,,,,,,,,,,,,,,
CIMS.CAN.AB.Transportation Freight.FCEV Infrastructure,Service,AB,Transportation Freight,FCEV Infrastructure,High Capacity Station,available,,,,constant_tech,Year,2025,2025,2025,2025,2025,2025,2025,2025,2025,2025,2025,
CIMS.CAN.AB.Transportation Freight.FCEV Infrastructure,Service,AB,Transportation Freight,FCEV Infrastructure,High Capacity Station,unavailable,,,,constant_tech,Year,2101,2101,2101,2101,2101,2101,2101,2101,2101,2101,2101,
CIMS.CAN.AB.Transportation Freight.FCEV Infrastructure,Service,AB,Transportation Freight,FCEV Infrastructure,High Capacity Station,lifetime,,,,constant_tech,Years,50,50,50,50,50,50,50,50,50,50,50,
CIMS.CAN.AB.Transportation Freight.FCEV Infrastructure,Service,AB,Transportation Freight,FCEV Infrastructure,High Capacity Station,market_share_total,,,,annual_tech,%,0,,,,,,,,,,,
CIMS.CAN.AB.Transportation Freight.FCEV Infrastructure,Service,AB,Transportation Freight,FCEV Infrastructure,High Capacity Station,output,,,,constant_tech,node unit,53016,53016,53016,53016,53016,53016,53016,53016,53016,53016,53016,
CIMS.CAN.AB.Transportation Freight.FCEV Infrastructure,Service,AB,Transportation Freight,FCEV Infrastructure,High Capacity Station,fcc,,,,constant_tech,$,2179309,2179309,2179309,2179309,2179309,2179309,2179309,2179309,2179309,2179309,2179309,
CIMS.CAN.AB.Transportation Freight.FCEV Infrastructure,Service,AB,Transportation Freight,FCEV Infrastructure,High Capacity Station,fom,,,,constant_tech,$,67711,67711,67711,67711,67711,67711,67711,67711,67711,67711,67711,
CIMS.CAN.AB.Transportation Freight.Catenary Infrastructure,Service,AB,Transportation Freight,Catenary Infrastructure,,service_provide,,,,constant_tech,GJ,,,,,,,,,,,,
CIMS.CAN.AB.Transportation Freight.Catenary Infrastructure,Service,AB,Transportation Freight,Catenary Infrastructure,,competition,Tech Compete,,,,,,,,,,,,,,,,
CIMS.CAN.AB.Transportation Freight.Catenary Infrastructure,Service,AB,Transportation Freight,Catenary Infrastructure,,discount_rate_financial,,,,constant_tech,%,0.25,0.25,0.25,0.25,0.25,0.25,0.25,0.25,0.25,0.25,0.25,
CIMS.CAN.AB.Transportation Freight.Catenary Infrastructure,Service,AB,Transportation Freight,Catenary Infrastructure,,heterogeneity,,,,constant_tech,,15,15,15,15,15,15,15,15,15,15,15,
CIMS.CAN.AB.Transportation Freight.Catenary Infrastructure,Service,AB,Transportation Freight,Catenary Infrastructure,Catenary Road,technology,,,,,,,,,,,,,,,,,
CIMS.CAN.AB.Transportation Freight.Catenary Infrastructure,Service,AB,Transportation Freight,Catenary Infrastructure,Catenary Road,available,,,,constant_tech,Year,2030,2030,2030,2030,2030,2030,2030,2030,2030,2030,2030,
CIMS.CAN.AB.Transportation Freight.Catenary Infrastructure,Service,AB,Transportation Freight,Catenary Infrastructure,Catenary Road,unavailable,,,,constant_tech,Year,2101,2101,2101,2101,2101,2101,2101,2101,2101,2101,2101,
CIMS.CAN.AB.Transportation Freight.Catenary Infrastructure,Service,AB,Transportation Freight,Catenary Infrastructure,Catenary Road,lifetime,,,,constant_tech,Years,50,50,50,50,50,50,50,50,50,50,50,
CIMS.CAN.AB.Transportation Freight.Catenary Infrastructure,Service,AB,Transportation Freight,Catenary Infrastructure,Catenary Road,market_share_total,,,,annual_tech,%,1,,,,,,,,,,,
CIMS.CAN.AB.Transportation Freight.Catenary Infrastructure,Service,AB,Transportation Freight,Catenary Infrastructure,Catenary Road,output,,,,constant_tech,node unit,1241974.5,1241974.5,1241974.5,1241974.5,1241974.5,1241974.5,1241974.5,1241974.5,1241974.5,1241974.5,1241974.5,
CIMS.CAN.AB.Transportation Freight.Catenary Infrastructure,Service,AB,Transportation Freight,Catenary Infrastructure,Catenary Road,fcc,,,,constant_tech,$,1365470000,1365470000,1365470000,1365470000,1365470000,1365470000,1365470000,1365470000,1365470000,1365470000,1365470000,
CIMS.CAN.AB.Transportation Freight.Catenary Infrastructure,Service,AB,Transportation Freight,Catenary Infrastructure,Catenary Road,fom,,,,constant_tech,$,281751,281751,281751,281751,281751,281751,281751,281751,281751,281751,281751,
