,<-- Navigate by typing to search,,,,,,,,,,,,,,,,,,,,,,
Branch,Type,Region,Sector,Service,Technology,Parameter,Context,Sub_Context,Target,Source,Unit,2000,2005,2010,2015,2020,2025,2030,2035,2040,2045,2050,Comments
CIMS.CAN.MB.Electricity,Sector,MB,Electricity,,,service_provide,,,,activity_data_generic,GJ,,,,,,,,,,,,
CIMS.CAN.MB.Electricity,Sector,MB,Electricity,,,competition,Sector,,,,,,,,,,,,,,,,
CIMS.CAN.MB.Electricity,Sector,MB,Electricity,,,is_supply,TRUE,,,,,,,,,,,,,,,,
CIMS.CAN.MB.Electricity,Sector,MB,Electricity,,,multiplier_price,,,CIMS.CAN.MB.Biodiesel,JCIMS,,0,1,1,1,1,1,1,1,1,1,1,
CIMS.CAN.MB.Electricity,Sector,MB,Electricity,,,multiplier_price,,,CIMS.Generic Fuels.Biogas,JCIMS,,1,1,1,1,1,1,1,1,1,1,1,
CIMS.CAN.MB.Electricity,Sector,MB,Electricity,,,multiplier_price,,,CIMS.Generic Fuels.Black Liquor,JCIMS,,1,1,1,1,1,1,1,1,1,1,1,
CIMS.CAN.MB.Electricity,Sector,MB,Electricity,,,multiplier_price,,,CIMS.Generic Fuels.Coal,JCIMS,,1,1,1,1,1,1,1,1,1,1,1,
CIMS.CAN.MB.Electricity,Sector,MB,Electricity,,,multiplier_price,,,CIMS.Generic Fuels.Coke,JCIMS,,1,1,1,1,1,1,1,1,1,1,1,
CIMS.CAN.MB.Electricity,Sector,MB,Electricity,,,multiplier_price,,,CIMS.Generic Fuels.Diesel,JCIMS,,0.44969499878381,0.52455741450093,0.74274922249282,0.74554903831526,0.86685361781234,0.95921661043739,1.03930989828699,1.10544820774005,1.15320091720262,1.16157123068941,1.17592598537729,
CIMS.CAN.MB.Electricity,Sector,MB,Electricity,,,multiplier_price,,,CIMS.CAN.MB.Electricity,,,1,1,1,1,1,1,1,1,1,1,1,
CIMS.CAN.MB.Electricity,Sector,MB,Electricity,,,multiplier_price,,,CIMS.CAN.MB.Ethanol,JCIMS,,1,1,1,1,1,1,1,1,1,1,1,
CIMS.CAN.MB.Electricity,Sector,MB,Electricity,,,multiplier_price,,,CIMS.Generic Fuels.Fuel Oil,CER,,0.986093329895,0.98453121428434,1.0403244318848,1.10214813999191,1.21079307599774,1.27784655212994,1.34932927368762,1.34754650216828,1.33147469266986,1.31179841634557,1.29422196667178,
CIMS.CAN.MB.Electricity,Sector,MB,Electricity,,,multiplier_price,,,CIMS.Generic Fuels.Gasoline,JCIMS,,1,1,1,1,1,1,1,1,1,1,1,
CIMS.CAN.MB.Electricity,Sector,MB,Electricity,,,multiplier_price,,,CIMS.CAN.MB.Hydrogen,JCIMS,,1,1,1,1,1,1,1,1,1,1,1,
CIMS.CAN.MB.Electricity,Sector,MB,Electricity,,,multiplier_price,,,CIMS.Generic Fuels.Jet Fuel,JCIMS,,1,1,1,1,1,1,1,1,1,1,1,
CIMS.CAN.MB.Electricity,Sector,MB,Electricity,,,multiplier_price,,,CIMS.Generic Fuels.LPG,JCIMS,,1,1,1,1,1,1,1,1,1,1,1,
CIMS.CAN.MB.Electricity,Sector,MB,Electricity,,,multiplier_price,,,CIMS.Generic Fuels.Natural Gas,CER,,1.07602333282632,0.98517529009583,0.78790498418168,0.96572779762688,1.23971515673918,1.14207288301473,1.10739261858448,1.09267798508374,1.05106330066136,0.9537098075736,0.86494694088816,
CIMS.CAN.MB.Electricity,Sector,MB,Electricity,,,multiplier_price,,,CIMS.Generic Fuels.Petroleum Coke,JCIMS,,1,1,1,1,1,1,1,1,1,1,1,
CIMS.CAN.MB.Electricity,Sector,MB,Electricity,,,multiplier_price,,,CIMS.Generic Fuels.Propane,JCIMS,,1,1,1,1,1,1,1,1,1,1,1,
CIMS.CAN.MB.Electricity,Sector,MB,Electricity,,,multiplier_price,,,CIMS.Generic Fuels.Refinery Fuel Gas,JCIMS,,1,1,1,1,1,1,1,1,1,1,1,
CIMS.CAN.MB.Electricity,Sector,MB,Electricity,,,multiplier_price,,,CIMS.Generic Fuels.Solid Biomass,JCIMS,,0.92896569804039,1,1.86589648719845,1.86589648719845,1.86589648719845,1.86589648719845,1.86589648719845,1.86589648719845,1.86589648719845,1.86589648719845,1.86589648719845,
CIMS.CAN.MB.Electricity,Sector,MB,Electricity,,,multiplier_price,,,CIMS.Generic Fuels.Uranium,JCIMS,,1,1,1,1,1,1,1,1,1,1,1,
CIMS.CAN.MB.Electricity,Sector,MB,Electricity,,,multiplier_price,,,CIMS.Generic Fuels.Waste Fuel,JCIMS,,1,1,1,1,1,1,1,1,1,1,1,
CIMS.CAN.MB.Electricity,Sector,MB,Electricity,,,emissions,CO2,Combustion,,"ECCC, NIR",tCO2,0,0,0,0,0,0,0,0,0,0,0,
CIMS.CAN.MB.Electricity,Sector,MB,Electricity,,,emissions,CH4,Combustion,,"ECCC, NIR",tCH4,0,0,0,0,0,0,0,0,0,0,0,
CIMS.CAN.MB.Electricity,Sector,MB,Electricity,,,emissions,N2O,Combustion,,"ECCC, NIR",tN2O,0,0,0,0,0,0,0,0,0,0,0,
CIMS.CAN.MB.Electricity,Sector,MB,Electricity,,,service_request,,,CIMS.CAN.MB.Electricity.Utility Generation,activity_data_generic,MWh,0.27777777777778,0.27777777777778,0.27777777777778,0.27777777777778,0.27777777777778,0.27777777777778,0.27777777777778,0.27777777777778,0.27777777777778,0.27777777777778,0.27777777777778,
CIMS.CAN.MB.Electricity.Utility Generation,Service,MB,Electricity,Utility Generation,,service_provide,,,,activity_data_generic,MWh,,,,,,,,,,,,
CIMS.CAN.MB.Electricity.Utility Generation,Service,MB,Electricity,Utility Generation,,competition,Fixed Ratio,,,,,,,,,,,,,,,,
CIMS.CAN.MB.Electricity.Utility Generation,Service,MB,Electricity,Utility Generation,,service_request,,,CIMS.CAN.MB.Electricity.Utility Generation.Base Load,activity_data_region,MWh,0.75550460479375,0.75550460479375,0.75550460479375,0.75550460479375,0.75550460479375,0.75550460479375,0.75550460479375,0.75550460479375,0.75550460479375,0.75550460479375,0.75550460479375,
CIMS.CAN.MB.Electricity.Utility Generation,Service,MB,Electricity,Utility Generation,,service_request,,,CIMS.CAN.MB.Electricity.Utility Generation.Shoulder Load,activity_data_region,MWh,0.34125701280891,0.34125701280891,0.34125701280891,0.34125701280891,0.34125701280891,0.34125701280891,0.34125701280891,0.34125701280891,0.34125701280891,0.34125701280891,0.34125701280891,
CIMS.CAN.MB.Electricity.Utility Generation,Service,MB,Electricity,Utility Generation,,service_request,,,CIMS.CAN.MB.Electricity.Utility Generation.Peak Load,activity_data_region,MWh,0.04141275071057,0.04141275071057,0.04141275071057,0.04141275071057,0.04141275071057,0.04141275071057,0.04141275071057,0.04141275071057,0.04141275071057,0.04141275071057,0.04141275071057,
CIMS.CAN.MB.Electricity.Utility Generation.Base Load,Service,MB,Electricity,Base Load,,service_provide,,,,activity_data_generic,MWh,,,,,,,,,,,,
CIMS.CAN.MB.Electricity.Utility Generation.Base Load,Service,MB,Electricity,Base Load,,competition,Tech Compete,,,,,,,,,,,,,,,,
CIMS.CAN.MB.Electricity.Utility Generation.Base Load,Service,MB,Electricity,Base Load,,discount_rate_financial,,,,tech_data_generic,%,0.125,0.125,0.125,0.125,0.125,0.125,0.125,0.125,0.125,0.125,0.125,
CIMS.CAN.MB.Electricity.Utility Generation.Base Load,Service,MB,Electricity,Base Load,,heterogeneity,,,,tech_data_generic,,10,10,10,10,10,10,10,10,10,10,10,
CIMS.CAN.MB.Electricity.Utility Generation.Base Load,Service,MB,Electricity,Base Load,Coal,technology,,,,,,,,,,,,,,,,,
CIMS.CAN.MB.Electricity.Utility Generation.Base Load,Service,MB,Electricity,Base Load,Coal,available,,,,tech_data_generic,Year,2000,2000,2000,2000,2000,2000,2000,2000,2000,2000,2000,
CIMS.CAN.MB.Electricity.Utility Generation.Base Load,Service,MB,Electricity,Base Load,Coal,unavailable,,,,tech_data_generic,Year,2101,2101,2101,2101,2101,2101,2101,2101,2101,2101,2101,
CIMS.CAN.MB.Electricity.Utility Generation.Base Load,Service,MB,Electricity,Base Load,Coal,lifetime,,,,tech_data_generic,Years,30,30,30,30,30,30,30,30,30,30,30,
CIMS.CAN.MB.Electricity.Utility Generation.Base Load,Service,MB,Electricity,Base Load,Coal,market_share_total,,,,tech_data_region,%,0.03,,,,,,,,,,,
CIMS.CAN.MB.Electricity.Utility Generation.Base Load,Service,MB,Electricity,Base Load,Coal,output,,,,tech_data_generic,MWh,38149800,38149800,38149800,38149800,38149800,38149800,38149800,38149800,38149800,38149800,38149800,
CIMS.CAN.MB.Electricity.Utility Generation.Base Load,Service,MB,Electricity,Base Load,Coal,fcc,,,,tech_data_generic,$,3714730500,3714730500,3714730500,3714730500,3714730500,3714730500,3714730500,3714730500,3714730500,3714730500,3714730500,
CIMS.CAN.MB.Electricity.Utility Generation.Base Load,Service,MB,Electricity,Base Load,Coal,fom,,,,tech_data_generic,$,34467550,34467550,34467550,34467550,34467550,34467550,34467550,34467550,34467550,34467550,34467550,
CIMS.CAN.MB.Electricity.Utility Generation.Base Load,Service,MB,Electricity,Base Load,Coal,service_request,,,CIMS.Generic Fuels.VOM,tech_multi_generic,$,5.88,5.88,5.88,5.88,5.88,5.88,5.88,5.88,5.88,5.88,5.88,
CIMS.CAN.MB.Electricity.Utility Generation.Base Load,Service,MB,Electricity,Base Load,Coal,service_request,,,CIMS.Generic Fuels.Coal,tech_multi_region,GJ,12.1609489051095,12.1609489051095,12.1609489051095,12.1609489051095,12.1609489051095,12.1609489051095,12.1609489051095,12.1609489051095,12.1609489051095,12.1609489051095,12.1609489051095,
CIMS.CAN.MB.Electricity.Utility Generation.Base Load,Service,MB,Electricity,Base Load,Coal,service_request,,,CIMS.CAN.MB.Electricity.Transmission,tech_multi_generic,unit,1,1,1,1,1,1,1,1,1,1,1,
CIMS.CAN.MB.Electricity.Utility Generation.Base Load,Service,MB,Electricity,Base Load,Coal CCS,technology,,,,,,,,,,,,,,,,,
CIMS.CAN.MB.Electricity.Utility Generation.Base Load,Service,MB,Electricity,Base Load,Coal CCS,available,,,,tech_data_generic,Year,2015,2015,2015,2015,2015,2015,2015,2015,2015,2015,2015,
CIMS.CAN.MB.Electricity.Utility Generation.Base Load,Service,MB,Electricity,Base Load,Coal CCS,unavailable,,,,tech_data_generic,Year,2101,2101,2101,2101,2101,2101,2101,2101,2101,2101,2101,
CIMS.CAN.MB.Electricity.Utility Generation.Base Load,Service,MB,Electricity,Base Load,Coal CCS,lifetime,,,,tech_data_generic,Years,30,30,30,30,30,30,30,30,30,30,30,
CIMS.CAN.MB.Electricity.Utility Generation.Base Load,Service,MB,Electricity,Base Load,Coal CCS,market_share_total,,,,tech_data_region,%,0,,,,,,,,,,,
CIMS.CAN.MB.Electricity.Utility Generation.Base Load,Service,MB,Electricity,Base Load,Coal CCS,output,,,,tech_data_generic,MWh,38149800,38149800,38149800,38149800,38149800,38149800,38149800,38149800,38149800,38149800,38149800,
CIMS.CAN.MB.Electricity.Utility Generation.Base Load,Service,MB,Electricity,Base Load,Coal CCS,fcc,,,,tech_data_generic,$,3714730500,3714730500,3714730500,3714730500,3714730500,3714730500,3714730500,3714730500,3714730500,3714730500,3714730500,
CIMS.CAN.MB.Electricity.Utility Generation.Base Load,Service,MB,Electricity,Base Load,Coal CCS,fom,,,,tech_data_generic,$,34467550,34467550,34467550,34467550,34467550,34467550,34467550,34467550,34467550,34467550,34467550,
CIMS.CAN.MB.Electricity.Utility Generation.Base Load,Service,MB,Electricity,Base Load,Coal CCS,service_request,,,CIMS.Generic Fuels.VOM,tech_multi_generic,$,5.88,5.88,5.88,5.88,5.88,5.88,5.88,5.88,5.88,5.88,5.88,
CIMS.CAN.MB.Electricity.Utility Generation.Base Load,Service,MB,Electricity,Base Load,Coal CCS,service_request,,,CIMS.Generic Fuels.Coal,tech_multi_region,GJ,12.1609489051095,12.1609489051095,12.1609489051095,12.1609489051095,12.1609489051095,12.1609489051095,12.1609489051095,12.1609489051095,12.1609489051095,12.1609489051095,12.1609489051095,
CIMS.CAN.MB.Electricity.Utility Generation.Base Load,Service,MB,Electricity,Base Load,Coal CCS,service_request,,,CIMS.CAN.MB.Electricity.CCS.CCS_Coal,tech_multi_generic,tCO2,0.91780481684095,0.91780481684095,0.91780481684095,0.91780481684095,0.91780481684095,0.91780481684095,0.91780481684095,0.91780481684095,0.91780481684095,0.91780481684095,0.91780481684095,
CIMS.CAN.MB.Electricity.Utility Generation.Base Load,Service,MB,Electricity,Base Load,Coal CCS,service_request,,,CIMS.CAN.MB.Electricity.Transmission,tech_multi_generic,unit,1,1,1,1,1,1,1,1,1,1,1,
CIMS.CAN.MB.Electricity.Utility Generation.Base Load,Service,MB,Electricity,Base Load,Fuel Oil,technology,,,,,,,,,,,,,,,,,
CIMS.CAN.MB.Electricity.Utility Generation.Base Load,Service,MB,Electricity,Base Load,Fuel Oil,available,,,,tech_data_generic,Year,2000,2000,2000,2000,2000,2000,2000,2000,2000,2000,2000,
CIMS.CAN.MB.Electricity.Utility Generation.Base Load,Service,MB,Electricity,Base Load,Fuel Oil,unavailable,,,,tech_data_generic,Year,2101,2101,2101,2101,2101,2101,2101,2101,2101,2101,2101,
CIMS.CAN.MB.Electricity.Utility Generation.Base Load,Service,MB,Electricity,Base Load,Fuel Oil,lifetime,,,,tech_data_generic,Years,30,30,30,30,30,30,30,30,30,30,30,
CIMS.CAN.MB.Electricity.Utility Generation.Base Load,Service,MB,Electricity,Base Load,Fuel Oil,market_share_total,,,,tech_data_region,%,0,,,,,,,,,,,
CIMS.CAN.MB.Electricity.Utility Generation.Base Load,Service,MB,Electricity,Base Load,Fuel Oil,output,,,,tech_data_generic,MWh,183960,183960,183960,183960,183960,183960,183960,183960,183960,183960,183960,
CIMS.CAN.MB.Electricity.Utility Generation.Base Load,Service,MB,Electricity,Base Load,Fuel Oil,fcc,,,,tech_data_generic,$,58474290,58474290,58474290,58474290,58474290,58474290,58474290,58474290,58474290,58474290,58474290,
CIMS.CAN.MB.Electricity.Utility Generation.Base Load,Service,MB,Electricity,Base Load,Fuel Oil,fom,,,,tech_data_generic,$,964782,964782,964782,964782,964782,964782,964782,964782,964782,964782,964782,
CIMS.CAN.MB.Electricity.Utility Generation.Base Load,Service,MB,Electricity,Base Load,Fuel Oil,service_request,,,CIMS.Generic Fuels.VOM,tech_multi_generic,$,7.44,7.44,7.44,7.44,7.44,7.44,7.44,7.44,7.44,7.44,7.44,
CIMS.CAN.MB.Electricity.Utility Generation.Base Load,Service,MB,Electricity,Base Load,Fuel Oil,service_request,,,CIMS.Generic Fuels.Fuel Oil,tech_multi_generic,GJ,8.7569648,8.7569648,8.7569648,8.7569648,8.7569648,8.7569648,8.7569648,8.7569648,8.7569648,8.7569648,8.7569648,
CIMS.CAN.MB.Electricity.Utility Generation.Base Load,Service,MB,Electricity,Base Load,Fuel Oil,service_request,,,CIMS.CAN.MB.Electricity.Transmission,tech_multi_generic,unit,1,1,1,1,1,1,1,1,1,1,1,
CIMS.CAN.MB.Electricity.Utility Generation.Base Load,Service,MB,Electricity,Base Load,Natural Gas SC,technology,,,,,,,,,,,,,,,,,
CIMS.CAN.MB.Electricity.Utility Generation.Base Load,Service,MB,Electricity,Base Load,Natural Gas SC,available,,,,tech_data_generic,Year,2000,2000,2000,2000,2000,2000,2000,2000,2000,2000,2000,
CIMS.CAN.MB.Electricity.Utility Generation.Base Load,Service,MB,Electricity,Base Load,Natural Gas SC,unavailable,,,,tech_data_generic,Year,2101,2101,2101,2101,2101,2101,2101,2101,2101,2101,2101,
CIMS.CAN.MB.Electricity.Utility Generation.Base Load,Service,MB,Electricity,Base Load,Natural Gas SC,lifetime,,,,tech_data_generic,Years,30,30,30,30,30,30,30,30,30,30,30,
CIMS.CAN.MB.Electricity.Utility Generation.Base Load,Service,MB,Electricity,Base Load,Natural Gas SC,market_share_total,,,,tech_data_region,%,0,,,,,,,,,,,
CIMS.CAN.MB.Electricity.Utility Generation.Base Load,Service,MB,Electricity,Base Load,Natural Gas SC,output,,,,tech_data_generic,MWh,919800,919800,919800,919800,919800,919800,919800,919800,919800,919800,919800,
CIMS.CAN.MB.Electricity.Utility Generation.Base Load,Service,MB,Electricity,Base Load,Natural Gas SC,fcc,,,,tech_data_generic,$,153198150,153198150,153198150,153198150,153198150,153198150,153198150,153198150,153198150,153198150,153198150,
CIMS.CAN.MB.Electricity.Utility Generation.Base Load,Service,MB,Electricity,Base Load,Natural Gas SC,fom,,,,tech_data_generic,$,2235870,2235870,2235870,2235870,2235870,2235870,2235870,2235870,2235870,2235870,2235870,
CIMS.CAN.MB.Electricity.Utility Generation.Base Load,Service,MB,Electricity,Base Load,Natural Gas SC,service_request,,,CIMS.Generic Fuels.VOM,tech_multi_generic,$,6.14,6.14,6.14,6.14,6.14,6.14,6.14,6.14,6.14,6.14,6.14,
CIMS.CAN.MB.Electricity.Utility Generation.Base Load,Service,MB,Electricity,Base Load,Natural Gas SC,service_request,,,CIMS.Generic Fuels.Natural Gas,tech_multi_generic,GJ,11.1696489920861,11.1696489920861,11.1696489920861,11.1696489920861,11.1696489920861,11.1696489920861,11.1696489920861,11.1696489920861,11.1696489920861,11.1696489920861,11.1696489920861,
CIMS.CAN.MB.Electricity.Utility Generation.Base Load,Service,MB,Electricity,Base Load,Natural Gas SC,service_request,,,CIMS.CAN.MB.Electricity.Transmission,tech_multi_generic,unit,1,1,1,1,1,1,1,1,1,1,1,
CIMS.CAN.MB.Electricity.Utility Generation.Base Load,Service,MB,Electricity,Base Load,Natural Gas CC,technology,,,,,,,,,,,,,,,,,
CIMS.CAN.MB.Electricity.Utility Generation.Base Load,Service,MB,Electricity,Base Load,Natural Gas CC,available,,,,tech_data_generic,Year,2000,2000,2000,2000,2000,2000,2000,2000,2000,2000,2000,
CIMS.CAN.MB.Electricity.Utility Generation.Base Load,Service,MB,Electricity,Base Load,Natural Gas CC,unavailable,,,,tech_data_generic,Year,2101,2101,2101,2101,2101,2101,2101,2101,2101,2101,2101,
CIMS.CAN.MB.Electricity.Utility Generation.Base Load,Service,MB,Electricity,Base Load,Natural Gas CC,lifetime,,,,tech_data_generic,Years,30,30,30,30,30,30,30,30,30,30,30,
CIMS.CAN.MB.Electricity.Utility Generation.Base Load,Service,MB,Electricity,Base Load,Natural Gas CC,market_share_total,,,,tech_data_region,%,0,,,,,,,,,,,
CIMS.CAN.MB.Electricity.Utility Generation.Base Load,Service,MB,Electricity,Base Load,Natural Gas CC,output,,,,tech_data_generic,MWh,47435400,47435400,47435400,47435400,47435400,47435400,47435400,47435400,47435400,47435400,47435400,
CIMS.CAN.MB.Electricity.Utility Generation.Base Load,Service,MB,Electricity,Base Load,Natural Gas CC,fcc,,,,tech_data_generic,$,1768008330,1768008330,1768008330,1768008330,1768008330,1768008330,1768008330,1768008330,1768008330,1768008330,1768008330,
CIMS.CAN.MB.Electricity.Utility Generation.Base Load,Service,MB,Electricity,Base Load,Natural Gas CC,fom,,,,tech_data_generic,$,17260854,17260854,17260854,17260854,17260854,17260854,17260854,17260854,17260854,17260854,17260854,
CIMS.CAN.MB.Electricity.Utility Generation.Base Load,Service,MB,Electricity,Base Load,Natural Gas CC,service_request,,,CIMS.Generic Fuels.VOM,tech_multi_generic,$,2.44,2.44,2.44,2.44,2.44,2.44,2.44,2.44,2.44,2.44,2.44,
CIMS.CAN.MB.Electricity.Utility Generation.Base Load,Service,MB,Electricity,Base Load,Natural Gas CC,service_request,,,CIMS.Generic Fuels.Natural Gas,tech_multi_generic,GJ,8.9357191936689,8.9357191936689,8.9357191936689,8.9357191936689,8.9357191936689,8.9357191936689,8.9357191936689,8.9357191936689,8.9357191936689,8.9357191936689,8.9357191936689,
CIMS.CAN.MB.Electricity.Utility Generation.Base Load,Service,MB,Electricity,Base Load,Natural Gas CC,service_request,,,CIMS.CAN.MB.Electricity.Transmission,tech_multi_generic,unit,1,1,1,1,1,1,1,1,1,1,1,
CIMS.CAN.MB.Electricity.Utility Generation.Base Load,Service,MB,Electricity,Base Load,Natural Gas CC CCS,technology,,,,,,,,,,,,,,,,,
CIMS.CAN.MB.Electricity.Utility Generation.Base Load,Service,MB,Electricity,Base Load,Natural Gas CC CCS,available,,,,tech_data_generic,Year,2020,2020,2020,2020,2020,2020,2020,2020,2020,2020,2020,
CIMS.CAN.MB.Electricity.Utility Generation.Base Load,Service,MB,Electricity,Base Load,Natural Gas CC CCS,unavailable,,,,tech_data_generic,Year,2101,2101,2101,2101,2101,2101,2101,2101,2101,2101,2101,
CIMS.CAN.MB.Electricity.Utility Generation.Base Load,Service,MB,Electricity,Base Load,Natural Gas CC CCS,lifetime,,,,tech_data_generic,Years,30,30,30,30,30,30,30,30,30,30,30,
CIMS.CAN.MB.Electricity.Utility Generation.Base Load,Service,MB,Electricity,Base Load,Natural Gas CC CCS,market_share_total,,,,tech_data_region,%,0,,,,,,,,,,,
CIMS.CAN.MB.Electricity.Utility Generation.Base Load,Service,MB,Electricity,Base Load,Natural Gas CC CCS,output,,,,tech_data_generic,MWh,47435400,47435400,47435400,47435400,47435400,47435400,47435400,47435400,47435400,47435400,47435400,
CIMS.CAN.MB.Electricity.Utility Generation.Base Load,Service,MB,Electricity,Base Load,Natural Gas CC CCS,fcc,,,,tech_data_generic,$,1768008330,1768008330,1768008330,1768008330,1768008330,1768008330,1768008330,1768008330,1768008330,1768008330,1768008330,
CIMS.CAN.MB.Electricity.Utility Generation.Base Load,Service,MB,Electricity,Base Load,Natural Gas CC CCS,fom,,,,tech_data_generic,$,17260854,17260854,17260854,17260854,17260854,17260854,17260854,17260854,17260854,17260854,17260854,
CIMS.CAN.MB.Electricity.Utility Generation.Base Load,Service,MB,Electricity,Base Load,Natural Gas CC CCS,service_request,,,CIMS.Generic Fuels.VOM,tech_multi_generic,$,2.44,2.44,2.44,2.44,2.44,2.44,2.44,2.44,2.44,2.44,2.44,
CIMS.CAN.MB.Electricity.Utility Generation.Base Load,Service,MB,Electricity,Base Load,Natural Gas CC CCS,service_request,,,CIMS.Generic Fuels.Natural Gas,tech_multi_generic,GJ,8.9357191936689,8.9357191936689,8.9357191936689,8.9357191936689,8.9357191936689,8.9357191936689,8.9357191936689,8.9357191936689,8.9357191936689,8.9357191936689,8.9357191936689,
CIMS.CAN.MB.Electricity.Utility Generation.Base Load,Service,MB,Electricity,Base Load,Natural Gas CC CCS,service_request,,,CIMS.CAN.MB.Electricity.CCS.CCS_Natural Gas,tech_multi_generic,tCO2,0.45267912362002,0.45267912362002,0.45267912362002,0.45267912362002,0.45267912362002,0.45267912362002,0.45267912362002,0.45267912362002,0.45267912362002,0.45267912362002,0.45267912362002,
CIMS.CAN.MB.Electricity.Utility Generation.Base Load,Service,MB,Electricity,Base Load,Natural Gas CC CCS,service_request,,,CIMS.CAN.MB.Electricity.Transmission,tech_multi_generic,unit,1,1,1,1,1,1,1,1,1,1,1,
CIMS.CAN.MB.Electricity.Utility Generation.Base Load,Service,MB,Electricity,Base Load,Waste,technology,,,,,,,,,,,,,,,,,
CIMS.CAN.MB.Electricity.Utility Generation.Base Load,Service,MB,Electricity,Base Load,Waste,available,,,,tech_data_generic,Year,2000,2000,2000,2000,2000,2000,2000,2000,2000,2000,2000,
CIMS.CAN.MB.Electricity.Utility Generation.Base Load,Service,MB,Electricity,Base Load,Waste,unavailable,,,,tech_data_generic,Year,2101,2101,2101,2101,2101,2101,2101,2101,2101,2101,2101,
CIMS.CAN.MB.Electricity.Utility Generation.Base Load,Service,MB,Electricity,Base Load,Waste,lifetime,,,,tech_data_generic,Years,30,30,30,30,30,30,30,30,30,30,30,
CIMS.CAN.MB.Electricity.Utility Generation.Base Load,Service,MB,Electricity,Base Load,Waste,market_share_total,,,,tech_data_region,%,0,,,,,,,,,,,
CIMS.CAN.MB.Electricity.Utility Generation.Base Load,Service,MB,Electricity,Base Load,Waste,output,,,,tech_data_generic,MWh,2934600,2934600,2934600,2934600,2934600,2934600,2934600,2934600,2934600,2934600,2934600,
CIMS.CAN.MB.Electricity.Utility Generation.Base Load,Service,MB,Electricity,Base Load,Waste,fcc,,,,tech_data_generic,$,317228500,317228500,317228500,317228500,317228500,317228500,317228500,317228500,317228500,317228500,317228500,
CIMS.CAN.MB.Electricity.Utility Generation.Base Load,Service,MB,Electricity,Base Load,Waste,fom,,,,tech_data_generic,$,8213400,8213400,8213400,8213400,8213400,8213400,8213400,8213400,8213400,8213400,8213400,
CIMS.CAN.MB.Electricity.Utility Generation.Base Load,Service,MB,Electricity,Base Load,Waste,service_request,,,CIMS.Generic Fuels.VOM,tech_multi_generic,$,6.31,6.31,6.31,6.31,6.31,6.31,6.31,6.31,6.31,6.31,6.31,
CIMS.CAN.MB.Electricity.Utility Generation.Base Load,Service,MB,Electricity,Base Load,Waste,service_request,,,CIMS.Generic Fuels.Waste Fuel,tech_multi_generic,GJ,14.243256,14.243256,14.243256,14.243256,14.243256,14.243256,14.243256,14.243256,14.243256,14.243256,14.243256,
CIMS.CAN.MB.Electricity.Utility Generation.Base Load,Service,MB,Electricity,Base Load,Waste,service_request,,,CIMS.CAN.MB.Electricity.Transmission,tech_multi_generic,unit,1,1,1,1,1,1,1,1,1,1,1,
CIMS.CAN.MB.Electricity.Utility Generation.Base Load,Service,MB,Electricity,Base Load,Biomass,technology,,,,,,,,,,,,,,,,,
CIMS.CAN.MB.Electricity.Utility Generation.Base Load,Service,MB,Electricity,Base Load,Biomass,available,,,,tech_data_generic,Year,2000,2000,2000,2000,2000,2000,2000,2000,2000,2000,2000,
CIMS.CAN.MB.Electricity.Utility Generation.Base Load,Service,MB,Electricity,Base Load,Biomass,unavailable,,,,tech_data_generic,Year,2101,2101,2101,2101,2101,2101,2101,2101,2101,2101,2101,
CIMS.CAN.MB.Electricity.Utility Generation.Base Load,Service,MB,Electricity,Base Load,Biomass,lifetime,,,,tech_data_generic,Years,30,30,30,30,30,30,30,30,30,30,30,
CIMS.CAN.MB.Electricity.Utility Generation.Base Load,Service,MB,Electricity,Base Load,Biomass,market_share_total,,,,tech_data_region,%,0,,,,,,,,,,,
CIMS.CAN.MB.Electricity.Utility Generation.Base Load,Service,MB,Electricity,Base Load,Biomass,output,,,,tech_data_generic,MWh,2934600,2934600,2934600,2934600,2934600,2934600,2934600,2934600,2934600,2934600,2934600,
CIMS.CAN.MB.Electricity.Utility Generation.Base Load,Service,MB,Electricity,Base Load,Biomass,fcc,,,,tech_data_generic,$,317228500,317228500,317228500,317228500,317228500,317228500,317228500,317228500,317228500,317228500,317228500,
CIMS.CAN.MB.Electricity.Utility Generation.Base Load,Service,MB,Electricity,Base Load,Biomass,fom,,,,tech_data_generic,$,8213400,8213400,8213400,8213400,8213400,8213400,8213400,8213400,8213400,8213400,8213400,
CIMS.CAN.MB.Electricity.Utility Generation.Base Load,Service,MB,Electricity,Base Load,Biomass,service_request,,,CIMS.Generic Fuels.VOM,tech_multi_generic,$,6.31,6.31,6.31,6.31,6.31,6.31,6.31,6.31,6.31,6.31,6.31,
CIMS.CAN.MB.Electricity.Utility Generation.Base Load,Service,MB,Electricity,Base Load,Biomass,service_request,,,CIMS.Generic Fuels.Solid Biomass,tech_multi_generic,GJ,14.243256,14.243256,14.243256,14.243256,14.243256,14.243256,14.243256,14.243256,14.243256,14.243256,14.243256,
CIMS.CAN.MB.Electricity.Utility Generation.Base Load,Service,MB,Electricity,Base Load,Biomass,service_request,,,CIMS.CAN.MB.Electricity.Transmission,tech_multi_generic,unit,1,1,1,1,1,1,1,1,1,1,1,
CIMS.CAN.MB.Electricity.Utility Generation.Base Load,Service,MB,Electricity,Base Load,Biomass CCS,technology,,,,,,,,,,,,,,,,,
CIMS.CAN.MB.Electricity.Utility Generation.Base Load,Service,MB,Electricity,Base Load,Biomass CCS,available,,,,tech_data_generic,Year,2020,2020,2020,2020,2020,2020,2020,2020,2020,2020,2020,
CIMS.CAN.MB.Electricity.Utility Generation.Base Load,Service,MB,Electricity,Base Load,Biomass CCS,unavailable,,,,tech_data_generic,Year,2101,2101,2101,2101,2101,2101,2101,2101,2101,2101,2101,
CIMS.CAN.MB.Electricity.Utility Generation.Base Load,Service,MB,Electricity,Base Load,Biomass CCS,lifetime,,,,tech_data_generic,Years,30,30,30,30,30,30,30,30,30,30,30,
CIMS.CAN.MB.Electricity.Utility Generation.Base Load,Service,MB,Electricity,Base Load,Biomass CCS,market_share_total,,,,tech_data_region,%,0,,,,,,,,,,,
CIMS.CAN.MB.Electricity.Utility Generation.Base Load,Service,MB,Electricity,Base Load,Biomass CCS,output,,,,tech_data_generic,MWh,2934600,2934600,2934600,2934600,2934600,2934600,2934600,2934600,2934600,2934600,2934600,
CIMS.CAN.MB.Electricity.Utility Generation.Base Load,Service,MB,Electricity,Base Load,Biomass CCS,fcc,,,,tech_data_generic,$,317228500,317228500,317228500,317228500,317228500,317228500,317228500,317228500,317228500,317228500,317228500,
CIMS.CAN.MB.Electricity.Utility Generation.Base Load,Service,MB,Electricity,Base Load,Biomass CCS,fom,,,,tech_data_generic,$,8213400,8213400,8213400,8213400,8213400,8213400,8213400,8213400,8213400,8213400,8213400,
CIMS.CAN.MB.Electricity.Utility Generation.Base Load,Service,MB,Electricity,Base Load,Biomass CCS,service_request,,,CIMS.Generic Fuels.VOM,tech_multi_generic,$,6.31,6.31,6.31,6.31,6.31,6.31,6.31,6.31,6.31,6.31,6.31,
CIMS.CAN.MB.Electricity.Utility Generation.Base Load,Service,MB,Electricity,Base Load,Biomass CCS,service_request,,,CIMS.Generic Fuels.Solid Biomass,tech_multi_generic,GJ,14.243256,14.243256,14.243256,14.243256,14.243256,14.243256,14.243256,14.243256,14.243256,14.243256,14.243256,
CIMS.CAN.MB.Electricity.Utility Generation.Base Load,Service,MB,Electricity,Base Load,Biomass CCS,service_request,,,CIMS.CAN.MB.Electricity.CCS.CCS_Biomass,tech_multi_generic,tCO2,1.19506771232877,1.19506771232877,1.19506771232877,1.19506771232877,1.19506771232877,1.19506771232877,1.19506771232877,1.19506771232877,1.19506771232877,1.19506771232877,1.19506771232877,
CIMS.CAN.MB.Electricity.Utility Generation.Base Load,Service,MB,Electricity,Base Load,Biomass CCS,service_request,,,CIMS.CAN.MB.Electricity.Transmission,tech_multi_generic,unit,1,1,1,1,1,1,1,1,1,1,1,
CIMS.CAN.MB.Electricity.Utility Generation.Base Load,Service,MB,Electricity,Base Load,Geoexchange,technology,,,,,,,,,,,,,,,,,
CIMS.CAN.MB.Electricity.Utility Generation.Base Load,Service,MB,Electricity,Base Load,Geoexchange,available,,,,tech_data_generic,Year,2010,2010,2010,2010,2010,2010,2010,2010,2010,2010,2010,
CIMS.CAN.MB.Electricity.Utility Generation.Base Load,Service,MB,Electricity,Base Load,Geoexchange,unavailable,,,,tech_data_generic,Year,2101,2101,2101,2101,2101,2101,2101,2101,2101,2101,2101,
CIMS.CAN.MB.Electricity.Utility Generation.Base Load,Service,MB,Electricity,Base Load,Geoexchange,lifetime,,,,tech_data_generic,Years,40,40,40,40,40,40,40,40,40,40,40,
CIMS.CAN.MB.Electricity.Utility Generation.Base Load,Service,MB,Electricity,Base Load,Geoexchange,market_share_total,,,,tech_data_region,%,0,,,,,,,,,,,
CIMS.CAN.MB.Electricity.Utility Generation.Base Load,Service,MB,Electricity,Base Load,Geoexchange,output,,,,tech_data_generic,MWh,3942000,3942000,3942000,3942000,3942000,3942000,3942000,3942000,3942000,3942000,3942000,
CIMS.CAN.MB.Electricity.Utility Generation.Base Load,Service,MB,Electricity,Base Load,Geoexchange,fcc,,,,tech_data_generic,$,455579000,455579000,455579000,455579000,455579000,455579000,455579000,455579000,455579000,455579000,455579000,
CIMS.CAN.MB.Electricity.Utility Generation.Base Load,Service,MB,Electricity,Base Load,Geoexchange,capital_recovery,,,,tech_data_generic,Years,30,30,30,30,30,30,30,30,30,30,30,
CIMS.CAN.MB.Electricity.Utility Generation.Base Load,Service,MB,Electricity,Base Load,Geoexchange,fom,,,,tech_data_generic,$,8937500,8937500,8937500,8937500,8937500,8937500,8937500,8937500,8937500,8937500,8937500,
CIMS.CAN.MB.Electricity.Utility Generation.Base Load,Service,MB,Electricity,Base Load,Geoexchange,service_request,,,CIMS.Generic Fuels.VOM,tech_multi_generic,$,1.52,1.52,1.52,1.52,1.52,1.52,1.52,1.52,1.52,1.52,1.52,
CIMS.CAN.MB.Electricity.Utility Generation.Base Load,Service,MB,Electricity,Base Load,Geoexchange,service_request,,,CIMS.CAN.MB.Electricity.Transmission,tech_multi_generic,unit,1,1,1,1,1,1,1,1,1,1,1,
CIMS.CAN.MB.Electricity.Utility Generation.Base Load,Service,MB,Electricity,Base Load,Nuclear,technology,,,,,,,,,,,,,,,,,
CIMS.CAN.MB.Electricity.Utility Generation.Base Load,Service,MB,Electricity,Base Load,Nuclear,available,,,,tech_data_generic,Year,1970,1970,1970,1970,1970,1970,1970,1970,1970,1970,1970,
CIMS.CAN.MB.Electricity.Utility Generation.Base Load,Service,MB,Electricity,Base Load,Nuclear,unavailable,,,,tech_data_generic,Year,2101,2101,2101,2101,2101,2101,2101,2101,2101,2101,2101,
CIMS.CAN.MB.Electricity.Utility Generation.Base Load,Service,MB,Electricity,Base Load,Nuclear,lifetime,,,,tech_data_generic,Years,80,80,80,80,80,80,80,80,80,80,80,
CIMS.CAN.MB.Electricity.Utility Generation.Base Load,Service,MB,Electricity,Base Load,Nuclear,market_share_total,,,,tech_data_region,%,0,,,,,,,,,,,
CIMS.CAN.MB.Electricity.Utility Generation.Base Load,Service,MB,Electricity,Base Load,Nuclear,output,,,,tech_data_generic,MWh,177533660,177533660,177533660,177533660,177533660,177533660,177533660,177533660,177533660,177533660,177533660,
CIMS.CAN.MB.Electricity.Utility Generation.Base Load,Service,MB,Electricity,Base Load,Nuclear,fcc,,,,tech_data_generic,$,21661784760,21661784760,21661784760,21661784760,21661784760,21661784760,21661784760,21661784760,21661784760,21661784760,21661784760,
CIMS.CAN.MB.Electricity.Utility Generation.Base Load,Service,MB,Electricity,Base Load,Nuclear,capital_recovery,,,,tech_data_generic,Years,30,30,30,30,30,30,30,30,30,30,30,
CIMS.CAN.MB.Electricity.Utility Generation.Base Load,Service,MB,Electricity,Base Load,Nuclear,fom,,,,tech_data_generic,$,342670328,342670328,342670328,342670328,342670328,342670328,342670328,342670328,342670328,342670328,342670328,
CIMS.CAN.MB.Electricity.Utility Generation.Base Load,Service,MB,Electricity,Base Load,Nuclear,service_request,,,CIMS.Generic Fuels.VOM,tech_multi_generic,$,3.09,3.09,3.09,3.09,3.09,3.09,3.09,3.09,3.09,3.09,3.09,
CIMS.CAN.MB.Electricity.Utility Generation.Base Load,Service,MB,Electricity,Base Load,Nuclear,service_request,,,CIMS.Generic Fuels.Uranium,tech_multi_generic,GJ,11.03588576,11.03588576,11.03588576,11.03588576,11.03588576,11.03588576,11.03588576,11.03588576,11.03588576,11.03588576,11.03588576,
CIMS.CAN.MB.Electricity.Utility Generation.Base Load,Service,MB,Electricity,Base Load,Nuclear,service_request,,,CIMS.CAN.MB.Electricity.Transmission,tech_multi_generic,unit,1,1,1,1,1,1,1,1,1,1,1,
CIMS.CAN.MB.Electricity.Utility Generation.Base Load,Service,MB,Electricity,Base Load,Nuclear SMR,technology,,,,,,,,,,,,,,,,,
CIMS.CAN.MB.Electricity.Utility Generation.Base Load,Service,MB,Electricity,Base Load,Nuclear SMR,available,,,,tech_data_generic,Year,2030,2030,2030,2030,2030,2030,2030,2030,2030,2030,2030,
CIMS.CAN.MB.Electricity.Utility Generation.Base Load,Service,MB,Electricity,Base Load,Nuclear SMR,unavailable,,,,tech_data_generic,Year,2101,2101,2101,2101,2101,2101,2101,2101,2101,2101,2101,
CIMS.CAN.MB.Electricity.Utility Generation.Base Load,Service,MB,Electricity,Base Load,Nuclear SMR,lifetime,,,,tech_data_generic,Years,30,30,30,30,30,30,30,30,30,30,30,
CIMS.CAN.MB.Electricity.Utility Generation.Base Load,Service,MB,Electricity,Base Load,Nuclear SMR,market_share_total,,,,tech_data_region,%,0,,,,,,,,,,,
CIMS.CAN.MB.Electricity.Utility Generation.Base Load,Service,MB,Electricity,Base Load,Nuclear SMR,output,,,,tech_data_generic,MWh,49406400,49406400,49406400,49406400,49406400,49406400,49406400,49406400,49406400,49406400,49406400,
CIMS.CAN.MB.Electricity.Utility Generation.Base Load,Service,MB,Electricity,Base Load,Nuclear SMR,fcc,,,,tech_data_generic,$,6752286000,6752286000,6752286000,6752286000,6752286000,6752286000,6752286000,6752286000,6752286000,6752286000,6752286000,
CIMS.CAN.MB.Electricity.Utility Generation.Base Load,Service,MB,Electricity,Base Load,Nuclear SMR,fom,,,,tech_data_generic,$,74474400,74474400,74474400,74474400,74474400,74474400,74474400,74474400,74474400,74474400,74474400,
CIMS.CAN.MB.Electricity.Utility Generation.Base Load,Service,MB,Electricity,Base Load,Nuclear SMR,service_request,,,CIMS.Generic Fuels.VOM,tech_multi_generic,$,3.93,3.93,3.93,3.93,3.93,3.93,3.93,3.93,3.93,3.93,3.93,
CIMS.CAN.MB.Electricity.Utility Generation.Base Load,Service,MB,Electricity,Base Load,Nuclear SMR,service_request,,,CIMS.Generic Fuels.Uranium,tech_multi_generic,GJ,11.03588576,11.03588576,11.03588576,11.03588576,11.03588576,11.03588576,11.03588576,11.03588576,11.03588576,11.03588576,11.03588576,
CIMS.CAN.MB.Electricity.Utility Generation.Base Load,Service,MB,Electricity,Base Load,Nuclear SMR,service_request,,,CIMS.CAN.MB.Electricity.Transmission,tech_multi_generic,unit,1,1,1,1,1,1,1,1,1,1,1,
CIMS.CAN.MB.Electricity.Utility Generation.Base Load,Service,MB,Electricity,Base Load,Hydro Reservoir,technology,,,,,,,,,,,,,,,,,
CIMS.CAN.MB.Electricity.Utility Generation.Base Load,Service,MB,Electricity,Base Load,Hydro Reservoir,available,,,,tech_data_generic,Year,1950,1950,1950,1950,1950,1950,1950,1950,1950,1950,1950,
CIMS.CAN.MB.Electricity.Utility Generation.Base Load,Service,MB,Electricity,Base Load,Hydro Reservoir,unavailable,,,,tech_data_generic,Year,2101,2101,2101,2101,2101,2101,2101,2101,2101,2101,2101,
CIMS.CAN.MB.Electricity.Utility Generation.Base Load,Service,MB,Electricity,Base Load,Hydro Reservoir,lifetime,,,,tech_data_generic,Years,100,100,100,100,100,100,100,100,100,100,100,
CIMS.CAN.MB.Electricity.Utility Generation.Base Load,Service,MB,Electricity,Base Load,Hydro Reservoir,market_share_total,,,,tech_data_region,%,0.97,,,,,,,,,,,
CIMS.CAN.MB.Electricity.Utility Generation.Base Load,Service,MB,Electricity,Base Load,Hydro Reservoir,output,,,,tech_data_generic,MWh,104068800,104068800,104068800,104068800,104068800,104068800,104068800,104068800,104068800,104068800,104068800,
CIMS.CAN.MB.Electricity.Utility Generation.Base Load,Service,MB,Electricity,Base Load,Hydro Reservoir,fcc,,,,tech_data_generic,$,17618447000,17618447000,17618447000,17618447000,17618447000,17618447000,17618447000,17618447000,17618447000,17618447000,17618447000,
CIMS.CAN.MB.Electricity.Utility Generation.Base Load,Service,MB,Electricity,Base Load,Hydro Reservoir,capital_recovery,,,,tech_data_generic,Years,30,30,30,30,30,30,30,30,30,30,30,
CIMS.CAN.MB.Electricity.Utility Generation.Base Load,Service,MB,Electricity,Base Load,Hydro Reservoir,fom,,,,tech_data_generic,$,11840400,11840400,11840400,11840400,11840400,11840400,11840400,11840400,11840400,11840400,11840400,
CIMS.CAN.MB.Electricity.Utility Generation.Base Load,Service,MB,Electricity,Base Load,Hydro Reservoir,service_request,,,CIMS.Generic Fuels.VOM,tech_multi_generic,$,0.96,0.96,0.96,0.96,0.96,0.96,0.96,0.96,0.96,0.96,0.96,
CIMS.CAN.MB.Electricity.Utility Generation.Base Load,Service,MB,Electricity,Base Load,Hydro Reservoir,service_request,,,CIMS.CAN.MB.Electricity.Transmission,tech_multi_generic,unit,1,1,1,1,1,1,1,1,1,1,1,
CIMS.CAN.MB.Electricity.Utility Generation.Base Load,Service,MB,Electricity,Base Load,Hydro River,technology,,,,,,,,,,,,,,,,,
CIMS.CAN.MB.Electricity.Utility Generation.Base Load,Service,MB,Electricity,Base Load,Hydro River,available,,,,tech_data_generic,Year,2000,2000,2000,2000,2000,2000,2000,2000,2000,2000,2000,
CIMS.CAN.MB.Electricity.Utility Generation.Base Load,Service,MB,Electricity,Base Load,Hydro River,unavailable,,,,tech_data_generic,Year,2101,2101,2101,2101,2101,2101,2101,2101,2101,2101,2101,
CIMS.CAN.MB.Electricity.Utility Generation.Base Load,Service,MB,Electricity,Base Load,Hydro River,lifetime,,,,tech_data_generic,Years,40,40,40,40,40,40,40,40,40,40,40,
CIMS.CAN.MB.Electricity.Utility Generation.Base Load,Service,MB,Electricity,Base Load,Hydro River,market_share_total,,,,tech_data_region,%,0,,,,,,,,,,,
CIMS.CAN.MB.Electricity.Utility Generation.Base Load,Service,MB,Electricity,Base Load,Hydro River,output,,,,tech_data_generic,MWh,2277600,2277600,2277600,2277600,2277600,2277600,2277600,2277600,2277600,2277600,2277600,
CIMS.CAN.MB.Electricity.Utility Generation.Base Load,Service,MB,Electricity,Base Load,Hydro River,fcc,,,,tech_data_generic,$,260274950,260274950,260274950,260274950,260274950,260274950,260274950,260274950,260274950,260274950,260274950,
CIMS.CAN.MB.Electricity.Utility Generation.Base Load,Service,MB,Electricity,Base Load,Hydro River,capital_recovery,,,,tech_data_generic,Years,30,30,30,30,30,30,30,30,30,30,30,
CIMS.CAN.MB.Electricity.Utility Generation.Base Load,Service,MB,Electricity,Base Load,Hydro River,fom,,,,tech_data_generic,$,3241290,3241290,3241290,3241290,3241290,3241290,3241290,3241290,3241290,3241290,3241290,
CIMS.CAN.MB.Electricity.Utility Generation.Base Load,Service,MB,Electricity,Base Load,Hydro River,service_request,,,CIMS.Generic Fuels.VOM,tech_multi_generic,$,2.84,2.84,2.84,2.84,2.84,2.84,2.84,2.84,2.84,2.84,2.84,
CIMS.CAN.MB.Electricity.Utility Generation.Base Load,Service,MB,Electricity,Base Load,Hydro River,service_request,,,CIMS.CAN.MB.Electricity.Transmission,tech_multi_generic,unit,1,1,1,1,1,1,1,1,1,1,1,
CIMS.CAN.MB.Electricity.Utility Generation.Base Load,Service,MB,Electricity,Base Load,Solar PV,technology,,,,,,,,,,,,,,,,,
CIMS.CAN.MB.Electricity.Utility Generation.Base Load,Service,MB,Electricity,Base Load,Solar PV,available,,,,tech_data_generic,Year,2010,2010,2010,2010,2010,2010,2010,2010,2010,2010,2010,
CIMS.CAN.MB.Electricity.Utility Generation.Base Load,Service,MB,Electricity,Base Load,Solar PV,unavailable,,,,tech_data_generic,Year,2101,2101,2101,2101,2101,2101,2101,2101,2101,2101,2101,
CIMS.CAN.MB.Electricity.Utility Generation.Base Load,Service,MB,Electricity,Base Load,Solar PV,lifetime,,,,tech_data_generic,Years,30,30,30,30,30,30,30,30,30,30,30,
CIMS.CAN.MB.Electricity.Utility Generation.Base Load,Service,MB,Electricity,Base Load,Solar PV,market_share_total,,,,tech_data_region,%,0,,,,,,,,,,,
CIMS.CAN.MB.Electricity.Utility Generation.Base Load,Service,MB,Electricity,Base Load,Solar PV,output,,,,tech_data_generic,MWh,3942000,3942000,3942000,3942000,3942000,3942000,3942000,3942000,3942000,3942000,3942000,
CIMS.CAN.MB.Electricity.Utility Generation.Base Load,Service,MB,Electricity,Base Load,Solar PV,fcc,,,,tech_data_generic,$,538198500,538198500,538198500,538198500,538198500,538198500,538198500,538198500,538198500,538198500,538198500,
CIMS.CAN.MB.Electricity.Utility Generation.Base Load,Service,MB,Electricity,Base Load,Solar PV,fom,,,,tech_data_generic,$,3467646,3467646,3467646,3467646,3467646,3467646,3467646,3467646,3467646,3467646,3467646,
CIMS.CAN.MB.Electricity.Utility Generation.Base Load,Service,MB,Electricity,Base Load,Solar PV,service_request,,,CIMS.CAN.MB.Electricity.Transmission,tech_multi_generic,unit,1,1,1,1,1,1,1,1,1,1,1,
CIMS.CAN.MB.Electricity.Utility Generation.Base Load,Service,MB,Electricity,Base Load,Solar PV + Battery,technology,,,,,,,,,,,,,,,,,
CIMS.CAN.MB.Electricity.Utility Generation.Base Load,Service,MB,Electricity,Base Load,Solar PV + Battery,available,,,,tech_data_generic,Year,2025,2025,2025,2025,2025,2025,2025,2025,2025,2025,2025,
CIMS.CAN.MB.Electricity.Utility Generation.Base Load,Service,MB,Electricity,Base Load,Solar PV + Battery,unavailable,,,,tech_data_generic,Year,2101,2101,2101,2101,2101,2101,2101,2101,2101,2101,2101,
CIMS.CAN.MB.Electricity.Utility Generation.Base Load,Service,MB,Electricity,Base Load,Solar PV + Battery,lifetime,,,,tech_data_generic,Years,30,30,30,30,30,30,30,30,30,30,30,
CIMS.CAN.MB.Electricity.Utility Generation.Base Load,Service,MB,Electricity,Base Load,Solar PV + Battery,market_share_total,,,,tech_data_region,%,0,,,,,,,,,,,
CIMS.CAN.MB.Electricity.Utility Generation.Base Load,Service,MB,Electricity,Base Load,Solar PV + Battery,output,,,,tech_data_generic,MWh,3942000,3942000,3942000,3942000,3942000,3942000,3942000,3942000,3942000,3942000,3942000,
CIMS.CAN.MB.Electricity.Utility Generation.Base Load,Service,MB,Electricity,Base Load,Solar PV + Battery,fcc,,,,tech_data_generic,$,538198500,538198500,538198500,538198500,538198500,538198500,538198500,538198500,538198500,538198500,538198500,
CIMS.CAN.MB.Electricity.Utility Generation.Base Load,Service,MB,Electricity,Base Load,Solar PV + Battery,fom,,,,tech_data_generic,$,3467646,3467646,3467646,3467646,3467646,3467646,3467646,3467646,3467646,3467646,3467646,
CIMS.CAN.MB.Electricity.Utility Generation.Base Load,Service,MB,Electricity,Base Load,Solar PV + Battery,service_request,,,CIMS.CAN.MB.Electricity.Storage.Battery,tech_multi_generic,MWh,0.1,0.1,0.1,0.1,0.1,0.1,0.1,0.1,0.1,0.1,0.1,
CIMS.CAN.MB.Electricity.Utility Generation.Base Load,Service,MB,Electricity,Base Load,Solar PV + Battery,service_request,,,CIMS.CAN.MB.Electricity.Transmission,tech_multi_generic,unit,1,1,1,1,1,1,1,1,1,1,1,
CIMS.CAN.MB.Electricity.Utility Generation.Base Load,Service,MB,Electricity,Base Load,Wind Onshore,technology,,,,,,,,,,,,,,,,,
CIMS.CAN.MB.Electricity.Utility Generation.Base Load,Service,MB,Electricity,Base Load,Wind Onshore,available,,,,tech_data_generic,Year,2000,2000,2000,2000,2000,2000,2000,2000,2000,2000,2000,
CIMS.CAN.MB.Electricity.Utility Generation.Base Load,Service,MB,Electricity,Base Load,Wind Onshore,unavailable,,,,tech_data_generic,Year,2101,2101,2101,2101,2101,2101,2101,2101,2101,2101,2101,
CIMS.CAN.MB.Electricity.Utility Generation.Base Load,Service,MB,Electricity,Base Load,Wind Onshore,lifetime,,,,tech_data_generic,Years,30,30,30,30,30,30,30,30,30,30,30,
CIMS.CAN.MB.Electricity.Utility Generation.Base Load,Service,MB,Electricity,Base Load,Wind Onshore,market_share_total,,,,tech_data_region,%,0,,,,,,,,,,,
CIMS.CAN.MB.Electricity.Utility Generation.Base Load,Service,MB,Electricity,Base Load,Wind Onshore,output,,,,tech_data_generic,MWh,3679200,3679200,3679200,3679200,3679200,3679200,3679200,3679200,3679200,3679200,3679200,
CIMS.CAN.MB.Electricity.Utility Generation.Base Load,Service,MB,Electricity,Base Load,Wind Onshore,fcc,,,,tech_data_generic,$,244329280,244329280,244329280,244329280,244329280,244329280,244329280,244329280,244329280,244329280,244329280,
CIMS.CAN.MB.Electricity.Utility Generation.Base Load,Service,MB,Electricity,Base Load,Wind Onshore,fom,,,,tech_data_generic,$,6463600,6463600,6463600,6463600,6463600,6463600,6463600,6463600,6463600,6463600,6463600,
CIMS.CAN.MB.Electricity.Utility Generation.Base Load,Service,MB,Electricity,Base Load,Wind Onshore,service_request,,,CIMS.CAN.MB.Electricity.Transmission,tech_multi_generic,unit,1,1,1,1,1,1,1,1,1,1,1,
CIMS.CAN.MB.Electricity.Utility Generation.Base Load,Service,MB,Electricity,Base Load,Wind + Battery,technology,,,,,,,,,,,,,,,,,
CIMS.CAN.MB.Electricity.Utility Generation.Base Load,Service,MB,Electricity,Base Load,Wind + Battery,available,,,,tech_data_generic,Year,2025,2025,2025,2025,2025,2025,2025,2025,2025,2025,2025,
CIMS.CAN.MB.Electricity.Utility Generation.Base Load,Service,MB,Electricity,Base Load,Wind + Battery,unavailable,,,,tech_data_generic,Year,2101,2101,2101,2101,2101,2101,2101,2101,2101,2101,2101,
CIMS.CAN.MB.Electricity.Utility Generation.Base Load,Service,MB,Electricity,Base Load,Wind + Battery,lifetime,,,,tech_data_generic,Years,30,30,30,30,30,30,30,30,30,30,30,
CIMS.CAN.MB.Electricity.Utility Generation.Base Load,Service,MB,Electricity,Base Load,Wind + Battery,market_share_total,,,,tech_data_region,%,0,,,,,,,,,,,
CIMS.CAN.MB.Electricity.Utility Generation.Base Load,Service,MB,Electricity,Base Load,Wind + Battery,output,,,,tech_data_generic,MWh,3679200,3679200,3679200,3679200,3679200,3679200,3679200,3679200,3679200,3679200,3679200,
CIMS.CAN.MB.Electricity.Utility Generation.Base Load,Service,MB,Electricity,Base Load,Wind + Battery,fcc,,,,tech_data_generic,$,244329280,244329280,244329280,244329280,244329280,244329280,244329280,244329280,244329280,244329280,244329280,
CIMS.CAN.MB.Electricity.Utility Generation.Base Load,Service,MB,Electricity,Base Load,Wind + Battery,fom,,,,tech_data_generic,$,6463600,6463600,6463600,6463600,6463600,6463600,6463600,6463600,6463600,6463600,6463600,
CIMS.CAN.MB.Electricity.Utility Generation.Base Load,Service,MB,Electricity,Base Load,Wind + Battery,service_request,,,CIMS.CAN.MB.Electricity.Storage.Battery,tech_multi_generic,MWh,0.1,0.1,0.1,0.1,0.1,0.1,0.1,0.1,0.1,0.1,0.1,
CIMS.CAN.MB.Electricity.Utility Generation.Base Load,Service,MB,Electricity,Base Load,Wind + Battery,service_request,,,CIMS.CAN.MB.Electricity.Transmission,tech_multi_generic,unit,1,1,1,1,1,1,1,1,1,1,1,
CIMS.CAN.MB.Electricity.Utility Generation.Base Load,Service,MB,Electricity,Base Load,Wind + Seasonal,technology,,,,,,,,,,,,,,,,,
CIMS.CAN.MB.Electricity.Utility Generation.Base Load,Service,MB,Electricity,Base Load,Wind + Seasonal,available,,,,tech_data_generic,Year,2025,2025,2025,2025,2025,2025,2025,2025,2025,2025,2025,
CIMS.CAN.MB.Electricity.Utility Generation.Base Load,Service,MB,Electricity,Base Load,Wind + Seasonal,unavailable,,,,tech_data_generic,Year,2101,2101,2101,2101,2101,2101,2101,2101,2101,2101,2101,
CIMS.CAN.MB.Electricity.Utility Generation.Base Load,Service,MB,Electricity,Base Load,Wind + Seasonal,lifetime,,,,tech_data_generic,Years,30,30,30,30,30,30,30,30,30,30,30,
CIMS.CAN.MB.Electricity.Utility Generation.Base Load,Service,MB,Electricity,Base Load,Wind + Seasonal,market_share_total,,,,tech_data_region,%,0,,,,,,,,,,,
CIMS.CAN.MB.Electricity.Utility Generation.Base Load,Service,MB,Electricity,Base Load,Wind + Seasonal,output,,,,tech_data_generic,MWh,3679200,3679200,3679200,3679200,3679200,3679200,3679200,3679200,3679200,3679200,3679200,
CIMS.CAN.MB.Electricity.Utility Generation.Base Load,Service,MB,Electricity,Base Load,Wind + Seasonal,fcc,,,,tech_data_generic,$,244329280,244329280,244329280,244329280,244329280,244329280,244329280,244329280,244329280,244329280,244329280,
CIMS.CAN.MB.Electricity.Utility Generation.Base Load,Service,MB,Electricity,Base Load,Wind + Seasonal,fom,,,,tech_data_generic,$,6463600,6463600,6463600,6463600,6463600,6463600,6463600,6463600,6463600,6463600,6463600,
CIMS.CAN.MB.Electricity.Utility Generation.Base Load,Service,MB,Electricity,Base Load,Wind + Seasonal,service_request,,,CIMS.CAN.MB.Electricity.Storage.Seasonal,tech_multi_generic,MWh,0.3,0.3,0.3,0.3,0.3,0.3,0.3,0.3,0.3,0.3,0.3,
CIMS.CAN.MB.Electricity.Utility Generation.Base Load,Service,MB,Electricity,Base Load,Wind + Seasonal,service_request,,,CIMS.CAN.MB.Electricity.Transmission,tech_multi_generic,unit,1,1,1,1,1,1,1,1,1,1,1,
CIMS.CAN.MB.Electricity.Utility Generation.Base Load,Service,MB,Electricity,Base Load,Wind Offshore,technology,,,,,,,,,,,,,,,,,
CIMS.CAN.MB.Electricity.Utility Generation.Base Load,Service,MB,Electricity,Base Load,Wind Offshore,available,,,,tech_data_generic,Year,2025,2025,2025,2025,2025,2025,2025,2025,2025,2025,2025,
CIMS.CAN.MB.Electricity.Utility Generation.Base Load,Service,MB,Electricity,Base Load,Wind Offshore,unavailable,,,,tech_data_generic,Year,2101,2101,2101,2101,2101,2101,2101,2101,2101,2101,2101,
CIMS.CAN.MB.Electricity.Utility Generation.Base Load,Service,MB,Electricity,Base Load,Wind Offshore,lifetime,,,,tech_data_generic,Years,30,30,30,30,30,30,30,30,30,30,30,
CIMS.CAN.MB.Electricity.Utility Generation.Base Load,Service,MB,Electricity,Base Load,Wind Offshore,market_share_total,,,,tech_data_region,%,0,,,,,,,,,,,
CIMS.CAN.MB.Electricity.Utility Generation.Base Load,Service,MB,Electricity,Base Load,Wind Offshore,output,,,,tech_data_generic,MWh,15417600,15417600,15417600,15417600,15417600,15417600,15417600,15417600,15417600,15417600,15417600,
CIMS.CAN.MB.Electricity.Utility Generation.Base Load,Service,MB,Electricity,Base Load,Wind Offshore,fcc,,,,tech_data_generic,$,1962044000,1962044000,1962044000,1962044000,1962044000,1962044000,1962044000,1962044000,1962044000,1962044000,1962044000,
CIMS.CAN.MB.Electricity.Utility Generation.Base Load,Service,MB,Electricity,Base Load,Wind Offshore,fom,,,,tech_data_generic,$,57491200,57491200,57491200,57491200,57491200,57491200,57491200,57491200,57491200,57491200,57491200,
CIMS.CAN.MB.Electricity.Utility Generation.Base Load,Service,MB,Electricity,Base Load,Wind Offshore,service_request,,,CIMS.CAN.MB.Electricity.Transmission,tech_multi_generic,unit,1,1,1,1,1,1,1,1,1,1,1,
CIMS.CAN.MB.Electricity.Utility Generation.Shoulder Load,Service,MB,Electricity,Shoulder Load,,service_provide,,,,activity_data_generic,MWh,,,,,,,,,,,,
CIMS.CAN.MB.Electricity.Utility Generation.Shoulder Load,Service,MB,Electricity,Shoulder Load,,competition,Tech Compete,,,,,,,,,,,,,,,,
CIMS.CAN.MB.Electricity.Utility Generation.Shoulder Load,Service,MB,Electricity,Shoulder Load,,discount_rate_financial,,,,tech_data_generic,%,0.125,0.125,0.125,0.125,0.125,0.125,0.125,0.125,0.125,0.125,0.125,
CIMS.CAN.MB.Electricity.Utility Generation.Shoulder Load,Service,MB,Electricity,Shoulder Load,,heterogeneity,,,,tech_data_generic,,10,10,10,10,10,10,10,10,10,10,10,
CIMS.CAN.MB.Electricity.Utility Generation.Shoulder Load,Service,MB,Electricity,Shoulder Load,Coal,technology,,,,,,,,,,,,,,,,,
CIMS.CAN.MB.Electricity.Utility Generation.Shoulder Load,Service,MB,Electricity,Shoulder Load,Coal,available,,,,tech_data_generic,Year,2000,2000,2000,2000,2000,2000,2000,2000,2000,2000,2000,
CIMS.CAN.MB.Electricity.Utility Generation.Shoulder Load,Service,MB,Electricity,Shoulder Load,Coal,unavailable,,,,tech_data_generic,Year,2101,2101,2101,2101,2101,2101,2101,2101,2101,2101,2101,
CIMS.CAN.MB.Electricity.Utility Generation.Shoulder Load,Service,MB,Electricity,Shoulder Load,Coal,lifetime,,,,tech_data_generic,Years,30,30,30,30,30,30,30,30,30,30,30,
CIMS.CAN.MB.Electricity.Utility Generation.Shoulder Load,Service,MB,Electricity,Shoulder Load,Coal,market_share_total,,,,tech_data_region,%,0,,,,,,,,,,,
CIMS.CAN.MB.Electricity.Utility Generation.Shoulder Load,Service,MB,Electricity,Shoulder Load,Coal,output,,,,tech_data_generic,MWh,38149800,38149800,38149800,38149800,38149800,38149800,38149800,38149800,38149800,38149800,38149800,
CIMS.CAN.MB.Electricity.Utility Generation.Shoulder Load,Service,MB,Electricity,Shoulder Load,Coal,fcc,,,,tech_data_generic,$,3714730500,3714730500,3714730500,3714730500,3714730500,3714730500,3714730500,3714730500,3714730500,3714730500,3714730500,
CIMS.CAN.MB.Electricity.Utility Generation.Shoulder Load,Service,MB,Electricity,Shoulder Load,Coal,fom,,,,tech_data_generic,$,34467550,34467550,34467550,34467550,34467550,34467550,34467550,34467550,34467550,34467550,34467550,
CIMS.CAN.MB.Electricity.Utility Generation.Shoulder Load,Service,MB,Electricity,Shoulder Load,Coal,service_request,,,CIMS.Generic Fuels.VOM,tech_multi_generic,$,5.88,5.88,5.88,5.88,5.88,5.88,5.88,5.88,5.88,5.88,5.88,
CIMS.CAN.MB.Electricity.Utility Generation.Shoulder Load,Service,MB,Electricity,Shoulder Load,Coal,service_request,,,CIMS.Generic Fuels.Coal,tech_multi_region,GJ,12.1609489051095,12.1609489051095,12.1609489051095,12.1609489051095,12.1609489051095,12.1609489051095,12.1609489051095,12.1609489051095,12.1609489051095,12.1609489051095,12.1609489051095,
CIMS.CAN.MB.Electricity.Utility Generation.Shoulder Load,Service,MB,Electricity,Shoulder Load,Coal,service_request,,,CIMS.CAN.MB.Electricity.Transmission,tech_multi_generic,unit,1,1,1,1,1,1,1,1,1,1,1,
CIMS.CAN.MB.Electricity.Utility Generation.Shoulder Load,Service,MB,Electricity,Shoulder Load,Fuel Oil,technology,,,,,,,,,,,,,,,,,
CIMS.CAN.MB.Electricity.Utility Generation.Shoulder Load,Service,MB,Electricity,Shoulder Load,Fuel Oil,available,,,,tech_data_generic,Year,2000,2000,2000,2000,2000,2000,2000,2000,2000,2000,2000,
CIMS.CAN.MB.Electricity.Utility Generation.Shoulder Load,Service,MB,Electricity,Shoulder Load,Fuel Oil,unavailable,,,,tech_data_generic,Year,2101,2101,2101,2101,2101,2101,2101,2101,2101,2101,2101,
CIMS.CAN.MB.Electricity.Utility Generation.Shoulder Load,Service,MB,Electricity,Shoulder Load,Fuel Oil,lifetime,,,,tech_data_generic,Years,30,30,30,30,30,30,30,30,30,30,30,
CIMS.CAN.MB.Electricity.Utility Generation.Shoulder Load,Service,MB,Electricity,Shoulder Load,Fuel Oil,market_share_total,,,,tech_data_region,%,0,,,,,,,,,,,
CIMS.CAN.MB.Electricity.Utility Generation.Shoulder Load,Service,MB,Electricity,Shoulder Load,Fuel Oil,output,,,,tech_data_generic,MWh,183960,183960,183960,183960,183960,183960,183960,183960,183960,183960,183960,
CIMS.CAN.MB.Electricity.Utility Generation.Shoulder Load,Service,MB,Electricity,Shoulder Load,Fuel Oil,fcc,,,,tech_data_generic,$,58474290,58474290,58474290,58474290,58474290,58474290,58474290,58474290,58474290,58474290,58474290,
CIMS.CAN.MB.Electricity.Utility Generation.Shoulder Load,Service,MB,Electricity,Shoulder Load,Fuel Oil,fom,,,,tech_data_generic,$,964782,964782,964782,964782,964782,964782,964782,964782,964782,964782,964782,
CIMS.CAN.MB.Electricity.Utility Generation.Shoulder Load,Service,MB,Electricity,Shoulder Load,Fuel Oil,service_request,,,CIMS.Generic Fuels.VOM,tech_multi_generic,$,5.88,5.88,5.88,5.88,5.88,5.88,5.88,5.88,5.88,5.88,5.88,
CIMS.CAN.MB.Electricity.Utility Generation.Shoulder Load,Service,MB,Electricity,Shoulder Load,Fuel Oil,service_request,,,CIMS.Generic Fuels.Fuel Oil,tech_multi_generic,GJ,8.7569648,8.7569648,8.7569648,8.7569648,8.7569648,8.7569648,8.7569648,8.7569648,8.7569648,8.7569648,8.7569648,
CIMS.CAN.MB.Electricity.Utility Generation.Shoulder Load,Service,MB,Electricity,Shoulder Load,Fuel Oil,service_request,,,CIMS.CAN.MB.Electricity.Transmission,tech_multi_generic,unit,1,1,1,1,1,1,1,1,1,1,1,
CIMS.CAN.MB.Electricity.Utility Generation.Shoulder Load,Service,MB,Electricity,Shoulder Load,Natural Gas SC,technology,,,,,,,,,,,,,,,,,
CIMS.CAN.MB.Electricity.Utility Generation.Shoulder Load,Service,MB,Electricity,Shoulder Load,Natural Gas SC,available,,,,tech_data_generic,Year,2000,2000,2000,2000,2000,2000,2000,2000,2000,2000,2000,
CIMS.CAN.MB.Electricity.Utility Generation.Shoulder Load,Service,MB,Electricity,Shoulder Load,Natural Gas SC,unavailable,,,,tech_data_generic,Year,2101,2101,2101,2101,2101,2101,2101,2101,2101,2101,2101,
CIMS.CAN.MB.Electricity.Utility Generation.Shoulder Load,Service,MB,Electricity,Shoulder Load,Natural Gas SC,lifetime,,,,tech_data_generic,Years,30,30,30,30,30,30,30,30,30,30,30,
CIMS.CAN.MB.Electricity.Utility Generation.Shoulder Load,Service,MB,Electricity,Shoulder Load,Natural Gas SC,market_share_total,,,,tech_data_region,%,0,,,,,,,,,,,
CIMS.CAN.MB.Electricity.Utility Generation.Shoulder Load,Service,MB,Electricity,Shoulder Load,Natural Gas SC,output,,,,tech_data_generic,MWh,919800,919800,919800,919800,919800,919800,919800,919800,919800,919800,919800,
CIMS.CAN.MB.Electricity.Utility Generation.Shoulder Load,Service,MB,Electricity,Shoulder Load,Natural Gas SC,fcc,,,,tech_data_generic,$,153198150,153198150,153198150,153198150,153198150,153198150,153198150,153198150,153198150,153198150,153198150,
CIMS.CAN.MB.Electricity.Utility Generation.Shoulder Load,Service,MB,Electricity,Shoulder Load,Natural Gas SC,fom,,,,tech_data_generic,$,2235870,2235870,2235870,2235870,2235870,2235870,2235870,2235870,2235870,2235870,2235870,
CIMS.CAN.MB.Electricity.Utility Generation.Shoulder Load,Service,MB,Electricity,Shoulder Load,Natural Gas SC,service_request,,,CIMS.Generic Fuels.VOM,tech_multi_generic,$,6.14,6.14,6.14,6.14,6.14,6.14,6.14,6.14,6.14,6.14,6.14,
CIMS.CAN.MB.Electricity.Utility Generation.Shoulder Load,Service,MB,Electricity,Shoulder Load,Natural Gas SC,service_request,,,CIMS.Generic Fuels.Natural Gas,tech_multi_generic,GJ,11.1696489920861,11.1696489920861,11.1696489920861,11.1696489920861,11.1696489920861,11.1696489920861,11.1696489920861,11.1696489920861,11.1696489920861,11.1696489920861,11.1696489920861,
CIMS.CAN.MB.Electricity.Utility Generation.Shoulder Load,Service,MB,Electricity,Shoulder Load,Natural Gas SC,service_request,,,CIMS.CAN.MB.Electricity.Transmission,tech_multi_generic,unit,1,1,1,1,1,1,1,1,1,1,1,
CIMS.CAN.MB.Electricity.Utility Generation.Shoulder Load,Service,MB,Electricity,Shoulder Load,Natural Gas CC,technology,,,,,,,,,,,,,,,,,
CIMS.CAN.MB.Electricity.Utility Generation.Shoulder Load,Service,MB,Electricity,Shoulder Load,Natural Gas CC,available,,,,tech_data_generic,Year,2000,2000,2000,2000,2000,2000,2000,2000,2000,2000,2000,
CIMS.CAN.MB.Electricity.Utility Generation.Shoulder Load,Service,MB,Electricity,Shoulder Load,Natural Gas CC,unavailable,,,,tech_data_generic,Year,2101,2101,2101,2101,2101,2101,2101,2101,2101,2101,2101,
CIMS.CAN.MB.Electricity.Utility Generation.Shoulder Load,Service,MB,Electricity,Shoulder Load,Natural Gas CC,lifetime,,,,tech_data_generic,Years,30,30,30,30,30,30,30,30,30,30,30,
CIMS.CAN.MB.Electricity.Utility Generation.Shoulder Load,Service,MB,Electricity,Shoulder Load,Natural Gas CC,market_share_total,,,,tech_data_region,%,0,,,,,,,,,,,
CIMS.CAN.MB.Electricity.Utility Generation.Shoulder Load,Service,MB,Electricity,Shoulder Load,Natural Gas CC,output,,,,tech_data_generic,MWh,47435400,47435400,47435400,47435400,47435400,47435400,47435400,47435400,47435400,47435400,47435400,
CIMS.CAN.MB.Electricity.Utility Generation.Shoulder Load,Service,MB,Electricity,Shoulder Load,Natural Gas CC,fcc,,,,tech_data_generic,$,1768008330,1768008330,1768008330,1768008330,1768008330,1768008330,1768008330,1768008330,1768008330,1768008330,1768008330,
CIMS.CAN.MB.Electricity.Utility Generation.Shoulder Load,Service,MB,Electricity,Shoulder Load,Natural Gas CC,fom,,,,tech_data_generic,$,17260854,17260854,17260854,17260854,17260854,17260854,17260854,17260854,17260854,17260854,17260854,
CIMS.CAN.MB.Electricity.Utility Generation.Shoulder Load,Service,MB,Electricity,Shoulder Load,Natural Gas CC,service_request,,,CIMS.Generic Fuels.VOM,tech_multi_generic,$,2.44,2.44,2.44,2.44,2.44,2.44,2.44,2.44,2.44,2.44,2.44,
CIMS.CAN.MB.Electricity.Utility Generation.Shoulder Load,Service,MB,Electricity,Shoulder Load,Natural Gas CC,service_request,,,CIMS.Generic Fuels.Natural Gas,tech_multi_generic,GJ,8.9357191936689,8.9357191936689,8.9357191936689,8.9357191936689,8.9357191936689,8.9357191936689,8.9357191936689,8.9357191936689,8.9357191936689,8.9357191936689,8.9357191936689,
CIMS.CAN.MB.Electricity.Utility Generation.Shoulder Load,Service,MB,Electricity,Shoulder Load,Natural Gas CC,service_request,,,CIMS.CAN.MB.Electricity.Transmission,tech_multi_generic,unit,1,1,1,1,1,1,1,1,1,1,1,
CIMS.CAN.MB.Electricity.Utility Generation.Shoulder Load,Service,MB,Electricity,Shoulder Load,Natural Gas CC CCS,technology,,,,,,,,,,,,,,,,,
CIMS.CAN.MB.Electricity.Utility Generation.Shoulder Load,Service,MB,Electricity,Shoulder Load,Natural Gas CC CCS,available,,,,tech_data_generic,Year,2020,2020,2020,2020,2020,2020,2020,2020,2020,2020,2020,
CIMS.CAN.MB.Electricity.Utility Generation.Shoulder Load,Service,MB,Electricity,Shoulder Load,Natural Gas CC CCS,unavailable,,,,tech_data_generic,Year,2101,2101,2101,2101,2101,2101,2101,2101,2101,2101,2101,
CIMS.CAN.MB.Electricity.Utility Generation.Shoulder Load,Service,MB,Electricity,Shoulder Load,Natural Gas CC CCS,lifetime,,,,tech_data_generic,Years,30,30,30,30,30,30,30,30,30,30,30,
CIMS.CAN.MB.Electricity.Utility Generation.Shoulder Load,Service,MB,Electricity,Shoulder Load,Natural Gas CC CCS,market_share_total,,,,tech_data_region,%,0,,,,,,,,,,,
CIMS.CAN.MB.Electricity.Utility Generation.Shoulder Load,Service,MB,Electricity,Shoulder Load,Natural Gas CC CCS,output,,,,tech_data_generic,MWh,47435400,47435400,47435400,47435400,47435400,47435400,47435400,47435400,47435400,47435400,47435400,
CIMS.CAN.MB.Electricity.Utility Generation.Shoulder Load,Service,MB,Electricity,Shoulder Load,Natural Gas CC CCS,fcc,,,,tech_data_generic,$,1523739750,1523739750,1523739750,1523739750,1523739750,1523739750,1523739750,1523739750,1523739750,1523739750,1523739750,
CIMS.CAN.MB.Electricity.Utility Generation.Shoulder Load,Service,MB,Electricity,Shoulder Load,Natural Gas CC CCS,fom,,,,tech_data_generic,$,13595374,13595374,13595374,13595374,13595374,13595374,13595374,13595374,13595374,13595374,13595374,
CIMS.CAN.MB.Electricity.Utility Generation.Shoulder Load,Service,MB,Electricity,Shoulder Load,Natural Gas CC CCS,service_request,,,CIMS.Generic Fuels.VOM,tech_multi_generic,$,7.63,7.63,7.63,7.63,7.63,7.63,7.63,7.63,7.63,7.63,7.63,
CIMS.CAN.MB.Electricity.Utility Generation.Shoulder Load,Service,MB,Electricity,Shoulder Load,Natural Gas CC CCS,service_request,,,CIMS.Generic Fuels.Natural Gas,tech_multi_generic,GJ,8.9357191936689,8.9357191936689,8.9357191936689,8.9357191936689,8.9357191936689,8.9357191936689,8.9357191936689,8.9357191936689,8.9357191936689,8.9357191936689,8.9357191936689,
CIMS.CAN.MB.Electricity.Utility Generation.Shoulder Load,Service,MB,Electricity,Shoulder Load,Natural Gas CC CCS,service_request,,,CIMS.CAN.MB.Electricity.CCS.CCS_Natural Gas,tech_multi_generic,tCO2,0.45267912362002,0.45267912362002,0.45267912362002,0.45267912362002,0.45267912362002,0.45267912362002,0.45267912362002,0.45267912362002,0.45267912362002,0.45267912362002,0.45267912362002,
CIMS.CAN.MB.Electricity.Utility Generation.Shoulder Load,Service,MB,Electricity,Shoulder Load,Natural Gas CC CCS,service_request,,,CIMS.CAN.MB.Electricity.Transmission,tech_multi_generic,unit,1,1,1,1,1,1,1,1,1,1,1,
CIMS.CAN.MB.Electricity.Utility Generation.Shoulder Load,Service,MB,Electricity,Shoulder Load,Biomass,technology,,,,,,,,,,,,,,,,,
CIMS.CAN.MB.Electricity.Utility Generation.Shoulder Load,Service,MB,Electricity,Shoulder Load,Biomass,available,,,,tech_data_generic,Year,2010,2010,2010,2010,2010,2010,2010,2010,2010,2010,2010,
CIMS.CAN.MB.Electricity.Utility Generation.Shoulder Load,Service,MB,Electricity,Shoulder Load,Biomass,unavailable,,,,tech_data_generic,Year,2101,2101,2101,2101,2101,2101,2101,2101,2101,2101,2101,
CIMS.CAN.MB.Electricity.Utility Generation.Shoulder Load,Service,MB,Electricity,Shoulder Load,Biomass,lifetime,,,,tech_data_generic,Years,30,30,30,30,30,30,30,30,30,30,30,
CIMS.CAN.MB.Electricity.Utility Generation.Shoulder Load,Service,MB,Electricity,Shoulder Load,Biomass,market_share_total,,,,tech_data_region,%,0,,,,,,,,,,,
CIMS.CAN.MB.Electricity.Utility Generation.Shoulder Load,Service,MB,Electricity,Shoulder Load,Biomass,output,,,,tech_data_generic,MWh,2934600,2934600,2934600,2934600,2934600,2934600,2934600,2934600,2934600,2934600,2934600,
CIMS.CAN.MB.Electricity.Utility Generation.Shoulder Load,Service,MB,Electricity,Shoulder Load,Biomass,fcc,,,,tech_data_generic,$,317228500,317228500,317228500,317228500,317228500,317228500,317228500,317228500,317228500,317228500,317228500,
CIMS.CAN.MB.Electricity.Utility Generation.Shoulder Load,Service,MB,Electricity,Shoulder Load,Biomass,fom,,,,tech_data_generic,$,8213400,8213400,8213400,8213400,8213400,8213400,8213400,8213400,8213400,8213400,8213400,
CIMS.CAN.MB.Electricity.Utility Generation.Shoulder Load,Service,MB,Electricity,Shoulder Load,Biomass,service_request,,,CIMS.Generic Fuels.VOM,tech_multi_generic,$,6.31,6.31,6.31,6.31,6.31,6.31,6.31,6.31,6.31,6.31,6.31,
CIMS.CAN.MB.Electricity.Utility Generation.Shoulder Load,Service,MB,Electricity,Shoulder Load,Biomass,service_request,,,CIMS.Generic Fuels.Solid Biomass,tech_multi_generic,GJ,14.243256,14.243256,14.243256,14.243256,14.243256,14.243256,14.243256,14.243256,14.243256,14.243256,14.243256,
CIMS.CAN.MB.Electricity.Utility Generation.Shoulder Load,Service,MB,Electricity,Shoulder Load,Biomass,service_request,,,CIMS.CAN.MB.Electricity.Transmission,tech_multi_generic,unit,1,1,1,1,1,1,1,1,1,1,1,
CIMS.CAN.MB.Electricity.Utility Generation.Shoulder Load,Service,MB,Electricity,Shoulder Load,Biomass CCS,technology,,,,,,,,,,,,,,,,,
CIMS.CAN.MB.Electricity.Utility Generation.Shoulder Load,Service,MB,Electricity,Shoulder Load,Biomass CCS,available,,,,tech_data_generic,Year,2020,2020,2020,2020,2020,2020,2020,2020,2020,2020,2020,
CIMS.CAN.MB.Electricity.Utility Generation.Shoulder Load,Service,MB,Electricity,Shoulder Load,Biomass CCS,unavailable,,,,tech_data_generic,Year,2101,2101,2101,2101,2101,2101,2101,2101,2101,2101,2101,
CIMS.CAN.MB.Electricity.Utility Generation.Shoulder Load,Service,MB,Electricity,Shoulder Load,Biomass CCS,lifetime,,,,tech_data_generic,Years,30,30,30,30,30,30,30,30,30,30,30,
CIMS.CAN.MB.Electricity.Utility Generation.Shoulder Load,Service,MB,Electricity,Shoulder Load,Biomass CCS,market_share_total,,,,tech_data_region,%,0,,,,,,,,,,,
CIMS.CAN.MB.Electricity.Utility Generation.Shoulder Load,Service,MB,Electricity,Shoulder Load,Biomass CCS,output,,,,tech_data_generic,MWh,2934600,2934600,2934600,2934600,2934600,2934600,2934600,2934600,2934600,2934600,2934600,
CIMS.CAN.MB.Electricity.Utility Generation.Shoulder Load,Service,MB,Electricity,Shoulder Load,Biomass CCS,fcc,,,,tech_data_generic,$,317228500,317228500,317228500,317228500,317228500,317228500,317228500,317228500,317228500,317228500,317228500,
CIMS.CAN.MB.Electricity.Utility Generation.Shoulder Load,Service,MB,Electricity,Shoulder Load,Biomass CCS,fom,,,,tech_data_generic,$,8213400,8213400,8213400,8213400,8213400,8213400,8213400,8213400,8213400,8213400,8213400,
CIMS.CAN.MB.Electricity.Utility Generation.Shoulder Load,Service,MB,Electricity,Shoulder Load,Biomass CCS,service_request,,,CIMS.Generic Fuels.VOM,tech_multi_generic,$,6.31,6.31,6.31,6.31,6.31,6.31,6.31,6.31,6.31,6.31,6.31,
CIMS.CAN.MB.Electricity.Utility Generation.Shoulder Load,Service,MB,Electricity,Shoulder Load,Biomass CCS,service_request,,,CIMS.Generic Fuels.Solid Biomass,tech_multi_generic,GJ,14.243256,14.243256,14.243256,14.243256,14.243256,14.243256,14.243256,14.243256,14.243256,14.243256,14.243256,
CIMS.CAN.MB.Electricity.Utility Generation.Shoulder Load,Service,MB,Electricity,Shoulder Load,Biomass CCS,service_request,,,CIMS.CAN.MB.Electricity.CCS.CCS_Biomass,tech_multi_generic,tCO2,1.19506771232877,1.19506771232877,1.19506771232877,1.19506771232877,1.19506771232877,1.19506771232877,1.19506771232877,1.19506771232877,1.19506771232877,1.19506771232877,1.19506771232877,
CIMS.CAN.MB.Electricity.Utility Generation.Shoulder Load,Service,MB,Electricity,Shoulder Load,Biomass CCS,service_request,,,CIMS.CAN.MB.Electricity.Transmission,tech_multi_generic,unit,1,1,1,1,1,1,1,1,1,1,1,
CIMS.CAN.MB.Electricity.Utility Generation.Shoulder Load,Service,MB,Electricity,Shoulder Load,Hydro Reservoir,technology,,,,,,,,,,,,,,,,,
CIMS.CAN.MB.Electricity.Utility Generation.Shoulder Load,Service,MB,Electricity,Shoulder Load,Hydro Reservoir,available,,,,tech_data_generic,Year,1950,1950,1950,1950,1950,1950,1950,1950,1950,1950,1950,
CIMS.CAN.MB.Electricity.Utility Generation.Shoulder Load,Service,MB,Electricity,Shoulder Load,Hydro Reservoir,unavailable,,,,tech_data_generic,Year,2101,2101,2101,2101,2101,2101,2101,2101,2101,2101,2101,
CIMS.CAN.MB.Electricity.Utility Generation.Shoulder Load,Service,MB,Electricity,Shoulder Load,Hydro Reservoir,lifetime,,,,tech_data_generic,Years,100,100,100,100,100,100,100,100,100,100,100,
CIMS.CAN.MB.Electricity.Utility Generation.Shoulder Load,Service,MB,Electricity,Shoulder Load,Hydro Reservoir,market_share_total,,,,tech_data_region,%,1,,,,,,,,,,,
CIMS.CAN.MB.Electricity.Utility Generation.Shoulder Load,Service,MB,Electricity,Shoulder Load,Hydro Reservoir,output,,,,tech_data_generic,MWh,104068800,104068800,104068800,104068800,104068800,104068800,104068800,104068800,104068800,104068800,104068800,
CIMS.CAN.MB.Electricity.Utility Generation.Shoulder Load,Service,MB,Electricity,Shoulder Load,Hydro Reservoir,fcc,,,,tech_data_generic,$,17618447000,17618447000,17618447000,17618447000,17618447000,17618447000,17618447000,17618447000,17618447000,17618447000,17618447000,
CIMS.CAN.MB.Electricity.Utility Generation.Shoulder Load,Service,MB,Electricity,Shoulder Load,Hydro Reservoir,capital_recovery,,,,tech_data_generic,Years,30,30,30,30,30,30,30,30,30,30,30,
CIMS.CAN.MB.Electricity.Utility Generation.Shoulder Load,Service,MB,Electricity,Shoulder Load,Hydro Reservoir,fom,,,,tech_data_generic,$,11840400,11840400,11840400,11840400,11840400,11840400,11840400,11840400,11840400,11840400,11840400,
CIMS.CAN.MB.Electricity.Utility Generation.Shoulder Load,Service,MB,Electricity,Shoulder Load,Hydro Reservoir,service_request,,,CIMS.Generic Fuels.VOM,tech_multi_generic,$,0.96,0.96,0.96,0.96,0.96,0.96,0.96,0.96,0.96,0.96,0.96,
CIMS.CAN.MB.Electricity.Utility Generation.Shoulder Load,Service,MB,Electricity,Shoulder Load,Hydro Reservoir,service_request,,,CIMS.CAN.MB.Electricity.Transmission,tech_multi_generic,unit,1,1,1,1,1,1,1,1,1,1,1,
CIMS.CAN.MB.Electricity.Utility Generation.Shoulder Load,Service,MB,Electricity,Shoulder Load,Solar PV + Battery,technology,,,,,,,,,,,,,,,,,
CIMS.CAN.MB.Electricity.Utility Generation.Shoulder Load,Service,MB,Electricity,Shoulder Load,Solar PV + Battery,available,,,,tech_data_generic,Year,2025,2025,2025,2025,2025,2025,2025,2025,2025,2025,2025,
CIMS.CAN.MB.Electricity.Utility Generation.Shoulder Load,Service,MB,Electricity,Shoulder Load,Solar PV + Battery,unavailable,,,,tech_data_generic,Year,2101,2101,2101,2101,2101,2101,2101,2101,2101,2101,2101,
CIMS.CAN.MB.Electricity.Utility Generation.Shoulder Load,Service,MB,Electricity,Shoulder Load,Solar PV + Battery,lifetime,,,,tech_data_generic,Years,30,30,30,30,30,30,30,30,30,30,30,
CIMS.CAN.MB.Electricity.Utility Generation.Shoulder Load,Service,MB,Electricity,Shoulder Load,Solar PV + Battery,market_share_total,,,,tech_data_region,%,0,,,,,,,,,,,
CIMS.CAN.MB.Electricity.Utility Generation.Shoulder Load,Service,MB,Electricity,Shoulder Load,Solar PV + Battery,output,,,,tech_data_generic,MWh,3942000,3942000,3942000,3942000,3942000,3942000,3942000,3942000,3942000,3942000,3942000,
CIMS.CAN.MB.Electricity.Utility Generation.Shoulder Load,Service,MB,Electricity,Shoulder Load,Solar PV + Battery,fcc,,,,tech_data_generic,$,538198500,538198500,538198500,538198500,538198500,538198500,538198500,538198500,538198500,538198500,538198500,
CIMS.CAN.MB.Electricity.Utility Generation.Shoulder Load,Service,MB,Electricity,Shoulder Load,Solar PV + Battery,fom,,,,tech_data_generic,$,3467646,3467646,3467646,3467646,3467646,3467646,3467646,3467646,3467646,3467646,3467646,
CIMS.CAN.MB.Electricity.Utility Generation.Shoulder Load,Service,MB,Electricity,Shoulder Load,Solar PV + Battery,service_request,,,CIMS.CAN.MB.Electricity.Storage.Battery,tech_multi_generic,MWh,0.1,0.1,0.1,0.1,0.1,0.1,0.1,0.1,0.1,0.1,0.1,
CIMS.CAN.MB.Electricity.Utility Generation.Shoulder Load,Service,MB,Electricity,Shoulder Load,Solar PV + Battery,service_request,,,CIMS.CAN.MB.Electricity.Transmission,tech_multi_generic,unit,1,1,1,1,1,1,1,1,1,1,1,
CIMS.CAN.MB.Electricity.Utility Generation.Shoulder Load,Service,MB,Electricity,Shoulder Load,Wind + Battery,technology,,,,,,,,,,,,,,,,,
CIMS.CAN.MB.Electricity.Utility Generation.Shoulder Load,Service,MB,Electricity,Shoulder Load,Wind + Battery,available,,,,tech_data_generic,Year,2025,2025,2025,2025,2025,2025,2025,2025,2025,2025,2025,
CIMS.CAN.MB.Electricity.Utility Generation.Shoulder Load,Service,MB,Electricity,Shoulder Load,Wind + Battery,unavailable,,,,tech_data_generic,Year,2101,2101,2101,2101,2101,2101,2101,2101,2101,2101,2101,
CIMS.CAN.MB.Electricity.Utility Generation.Shoulder Load,Service,MB,Electricity,Shoulder Load,Wind + Battery,lifetime,,,,tech_data_generic,Years,30,30,30,30,30,30,30,30,30,30,30,
CIMS.CAN.MB.Electricity.Utility Generation.Shoulder Load,Service,MB,Electricity,Shoulder Load,Wind + Battery,market_share_total,,,,tech_data_region,%,0,,,,,,,,,,,
CIMS.CAN.MB.Electricity.Utility Generation.Shoulder Load,Service,MB,Electricity,Shoulder Load,Wind + Battery,output,,,,tech_data_generic,MWh,3679200,3679200,3679200,3679200,3679200,3679200,3679200,3679200,3679200,3679200,3679200,
CIMS.CAN.MB.Electricity.Utility Generation.Shoulder Load,Service,MB,Electricity,Shoulder Load,Wind + Battery,fcc,,,,tech_data_generic,$,244329280,244329280,244329280,244329280,244329280,244329280,244329280,244329280,244329280,244329280,244329280,
CIMS.CAN.MB.Electricity.Utility Generation.Shoulder Load,Service,MB,Electricity,Shoulder Load,Wind + Battery,fom,,,,tech_data_generic,$,6463600,6463600,6463600,6463600,6463600,6463600,6463600,6463600,6463600,6463600,6463600,
CIMS.CAN.MB.Electricity.Utility Generation.Shoulder Load,Service,MB,Electricity,Shoulder Load,Wind + Battery,service_request,,,CIMS.CAN.MB.Electricity.Storage.Battery,tech_multi_generic,MWh,0.1,0.1,0.1,0.1,0.1,0.1,0.1,0.1,0.1,0.1,0.1,
CIMS.CAN.MB.Electricity.Utility Generation.Shoulder Load,Service,MB,Electricity,Shoulder Load,Wind + Battery,service_request,,,CIMS.CAN.MB.Electricity.Transmission,tech_multi_generic,unit,1,1,1,1,1,1,1,1,1,1,1,
CIMS.CAN.MB.Electricity.Utility Generation.Shoulder Load,Service,MB,Electricity,Shoulder Load,Wind + Seasonal,technology,,,,,,,,,,,,,,,,,
CIMS.CAN.MB.Electricity.Utility Generation.Shoulder Load,Service,MB,Electricity,Shoulder Load,Wind + Seasonal,available,,,,tech_data_generic,Year,2025,2025,2025,2025,2025,2025,2025,2025,2025,2025,2025,
CIMS.CAN.MB.Electricity.Utility Generation.Shoulder Load,Service,MB,Electricity,Shoulder Load,Wind + Seasonal,unavailable,,,,tech_data_generic,Year,2101,2101,2101,2101,2101,2101,2101,2101,2101,2101,2101,
CIMS.CAN.MB.Electricity.Utility Generation.Shoulder Load,Service,MB,Electricity,Shoulder Load,Wind + Seasonal,lifetime,,,,tech_data_generic,Years,30,30,30,30,30,30,30,30,30,30,30,
CIMS.CAN.MB.Electricity.Utility Generation.Shoulder Load,Service,MB,Electricity,Shoulder Load,Wind + Seasonal,market_share_total,,,,tech_data_region,%,0,,,,,,,,,,,
CIMS.CAN.MB.Electricity.Utility Generation.Shoulder Load,Service,MB,Electricity,Shoulder Load,Wind + Seasonal,output,,,,tech_data_generic,MWh,3679200,3679200,3679200,3679200,3679200,3679200,3679200,3679200,3679200,3679200,3679200,
CIMS.CAN.MB.Electricity.Utility Generation.Shoulder Load,Service,MB,Electricity,Shoulder Load,Wind + Seasonal,fcc,,,,tech_data_generic,$,244329280,244329280,244329280,244329280,244329280,244329280,244329280,244329280,244329280,244329280,244329280,
CIMS.CAN.MB.Electricity.Utility Generation.Shoulder Load,Service,MB,Electricity,Shoulder Load,Wind + Seasonal,fom,,,,tech_data_generic,$,6463600,6463600,6463600,6463600,6463600,6463600,6463600,6463600,6463600,6463600,6463600,
CIMS.CAN.MB.Electricity.Utility Generation.Shoulder Load,Service,MB,Electricity,Shoulder Load,Wind + Seasonal,service_request,,,CIMS.CAN.MB.Electricity.Storage.Seasonal,tech_multi_generic,MWh,0.3,0.3,0.3,0.3,0.3,0.3,0.3,0.3,0.3,0.3,0.3,
CIMS.CAN.MB.Electricity.Utility Generation.Shoulder Load,Service,MB,Electricity,Shoulder Load,Wind + Seasonal,service_request,,,CIMS.CAN.MB.Electricity.Transmission,tech_multi_generic,unit,1,1,1,1,1,1,1,1,1,1,1,
CIMS.CAN.MB.Electricity.Utility Generation.Peak Load,Service,MB,Electricity,Peak Load,,service_provide,,,,activity_data_generic,MWh,,,,,,,,,,,,
CIMS.CAN.MB.Electricity.Utility Generation.Peak Load,Service,MB,Electricity,Peak Load,,competition,Tech Compete,,,,,,,,,,,,,,,,
CIMS.CAN.MB.Electricity.Utility Generation.Peak Load,Service,MB,Electricity,Peak Load,,discount_rate_financial,,,,tech_data_generic,%,0.125,0.125,0.125,0.125,0.125,0.125,0.125,0.125,0.125,0.125,0.125,
CIMS.CAN.MB.Electricity.Utility Generation.Peak Load,Service,MB,Electricity,Peak Load,,heterogeneity,,,,tech_data_generic,,10,10,10,10,10,10,10,10,10,10,10,
CIMS.CAN.MB.Electricity.Utility Generation.Peak Load,Service,MB,Electricity,Peak Load,Fuel Oil,technology,,,,,,,,,,,,,,,,,
CIMS.CAN.MB.Electricity.Utility Generation.Peak Load,Service,MB,Electricity,Peak Load,Fuel Oil,available,,,,tech_data_generic,Year,2000,2000,2000,2000,2000,2000,2000,2000,2000,2000,2000,
CIMS.CAN.MB.Electricity.Utility Generation.Peak Load,Service,MB,Electricity,Peak Load,Fuel Oil,unavailable,,,,tech_data_generic,Year,2101,2101,2101,2101,2101,2101,2101,2101,2101,2101,2101,
CIMS.CAN.MB.Electricity.Utility Generation.Peak Load,Service,MB,Electricity,Peak Load,Fuel Oil,lifetime,,,,tech_data_generic,Years,30,30,30,30,30,30,30,30,30,30,30,
CIMS.CAN.MB.Electricity.Utility Generation.Peak Load,Service,MB,Electricity,Peak Load,Fuel Oil,market_share_total,,,,tech_data_region,%,0.003,,,,,,,,,,,
CIMS.CAN.MB.Electricity.Utility Generation.Peak Load,Service,MB,Electricity,Peak Load,Fuel Oil,output,,,,tech_data_generic,MWh,183960,183960,183960,183960,183960,183960,183960,183960,183960,183960,183960,
CIMS.CAN.MB.Electricity.Utility Generation.Peak Load,Service,MB,Electricity,Peak Load,Fuel Oil,fcc,,,,tech_data_generic,$,58474290,58474290,58474290,58474290,58474290,58474290,58474290,58474290,58474290,58474290,58474290,
CIMS.CAN.MB.Electricity.Utility Generation.Peak Load,Service,MB,Electricity,Peak Load,Fuel Oil,fom,,,,tech_data_generic,$,964782,964782,964782,964782,964782,964782,964782,964782,964782,964782,964782,
CIMS.CAN.MB.Electricity.Utility Generation.Peak Load,Service,MB,Electricity,Peak Load,Fuel Oil,service_request,,,CIMS.Generic Fuels.VOM,tech_multi_generic,$,7.44,7.44,7.44,7.44,7.44,7.44,7.44,7.44,7.44,7.44,7.44,
CIMS.CAN.MB.Electricity.Utility Generation.Peak Load,Service,MB,Electricity,Peak Load,Fuel Oil,service_request,,,CIMS.Generic Fuels.Fuel Oil,tech_multi_generic,GJ,8.7569648,8.7569648,8.7569648,8.7569648,8.7569648,8.7569648,8.7569648,8.7569648,8.7569648,8.7569648,8.7569648,
CIMS.CAN.MB.Electricity.Utility Generation.Peak Load,Service,MB,Electricity,Peak Load,Fuel Oil,service_request,,,CIMS.CAN.MB.Electricity.Transmission,tech_multi_generic,unit,1,1,1,1,1,1,1,1,1,1,1,
CIMS.CAN.MB.Electricity.Utility Generation.Peak Load,Service,MB,Electricity,Peak Load,Natural Gas SC,technology,,,,,,,,,,,,,,,,,
CIMS.CAN.MB.Electricity.Utility Generation.Peak Load,Service,MB,Electricity,Peak Load,Natural Gas SC,available,,,,tech_data_generic,Year,2000,2000,2000,2000,2000,2000,2000,2000,2000,2000,2000,
CIMS.CAN.MB.Electricity.Utility Generation.Peak Load,Service,MB,Electricity,Peak Load,Natural Gas SC,unavailable,,,,tech_data_generic,Year,2101,2101,2101,2101,2101,2101,2101,2101,2101,2101,2101,
CIMS.CAN.MB.Electricity.Utility Generation.Peak Load,Service,MB,Electricity,Peak Load,Natural Gas SC,lifetime,,,,tech_data_generic,Years,30,30,30,30,30,30,30,30,30,30,30,
CIMS.CAN.MB.Electricity.Utility Generation.Peak Load,Service,MB,Electricity,Peak Load,Natural Gas SC,market_share_total,,,,tech_data_region,%,0,,,,,,,,,,,
CIMS.CAN.MB.Electricity.Utility Generation.Peak Load,Service,MB,Electricity,Peak Load,Natural Gas SC,output,,,,tech_data_generic,MWh,919800,919800,919800,919800,919800,919800,919800,919800,919800,919800,919800,
CIMS.CAN.MB.Electricity.Utility Generation.Peak Load,Service,MB,Electricity,Peak Load,Natural Gas SC,fcc,,,,tech_data_generic,$,153198150,153198150,153198150,153198150,153198150,153198150,153198150,153198150,153198150,153198150,153198150,
CIMS.CAN.MB.Electricity.Utility Generation.Peak Load,Service,MB,Electricity,Peak Load,Natural Gas SC,fom,,,,tech_data_generic,$,2235870,2235870,2235870,2235870,2235870,2235870,2235870,2235870,2235870,2235870,2235870,
CIMS.CAN.MB.Electricity.Utility Generation.Peak Load,Service,MB,Electricity,Peak Load,Natural Gas SC,service_request,,,CIMS.Generic Fuels.VOM,tech_multi_generic,$,6.14,6.14,6.14,6.14,6.14,6.14,6.14,6.14,6.14,6.14,6.14,
CIMS.CAN.MB.Electricity.Utility Generation.Peak Load,Service,MB,Electricity,Peak Load,Natural Gas SC,service_request,,,CIMS.Generic Fuels.Natural Gas,tech_multi_generic,GJ,11.1696489920861,11.1696489920861,11.1696489920861,11.1696489920861,11.1696489920861,11.1696489920861,11.1696489920861,11.1696489920861,11.1696489920861,11.1696489920861,11.1696489920861,
CIMS.CAN.MB.Electricity.Utility Generation.Peak Load,Service,MB,Electricity,Peak Load,Natural Gas SC,service_request,,,CIMS.CAN.MB.Electricity.Transmission,tech_multi_generic,unit,1,1,1,1,1,1,1,1,1,1,1,
CIMS.CAN.MB.Electricity.Utility Generation.Peak Load,Service,MB,Electricity,Peak Load,Hydro Reservoir,technology,,,,,,,,,,,,,,,,,
CIMS.CAN.MB.Electricity.Utility Generation.Peak Load,Service,MB,Electricity,Peak Load,Hydro Reservoir,available,,,,tech_data_generic,Year,1950,1950,1950,1950,1950,1950,1950,1950,1950,1950,1950,
CIMS.CAN.MB.Electricity.Utility Generation.Peak Load,Service,MB,Electricity,Peak Load,Hydro Reservoir,unavailable,,,,tech_data_generic,Year,2101,2101,2101,2101,2101,2101,2101,2101,2101,2101,2101,
CIMS.CAN.MB.Electricity.Utility Generation.Peak Load,Service,MB,Electricity,Peak Load,Hydro Reservoir,lifetime,,,,tech_data_generic,Years,100,100,100,100,100,100,100,100,100,100,100,
CIMS.CAN.MB.Electricity.Utility Generation.Peak Load,Service,MB,Electricity,Peak Load,Hydro Reservoir,market_share_total,,,,tech_data_region,%,0.997,,,,,,,,,,,
CIMS.CAN.MB.Electricity.Utility Generation.Peak Load,Service,MB,Electricity,Peak Load,Hydro Reservoir,output,,,,tech_data_generic,MWh,104068800,104068800,104068800,104068800,104068800,104068800,104068800,104068800,104068800,104068800,104068800,
CIMS.CAN.MB.Electricity.Utility Generation.Peak Load,Service,MB,Electricity,Peak Load,Hydro Reservoir,fcc,,,,tech_data_generic,$,17618447000,17618447000,17618447000,17618447000,17618447000,17618447000,17618447000,17618447000,17618447000,17618447000,17618447000,
CIMS.CAN.MB.Electricity.Utility Generation.Peak Load,Service,MB,Electricity,Peak Load,Hydro Reservoir,capital_recovery,,,,tech_data_generic,Years,30,30,30,30,30,30,30,30,30,30,30,
CIMS.CAN.MB.Electricity.Utility Generation.Peak Load,Service,MB,Electricity,Peak Load,Hydro Reservoir,fom,,,,tech_data_generic,$,11840400,11840400,11840400,11840400,11840400,11840400,11840400,11840400,11840400,11840400,11840400,
CIMS.CAN.MB.Electricity.Utility Generation.Peak Load,Service,MB,Electricity,Peak Load,Hydro Reservoir,service_request,,,CIMS.Generic Fuels.VOM,tech_multi_generic,$,0.96,0.96,0.96,0.96,0.96,0.96,0.96,0.96,0.96,0.96,0.96,
CIMS.CAN.MB.Electricity.Utility Generation.Peak Load,Service,MB,Electricity,Peak Load,Hydro Reservoir,service_request,,,CIMS.CAN.MB.Electricity.Transmission,tech_multi_generic,unit,1,1,1,1,1,1,1,1,1,1,1,
CIMS.CAN.MB.Electricity.Utility Generation.Peak Load,Service,MB,Electricity,Peak Load,Wind + Seasonal,technology,,,,,,,,,,,,,,,,,
CIMS.CAN.MB.Electricity.Utility Generation.Peak Load,Service,MB,Electricity,Peak Load,Wind + Seasonal,available,,,,tech_data_generic,Year,2025,2025,2025,2025,2025,2025,2025,2025,2025,2025,2025,
CIMS.CAN.MB.Electricity.Utility Generation.Peak Load,Service,MB,Electricity,Peak Load,Wind + Seasonal,unavailable,,,,tech_data_generic,Year,2101,2101,2101,2101,2101,2101,2101,2101,2101,2101,2101,
CIMS.CAN.MB.Electricity.Utility Generation.Peak Load,Service,MB,Electricity,Peak Load,Wind + Seasonal,lifetime,,,,tech_data_generic,Years,30,30,30,30,30,30,30,30,30,30,30,
CIMS.CAN.MB.Electricity.Utility Generation.Peak Load,Service,MB,Electricity,Peak Load,Wind + Seasonal,market_share_total,,,,tech_data_region,%,0,,,,,,,,,,,
CIMS.CAN.MB.Electricity.Utility Generation.Peak Load,Service,MB,Electricity,Peak Load,Wind + Seasonal,output,,,,tech_data_generic,MWh,3679200,3679200,3679200,3679200,3679200,3679200,3679200,3679200,3679200,3679200,3679200,
CIMS.CAN.MB.Electricity.Utility Generation.Peak Load,Service,MB,Electricity,Peak Load,Wind + Seasonal,fcc,,,,tech_data_generic,$,244329280,244329280,244329280,244329280,244329280,244329280,244329280,244329280,244329280,244329280,244329280,
CIMS.CAN.MB.Electricity.Utility Generation.Peak Load,Service,MB,Electricity,Peak Load,Wind + Seasonal,fom,,,,tech_data_generic,$,6463600,6463600,6463600,6463600,6463600,6463600,6463600,6463600,6463600,6463600,6463600,
CIMS.CAN.MB.Electricity.Utility Generation.Peak Load,Service,MB,Electricity,Peak Load,Wind + Seasonal,service_request,,,CIMS.CAN.MB.Electricity.Storage.Seasonal,tech_multi_generic,MWh,0.3,0.3,0.3,0.3,0.3,0.3,0.3,0.3,0.3,0.3,0.3,
CIMS.CAN.MB.Electricity.Utility Generation.Peak Load,Service,MB,Electricity,Peak Load,Wind + Seasonal,service_request,,,CIMS.CAN.MB.Electricity.Transmission,tech_multi_generic,unit,1,1,1,1,1,1,1,1,1,1,1,
CIMS.CAN.MB.Electricity.Storage,Service,MB,Electricity,Storage,,service_provide,,,,activity_data_generic,MWh,,,,,,,,,,,,
CIMS.CAN.MB.Electricity.Storage,Service,MB,Electricity,Storage,,competition,Fixed Ratio,,,,,,,,,,,,,,,,
CIMS.CAN.MB.Electricity.Storage,Service,MB,Electricity,Storage,,service_request,,,CIMS.CAN.MB.Electricity.Storage.Battery,activity_data_generic,MWh,1,1,1,1,1,1,1,1,1,1,1,
CIMS.CAN.MB.Electricity.Storage,Service,MB,Electricity,Storage,,service_request,,,CIMS.CAN.MB.Electricity.Storage.Seasonal,activity_data_generic,MWh,1,1,1,1,1,1,1,1,1,1,1,
CIMS.CAN.MB.Electricity.Storage.Battery,Service,MB,Electricity,Battery,,service_provide,,,,activity_data_generic,MWh,,,,,,,,,,,,
CIMS.CAN.MB.Electricity.Storage.Battery,Service,MB,Electricity,Battery,,competition,Tech Compete,,,,,,,,,,,,,,,,
CIMS.CAN.MB.Electricity.Storage.Battery,Service,MB,Electricity,Battery,,discount_rate_financial,,,,tech_data_generic,%,0.125,0.125,0.125,0.125,0.125,0.125,0.125,0.125,0.125,0.125,0.125,
CIMS.CAN.MB.Electricity.Storage.Battery,Service,MB,Electricity,Battery,,heterogeneity,,,,tech_data_generic,,10,10,10,10,10,10,10,10,10,10,10,
CIMS.CAN.MB.Electricity.Storage.Battery,Service,MB,Electricity,Battery,Battery,technology,,,,,,,,,,,,,,,,,
CIMS.CAN.MB.Electricity.Storage.Battery,Service,MB,Electricity,Battery,Battery,available,,,,tech_data_generic,Year,2025,2025,2025,2025,2025,2025,2025,2025,2025,2025,2025,
CIMS.CAN.MB.Electricity.Storage.Battery,Service,MB,Electricity,Battery,Battery,unavailable,,,,tech_data_generic,Year,2101,2101,2101,2101,2101,2101,2101,2101,2101,2101,2101,
CIMS.CAN.MB.Electricity.Storage.Battery,Service,MB,Electricity,Battery,Battery,lifetime,,,,tech_data_generic,Years,15,15,15,15,15,15,15,15,15,15,15,
CIMS.CAN.MB.Electricity.Storage.Battery,Service,MB,Electricity,Battery,Battery,market_share_total,,,,tech_data_region,%,1,,,,,,,,,,,
CIMS.CAN.MB.Electricity.Storage.Battery,Service,MB,Electricity,Battery,Battery,output,,,,tech_data_generic,MWh,43800,43800,43800,43800,43800,43800,43800,43800,43800,43800,43800,
CIMS.CAN.MB.Electricity.Storage.Battery,Service,MB,Electricity,Battery,Battery,fcc,,,,tech_data_generic,$,109639500,109639500,109639500,109639500,109639500,109639500,109639500,109639500,109639500,109639500,109639500,
CIMS.CAN.MB.Electricity.Storage.Battery,Service,MB,Electricity,Battery,Battery,fom,,,,tech_data_generic,$,1620450,1620450,1620450,1620450,1620450,1620450,1620450,1620450,1620450,1620450,1620450,
CIMS.CAN.MB.Electricity.Storage.Battery,Service,MB,Electricity,Battery,Battery,service_request,,,CIMS.CAN.MB.Electricity,tech_multi_generic,GJ,0.63529411764706,0.63529411764706,0.63529411764706,0.63529411764706,0.63529411764706,0.63529411764706,0.63529411764706,0.63529411764706,0.63529411764706,0.63529411764706,0.63529411764706,
CIMS.CAN.MB.Electricity.Storage.Seasonal,Service,MB,Electricity,Seasonal,,service_provide,,,,activity_data_generic,MWh,,,,,,,,,,,,
CIMS.CAN.MB.Electricity.Storage.Seasonal,Service,MB,Electricity,Seasonal,,competition,Tech Compete,,,,,,,,,,,,,,,,
CIMS.CAN.MB.Electricity.Storage.Seasonal,Service,MB,Electricity,Seasonal,,discount_rate_financial,,,,tech_data_generic,%,0.125,0.125,0.125,0.125,0.125,0.125,0.125,0.125,0.125,0.125,0.125,
CIMS.CAN.MB.Electricity.Storage.Seasonal,Service,MB,Electricity,Seasonal,,heterogeneity,,,,tech_data_generic,,10,10,10,10,10,10,10,10,10,10,10,
CIMS.CAN.MB.Electricity.Storage.Seasonal,Service,MB,Electricity,Seasonal,Seasonal,technology,,,,,,,,,,,,,,,,,
CIMS.CAN.MB.Electricity.Storage.Seasonal,Service,MB,Electricity,Seasonal,Seasonal,available,,,,tech_data_generic,Year,2025,2025,2025,2025,2025,2025,2025,2025,2025,2025,2025,
CIMS.CAN.MB.Electricity.Storage.Seasonal,Service,MB,Electricity,Seasonal,Seasonal,unavailable,,,,tech_data_generic,Year,2101,2101,2101,2101,2101,2101,2101,2101,2101,2101,2101,
CIMS.CAN.MB.Electricity.Storage.Seasonal,Service,MB,Electricity,Seasonal,Seasonal,lifetime,,,,tech_data_generic,Years,70,70,70,70,70,70,70,70,70,70,70,
CIMS.CAN.MB.Electricity.Storage.Seasonal,Service,MB,Electricity,Seasonal,Seasonal,market_share_total,,,,tech_data_region,%,1,,,,,,,,,,,
CIMS.CAN.MB.Electricity.Storage.Seasonal,Service,MB,Electricity,Seasonal,Seasonal,output,,,,tech_data_generic,MWh,2628000,2628000,2628000,2628000,2628000,2628000,2628000,2628000,2628000,2628000,2628000,
CIMS.CAN.MB.Electricity.Storage.Seasonal,Service,MB,Electricity,Seasonal,Seasonal,fcc,,,,tech_data_generic,$,3208970000,3208970000,3208970000,3208970000,3208970000,3208970000,3208970000,3208970000,3208970000,3208970000,3208970000,
CIMS.CAN.MB.Electricity.Storage.Seasonal,Service,MB,Electricity,Seasonal,Seasonal,fom,,,,tech_data_generic,$,14040000,14040000,14040000,14040000,14040000,14040000,14040000,14040000,14040000,14040000,14040000,
CIMS.CAN.MB.Electricity.Storage.Seasonal,Service,MB,Electricity,Seasonal,Seasonal,service_request,,,CIMS.CAN.MB.Electricity,tech_multi_generic,GJ,0.9,0.9,0.9,0.9,0.9,0.9,0.9,0.9,0.9,0.9,0.9,
CIMS.CAN.MB.Electricity.Transmission,Service,MB,Electricity,Transmission,,service_provide,,,,activity_data_generic,unit,,,,,,,,,,,,
CIMS.CAN.MB.Electricity.Transmission,Service,MB,Electricity,Transmission,,competition,Tech Compete,,,,,,,,,,,,,,,,
CIMS.CAN.MB.Electricity.Transmission,Service,MB,Electricity,Transmission,,discount_rate_financial,,,,tech_data_generic,%,0.125,0.125,0.125,0.125,0.125,0.125,0.125,0.125,0.125,0.125,0.125,
CIMS.CAN.MB.Electricity.Transmission,Service,MB,Electricity,Transmission,,heterogeneity,,,,tech_data_generic,,10,10,10,10,10,10,10,10,10,10,10,
CIMS.CAN.MB.Electricity.Transmission,Service,MB,Electricity,Transmission,Transmission,technology,,,,,,,,,,,,,,,,,
CIMS.CAN.MB.Electricity.Transmission,Service,MB,Electricity,Transmission,Transmission,available,,,,tech_data_generic,Year,1950,1950,1950,1950,1950,1950,1950,1950,1950,1950,1950,
CIMS.CAN.MB.Electricity.Transmission,Service,MB,Electricity,Transmission,Transmission,unavailable,,,,tech_data_generic,Year,2101,2101,2101,2101,2101,2101,2101,2101,2101,2101,2101,
CIMS.CAN.MB.Electricity.Transmission,Service,MB,Electricity,Transmission,Transmission,lifetime,,,,tech_data_generic,Years,100,100,100,100,100,100,100,100,100,100,100,
CIMS.CAN.MB.Electricity.Transmission,Service,MB,Electricity,Transmission,Transmission,market_share_total,,,,tech_data_region,%,1,,,,,,,,,,,
CIMS.CAN.MB.Electricity.Transmission,Service,MB,Electricity,Transmission,Transmission,output,,,,tech_data_generic,MWh,1,1,1,1,1,1,1,1,1,1,1,
CIMS.CAN.MB.Electricity.Transmission,Service,MB,Electricity,Transmission,Transmission,fcc,,,,tech_data_generic,$,12.84,12.84,12.84,12.84,12.84,12.84,12.84,12.84,12.84,12.84,12.84,
CIMS.CAN.MB.Electricity.Transmission,Service,MB,Electricity,Transmission,Transmission,capital_recovery,,,,tech_data_generic,Years,30,30,30,30,30,30,30,30,30,30,30,
CIMS.CAN.MB.Electricity.Transmission,Service,MB,Electricity,Transmission,Transmission,fom,,,,tech_data_generic,$,1.56,1.56,1.56,1.56,1.56,1.56,1.56,1.56,1.56,1.56,1.56,
CIMS.CAN.MB.Electricity.CCS,Service,MB,Electricity,CCS,,service_provide,,,,activity_data_generic,tCO2,,,,,,,,,,,,
CIMS.CAN.MB.Electricity.CCS,Service,MB,Electricity,CCS,,competition,Fixed Ratio,,,,,,,,,,,,,,,,
CIMS.CAN.MB.Electricity.CCS,Service,MB,Electricity,CCS,,service_request,,,CIMS.CAN.MB.Electricity.CCS.CCS_Coal,activity_data_generic,tCO2,1,1,1,1,1,1,1,1,1,1,1,
CIMS.CAN.MB.Electricity.CCS,Service,MB,Electricity,CCS,,service_request,,,CIMS.CAN.MB.Electricity.CCS.CCS_Natural Gas,activity_data_generic,tCO2,1,1,1,1,1,1,1,1,1,1,1,
CIMS.CAN.MB.Electricity.CCS,Service,MB,Electricity,CCS,,service_request,,,CIMS.CAN.MB.Electricity.CCS.CCS_Biomass,activity_data_generic,tCO2,1,1,1,1,1,1,1,1,1,1,1,
CIMS.CAN.MB.Electricity.CCS.CCS_Coal,Service,MB,Electricity,CCS_Coal,,service_provide,,,,activity_data_generic,tCO2,,,,,,,,,,,,
CIMS.CAN.MB.Electricity.CCS.CCS_Coal,Service,MB,Electricity,CCS_Coal,,competition,Tech Compete,,,,,,,,,,,,,,,,
CIMS.CAN.MB.Electricity.CCS.CCS_Coal,Service,MB,Electricity,CCS_Coal,,discount_rate_financial,,,,tech_data_generic,%,0.25,0.25,0.25,0.25,0.25,0.25,0.25,0.25,0.25,0.25,0.25,
CIMS.CAN.MB.Electricity.CCS.CCS_Coal,Service,MB,Electricity,CCS_Coal,,heterogeneity,,,,tech_data_generic,,25,25,25,25,25,25,25,25,25,25,25,
CIMS.CAN.MB.Electricity.CCS.CCS_Coal,Service,MB,Electricity,CCS_Coal,CCS,technology,,,,,,,,,,,,,,,,,
CIMS.CAN.MB.Electricity.CCS.CCS_Coal,Service,MB,Electricity,CCS_Coal,CCS,available,,,,tech_data_generic,Year,2020,2020,2020,2020,2020,2020,2020,2020,2020,2020,2020,
CIMS.CAN.MB.Electricity.CCS.CCS_Coal,Service,MB,Electricity,CCS_Coal,CCS,unavailable,,,,tech_data_generic,Year,2101,2101,2101,2101,2101,2101,2101,2101,2101,2101,2101,
CIMS.CAN.MB.Electricity.CCS.CCS_Coal,Service,MB,Electricity,CCS_Coal,CCS,lifetime,,,,tech_data_generic,Years,30,30,30,30,30,30,30,30,30,30,30,
CIMS.CAN.MB.Electricity.CCS.CCS_Coal,Service,MB,Electricity,CCS_Coal,CCS,market_share_total,,,,tech_data_region,%,1,,,,,,,,,,,
CIMS.CAN.MB.Electricity.CCS.CCS_Coal,Service,MB,Electricity,CCS_Coal,CCS,output,,,,tech_data_generic,tCO2,3290250,3290250,3290250,3290250,3290250,3290250,3290250,3290250,3290250,3290250,3290250,
CIMS.CAN.MB.Electricity.CCS.CCS_Coal,Service,MB,Electricity,CCS_Coal,CCS,fcc,,,,tech_data_generic,$,1479375690.49711,1479375690.49711,1479375690.49711,1479375690.49711,1479375690.49711,1479375690.49711,1479375690.49711,1479375690.49711,1479375690.49711,1479375690.49711,1479375690.49711,
CIMS.CAN.MB.Electricity.CCS.CCS_Coal,Service,MB,Electricity,CCS_Coal,CCS,fom,,,,tech_data_generic,$,35728068.2497801,35728068.2497801,35728068.2497801,35728068.2497801,35728068.2497801,35728068.2497801,35728068.2497801,35728068.2497801,35728068.2497801,35728068.2497801,35728068.2497801,
CIMS.CAN.MB.Electricity.CCS.CCS_Coal,Service,MB,Electricity,CCS_Coal,CCS,service_request,,,CIMS.Generic Fuels.VOM,tech_multi_generic,$,11.0746012102275,11.0746012102275,11.0746012102275,11.0746012102275,11.0746012102275,11.0746012102275,11.0746012102275,11.0746012102275,11.0746012102275,11.0746012102275,11.0746012102275,
CIMS.CAN.MB.Electricity.CCS.CCS_Coal,Service,MB,Electricity,CCS_Coal,CCS,service_request,,,CIMS.Generic Fuels.Coal,tech_multi_generic,GJ,3.56204057442444,3.56204057442444,3.56204057442444,3.56204057442444,3.56204057442444,3.56204057442444,3.56204057442444,3.56204057442444,3.56204057442444,3.56204057442444,3.56204057442444,
CIMS.CAN.MB.Electricity.CCS.CCS_Coal,Service,MB,Electricity,CCS_Coal,CCS,service_request,,,CIMS.Transmission.CCS TS MB,tech_multi_generic,tCO2,1.16101779014364,1.16101779014364,1.16101779014364,1.16101779014364,1.16101779014364,1.16101779014364,1.16101779014364,1.16101779014364,1.16101779014364,1.16101779014364,1.16101779014364,
CIMS.CAN.MB.Electricity.CCS.CCS_Coal,Service,MB,Electricity,CCS_Coal,CCS,emissions_removal,CO2,Combustion,,tech_multi_generic,%,0.9,0.9,0.9,0.9,0.9,0.9,0.9,0.9,0.9,0.9,0.9,
CIMS.CAN.MB.Electricity.CCS.CCS_Coal,Service,MB,Electricity,CCS_Coal,CCS,emissions_removal,CO2,Process,,tech_multi_generic,%,0.9,0.9,0.9,0.9,0.9,0.9,0.9,0.9,0.9,0.9,0.9,
CIMS.CAN.MB.Electricity.CCS.CCS_Biomass,Service,MB,Electricity,CCS_Biomass,,service_provide,,,,activity_data_generic,tCO2,,,,,,,,,,,,
CIMS.CAN.MB.Electricity.CCS.CCS_Biomass,Service,MB,Electricity,CCS_Biomass,,competition,Tech Compete,,,,,,,,,,,,,,,,
CIMS.CAN.MB.Electricity.CCS.CCS_Biomass,Service,MB,Electricity,CCS_Biomass,,discount_rate_financial,,,,tech_data_generic,%,0.25,0.25,0.25,0.25,0.25,0.25,0.25,0.25,0.25,0.25,0.25,
CIMS.CAN.MB.Electricity.CCS.CCS_Biomass,Service,MB,Electricity,CCS_Biomass,,heterogeneity,,,,tech_data_generic,,25,25,25,25,25,25,25,25,25,25,25,
CIMS.CAN.MB.Electricity.CCS.CCS_Biomass,Service,MB,Electricity,CCS_Biomass,CCS,technology,,,,,,,,,,,,,,,,,
CIMS.CAN.MB.Electricity.CCS.CCS_Biomass,Service,MB,Electricity,CCS_Biomass,CCS,available,,,,tech_data_generic,Year,2020,2020,2020,2020,2020,2020,2020,2020,2020,2020,2020,
CIMS.CAN.MB.Electricity.CCS.CCS_Biomass,Service,MB,Electricity,CCS_Biomass,CCS,unavailable,,,,tech_data_generic,Year,2101,2101,2101,2101,2101,2101,2101,2101,2101,2101,2101,
CIMS.CAN.MB.Electricity.CCS.CCS_Biomass,Service,MB,Electricity,CCS_Biomass,CCS,lifetime,,,,tech_data_generic,Years,30,30,30,30,30,30,30,30,30,30,30,
CIMS.CAN.MB.Electricity.CCS.CCS_Biomass,Service,MB,Electricity,CCS_Biomass,CCS,market_share_total,,,,tech_data_region,%,1,,,,,,,,,,,
CIMS.CAN.MB.Electricity.CCS.CCS_Biomass,Service,MB,Electricity,CCS_Biomass,CCS,output,,,,tech_data_generic,tCO2,3290250,3290250,3290250,3290250,3290250,3290250,3290250,3290250,3290250,3290250,3290250,
CIMS.CAN.MB.Electricity.CCS.CCS_Biomass,Service,MB,Electricity,CCS_Biomass,CCS,fcc,,,,tech_data_generic,$,1479375690.49711,1479375690.49711,1479375690.49711,1479375690.49711,1479375690.49711,1479375690.49711,1479375690.49711,1479375690.49711,1479375690.49711,1479375690.49711,1479375690.49711,
CIMS.CAN.MB.Electricity.CCS.CCS_Biomass,Service,MB,Electricity,CCS_Biomass,CCS,fom,,,,tech_data_generic,$,35728068.2497801,35728068.2497801,35728068.2497801,35728068.2497801,35728068.2497801,35728068.2497801,35728068.2497801,35728068.2497801,35728068.2497801,35728068.2497801,35728068.2497801,
CIMS.CAN.MB.Electricity.CCS.CCS_Biomass,Service,MB,Electricity,CCS_Biomass,CCS,service_request,,,CIMS.Generic Fuels.VOM,tech_multi_generic,$,11.0746012102275,11.0746012102275,11.0746012102275,11.0746012102275,11.0746012102275,11.0746012102275,11.0746012102275,11.0746012102275,11.0746012102275,11.0746012102275,11.0746012102275,
CIMS.CAN.MB.Electricity.CCS.CCS_Biomass,Service,MB,Electricity,CCS_Biomass,CCS,service_request,,,CIMS.Generic Fuels.Solid Biomass,tech_multi_generic,GJ,3.56204057442444,3.56204057442444,3.56204057442444,3.56204057442444,3.56204057442444,3.56204057442444,3.56204057442444,3.56204057442444,3.56204057442444,3.56204057442444,3.56204057442444,
CIMS.CAN.MB.Electricity.CCS.CCS_Biomass,Service,MB,Electricity,CCS_Biomass,CCS,service_request,,,CIMS.Transmission.CCS TS MB,tech_multi_generic,tCO2,1.1689829085369,1.1689829085369,1.1689829085369,1.1689829085369,1.1689829085369,1.1689829085369,1.1689829085369,1.1689829085369,1.1689829085369,1.1689829085369,1.1689829085369,
CIMS.CAN.MB.Electricity.CCS.CCS_Biomass,Service,MB,Electricity,CCS_Biomass,CCS,emissions_removal,CO2,Combustion,,tech_multi_generic,%,0.9,0.9,0.9,0.9,0.9,0.9,0.9,0.9,0.9,0.9,0.9,
CIMS.CAN.MB.Electricity.CCS.CCS_Biomass,Service,MB,Electricity,CCS_Biomass,CCS,emissions_removal,CO2,Process,,tech_multi_generic,%,0.9,0.9,0.9,0.9,0.9,0.9,0.9,0.9,0.9,0.9,0.9,
CIMS.CAN.MB.Electricity.CCS.CCS_Natural Gas,Service,MB,Electricity,CCS_Natural Gas,,service_provide,,,,activity_data_generic,tCO2,,,,,,,,,,,,
CIMS.CAN.MB.Electricity.CCS.CCS_Natural Gas,Service,MB,Electricity,CCS_Natural Gas,,competition,Tech Compete,,,,,,,,,,,,,,,,
CIMS.CAN.MB.Electricity.CCS.CCS_Natural Gas,Service,MB,Electricity,CCS_Natural Gas,,discount_rate_financial,,,,tech_data_generic,%,0.25,0.25,0.25,0.25,0.25,0.25,0.25,0.25,0.25,0.25,0.25,
CIMS.CAN.MB.Electricity.CCS.CCS_Natural Gas,Service,MB,Electricity,CCS_Natural Gas,,heterogeneity,,,,tech_data_generic,,25,25,25,25,25,25,25,25,25,25,25,
CIMS.CAN.MB.Electricity.CCS.CCS_Natural Gas,Service,MB,Electricity,CCS_Natural Gas,CCS,technology,,,,,,,,,,,,,,,,,
CIMS.CAN.MB.Electricity.CCS.CCS_Natural Gas,Service,MB,Electricity,CCS_Natural Gas,CCS,available,,,,tech_data_generic,Year,2020,2020,2020,2020,2020,2020,2020,2020,2020,2020,2020,
CIMS.CAN.MB.Electricity.CCS.CCS_Natural Gas,Service,MB,Electricity,CCS_Natural Gas,CCS,unavailable,,,,tech_data_generic,Year,2101,2101,2101,2101,2101,2101,2101,2101,2101,2101,2101,
CIMS.CAN.MB.Electricity.CCS.CCS_Natural Gas,Service,MB,Electricity,CCS_Natural Gas,CCS,lifetime,,,,tech_data_generic,Years,30,30,30,30,30,30,30,30,30,30,30,
CIMS.CAN.MB.Electricity.CCS.CCS_Natural Gas,Service,MB,Electricity,CCS_Natural Gas,CCS,market_share_total,,,,tech_data_region,%,1,,,,,,,,,,,
CIMS.CAN.MB.Electricity.CCS.CCS_Natural Gas,Service,MB,Electricity,CCS_Natural Gas,CCS,output,,,,tech_data_generic,tCO2,2216703,2216703,2216703,2216703,2216703,2216703,2216703,2216703,2216703,2216703,2216703,
CIMS.CAN.MB.Electricity.CCS.CCS_Natural Gas,Service,MB,Electricity,CCS_Natural Gas,CCS,fcc,,,,tech_data_generic,$,1033595876.6348,1033595876.6348,1033595876.6348,1033595876.6348,1033595876.6348,1033595876.6348,1033595876.6348,1033595876.6348,1033595876.6348,1033595876.6348,1033595876.6348,
CIMS.CAN.MB.Electricity.CCS.CCS_Natural Gas,Service,MB,Electricity,CCS_Natural Gas,CCS,fom,,,,tech_data_generic,$,26192301.7261047,26192301.7261047,26192301.7261047,26192301.7261047,26192301.7261047,26192301.7261047,26192301.7261047,26192301.7261047,26192301.7261047,26192301.7261047,26192301.7261047,
CIMS.CAN.MB.Electricity.CCS.CCS_Natural Gas,Service,MB,Electricity,CCS_Natural Gas,CCS,service_request,,,CIMS.Generic Fuels.VOM,tech_multi_generic,$,7.88165995700115,7.88165995700115,7.88165995700115,7.88165995700115,7.88165995700115,7.88165995700115,7.88165995700115,7.88165995700115,7.88165995700115,7.88165995700115,7.88165995700115,
CIMS.CAN.MB.Electricity.CCS.CCS_Natural Gas,Service,MB,Electricity,CCS_Natural Gas,CCS,service_request,,,CIMS.Generic Fuels.Natural Gas,tech_multi_generic,GJ,2.3544373777868,2.3544373777868,2.3544373777868,2.3544373777868,2.3544373777868,2.3544373777868,2.3544373777868,2.3544373777868,2.3544373777868,2.3544373777868,2.3544373777868,
CIMS.CAN.MB.Electricity.CCS.CCS_Natural Gas,Service,MB,Electricity,CCS_Natural Gas,CCS,service_request,,,CIMS.Transmission.CCS TS MB,tech_multi_generic,tCO2,1.00376821702372,1.00376821702372,1.00376821702372,1.00376821702372,1.00376821702372,1.00376821702372,1.00376821702372,1.00376821702372,1.00376821702372,1.00376821702372,1.00376821702372,
CIMS.CAN.MB.Electricity.CCS.CCS_Natural Gas,Service,MB,Electricity,CCS_Natural Gas,CCS,emissions_removal,CO2,Combustion,,tech_multi_generic,%,0.9,0.9,0.9,0.9,0.9,0.9,0.9,0.9,0.9,0.9,0.9,
CIMS.CAN.MB.Electricity.CCS.CCS_Natural Gas,Service,MB,Electricity,CCS_Natural Gas,CCS,emissions_removal,CO2,Process,,tech_multi_generic,%,0.9,0.9,0.9,0.9,0.9,0.9,0.9,0.9,0.9,0.9,0.9,
